mmdet_id,y_true_raw,pred_raw,score_raw,dataset_class,y_true,pred_from_repo,score_fake,video_id,path,split,label,label_name,source_type,task_type,generator,generator_id,pred_label,correct
fake_00001,1,"[[-6.07070779800415, 8.976363182067871], [-6.070836544036865, 8.976715087890625], [-6.0709547996521, 8.976881980895996], [-6.070871353149414, 8.976765632629395]]","[0.9999997615814209, 0.9999997615814209, 0.9999997615814209, 0.9999997615814209]",aigvd_common1000,1,,0.9999997615814209,50KDhKUOrqI_57_294to582.mp4,F:\MEngDatasets\AIGVDBench\videos\OpenSource\I2V\EasyAnimate\videos\50KDhKUOrqI_57_294to582.mp4,test,1,fake,OpenSource,I2V,EasyAnimate,OpenSource_I2V_EasyAnimate,1,True
fake_00002,1,"[[-4.8802924156188965, 5.728368759155273], [-4.8799729347229, 5.728020191192627], [-4.880370140075684, 5.728633880615234], [-4.880897045135498, 5.729366779327393]]","[0.999975323677063, 0.999975323677063, 0.999975323677063, 0.999975323677063]",aigvd_common1000,1,,0.999975323677063,bG8EwSG8Hh4_1_0to149.mp4,F:\MEngDatasets\AIGVDBench\videos\OpenSource\T2V\EasyAnimate\videos\bG8EwSG8Hh4_1_0to149.mp4,test,1,fake,OpenSource,T2V,EasyAnimate,OpenSource_T2V_EasyAnimate,1,True
fake_00003,1,"[[-11.920884132385254, 15.885899543762207], [-11.921339988708496, 15.886412620544434], [-11.921087265014648, 15.88615894317627], [-11.920999526977539, 15.886078834533691]]","[1.0, 1.0, 1.0, 1.0]",aigvd_common1000,1,,1.0,eENFTG4UQsI_3_337to522.mp4,F:\MEngDatasets\AIGVDBench\videos\OpenSource\T2V\EasyAnimate\videos\eENFTG4UQsI_3_337to522.mp4,test,1,fake,OpenSource,T2V,EasyAnimate,OpenSource_T2V_EasyAnimate,1,True
fake_00004,1,"[[-7.57824182510376, 10.855240821838379], [-7.577949047088623, 10.854893684387207], [-7.578018665313721, 10.854901313781738]]","[1.0, 1.0, 1.0]",aigvd_common1000,1,,1.0,smJlYSVS9Ds_340_112to226.mp4,F:\MEngDatasets\AIGVDBench\videos\OpenSource\T2V\AccVideo\videos\smJlYSVS9Ds_340_112to226.mp4,test,1,fake,OpenSource,T2V,AccVideo,OpenSource_T2V_AccVideo,1,True
fake_00005,1,"[-5.326952934265137, 8.247275352478027]",0.9999986886978149,aigvd_common1000,1,,0.9999986886978149,4cvgTuAaMDM_1_0to181.mp4,F:\MEngDatasets\AIGVDBench\videos\OpenSource\T2V\AnimateDiff\home\lma\Benchmark\bench\opensource\T2V\AnimateDiff\videos\4cvgTuAaMDM_1_0to181.mp4,test,1,fake,OpenSource,T2V,AnimateDiff,OpenSource_T2V_AnimateDiff,1,True
fake_00006,1,"[-11.992551803588867, 14.616266250610352]",1.0,aigvd_common1000,1,,1.0,HlRfdCWGMzI_22_114to219.mp4,F:\MEngDatasets\AIGVDBench\videos\OpenSource\I2V\VideoCrafter\videos\HlRfdCWGMzI_22_114to219.mp4,test,1,fake,OpenSource,I2V,VideoCrafter,OpenSource_I2V_VideoCrafter,1,True
fake_00007,1,"[[-8.75514030456543, 11.814168930053711], [-8.754754066467285, 11.813769340515137], [-8.753739356994629, 11.812676429748535], [-8.75423526763916, 11.813190460205078]]","[1.0, 1.0, 1.0, 1.0]",aigvd_common1000,1,,1.0,nhskgJQ5XMU_202_0to114.mp4,F:\MEngDatasets\AIGVDBench\videos\OpenSource\I2V\EasyAnimate\videos\nhskgJQ5XMU_202_0to114.mp4,test,1,fake,OpenSource,I2V,EasyAnimate,OpenSource_I2V_EasyAnimate,1,True
fake_00008,1,"[[-17.13837432861328, 25.09817886352539], [-17.138486862182617, 25.09850311279297], [-17.138381958007812, 25.098234176635742], [-17.137643814086914, 25.0968017578125], [-17.137998580932617, 25.097545623779297], [-17.137805938720703, 25.09723472595215], [-17.13801383972168, 25.097599029541016], [-17.137908935546875, 25.097515106201172]]","[1.0, 1.0, 1.0, 1.0, 1.0, 1.0, 1.0, 1.0]",aigvd_common1000,1,,1.0,W5R52mgaBgk_13_85to215.mp4,F:\MEngDatasets\AIGVDBench\videos\OpenSource\T2V\Pyramid-Flow\videos\W5R52mgaBgk_13_85to215.mp4,test,1,fake,OpenSource,T2V,Pyramid-Flow,OpenSource_T2V_Pyramid-Flow,1,True
fake_00009,1,"[[-15.937233924865723, 20.37995719909668], [-15.937329292297363, 20.379899978637695], [-15.937280654907227, 20.37990379333496], [-15.937677383422852, 20.38096809387207], [-15.937902450561523, 20.38146209716797], [-15.937837600708008, 20.381122589111328], [-15.937933921813965, 20.3809871673584], [-15.93791675567627, 20.380823135375977], [-15.938189506530762, 20.381919860839844]]","[1.0, 1.0, 1.0, 1.0, 1.0, 1.0, 1.0, 1.0, 1.0]",aigvd_common1000,1,,1.0,0BPQnk47p6M_2_55to191.mp4,F:\MEngDatasets\AIGVDBench\videos\OpenSource\T2V\LTX\videos\0BPQnk47p6M_2_55to191.mp4,test,1,fake,OpenSource,T2V,LTX,OpenSource_T2V_LTX,1,True
fake_00010,1,"[-20.802478790283203, 26.4592342376709]",1.0,aigvd_common1000,1,,1.0,0BPQnk47p6M_2_55to191.mp4,F:\MEngDatasets\AIGVDBench\videos\OpenSource\I2V\VideoCrafter\videos\0BPQnk47p6M_2_55to191.mp4,test,1,fake,OpenSource,I2V,VideoCrafter,OpenSource_I2V_VideoCrafter,1,True
fake_00011,1,"[[-2.5117437839508057, 2.9232847690582275], [-2.5117790699005127, 2.9233434200286865], [-2.5120108127593994, 2.9236996173858643], [-2.512253522872925, 2.924041748046875]]","[0.9956578016281128, 0.995658278465271, 0.9956607222557068, 0.9956633448600769]",aigvd_common1000,1,,0.995658278465271,QRYsvqSzYuE_43_455to1014.mp4,F:\MEngDatasets\AIGVDBench\videos\OpenSource\V2V\Cogvideox1.5\videos\QRYsvqSzYuE_43_455to1014.mp4,test,1,fake,OpenSource,V2V,Cogvideox1.5,OpenSource_V2V_Cogvideox1.5,1,True
fake_00012,1,"[[-10.323274612426758, 14.569855690002441], [-10.323674201965332, 14.570450782775879], [-10.323927879333496, 14.57088851928711], [-10.323824882507324, 14.570724487304688], [-10.32419204711914, 14.571269989013672], [-10.324064254760742, 14.571024894714355], [-10.324440956115723, 14.571535110473633], [-10.32436752319336, 14.571449279785156]]","[1.0, 1.0, 1.0, 1.0, 1.0, 1.0, 1.0, 1.0]",aigvd_common1000,1,,1.0,nhskgJQ5XMU_202_0to114.mp4,F:\MEngDatasets\AIGVDBench\videos\OpenSource\T2V\Wan2.1\videos\nhskgJQ5XMU_202_0to114.mp4,test,1,fake,OpenSource,T2V,Wan2.1,OpenSource_T2V_Wan2.1,1,True
fake_00013,1,"[[-4.253798007965088, 4.932440757751465], [-4.253709316253662, 4.932336807250977], [-4.2535529136657715, 4.932140827178955], [-4.2535552978515625, 4.932153701782227]]","[0.9998975992202759, 0.9998975992202759, 0.9998974800109863, 0.9998974800109863]",aigvd_common1000,1,,0.9998975992202759,jet4_Hc5j8I_13_0to109.mp4,F:\MEngDatasets\AIGVDBench\videos\OpenSource\T2V\RepVideo\videos\jet4_Hc5j8I_13_0to109.mp4,test,1,fake,OpenSource,T2V,RepVideo,OpenSource_T2V_RepVideo,1,True
fake_00014,1,"[[-12.371697425842285, 19.81678581237793], [-12.372143745422363, 19.81768226623535], [-12.371789932250977, 19.816816329956055], [-12.371766090393066, 19.81675910949707]]","[1.0, 1.0, 1.0, 1.0]",aigvd_common1000,1,,1.0,7TCW9wOxAWk_48_0to214.mp4,F:\MEngDatasets\AIGVDBench\videos\OpenSource\T2V\RepVideo\videos\7TCW9wOxAWk_48_0to214.mp4,test,1,fake,OpenSource,T2V,RepVideo,OpenSource_T2V_RepVideo,1,True
fake_00015,1,"[[-21.116907119750977, 28.53147315979004], [-21.117176055908203, 28.531803131103516], [-21.1158390045166, 28.529386520385742]]","[1.0, 1.0, 1.0]",aigvd_common1000,1,,1.0,0BPQnk47p6M_2_55to191.mp4,F:\MEngDatasets\AIGVDBench\videos\OpenSource\T2V\HunyuanVideo\videos\0BPQnk47p6M_2_55to191.mp4,test,1,fake,OpenSource,T2V,HunyuanVideo,OpenSource_T2V_HunyuanVideo,1,True
fake_00016,1,"[[-7.804140567779541, 10.066883087158203], [-7.804080009460449, 10.066767692565918], [-7.804401874542236, 10.067401885986328], [-7.804210662841797, 10.067052841186523]]","[1.0, 1.0, 1.0, 1.0]",aigvd_common1000,1,,1.0,jet4_Hc5j8I_13_0to109.mp4,F:\MEngDatasets\AIGVDBench\videos\OpenSource\I2V\LTX\videos\jet4_Hc5j8I_13_0to109.mp4,test,1,fake,OpenSource,I2V,LTX,OpenSource_I2V_LTX,1,True
fake_00017,1,"[[-11.011490821838379, 13.87993049621582], [-11.01280689239502, 13.881965637207031], [-11.013108253479004, 13.88265609741211], [-11.013063430786133, 13.88258171081543]]","[1.0, 1.0, 1.0, 1.0]",aigvd_common1000,1,,1.0,o82SKvbybvY_14_104to700.mp4,F:\MEngDatasets\AIGVDBench\videos\OpenSource\I2V\LTX\videos\o82SKvbybvY_14_104to700.mp4,test,1,fake,OpenSource,I2V,LTX,OpenSource_I2V_LTX,1,True
fake_00018,1,"[[-14.891728401184082, 20.37718391418457], [-14.891850471496582, 20.377342224121094], [-14.892151832580566, 20.377927780151367], [-14.89247989654541, 20.37880516052246]]","[1.0, 1.0, 1.0, 1.0]",aigvd_common1000,1,,1.0,0BPQnk47p6M_2_55to191.mp4,F:\MEngDatasets\AIGVDBench\videos\OpenSource\V2V\LTX\videos\0BPQnk47p6M_2_55to191.mp4,test,1,fake,OpenSource,V2V,LTX,OpenSource_V2V_LTX,1,True
fake_00019,1,"[-14.489391326904297, 19.839399337768555]",1.0,aigvd_common1000,1,,1.0,o82SKvbybvY_14_104to700.mp4,F:\MEngDatasets\AIGVDBench\videos\OpenSource\T2V\VideoCrafter\videos\o82SKvbybvY_14_104to700.mp4,test,1,fake,OpenSource,T2V,VideoCrafter,OpenSource_T2V_VideoCrafter,1,True
fake_00020,1,"[[-13.15506362915039, 17.410625457763672], [-13.155592918395996, 17.411630630493164], [-13.155835151672363, 17.412107467651367], [-13.155769348144531, 17.41191291809082], [-13.156137466430664, 17.41258430480957], [-13.156061172485352, 17.412458419799805], [-13.15591049194336, 17.412275314331055], [-13.155773162841797, 17.4118709564209]]","[1.0, 1.0, 1.0, 1.0, 1.0, 1.0, 1.0, 1.0]",aigvd_common1000,1,,1.0,EHRI1gr4zik_3_323to481.mp4,F:\MEngDatasets\AIGVDBench\videos\OpenSource\T2V\Wan2.1\videos\EHRI1gr4zik_3_323to481.mp4,test,1,fake,OpenSource,T2V,Wan2.1,OpenSource_T2V_Wan2.1,1,True
fake_00021,1,"[-16.797941207885742, 20.793214797973633]",1.0,aigvd_common1000,1,,1.0,50KDhKUOrqI_57_294to582.mp4,F:\MEngDatasets\AIGVDBench\videos\OpenSource\I2V\SVD\videos\50KDhKUOrqI_57_294to582.mp4,test,1,fake,OpenSource,I2V,SVD,OpenSource_I2V_SVD,1,True
fake_00022,1,"[-14.411800384521484, 18.3120059967041]",1.0,aigvd_common1000,1,,1.0,bG8EwSG8Hh4_1_0to149.mp4,F:\MEngDatasets\AIGVDBench\videos\OpenSource\T2V\AnimateDiff\home\lma\Benchmark\bench\opensource\T2V\AnimateDiff\videos\bG8EwSG8Hh4_1_0to149.mp4,test,1,fake,OpenSource,T2V,AnimateDiff,OpenSource_T2V_AnimateDiff,1,True
fake_00023,1,"[-11.529511451721191, 16.11911964416504]",1.0,aigvd_common1000,1,,1.0,W5R52mgaBgk_13_85to215.mp4,F:\MEngDatasets\AIGVDBench\videos\OpenSource\I2V\SEINE\videos\W5R52mgaBgk_13_85to215.mp4,test,1,fake,OpenSource,I2V,SEINE,OpenSource_I2V_SEINE,1,True
fake_00024,1,"[-1.145463466644287, 1.729379415512085]",0.9465887546539307,aigvd_common1000,1,,0.9465887546539307,HlRfdCWGMzI_22_114to219.mp4,F:\MEngDatasets\AIGVDBench\videos\OpenSource\T2V\VideoCrafter\videos\HlRfdCWGMzI_22_114to219.mp4,test,1,fake,OpenSource,T2V,VideoCrafter,OpenSource_T2V_VideoCrafter,1,True
fake_00025,1,"[[-6.427877902984619, 7.646851539611816], [-6.427650451660156, 7.646520614624023], [-6.42776346206665, 7.646677494049072], [-6.42747688293457, 7.646299362182617]]","[0.9999992847442627, 0.9999992847442627, 0.9999992847442627, 0.9999992847442627]",aigvd_common1000,1,,0.9999992847442627,jet4_Hc5j8I_13_0to109.mp4,F:\MEngDatasets\AIGVDBench\videos\OpenSource\V2V\Cogvideox1.5\videos\jet4_Hc5j8I_13_0to109.mp4,test,1,fake,OpenSource,V2V,Cogvideox1.5,OpenSource_V2V_Cogvideox1.5,1,True
fake_00026,1,"[-13.824761390686035, 21.524124145507812]",1.0,aigvd_common1000,1,,1.0,jet4_Hc5j8I_13_0to109.mp4,F:\MEngDatasets\AIGVDBench\videos\OpenSource\T2V\VideoCrafter\videos\jet4_Hc5j8I_13_0to109.mp4,test,1,fake,OpenSource,T2V,VideoCrafter,OpenSource_T2V_VideoCrafter,1,True
fake_00027,1,"[-8.991029739379883, 11.357291221618652]",1.0,aigvd_common1000,1,,1.0,HlRfdCWGMzI_22_114to219.mp4,F:\MEngDatasets\AIGVDBench\videos\OpenSource\I2V\SVD\videos\HlRfdCWGMzI_22_114to219.mp4,test,1,fake,OpenSource,I2V,SVD,OpenSource_I2V_SVD,1,True
fake_00028,1,"[[-16.703096389770508, 20.250072479248047], [-16.70306968688965, 20.250059127807617], [-16.703107833862305, 20.250171661376953]]","[1.0, 1.0, 1.0]",aigvd_common1000,1,,1.0,bG8EwSG8Hh4_1_0to149.mp4,F:\MEngDatasets\AIGVDBench\videos\OpenSource\T2V\Open-Sora\videos\bG8EwSG8Hh4_1_0to149.mp4,test,1,fake,OpenSource,T2V,Open-Sora,OpenSource_T2V_Open-Sora,1,True
fake_00029,1,"[[-10.578027725219727, 16.318458557128906], [-10.577988624572754, 16.31853675842285], [-10.5773344039917, 16.317493438720703], [-10.577486991882324, 16.317956924438477], [-10.57785415649414, 16.31858253479004], [-10.577374458312988, 16.317832946777344], [-10.57734203338623, 16.317800521850586], [-10.577372550964355, 16.31784439086914]]","[1.0, 1.0, 1.0, 1.0, 1.0, 1.0, 1.0, 1.0]",aigvd_common1000,1,,1.0,02M4tj70Ju0_20_0to116.mp4,F:\MEngDatasets\AIGVDBench\videos\OpenSource\I2V\Pyramid-Flow\videos\02M4tj70Ju0_20_0to116.mp4,test,1,fake,OpenSource,I2V,Pyramid-Flow,OpenSource_I2V_Pyramid-Flow,1,True
fake_00030,1,"[[-18.894752502441406, 24.05097007751465], [-18.89488983154297, 24.051185607910156], [-18.894634246826172, 24.05083656311035], [-18.89466094970703, 24.05085563659668]]","[1.0, 1.0, 1.0, 1.0]",aigvd_common1000,1,,1.0,Vh2cObLYHJ8_13_0to496.mp4,F:\MEngDatasets\AIGVDBench\videos\OpenSource\T2V\RepVideo\videos\Vh2cObLYHJ8_13_0to496.mp4,test,1,fake,OpenSource,T2V,RepVideo,OpenSource_T2V_RepVideo,1,True
fake_00031,1,"[-17.207271575927734, 24.546113967895508]",1.0,aigvd_common1000,1,,1.0,4cvgTuAaMDM_1_0to181.mp4,F:\MEngDatasets\AIGVDBench\videos\OpenSource\I2V\SEINE\videos\4cvgTuAaMDM_1_0to181.mp4,test,1,fake,OpenSource,I2V,SEINE,OpenSource_I2V_SEINE,1,True
fake_00032,1,"[-18.74875831604004, 25.303739547729492]",1.0,aigvd_common1000,1,,1.0,90u26k64J9A_14_0to144.mp4,F:\MEngDatasets\AIGVDBench\videos\OpenSource\I2V\SVD\videos\90u26k64J9A_14_0to144.mp4,test,1,fake,OpenSource,I2V,SVD,OpenSource_I2V_SVD,1,True
fake_00033,1,"[[-13.677713394165039, 18.91022491455078], [-13.677900314331055, 18.91050910949707], [-13.678009033203125, 18.91077995300293], [-13.677724838256836, 18.910276412963867], [-13.677756309509277, 18.910478591918945], [-13.677886009216309, 18.910720825195312], [-13.678000450134277, 18.91082191467285], [-13.678385734558105, 18.911357879638672], [-13.67859172821045, 18.911640167236328]]","[1.0, 1.0, 1.0, 1.0, 1.0, 1.0, 1.0, 1.0, 1.0]",aigvd_common1000,1,,1.0,02M4tj70Ju0_20_0to116.mp4,F:\MEngDatasets\AIGVDBench\videos\OpenSource\T2V\LTX\videos\02M4tj70Ju0_20_0to116.mp4,test,1,fake,OpenSource,T2V,LTX,OpenSource_T2V_LTX,1,True
fake_00034,1,"[[-17.779499053955078, 25.580810546875], [-17.779380798339844, 25.58061981201172], [-17.779399871826172, 25.580659866333008], [-17.77936553955078, 25.580291748046875]]","[1.0, 1.0, 1.0, 1.0]",aigvd_common1000,1,,1.0,90u26k64J9A_14_0to144.mp4,F:\MEngDatasets\AIGVDBench\videos\OpenSource\I2V\LTX\videos\90u26k64J9A_14_0to144.mp4,test,1,fake,OpenSource,I2V,LTX,OpenSource_I2V_LTX,1,True
fake_00035,1,"[-20.83628273010254, 29.30152130126953]",1.0,aigvd_common1000,1,,1.0,Vh2cObLYHJ8_13_0to496.mp4,F:\MEngDatasets\AIGVDBench\videos\OpenSource\I2V\SVD\videos\Vh2cObLYHJ8_13_0to496.mp4,test,1,fake,OpenSource,I2V,SVD,OpenSource_I2V_SVD,1,True
fake_00036,1,"[-5.718011379241943, 8.151562690734863]",0.9999990463256836,aigvd_common1000,1,,0.9999990463256836,90u26k64J9A_14_0to144.mp4,F:\MEngDatasets\AIGVDBench\videos\OpenSource\T2V\AnimateDiff\home\lma\Benchmark\bench\opensource\T2V\AnimateDiff\videos\90u26k64J9A_14_0to144.mp4,test,1,fake,OpenSource,T2V,AnimateDiff,OpenSource_T2V_AnimateDiff,1,True
fake_00037,1,"[[-13.049901008605957, 17.98018455505371], [-13.050085067749023, 17.980438232421875], [-13.050076484680176, 17.980436325073242]]","[1.0, 1.0, 1.0]",aigvd_common1000,1,,1.0,bG8EwSG8Hh4_1_0to149.mp4,F:\MEngDatasets\AIGVDBench\videos\OpenSource\T2V\AccVideo\videos\bG8EwSG8Hh4_1_0to149.mp4,test,1,fake,OpenSource,T2V,AccVideo,OpenSource_T2V_AccVideo,1,True
fake_00038,1,"[[-14.253796577453613, 19.291643142700195], [-14.25373363494873, 19.291603088378906], [-14.25378704071045, 19.29170799255371], [-14.253725051879883, 19.291593551635742], [-14.2536039352417, 19.2914981842041], [-14.253560066223145, 19.29141616821289], [-14.253372192382812, 19.290916442871094], [-14.252081871032715, 19.288610458374023]]","[1.0, 1.0, 1.0, 1.0, 1.0, 1.0, 1.0, 1.0]",aigvd_common1000,1,,1.0,gcgj6G8r-IQ_28_24to180.mp4,F:\MEngDatasets\AIGVDBench\videos\OpenSource\T2V\Pyramid-Flow\videos\gcgj6G8r-IQ_28_24to180.mp4,test,1,fake,OpenSource,T2V,Pyramid-Flow,OpenSource_T2V_Pyramid-Flow,1,True
fake_00039,1,"[[-8.073128700256348, 13.598123550415039], [-8.072510719299316, 13.59700870513916], [-8.072320938110352, 13.596667289733887], [-8.073150634765625, 13.59826946258545]]","[1.0, 1.0, 1.0, 1.0]",aigvd_common1000,1,,1.0,xPcAfdYCj5k_136_0to424.mp4,F:\MEngDatasets\AIGVDBench\videos\OpenSource\I2V\LTX\videos\xPcAfdYCj5k_136_0to424.mp4,test,1,fake,OpenSource,I2V,LTX,OpenSource_I2V_LTX,1,True
fake_00040,1,"[-20.94686508178711, 29.513513565063477]",1.0,aigvd_common1000,1,,1.0,eENFTG4UQsI_3_337to522.mp4,F:\MEngDatasets\AIGVDBench\videos\OpenSource\I2V\SEINE\videos\eENFTG4UQsI_3_337to522.mp4,test,1,fake,OpenSource,I2V,SEINE,OpenSource_I2V_SEINE,1,True
fake_00041,1,"[[-12.468238830566406, 14.417108535766602], [-12.468217849731445, 14.417047500610352], [-12.468510627746582, 14.417500495910645], [-12.468745231628418, 14.417859077453613]]","[1.0, 1.0, 1.0, 1.0]",aigvd_common1000,1,,1.0,gcgj6G8r-IQ_28_24to180.mp4,F:\MEngDatasets\AIGVDBench\videos\OpenSource\T2V\EasyAnimate\videos\gcgj6G8r-IQ_28_24to180.mp4,test,1,fake,OpenSource,T2V,EasyAnimate,OpenSource_T2V_EasyAnimate,1,True
fake_00042,1,"[[-14.341951370239258, 19.118946075439453], [-14.34213924407959, 19.119173049926758], [-14.341826438903809, 19.1187801361084]]","[1.0, 1.0, 1.0]",aigvd_common1000,1,,1.0,o82SKvbybvY_14_104to700.mp4,F:\MEngDatasets\AIGVDBench\videos\OpenSource\T2V\AccVideo\videos\o82SKvbybvY_14_104to700.mp4,test,1,fake,OpenSource,T2V,AccVideo,OpenSource_T2V_AccVideo,1,True
fake_00043,1,"[-13.546974182128906, 18.33462142944336]",1.0,aigvd_common1000,1,,1.0,y3vyO-025CI_3_0to339.mp4,F:\MEngDatasets\AIGVDBench\videos\OpenSource\I2V\SEINE\videos\y3vyO-025CI_3_0to339.mp4,test,1,fake,OpenSource,I2V,SEINE,OpenSource_I2V_SEINE,1,True
fake_00044,1,"[-2.947803497314453, 3.701852321624756]",0.9987071752548218,aigvd_common1000,1,,0.9987071752548218,Vh2cObLYHJ8_13_0to496.mp4,F:\MEngDatasets\AIGVDBench\videos\OpenSource\T2V\AnimateDiff\home\lma\Benchmark\bench\opensource\T2V\AnimateDiff\videos\Vh2cObLYHJ8_13_0to496.mp4,test,1,fake,OpenSource,T2V,AnimateDiff,OpenSource_T2V_AnimateDiff,1,True
fake_00045,1,"[[-3.6364123821258545, 4.193670749664307], [-3.6362838745117188, 4.193470001220703], [-3.6366586685180664, 4.194053649902344], [-3.6367509365081787, 4.194154262542725]]","[0.9996026158332825, 0.9996024966239929, 0.9996028542518616, 0.9996028542518616]",aigvd_common1000,1,,0.9996024966239929,QRYsvqSzYuE_43_455to1014.mp4,F:\MEngDatasets\AIGVDBench\videos\OpenSource\I2V\LTX\videos\QRYsvqSzYuE_43_455to1014.mp4,test,1,fake,OpenSource,I2V,LTX,OpenSource_I2V_LTX,1,True
fake_00046,1,"[[-2.7711167335510254, 2.735724925994873], [-2.771463632583618, 2.7360684871673584], [-2.771489381790161, 2.736095905303955], [-2.771577835083008, 2.7361838817596436]]","[0.9959574341773987, 0.9959602952003479, 0.995960533618927, 0.9959612488746643]",aigvd_common1000,1,,0.9959602952003479,QRYsvqSzYuE_43_455to1014.mp4,F:\MEngDatasets\AIGVDBench\videos\OpenSource\V2V\LTX\videos\QRYsvqSzYuE_43_455to1014.mp4,test,1,fake,OpenSource,V2V,LTX,OpenSource_V2V_LTX,1,True
fake_00047,1,"[[-18.57658576965332, 23.50019073486328], [-18.575523376464844, 23.49870491027832], [-18.575468063354492, 23.498653411865234]]","[1.0, 1.0, 1.0]",aigvd_common1000,1,,1.0,y3vyO-025CI_3_0to339.mp4,F:\MEngDatasets\AIGVDBench\videos\OpenSource\T2V\Cogvideox1.5\videos\y3vyO-025CI_3_0to339.mp4,test,1,fake,OpenSource,T2V,Cogvideox1.5,OpenSource_T2V_Cogvideox1.5,1,True
fake_00048,1,"[[-11.3589448928833, 14.40831470489502], [-11.359134674072266, 14.408617973327637], [-11.359112739562988, 14.40860652923584]]","[1.0, 1.0, 1.0]",aigvd_common1000,1,,1.0,4cvgTuAaMDM_1_0to181.mp4,F:\MEngDatasets\AIGVDBench\videos\OpenSource\T2V\HunyuanVideo\videos\4cvgTuAaMDM_1_0to181.mp4,test,1,fake,OpenSource,T2V,HunyuanVideo,OpenSource_T2V_HunyuanVideo,1,True
fake_00049,1,"[[-14.007493019104004, 18.738040924072266], [-14.00728702545166, 18.73764991760254], [-14.007265090942383, 18.737476348876953], [-14.007063865661621, 18.73706817626953]]","[1.0, 1.0, 1.0, 1.0]",aigvd_common1000,1,,1.0,EHRI1gr4zik_3_323to481.mp4,F:\MEngDatasets\AIGVDBench\videos\OpenSource\I2V\EasyAnimate\videos\EHRI1gr4zik_3_323to481.mp4,test,1,fake,OpenSource,I2V,EasyAnimate,OpenSource_I2V_EasyAnimate,1,True
fake_00050,1,"[[-3.9444570541381836, 5.581008434295654], [-3.9451560974121094, 5.582035064697266], [-3.9455721378326416, 5.582881927490234], [-3.9455907344818115, 5.582901477813721]]","[0.9999270439147949, 0.9999271631240845, 0.999927282333374, 0.999927282333374]",aigvd_common1000,1,,0.9999271631240845,bG8EwSG8Hh4_1_0to149.mp4,F:\MEngDatasets\AIGVDBench\videos\OpenSource\T2V\IPOC\videos\bG8EwSG8Hh4_1_0to149.mp4,test,1,fake,OpenSource,T2V,IPOC,OpenSource_T2V_IPOC,1,True
fake_00051,1,"[[-13.962474822998047, 19.723188400268555], [-13.962150573730469, 19.722545623779297], [-13.962040901184082, 19.722301483154297], [-13.961846351623535, 19.72198486328125]]","[1.0, 1.0, 1.0, 1.0]",aigvd_common1000,1,,1.0,y3vyO-025CI_3_0to339.mp4,F:\MEngDatasets\AIGVDBench\videos\OpenSource\T2V\HunyuanVideo\videos\y3vyO-025CI_3_0to339.mp4,test,1,fake,OpenSource,T2V,HunyuanVideo,OpenSource_T2V_HunyuanVideo,1,True
fake_00052,1,"[[-12.021636009216309, 13.885988235473633], [-12.021629333496094, 13.885981559753418], [-12.021646499633789, 13.886049270629883]]","[1.0, 1.0, 1.0]",aigvd_common1000,1,,1.0,HlRfdCWGMzI_22_114to219.mp4,F:\MEngDatasets\AIGVDBench\videos\OpenSource\T2V\Open-Sora\videos\HlRfdCWGMzI_22_114to219.mp4,test,1,fake,OpenSource,T2V,Open-Sora,OpenSource_T2V_Open-Sora,1,True
fake_00053,1,"[[-9.805861473083496, 13.07610034942627], [-9.806309700012207, 13.077146530151367], [-9.806139945983887, 13.076858520507812]]","[1.0, 1.0, 1.0]",aigvd_common1000,1,,1.0,gcgj6G8r-IQ_28_24to180.mp4,F:\MEngDatasets\AIGVDBench\videos\OpenSource\T2V\Cogvideox1.5\videos\gcgj6G8r-IQ_28_24to180.mp4,test,1,fake,OpenSource,T2V,Cogvideox1.5,OpenSource_T2V_Cogvideox1.5,1,True
fake_00054,1,"[[-15.096781730651855, 18.557207107543945], [-15.096199989318848, 18.556215286254883], [-15.098052978515625, 18.559534072875977], [-15.096735954284668, 18.557104110717773], [-15.097190856933594, 18.557966232299805], [-15.097257614135742, 18.557857513427734], [-15.09620189666748, 18.55600357055664], [-15.097825050354004, 18.55891990661621]]","[1.0, 1.0, 1.0, 1.0, 1.0, 1.0, 1.0, 1.0]",aigvd_common1000,1,,1.0,0BPQnk47p6M_2_55to191.mp4,F:\MEngDatasets\AIGVDBench\videos\OpenSource\T2V\Wan2.1\videos\0BPQnk47p6M_2_55to191.mp4,test,1,fake,OpenSource,T2V,Wan2.1,OpenSource_T2V_Wan2.1,1,True
fake_00055,1,"[-4.278413772583008, 6.277894973754883]",0.9999740123748779,aigvd_common1000,1,,0.9999740123748779,smJlYSVS9Ds_340_112to226.mp4,F:\MEngDatasets\AIGVDBench\videos\OpenSource\I2V\VideoCrafter\videos\smJlYSVS9Ds_340_112to226.mp4,test,1,fake,OpenSource,I2V,VideoCrafter,OpenSource_I2V_VideoCrafter,1,True
fake_00056,1,"[-14.329581260681152, 19.065160751342773]",1.0,aigvd_common1000,1,,1.0,vUVwNN47Uv0_7_1227to1461.mp4,F:\MEngDatasets\AIGVDBench\videos\OpenSource\I2V\VideoCrafter\videos\vUVwNN47Uv0_7_1227to1461.mp4,test,1,fake,OpenSource,I2V,VideoCrafter,OpenSource_I2V_VideoCrafter,1,True
fake_00057,1,"[[-16.143470764160156, 20.710508346557617], [-16.143953323364258, 20.711299896240234], [-16.1439266204834, 20.71126365661621], [-16.143835067749023, 20.711111068725586], [-16.14353370666504, 20.71076774597168], [-16.14333724975586, 20.71051597595215], [-16.14328384399414, 20.710430145263672], [-16.143274307250977, 20.71040153503418]]","[1.0, 1.0, 1.0, 1.0, 1.0, 1.0, 1.0, 1.0]",aigvd_common1000,1,,1.0,Vh2cObLYHJ8_13_0to496.mp4,F:\MEngDatasets\AIGVDBench\videos\OpenSource\I2V\Pyramid-Flow\videos\Vh2cObLYHJ8_13_0to496.mp4,test,1,fake,OpenSource,I2V,Pyramid-Flow,OpenSource_I2V_Pyramid-Flow,1,True
fake_00058,1,"[[-6.33925199508667, 9.368097305297852], [-6.339378833770752, 9.368281364440918], [-6.339535713195801, 9.368501663208008], [-6.339588642120361, 9.36860466003418]]","[0.9999998807907104, 0.9999998807907104, 0.9999998807907104, 0.9999998807907104]",aigvd_common1000,1,,0.9999998807907104,W5R52mgaBgk_13_85to215.mp4,F:\MEngDatasets\AIGVDBench\videos\OpenSource\V2V\Cogvideox1.5\videos\W5R52mgaBgk_13_85to215.mp4,test,1,fake,OpenSource,V2V,Cogvideox1.5,OpenSource_V2V_Cogvideox1.5,1,True
fake_00059,1,"[-18.529800415039062, 26.715869903564453]",1.0,aigvd_common1000,1,,1.0,90u26k64J9A_14_0to144.mp4,F:\MEngDatasets\AIGVDBench\videos\OpenSource\T2V\VideoCrafter\videos\90u26k64J9A_14_0to144.mp4,test,1,fake,OpenSource,T2V,VideoCrafter,OpenSource_T2V_VideoCrafter,1,True
fake_00060,1,"[[-16.388568878173828, 24.277503967285156], [-16.38850975036621, 24.27733039855957], [-16.388404846191406, 24.27713966369629], [-16.388397216796875, 24.277088165283203]]","[1.0, 1.0, 1.0, 1.0]",aigvd_common1000,1,,1.0,4cvgTuAaMDM_1_0to181.mp4,F:\MEngDatasets\AIGVDBench\videos\OpenSource\I2V\LTX\videos\4cvgTuAaMDM_1_0to181.mp4,test,1,fake,OpenSource,I2V,LTX,OpenSource_I2V_LTX,1,True
fake_00061,1,"[[-5.8587493896484375, 7.337203502655029], [-5.858380317687988, 7.336540699005127], [-5.858757972717285, 7.337056636810303], [-5.859157562255859, 7.337449073791504], [-5.85979700088501, 7.338505744934082], [-5.859176158905029, 7.3376288414001465], [-5.859255790710449, 7.337708473205566], [-5.859152793884277, 7.337614059448242], [-5.859334468841553, 7.337865829467773]]","[0.9999980926513672, 0.9999980926513672, 0.9999980926513672, 0.9999980926513672, 0.9999980926513672, 0.9999980926513672, 0.9999980926513672, 0.9999980926513672, 0.9999980926513672]",aigvd_common1000,1,,0.9999980926513672,QRYsvqSzYuE_43_455to1014.mp4,F:\MEngDatasets\AIGVDBench\videos\OpenSource\T2V\LTX\videos\QRYsvqSzYuE_43_455to1014.mp4,test,1,fake,OpenSource,T2V,LTX,OpenSource_T2V_LTX,1,True
fake_00062,1,"[[-4.9978837966918945, 7.073832035064697], [-4.997992515563965, 7.0740861892700195], [-4.99822473526001, 7.07450008392334], [-4.997640609741211, 7.0735979080200195]]","[0.9999942779541016, 0.9999942779541016, 0.9999942779541016, 0.9999942779541016]",aigvd_common1000,1,,0.9999942779541016,smJlYSVS9Ds_340_112to226.mp4,F:\MEngDatasets\AIGVDBench\videos\OpenSource\V2V\LTX\videos\smJlYSVS9Ds_340_112to226.mp4,test,1,fake,OpenSource,V2V,LTX,OpenSource_V2V_LTX,1,True
fake_00063,1,"[[-15.920821189880371, 22.315126419067383], [-15.920954704284668, 22.315547943115234], [-15.921468734741211, 22.316638946533203], [-15.921274185180664, 22.316286087036133], [-15.920987129211426, 22.315683364868164], [-15.921378135681152, 22.316431045532227], [-15.922306060791016, 22.318044662475586], [-15.924220085144043, 22.32122230529785], [-15.924834251403809, 22.322277069091797]]","[1.0, 1.0, 1.0, 1.0, 1.0, 1.0, 1.0, 1.0, 1.0]",aigvd_common1000,1,,1.0,gcgj6G8r-IQ_28_24to180.mp4,F:\MEngDatasets\AIGVDBench\videos\OpenSource\T2V\LTX\videos\gcgj6G8r-IQ_28_24to180.mp4,test,1,fake,OpenSource,T2V,LTX,OpenSource_T2V_LTX,1,True
fake_00064,1,"[[-14.166999816894531, 20.545591354370117], [-14.16700267791748, 20.545576095581055], [-14.16727352142334, 20.546218872070312], [-14.167130470275879, 20.545995712280273]]","[1.0, 1.0, 1.0, 1.0]",aigvd_common1000,1,,1.0,4cvgTuAaMDM_1_0to181.mp4,F:\MEngDatasets\AIGVDBench\videos\OpenSource\V2V\LTX\videos\4cvgTuAaMDM_1_0to181.mp4,test,1,fake,OpenSource,V2V,LTX,OpenSource_V2V_LTX,1,True
fake_00065,1,"[[-19.990398406982422, 27.788253784179688], [-19.989643096923828, 27.786836624145508], [-19.990310668945312, 27.788301467895508], [-19.99005126953125, 27.787832260131836]]","[1.0, 1.0, 1.0, 1.0]",aigvd_common1000,1,,1.0,W5R52mgaBgk_13_85to215.mp4,F:\MEngDatasets\AIGVDBench\videos\OpenSource\I2V\LTX\videos\W5R52mgaBgk_13_85to215.mp4,test,1,fake,OpenSource,I2V,LTX,OpenSource_I2V_LTX,1,True
fake_00066,1,"[[-11.42380428314209, 18.129507064819336], [-11.423808097839355, 18.12950897216797], [-11.423871040344238, 18.129627227783203], [-11.423892974853516, 18.129669189453125]]","[1.0, 1.0, 1.0, 1.0]",aigvd_common1000,1,,1.0,90u26k64J9A_14_0to144.mp4,F:\MEngDatasets\AIGVDBench\videos\OpenSource\T2V\RepVideo\videos\90u26k64J9A_14_0to144.mp4,test,1,fake,OpenSource,T2V,RepVideo,OpenSource_T2V_RepVideo,1,True
fake_00067,1,"[[-10.326348304748535, 16.539854049682617], [-10.325252532958984, 16.53813934326172], [-10.325857162475586, 16.53899574279785]]","[1.0, 1.0, 1.0]",aigvd_common1000,1,,1.0,nhskgJQ5XMU_202_0to114.mp4,F:\MEngDatasets\AIGVDBench\videos\OpenSource\T2V\Cogvideox1.5\videos\nhskgJQ5XMU_202_0to114.mp4,test,1,fake,OpenSource,T2V,Cogvideox1.5,OpenSource_T2V_Cogvideox1.5,1,True
fake_00068,1,"[[-15.881093978881836, 24.64687728881836], [-15.881397247314453, 24.6474666595459], [-15.881502151489258, 24.64754295349121], [-15.881953239440918, 24.648359298706055], [-15.882064819335938, 24.648569107055664], [-15.881632804870605, 24.647958755493164], [-15.881887435913086, 24.648366928100586], [-15.88198184967041, 24.64848518371582]]","[1.0, 1.0, 1.0, 1.0, 1.0, 1.0, 1.0, 1.0]",aigvd_common1000,1,,1.0,W5R52mgaBgk_13_85to215.mp4,F:\MEngDatasets\AIGVDBench\videos\OpenSource\I2V\Pyramid-Flow\videos\W5R52mgaBgk_13_85to215.mp4,test,1,fake,OpenSource,I2V,Pyramid-Flow,OpenSource_I2V_Pyramid-Flow,1,True
fake_00069,1,"[-15.290526390075684, 19.236122131347656]",1.0,aigvd_common1000,1,,1.0,7TCW9wOxAWk_48_0to214.mp4,F:\MEngDatasets\AIGVDBench\videos\OpenSource\I2V\SEINE\videos\7TCW9wOxAWk_48_0to214.mp4,test,1,fake,OpenSource,I2V,SEINE,OpenSource_I2V_SEINE,1,True
fake_00070,1,"[[-18.11760139465332, 24.676311492919922], [-18.117393493652344, 24.676105499267578], [-18.117599487304688, 24.676427841186523], [-18.11754035949707, 24.676206588745117], [-18.1173095703125, 24.675819396972656], [-18.11747932434082, 24.67607307434082], [-18.11752700805664, 24.67612648010254], [-18.11766815185547, 24.676414489746094]]","[1.0, 1.0, 1.0, 1.0, 1.0, 1.0, 1.0, 1.0]",aigvd_common1000,1,,1.0,90u26k64J9A_14_0to144.mp4,F:\MEngDatasets\AIGVDBench\videos\OpenSource\T2V\Pyramid-Flow\videos\90u26k64J9A_14_0to144.mp4,test,1,fake,OpenSource,T2V,Pyramid-Flow,OpenSource_T2V_Pyramid-Flow,1,True
fake_00071,1,"[[-11.372471809387207, 16.374591827392578], [-11.372647285461426, 16.37497329711914], [-11.373275756835938, 16.37607765197754], [-11.373662948608398, 16.37661361694336], [-11.373767852783203, 16.376802444458008], [-11.373805046081543, 16.376873016357422], [-11.373688697814941, 16.376632690429688], [-11.37354850769043, 16.376358032226562], [-11.373523712158203, 16.376293182373047]]","[1.0, 1.0, 1.0, 1.0, 1.0, 1.0, 1.0, 1.0, 1.0]",aigvd_common1000,1,,1.0,NWYRv_MKaA8_10_24to132.mp4,F:\MEngDatasets\AIGVDBench\videos\OpenSource\T2V\LTX\videos\NWYRv_MKaA8_10_24to132.mp4,test,1,fake,OpenSource,T2V,LTX,OpenSource_T2V_LTX,1,True
fake_00072,1,"[-5.405888557434082, 6.877598285675049]",0.9999953508377075,aigvd_common1000,1,,0.9999953508377075,jet4_Hc5j8I_13_0to109.mp4,F:\MEngDatasets\AIGVDBench\videos\OpenSource\I2V\SEINE\videos\jet4_Hc5j8I_13_0to109.mp4,test,1,fake,OpenSource,I2V,SEINE,OpenSource_I2V_SEINE,1,True
fake_00073,1,"[[-14.460890769958496, 17.521142959594727], [-14.460928916931152, 17.521211624145508], [-14.460987091064453, 17.52131462097168]]","[1.0, 1.0, 1.0]",aigvd_common1000,1,,1.0,jet4_Hc5j8I_13_0to109.mp4,F:\MEngDatasets\AIGVDBench\videos\OpenSource\T2V\Open-Sora\videos\jet4_Hc5j8I_13_0to109.mp4,test,1,fake,OpenSource,T2V,Open-Sora,OpenSource_T2V_Open-Sora,1,True
fake_00074,1,"[[-11.710604667663574, 18.35658073425293], [-11.70981502532959, 18.355083465576172], [-11.70915412902832, 18.35417366027832], [-11.708979606628418, 18.353973388671875]]","[1.0, 1.0, 1.0, 1.0]",aigvd_common1000,1,,1.0,02M4tj70Ju0_20_0to116.mp4,F:\MEngDatasets\AIGVDBench\videos\OpenSource\V2V\LTX\videos\02M4tj70Ju0_20_0to116.mp4,test,1,fake,OpenSource,V2V,LTX,OpenSource_V2V_LTX,1,True
fake_00075,1,"[[-9.959856033325195, 14.544395446777344], [-9.960017204284668, 14.544574737548828], [-9.959883689880371, 14.544325828552246], [-9.96005630493164, 14.544676780700684]]","[1.0, 1.0, 1.0, 1.0]",aigvd_common1000,1,,1.0,Vh2cObLYHJ8_13_0to496.mp4,F:\MEngDatasets\AIGVDBench\videos\OpenSource\I2V\LTX\videos\Vh2cObLYHJ8_13_0to496.mp4,test,1,fake,OpenSource,I2V,LTX,OpenSource_I2V_LTX,1,True
fake_00076,1,"[[-6.9799723625183105, 10.257645606994629], [-6.97995662689209, 10.257657051086426], [-6.979985237121582, 10.257697105407715]]","[1.0, 1.0, 1.0]",aigvd_common1000,1,,1.0,50KDhKUOrqI_57_294to582.mp4,F:\MEngDatasets\AIGVDBench\videos\OpenSource\T2V\Cogvideox1.5\videos\50KDhKUOrqI_57_294to582.mp4,test,1,fake,OpenSource,T2V,Cogvideox1.5,OpenSource_T2V_Cogvideox1.5,1,True
fake_00077,1,"[[-7.546898365020752, 11.334169387817383], [-7.546195983886719, 11.333003044128418], [-7.5474162101745605, 11.334630966186523], [-7.547093868255615, 11.33421802520752]]","[1.0, 1.0, 1.0, 1.0]",aigvd_common1000,1,,1.0,xPcAfdYCj5k_136_0to424.mp4,F:\MEngDatasets\AIGVDBench\videos\OpenSource\T2V\RepVideo\videos\xPcAfdYCj5k_136_0to424.mp4,test,1,fake,OpenSource,T2V,RepVideo,OpenSource_T2V_RepVideo,1,True
fake_00078,1,"[-21.106929779052734, 28.71122932434082]",1.0,aigvd_common1000,1,,1.0,y3vyO-025CI_3_0to339.mp4,F:\MEngDatasets\AIGVDBench\videos\OpenSource\T2V\VideoCrafter\videos\y3vyO-025CI_3_0to339.mp4,test,1,fake,OpenSource,T2V,VideoCrafter,OpenSource_T2V_VideoCrafter,1,True
fake_00079,1,"[[-9.557859420776367, 11.799395561218262], [-9.55782413482666, 11.799334526062012], [-9.557838439941406, 11.799251556396484], [-9.558060646057129, 11.79952335357666], [-9.557890892028809, 11.798999786376953], [-9.55754280090332, 11.798447608947754], [-9.557665824890137, 11.798735618591309], [-9.558273315429688, 11.799945831298828], [-9.558432579040527, 11.800344467163086]]","[1.0, 1.0, 1.0, 1.0, 1.0, 1.0, 1.0, 1.0, 1.0]",aigvd_common1000,1,,1.0,smJlYSVS9Ds_340_112to226.mp4,F:\MEngDatasets\AIGVDBench\videos\OpenSource\T2V\LTX\videos\smJlYSVS9Ds_340_112to226.mp4,test,1,fake,OpenSource,T2V,LTX,OpenSource_T2V_LTX,1,True
fake_00080,1,"[[-13.20350170135498, 17.248014450073242], [-13.203533172607422, 17.24788475036621], [-13.203499794006348, 17.247785568237305], [-13.203418731689453, 17.247642517089844], [-13.2040433883667, 17.24917221069336], [-13.203910827636719, 17.248674392700195], [-13.203971862792969, 17.24907875061035], [-13.20409870147705, 17.249385833740234], [-13.204354286193848, 17.250038146972656]]","[1.0, 1.0, 1.0, 1.0, 1.0, 1.0, 1.0, 1.0, 1.0]",aigvd_common1000,1,,1.0,EHRI1gr4zik_3_323to481.mp4,F:\MEngDatasets\AIGVDBench\videos\OpenSource\T2V\LTX\videos\EHRI1gr4zik_3_323to481.mp4,test,1,fake,OpenSource,T2V,LTX,OpenSource_T2V_LTX,1,True
fake_00081,1,"[-15.247952461242676, 21.901220321655273]",1.0,aigvd_common1000,1,,1.0,xPcAfdYCj5k_136_0to424.mp4,F:\MEngDatasets\AIGVDBench\videos\OpenSource\I2V\VideoCrafter\videos\xPcAfdYCj5k_136_0to424.mp4,test,1,fake,OpenSource,I2V,VideoCrafter,OpenSource_I2V_VideoCrafter,1,True
fake_00082,1,"[[-13.132787704467773, 17.44410514831543], [-13.13316535949707, 17.444686889648438], [-13.133484840393066, 17.44510841369629], [-13.134191513061523, 17.446136474609375]]","[1.0, 1.0, 1.0, 1.0]",aigvd_common1000,1,,1.0,o82SKvbybvY_14_104to700.mp4,F:\MEngDatasets\AIGVDBench\videos\OpenSource\V2V\LTX\videos\o82SKvbybvY_14_104to700.mp4,test,1,fake,OpenSource,V2V,LTX,OpenSource_V2V_LTX,1,True
fake_00083,1,"[[-11.486886978149414, 15.830080032348633], [-11.487829208374023, 15.831856727600098], [-11.488890647888184, 15.833569526672363], [-11.488678932189941, 15.833233833312988], [-11.48917007446289, 15.834012985229492], [-11.488961219787598, 15.833855628967285], [-11.487808227539062, 15.83200740814209], [-11.487881660461426, 15.832172393798828]]","[1.0, 1.0, 1.0, 1.0, 1.0, 1.0, 1.0, 1.0]",aigvd_common1000,1,,1.0,gcgj6G8r-IQ_28_24to180.mp4,F:\MEngDatasets\AIGVDBench\videos\OpenSource\T2V\Wan2.1\videos\gcgj6G8r-IQ_28_24to180.mp4,test,1,fake,OpenSource,T2V,Wan2.1,OpenSource_T2V_Wan2.1,1,True
fake_00084,1,"[-12.665005683898926, 16.894515991210938]",1.0,aigvd_common1000,1,,1.0,EHRI1gr4zik_3_323to481.mp4,F:\MEngDatasets\AIGVDBench\videos\OpenSource\T2V\AnimateDiff\home\lma\Benchmark\bench\opensource\T2V\AnimateDiff\videos\EHRI1gr4zik_3_323to481.mp4,test,1,fake,OpenSource,T2V,AnimateDiff,OpenSource_T2V_AnimateDiff,1,True
fake_00085,1,"[[-11.583706855773926, 16.708925247192383], [-11.58386516571045, 16.70916748046875], [-11.58405876159668, 16.709461212158203], [-11.584070205688477, 16.709457397460938]]","[1.0, 1.0, 1.0, 1.0]",aigvd_common1000,1,,1.0,W5R52mgaBgk_13_85to215.mp4,F:\MEngDatasets\AIGVDBench\videos\OpenSource\T2V\RepVideo\videos\W5R52mgaBgk_13_85to215.mp4,test,1,fake,OpenSource,T2V,RepVideo,OpenSource_T2V_RepVideo,1,True
fake_00086,1,"[-10.547622680664062, 16.099550247192383]",1.0,aigvd_common1000,1,,1.0,02M4tj70Ju0_20_0to116.mp4,F:\MEngDatasets\AIGVDBench\videos\OpenSource\I2V\SEINE\videos\02M4tj70Ju0_20_0to116.mp4,test,1,fake,OpenSource,I2V,SEINE,OpenSource_I2V_SEINE,1,True
fake_00087,1,"[[-9.579456329345703, 14.890013694763184], [-9.579414367675781, 14.889914512634277], [-9.578958511352539, 14.889188766479492]]","[1.0, 1.0, 1.0]",aigvd_common1000,1,,1.0,90u26k64J9A_14_0to144.mp4,F:\MEngDatasets\AIGVDBench\videos\OpenSource\T2V\HunyuanVideo\videos\90u26k64J9A_14_0to144.mp4,test,1,fake,OpenSource,T2V,HunyuanVideo,OpenSource_T2V_HunyuanVideo,1,True
fake_00088,1,"[-18.04387664794922, 22.19301414489746]",1.0,aigvd_common1000,1,,1.0,jet4_Hc5j8I_13_0to109.mp4,F:\MEngDatasets\AIGVDBench\videos\OpenSource\I2V\VideoCrafter\videos\jet4_Hc5j8I_13_0to109.mp4,test,1,fake,OpenSource,I2V,VideoCrafter,OpenSource_I2V_VideoCrafter,1,True
fake_00089,1,"[[-18.247703552246094, 25.957712173461914], [-18.247703552246094, 25.957809448242188], [-18.247516632080078, 25.95748519897461]]","[1.0, 1.0, 1.0]",aigvd_common1000,1,,1.0,NWYRv_MKaA8_10_24to132.mp4,F:\MEngDatasets\AIGVDBench\videos\OpenSource\T2V\AccVideo\videos\NWYRv_MKaA8_10_24to132.mp4,test,1,fake,OpenSource,T2V,AccVideo,OpenSource_T2V_AccVideo,1,True
fake_00090,1,"[[-18.455463409423828, 26.29378318786621], [-18.455032348632812, 26.293067932128906], [-18.454980850219727, 26.292882919311523], [-18.454862594604492, 26.292753219604492], [-18.455259323120117, 26.29350471496582], [-18.455129623413086, 26.29330825805664], [-18.45425033569336, 26.291706085205078], [-18.4543514251709, 26.291894912719727]]","[1.0, 1.0, 1.0, 1.0, 1.0, 1.0, 1.0, 1.0]",aigvd_common1000,1,,1.0,eENFTG4UQsI_3_337to522.mp4,F:\MEngDatasets\AIGVDBench\videos\OpenSource\T2V\Pyramid-Flow\videos\eENFTG4UQsI_3_337to522.mp4,test,1,fake,OpenSource,T2V,Pyramid-Flow,OpenSource_T2V_Pyramid-Flow,1,True
fake_00091,1,"[[-4.23000955581665, 6.183259963989258], [-4.230071067810059, 6.183352947235107], [-4.230121612548828, 6.183396816253662]]","[0.9999699592590332, 0.9999699592590332, 0.9999699592590332]",aigvd_common1000,1,,0.9999699592590332,xPcAfdYCj5k_136_0to424.mp4,F:\MEngDatasets\AIGVDBench\videos\OpenSource\T2V\AccVideo\videos\xPcAfdYCj5k_136_0to424.mp4,test,1,fake,OpenSource,T2V,AccVideo,OpenSource_T2V_AccVideo,1,True
fake_00092,1,"[-8.871146202087402, 12.06003189086914]",1.0,aigvd_common1000,1,,1.0,y3vyO-025CI_3_0to339.mp4,F:\MEngDatasets\AIGVDBench\videos\OpenSource\T2V\AnimateDiff\home\lma\Benchmark\bench\opensource\T2V\AnimateDiff\videos\y3vyO-025CI_3_0to339.mp4,test,1,fake,OpenSource,T2V,AnimateDiff,OpenSource_T2V_AnimateDiff,1,True
fake_00093,1,"[[-12.100221633911133, 17.0250244140625], [-12.100178718566895, 17.024999618530273], [-12.10014533996582, 17.024866104125977], [-12.100043296813965, 17.024791717529297]]","[1.0, 1.0, 1.0, 1.0]",aigvd_common1000,1,,1.0,y3vyO-025CI_3_0to339.mp4,F:\MEngDatasets\AIGVDBench\videos\OpenSource\V2V\LTX\videos\y3vyO-025CI_3_0to339.mp4,test,1,fake,OpenSource,V2V,LTX,OpenSource_V2V_LTX,1,True
fake_00094,1,"[[-7.644721984863281, 9.30157470703125], [-7.644692897796631, 9.301525115966797], [-7.644513130187988, 9.301215171813965], [-7.644341945648193, 9.300919532775879], [-7.644377708435059, 9.300984382629395], [-7.6443657875061035, 9.300973892211914], [-7.644359111785889, 9.3009672164917], [-7.644327640533447, 9.30091667175293], [-7.644260406494141, 9.300786972045898]]","[1.0, 1.0, 1.0, 1.0, 1.0, 1.0, 1.0, 1.0, 1.0]",aigvd_common1000,1,,1.0,o82SKvbybvY_14_104to700.mp4,F:\MEngDatasets\AIGVDBench\videos\OpenSource\T2V\LTX\videos\o82SKvbybvY_14_104to700.mp4,test,1,fake,OpenSource,T2V,LTX,OpenSource_T2V_LTX,1,True
fake_00095,1,"[-2.616093873977661, 3.258063316345215]",0.9971966743469238,aigvd_common1000,1,,0.9971966743469238,o82SKvbybvY_14_104to700.mp4,F:\MEngDatasets\AIGVDBench\videos\OpenSource\T2V\AnimateDiff\home\lma\Benchmark\bench\opensource\T2V\AnimateDiff\videos\o82SKvbybvY_14_104to700.mp4,test,1,fake,OpenSource,T2V,AnimateDiff,OpenSource_T2V_AnimateDiff,1,True
fake_00096,1,"[[-11.680885314941406, 16.616941452026367], [-11.681166648864746, 16.61745262145996], [-11.681257247924805, 16.617549896240234]]","[1.0, 1.0, 1.0]",aigvd_common1000,1,,1.0,02M4tj70Ju0_20_0to116.mp4,F:\MEngDatasets\AIGVDBench\videos\OpenSource\T2V\AccVideo\videos\02M4tj70Ju0_20_0to116.mp4,test,1,fake,OpenSource,T2V,AccVideo,OpenSource_T2V_AccVideo,1,True
fake_00097,1,"[[-9.036650657653809, 11.393288612365723], [-9.036498069763184, 11.393073081970215], [-9.036256790161133, 11.3927583694458], [-9.036165237426758, 11.392621040344238]]","[1.0, 1.0, 1.0, 1.0]",aigvd_common1000,1,,1.0,HlRfdCWGMzI_22_114to219.mp4,F:\MEngDatasets\AIGVDBench\videos\OpenSource\I2V\LTX\videos\HlRfdCWGMzI_22_114to219.mp4,test,1,fake,OpenSource,I2V,LTX,OpenSource_I2V_LTX,1,True
fake_00098,1,"[[-11.903443336486816, 17.99073600769043], [-11.903136253356934, 17.990257263183594], [-11.903020858764648, 17.990068435668945]]","[1.0, 1.0, 1.0]",aigvd_common1000,1,,1.0,02M4tj70Ju0_20_0to116.mp4,F:\MEngDatasets\AIGVDBench\videos\OpenSource\T2V\Open-Sora\videos\02M4tj70Ju0_20_0to116.mp4,test,1,fake,OpenSource,T2V,Open-Sora,OpenSource_T2V_Open-Sora,1,True
fake_00099,1,"[[-5.532522678375244, 7.4673871994018555], [-5.53238582611084, 7.467142105102539], [-5.532334804534912, 7.467092514038086], [-5.5330281257629395, 7.467990875244141], [-5.533478260040283, 7.468555450439453], [-5.533607006072998, 7.468746185302734], [-5.533481121063232, 7.468544960021973], [-5.533440113067627, 7.468477249145508]]","[0.9999977350234985, 0.9999977350234985, 0.9999977350234985, 0.9999977350234985, 0.9999977350234985, 0.9999977350234985, 0.9999977350234985, 0.9999977350234985]",aigvd_common1000,1,,0.9999977350234985,90u26k64J9A_14_0to144.mp4,F:\MEngDatasets\AIGVDBench\videos\OpenSource\T2V\Wan2.1\videos\90u26k64J9A_14_0to144.mp4,test,1,fake,OpenSource,T2V,Wan2.1,OpenSource_T2V_Wan2.1,1,True
fake_00100,1,"[[1.5157480239868164, -0.5841031074523926], [1.5163815021514893, -0.5847569108009338], [1.5162692070007324, -0.5846404433250427], [1.5158915519714355, -0.5842401385307312]]","[0.10911129415035248, 0.10898622870445251, 0.10900843143463135, 0.10908400267362595]",aigvd_common1000,1,,0.10898622870445251,jet4_Hc5j8I_13_0to109.mp4,F:\MEngDatasets\AIGVDBench\videos\OpenSource\T2V\EasyAnimate\videos\jet4_Hc5j8I_13_0to109.mp4,test,1,fake,OpenSource,T2V,EasyAnimate,OpenSource_T2V_EasyAnimate,0,False
fake_00101,1,"[[-13.485116958618164, 16.77016258239746], [-13.484816551208496, 16.76947021484375], [-13.485031127929688, 16.76992416381836], [-13.485001564025879, 16.769914627075195], [-13.485076904296875, 16.770118713378906], [-13.484966278076172, 16.769914627075195], [-13.48486042022705, 16.769746780395508], [-13.484729766845703, 16.7694091796875]]","[1.0, 1.0, 1.0, 1.0, 1.0, 1.0, 1.0, 1.0]",aigvd_common1000,1,,1.0,QRYsvqSzYuE_43_455to1014.mp4,F:\MEngDatasets\AIGVDBench\videos\OpenSource\T2V\Wan2.1\videos\QRYsvqSzYuE_43_455to1014.mp4,test,1,fake,OpenSource,T2V,Wan2.1,OpenSource_T2V_Wan2.1,1,True
fake_00102,1,"[[-17.49024772644043, 24.333810806274414], [-17.490337371826172, 24.333953857421875], [-17.490341186523438, 24.333980560302734]]","[1.0, 1.0, 1.0]",aigvd_common1000,1,,1.0,Vh2cObLYHJ8_13_0to496.mp4,F:\MEngDatasets\AIGVDBench\videos\OpenSource\T2V\Open-Sora\videos\Vh2cObLYHJ8_13_0to496.mp4,test,1,fake,OpenSource,T2V,Open-Sora,OpenSource_T2V_Open-Sora,1,True
fake_00103,1,"[[-14.683332443237305, 18.547054290771484], [-14.683238983154297, 18.54692268371582], [-14.683228492736816, 18.546934127807617]]","[1.0, 1.0, 1.0]",aigvd_common1000,1,,1.0,jty7y2KedUE_23_0to259.mp4,F:\MEngDatasets\AIGVDBench\videos\OpenSource\T2V\AccVideo\videos\jty7y2KedUE_23_0to259.mp4,test,1,fake,OpenSource,T2V,AccVideo,OpenSource_T2V_AccVideo,1,True
fake_00104,1,"[-15.072514533996582, 20.401660919189453]",1.0,aigvd_common1000,1,,1.0,nhskgJQ5XMU_202_0to114.mp4,F:\MEngDatasets\AIGVDBench\videos\OpenSource\I2V\SVD\videos\nhskgJQ5XMU_202_0to114.mp4,test,1,fake,OpenSource,I2V,SVD,OpenSource_I2V_SVD,1,True
fake_00105,1,"[[-8.37130069732666, 10.948932647705078], [-8.37137508392334, 10.949236869812012], [-8.37120532989502, 10.949089050292969], [-8.371305465698242, 10.949263572692871]]","[1.0, 1.0, 1.0, 1.0]",aigvd_common1000,1,,1.0,smJlYSVS9Ds_340_112to226.mp4,F:\MEngDatasets\AIGVDBench\videos\OpenSource\I2V\LTX\videos\smJlYSVS9Ds_340_112to226.mp4,test,1,fake,OpenSource,I2V,LTX,OpenSource_I2V_LTX,1,True
fake_00106,1,"[-7.900266647338867, 11.30927848815918]",1.0,aigvd_common1000,1,,1.0,02M4tj70Ju0_20_0to116.mp4,F:\MEngDatasets\AIGVDBench\videos\OpenSource\T2V\AnimateDiff\home\lma\Benchmark\bench\opensource\T2V\AnimateDiff\videos\02M4tj70Ju0_20_0to116.mp4,test,1,fake,OpenSource,T2V,AnimateDiff,OpenSource_T2V_AnimateDiff,1,True
fake_00107,1,"[[0.35931962728500366, -0.63689786195755], [0.3592352867126465, -0.6368073225021362], [0.35951101779937744, -0.6371095776557922], [0.3597801923751831, -0.6374067068099976], [0.3595348596572876, -0.6371459364891052], [0.3598160743713379, -0.6374561190605164], [0.35967445373535156, -0.6372919678688049], [0.35962361097335815, -0.6372292637825012]]","[0.2696857452392578, 0.2697202265262604, 0.2696063816547394, 0.2694948613643646, 0.2695945203304291, 0.26947808265686035, 0.2695383131504059, 0.26956063508987427]",aigvd_common1000,1,,0.2697202265262604,r03AuoH00eM_5_399to542.mp4,F:\MEngDatasets\AIGVDBench\videos\OpenSource\I2V\Pyramid-Flow\videos\r03AuoH00eM_5_399to542.mp4,test,1,fake,OpenSource,I2V,Pyramid-Flow,OpenSource_I2V_Pyramid-Flow,0,False
fake_00108,1,"[[-15.655515670776367, 21.393449783325195], [-15.655030250549316, 21.392810821533203], [-15.65498161315918, 21.39273452758789]]","[1.0, 1.0, 1.0]",aigvd_common1000,1,,1.0,0BPQnk47p6M_2_55to191.mp4,F:\MEngDatasets\AIGVDBench\videos\OpenSource\T2V\Open-Sora\videos\0BPQnk47p6M_2_55to191.mp4,test,1,fake,OpenSource,T2V,Open-Sora,OpenSource_T2V_Open-Sora,1,True
fake_00109,1,"[-9.06760311126709, 12.125078201293945]",1.0,aigvd_common1000,1,,1.0,50KDhKUOrqI_57_294to582.mp4,F:\MEngDatasets\AIGVDBench\videos\OpenSource\I2V\SEINE\videos\50KDhKUOrqI_57_294to582.mp4,test,1,fake,OpenSource,I2V,SEINE,OpenSource_I2V_SEINE,1,True
fake_00110,1,"[-13.58365535736084, 18.45075035095215]",1.0,aigvd_common1000,1,,1.0,xPcAfdYCj5k_136_0to424.mp4,F:\MEngDatasets\AIGVDBench\videos\OpenSource\T2V\VideoCrafter\videos\xPcAfdYCj5k_136_0to424.mp4,test,1,fake,OpenSource,T2V,VideoCrafter,OpenSource_T2V_VideoCrafter,1,True
fake_00111,1,"[[-15.864419937133789, 22.219335556030273], [-15.864474296569824, 22.219261169433594], [-15.8646879196167, 22.21932601928711], [-15.864718437194824, 22.219335556030273], [-15.865218162536621, 22.220378875732422], [-15.864607810974121, 22.2196102142334], [-15.864837646484375, 22.22003173828125], [-15.864635467529297, 22.21926498413086], [-15.864852905273438, 22.219594955444336]]","[1.0, 1.0, 1.0, 1.0, 1.0, 1.0, 1.0, 1.0, 1.0]",aigvd_common1000,1,,1.0,jet4_Hc5j8I_13_0to109.mp4,F:\MEngDatasets\AIGVDBench\videos\OpenSource\T2V\LTX\videos\jet4_Hc5j8I_13_0to109.mp4,test,1,fake,OpenSource,T2V,LTX,OpenSource_T2V_LTX,1,True
fake_00112,1,"[[-10.188197135925293, 16.0497989654541], [-10.188270568847656, 16.049924850463867], [-10.188333511352539, 16.050039291381836], [-10.188397407531738, 16.050121307373047], [-10.18846607208252, 16.050241470336914], [-10.188579559326172, 16.05042266845703], [-10.188549995422363, 16.05038833618164], [-10.188508033752441, 16.050302505493164]]","[1.0, 1.0, 1.0, 1.0, 1.0, 1.0, 1.0, 1.0]",aigvd_common1000,1,,1.0,NWYRv_MKaA8_10_24to132.mp4,F:\MEngDatasets\AIGVDBench\videos\OpenSource\T2V\Wan2.1\videos\NWYRv_MKaA8_10_24to132.mp4,test,1,fake,OpenSource,T2V,Wan2.1,OpenSource_T2V_Wan2.1,1,True
fake_00113,1,"[[-14.122557640075684, 18.010990142822266], [-14.122272491455078, 18.01056480407715], [-14.122824668884277, 18.011377334594727]]","[1.0, 1.0, 1.0]",aigvd_common1000,1,,1.0,o82SKvbybvY_14_104to700.mp4,F:\MEngDatasets\AIGVDBench\videos\OpenSource\T2V\Open-Sora\videos\o82SKvbybvY_14_104to700.mp4,test,1,fake,OpenSource,T2V,Open-Sora,OpenSource_T2V_Open-Sora,1,True
fake_00114,1,"[[-13.308248519897461, 18.977127075195312], [-13.307562828063965, 18.97615623474121], [-13.307385444641113, 18.975847244262695]]","[1.0, 1.0, 1.0]",aigvd_common1000,1,,1.0,guL5esGDFbk_11_0to163.mp4,F:\MEngDatasets\AIGVDBench\videos\OpenSource\T2V\AccVideo\videos\guL5esGDFbk_11_0to163.mp4,test,1,fake,OpenSource,T2V,AccVideo,OpenSource_T2V_AccVideo,1,True
fake_00115,1,"[[-18.49456024169922, 26.00480079650879], [-18.49449920654297, 26.004724502563477], [-18.494674682617188, 26.005006790161133]]","[1.0, 1.0, 1.0]",aigvd_common1000,1,,1.0,y3vyO-025CI_3_0to339.mp4,F:\MEngDatasets\AIGVDBench\videos\OpenSource\T2V\AccVideo\videos\y3vyO-025CI_3_0to339.mp4,test,1,fake,OpenSource,T2V,AccVideo,OpenSource_T2V_AccVideo,1,True
fake_00116,1,"[-10.680174827575684, 14.11421012878418]",1.0,aigvd_common1000,1,,1.0,r03AuoH00eM_5_399to542.mp4,F:\MEngDatasets\AIGVDBench\videos\OpenSource\T2V\VideoCrafter\videos\r03AuoH00eM_5_399to542.mp4,test,1,fake,OpenSource,T2V,VideoCrafter,OpenSource_T2V_VideoCrafter,1,True
fake_00117,1,"[[-9.471807479858398, 14.071145057678223], [-9.471742630004883, 14.071057319641113], [-9.471755981445312, 14.07107925415039]]","[1.0, 1.0, 1.0]",aigvd_common1000,1,,1.0,7TCW9wOxAWk_48_0to214.mp4,F:\MEngDatasets\AIGVDBench\videos\OpenSource\T2V\Cogvideox1.5\videos\7TCW9wOxAWk_48_0to214.mp4,test,1,fake,OpenSource,T2V,Cogvideox1.5,OpenSource_T2V_Cogvideox1.5,1,True
fake_00118,1,"[[-12.096893310546875, 17.382715225219727], [-12.096925735473633, 17.382816314697266], [-12.096817970275879, 17.382638931274414], [-12.096933364868164, 17.38285255432129]]","[1.0, 1.0, 1.0, 1.0]",aigvd_common1000,1,,1.0,W5R52mgaBgk_13_85to215.mp4,F:\MEngDatasets\AIGVDBench\videos\OpenSource\T2V\EasyAnimate\videos\W5R52mgaBgk_13_85to215.mp4,test,1,fake,OpenSource,T2V,EasyAnimate,OpenSource_T2V_EasyAnimate,1,True
fake_00119,1,"[[-7.577775955200195, 10.991401672363281], [-7.577801704406738, 10.991462707519531], [-7.577970504760742, 10.991730690002441], [-7.578132629394531, 10.992036819458008]]","[1.0, 1.0, 1.0, 1.0]",aigvd_common1000,1,,1.0,NWYRv_MKaA8_10_24to132.mp4,F:\MEngDatasets\AIGVDBench\videos\OpenSource\V2V\LTX\videos\NWYRv_MKaA8_10_24to132.mp4,test,1,fake,OpenSource,V2V,LTX,OpenSource_V2V_LTX,1,True
fake_00120,1,"[[-9.760196685791016, 14.099993705749512], [-9.760676383972168, 14.100733757019043], [-9.760380744934082, 14.100381851196289], [-9.760845184326172, 14.101136207580566]]","[1.0, 1.0, 1.0, 1.0]",aigvd_common1000,1,,1.0,50KDhKUOrqI_57_294to582.mp4,F:\MEngDatasets\AIGVDBench\videos\OpenSource\T2V\RepVideo\videos\50KDhKUOrqI_57_294to582.mp4,test,1,fake,OpenSource,T2V,RepVideo,OpenSource_T2V_RepVideo,1,True
fake_00121,1,"[[-7.52996301651001, 10.692060470581055], [-7.5302839279174805, 10.692656517028809], [-7.528718948364258, 10.689767837524414], [-7.530297756195068, 10.692706108093262]]","[1.0, 1.0, 1.0, 1.0]",aigvd_common1000,1,,1.0,vUVwNN47Uv0_7_1227to1461.mp4,F:\MEngDatasets\AIGVDBench\videos\OpenSource\I2V\LTX\videos\vUVwNN47Uv0_7_1227to1461.mp4,test,1,fake,OpenSource,I2V,LTX,OpenSource_I2V_LTX,1,True
fake_00122,1,"[-21.36664390563965, 32.0789909362793]",1.0,aigvd_common1000,1,,1.0,Vh2cObLYHJ8_13_0to496.mp4,F:\MEngDatasets\AIGVDBench\videos\OpenSource\T2V\VideoCrafter\videos\Vh2cObLYHJ8_13_0to496.mp4,test,1,fake,OpenSource,T2V,VideoCrafter,OpenSource_T2V_VideoCrafter,1,True
fake_00123,1,"[[-14.86794376373291, 20.34807014465332], [-14.867974281311035, 20.34810447692871], [-14.868176460266113, 20.348419189453125], [-14.868699073791504, 20.349342346191406]]","[1.0, 1.0, 1.0, 1.0]",aigvd_common1000,1,,1.0,0BPQnk47p6M_2_55to191.mp4,F:\MEngDatasets\AIGVDBench\videos\OpenSource\I2V\LTX\videos\0BPQnk47p6M_2_55to191.mp4,test,1,fake,OpenSource,I2V,LTX,OpenSource_I2V_LTX,1,True
fake_00124,1,"[[-8.089337348937988, 11.326050758361816], [-8.089387893676758, 11.32614803314209], [-8.088233947753906, 11.324381828308105], [-8.088051795959473, 11.32411003112793]]","[1.0, 1.0, 1.0, 1.0]",aigvd_common1000,1,,1.0,vUVwNN47Uv0_7_1227to1461.mp4,F:\MEngDatasets\AIGVDBench\videos\OpenSource\V2V\LTX\videos\vUVwNN47Uv0_7_1227to1461.mp4,test,1,fake,OpenSource,V2V,LTX,OpenSource_V2V_LTX,1,True
fake_00125,1,"[-17.402530670166016, 22.132822036743164]",1.0,aigvd_common1000,1,,1.0,NWYRv_MKaA8_10_24to132.mp4,F:\MEngDatasets\AIGVDBench\videos\OpenSource\I2V\SEINE\videos\NWYRv_MKaA8_10_24to132.mp4,test,1,fake,OpenSource,I2V,SEINE,OpenSource_I2V_SEINE,1,True
fake_00126,1,"[[-7.6449360847473145, 9.554665565490723], [-7.645114898681641, 9.555005073547363], [-7.644922733306885, 9.554668426513672], [-7.6450300216674805, 9.55496883392334]]","[1.0, 1.0, 1.0, 1.0]",aigvd_common1000,1,,1.0,nhskgJQ5XMU_202_0to114.mp4,F:\MEngDatasets\AIGVDBench\videos\OpenSource\V2V\Cogvideox1.5\videos\nhskgJQ5XMU_202_0to114.mp4,test,1,fake,OpenSource,V2V,Cogvideox1.5,OpenSource_V2V_Cogvideox1.5,1,True
fake_00127,1,"[[-20.348665237426758, 27.996929168701172], [-20.348674774169922, 27.99696922302246], [-20.348901748657227, 27.997434616088867], [-20.349119186401367, 27.997835159301758]]","[1.0, 1.0, 1.0, 1.0]",aigvd_common1000,1,,1.0,y3vyO-025CI_3_0to339.mp4,F:\MEngDatasets\AIGVDBench\videos\OpenSource\I2V\EasyAnimate\videos\y3vyO-025CI_3_0to339.mp4,test,1,fake,OpenSource,I2V,EasyAnimate,OpenSource_I2V_EasyAnimate,1,True
fake_00128,1,"[[-8.2191801071167, 12.028925895690918], [-8.219189643859863, 12.02901840209961], [-8.21963119506836, 12.02966594696045], [-8.220520973205566, 12.030882835388184]]","[1.0, 1.0, 1.0, 1.0]",aigvd_common1000,1,,1.0,jet4_Hc5j8I_13_0to109.mp4,F:\MEngDatasets\AIGVDBench\videos\OpenSource\T2V\IPOC\videos\jet4_Hc5j8I_13_0to109.mp4,test,1,fake,OpenSource,T2V,IPOC,OpenSource_T2V_IPOC,1,True
fake_00129,1,"[[-14.128806114196777, 18.5123291015625], [-14.128822326660156, 18.51235580444336], [-14.128746032714844, 18.512205123901367], [-14.128701210021973, 18.51214027404785]]","[1.0, 1.0, 1.0, 1.0]",aigvd_common1000,1,,1.0,gcgj6G8r-IQ_28_24to180.mp4,F:\MEngDatasets\AIGVDBench\videos\OpenSource\V2V\LTX\videos\gcgj6G8r-IQ_28_24to180.mp4,test,1,fake,OpenSource,V2V,LTX,OpenSource_V2V_LTX,1,True
fake_00130,1,"[[-13.731694221496582, 16.1580753326416], [-13.731781959533691, 16.158191680908203], [-13.731778144836426, 16.158191680908203], [-13.731749534606934, 16.158166885375977]]","[1.0, 1.0, 1.0, 1.0]",aigvd_common1000,1,,1.0,y3vyO-025CI_3_0to339.mp4,F:\MEngDatasets\AIGVDBench\videos\OpenSource\T2V\IPOC\videos\y3vyO-025CI_3_0to339.mp4,test,1,fake,OpenSource,T2V,IPOC,OpenSource_T2V_IPOC,1,True
fake_00131,1,"[[-11.6763334274292, 15.652814865112305], [-11.676369667053223, 15.653021812438965], [-11.676300048828125, 15.652803421020508], [-11.676666259765625, 15.653450012207031]]","[1.0, 1.0, 1.0, 1.0]",aigvd_common1000,1,,1.0,vUVwNN47Uv0_7_1227to1461.mp4,F:\MEngDatasets\AIGVDBench\videos\OpenSource\T2V\RepVideo\videos\vUVwNN47Uv0_7_1227to1461.mp4,test,1,fake,OpenSource,T2V,RepVideo,OpenSource_T2V_RepVideo,1,True
fake_00132,1,"[[-9.292969703674316, 11.068754196166992], [-9.293452262878418, 11.06948184967041], [-9.293407440185547, 11.069379806518555], [-9.29310131072998, 11.068901062011719]]","[1.0, 1.0, 1.0, 1.0]",aigvd_common1000,1,,1.0,vUVwNN47Uv0_7_1227to1461.mp4,F:\MEngDatasets\AIGVDBench\videos\OpenSource\I2V\EasyAnimate\videos\vUVwNN47Uv0_7_1227to1461.mp4,test,1,fake,OpenSource,I2V,EasyAnimate,OpenSource_I2V_EasyAnimate,1,True
fake_00133,1,"[-15.013201713562012, 18.9975643157959]",1.0,aigvd_common1000,1,,1.0,gcgj6G8r-IQ_28_24to180.mp4,F:\MEngDatasets\AIGVDBench\videos\OpenSource\T2V\VideoCrafter\videos\gcgj6G8r-IQ_28_24to180.mp4,test,1,fake,OpenSource,T2V,VideoCrafter,OpenSource_T2V_VideoCrafter,1,True
fake_00134,1,"[-17.451519012451172, 23.949325561523438]",1.0,aigvd_common1000,1,,1.0,EHRI1gr4zik_3_323to481.mp4,F:\MEngDatasets\AIGVDBench\videos\OpenSource\T2V\VideoCrafter\videos\EHRI1gr4zik_3_323to481.mp4,test,1,fake,OpenSource,T2V,VideoCrafter,OpenSource_T2V_VideoCrafter,1,True
fake_00135,1,"[[-16.112369537353516, 23.842632293701172], [-16.11237907409668, 23.842567443847656], [-16.112594604492188, 23.843055725097656], [-16.112810134887695, 23.84334945678711]]","[1.0, 1.0, 1.0, 1.0]",aigvd_common1000,1,,1.0,jty7y2KedUE_23_0to259.mp4,F:\MEngDatasets\AIGVDBench\videos\OpenSource\T2V\EasyAnimate\videos\jty7y2KedUE_23_0to259.mp4,test,1,fake,OpenSource,T2V,EasyAnimate,OpenSource_T2V_EasyAnimate,1,True
fake_00136,1,"[[-14.810074806213379, 19.979829788208008], [-14.810030937194824, 19.979806900024414], [-14.809652328491211, 19.97934341430664], [-14.809537887573242, 19.97919273376465], [-14.80998420715332, 19.97974967956543], [-14.810622215270996, 19.980470657348633], [-14.810709953308105, 19.980527877807617], [-14.811013221740723, 19.980852127075195]]","[1.0, 1.0, 1.0, 1.0, 1.0, 1.0, 1.0, 1.0]",aigvd_common1000,1,,1.0,xPcAfdYCj5k_136_0to424.mp4,F:\MEngDatasets\AIGVDBench\videos\OpenSource\T2V\Pyramid-Flow\videos\xPcAfdYCj5k_136_0to424.mp4,test,1,fake,OpenSource,T2V,Pyramid-Flow,OpenSource_T2V_Pyramid-Flow,1,True
fake_00137,1,"[[-9.921568870544434, 11.157488822937012], [-9.921723365783691, 11.157632827758789], [-9.921252250671387, 11.156920433044434], [-9.921304702758789, 11.15699577331543]]","[1.0, 1.0, 1.0, 1.0]",aigvd_common1000,1,,1.0,QRYsvqSzYuE_43_455to1014.mp4,F:\MEngDatasets\AIGVDBench\videos\OpenSource\T2V\IPOC\videos\QRYsvqSzYuE_43_455to1014.mp4,test,1,fake,OpenSource,T2V,IPOC,OpenSource_T2V_IPOC,1,True
fake_00138,1,"[-16.770769119262695, 20.95897674560547]",1.0,aigvd_common1000,1,,1.0,jty7y2KedUE_23_0to259.mp4,F:\MEngDatasets\AIGVDBench\videos\OpenSource\I2V\VideoCrafter\videos\jty7y2KedUE_23_0to259.mp4,test,1,fake,OpenSource,I2V,VideoCrafter,OpenSource_I2V_VideoCrafter,1,True
fake_00139,1,"[-13.96229076385498, 20.57078742980957]",1.0,aigvd_common1000,1,,1.0,NWYRv_MKaA8_10_24to132.mp4,F:\MEngDatasets\AIGVDBench\videos\OpenSource\T2V\VideoCrafter\videos\NWYRv_MKaA8_10_24to132.mp4,test,1,fake,OpenSource,T2V,VideoCrafter,OpenSource_T2V_VideoCrafter,1,True
fake_00140,1,"[[-3.9760377407073975, 4.7868499755859375], [-3.9758999347686768, 4.786625862121582], [-3.9761431217193604, 4.786981582641602], [-3.976270914077759, 4.787153244018555]]","[0.9998435974121094, 0.9998434782028198, 0.9998435974121094, 0.9998435974121094]",aigvd_common1000,1,,0.9998434782028198,QRYsvqSzYuE_43_455to1014.mp4,F:\MEngDatasets\AIGVDBench\videos\OpenSource\I2V\EasyAnimate\videos\QRYsvqSzYuE_43_455to1014.mp4,test,1,fake,OpenSource,I2V,EasyAnimate,OpenSource_I2V_EasyAnimate,1,True
fake_00141,1,"[-20.34418296813965, 28.595569610595703]",1.0,aigvd_common1000,1,,1.0,4cvgTuAaMDM_1_0to181.mp4,F:\MEngDatasets\AIGVDBench\videos\OpenSource\I2V\SVD\videos\4cvgTuAaMDM_1_0to181.mp4,test,1,fake,OpenSource,I2V,SVD,OpenSource_I2V_SVD,1,True
fake_00142,1,"[[-14.184906005859375, 19.080764770507812], [-14.184815406799316, 19.08058738708496], [-14.185328483581543, 19.08136558532715], [-14.184775352478027, 19.080358505249023]]","[1.0, 1.0, 1.0, 1.0]",aigvd_common1000,1,,1.0,7TCW9wOxAWk_48_0to214.mp4,F:\MEngDatasets\AIGVDBench\videos\OpenSource\T2V\IPOC\videos\7TCW9wOxAWk_48_0to214.mp4,test,1,fake,OpenSource,T2V,IPOC,OpenSource_T2V_IPOC,1,True
fake_00143,1,"[-6.7733306884765625, 8.239495277404785]",0.9999996423721313,aigvd_common1000,1,,0.9999996423721313,bG8EwSG8Hh4_1_0to149.mp4,F:\MEngDatasets\AIGVDBench\videos\OpenSource\I2V\SEINE\videos\bG8EwSG8Hh4_1_0to149.mp4,test,1,fake,OpenSource,I2V,SEINE,OpenSource_I2V_SEINE,1,True
fake_00144,1,"[[-11.782602310180664, 15.221352577209473], [-11.781394958496094, 15.219024658203125], [-11.78303337097168, 15.222073554992676], [-11.782318115234375, 15.220698356628418]]","[1.0, 1.0, 1.0, 1.0]",aigvd_common1000,1,,1.0,EHRI1gr4zik_3_323to481.mp4,F:\MEngDatasets\AIGVDBench\videos\OpenSource\T2V\IPOC\videos\EHRI1gr4zik_3_323to481.mp4,test,1,fake,OpenSource,T2V,IPOC,OpenSource_T2V_IPOC,1,True
fake_00145,1,"[[-11.520567893981934, 17.65777015686035], [-11.520517349243164, 17.657663345336914], [-11.520552635192871, 17.657743453979492]]","[1.0, 1.0, 1.0]",aigvd_common1000,1,,1.0,90u26k64J9A_14_0to144.mp4,F:\MEngDatasets\AIGVDBench\videos\OpenSource\T2V\Cogvideox1.5\videos\90u26k64J9A_14_0to144.mp4,test,1,fake,OpenSource,T2V,Cogvideox1.5,OpenSource_T2V_Cogvideox1.5,1,True
fake_00146,1,"[[-13.13113784790039, 21.28706169128418], [-13.1314115524292, 21.287446975708008], [-13.131507873535156, 21.287614822387695], [-13.131441116333008, 21.287410736083984]]","[1.0, 1.0, 1.0, 1.0]",aigvd_common1000,1,,1.0,NWYRv_MKaA8_10_24to132.mp4,F:\MEngDatasets\AIGVDBench\videos\OpenSource\V2V\Cogvideox1.5\videos\NWYRv_MKaA8_10_24to132.mp4,test,1,fake,OpenSource,V2V,Cogvideox1.5,OpenSource_V2V_Cogvideox1.5,1,True
fake_00147,1,"[[-11.783136367797852, 15.45308780670166], [-11.782845497131348, 15.452478408813477], [-11.783020973205566, 15.452733039855957], [-11.783182144165039, 15.45310115814209], [-11.783440589904785, 15.453594207763672], [-11.783413887023926, 15.45354175567627], [-11.783591270446777, 15.453741073608398], [-11.783567428588867, 15.453668594360352]]","[1.0, 1.0, 1.0, 1.0, 1.0, 1.0, 1.0, 1.0]",aigvd_common1000,1,,1.0,50KDhKUOrqI_57_294to582.mp4,F:\MEngDatasets\AIGVDBench\videos\OpenSource\T2V\Wan2.1\videos\50KDhKUOrqI_57_294to582.mp4,test,1,fake,OpenSource,T2V,Wan2.1,OpenSource_T2V_Wan2.1,1,True
fake_00148,1,"[[-9.03880786895752, 12.447134971618652], [-9.038848876953125, 12.447257041931152], [-9.038912773132324, 12.447395324707031], [-9.038945198059082, 12.447358131408691]]","[1.0, 1.0, 1.0, 1.0]",aigvd_common1000,1,,1.0,50KDhKUOrqI_57_294to582.mp4,F:\MEngDatasets\AIGVDBench\videos\OpenSource\T2V\IPOC\videos\50KDhKUOrqI_57_294to582.mp4,test,1,fake,OpenSource,T2V,IPOC,OpenSource_T2V_IPOC,1,True
fake_00149,1,"[[-8.147607803344727, 10.437355041503906], [-8.147345542907715, 10.4369478225708], [-8.147774696350098, 10.437540054321289], [-8.147642135620117, 10.437361717224121]]","[1.0, 1.0, 1.0, 1.0]",aigvd_common1000,1,,1.0,HlRfdCWGMzI_22_114to219.mp4,F:\MEngDatasets\AIGVDBench\videos\OpenSource\I2V\EasyAnimate\videos\HlRfdCWGMzI_22_114to219.mp4,test,1,fake,OpenSource,I2V,EasyAnimate,OpenSource_I2V_EasyAnimate,1,True
fake_00150,1,"[[-5.28687047958374, 7.467455863952637], [-5.286634922027588, 7.4671549797058105], [-5.287003517150879, 7.467645645141602], [-5.28677225112915, 7.467304706573486], [-5.286575794219971, 7.466997146606445], [-5.286715984344482, 7.467201232910156], [-5.286871433258057, 7.467446804046631], [-5.286769866943359, 7.467279434204102]]","[0.9999971389770508, 0.9999971389770508, 0.9999971389770508, 0.9999971389770508, 0.9999971389770508, 0.9999971389770508, 0.9999971389770508, 0.9999971389770508]",aigvd_common1000,1,,0.9999971389770508,smJlYSVS9Ds_340_112to226.mp4,F:\MEngDatasets\AIGVDBench\videos\OpenSource\T2V\Wan2.1\videos\smJlYSVS9Ds_340_112to226.mp4,test,1,fake,OpenSource,T2V,Wan2.1,OpenSource_T2V_Wan2.1,1,True
fake_00151,1,"[[-15.856108665466309, 19.946834564208984], [-15.85610580444336, 19.946802139282227], [-15.855568885803223, 19.945940017700195], [-15.856760025024414, 19.947891235351562]]","[1.0, 1.0, 1.0, 1.0]",aigvd_common1000,1,,1.0,gcgj6G8r-IQ_28_24to180.mp4,F:\MEngDatasets\AIGVDBench\videos\OpenSource\I2V\LTX\videos\gcgj6G8r-IQ_28_24to180.mp4,test,1,fake,OpenSource,I2V,LTX,OpenSource_I2V_LTX,1,True
fake_00152,1,"[[-8.66234302520752, 11.460241317749023], [-8.66226863861084, 11.46012020111084], [-8.662100791931152, 11.459837913513184], [-8.661947250366211, 11.459622383117676]]","[1.0, 1.0, 1.0, 1.0]",aigvd_common1000,1,,1.0,4cvgTuAaMDM_1_0to181.mp4,F:\MEngDatasets\AIGVDBench\videos\OpenSource\T2V\IPOC\videos\4cvgTuAaMDM_1_0to181.mp4,test,1,fake,OpenSource,T2V,IPOC,OpenSource_T2V_IPOC,1,True
fake_00153,1,"[[-0.023791562765836716, -0.17628125846385956], [-0.023816164582967758, -0.176253542304039], [-0.023916028439998627, -0.17614863812923431], [-0.024072151631116867, -0.1759900003671646], [-0.02386535331606865, -0.1762058287858963], [-0.023926351219415665, -0.17614193260669708], [-0.02384183555841446, -0.1762288510799408], [-0.023824844509363174, -0.17624574899673462]]","[0.4619513154029846, 0.46196427941322327, 0.46201521158218384, 0.46209341287612915, 0.4619883596897125, 0.4620194137096405, 0.4619767963886261, 0.46196839213371277]",aigvd_common1000,1,,0.46196427941322327,jet4_Hc5j8I_13_0to109.mp4,F:\MEngDatasets\AIGVDBench\videos\OpenSource\T2V\Wan2.1\videos\jet4_Hc5j8I_13_0to109.mp4,test,1,fake,OpenSource,T2V,Wan2.1,OpenSource_T2V_Wan2.1,0,False
fake_00154,1,"[-9.553569793701172, 12.02148723602295]",1.0,aigvd_common1000,1,,1.0,HlRfdCWGMzI_22_114to219.mp4,F:\MEngDatasets\AIGVDBench\videos\OpenSource\I2V\SEINE\videos\HlRfdCWGMzI_22_114to219.mp4,test,1,fake,OpenSource,I2V,SEINE,OpenSource_I2V_SEINE,1,True
fake_00155,1,"[[-14.045907020568848, 22.528913497924805], [-14.045732498168945, 22.528587341308594], [-14.046257972717285, 22.52957534790039], [-14.045884132385254, 22.528919219970703], [-14.045266151428223, 22.527727127075195], [-14.045024871826172, 22.527376174926758], [-14.045206069946289, 22.527807235717773], [-14.045147895812988, 22.52773666381836]]","[1.0, 1.0, 1.0, 1.0, 1.0, 1.0, 1.0, 1.0]",aigvd_common1000,1,,1.0,W5R52mgaBgk_13_85to215.mp4,F:\MEngDatasets\AIGVDBench\videos\OpenSource\T2V\Wan2.1\videos\W5R52mgaBgk_13_85to215.mp4,test,1,fake,OpenSource,T2V,Wan2.1,OpenSource_T2V_Wan2.1,1,True
fake_00156,1,"[[-15.110332489013672, 23.248905181884766], [-15.110371589660645, 23.248985290527344], [-15.110054969787598, 23.24827003479004], [-15.110276222229004, 23.24879264831543], [-15.11014461517334, 23.24849510192871], [-15.110100746154785, 23.248502731323242], [-15.110334396362305, 23.249197006225586], [-15.110461235046387, 23.24969482421875]]","[1.0, 1.0, 1.0, 1.0, 1.0, 1.0, 1.0, 1.0]",aigvd_common1000,1,,1.0,90u26k64J9A_14_0to144.mp4,F:\MEngDatasets\AIGVDBench\videos\OpenSource\I2V\Pyramid-Flow\videos\90u26k64J9A_14_0to144.mp4,test,1,fake,OpenSource,I2V,Pyramid-Flow,OpenSource_I2V_Pyramid-Flow,1,True
fake_00157,1,"[-11.003761291503906, 15.36817455291748]",1.0,aigvd_common1000,1,,1.0,vUVwNN47Uv0_7_1227to1461.mp4,F:\MEngDatasets\AIGVDBench\videos\OpenSource\I2V\SEINE\videos\vUVwNN47Uv0_7_1227to1461.mp4,test,1,fake,OpenSource,I2V,SEINE,OpenSource_I2V_SEINE,1,True
fake_00158,1,"[[-9.049766540527344, 12.275983810424805], [-9.049915313720703, 12.276240348815918], [-9.0501070022583, 12.276573181152344], [-9.04975700378418, 12.27606201171875]]","[1.0, 1.0, 1.0, 1.0]",aigvd_common1000,1,,1.0,guL5esGDFbk_11_0to163.mp4,F:\MEngDatasets\AIGVDBench\videos\OpenSource\I2V\LTX\videos\guL5esGDFbk_11_0to163.mp4,test,1,fake,OpenSource,I2V,LTX,OpenSource_I2V_LTX,1,True
fake_00159,1,"[-5.70939826965332, 9.097023010253906]",0.9999996423721313,aigvd_common1000,1,,0.9999996423721313,jty7y2KedUE_23_0to259.mp4,F:\MEngDatasets\AIGVDBench\videos\OpenSource\I2V\SEINE\videos\jty7y2KedUE_23_0to259.mp4,test,1,fake,OpenSource,I2V,SEINE,OpenSource_I2V_SEINE,1,True
fake_00160,1,"[[9.674930572509766, -11.993003845214844], [9.674894332885742, -11.992998123168945], [9.67484188079834, -11.993012428283691]]","[3.888084021408389e-10, 3.888247224193009e-10, 3.8883957165225524e-10]",aigvd_common1000,1,,3.888247224193009e-10,r03AuoH00eM_5_399to542.mp4,F:\MEngDatasets\AIGVDBench\videos\OpenSource\T2V\Cogvideox1.5\videos\r03AuoH00eM_5_399to542.mp4,test,1,fake,OpenSource,T2V,Cogvideox1.5,OpenSource_T2V_Cogvideox1.5,0,False
fake_00161,1,"[[-13.515750885009766, 21.268964767456055], [-13.515897750854492, 21.269142150878906], [-13.515809059143066, 21.269012451171875], [-13.515461921691895, 21.268407821655273]]","[1.0, 1.0, 1.0, 1.0]",aigvd_common1000,1,,1.0,4cvgTuAaMDM_1_0to181.mp4,F:\MEngDatasets\AIGVDBench\videos\OpenSource\T2V\EasyAnimate\videos\4cvgTuAaMDM_1_0to181.mp4,test,1,fake,OpenSource,T2V,EasyAnimate,OpenSource_T2V_EasyAnimate,1,True
fake_00162,1,"[-14.448236465454102, 19.702787399291992]",1.0,aigvd_common1000,1,,1.0,4cvgTuAaMDM_1_0to181.mp4,F:\MEngDatasets\AIGVDBench\videos\OpenSource\I2V\VideoCrafter\videos\4cvgTuAaMDM_1_0to181.mp4,test,1,fake,OpenSource,I2V,VideoCrafter,OpenSource_I2V_VideoCrafter,1,True
fake_00163,1,"[[-5.6972222328186035, 6.8429718017578125], [-5.697132587432861, 6.842801570892334], [-5.697209358215332, 6.842920780181885], [-5.697219371795654, 6.842933654785156]]","[0.9999964237213135, 0.9999964237213135, 0.9999964237213135, 0.9999964237213135]",aigvd_common1000,1,,0.9999964237213135,o82SKvbybvY_14_104to700.mp4,F:\MEngDatasets\AIGVDBench\videos\OpenSource\T2V\IPOC\videos\o82SKvbybvY_14_104to700.mp4,test,1,fake,OpenSource,T2V,IPOC,OpenSource_T2V_IPOC,1,True
fake_00164,1,"[[-4.216466426849365, 6.3477067947387695], [-4.216723918914795, 6.3480706214904785], [-4.216872692108154, 6.348259449005127], [-4.217113971710205, 6.3486762046813965]]","[0.9999741315841675, 0.9999741315841675, 0.999974250793457, 0.999974250793457]",aigvd_common1000,1,,0.9999741315841675,jty7y2KedUE_23_0to259.mp4,F:\MEngDatasets\AIGVDBench\videos\OpenSource\I2V\EasyAnimate\videos\jty7y2KedUE_23_0to259.mp4,test,1,fake,OpenSource,I2V,EasyAnimate,OpenSource_I2V_EasyAnimate,1,True
fake_00165,1,"[[-9.409820556640625, 13.680978775024414], [-9.409793853759766, 13.680929183959961], [-9.409767150878906, 13.680876731872559]]","[1.0, 1.0, 1.0]",aigvd_common1000,1,,1.0,0BPQnk47p6M_2_55to191.mp4,F:\MEngDatasets\AIGVDBench\videos\OpenSource\T2V\Cogvideox1.5\videos\0BPQnk47p6M_2_55to191.mp4,test,1,fake,OpenSource,T2V,Cogvideox1.5,OpenSource_T2V_Cogvideox1.5,1,True
fake_00166,1,"[[-7.594721794128418, 10.272368431091309], [-7.594389915466309, 10.271791458129883], [-7.595028877258301, 10.27282428741455]]","[1.0, 1.0, 1.0]",aigvd_common1000,1,,1.0,4cvgTuAaMDM_1_0to181.mp4,F:\MEngDatasets\AIGVDBench\videos\OpenSource\T2V\Cogvideox1.5\videos\4cvgTuAaMDM_1_0to181.mp4,test,1,fake,OpenSource,T2V,Cogvideox1.5,OpenSource_T2V_Cogvideox1.5,1,True
fake_00167,1,"[[-16.49857521057129, 22.854005813598633], [-16.4986629486084, 22.854110717773438], [-16.498498916625977, 22.85380744934082]]","[1.0, 1.0, 1.0]",aigvd_common1000,1,,1.0,EHRI1gr4zik_3_323to481.mp4,F:\MEngDatasets\AIGVDBench\videos\OpenSource\T2V\Cogvideox1.5\videos\EHRI1gr4zik_3_323to481.mp4,test,1,fake,OpenSource,T2V,Cogvideox1.5,OpenSource_T2V_Cogvideox1.5,1,True
fake_00168,1,"[-17.153831481933594, 23.07433319091797]",1.0,aigvd_common1000,1,,1.0,Vh2cObLYHJ8_13_0to496.mp4,F:\MEngDatasets\AIGVDBench\videos\OpenSource\I2V\VideoCrafter\videos\Vh2cObLYHJ8_13_0to496.mp4,test,1,fake,OpenSource,I2V,VideoCrafter,OpenSource_I2V_VideoCrafter,1,True
fake_00169,1,"[[-15.508919715881348, 21.52931022644043], [-15.508479118347168, 21.528535842895508], [-15.508238792419434, 21.528167724609375]]","[1.0, 1.0, 1.0]",aigvd_common1000,1,,1.0,jty7y2KedUE_23_0to259.mp4,F:\MEngDatasets\AIGVDBench\videos\OpenSource\T2V\Cogvideox1.5\videos\jty7y2KedUE_23_0to259.mp4,test,1,fake,OpenSource,T2V,Cogvideox1.5,OpenSource_T2V_Cogvideox1.5,1,True
fake_00170,1,"[[-10.874357223510742, 14.625560760498047], [-10.874134063720703, 14.625237464904785], [-10.874039649963379, 14.625140190124512], [-10.874053955078125, 14.625348091125488]]","[1.0, 1.0, 1.0, 1.0]",aigvd_common1000,1,,1.0,EHRI1gr4zik_3_323to481.mp4,F:\MEngDatasets\AIGVDBench\videos\OpenSource\I2V\LTX\videos\EHRI1gr4zik_3_323to481.mp4,test,1,fake,OpenSource,I2V,LTX,OpenSource_I2V_LTX,1,True
fake_00171,1,"[[-15.464146614074707, 19.188161849975586], [-15.463729858398438, 19.18739891052246], [-15.463820457458496, 19.187471389770508], [-15.463855743408203, 19.18756866455078], [-15.463238716125488, 19.18626594543457], [-15.463981628417969, 19.187450408935547], [-15.464430809020996, 19.188026428222656], [-15.464550971984863, 19.188276290893555]]","[1.0, 1.0, 1.0, 1.0, 1.0, 1.0, 1.0, 1.0]",aigvd_common1000,1,,1.0,EHRI1gr4zik_3_323to481.mp4,F:\MEngDatasets\AIGVDBench\videos\OpenSource\T2V\Pyramid-Flow\videos\EHRI1gr4zik_3_323to481.mp4,test,1,fake,OpenSource,T2V,Pyramid-Flow,OpenSource_T2V_Pyramid-Flow,1,True
fake_00172,1,"[[-2.794318675994873, 3.4347262382507324], [-2.7942397594451904, 3.434638023376465], [-2.794132709503174, 3.434516668319702], [-2.794276237487793, 3.4346776008605957]]","[0.9980325102806091, 0.9980321526527405, 0.9980317950248718, 0.9980323910713196]",aigvd_common1000,1,,0.9980321526527405,r03AuoH00eM_5_399to542.mp4,F:\MEngDatasets\AIGVDBench\videos\OpenSource\I2V\LTX\videos\r03AuoH00eM_5_399to542.mp4,test,1,fake,OpenSource,I2V,LTX,OpenSource_I2V_LTX,1,True
fake_00173,1,"[[-15.471805572509766, 17.80917739868164], [-15.472382545471191, 17.810029983520508], [-15.472574234008789, 17.810256958007812], [-15.472784042358398, 17.81036376953125], [-15.473308563232422, 17.811098098754883], [-15.472333908081055, 17.80991554260254], [-15.472376823425293, 17.809986114501953], [-15.472739219665527, 17.810396194458008]]","[1.0, 1.0, 1.0, 1.0, 1.0, 1.0, 1.0, 1.0]",aigvd_common1000,1,,1.0,o82SKvbybvY_14_104to700.mp4,F:\MEngDatasets\AIGVDBench\videos\OpenSource\I2V\Pyramid-Flow\videos\o82SKvbybvY_14_104to700.mp4,test,1,fake,OpenSource,I2V,Pyramid-Flow,OpenSource_I2V_Pyramid-Flow,1,True
fake_00174,1,"[-17.491640090942383, 25.08120346069336]",1.0,aigvd_common1000,1,,1.0,4cvgTuAaMDM_1_0to181.mp4,F:\MEngDatasets\AIGVDBench\videos\OpenSource\T2V\VideoCrafter\videos\4cvgTuAaMDM_1_0to181.mp4,test,1,fake,OpenSource,T2V,VideoCrafter,OpenSource_T2V_VideoCrafter,1,True
fake_00175,1,"[[-14.397391319274902, 17.04079246520996], [-14.397566795349121, 17.040998458862305], [-14.397727012634277, 17.04118537902832], [-14.397706031799316, 17.041162490844727], [-14.397687911987305, 17.0411434173584], [-14.397664070129395, 17.041118621826172], [-14.39770793914795, 17.041166305541992], [-14.397788047790527, 17.041250228881836]]","[1.0, 1.0, 1.0, 1.0, 1.0, 1.0, 1.0, 1.0]",aigvd_common1000,1,,1.0,y3vyO-025CI_3_0to339.mp4,F:\MEngDatasets\AIGVDBench\videos\OpenSource\T2V\Wan2.1\videos\y3vyO-025CI_3_0to339.mp4,test,1,fake,OpenSource,T2V,Wan2.1,OpenSource_T2V_Wan2.1,1,True
fake_00176,1,"[[-10.258208274841309, 15.3047513961792], [-10.257976531982422, 15.304293632507324], [-10.257903099060059, 15.303982734680176], [-10.25803279876709, 15.304159164428711]]","[1.0, 1.0, 1.0, 1.0]",aigvd_common1000,1,,1.0,02M4tj70Ju0_20_0to116.mp4,F:\MEngDatasets\AIGVDBench\videos\OpenSource\T2V\RepVideo\videos\02M4tj70Ju0_20_0to116.mp4,test,1,fake,OpenSource,T2V,RepVideo,OpenSource_T2V_RepVideo,1,True
fake_00177,1,"[-14.826247215270996, 20.07577896118164]",1.0,aigvd_common1000,1,,1.0,guL5esGDFbk_11_0to163.mp4,F:\MEngDatasets\AIGVDBench\videos\OpenSource\I2V\SEINE\videos\guL5esGDFbk_11_0to163.mp4,test,1,fake,OpenSource,I2V,SEINE,OpenSource_I2V_SEINE,1,True
fake_00178,1,"[[-10.85341739654541, 13.776280403137207], [-10.853438377380371, 13.776373863220215], [-10.853886604309082, 13.776914596557617], [-10.853912353515625, 13.776934623718262]]","[1.0, 1.0, 1.0, 1.0]",aigvd_common1000,1,,1.0,QRYsvqSzYuE_43_455to1014.mp4,F:\MEngDatasets\AIGVDBench\videos\OpenSource\T2V\HunyuanVideo\videos\QRYsvqSzYuE_43_455to1014.mp4,test,1,fake,OpenSource,T2V,HunyuanVideo,OpenSource_T2V_HunyuanVideo,1,True
fake_00179,1,"[[-18.95340347290039, 24.183876037597656], [-18.953231811523438, 24.18358039855957], [-18.95325469970703, 24.183631896972656], [-18.953371047973633, 24.183778762817383], [-18.953327178955078, 24.183691024780273], [-18.953472137451172, 24.183958053588867], [-18.9533634185791, 24.183835983276367], [-18.953657150268555, 24.184263229370117]]","[1.0, 1.0, 1.0, 1.0, 1.0, 1.0, 1.0, 1.0]",aigvd_common1000,1,,1.0,o82SKvbybvY_14_104to700.mp4,F:\MEngDatasets\AIGVDBench\videos\OpenSource\T2V\Pyramid-Flow\videos\o82SKvbybvY_14_104to700.mp4,test,1,fake,OpenSource,T2V,Pyramid-Flow,OpenSource_T2V_Pyramid-Flow,1,True
fake_00180,1,"[[-13.497551918029785, 18.62185287475586], [-13.497557640075684, 18.621875762939453], [-13.497658729553223, 18.621976852416992]]","[1.0, 1.0, 1.0]",aigvd_common1000,1,,1.0,guL5esGDFbk_11_0to163.mp4,F:\MEngDatasets\AIGVDBench\videos\OpenSource\T2V\Cogvideox1.5\videos\guL5esGDFbk_11_0to163.mp4,test,1,fake,OpenSource,T2V,Cogvideox1.5,OpenSource_T2V_Cogvideox1.5,1,True
fake_00181,1,"[[-12.152023315429688, 17.22321128845215], [-12.151954650878906, 17.223081588745117], [-12.15198802947998, 17.223093032836914], [-12.152036666870117, 17.223127365112305]]","[1.0, 1.0, 1.0, 1.0]",aigvd_common1000,1,,1.0,02M4tj70Ju0_20_0to116.mp4,F:\MEngDatasets\AIGVDBench\videos\OpenSource\T2V\EasyAnimate\videos\02M4tj70Ju0_20_0to116.mp4,test,1,fake,OpenSource,T2V,EasyAnimate,OpenSource_T2V_EasyAnimate,1,True
fake_00182,1,"[-13.621530532836914, 16.254497528076172]",1.0,aigvd_common1000,1,,1.0,smJlYSVS9Ds_340_112to226.mp4,F:\MEngDatasets\AIGVDBench\videos\OpenSource\T2V\VideoCrafter\videos\smJlYSVS9Ds_340_112to226.mp4,test,1,fake,OpenSource,T2V,VideoCrafter,OpenSource_T2V_VideoCrafter,1,True
fake_00183,1,"[[-7.589684009552002, 9.586227416992188], [-7.5895233154296875, 9.585986137390137], [-7.58911657333374, 9.585406303405762], [-7.589443206787109, 9.585833549499512], [-7.589495658874512, 9.58596420288086], [-7.5893096923828125, 9.58570384979248], [-7.589430809020996, 9.585837364196777], [-7.589725494384766, 9.586249351501465], [-7.589520454406738, 9.585986137390137]]","[1.0, 1.0, 1.0, 1.0, 1.0, 1.0, 1.0, 1.0, 1.0]",aigvd_common1000,1,,1.0,nhskgJQ5XMU_202_0to114.mp4,F:\MEngDatasets\AIGVDBench\videos\OpenSource\T2V\LTX\videos\nhskgJQ5XMU_202_0to114.mp4,test,1,fake,OpenSource,T2V,LTX,OpenSource_T2V_LTX,1,True
fake_00184,1,"[[-11.070807456970215, 16.72279930114746], [-11.070883750915527, 16.722923278808594], [-11.070699691772461, 16.722620010375977], [-11.070696830749512, 16.722625732421875]]","[1.0, 1.0, 1.0, 1.0]",aigvd_common1000,1,,1.0,90u26k64J9A_14_0to144.mp4,F:\MEngDatasets\AIGVDBench\videos\OpenSource\T2V\IPOC\videos\90u26k64J9A_14_0to144.mp4,test,1,fake,OpenSource,T2V,IPOC,OpenSource_T2V_IPOC,1,True
fake_00185,1,"[-13.375992774963379, 17.410566329956055]",1.0,aigvd_common1000,1,,1.0,QRYsvqSzYuE_43_455to1014.mp4,F:\MEngDatasets\AIGVDBench\videos\OpenSource\T2V\VideoCrafter\videos\QRYsvqSzYuE_43_455to1014.mp4,test,1,fake,OpenSource,T2V,VideoCrafter,OpenSource_T2V_VideoCrafter,1,True
fake_00186,1,"[[-15.424874305725098, 21.875629425048828], [-15.424713134765625, 21.87535285949707], [-15.424752235412598, 21.87544822692871], [-15.425426483154297, 21.876489639282227]]","[1.0, 1.0, 1.0, 1.0]",aigvd_common1000,1,,1.0,NWYRv_MKaA8_10_24to132.mp4,F:\MEngDatasets\AIGVDBench\videos\OpenSource\I2V\EasyAnimate\videos\NWYRv_MKaA8_10_24to132.mp4,test,1,fake,OpenSource,I2V,EasyAnimate,OpenSource_I2V_EasyAnimate,1,True
fake_00187,1,"[[-22.30199432373047, 33.533714294433594], [-22.301965713500977, 33.5338249206543], [-22.30216407775879, 33.53395080566406], [-22.302291870117188, 33.53407669067383]]","[1.0, 1.0, 1.0, 1.0]",aigvd_common1000,1,,1.0,eENFTG4UQsI_3_337to522.mp4,F:\MEngDatasets\AIGVDBench\videos\OpenSource\V2V\LTX\videos\eENFTG4UQsI_3_337to522.mp4,test,1,fake,OpenSource,V2V,LTX,OpenSource_V2V_LTX,1,True
fake_00188,1,"[[-5.0768256187438965, 6.361298084259033], [-5.076761722564697, 6.361198425292969], [-5.076557636260986, 6.360881805419922]]","[0.9999892711639404, 0.9999892711639404, 0.9999892711639404]",aigvd_common1000,1,,0.9999892711639404,jet4_Hc5j8I_13_0to109.mp4,F:\MEngDatasets\AIGVDBench\videos\OpenSource\T2V\HunyuanVideo\videos\jet4_Hc5j8I_13_0to109.mp4,test,1,fake,OpenSource,T2V,HunyuanVideo,OpenSource_T2V_HunyuanVideo,1,True
fake_00189,1,"[-0.9002886414527893, 1.7244703769683838]",0.9324381351470947,aigvd_common1000,1,,0.9324381351470947,50KDhKUOrqI_57_294to582.mp4,F:\MEngDatasets\AIGVDBench\videos\OpenSource\T2V\AnimateDiff\home\lma\Benchmark\bench\opensource\T2V\AnimateDiff\videos\50KDhKUOrqI_57_294to582.mp4,test,1,fake,OpenSource,T2V,AnimateDiff,OpenSource_T2V_AnimateDiff,1,True
fake_00190,1,"[-9.823721885681152, 13.380390167236328]",1.0,aigvd_common1000,1,,1.0,nhskgJQ5XMU_202_0to114.mp4,F:\MEngDatasets\AIGVDBench\videos\OpenSource\I2V\SEINE\videos\nhskgJQ5XMU_202_0to114.mp4,test,1,fake,OpenSource,I2V,SEINE,OpenSource_I2V_SEINE,1,True
fake_00191,1,"[[-0.8774303197860718, 1.0197879076004028], [-0.8774972558021545, 1.0198535919189453], [-0.8774400949478149, 1.0197880268096924]]","[0.8695763349533081, 0.8695913553237915, 0.8695774674415588]",aigvd_common1000,1,,0.8695913553237915,r03AuoH00eM_5_399to542.mp4,F:\MEngDatasets\AIGVDBench\videos\OpenSource\T2V\HunyuanVideo\videos\r03AuoH00eM_5_399to542.mp4,test,1,fake,OpenSource,T2V,HunyuanVideo,OpenSource_T2V_HunyuanVideo,1,True
fake_00192,1,"[[-13.981244087219238, 17.988239288330078], [-13.981332778930664, 17.988412857055664], [-13.98112678527832, 17.98821258544922], [-13.980639457702637, 17.987470626831055]]","[1.0, 1.0, 1.0, 1.0]",aigvd_common1000,1,,1.0,EHRI1gr4zik_3_323to481.mp4,F:\MEngDatasets\AIGVDBench\videos\OpenSource\V2V\LTX\videos\EHRI1gr4zik_3_323to481.mp4,test,1,fake,OpenSource,V2V,LTX,OpenSource_V2V_LTX,1,True
fake_00193,1,"[[-7.020874500274658, 9.032429695129395], [-7.020985126495361, 9.032530784606934], [-7.0211663246154785, 9.032849311828613], [-7.021271705627441, 9.033062934875488]]","[0.9999998807907104, 0.9999998807907104, 0.9999998807907104, 0.9999998807907104]",aigvd_common1000,1,,0.9999998807907104,y3vyO-025CI_3_0to339.mp4,F:\MEngDatasets\AIGVDBench\videos\OpenSource\I2V\LTX\videos\y3vyO-025CI_3_0to339.mp4,test,1,fake,OpenSource,I2V,LTX,OpenSource_I2V_LTX,1,True
fake_00194,1,"[[-5.768527507781982, 7.609577655792236], [-5.768583297729492, 7.609553337097168], [-5.769198417663574, 7.610389232635498], [-5.769481182098389, 7.610812664031982]]","[0.9999984502792358, 0.9999984502792358, 0.9999984502792358, 0.9999984502792358]",aigvd_common1000,1,,0.9999984502792358,jty7y2KedUE_23_0to259.mp4,F:\MEngDatasets\AIGVDBench\videos\OpenSource\I2V\LTX\videos\jty7y2KedUE_23_0to259.mp4,test,1,fake,OpenSource,I2V,LTX,OpenSource_I2V_LTX,1,True
fake_00195,1,"[-14.280013084411621, 18.627702713012695]",1.0,aigvd_common1000,1,,1.0,xPcAfdYCj5k_136_0to424.mp4,F:\MEngDatasets\AIGVDBench\videos\OpenSource\I2V\SVD\videos\xPcAfdYCj5k_136_0to424.mp4,test,1,fake,OpenSource,I2V,SVD,OpenSource_I2V_SVD,1,True
fake_00196,1,"[-6.819211483001709, 11.293571472167969]",1.0,aigvd_common1000,1,,1.0,vUVwNN47Uv0_7_1227to1461.mp4,F:\MEngDatasets\AIGVDBench\videos\OpenSource\T2V\AnimateDiff\home\lma\Benchmark\bench\opensource\T2V\AnimateDiff\videos\vUVwNN47Uv0_7_1227to1461.mp4,test,1,fake,OpenSource,T2V,AnimateDiff,OpenSource_T2V_AnimateDiff,1,True
fake_00197,1,"[[-4.644119739532471, 5.520318984985352], [-4.64413595199585, 5.520338535308838], [-4.643149375915527, 5.519126892089844], [-4.643803119659424, 5.519968509674072], [-4.644124507904053, 5.520351409912109], [-4.64418363571167, 5.520406246185303], [-4.6443867683410645, 5.520648002624512], [-4.643797874450684, 5.519940376281738]]","[0.9999614953994751, 0.9999614953994751, 0.9999613761901855, 0.9999614953994751, 0.9999614953994751, 0.9999614953994751, 0.9999614953994751, 0.9999614953994751]",aigvd_common1000,1,,0.9999614953994751,HlRfdCWGMzI_22_114to219.mp4,F:\MEngDatasets\AIGVDBench\videos\OpenSource\T2V\Wan2.1\videos\HlRfdCWGMzI_22_114to219.mp4,test,1,fake,OpenSource,T2V,Wan2.1,OpenSource_T2V_Wan2.1,1,True
fake_00198,1,"[[-3.1636829376220703, 4.197629451751709], [-3.1635918617248535, 4.197477340698242], [-3.1636664867401123, 4.197582721710205], [-3.163814067840576, 4.197800636291504]]","[0.9993650317192078, 0.9993649125099182, 0.9993650317192078, 0.9993652701377869]",aigvd_common1000,1,,0.9993649125099182,r03AuoH00eM_5_399to542.mp4,F:\MEngDatasets\AIGVDBench\videos\OpenSource\I2V\EasyAnimate\videos\r03AuoH00eM_5_399to542.mp4,test,1,fake,OpenSource,I2V,EasyAnimate,OpenSource_I2V_EasyAnimate,1,True
fake_00199,1,"[[-12.712390899658203, 17.639745712280273], [-12.712516784667969, 17.640005111694336], [-12.712382316589355, 17.63962745666504], [-12.71241569519043, 17.639781951904297]]","[1.0, 1.0, 1.0, 1.0]",aigvd_common1000,1,,1.0,gcgj6G8r-IQ_28_24to180.mp4,F:\MEngDatasets\AIGVDBench\videos\OpenSource\I2V\EasyAnimate\videos\gcgj6G8r-IQ_28_24to180.mp4,test,1,fake,OpenSource,I2V,EasyAnimate,OpenSource_I2V_EasyAnimate,1,True
fake_00200,1,"[-15.890175819396973, 22.925559997558594]",1.0,aigvd_common1000,1,,1.0,02M4tj70Ju0_20_0to116.mp4,F:\MEngDatasets\AIGVDBench\videos\OpenSource\T2V\VideoCrafter\videos\02M4tj70Ju0_20_0to116.mp4,test,1,fake,OpenSource,T2V,VideoCrafter,OpenSource_T2V_VideoCrafter,1,True
fake_00201,1,"[[-18.130252838134766, 26.2553653717041], [-18.130008697509766, 26.254959106445312], [-18.129898071289062, 26.254793167114258], [-18.129777908325195, 26.25467872619629]]","[1.0, 1.0, 1.0, 1.0]",aigvd_common1000,1,,1.0,jty7y2KedUE_23_0to259.mp4,F:\MEngDatasets\AIGVDBench\videos\OpenSource\T2V\IPOC\videos\jty7y2KedUE_23_0to259.mp4,test,1,fake,OpenSource,T2V,IPOC,OpenSource_T2V_IPOC,1,True
fake_00202,1,"[[-10.283658981323242, 15.191207885742188], [-10.283792495727539, 15.191351890563965], [-10.28381061553955, 15.191386222839355], [-10.283738136291504, 15.191229820251465], [-10.283928871154785, 15.191540718078613], [-10.283621788024902, 15.191107749938965], [-10.283917427062988, 15.191574096679688], [-10.283869743347168, 15.191479682922363], [-10.28366470336914, 15.191163063049316]]","[1.0, 1.0, 1.0, 1.0, 1.0, 1.0, 1.0, 1.0, 1.0]",aigvd_common1000,1,,1.0,90u26k64J9A_14_0to144.mp4,F:\MEngDatasets\AIGVDBench\videos\OpenSource\T2V\LTX\videos\90u26k64J9A_14_0to144.mp4,test,1,fake,OpenSource,T2V,LTX,OpenSource_T2V_LTX,1,True
fake_00203,1,"[[-7.858144760131836, 11.763225555419922], [-7.8581366539001465, 11.763249397277832], [-7.858130931854248, 11.763190269470215]]","[1.0, 1.0, 1.0]",aigvd_common1000,1,,1.0,smJlYSVS9Ds_340_112to226.mp4,F:\MEngDatasets\AIGVDBench\videos\OpenSource\T2V\Cogvideox1.5\videos\smJlYSVS9Ds_340_112to226.mp4,test,1,fake,OpenSource,T2V,Cogvideox1.5,OpenSource_T2V_Cogvideox1.5,1,True
fake_00204,1,"[-5.063851833343506, 6.307570934295654]",0.9999884366989136,aigvd_common1000,1,,0.9999884366989136,r03AuoH00eM_5_399to542.mp4,F:\MEngDatasets\AIGVDBench\videos\OpenSource\T2V\AnimateDiff\home\lma\Benchmark\bench\opensource\T2V\AnimateDiff\videos\r03AuoH00eM_5_399to542.mp4,test,1,fake,OpenSource,T2V,AnimateDiff,OpenSource_T2V_AnimateDiff,1,True
fake_00205,1,"[[-8.922815322875977, 11.626710891723633], [-8.92289924621582, 11.626800537109375], [-8.92297649383545, 11.626919746398926]]","[1.0, 1.0, 1.0]",aigvd_common1000,1,,1.0,r03AuoH00eM_5_399to542.mp4,F:\MEngDatasets\AIGVDBench\videos\OpenSource\T2V\Open-Sora\videos\r03AuoH00eM_5_399to542.mp4,test,1,fake,OpenSource,T2V,Open-Sora,OpenSource_T2V_Open-Sora,1,True
fake_00206,1,"[[-9.106678009033203, 12.561455726623535], [-9.105647087097168, 12.559988021850586], [-9.105554580688477, 12.55990982055664], [-9.105692863464355, 12.56008243560791]]","[1.0, 1.0, 1.0, 1.0]",aigvd_common1000,1,,1.0,xPcAfdYCj5k_136_0to424.mp4,F:\MEngDatasets\AIGVDBench\videos\OpenSource\I2V\EasyAnimate\videos\xPcAfdYCj5k_136_0to424.mp4,test,1,fake,OpenSource,I2V,EasyAnimate,OpenSource_I2V_EasyAnimate,1,True
fake_00207,1,"[[-12.532858848571777, 16.70250129699707], [-12.532816886901855, 16.702320098876953], [-12.533408164978027, 16.703248977661133]]","[1.0, 1.0, 1.0]",aigvd_common1000,1,,1.0,eENFTG4UQsI_3_337to522.mp4,F:\MEngDatasets\AIGVDBench\videos\OpenSource\T2V\Cogvideox1.5\videos\eENFTG4UQsI_3_337to522.mp4,test,1,fake,OpenSource,T2V,Cogvideox1.5,OpenSource_T2V_Cogvideox1.5,1,True
fake_00208,1,"[[-4.75852632522583, 7.556019306182861], [-4.758277416229248, 7.5554423332214355], [-4.758368492126465, 7.555609703063965], [-4.758604526519775, 7.555962562561035], [-4.758605003356934, 7.555792331695557], [-4.758731842041016, 7.556130409240723], [-4.758602142333984, 7.555910587310791], [-4.758493900299072, 7.55564546585083]]","[0.9999954700469971, 0.9999954700469971, 0.9999954700469971, 0.9999954700469971, 0.9999954700469971, 0.9999954700469971, 0.9999954700469971, 0.9999954700469971]",aigvd_common1000,1,,0.9999954700469971,xPcAfdYCj5k_136_0to424.mp4,F:\MEngDatasets\AIGVDBench\videos\OpenSource\I2V\Pyramid-Flow\videos\xPcAfdYCj5k_136_0to424.mp4,test,1,fake,OpenSource,I2V,Pyramid-Flow,OpenSource_I2V_Pyramid-Flow,1,True
fake_00209,1,"[-10.56937026977539, 16.0999813079834]",1.0,aigvd_common1000,1,,1.0,nhskgJQ5XMU_202_0to114.mp4,F:\MEngDatasets\AIGVDBench\videos\OpenSource\I2V\VideoCrafter\videos\nhskgJQ5XMU_202_0to114.mp4,test,1,fake,OpenSource,I2V,VideoCrafter,OpenSource_I2V_VideoCrafter,1,True
fake_00210,1,"[[-13.016230583190918, 18.87152099609375], [-13.01648998260498, 18.87194061279297], [-13.016098022460938, 18.871110916137695], [-13.016362190246582, 18.871585845947266]]","[1.0, 1.0, 1.0, 1.0]",aigvd_common1000,1,,1.0,jty7y2KedUE_23_0to259.mp4,F:\MEngDatasets\AIGVDBench\videos\OpenSource\T2V\RepVideo\videos\jty7y2KedUE_23_0to259.mp4,test,1,fake,OpenSource,T2V,RepVideo,OpenSource_T2V_RepVideo,1,True
fake_00211,1,"[-22.241004943847656, 30.252471923828125]",1.0,aigvd_common1000,1,,1.0,eENFTG4UQsI_3_337to522.mp4,F:\MEngDatasets\AIGVDBench\videos\OpenSource\I2V\SVD\videos\eENFTG4UQsI_3_337to522.mp4,test,1,fake,OpenSource,I2V,SVD,OpenSource_I2V_SVD,1,True
fake_00212,1,"[[-14.194624900817871, 18.620140075683594], [-14.194282531738281, 18.619518280029297], [-14.19427490234375, 18.619556427001953], [-14.194838523864746, 18.620498657226562], [-14.194826126098633, 18.620553970336914], [-14.194428443908691, 18.619691848754883], [-14.194562911987305, 18.619810104370117], [-14.194533348083496, 18.61982536315918]]","[1.0, 1.0, 1.0, 1.0, 1.0, 1.0, 1.0, 1.0]",aigvd_common1000,1,,1.0,EHRI1gr4zik_3_323to481.mp4,F:\MEngDatasets\AIGVDBench\videos\OpenSource\I2V\Pyramid-Flow\videos\EHRI1gr4zik_3_323to481.mp4,test,1,fake,OpenSource,I2V,Pyramid-Flow,OpenSource_I2V_Pyramid-Flow,1,True
fake_00213,1,"[[-7.559353828430176, 11.703234672546387], [-7.55905294418335, 11.702730178833008], [-7.559127330780029, 11.702852249145508], [-7.559024333953857, 11.702727317810059]]","[1.0, 1.0, 1.0, 1.0]",aigvd_common1000,1,,1.0,02M4tj70Ju0_20_0to116.mp4,F:\MEngDatasets\AIGVDBench\videos\OpenSource\V2V\Cogvideox1.5\videos\02M4tj70Ju0_20_0to116.mp4,test,1,fake,OpenSource,V2V,Cogvideox1.5,OpenSource_V2V_Cogvideox1.5,1,True
fake_00214,1,"[[-16.735836029052734, 22.61214828491211], [-16.735389709472656, 22.61140251159668], [-16.735538482666016, 22.61162757873535]]","[1.0, 1.0, 1.0]",aigvd_common1000,1,,1.0,4cvgTuAaMDM_1_0to181.mp4,F:\MEngDatasets\AIGVDBench\videos\OpenSource\T2V\AccVideo\videos\4cvgTuAaMDM_1_0to181.mp4,test,1,fake,OpenSource,T2V,AccVideo,OpenSource_T2V_AccVideo,1,True
fake_00215,1,"[[-8.672882080078125, 13.8247652053833], [-8.672720909118652, 13.824531555175781], [-8.673194885253906, 13.825159072875977], [-8.673612594604492, 13.825888633728027]]","[1.0, 1.0, 1.0, 1.0]",aigvd_common1000,1,,1.0,02M4tj70Ju0_20_0to116.mp4,F:\MEngDatasets\AIGVDBench\videos\OpenSource\I2V\LTX\videos\02M4tj70Ju0_20_0to116.mp4,test,1,fake,OpenSource,I2V,LTX,OpenSource_I2V_LTX,1,True
fake_00216,1,"[-6.1016645431518555, 7.340475559234619]",0.9999985694885254,aigvd_common1000,1,,0.9999985694885254,r03AuoH00eM_5_399to542.mp4,F:\MEngDatasets\AIGVDBench\videos\OpenSource\I2V\SEINE\videos\r03AuoH00eM_5_399to542.mp4,test,1,fake,OpenSource,I2V,SEINE,OpenSource_I2V_SEINE,1,True
fake_00217,1,"[-18.208179473876953, 21.76874351501465]",1.0,aigvd_common1000,1,,1.0,7TCW9wOxAWk_48_0to214.mp4,F:\MEngDatasets\AIGVDBench\videos\OpenSource\I2V\VideoCrafter\videos\7TCW9wOxAWk_48_0to214.mp4,test,1,fake,OpenSource,I2V,VideoCrafter,OpenSource_I2V_VideoCrafter,1,True
fake_00218,1,"[[-21.27273178100586, 29.94172477722168], [-21.27216339111328, 29.940654754638672], [-21.272403717041016, 29.941068649291992]]","[1.0, 1.0, 1.0]",aigvd_common1000,1,,1.0,eENFTG4UQsI_3_337to522.mp4,F:\MEngDatasets\AIGVDBench\videos\OpenSource\T2V\AccVideo\videos\eENFTG4UQsI_3_337to522.mp4,test,1,fake,OpenSource,T2V,AccVideo,OpenSource_T2V_AccVideo,1,True
fake_00219,1,"[[-6.263868808746338, 8.745635032653809], [-6.263633728027344, 8.745231628417969], [-6.263664722442627, 8.745306968688965]]","[0.9999996423721313, 0.9999996423721313, 0.9999996423721313]",aigvd_common1000,1,,0.9999996423721313,QRYsvqSzYuE_43_455to1014.mp4,F:\MEngDatasets\AIGVDBench\videos\OpenSource\T2V\AccVideo\videos\QRYsvqSzYuE_43_455to1014.mp4,test,1,fake,OpenSource,T2V,AccVideo,OpenSource_T2V_AccVideo,1,True
fake_00220,1,"[-8.315723419189453, 11.378584861755371]",1.0,aigvd_common1000,1,,1.0,smJlYSVS9Ds_340_112to226.mp4,F:\MEngDatasets\AIGVDBench\videos\OpenSource\I2V\SEINE\videos\smJlYSVS9Ds_340_112to226.mp4,test,1,fake,OpenSource,I2V,SEINE,OpenSource_I2V_SEINE,1,True
fake_00221,1,"[[-4.794025897979736, 5.323534965515137], [-4.794095516204834, 5.323622703552246], [-4.794053554534912, 5.32356071472168], [-4.793938636779785, 5.323427677154541], [-4.7939958572387695, 5.3234944343566895], [-4.7936625480651855, 5.323087692260742], [-4.793478488922119, 5.3228759765625], [-4.793379783630371, 5.3227620124816895]]","[0.9999595880508423, 0.9999595880508423, 0.9999595880508423, 0.9999595880508423, 0.9999595880508423, 0.9999595880508423, 0.9999595880508423, 0.9999595880508423]",aigvd_common1000,1,,0.9999595880508423,QRYsvqSzYuE_43_455to1014.mp4,F:\MEngDatasets\AIGVDBench\videos\OpenSource\T2V\Pyramid-Flow\videos\QRYsvqSzYuE_43_455to1014.mp4,test,1,fake,OpenSource,T2V,Pyramid-Flow,OpenSource_T2V_Pyramid-Flow,1,True
fake_00222,1,"[-20.44784927368164, 29.66371726989746]",1.0,aigvd_common1000,1,,1.0,W5R52mgaBgk_13_85to215.mp4,F:\MEngDatasets\AIGVDBench\videos\OpenSource\I2V\VideoCrafter\videos\W5R52mgaBgk_13_85to215.mp4,test,1,fake,OpenSource,I2V,VideoCrafter,OpenSource_I2V_VideoCrafter,1,True
fake_00223,1,"[[-11.967245101928711, 16.65033531188965], [-11.967448234558105, 16.650609970092773], [-11.969785690307617, 16.653867721557617], [-11.96955394744873, 16.653505325317383]]","[1.0, 1.0, 1.0, 1.0]",aigvd_common1000,1,,1.0,smJlYSVS9Ds_340_112to226.mp4,F:\MEngDatasets\AIGVDBench\videos\OpenSource\T2V\RepVideo\videos\smJlYSVS9Ds_340_112to226.mp4,test,1,fake,OpenSource,T2V,RepVideo,OpenSource_T2V_RepVideo,1,True
fake_00224,1,"[[-7.553283214569092, 9.675806999206543], [-7.553487300872803, 9.676152229309082], [-7.553180694580078, 9.675644874572754]]","[1.0, 1.0, 1.0]",aigvd_common1000,1,,1.0,vUVwNN47Uv0_7_1227to1461.mp4,F:\MEngDatasets\AIGVDBench\videos\OpenSource\T2V\AccVideo\videos\vUVwNN47Uv0_7_1227to1461.mp4,test,1,fake,OpenSource,T2V,AccVideo,OpenSource_T2V_AccVideo,1,True
fake_00225,1,"[-1.0610032081604004, 0.8248732089996338]",0.8682846426963806,aigvd_common1000,1,,0.8682846426963806,QRYsvqSzYuE_43_455to1014.mp4,F:\MEngDatasets\AIGVDBench\videos\OpenSource\I2V\SEINE\videos\QRYsvqSzYuE_43_455to1014.mp4,test,1,fake,OpenSource,I2V,SEINE,OpenSource_I2V_SEINE,1,True
fake_00226,1,"[[-16.41984748840332, 22.579177856445312], [-16.419921875, 22.57930564880371], [-16.420419692993164, 22.580167770385742], [-16.420734405517578, 22.580753326416016]]","[1.0, 1.0, 1.0, 1.0]",aigvd_common1000,1,,1.0,0BPQnk47p6M_2_55to191.mp4,F:\MEngDatasets\AIGVDBench\videos\OpenSource\V2V\Cogvideox1.5\videos\0BPQnk47p6M_2_55to191.mp4,test,1,fake,OpenSource,V2V,Cogvideox1.5,OpenSource_V2V_Cogvideox1.5,1,True
fake_00227,1,"[[-10.210124969482422, 14.1520357131958], [-10.21029281616211, 14.152294158935547], [-10.210429191589355, 14.152459144592285], [-10.210387229919434, 14.152427673339844]]","[1.0, 1.0, 1.0, 1.0]",aigvd_common1000,1,,1.0,NWYRv_MKaA8_10_24to132.mp4,F:\MEngDatasets\AIGVDBench\videos\OpenSource\I2V\LTX\videos\NWYRv_MKaA8_10_24to132.mp4,test,1,fake,OpenSource,I2V,LTX,OpenSource_I2V_LTX,1,True
fake_00228,1,"[[-6.128706932067871, 7.912481784820557], [-6.1287150382995605, 7.912581920623779], [-6.129032611846924, 7.913054466247559], [-6.1299357414245605, 7.914344310760498], [-6.129947185516357, 7.914357662200928], [-6.129744529724121, 7.914083957672119], [-6.129804611206055, 7.914178371429443], [-6.130299091339111, 7.914867401123047]]","[0.9999991655349731, 0.9999991655349731, 0.9999991655349731, 0.9999991655349731, 0.9999991655349731, 0.9999991655349731, 0.9999991655349731, 0.9999991655349731]",aigvd_common1000,1,,0.9999991655349731,guL5esGDFbk_11_0to163.mp4,F:\MEngDatasets\AIGVDBench\videos\OpenSource\T2V\Wan2.1\videos\guL5esGDFbk_11_0to163.mp4,test,1,fake,OpenSource,T2V,Wan2.1,OpenSource_T2V_Wan2.1,1,True
fake_00229,1,"[[-13.843960762023926, 18.579694747924805], [-13.843369483947754, 18.57883644104004], [-13.843581199645996, 18.579097747802734], [-13.842791557312012, 18.57793617248535]]","[1.0, 1.0, 1.0, 1.0]",aigvd_common1000,1,,1.0,nhskgJQ5XMU_202_0to114.mp4,F:\MEngDatasets\AIGVDBench\videos\OpenSource\V2V\LTX\videos\nhskgJQ5XMU_202_0to114.mp4,test,1,fake,OpenSource,V2V,LTX,OpenSource_V2V_LTX,1,True
fake_00230,1,"[-6.159388542175293, 8.556305885314941]",0.9999996423721313,aigvd_common1000,1,,0.9999996423721313,50KDhKUOrqI_57_294to582.mp4,F:\MEngDatasets\AIGVDBench\videos\OpenSource\T2V\VideoCrafter\videos\50KDhKUOrqI_57_294to582.mp4,test,1,fake,OpenSource,T2V,VideoCrafter,OpenSource_T2V_VideoCrafter,1,True
fake_00231,1,"[[-5.529519557952881, 8.112332344055176], [-5.529531002044678, 8.112273216247559], [-5.529666423797607, 8.112499237060547], [-5.529671669006348, 8.112479209899902], [-5.529646396636963, 8.112434387207031], [-5.529578685760498, 8.112327575683594], [-5.529677867889404, 8.11250114440918], [-5.529417514801025, 8.112098693847656]]","[0.9999988079071045, 0.9999988079071045, 0.9999988079071045, 0.9999988079071045, 0.9999988079071045, 0.9999988079071045, 0.9999988079071045, 0.9999988079071045]",aigvd_common1000,1,,0.9999988079071045,7TCW9wOxAWk_48_0to214.mp4,F:\MEngDatasets\AIGVDBench\videos\OpenSource\T2V\Wan2.1\videos\7TCW9wOxAWk_48_0to214.mp4,test,1,fake,OpenSource,T2V,Wan2.1,OpenSource_T2V_Wan2.1,1,True
fake_00232,1,"[-18.899728775024414, 26.00288200378418]",1.0,aigvd_common1000,1,,1.0,guL5esGDFbk_11_0to163.mp4,F:\MEngDatasets\AIGVDBench\videos\OpenSource\I2V\SVD\videos\guL5esGDFbk_11_0to163.mp4,test,1,fake,OpenSource,I2V,SVD,OpenSource_I2V_SVD,1,True
fake_00233,1,"[-8.57869815826416, 11.617456436157227]",1.0,aigvd_common1000,1,,1.0,xPcAfdYCj5k_136_0to424.mp4,F:\MEngDatasets\AIGVDBench\videos\OpenSource\I2V\SEINE\videos\xPcAfdYCj5k_136_0to424.mp4,test,1,fake,OpenSource,I2V,SEINE,OpenSource_I2V_SEINE,1,True
fake_00234,1,"[-17.441015243530273, 21.658470153808594]",1.0,aigvd_common1000,1,,1.0,0BPQnk47p6M_2_55to191.mp4,F:\MEngDatasets\AIGVDBench\videos\OpenSource\I2V\SVD\videos\0BPQnk47p6M_2_55to191.mp4,test,1,fake,OpenSource,I2V,SVD,OpenSource_I2V_SVD,1,True
fake_00235,1,"[[-10.272398948669434, 14.403796195983887], [-10.272781372070312, 14.404426574707031], [-10.272539138793945, 14.403852462768555], [-10.2726469039917, 14.404044151306152]]","[1.0, 1.0, 1.0, 1.0]",aigvd_common1000,1,,1.0,7TCW9wOxAWk_48_0to214.mp4,F:\MEngDatasets\AIGVDBench\videos\OpenSource\I2V\LTX\videos\7TCW9wOxAWk_48_0to214.mp4,test,1,fake,OpenSource,I2V,LTX,OpenSource_I2V_LTX,1,True
fake_00236,1,"[[-9.130461692810059, 11.584269523620605], [-9.131062507629395, 11.585134506225586], [-9.13109016418457, 11.585177421569824], [-9.129514694213867, 11.582216262817383]]","[1.0, 1.0, 1.0, 1.0]",aigvd_common1000,1,,1.0,HlRfdCWGMzI_22_114to219.mp4,F:\MEngDatasets\AIGVDBench\videos\OpenSource\T2V\RepVideo\videos\HlRfdCWGMzI_22_114to219.mp4,test,1,fake,OpenSource,T2V,RepVideo,OpenSource_T2V_RepVideo,1,True
fake_00237,1,"[-14.877503395080566, 17.897375106811523]",1.0,aigvd_common1000,1,,1.0,EHRI1gr4zik_3_323to481.mp4,F:\MEngDatasets\AIGVDBench\videos\OpenSource\I2V\SEINE\videos\EHRI1gr4zik_3_323to481.mp4,test,1,fake,OpenSource,I2V,SEINE,OpenSource_I2V_SEINE,1,True
fake_00238,1,"[[-21.11800193786621, 30.000577926635742], [-21.118671417236328, 30.0015811920166], [-21.118684768676758, 30.00168800354004]]","[1.0, 1.0, 1.0]",aigvd_common1000,1,,1.0,jty7y2KedUE_23_0to259.mp4,F:\MEngDatasets\AIGVDBench\videos\OpenSource\T2V\HunyuanVideo\videos\jty7y2KedUE_23_0to259.mp4,test,1,fake,OpenSource,T2V,HunyuanVideo,OpenSource_T2V_HunyuanVideo,1,True
fake_00239,1,"[[-5.678133964538574, 8.680113792419434], [-5.6786112785339355, 8.680817604064941], [-5.679793834686279, 8.682425498962402], [-5.679238796234131, 8.681567192077637], [-5.680485248565674, 8.683408737182617], [-5.680213451385498, 8.683021545410156], [-5.678940773010254, 8.681136131286621], [-5.678827285766602, 8.681009292602539]]","[0.9999994039535522, 0.9999994039535522, 0.9999994039535522, 0.9999994039535522, 0.9999994039535522, 0.9999994039535522, 0.9999994039535522, 0.9999994039535522]",aigvd_common1000,1,,0.9999994039535522,02M4tj70Ju0_20_0to116.mp4,F:\MEngDatasets\AIGVDBench\videos\OpenSource\T2V\Pyramid-Flow\videos\02M4tj70Ju0_20_0to116.mp4,test,1,fake,OpenSource,T2V,Pyramid-Flow,OpenSource_T2V_Pyramid-Flow,1,True
fake_00240,1,"[[-0.14722773432731628, 0.7745127081871033], [-0.14719994366168976, 0.7744821310043335], [-0.14719687402248383, 0.7744802832603455], [-0.14731323719024658, 0.774601936340332]]","[0.7153965830802917, 0.7153846621513367, 0.7153837084770203, 0.7154321670532227]",aigvd_common1000,1,,0.7153846621513367,r03AuoH00eM_5_399to542.mp4,F:\MEngDatasets\AIGVDBench\videos\OpenSource\T2V\RepVideo\videos\r03AuoH00eM_5_399to542.mp4,test,1,fake,OpenSource,T2V,RepVideo,OpenSource_T2V_RepVideo,1,True
fake_00241,1,"[-8.53004264831543, 11.996252059936523]",1.0,aigvd_common1000,1,,1.0,guL5esGDFbk_11_0to163.mp4,F:\MEngDatasets\AIGVDBench\videos\OpenSource\T2V\AnimateDiff\home\lma\Benchmark\bench\opensource\T2V\AnimateDiff\videos\guL5esGDFbk_11_0to163.mp4,test,1,fake,OpenSource,T2V,AnimateDiff,OpenSource_T2V_AnimateDiff,1,True
fake_00242,1,"[-13.088637351989746, 18.11429786682129]",1.0,aigvd_common1000,1,,1.0,0BPQnk47p6M_2_55to191.mp4,F:\MEngDatasets\AIGVDBench\videos\OpenSource\T2V\VideoCrafter\videos\0BPQnk47p6M_2_55to191.mp4,test,1,fake,OpenSource,T2V,VideoCrafter,OpenSource_T2V_VideoCrafter,1,True
fake_00243,1,"[[0.6086021661758423, -0.6203343272209167], [0.6086587905883789, -0.6204265356063843], [0.6086550354957581, -0.6204281449317932], [0.6086452007293701, -0.6204172968864441]]","[0.22636762261390686, 0.22634153068065643, 0.22634191811084747, 0.22634553909301758]",aigvd_common1000,1,,0.22634153068065643,xPcAfdYCj5k_136_0to424.mp4,F:\MEngDatasets\AIGVDBench\videos\OpenSource\T2V\IPOC\videos\xPcAfdYCj5k_136_0to424.mp4,test,1,fake,OpenSource,T2V,IPOC,OpenSource_T2V_IPOC,0,False
fake_00244,1,"[[-9.574029922485352, 14.15300178527832], [-9.573867797851562, 14.152584075927734], [-9.574014663696289, 14.152960777282715], [-9.573884010314941, 14.152861595153809]]","[1.0, 1.0, 1.0, 1.0]",aigvd_common1000,1,,1.0,smJlYSVS9Ds_340_112to226.mp4,F:\MEngDatasets\AIGVDBench\videos\OpenSource\V2V\Cogvideox1.5\videos\smJlYSVS9Ds_340_112to226.mp4,test,1,fake,OpenSource,V2V,Cogvideox1.5,OpenSource_V2V_Cogvideox1.5,1,True
fake_00245,1,"[-7.416149616241455, 11.280171394348145]",1.0,aigvd_common1000,1,,1.0,W5R52mgaBgk_13_85to215.mp4,F:\MEngDatasets\AIGVDBench\videos\OpenSource\T2V\AnimateDiff\home\lma\Benchmark\bench\opensource\T2V\AnimateDiff\videos\W5R52mgaBgk_13_85to215.mp4,test,1,fake,OpenSource,T2V,AnimateDiff,OpenSource_T2V_AnimateDiff,1,True
fake_00246,1,"[[-8.412545204162598, 10.85525131225586], [-8.412529945373535, 10.855218887329102], [-8.412527084350586, 10.855210304260254], [-8.412516593933105, 10.855194091796875]]","[1.0, 1.0, 1.0, 1.0]",aigvd_common1000,1,,1.0,jty7y2KedUE_23_0to259.mp4,F:\MEngDatasets\AIGVDBench\videos\OpenSource\V2V\Cogvideox1.5\videos\jty7y2KedUE_23_0to259.mp4,test,1,fake,OpenSource,V2V,Cogvideox1.5,OpenSource_V2V_Cogvideox1.5,1,True
fake_00247,1,"[[-5.270832538604736, 8.504960060119629], [-5.2714619636535645, 8.505669593811035], [-5.271783828735352, 8.506081581115723]]","[0.999998927116394, 0.999998927116394, 0.999998927116394]",aigvd_common1000,1,,0.999998927116394,HlRfdCWGMzI_22_114to219.mp4,F:\MEngDatasets\AIGVDBench\videos\OpenSource\T2V\HunyuanVideo\videos\HlRfdCWGMzI_22_114to219.mp4,test,1,fake,OpenSource,T2V,HunyuanVideo,OpenSource_T2V_HunyuanVideo,1,True
fake_00248,1,"[[-9.886076927185059, 13.019431114196777], [-9.886181831359863, 13.01955795288086], [-9.886292457580566, 13.019891738891602], [-9.886103630065918, 13.019651412963867]]","[1.0, 1.0, 1.0, 1.0]",aigvd_common1000,1,,1.0,nhskgJQ5XMU_202_0to114.mp4,F:\MEngDatasets\AIGVDBench\videos\OpenSource\I2V\LTX\videos\nhskgJQ5XMU_202_0to114.mp4,test,1,fake,OpenSource,I2V,LTX,OpenSource_I2V_LTX,1,True
fake_00249,1,"[[-11.870580673217773, 15.88872241973877], [-11.870715141296387, 15.888827323913574], [-11.86976146697998, 15.887537956237793]]","[1.0, 1.0, 1.0]",aigvd_common1000,1,,1.0,7TCW9wOxAWk_48_0to214.mp4,F:\MEngDatasets\AIGVDBench\videos\OpenSource\T2V\HunyuanVideo\videos\7TCW9wOxAWk_48_0to214.mp4,test,1,fake,OpenSource,T2V,HunyuanVideo,OpenSource_T2V_HunyuanVideo,1,True
fake_00250,1,"[[-12.818354606628418, 17.411344528198242], [-12.818068504333496, 17.410900115966797], [-12.818110466003418, 17.41105842590332], [-12.818400382995605, 17.41170883178711]]","[1.0, 1.0, 1.0, 1.0]",aigvd_common1000,1,,1.0,7TCW9wOxAWk_48_0to214.mp4,F:\MEngDatasets\AIGVDBench\videos\OpenSource\V2V\LTX\videos\7TCW9wOxAWk_48_0to214.mp4,test,1,fake,OpenSource,V2V,LTX,OpenSource_V2V_LTX,1,True
fake_00251,1,"[[-12.076566696166992, 16.271757125854492], [-12.075785636901855, 16.27044677734375], [-12.075454711914062, 16.269575119018555]]","[1.0, 1.0, 1.0]",aigvd_common1000,1,,1.0,gcgj6G8r-IQ_28_24to180.mp4,F:\MEngDatasets\AIGVDBench\videos\OpenSource\T2V\AccVideo\videos\gcgj6G8r-IQ_28_24to180.mp4,test,1,fake,OpenSource,T2V,AccVideo,OpenSource_T2V_AccVideo,1,True
fake_00252,1,"[[-5.488574504852295, 7.8680853843688965], [-5.488044738769531, 7.867306232452393], [-5.4879889488220215, 7.867266654968262], [-5.488444805145264, 7.867931842803955], [-5.488137722015381, 7.86746883392334], [-5.488161563873291, 7.86754035949707], [-5.488147735595703, 7.8675856590271], [-5.488588809967041, 7.86822509765625]]","[0.9999984502792358, 0.9999984502792358, 0.9999984502792358, 0.9999984502792358, 0.9999984502792358, 0.9999984502792358, 0.9999984502792358, 0.9999984502792358]",aigvd_common1000,1,,0.9999984502792358,0BPQnk47p6M_2_55to191.mp4,F:\MEngDatasets\AIGVDBench\videos\OpenSource\T2V\Pyramid-Flow\videos\0BPQnk47p6M_2_55to191.mp4,test,1,fake,OpenSource,T2V,Pyramid-Flow,OpenSource_T2V_Pyramid-Flow,1,True
fake_00253,1,"[[-12.643671989440918, 16.299776077270508], [-12.643472671508789, 16.29949378967285], [-12.642769813537598, 16.298343658447266], [-12.642189979553223, 16.297433853149414], [-12.64205551147461, 16.297319412231445], [-12.64290714263916, 16.298667907714844], [-12.641950607299805, 16.29706382751465], [-12.642077445983887, 16.29734230041504]]","[1.0, 1.0, 1.0, 1.0, 1.0, 1.0, 1.0, 1.0]",aigvd_common1000,1,,1.0,HlRfdCWGMzI_22_114to219.mp4,F:\MEngDatasets\AIGVDBench\videos\OpenSource\I2V\Pyramid-Flow\videos\HlRfdCWGMzI_22_114to219.mp4,test,1,fake,OpenSource,I2V,Pyramid-Flow,OpenSource_I2V_Pyramid-Flow,1,True
fake_00254,1,"[[-17.54810905456543, 19.853046417236328], [-17.548065185546875, 19.85298728942871], [-17.548080444335938, 19.853008270263672]]","[1.0, 1.0, 1.0]",aigvd_common1000,1,,1.0,7TCW9wOxAWk_48_0to214.mp4,F:\MEngDatasets\AIGVDBench\videos\OpenSource\T2V\Open-Sora\videos\7TCW9wOxAWk_48_0to214.mp4,test,1,fake,OpenSource,T2V,Open-Sora,OpenSource_T2V_Open-Sora,1,True
fake_00255,1,"[-12.945308685302734, 18.897886276245117]",1.0,aigvd_common1000,1,,1.0,guL5esGDFbk_11_0to163.mp4,F:\MEngDatasets\AIGVDBench\videos\OpenSource\I2V\VideoCrafter\videos\guL5esGDFbk_11_0to163.mp4,test,1,fake,OpenSource,I2V,VideoCrafter,OpenSource_I2V_VideoCrafter,1,True
fake_00256,1,"[[-10.851733207702637, 14.246417045593262], [-10.851478576660156, 14.245923042297363], [-10.851677894592285, 14.246249198913574], [-10.85171127319336, 14.246294975280762], [-10.851991653442383, 14.246932983398438], [-10.851975440979004, 14.246747970581055], [-10.852154731750488, 14.247273445129395], [-10.852049827575684, 14.247038841247559]]","[1.0, 1.0, 1.0, 1.0, 1.0, 1.0, 1.0, 1.0]",aigvd_common1000,1,,1.0,7TCW9wOxAWk_48_0to214.mp4,F:\MEngDatasets\AIGVDBench\videos\OpenSource\I2V\Pyramid-Flow\videos\7TCW9wOxAWk_48_0to214.mp4,test,1,fake,OpenSource,I2V,Pyramid-Flow,OpenSource_I2V_Pyramid-Flow,1,True
fake_00257,1,"[-15.94208812713623, 22.588491439819336]",1.0,aigvd_common1000,1,,1.0,EHRI1gr4zik_3_323to481.mp4,F:\MEngDatasets\AIGVDBench\videos\OpenSource\I2V\SVD\videos\EHRI1gr4zik_3_323to481.mp4,test,1,fake,OpenSource,I2V,SVD,OpenSource_I2V_SVD,1,True
fake_00258,1,"[[-11.220599174499512, 13.812052726745605], [-11.220379829406738, 13.81179141998291], [-11.220471382141113, 13.811944961547852]]","[1.0, 1.0, 1.0]",aigvd_common1000,1,,1.0,vUVwNN47Uv0_7_1227to1461.mp4,F:\MEngDatasets\AIGVDBench\videos\OpenSource\T2V\Open-Sora\videos\vUVwNN47Uv0_7_1227to1461.mp4,test,1,fake,OpenSource,T2V,Open-Sora,OpenSource_T2V_Open-Sora,1,True
fake_00259,1,"[[-7.012607574462891, 7.7019147872924805], [-7.0125322341918945, 7.701804161071777], [-7.012454986572266, 7.701687335968018], [-7.0124192237854, 7.701634407043457]]","[0.9999996423721313, 0.9999996423721313, 0.9999996423721313, 0.9999996423721313]",aigvd_common1000,1,,0.9999996423721313,guL5esGDFbk_11_0to163.mp4,F:\MEngDatasets\AIGVDBench\videos\OpenSource\T2V\EasyAnimate\videos\guL5esGDFbk_11_0to163.mp4,test,1,fake,OpenSource,T2V,EasyAnimate,OpenSource_T2V_EasyAnimate,1,True
fake_00260,1,"[[-8.18451976776123, 11.180094718933105], [-8.184473037719727, 11.179974555969238], [-8.184455871582031, 11.179996490478516], [-8.184340476989746, 11.179844856262207], [-8.184455871582031, 11.179938316345215], [-8.184349060058594, 11.179890632629395], [-8.184277534484863, 11.179679870605469], [-8.18425178527832, 11.179703712463379]]","[1.0, 1.0, 1.0, 1.0, 1.0, 1.0, 1.0, 1.0]",aigvd_common1000,1,,1.0,xPcAfdYCj5k_136_0to424.mp4,F:\MEngDatasets\AIGVDBench\videos\OpenSource\T2V\Wan2.1\videos\xPcAfdYCj5k_136_0to424.mp4,test,1,fake,OpenSource,T2V,Wan2.1,OpenSource_T2V_Wan2.1,1,True
fake_00261,1,"[[-6.422152042388916, 8.262828826904297], [-6.421382427215576, 8.261898040771484], [-6.421500205993652, 8.262054443359375], [-6.4217023849487305, 8.262269020080566]]","[0.9999995231628418, 0.9999995231628418, 0.9999995231628418, 0.9999995231628418]",aigvd_common1000,1,,0.9999995231628418,bG8EwSG8Hh4_1_0to149.mp4,F:\MEngDatasets\AIGVDBench\videos\OpenSource\I2V\EasyAnimate\videos\bG8EwSG8Hh4_1_0to149.mp4,test,1,fake,OpenSource,I2V,EasyAnimate,OpenSource_I2V_EasyAnimate,1,True
fake_00262,1,"[[-11.299460411071777, 15.903963088989258], [-11.299148559570312, 15.903533935546875], [-11.299026489257812, 15.903428077697754]]","[1.0, 1.0, 1.0]",aigvd_common1000,1,,1.0,NWYRv_MKaA8_10_24to132.mp4,F:\MEngDatasets\AIGVDBench\videos\OpenSource\T2V\Open-Sora\videos\NWYRv_MKaA8_10_24to132.mp4,test,1,fake,OpenSource,T2V,Open-Sora,OpenSource_T2V_Open-Sora,1,True
fake_00263,1,"[-14.168367385864258, 18.261272430419922]",1.0,aigvd_common1000,1,,1.0,gcgj6G8r-IQ_28_24to180.mp4,F:\MEngDatasets\AIGVDBench\videos\OpenSource\I2V\SEINE\videos\gcgj6G8r-IQ_28_24to180.mp4,test,1,fake,OpenSource,I2V,SEINE,OpenSource_I2V_SEINE,1,True
fake_00264,1,"[9.761150360107422, -10.22091293334961]",2.098457629884365e-09,aigvd_common1000,1,,2.098457629884365e-09,xPcAfdYCj5k_136_0to424.mp4,F:\MEngDatasets\AIGVDBench\videos\OpenSource\T2V\AnimateDiff\home\lma\Benchmark\bench\opensource\T2V\AnimateDiff\videos\xPcAfdYCj5k_136_0to424.mp4,test,1,fake,OpenSource,T2V,AnimateDiff,OpenSource_T2V_AnimateDiff,0,False
fake_00265,1,"[[-15.310592651367188, 22.024599075317383], [-15.310515403747559, 22.02429962158203], [-15.310864448547363, 22.02490234375], [-15.310763359069824, 22.024839401245117], [-15.310609817504883, 22.02442169189453], [-15.310683250427246, 22.0244140625], [-15.310701370239258, 22.02407455444336], [-15.310943603515625, 22.024600982666016]]","[1.0, 1.0, 1.0, 1.0, 1.0, 1.0, 1.0, 1.0]",aigvd_common1000,1,,1.0,nhskgJQ5XMU_202_0to114.mp4,F:\MEngDatasets\AIGVDBench\videos\OpenSource\T2V\Pyramid-Flow\videos\nhskgJQ5XMU_202_0to114.mp4,test,1,fake,OpenSource,T2V,Pyramid-Flow,OpenSource_T2V_Pyramid-Flow,1,True
fake_00266,1,"[-20.645166397094727, 27.987882614135742]",1.0,aigvd_common1000,1,,1.0,bG8EwSG8Hh4_1_0to149.mp4,F:\MEngDatasets\AIGVDBench\videos\OpenSource\T2V\VideoCrafter\videos\bG8EwSG8Hh4_1_0to149.mp4,test,1,fake,OpenSource,T2V,VideoCrafter,OpenSource_T2V_VideoCrafter,1,True
fake_00267,1,"[[-6.123037338256836, 7.457683563232422], [-6.123049736022949, 7.457723140716553], [-6.122918605804443, 7.457533836364746], [-6.12298059463501, 7.457609176635742]]","[0.9999986886978149, 0.9999986886978149, 0.9999986886978149, 0.9999986886978149]",aigvd_common1000,1,,0.9999986886978149,jet4_Hc5j8I_13_0to109.mp4,F:\MEngDatasets\AIGVDBench\videos\OpenSource\V2V\LTX\videos\jet4_Hc5j8I_13_0to109.mp4,test,1,fake,OpenSource,V2V,LTX,OpenSource_V2V_LTX,1,True
fake_00268,1,"[[-9.88965129852295, 13.957856178283691], [-9.88943862915039, 13.957554817199707], [-9.890036582946777, 13.95837688446045]]","[1.0, 1.0, 1.0]",aigvd_common1000,1,,1.0,W5R52mgaBgk_13_85to215.mp4,F:\MEngDatasets\AIGVDBench\videos\OpenSource\T2V\Open-Sora\videos\W5R52mgaBgk_13_85to215.mp4,test,1,fake,OpenSource,T2V,Open-Sora,OpenSource_T2V_Open-Sora,1,True
fake_00269,1,"[[-13.591479301452637, 19.230688095092773], [-13.592866897583008, 19.23236846923828], [-13.592967987060547, 19.232479095458984], [-13.592432022094727, 19.231843948364258]]","[1.0, 1.0, 1.0, 1.0]",aigvd_common1000,1,,1.0,0BPQnk47p6M_2_55to191.mp4,F:\MEngDatasets\AIGVDBench\videos\OpenSource\T2V\EasyAnimate\videos\0BPQnk47p6M_2_55to191.mp4,test,1,fake,OpenSource,T2V,EasyAnimate,OpenSource_T2V_EasyAnimate,1,True
fake_00270,1,"[-4.906624794006348, 7.162875652313232]",0.9999942779541016,aigvd_common1000,1,,0.9999942779541016,NWYRv_MKaA8_10_24to132.mp4,F:\MEngDatasets\AIGVDBench\videos\OpenSource\T2V\AnimateDiff\home\lma\Benchmark\bench\opensource\T2V\AnimateDiff\videos\NWYRv_MKaA8_10_24to132.mp4,test,1,fake,OpenSource,T2V,AnimateDiff,OpenSource_T2V_AnimateDiff,1,True
fake_00271,1,"[[-9.649029731750488, 13.624459266662598], [-9.648999214172363, 13.624430656433105], [-9.64908218383789, 13.624598503112793], [-9.64909553527832, 13.624637603759766]]","[1.0, 1.0, 1.0, 1.0]",aigvd_common1000,1,,1.0,gcgj6G8r-IQ_28_24to180.mp4,F:\MEngDatasets\AIGVDBench\videos\OpenSource\V2V\Cogvideox1.5\videos\gcgj6G8r-IQ_28_24to180.mp4,test,1,fake,OpenSource,V2V,Cogvideox1.5,OpenSource_V2V_Cogvideox1.5,1,True
fake_00272,1,"[[-11.758366584777832, 16.87442970275879], [-11.757741928100586, 16.873502731323242], [-11.757884979248047, 16.873699188232422], [-11.758091926574707, 16.874025344848633]]","[1.0, 1.0, 1.0, 1.0]",aigvd_common1000,1,,1.0,0BPQnk47p6M_2_55to191.mp4,F:\MEngDatasets\AIGVDBench\videos\OpenSource\T2V\IPOC\videos\0BPQnk47p6M_2_55to191.mp4,test,1,fake,OpenSource,T2V,IPOC,OpenSource_T2V_IPOC,1,True
fake_00273,1,"[[-9.380322456359863, 11.33281421661377], [-9.380365371704102, 11.332877159118652], [-9.380382537841797, 11.332883834838867], [-9.38033676147461, 11.332830429077148], [-9.38033676147461, 11.332809448242188], [-9.380349159240723, 11.332812309265137], [-9.38038158416748, 11.332864761352539], [-9.380294799804688, 11.33276653289795]]","[1.0, 1.0, 1.0, 1.0, 1.0, 1.0, 1.0, 1.0]",aigvd_common1000,1,,1.0,o82SKvbybvY_14_104to700.mp4,F:\MEngDatasets\AIGVDBench\videos\OpenSource\T2V\Wan2.1\videos\o82SKvbybvY_14_104to700.mp4,test,1,fake,OpenSource,T2V,Wan2.1,OpenSource_T2V_Wan2.1,1,True
fake_00274,1,"[-15.164311408996582, 18.935611724853516]",1.0,aigvd_common1000,1,,1.0,NWYRv_MKaA8_10_24to132.mp4,F:\MEngDatasets\AIGVDBench\videos\OpenSource\I2V\VideoCrafter\videos\NWYRv_MKaA8_10_24to132.mp4,test,1,fake,OpenSource,I2V,VideoCrafter,OpenSource_I2V_VideoCrafter,1,True
fake_00275,1,"[[-11.90428352355957, 19.091087341308594], [-11.904253005981445, 19.09096908569336], [-11.904080390930176, 19.090696334838867], [-11.904064178466797, 19.09081268310547], [-11.904017448425293, 19.090618133544922], [-11.904109954833984, 19.090726852416992], [-11.903611183166504, 19.089845657348633], [-11.903458595275879, 19.089351654052734], [-11.903670310974121, 19.089752197265625]]","[1.0, 1.0, 1.0, 1.0, 1.0, 1.0, 1.0, 1.0, 1.0]",aigvd_common1000,1,,1.0,W5R52mgaBgk_13_85to215.mp4,F:\MEngDatasets\AIGVDBench\videos\OpenSource\T2V\LTX\videos\W5R52mgaBgk_13_85to215.mp4,test,1,fake,OpenSource,T2V,LTX,OpenSource_T2V_LTX,1,True
fake_00276,1,"[[-15.086987495422363, 20.116424560546875], [-15.087267875671387, 20.11690902709961], [-15.08701229095459, 20.116464614868164], [-15.086736679077148, 20.11597442626953]]","[1.0, 1.0, 1.0, 1.0]",aigvd_common1000,1,,1.0,eENFTG4UQsI_3_337to522.mp4,F:\MEngDatasets\AIGVDBench\videos\OpenSource\T2V\IPOC\videos\eENFTG4UQsI_3_337to522.mp4,test,1,fake,OpenSource,T2V,IPOC,OpenSource_T2V_IPOC,1,True
fake_00277,1,"[[-11.523822784423828, 13.633931159973145], [-11.524019241333008, 13.634140014648438], [-11.524602890014648, 13.634846687316895], [-11.524795532226562, 13.635085105895996], [-11.524725914001465, 13.634989738464355], [-11.524266242980957, 13.634486198425293], [-11.524107933044434, 13.63426685333252], [-11.524133682250977, 13.634332656860352], [-11.524120330810547, 13.634285926818848]]","[1.0, 1.0, 1.0, 1.0, 1.0, 1.0, 1.0, 1.0, 1.0]",aigvd_common1000,1,,1.0,7TCW9wOxAWk_48_0to214.mp4,F:\MEngDatasets\AIGVDBench\videos\OpenSource\T2V\LTX\videos\7TCW9wOxAWk_48_0to214.mp4,test,1,fake,OpenSource,T2V,LTX,OpenSource_T2V_LTX,1,True
fake_00278,1,"[[5.6899094581604, -5.568027973175049], [5.689900875091553, -5.568017482757568], [5.689913749694824, -5.56803035736084], [5.68967866897583, -5.56779670715332]]","[1.2904295545013156e-05, 1.2904541108582634e-05, 1.2904209143016487e-05, 1.2910265468235593e-05]",aigvd_common1000,1,,1.2904541108582634e-05,bG8EwSG8Hh4_1_0to149.mp4,F:\MEngDatasets\AIGVDBench\videos\OpenSource\I2V\LTX\videos\bG8EwSG8Hh4_1_0to149.mp4,test,1,fake,OpenSource,I2V,LTX,OpenSource_I2V_LTX,0,False
fake_00279,1,"[-12.87692928314209, 17.03843116760254]",1.0,aigvd_common1000,1,,1.0,02M4tj70Ju0_20_0to116.mp4,F:\MEngDatasets\AIGVDBench\videos\OpenSource\I2V\SVD\videos\02M4tj70Ju0_20_0to116.mp4,test,1,fake,OpenSource,I2V,SVD,OpenSource_I2V_SVD,1,True
fake_00280,1,"[[-16.986326217651367, 23.855249404907227], [-16.986284255981445, 23.855148315429688], [-16.986421585083008, 23.855409622192383]]","[1.0, 1.0, 1.0]",aigvd_common1000,1,,1.0,4cvgTuAaMDM_1_0to181.mp4,F:\MEngDatasets\AIGVDBench\videos\OpenSource\T2V\Open-Sora\videos\4cvgTuAaMDM_1_0to181.mp4,test,1,fake,OpenSource,T2V,Open-Sora,OpenSource_T2V_Open-Sora,1,True
fake_00281,1,"[[-10.859369277954102, 16.298954010009766], [-10.859241485595703, 16.298789978027344], [-10.858736038208008, 16.298025131225586]]","[1.0, 1.0, 1.0]",aigvd_common1000,1,,1.0,90u26k64J9A_14_0to144.mp4,F:\MEngDatasets\AIGVDBench\videos\OpenSource\T2V\AccVideo\videos\90u26k64J9A_14_0to144.mp4,test,1,fake,OpenSource,T2V,AccVideo,OpenSource_T2V_AccVideo,1,True
fake_00282,1,"[[-17.119033813476562, 24.090147018432617], [-17.118988037109375, 24.090085983276367], [-17.11905288696289, 24.0902042388916]]","[1.0, 1.0, 1.0]",aigvd_common1000,1,,1.0,Vh2cObLYHJ8_13_0to496.mp4,F:\MEngDatasets\AIGVDBench\videos\OpenSource\T2V\HunyuanVideo\videos\Vh2cObLYHJ8_13_0to496.mp4,test,1,fake,OpenSource,T2V,HunyuanVideo,OpenSource_T2V_HunyuanVideo,1,True
fake_00283,1,"[[-10.214497566223145, 12.878793716430664], [-10.214947700500488, 12.879376411437988], [-10.214599609375, 12.878899574279785], [-10.21526050567627, 12.87974739074707], [-10.215571403503418, 12.880176544189453], [-10.215290069580078, 12.879837989807129], [-10.215518951416016, 12.880206108093262], [-10.215248107910156, 12.879828453063965]]","[1.0, 1.0, 1.0, 1.0, 1.0, 1.0, 1.0, 1.0]",aigvd_common1000,1,,1.0,7TCW9wOxAWk_48_0to214.mp4,F:\MEngDatasets\AIGVDBench\videos\OpenSource\T2V\Pyramid-Flow\videos\7TCW9wOxAWk_48_0to214.mp4,test,1,fake,OpenSource,T2V,Pyramid-Flow,OpenSource_T2V_Pyramid-Flow,1,True
fake_00284,1,"[-15.8566312789917, 20.265735626220703]",1.0,aigvd_common1000,1,,1.0,o82SKvbybvY_14_104to700.mp4,F:\MEngDatasets\AIGVDBench\videos\OpenSource\I2V\SVD\videos\o82SKvbybvY_14_104to700.mp4,test,1,fake,OpenSource,I2V,SVD,OpenSource_I2V_SVD,1,True
fake_00285,1,"[[-9.417766571044922, 11.624137878417969], [-9.417621612548828, 11.623905181884766], [-9.418389320373535, 11.624974250793457], [-9.418997764587402, 11.625848770141602], [-9.41907024383545, 11.625941276550293], [-9.420121192932129, 11.6273832321167], [-9.420356750488281, 11.627703666687012], [-9.420629501342773, 11.6280517578125]]","[1.0, 1.0, 1.0, 1.0, 1.0, 1.0, 1.0, 1.0]",aigvd_common1000,1,,1.0,vUVwNN47Uv0_7_1227to1461.mp4,F:\MEngDatasets\AIGVDBench\videos\OpenSource\I2V\Pyramid-Flow\videos\vUVwNN47Uv0_7_1227to1461.mp4,test,1,fake,OpenSource,I2V,Pyramid-Flow,OpenSource_I2V_Pyramid-Flow,1,True
fake_00286,1,"[[-10.0357084274292, 13.440585136413574], [-10.035602569580078, 13.440464973449707], [-10.03581714630127, 13.440825462341309], [-10.035489082336426, 13.440360069274902]]","[1.0, 1.0, 1.0, 1.0]",aigvd_common1000,1,,1.0,xPcAfdYCj5k_136_0to424.mp4,F:\MEngDatasets\AIGVDBench\videos\OpenSource\T2V\EasyAnimate\videos\xPcAfdYCj5k_136_0to424.mp4,test,1,fake,OpenSource,T2V,EasyAnimate,OpenSource_T2V_EasyAnimate,1,True
fake_00287,1,"[[4.19210958480835, -4.668893814086914], [4.1920342445373535, -4.668797492980957], [4.192037105560303, -4.668825149536133]]","[0.00014179250865709037, 0.00014181686856318265, 0.00014181254664435983]",aigvd_common1000,1,,0.00014181686856318265,r03AuoH00eM_5_399to542.mp4,F:\MEngDatasets\AIGVDBench\videos\OpenSource\T2V\AccVideo\videos\r03AuoH00eM_5_399to542.mp4,test,1,fake,OpenSource,T2V,AccVideo,OpenSource_T2V_AccVideo,0,False
fake_00288,1,"[[-7.263921737670898, 8.548531532287598], [-7.263599872589111, 8.548110961914062], [-7.263644695281982, 8.548189163208008], [-7.26363468170166, 8.548171997070312]]","[0.9999998807907104, 0.9999998807907104, 0.9999998807907104, 0.9999998807907104]",aigvd_common1000,1,,0.9999998807907104,y3vyO-025CI_3_0to339.mp4,F:\MEngDatasets\AIGVDBench\videos\OpenSource\V2V\Cogvideox1.5\videos\y3vyO-025CI_3_0to339.mp4,test,1,fake,OpenSource,V2V,Cogvideox1.5,OpenSource_V2V_Cogvideox1.5,1,True
fake_00289,1,"[-13.069533348083496, 18.012468338012695]",1.0,aigvd_common1000,1,,1.0,gcgj6G8r-IQ_28_24to180.mp4,F:\MEngDatasets\AIGVDBench\videos\OpenSource\I2V\SVD\videos\gcgj6G8r-IQ_28_24to180.mp4,test,1,fake,OpenSource,I2V,SVD,OpenSource_I2V_SVD,1,True
fake_00290,1,"[-6.04376220703125, 7.889796733856201]",0.9999991655349731,aigvd_common1000,1,,0.9999991655349731,jty7y2KedUE_23_0to259.mp4,F:\MEngDatasets\AIGVDBench\videos\OpenSource\I2V\SVD\videos\jty7y2KedUE_23_0to259.mp4,test,1,fake,OpenSource,I2V,SVD,OpenSource_I2V_SVD,1,True
fake_00291,1,"[[-9.29468822479248, 15.14624309539795], [-9.294861793518066, 15.146586418151855], [-9.294865608215332, 15.146608352661133]]","[1.0, 1.0, 1.0]",aigvd_common1000,1,,1.0,W5R52mgaBgk_13_85to215.mp4,F:\MEngDatasets\AIGVDBench\videos\OpenSource\T2V\HunyuanVideo\videos\W5R52mgaBgk_13_85to215.mp4,test,1,fake,OpenSource,T2V,HunyuanVideo,OpenSource_T2V_HunyuanVideo,1,True
fake_00292,1,"[[-0.17316552996635437, 0.3134940266609192], [-0.17238260805606842, 0.3125521242618561], [-0.17237864434719086, 0.3125477731227875]]","[0.6193192005157471, 0.6189124584197998, 0.618910551071167]",aigvd_common1000,1,,0.6189124584197998,bG8EwSG8Hh4_1_0to149.mp4,F:\MEngDatasets\AIGVDBench\videos\OpenSource\T2V\Cogvideox1.5\videos\bG8EwSG8Hh4_1_0to149.mp4,test,1,fake,OpenSource,T2V,Cogvideox1.5,OpenSource_T2V_Cogvideox1.5,1,True
fake_00293,1,"[[-11.696703910827637, 13.257050514221191], [-11.696516990661621, 13.256739616394043], [-11.696755409240723, 13.257316589355469]]","[1.0, 1.0, 1.0]",aigvd_common1000,1,,1.0,QRYsvqSzYuE_43_455to1014.mp4,F:\MEngDatasets\AIGVDBench\videos\OpenSource\T2V\Cogvideox1.5\videos\QRYsvqSzYuE_43_455to1014.mp4,test,1,fake,OpenSource,T2V,Cogvideox1.5,OpenSource_T2V_Cogvideox1.5,1,True
fake_00294,1,"[-4.084661483764648, 6.343301773071289]",0.9999704360961914,aigvd_common1000,1,,0.9999704360961914,smJlYSVS9Ds_340_112to226.mp4,F:\MEngDatasets\AIGVDBench\videos\OpenSource\T2V\AnimateDiff\home\lma\Benchmark\bench\opensource\T2V\AnimateDiff\videos\smJlYSVS9Ds_340_112to226.mp4,test,1,fake,OpenSource,T2V,AnimateDiff,OpenSource_T2V_AnimateDiff,1,True
fake_00295,1,"[[-14.511618614196777, 20.100326538085938], [-14.5116605758667, 20.100358963012695], [-14.511678695678711, 20.100309371948242], [-14.5117826461792, 20.10053062438965]]","[1.0, 1.0, 1.0, 1.0]",aigvd_common1000,1,,1.0,Vh2cObLYHJ8_13_0to496.mp4,F:\MEngDatasets\AIGVDBench\videos\OpenSource\V2V\LTX\videos\Vh2cObLYHJ8_13_0to496.mp4,test,1,fake,OpenSource,V2V,LTX,OpenSource_V2V_LTX,1,True
fake_00296,1,"[[-20.83367156982422, 29.78246307373047], [-20.834247589111328, 29.783477783203125], [-20.833784103393555, 29.78276252746582], [-20.833871841430664, 29.78277015686035]]","[1.0, 1.0, 1.0, 1.0]",aigvd_common1000,1,,1.0,90u26k64J9A_14_0to144.mp4,F:\MEngDatasets\AIGVDBench\videos\OpenSource\I2V\EasyAnimate\videos\90u26k64J9A_14_0to144.mp4,test,1,fake,OpenSource,I2V,EasyAnimate,OpenSource_I2V_EasyAnimate,1,True
fake_00297,1,"[[-17.520164489746094, 24.78767967224121], [-17.52008056640625, 24.787485122680664], [-17.52029800415039, 24.787891387939453], [-17.52057647705078, 24.788434982299805]]","[1.0, 1.0, 1.0, 1.0]",aigvd_common1000,1,,1.0,W5R52mgaBgk_13_85to215.mp4,F:\MEngDatasets\AIGVDBench\videos\OpenSource\V2V\LTX\videos\W5R52mgaBgk_13_85to215.mp4,test,1,fake,OpenSource,V2V,LTX,OpenSource_V2V_LTX,1,True
fake_00298,1,"[-14.035733222961426, 21.10926628112793]",1.0,aigvd_common1000,1,,1.0,W5R52mgaBgk_13_85to215.mp4,F:\MEngDatasets\AIGVDBench\videos\OpenSource\T2V\VideoCrafter\videos\W5R52mgaBgk_13_85to215.mp4,test,1,fake,OpenSource,T2V,VideoCrafter,OpenSource_T2V_VideoCrafter,1,True
fake_00299,1,"[[-9.688735961914062, 13.613195419311523], [-9.688762664794922, 13.613224983215332], [-9.688736915588379, 13.613187789916992], [-9.688730239868164, 13.613176345825195], [-9.68891429901123, 13.613395690917969], [-9.688973426818848, 13.6134614944458], [-9.68890380859375, 13.613340377807617], [-9.688867568969727, 13.613234519958496]]","[1.0, 1.0, 1.0, 1.0, 1.0, 1.0, 1.0, 1.0]",aigvd_common1000,1,,1.0,HlRfdCWGMzI_22_114to219.mp4,F:\MEngDatasets\AIGVDBench\videos\OpenSource\T2V\Pyramid-Flow\videos\HlRfdCWGMzI_22_114to219.mp4,test,1,fake,OpenSource,T2V,Pyramid-Flow,OpenSource_T2V_Pyramid-Flow,1,True
fake_00300,1,"[[-18.060592651367188, 27.67180824279785], [-18.06102752685547, 27.6729793548584], [-18.060810089111328, 27.673023223876953], [-18.061132431030273, 27.673097610473633]]","[1.0, 1.0, 1.0, 1.0]",aigvd_common1000,1,,1.0,0BPQnk47p6M_2_55to191.mp4,F:\MEngDatasets\AIGVDBench\videos\OpenSource\I2V\EasyAnimate\videos\0BPQnk47p6M_2_55to191.mp4,test,1,fake,OpenSource,I2V,EasyAnimate,OpenSource_I2V_EasyAnimate,1,True
fake_00301,1,"[[-6.463645935058594, 9.325064659118652], [-6.463560581207275, 9.324902534484863], [-6.463470458984375, 9.3247709274292], [-6.463582992553711, 9.324919700622559]]","[0.9999998807907104, 0.9999998807907104, 0.9999998807907104, 0.9999998807907104]",aigvd_common1000,1,,0.9999998807907104,50KDhKUOrqI_57_294to582.mp4,F:\MEngDatasets\AIGVDBench\videos\OpenSource\V2V\Cogvideox1.5\videos\50KDhKUOrqI_57_294to582.mp4,test,1,fake,OpenSource,V2V,Cogvideox1.5,OpenSource_V2V_Cogvideox1.5,1,True
fake_00302,1,"[[-9.877116203308105, 13.072270393371582], [-9.874913215637207, 13.069999694824219], [-9.875694274902344, 13.070831298828125], [-9.875899314880371, 13.070987701416016], [-9.875840187072754, 13.070897102355957], [-9.875798225402832, 13.070853233337402], [-9.875280380249023, 13.070307731628418], [-9.875252723693848, 13.070281982421875]]","[1.0, 1.0, 1.0, 1.0, 1.0, 1.0, 1.0, 1.0]",aigvd_common1000,1,,1.0,eENFTG4UQsI_3_337to522.mp4,F:\MEngDatasets\AIGVDBench\videos\OpenSource\T2V\Wan2.1\videos\eENFTG4UQsI_3_337to522.mp4,test,1,fake,OpenSource,T2V,Wan2.1,OpenSource_T2V_Wan2.1,1,True
fake_00303,1,"[[-19.261180877685547, 24.50057029724121], [-19.261295318603516, 24.500696182250977], [-19.26279640197754, 24.50227165222168], [-19.261394500732422, 24.500835418701172]]","[1.0, 1.0, 1.0, 1.0]",aigvd_common1000,1,,1.0,eENFTG4UQsI_3_337to522.mp4,F:\MEngDatasets\AIGVDBench\videos\OpenSource\I2V\EasyAnimate\videos\eENFTG4UQsI_3_337to522.mp4,test,1,fake,OpenSource,I2V,EasyAnimate,OpenSource_I2V_EasyAnimate,1,True
fake_00304,1,"[[-8.37767219543457, 11.581239700317383], [-8.377812385559082, 11.581345558166504], [-8.377957344055176, 11.581535339355469], [-8.37790584564209, 11.581314086914062]]","[1.0, 1.0, 1.0, 1.0]",aigvd_common1000,1,,1.0,o82SKvbybvY_14_104to700.mp4,F:\MEngDatasets\AIGVDBench\videos\OpenSource\V2V\Cogvideox1.5\videos\o82SKvbybvY_14_104to700.mp4,test,1,fake,OpenSource,V2V,Cogvideox1.5,OpenSource_V2V_Cogvideox1.5,1,True
fake_00305,1,"[[-2.2521045207977295, 3.7393250465393066], [-2.2521426677703857, 3.739367961883545], [-2.2521378993988037, 3.7393031120300293]]","[0.9975062012672424, 0.997506320476532, 0.9975062012672424]",aigvd_common1000,1,,0.997506320476532,xPcAfdYCj5k_136_0to424.mp4,F:\MEngDatasets\AIGVDBench\videos\OpenSource\T2V\Cogvideox1.5\videos\xPcAfdYCj5k_136_0to424.mp4,test,1,fake,OpenSource,T2V,Cogvideox1.5,OpenSource_T2V_Cogvideox1.5,1,True
fake_00306,1,"[[-7.040995121002197, 9.245626449584961], [-7.040816307067871, 9.245331764221191], [-7.040666580200195, 9.245089530944824], [-7.040760040283203, 9.245294570922852]]","[0.9999998807907104, 0.9999998807907104, 0.9999998807907104, 0.9999998807907104]",aigvd_common1000,1,,0.9999998807907104,o82SKvbybvY_14_104to700.mp4,F:\MEngDatasets\AIGVDBench\videos\OpenSource\T2V\RepVideo\videos\o82SKvbybvY_14_104to700.mp4,test,1,fake,OpenSource,T2V,RepVideo,OpenSource_T2V_RepVideo,1,True
fake_00307,1,"[[-10.338990211486816, 12.548142433166504], [-10.338995933532715, 12.54814624786377], [-10.33923053741455, 12.54849910736084], [-10.33922290802002, 12.548473358154297]]","[1.0, 1.0, 1.0, 1.0]",aigvd_common1000,1,,1.0,Vh2cObLYHJ8_13_0to496.mp4,F:\MEngDatasets\AIGVDBench\videos\OpenSource\V2V\Cogvideox1.5\videos\Vh2cObLYHJ8_13_0to496.mp4,test,1,fake,OpenSource,V2V,Cogvideox1.5,OpenSource_V2V_Cogvideox1.5,1,True
fake_00308,1,"[[-9.981022834777832, 12.523231506347656], [-9.980948448181152, 12.522992134094238], [-9.980626106262207, 12.522558212280273], [-9.98046588897705, 12.522273063659668]]","[1.0, 1.0, 1.0, 1.0]",aigvd_common1000,1,,1.0,HlRfdCWGMzI_22_114to219.mp4,F:\MEngDatasets\AIGVDBench\videos\OpenSource\V2V\Cogvideox1.5\videos\HlRfdCWGMzI_22_114to219.mp4,test,1,fake,OpenSource,V2V,Cogvideox1.5,OpenSource_V2V_Cogvideox1.5,1,True
fake_00309,1,"[[-23.21656608581543, 31.564041137695312], [-23.21588134765625, 31.563173294067383], [-23.215505599975586, 31.562782287597656], [-23.215160369873047, 31.56242561340332]]","[1.0, 1.0, 1.0, 1.0]",aigvd_common1000,1,,1.0,eENFTG4UQsI_3_337to522.mp4,F:\MEngDatasets\AIGVDBench\videos\OpenSource\V2V\Cogvideox1.5\videos\eENFTG4UQsI_3_337to522.mp4,test,1,fake,OpenSource,V2V,Cogvideox1.5,OpenSource_V2V_Cogvideox1.5,1,True
fake_00310,1,"[[-5.692046642303467, 8.159422874450684], [-5.692314624786377, 8.15984058380127], [-5.692139625549316, 8.159578323364258], [-5.69210958480835, 8.159435272216797]]","[0.9999990463256836, 0.9999990463256836, 0.9999990463256836, 0.9999990463256836]",aigvd_common1000,1,,0.9999990463256836,90u26k64J9A_14_0to144.mp4,F:\MEngDatasets\AIGVDBench\videos\OpenSource\V2V\Cogvideox1.5\videos\90u26k64J9A_14_0to144.mp4,test,1,fake,OpenSource,V2V,Cogvideox1.5,OpenSource_V2V_Cogvideox1.5,1,True
fake_00311,1,"[[-15.77863883972168, 19.649864196777344], [-15.778429985046387, 19.649694442749023], [-15.778297424316406, 19.64942741394043], [-15.778406143188477, 19.649559020996094], [-15.778946876525879, 19.650297164916992], [-15.779128074645996, 19.650476455688477], [-15.779322624206543, 19.650726318359375], [-15.779004096984863, 19.650243759155273]]","[1.0, 1.0, 1.0, 1.0, 1.0, 1.0, 1.0, 1.0]",aigvd_common1000,1,,1.0,NWYRv_MKaA8_10_24to132.mp4,F:\MEngDatasets\AIGVDBench\videos\OpenSource\T2V\Pyramid-Flow\videos\NWYRv_MKaA8_10_24to132.mp4,test,1,fake,OpenSource,T2V,Pyramid-Flow,OpenSource_T2V_Pyramid-Flow,1,True
fake_00312,1,"[[-13.634132385253906, 18.795961380004883], [-13.633790969848633, 18.795373916625977], [-13.633916854858398, 18.795621871948242]]","[1.0, 1.0, 1.0]",aigvd_common1000,1,,1.0,Vh2cObLYHJ8_13_0to496.mp4,F:\MEngDatasets\AIGVDBench\videos\OpenSource\T2V\Cogvideox1.5\videos\Vh2cObLYHJ8_13_0to496.mp4,test,1,fake,OpenSource,T2V,Cogvideox1.5,OpenSource_T2V_Cogvideox1.5,1,True
fake_00313,1,"[[-7.989997386932373, 11.192767143249512], [-7.99027681350708, 11.193122863769531], [-7.990497589111328, 11.193469047546387]]","[1.0, 1.0, 1.0]",aigvd_common1000,1,,1.0,gcgj6G8r-IQ_28_24to180.mp4,F:\MEngDatasets\AIGVDBench\videos\OpenSource\T2V\Open-Sora\videos\gcgj6G8r-IQ_28_24to180.mp4,test,1,fake,OpenSource,T2V,Open-Sora,OpenSource_T2V_Open-Sora,1,True
fake_00314,1,"[[-22.913190841674805, 33.021156311035156], [-22.913185119628906, 33.02115249633789], [-22.912979125976562, 33.02078628540039], [-22.913148880004883, 33.02110290527344], [-22.91305160522461, 33.020904541015625], [-22.913101196289062, 33.02101516723633], [-22.913475036621094, 33.021690368652344], [-22.912952423095703, 33.02077865600586]]","[1.0, 1.0, 1.0, 1.0, 1.0, 1.0, 1.0, 1.0]",aigvd_common1000,1,,1.0,Vh2cObLYHJ8_13_0to496.mp4,F:\MEngDatasets\AIGVDBench\videos\OpenSource\T2V\Pyramid-Flow\videos\Vh2cObLYHJ8_13_0to496.mp4,test,1,fake,OpenSource,T2V,Pyramid-Flow,OpenSource_T2V_Pyramid-Flow,1,True
fake_00315,1,"[[-14.740671157836914, 18.86012840270996], [-14.740137100219727, 18.859394073486328], [-14.739938735961914, 18.859121322631836], [-14.74042797088623, 18.85971450805664], [-14.741930961608887, 18.861711502075195], [-14.742325782775879, 18.862192153930664], [-14.741842269897461, 18.861623764038086], [-14.742501258850098, 18.862415313720703]]","[1.0, 1.0, 1.0, 1.0, 1.0, 1.0, 1.0, 1.0]",aigvd_common1000,1,,1.0,y3vyO-025CI_3_0to339.mp4,F:\MEngDatasets\AIGVDBench\videos\OpenSource\T2V\Pyramid-Flow\videos\y3vyO-025CI_3_0to339.mp4,test,1,fake,OpenSource,T2V,Pyramid-Flow,OpenSource_T2V_Pyramid-Flow,1,True
fake_00316,1,"[[-14.565211296081543, 20.911664962768555], [-14.56566047668457, 20.912277221679688], [-14.56507396697998, 20.91102409362793], [-14.565407752990723, 20.91160774230957]]","[1.0, 1.0, 1.0, 1.0]",aigvd_common1000,1,,1.0,4cvgTuAaMDM_1_0to181.mp4,F:\MEngDatasets\AIGVDBench\videos\OpenSource\I2V\EasyAnimate\videos\4cvgTuAaMDM_1_0to181.mp4,test,1,fake,OpenSource,I2V,EasyAnimate,OpenSource_I2V_EasyAnimate,1,True
fake_00317,1,"[[-6.829268932342529, 10.034255981445312], [-6.829108238220215, 10.034099578857422], [-6.8289570808410645, 10.033744812011719], [-6.828975200653076, 10.033455848693848]]","[1.0, 1.0, 1.0, 1.0]",aigvd_common1000,1,,1.0,vUVwNN47Uv0_7_1227to1461.mp4,F:\MEngDatasets\AIGVDBench\videos\OpenSource\V2V\Cogvideox1.5\videos\vUVwNN47Uv0_7_1227to1461.mp4,test,1,fake,OpenSource,V2V,Cogvideox1.5,OpenSource_V2V_Cogvideox1.5,1,True
fake_00318,1,"[[-11.295157432556152, 17.595556259155273], [-11.295120239257812, 17.595487594604492], [-11.295373916625977, 17.595888137817383]]","[1.0, 1.0, 1.0]",aigvd_common1000,1,,1.0,guL5esGDFbk_11_0to163.mp4,F:\MEngDatasets\AIGVDBench\videos\OpenSource\T2V\Open-Sora\videos\guL5esGDFbk_11_0to163.mp4,test,1,fake,OpenSource,T2V,Open-Sora,OpenSource_T2V_Open-Sora,1,True
fake_00319,1,"[-13.124252319335938, 17.411712646484375]",1.0,aigvd_common1000,1,,1.0,Vh2cObLYHJ8_13_0to496.mp4,F:\MEngDatasets\AIGVDBench\videos\OpenSource\I2V\SEINE\videos\Vh2cObLYHJ8_13_0to496.mp4,test,1,fake,OpenSource,I2V,SEINE,OpenSource_I2V_SEINE,1,True
fake_00320,1,"[[-4.0084357261657715, 6.374518871307373], [-4.008280277252197, 6.374255180358887], [-4.008461952209473, 6.374563217163086], [-4.008160591125488, 6.374124050140381]]","[0.9999690055847168, 0.9999690055847168, 0.9999690055847168, 0.9999690055847168]",aigvd_common1000,1,,0.9999690055847168,xPcAfdYCj5k_136_0to424.mp4,F:\MEngDatasets\AIGVDBench\videos\OpenSource\V2V\Cogvideox1.5\videos\xPcAfdYCj5k_136_0to424.mp4,test,1,fake,OpenSource,V2V,Cogvideox1.5,OpenSource_V2V_Cogvideox1.5,1,True
fake_00321,1,"[-10.126398086547852, 13.194445610046387]",1.0,aigvd_common1000,1,,1.0,7TCW9wOxAWk_48_0to214.mp4,F:\MEngDatasets\AIGVDBench\videos\OpenSource\T2V\VideoCrafter\videos\7TCW9wOxAWk_48_0to214.mp4,test,1,fake,OpenSource,T2V,VideoCrafter,OpenSource_T2V_VideoCrafter,1,True
fake_00322,1,"[[-7.397924900054932, 9.490839004516602], [-7.397900104522705, 9.490801811218262], [-7.397623538970947, 9.490216255187988], [-7.397824287414551, 9.490476608276367], [-7.397877216339111, 9.490797996520996], [-7.397714138031006, 9.490462303161621], [-7.397978782653809, 9.49100112915039], [-7.398414134979248, 9.491837501525879], [-7.398364543914795, 9.491747856140137]]","[1.0, 1.0, 1.0, 1.0, 1.0, 1.0, 1.0, 1.0, 1.0]",aigvd_common1000,1,,1.0,HlRfdCWGMzI_22_114to219.mp4,F:\MEngDatasets\AIGVDBench\videos\OpenSource\T2V\LTX\videos\HlRfdCWGMzI_22_114to219.mp4,test,1,fake,OpenSource,T2V,LTX,OpenSource_T2V_LTX,1,True
fake_00323,1,"[[-3.490407705307007, 4.935260772705078], [-3.4905779361724854, 4.935454845428467], [-3.4904134273529053, 4.93524169921875], [-3.490424394607544, 4.935161590576172]]","[0.9997808337211609, 0.9997809529304504, 0.9997808337211609, 0.9997808337211609]",aigvd_common1000,1,,0.9997809529304504,xPcAfdYCj5k_136_0to424.mp4,F:\MEngDatasets\AIGVDBench\videos\OpenSource\V2V\LTX\videos\xPcAfdYCj5k_136_0to424.mp4,test,1,fake,OpenSource,V2V,LTX,OpenSource_V2V_LTX,1,True
fake_00324,1,"[[-6.745269775390625, 8.799738883972168], [-6.745469570159912, 8.80003833770752], [-6.745308876037598, 8.799781799316406]]","[0.9999998807907104, 0.9999998807907104, 0.9999998807907104]",aigvd_common1000,1,,0.9999998807907104,guL5esGDFbk_11_0to163.mp4,F:\MEngDatasets\AIGVDBench\videos\OpenSource\T2V\HunyuanVideo\videos\guL5esGDFbk_11_0to163.mp4,test,1,fake,OpenSource,T2V,HunyuanVideo,OpenSource_T2V_HunyuanVideo,1,True
fake_00325,1,"[-9.998074531555176, 14.662474632263184]",1.0,aigvd_common1000,1,,1.0,nhskgJQ5XMU_202_0to114.mp4,F:\MEngDatasets\AIGVDBench\videos\OpenSource\T2V\AnimateDiff\home\lma\Benchmark\bench\opensource\T2V\AnimateDiff\videos\nhskgJQ5XMU_202_0to114.mp4,test,1,fake,OpenSource,T2V,AnimateDiff,OpenSource_T2V_AnimateDiff,1,True
fake_00326,1,"[[-12.22191333770752, 19.266563415527344], [-12.222234725952148, 19.26707649230957], [-12.222183227539062, 19.266935348510742], [-12.2224760055542, 19.267375946044922]]","[1.0, 1.0, 1.0, 1.0]",aigvd_common1000,1,,1.0,NWYRv_MKaA8_10_24to132.mp4,F:\MEngDatasets\AIGVDBench\videos\OpenSource\T2V\HunyuanVideo\videos\NWYRv_MKaA8_10_24to132.mp4,test,1,fake,OpenSource,T2V,HunyuanVideo,OpenSource_T2V_HunyuanVideo,1,True
fake_00327,1,"[-17.972183227539062, 23.45872688293457]",1.0,aigvd_common1000,1,,1.0,0BPQnk47p6M_2_55to191.mp4,F:\MEngDatasets\AIGVDBench\videos\OpenSource\I2V\SEINE\videos\0BPQnk47p6M_2_55to191.mp4,test,1,fake,OpenSource,I2V,SEINE,OpenSource_I2V_SEINE,1,True
fake_00328,1,"[[-7.556954383850098, 11.672564506530762], [-7.556911945343018, 11.672457695007324], [-7.5565667152404785, 11.671854972839355], [-7.55622673034668, 11.671284675598145]]","[1.0, 1.0, 1.0, 1.0]",aigvd_common1000,1,,1.0,guL5esGDFbk_11_0to163.mp4,F:\MEngDatasets\AIGVDBench\videos\OpenSource\T2V\IPOC\videos\guL5esGDFbk_11_0to163.mp4,test,1,fake,OpenSource,T2V,IPOC,OpenSource_T2V_IPOC,1,True
fake_00329,1,"[[-13.31169605255127, 18.15309715270996], [-13.311524391174316, 18.152786254882812], [-13.311570167541504, 18.15296173095703]]","[1.0, 1.0, 1.0]",aigvd_common1000,1,,1.0,EHRI1gr4zik_3_323to481.mp4,F:\MEngDatasets\AIGVDBench\videos\OpenSource\T2V\AccVideo\videos\EHRI1gr4zik_3_323to481.mp4,test,1,fake,OpenSource,T2V,AccVideo,OpenSource_T2V_AccVideo,1,True
fake_00330,1,"[[-12.702056884765625, 17.957733154296875], [-12.699334144592285, 17.95416831970215], [-12.699063301086426, 17.953815460205078], [-12.699291229248047, 17.9542293548584], [-12.698295593261719, 17.952869415283203], [-12.69828987121582, 17.952817916870117], [-12.698341369628906, 17.952850341796875], [-12.699009895324707, 17.953699111938477]]","[1.0, 1.0, 1.0, 1.0, 1.0, 1.0, 1.0, 1.0]",aigvd_common1000,1,,1.0,02M4tj70Ju0_20_0to116.mp4,F:\MEngDatasets\AIGVDBench\videos\OpenSource\T2V\Wan2.1\videos\02M4tj70Ju0_20_0to116.mp4,test,1,fake,OpenSource,T2V,Wan2.1,OpenSource_T2V_Wan2.1,1,True
fake_00331,1,"[[-8.691803932189941, 11.653467178344727], [-8.692005157470703, 11.653702735900879], [-8.692243576049805, 11.654065132141113]]","[1.0, 1.0, 1.0]",aigvd_common1000,1,,1.0,7TCW9wOxAWk_48_0to214.mp4,F:\MEngDatasets\AIGVDBench\videos\OpenSource\T2V\AccVideo\videos\7TCW9wOxAWk_48_0to214.mp4,test,1,fake,OpenSource,T2V,AccVideo,OpenSource_T2V_AccVideo,1,True
fake_00332,1,"[[-3.0154688358306885, 4.014471530914307], [-3.015501022338867, 4.014510631561279], [-3.015721559524536, 4.014741897583008]]","[0.9991157650947571, 0.9991158843040466, 0.9991162419319153]",aigvd_common1000,1,,0.9991158843040466,xPcAfdYCj5k_136_0to424.mp4,F:\MEngDatasets\AIGVDBench\videos\OpenSource\T2V\Open-Sora\videos\xPcAfdYCj5k_136_0to424.mp4,test,1,fake,OpenSource,T2V,Open-Sora,OpenSource_T2V_Open-Sora,1,True
fake_00333,1,"[[-14.936980247497559, 20.797348022460938], [-14.936580657958984, 20.796777725219727], [-14.935819625854492, 20.795679092407227]]","[1.0, 1.0, 1.0]",aigvd_common1000,1,,1.0,bG8EwSG8Hh4_1_0to149.mp4,F:\MEngDatasets\AIGVDBench\videos\OpenSource\T2V\HunyuanVideo\videos\bG8EwSG8Hh4_1_0to149.mp4,test,1,fake,OpenSource,T2V,HunyuanVideo,OpenSource_T2V_HunyuanVideo,1,True
fake_00334,1,"[[-2.8595547676086426, 3.8386828899383545], [-2.8594229221343994, 3.838521718978882], [-2.859501361846924, 3.838618278503418], [-2.859607696533203, 3.838750123977661], [-2.859645128250122, 3.838801860809326], [-2.8595988750457764, 3.838742971420288], [-2.859539270401001, 3.838651418685913], [-2.8595972061157227, 3.838726043701172], [-2.8597590923309326, 3.8389203548431396]]","[0.9987683892250061, 0.9987680315971375, 0.9987682700157166, 0.9987685084342957, 0.9987686276435852, 0.9987685084342957, 0.9987683892250061, 0.9987685084342957, 0.9987689852714539]",aigvd_common1000,1,,0.9987680315971375,r03AuoH00eM_5_399to542.mp4,F:\MEngDatasets\AIGVDBench\videos\OpenSource\T2V\LTX\videos\r03AuoH00eM_5_399to542.mp4,test,1,fake,OpenSource,T2V,LTX,OpenSource_T2V_LTX,1,True
fake_00335,1,"[[-8.464839935302734, 10.36551570892334], [-8.46468448638916, 10.365211486816406], [-8.46457576751709, 10.365153312683105]]","[1.0, 1.0, 1.0]",aigvd_common1000,1,,1.0,HlRfdCWGMzI_22_114to219.mp4,F:\MEngDatasets\AIGVDBench\videos\OpenSource\T2V\AccVideo\videos\HlRfdCWGMzI_22_114to219.mp4,test,1,fake,OpenSource,T2V,AccVideo,OpenSource_T2V_AccVideo,1,True
fake_00336,1,"[[-8.698909759521484, 13.390210151672363], [-8.699190139770508, 13.39089584350586], [-8.698956489562988, 13.390326499938965], [-8.698933601379395, 13.390206336975098]]","[1.0, 1.0, 1.0, 1.0]",aigvd_common1000,1,,1.0,50KDhKUOrqI_57_294to582.mp4,F:\MEngDatasets\AIGVDBench\videos\OpenSource\T2V\EasyAnimate\videos\50KDhKUOrqI_57_294to582.mp4,test,1,fake,OpenSource,T2V,EasyAnimate,OpenSource_T2V_EasyAnimate,1,True
fake_00337,1,"[[-6.76116418838501, 9.124122619628906], [-6.761277675628662, 9.12427806854248], [-6.761348247528076, 9.124419212341309], [-6.761260032653809, 9.124300956726074], [-6.761213779449463, 9.12420654296875], [-6.761148452758789, 9.124094009399414], [-6.761136054992676, 9.124032974243164], [-6.760982990264893, 9.123869895935059]]","[0.9999998807907104, 0.9999998807907104, 0.9999998807907104, 0.9999998807907104, 0.9999998807907104, 0.9999998807907104, 0.9999998807907104, 0.9999998807907104]",aigvd_common1000,1,,0.9999998807907104,50KDhKUOrqI_57_294to582.mp4,F:\MEngDatasets\AIGVDBench\videos\OpenSource\I2V\Pyramid-Flow\videos\50KDhKUOrqI_57_294to582.mp4,test,1,fake,OpenSource,I2V,Pyramid-Flow,OpenSource_I2V_Pyramid-Flow,1,True
fake_00338,1,"[-3.9709250926971436, 3.7146999835968018]",0.9995408058166504,aigvd_common1000,1,,0.9995408058166504,QRYsvqSzYuE_43_455to1014.mp4,F:\MEngDatasets\AIGVDBench\videos\OpenSource\I2V\SVD\videos\QRYsvqSzYuE_43_455to1014.mp4,test,1,fake,OpenSource,I2V,SVD,OpenSource_I2V_SVD,1,True
fake_00339,1,"[[-3.2740890979766846, 3.9630544185638428], [-3.274012327194214, 3.962919235229492], [-3.2740790843963623, 3.963031053543091], [-3.2741177082061768, 3.9630959033966064]]","[0.9992812275886536, 0.9992809891700745, 0.999281108379364, 0.9992812275886536]",aigvd_common1000,1,,0.9992809891700745,r03AuoH00eM_5_399to542.mp4,F:\MEngDatasets\AIGVDBench\videos\OpenSource\T2V\EasyAnimate\videos\r03AuoH00eM_5_399to542.mp4,test,1,fake,OpenSource,T2V,EasyAnimate,OpenSource_T2V_EasyAnimate,1,True
fake_00340,1,"[[-11.589822769165039, 14.204984664916992], [-11.58985710144043, 14.204888343811035], [-11.5901460647583, 14.205251693725586], [-11.590242385864258, 14.205318450927734]]","[1.0, 1.0, 1.0, 1.0]",aigvd_common1000,1,,1.0,gcgj6G8r-IQ_28_24to180.mp4,F:\MEngDatasets\AIGVDBench\videos\OpenSource\T2V\RepVideo\videos\gcgj6G8r-IQ_28_24to180.mp4,test,1,fake,OpenSource,T2V,RepVideo,OpenSource_T2V_RepVideo,1,True
fake_00341,1,"[-11.078455924987793, 17.64460563659668]",1.0,aigvd_common1000,1,,1.0,smJlYSVS9Ds_340_112to226.mp4,F:\MEngDatasets\AIGVDBench\videos\OpenSource\I2V\SVD\videos\smJlYSVS9Ds_340_112to226.mp4,test,1,fake,OpenSource,I2V,SVD,OpenSource_I2V_SVD,1,True
fake_00342,1,"[[-12.25792121887207, 17.64800453186035], [-12.257990837097168, 17.648052215576172], [-12.25821304321289, 17.648393630981445], [-12.258149147033691, 17.648300170898438]]","[1.0, 1.0, 1.0, 1.0]",aigvd_common1000,1,,1.0,nhskgJQ5XMU_202_0to114.mp4,F:\MEngDatasets\AIGVDBench\videos\OpenSource\T2V\IPOC\videos\nhskgJQ5XMU_202_0to114.mp4,test,1,fake,OpenSource,T2V,IPOC,OpenSource_T2V_IPOC,1,True
fake_00343,1,"[-24.359569549560547, 33.0419807434082]",1.0,aigvd_common1000,1,,1.0,eENFTG4UQsI_3_337to522.mp4,F:\MEngDatasets\AIGVDBench\videos\OpenSource\I2V\VideoCrafter\videos\eENFTG4UQsI_3_337to522.mp4,test,1,fake,OpenSource,I2V,VideoCrafter,OpenSource_I2V_VideoCrafter,1,True
fake_00344,1,"[[-11.52765941619873, 15.285738945007324], [-11.5281400680542, 15.286601066589355], [-11.527497291564941, 15.285503387451172], [-11.527090072631836, 15.284883499145508]]","[1.0, 1.0, 1.0, 1.0]",aigvd_common1000,1,,1.0,y3vyO-025CI_3_0to339.mp4,F:\MEngDatasets\AIGVDBench\videos\OpenSource\T2V\RepVideo\videos\y3vyO-025CI_3_0to339.mp4,test,1,fake,OpenSource,T2V,RepVideo,OpenSource_T2V_RepVideo,1,True
fake_00345,1,"[[-14.6961088180542, 21.43819808959961], [-14.696310043334961, 21.438444137573242], [-14.696442604064941, 21.438594818115234], [-14.696599006652832, 21.438961029052734], [-14.696757316589355, 21.439132690429688], [-14.696269989013672, 21.438302993774414], [-14.69646167755127, 21.4387149810791], [-14.696333885192871, 21.43846893310547]]","[1.0, 1.0, 1.0, 1.0, 1.0, 1.0, 1.0, 1.0]",aigvd_common1000,1,,1.0,NWYRv_MKaA8_10_24to132.mp4,F:\MEngDatasets\AIGVDBench\videos\OpenSource\I2V\Pyramid-Flow\videos\NWYRv_MKaA8_10_24to132.mp4,test,1,fake,OpenSource,I2V,Pyramid-Flow,OpenSource_I2V_Pyramid-Flow,1,True
fake_00346,1,"[[-15.738682746887207, 21.817020416259766], [-15.738621711730957, 21.817018508911133], [-15.73915958404541, 21.817956924438477], [-15.73896598815918, 21.817731857299805]]","[1.0, 1.0, 1.0, 1.0]",aigvd_common1000,1,,1.0,0BPQnk47p6M_2_55to191.mp4,F:\MEngDatasets\AIGVDBench\videos\OpenSource\T2V\RepVideo\videos\0BPQnk47p6M_2_55to191.mp4,test,1,fake,OpenSource,T2V,RepVideo,OpenSource_T2V_RepVideo,1,True
fake_00347,1,"[[-4.8669891357421875, 7.213077545166016], [-4.867079734802246, 7.213228702545166], [-4.867188453674316, 7.213403224945068]]","[0.9999942779541016, 0.9999942779541016, 0.9999942779541016]",aigvd_common1000,1,,0.9999942779541016,02M4tj70Ju0_20_0to116.mp4,F:\MEngDatasets\AIGVDBench\videos\OpenSource\T2V\Cogvideox1.5\videos\02M4tj70Ju0_20_0to116.mp4,test,1,fake,OpenSource,T2V,Cogvideox1.5,OpenSource_T2V_Cogvideox1.5,1,True
fake_00348,1,"[[-15.770618438720703, 20.856237411499023], [-15.770591735839844, 20.85618782043457], [-15.770944595336914, 20.856822967529297], [-15.77061939239502, 20.85626792907715], [-15.770397186279297, 20.855886459350586], [-15.77047061920166, 20.855989456176758], [-15.770263671875, 20.855634689331055], [-15.770403861999512, 20.855878829956055]]","[1.0, 1.0, 1.0, 1.0, 1.0, 1.0, 1.0, 1.0]",aigvd_common1000,1,,1.0,jty7y2KedUE_23_0to259.mp4,F:\MEngDatasets\AIGVDBench\videos\OpenSource\T2V\Wan2.1\videos\jty7y2KedUE_23_0to259.mp4,test,1,fake,OpenSource,T2V,Wan2.1,OpenSource_T2V_Wan2.1,1,True
fake_00349,1,"[[-14.835295677185059, 18.389928817749023], [-14.835801124572754, 18.39059829711914], [-14.836016654968262, 18.390851974487305], [-14.835808753967285, 18.390586853027344]]","[1.0, 1.0, 1.0, 1.0]",aigvd_common1000,1,,1.0,y3vyO-025CI_3_0to339.mp4,F:\MEngDatasets\AIGVDBench\videos\OpenSource\T2V\EasyAnimate\videos\y3vyO-025CI_3_0to339.mp4,test,1,fake,OpenSource,T2V,EasyAnimate,OpenSource_T2V_EasyAnimate,1,True
fake_00350,1,"[[-6.437219619750977, 9.00877571105957], [-6.437084674835205, 9.008539199829102], [-6.437013626098633, 9.008423805236816]]","[0.9999997615814209, 0.9999997615814209, 0.9999997615814209]",aigvd_common1000,1,,0.9999997615814209,W5R52mgaBgk_13_85to215.mp4,F:\MEngDatasets\AIGVDBench\videos\OpenSource\T2V\AccVideo\videos\W5R52mgaBgk_13_85to215.mp4,test,1,fake,OpenSource,T2V,AccVideo,OpenSource_T2V_AccVideo,1,True
fake_00351,1,"[[-9.61476993560791, 13.973939895629883], [-9.615285873413086, 13.974703788757324], [-9.615174293518066, 13.974567413330078], [-9.615036964416504, 13.974287986755371], [-9.615093231201172, 13.97439193725586], [-9.615272521972656, 13.974675178527832], [-9.615273475646973, 13.974655151367188], [-9.615370750427246, 13.974786758422852]]","[1.0, 1.0, 1.0, 1.0, 1.0, 1.0, 1.0, 1.0]",aigvd_common1000,1,,1.0,4cvgTuAaMDM_1_0to181.mp4,F:\MEngDatasets\AIGVDBench\videos\OpenSource\T2V\Pyramid-Flow\videos\4cvgTuAaMDM_1_0to181.mp4,test,1,fake,OpenSource,T2V,Pyramid-Flow,OpenSource_T2V_Pyramid-Flow,1,True
fake_00352,1,"[-18.60235595703125, 23.29724884033203]",1.0,aigvd_common1000,1,,1.0,7TCW9wOxAWk_48_0to214.mp4,F:\MEngDatasets\AIGVDBench\videos\OpenSource\I2V\SVD\videos\7TCW9wOxAWk_48_0to214.mp4,test,1,fake,OpenSource,I2V,SVD,OpenSource_I2V_SVD,1,True
fake_00353,1,"[[-9.537075996398926, 13.209009170532227], [-9.537525177001953, 13.209532737731934], [-9.537652969360352, 13.209676742553711], [-9.53730297088623, 13.209270477294922]]","[1.0, 1.0, 1.0, 1.0]",aigvd_common1000,1,,1.0,7TCW9wOxAWk_48_0to214.mp4,F:\MEngDatasets\AIGVDBench\videos\OpenSource\V2V\Cogvideox1.5\videos\7TCW9wOxAWk_48_0to214.mp4,test,1,fake,OpenSource,V2V,Cogvideox1.5,OpenSource_V2V_Cogvideox1.5,1,True
fake_00354,1,"[-16.12640953063965, 22.925432205200195]",1.0,aigvd_common1000,1,,1.0,W5R52mgaBgk_13_85to215.mp4,F:\MEngDatasets\AIGVDBench\videos\OpenSource\I2V\SVD\videos\W5R52mgaBgk_13_85to215.mp4,test,1,fake,OpenSource,I2V,SVD,OpenSource_I2V_SVD,1,True
fake_00355,1,"[[1.9550327062606812, -3.0159597396850586], [1.9548022747039795, -3.0157277584075928], [1.9546862840652466, -3.015610933303833], [1.9547297954559326, -3.015652656555176], [1.9548556804656982, -3.015775203704834], [1.9545483589172363, -3.015468120574951], [1.9546300172805786, -3.015559434890747], [1.9548026323318481, -3.015733242034912]]","[0.006888479460030794, 0.006891645025461912, 0.006893237121403217, 0.006892652716487646, 0.006890955846756697, 0.006895160302519798, 0.006893975660204887, 0.006891605444252491]",aigvd_common1000,1,,0.006891645025461912,r03AuoH00eM_5_399to542.mp4,F:\MEngDatasets\AIGVDBench\videos\OpenSource\T2V\Wan2.1\videos\r03AuoH00eM_5_399to542.mp4,test,1,fake,OpenSource,T2V,Wan2.1,OpenSource_T2V_Wan2.1,0,False
fake_00356,1,"[[-11.038393020629883, 16.863754272460938], [-11.039216041564941, 16.864608764648438], [-11.039127349853516, 16.864538192749023]]","[1.0, 1.0, 1.0]",aigvd_common1000,1,,1.0,eENFTG4UQsI_3_337to522.mp4,F:\MEngDatasets\AIGVDBench\videos\OpenSource\T2V\HunyuanVideo\videos\eENFTG4UQsI_3_337to522.mp4,test,1,fake,OpenSource,T2V,HunyuanVideo,OpenSource_T2V_HunyuanVideo,1,True
fake_00357,1,"[-12.71293830871582, 16.831329345703125]",1.0,aigvd_common1000,1,,1.0,jty7y2KedUE_23_0to259.mp4,F:\MEngDatasets\AIGVDBench\videos\OpenSource\T2V\VideoCrafter\videos\jty7y2KedUE_23_0to259.mp4,test,1,fake,OpenSource,T2V,VideoCrafter,OpenSource_T2V_VideoCrafter,1,True
fake_00358,1,"[[-11.585115432739258, 17.687267303466797], [-11.585561752319336, 17.688203811645508], [-11.585490226745605, 17.688138961791992]]","[1.0, 1.0, 1.0]",aigvd_common1000,1,,1.0,smJlYSVS9Ds_340_112to226.mp4,F:\MEngDatasets\AIGVDBench\videos\OpenSource\T2V\Open-Sora\videos\smJlYSVS9Ds_340_112to226.mp4,test,1,fake,OpenSource,T2V,Open-Sora,OpenSource_T2V_Open-Sora,1,True
fake_00359,1,"[[-18.115203857421875, 24.799930572509766], [-18.115528106689453, 24.800495147705078], [-18.11534881591797, 24.80019187927246], [-18.115795135498047, 24.80095863342285]]","[1.0, 1.0, 1.0, 1.0]",aigvd_common1000,1,,1.0,bG8EwSG8Hh4_1_0to149.mp4,F:\MEngDatasets\AIGVDBench\videos\OpenSource\T2V\RepVideo\videos\bG8EwSG8Hh4_1_0to149.mp4,test,1,fake,OpenSource,T2V,RepVideo,OpenSource_T2V_RepVideo,1,True
fake_00360,1,"[-6.273327827453613, 7.929065227508545]",0.9999992847442627,aigvd_common1000,1,,0.9999992847442627,bG8EwSG8Hh4_1_0to149.mp4,F:\MEngDatasets\AIGVDBench\videos\OpenSource\I2V\VideoCrafter\videos\bG8EwSG8Hh4_1_0to149.mp4,test,1,fake,OpenSource,I2V,VideoCrafter,OpenSource_I2V_VideoCrafter,1,True
fake_00361,1,"[[-5.939364433288574, 9.384390830993652], [-5.939480304718018, 9.384567260742188], [-5.938805103302002, 9.383417129516602], [-5.938840389251709, 9.383424758911133]]","[0.9999997615814209, 0.9999997615814209, 0.9999997615814209, 0.9999997615814209]",aigvd_common1000,1,,0.9999997615814209,W5R52mgaBgk_13_85to215.mp4,F:\MEngDatasets\AIGVDBench\videos\OpenSource\T2V\IPOC\videos\W5R52mgaBgk_13_85to215.mp4,test,1,fake,OpenSource,T2V,IPOC,OpenSource_T2V_IPOC,1,True
fake_00362,1,"[[-4.1977949142456055, 6.6715850830078125], [-4.198293209075928, 6.672231197357178], [-4.197576522827148, 6.671289443969727]]","[0.9999809265136719, 0.9999810457229614, 0.9999809265136719]",aigvd_common1000,1,,0.9999810457229614,02M4tj70Ju0_20_0to116.mp4,F:\MEngDatasets\AIGVDBench\videos\OpenSource\T2V\HunyuanVideo\videos\02M4tj70Ju0_20_0to116.mp4,test,1,fake,OpenSource,T2V,HunyuanVideo,OpenSource_T2V_HunyuanVideo,1,True
fake_00363,1,"[[-8.721858024597168, 12.498983383178711], [-8.72204875946045, 12.499226570129395], [-8.721756935119629, 12.498705863952637], [-8.721516609191895, 12.498333930969238]]","[1.0, 1.0, 1.0, 1.0]",aigvd_common1000,1,,1.0,smJlYSVS9Ds_340_112to226.mp4,F:\MEngDatasets\AIGVDBench\videos\OpenSource\T2V\EasyAnimate\videos\smJlYSVS9Ds_340_112to226.mp4,test,1,fake,OpenSource,T2V,EasyAnimate,OpenSource_T2V_EasyAnimate,1,True
fake_00364,1,"[-11.59402847290039, 17.3059024810791]",1.0,aigvd_common1000,1,,1.0,nhskgJQ5XMU_202_0to114.mp4,F:\MEngDatasets\AIGVDBench\videos\OpenSource\T2V\VideoCrafter\videos\nhskgJQ5XMU_202_0to114.mp4,test,1,fake,OpenSource,T2V,VideoCrafter,OpenSource_T2V_VideoCrafter,1,True
fake_00365,1,"[-17.76197624206543, 22.096654891967773]",1.0,aigvd_common1000,1,,1.0,gcgj6G8r-IQ_28_24to180.mp4,F:\MEngDatasets\AIGVDBench\videos\OpenSource\I2V\VideoCrafter\videos\gcgj6G8r-IQ_28_24to180.mp4,test,1,fake,OpenSource,I2V,VideoCrafter,OpenSource_I2V_VideoCrafter,1,True
fake_00366,1,"[-18.848234176635742, 28.145092010498047]",1.0,aigvd_common1000,1,,1.0,eENFTG4UQsI_3_337to522.mp4,F:\MEngDatasets\AIGVDBench\videos\OpenSource\T2V\VideoCrafter\videos\eENFTG4UQsI_3_337to522.mp4,test,1,fake,OpenSource,T2V,VideoCrafter,OpenSource_T2V_VideoCrafter,1,True
fake_00367,1,"[[-19.613224029541016, 25.121994018554688], [-19.612972259521484, 25.121707916259766], [-19.612581253051758, 25.12109375]]","[1.0, 1.0, 1.0]",aigvd_common1000,1,,1.0,o82SKvbybvY_14_104to700.mp4,F:\MEngDatasets\AIGVDBench\videos\OpenSource\T2V\HunyuanVideo\videos\o82SKvbybvY_14_104to700.mp4,test,1,fake,OpenSource,T2V,HunyuanVideo,OpenSource_T2V_HunyuanVideo,1,True
fake_00368,1,"[[-15.547036170959473, 21.018030166625977], [-15.546833992004395, 21.01782989501953], [-15.54704761505127, 21.018102645874023], [-15.547256469726562, 21.018325805664062], [-15.548836708068848, 21.020305633544922], [-15.548874855041504, 21.020326614379883], [-15.548273086547852, 21.01959800720215], [-15.54727554321289, 21.018291473388672], [-15.547330856323242, 21.018333435058594]]","[1.0, 1.0, 1.0, 1.0, 1.0, 1.0, 1.0, 1.0, 1.0]",aigvd_common1000,1,,1.0,jty7y2KedUE_23_0to259.mp4,F:\MEngDatasets\AIGVDBench\videos\OpenSource\T2V\LTX\videos\jty7y2KedUE_23_0to259.mp4,test,1,fake,OpenSource,T2V,LTX,OpenSource_T2V_LTX,1,True
fake_00369,1,"[-15.744463920593262, 21.232316970825195]",1.0,aigvd_common1000,1,,1.0,vUVwNN47Uv0_7_1227to1461.mp4,F:\MEngDatasets\AIGVDBench\videos\OpenSource\T2V\VideoCrafter\videos\vUVwNN47Uv0_7_1227to1461.mp4,test,1,fake,OpenSource,T2V,VideoCrafter,OpenSource_T2V_VideoCrafter,1,True
fake_00370,1,"[-14.052490234375, 18.6774845123291]",1.0,aigvd_common1000,1,,1.0,jet4_Hc5j8I_13_0to109.mp4,F:\MEngDatasets\AIGVDBench\videos\OpenSource\I2V\SVD\videos\jet4_Hc5j8I_13_0to109.mp4,test,1,fake,OpenSource,I2V,SVD,OpenSource_I2V_SVD,1,True
fake_00371,1,"[[-6.279802322387695, 7.6688055992126465], [-6.2798967361450195, 7.669051647186279], [-6.279910564422607, 7.669079303741455], [-6.27962589263916, 7.668321132659912], [-6.279608249664307, 7.668256759643555], [-6.279612064361572, 7.668320655822754], [-6.279816627502441, 7.668959617614746], [-6.279731273651123, 7.6687235832214355]]","[0.9999991655349731, 0.9999991655349731, 0.9999991655349731, 0.9999991655349731, 0.9999991655349731, 0.9999991655349731, 0.9999991655349731, 0.9999991655349731]",aigvd_common1000,1,,0.9999991655349731,jet4_Hc5j8I_13_0to109.mp4,F:\MEngDatasets\AIGVDBench\videos\OpenSource\T2V\Pyramid-Flow\videos\jet4_Hc5j8I_13_0to109.mp4,test,1,fake,OpenSource,T2V,Pyramid-Flow,OpenSource_T2V_Pyramid-Flow,1,True
fake_00372,1,"[[-8.35405445098877, 12.648507118225098], [-8.354022026062012, 12.648380279541016], [-8.353985786437988, 12.64837646484375]]","[1.0, 1.0, 1.0]",aigvd_common1000,1,,1.0,smJlYSVS9Ds_340_112to226.mp4,F:\MEngDatasets\AIGVDBench\videos\OpenSource\T2V\HunyuanVideo\videos\smJlYSVS9Ds_340_112to226.mp4,test,1,fake,OpenSource,T2V,HunyuanVideo,OpenSource_T2V_HunyuanVideo,1,True
fake_00373,1,"[[-12.65664005279541, 18.324480056762695], [-12.6565580368042, 18.324350357055664], [-12.656545639038086, 18.32432746887207], [-12.656535148620605, 18.324310302734375]]","[1.0, 1.0, 1.0, 1.0]",aigvd_common1000,1,,1.0,EHRI1gr4zik_3_323to481.mp4,F:\MEngDatasets\AIGVDBench\videos\OpenSource\V2V\Cogvideox1.5\videos\EHRI1gr4zik_3_323to481.mp4,test,1,fake,OpenSource,V2V,Cogvideox1.5,OpenSource_V2V_Cogvideox1.5,1,True
fake_00374,1,"[[-12.085248947143555, 18.766525268554688], [-12.085434913635254, 18.7668399810791], [-12.085735321044922, 18.76749038696289], [-12.08566951751709, 18.767208099365234]]","[1.0, 1.0, 1.0, 1.0]",aigvd_common1000,1,,1.0,W5R52mgaBgk_13_85to215.mp4,F:\MEngDatasets\AIGVDBench\videos\OpenSource\I2V\EasyAnimate\videos\W5R52mgaBgk_13_85to215.mp4,test,1,fake,OpenSource,I2V,EasyAnimate,OpenSource_I2V_EasyAnimate,1,True
fake_00375,1,"[[-11.165221214294434, 15.834237098693848], [-11.165313720703125, 15.83438777923584], [-11.165400505065918, 15.83462142944336], [-11.165304183959961, 15.834465980529785], [-11.16524600982666, 15.834288597106934], [-11.165063858032227, 15.834003448486328], [-11.165060997009277, 15.833999633789062], [-11.165078163146973, 15.834033012390137], [-11.165129661560059, 15.834136962890625]]","[1.0, 1.0, 1.0, 1.0, 1.0, 1.0, 1.0, 1.0, 1.0]",aigvd_common1000,1,,1.0,vUVwNN47Uv0_7_1227to1461.mp4,F:\MEngDatasets\AIGVDBench\videos\OpenSource\T2V\LTX\videos\vUVwNN47Uv0_7_1227to1461.mp4,test,1,fake,OpenSource,T2V,LTX,OpenSource_T2V_LTX,1,True
fake_00376,1,"[-13.653595924377441, 16.925901412963867]",1.0,aigvd_common1000,1,,1.0,gcgj6G8r-IQ_28_24to180.mp4,F:\MEngDatasets\AIGVDBench\videos\OpenSource\T2V\AnimateDiff\home\lma\Benchmark\bench\opensource\T2V\AnimateDiff\videos\gcgj6G8r-IQ_28_24to180.mp4,test,1,fake,OpenSource,T2V,AnimateDiff,OpenSource_T2V_AnimateDiff,1,True
fake_00377,1,"[[-6.51202392578125, 8.931138038635254], [-6.512202739715576, 8.931448936462402], [-6.512208461761475, 8.931410789489746], [-6.512115478515625, 8.931201934814453], [-6.512019634246826, 8.930912971496582], [-6.51213264465332, 8.931315422058105], [-6.5122389793396, 8.931524276733398], [-6.5122480392456055, 8.93151569366455]]","[0.9999997615814209, 0.9999997615814209, 0.9999997615814209, 0.9999997615814209, 0.9999997615814209, 0.9999997615814209, 0.9999997615814209, 0.9999997615814209]",aigvd_common1000,1,,0.9999997615814209,vUVwNN47Uv0_7_1227to1461.mp4,F:\MEngDatasets\AIGVDBench\videos\OpenSource\T2V\Pyramid-Flow\videos\vUVwNN47Uv0_7_1227to1461.mp4,test,1,fake,OpenSource,T2V,Pyramid-Flow,OpenSource_T2V_Pyramid-Flow,1,True
fake_00378,1,"[-5.439965724945068, 6.8420186042785645]",0.9999953508377075,aigvd_common1000,1,,0.9999953508377075,r03AuoH00eM_5_399to542.mp4,F:\MEngDatasets\AIGVDBench\videos\OpenSource\I2V\SVD\videos\r03AuoH00eM_5_399to542.mp4,test,1,fake,OpenSource,I2V,SVD,OpenSource_I2V_SVD,1,True
fake_00379,1,"[[-3.847869634628296, 4.774741172790527], [-3.8476593494415283, 4.774415493011475], [-3.8477976322174072, 4.77466344833374]]","[0.9998200535774231, 0.9998199343681335, 0.9998200535774231]",aigvd_common1000,1,,0.9998199343681335,50KDhKUOrqI_57_294to582.mp4,F:\MEngDatasets\AIGVDBench\videos\OpenSource\T2V\AccVideo\videos\50KDhKUOrqI_57_294to582.mp4,test,1,fake,OpenSource,T2V,AccVideo,OpenSource_T2V_AccVideo,1,True
fake_00380,1,"[[-2.9058988094329834, 4.008701801300049], [-2.906028985977173, 4.008764743804932], [-2.906059980392456, 4.008562088012695], [-2.906297206878662, 4.008910655975342]]","[0.9990078806877136, 0.9990079998970032, 0.9990078806877136, 0.9990084767341614]",aigvd_common1000,1,,0.9990079998970032,jty7y2KedUE_23_0to259.mp4,F:\MEngDatasets\AIGVDBench\videos\OpenSource\V2V\LTX\videos\jty7y2KedUE_23_0to259.mp4,test,1,fake,OpenSource,V2V,LTX,OpenSource_V2V_LTX,1,True
fake_00381,1,"[[-14.428645133972168, 20.685760498046875], [-14.42881965637207, 20.68585777282715], [-14.428857803344727, 20.6861629486084]]","[1.0, 1.0, 1.0]",aigvd_common1000,1,,1.0,90u26k64J9A_14_0to144.mp4,F:\MEngDatasets\AIGVDBench\videos\OpenSource\T2V\Open-Sora\videos\90u26k64J9A_14_0to144.mp4,test,1,fake,OpenSource,T2V,Open-Sora,OpenSource_T2V_Open-Sora,1,True
fake_00382,1,"[[-7.470937728881836, 11.14515495300293], [-7.471019268035889, 11.145237922668457], [-7.470129489898682, 11.143983840942383], [-7.46984338760376, 11.14360523223877]]","[1.0, 1.0, 1.0, 1.0]",aigvd_common1000,1,,1.0,smJlYSVS9Ds_340_112to226.mp4,F:\MEngDatasets\AIGVDBench\videos\OpenSource\T2V\IPOC\videos\smJlYSVS9Ds_340_112to226.mp4,test,1,fake,OpenSource,T2V,IPOC,OpenSource_T2V_IPOC,1,True
fake_00383,1,"[-0.9470678567886353, 1.5469132661819458]",0.9237187504768372,aigvd_common1000,1,,0.9237187504768372,HlRfdCWGMzI_22_114to219.mp4,F:\MEngDatasets\AIGVDBench\videos\OpenSource\T2V\AnimateDiff\home\lma\Benchmark\bench\opensource\T2V\AnimateDiff\videos\HlRfdCWGMzI_22_114to219.mp4,test,1,fake,OpenSource,T2V,AnimateDiff,OpenSource_T2V_AnimateDiff,1,True
fake_00384,1,"[-14.422243118286133, 16.241668701171875]",1.0,aigvd_common1000,1,,1.0,QRYsvqSzYuE_43_455to1014.mp4,F:\MEngDatasets\AIGVDBench\videos\OpenSource\I2V\VideoCrafter\videos\QRYsvqSzYuE_43_455to1014.mp4,test,1,fake,OpenSource,I2V,VideoCrafter,OpenSource_I2V_VideoCrafter,1,True
fake_00385,1,"[[-11.084583282470703, 14.172151565551758], [-11.083847999572754, 14.171241760253906], [-11.085246086120605, 14.173306465148926], [-11.08512020111084, 14.17313289642334]]","[1.0, 1.0, 1.0, 1.0]",aigvd_common1000,1,,1.0,QRYsvqSzYuE_43_455to1014.mp4,F:\MEngDatasets\AIGVDBench\videos\OpenSource\T2V\RepVideo\videos\QRYsvqSzYuE_43_455to1014.mp4,test,1,fake,OpenSource,T2V,RepVideo,OpenSource_T2V_RepVideo,1,True
fake_00386,1,"[[-13.109647750854492, 18.227733612060547], [-13.109047889709473, 18.226621627807617], [-13.109821319580078, 18.22808074951172]]","[1.0, 1.0, 1.0]",aigvd_common1000,1,,1.0,W5R52mgaBgk_13_85to215.mp4,F:\MEngDatasets\AIGVDBench\videos\OpenSource\T2V\Cogvideox1.5\videos\W5R52mgaBgk_13_85to215.mp4,test,1,fake,OpenSource,T2V,Cogvideox1.5,OpenSource_T2V_Cogvideox1.5,1,True
fake_00387,1,"[[-10.844318389892578, 18.510297775268555], [-10.844412803649902, 18.510557174682617], [-10.844671249389648, 18.51093864440918], [-10.844279289245605, 18.510225296020508]]","[1.0, 1.0, 1.0, 1.0]",aigvd_common1000,1,,1.0,vUVwNN47Uv0_7_1227to1461.mp4,F:\MEngDatasets\AIGVDBench\videos\OpenSource\T2V\EasyAnimate\videos\vUVwNN47Uv0_7_1227to1461.mp4,test,1,fake,OpenSource,T2V,EasyAnimate,OpenSource_T2V_EasyAnimate,1,True
fake_00388,1,"[-12.462143898010254, 16.880643844604492]",1.0,aigvd_common1000,1,,1.0,o82SKvbybvY_14_104to700.mp4,F:\MEngDatasets\AIGVDBench\videos\OpenSource\I2V\VideoCrafter\videos\o82SKvbybvY_14_104to700.mp4,test,1,fake,OpenSource,I2V,VideoCrafter,OpenSource_I2V_VideoCrafter,1,True
fake_00389,1,"[-8.493095397949219, 12.19309139251709]",1.0,aigvd_common1000,1,,1.0,r03AuoH00eM_5_399to542.mp4,F:\MEngDatasets\AIGVDBench\videos\OpenSource\I2V\VideoCrafter\videos\r03AuoH00eM_5_399to542.mp4,test,1,fake,OpenSource,I2V,VideoCrafter,OpenSource_I2V_VideoCrafter,1,True
fake_00390,1,"[[-12.954936027526855, 19.099958419799805], [-12.954923629760742, 19.099966049194336], [-12.954991340637207, 19.10001564025879], [-12.954804420471191, 19.099699020385742]]","[1.0, 1.0, 1.0, 1.0]",aigvd_common1000,1,,1.0,4cvgTuAaMDM_1_0to181.mp4,F:\MEngDatasets\AIGVDBench\videos\OpenSource\V2V\Cogvideox1.5\videos\4cvgTuAaMDM_1_0to181.mp4,test,1,fake,OpenSource,V2V,Cogvideox1.5,OpenSource_V2V_Cogvideox1.5,1,True
fake_00391,1,"[[-12.79406452178955, 18.91448974609375], [-12.794123649597168, 18.914470672607422], [-12.794322967529297, 18.915136337280273], [-12.794073104858398, 18.91445541381836], [-12.794304847717285, 18.914907455444336], [-12.794146537780762, 18.91465187072754], [-12.794391632080078, 18.915111541748047], [-12.794299125671387, 18.914989471435547], [-12.794245719909668, 18.914758682250977]]","[1.0, 1.0, 1.0, 1.0, 1.0, 1.0, 1.0, 1.0, 1.0]",aigvd_common1000,1,,1.0,y3vyO-025CI_3_0to339.mp4,F:\MEngDatasets\AIGVDBench\videos\OpenSource\T2V\LTX\videos\y3vyO-025CI_3_0to339.mp4,test,1,fake,OpenSource,T2V,LTX,OpenSource_T2V_LTX,1,True
fake_00392,1,"[[-18.20801544189453, 24.768512725830078], [-18.207805633544922, 24.76821517944336], [-18.207914352416992, 24.768362045288086], [-18.207807540893555, 24.76820945739746]]","[1.0, 1.0, 1.0, 1.0]",aigvd_common1000,1,,1.0,guL5esGDFbk_11_0to163.mp4,F:\MEngDatasets\AIGVDBench\videos\OpenSource\I2V\EasyAnimate\videos\guL5esGDFbk_11_0to163.mp4,test,1,fake,OpenSource,I2V,EasyAnimate,OpenSource_I2V_EasyAnimate,1,True
fake_00393,1,"[-18.62016487121582, 23.96371841430664]",1.0,aigvd_common1000,1,,1.0,y3vyO-025CI_3_0to339.mp4,F:\MEngDatasets\AIGVDBench\videos\OpenSource\I2V\VideoCrafter\videos\y3vyO-025CI_3_0to339.mp4,test,1,fake,OpenSource,I2V,VideoCrafter,OpenSource_I2V_VideoCrafter,1,True
fake_00394,1,"[[-5.340657711029053, 6.207299709320068], [-5.340415954589844, 6.206978797912598], [-5.340322494506836, 6.206859588623047], [-5.340754985809326, 6.207406044006348]]","[0.9999903440475464, 0.9999903440475464, 0.9999903440475464, 0.9999903440475464]",aigvd_common1000,1,,0.9999903440475464,bG8EwSG8Hh4_1_0to149.mp4,F:\MEngDatasets\AIGVDBench\videos\OpenSource\V2V\LTX\videos\bG8EwSG8Hh4_1_0to149.mp4,test,1,fake,OpenSource,V2V,LTX,OpenSource_V2V_LTX,1,True
fake_00395,1,"[[-15.249492645263672, 21.481279373168945], [-15.249382019042969, 21.481090545654297], [-15.249245643615723, 21.480783462524414], [-15.249432563781738, 21.48114013671875], [-15.249402046203613, 21.481063842773438], [-15.249432563781738, 21.481107711791992], [-15.249340057373047, 21.48089027404785], [-15.24914264678955, 21.480485916137695]]","[1.0, 1.0, 1.0, 1.0, 1.0, 1.0, 1.0, 1.0]",aigvd_common1000,1,,1.0,4cvgTuAaMDM_1_0to181.mp4,F:\MEngDatasets\AIGVDBench\videos\OpenSource\T2V\Wan2.1\videos\4cvgTuAaMDM_1_0to181.mp4,test,1,fake,OpenSource,T2V,Wan2.1,OpenSource_T2V_Wan2.1,1,True
fake_00396,1,"[-14.110424995422363, 21.600427627563477]",1.0,aigvd_common1000,1,,1.0,guL5esGDFbk_11_0to163.mp4,F:\MEngDatasets\AIGVDBench\videos\OpenSource\T2V\VideoCrafter\videos\guL5esGDFbk_11_0to163.mp4,test,1,fake,OpenSource,T2V,VideoCrafter,OpenSource_T2V_VideoCrafter,1,True
fake_00397,1,"[-7.657421588897705, 9.660391807556152]",1.0,aigvd_common1000,1,,1.0,vUVwNN47Uv0_7_1227to1461.mp4,F:\MEngDatasets\AIGVDBench\videos\OpenSource\I2V\SVD\videos\vUVwNN47Uv0_7_1227to1461.mp4,test,1,fake,OpenSource,I2V,SVD,OpenSource_I2V_SVD,1,True
fake_00398,1,"[[-11.449084281921387, 15.720221519470215], [-11.449382781982422, 15.720758438110352], [-11.44875717163086, 15.719874382019043], [-11.449173927307129, 15.720507621765137], [-11.449196815490723, 15.720443725585938], [-11.44934368133545, 15.720641136169434], [-11.449226379394531, 15.720508575439453], [-11.449554443359375, 15.721087455749512]]","[1.0, 1.0, 1.0, 1.0, 1.0, 1.0, 1.0, 1.0]",aigvd_common1000,1,,1.0,guL5esGDFbk_11_0to163.mp4,F:\MEngDatasets\AIGVDBench\videos\OpenSource\T2V\Pyramid-Flow\videos\guL5esGDFbk_11_0to163.mp4,test,1,fake,OpenSource,T2V,Pyramid-Flow,OpenSource_T2V_Pyramid-Flow,1,True
fake_00399,1,"[[-8.235742568969727, 12.230463027954102], [-8.235639572143555, 12.230207443237305], [-8.235489845275879, 12.229891777038574], [-8.235760688781738, 12.230483055114746], [-8.235654830932617, 12.230229377746582], [-8.235508918762207, 12.229926109313965], [-8.235095977783203, 12.229058265686035], [-8.235461235046387, 12.229849815368652], [-8.235651969909668, 12.230132102966309]]","[1.0, 1.0, 1.0, 1.0, 1.0, 1.0, 1.0, 1.0, 1.0]",aigvd_common1000,1,,1.0,4cvgTuAaMDM_1_0to181.mp4,F:\MEngDatasets\AIGVDBench\videos\OpenSource\T2V\LTX\videos\4cvgTuAaMDM_1_0to181.mp4,test,1,fake,OpenSource,T2V,LTX,OpenSource_T2V_LTX,1,True
fake_00400,1,"[-13.968962669372559, 20.602693557739258]",1.0,aigvd_common1000,1,,1.0,02M4tj70Ju0_20_0to116.mp4,F:\MEngDatasets\AIGVDBench\videos\OpenSource\I2V\VideoCrafter\videos\02M4tj70Ju0_20_0to116.mp4,test,1,fake,OpenSource,I2V,VideoCrafter,OpenSource_I2V_VideoCrafter,1,True
fake_00401,1,"[[-7.869470119476318, 10.528507232666016], [-7.869441509246826, 10.528528213500977], [-7.869471549987793, 10.52857494354248]]","[1.0, 1.0, 1.0]",aigvd_common1000,1,,1.0,50KDhKUOrqI_57_294to582.mp4,F:\MEngDatasets\AIGVDBench\videos\OpenSource\T2V\Open-Sora\videos\50KDhKUOrqI_57_294to582.mp4,test,1,fake,OpenSource,T2V,Open-Sora,OpenSource_T2V_Open-Sora,1,True
fake_00402,1,"[[-4.48599100112915, 6.183302402496338], [-4.486109733581543, 6.183469772338867], [-4.486390590667725, 6.183820724487305], [-4.48576021194458, 6.183055877685547], [-4.48638391494751, 6.183805465698242], [-4.486464500427246, 6.183886528015137], [-4.487011432647705, 6.184549808502197], [-4.486718654632568, 6.184167861938477]]","[0.9999767541885376, 0.9999767541885376, 0.9999767541885376, 0.9999767541885376, 0.9999767541885376, 0.9999767541885376, 0.9999767541885376, 0.9999767541885376]",aigvd_common1000,1,,0.9999767541885376,jty7y2KedUE_23_0to259.mp4,F:\MEngDatasets\AIGVDBench\videos\OpenSource\I2V\Pyramid-Flow\videos\jty7y2KedUE_23_0to259.mp4,test,1,fake,OpenSource,I2V,Pyramid-Flow,OpenSource_I2V_Pyramid-Flow,1,True
fake_00403,1,"[[12.738059043884277, -15.436783790588379], [12.738142967224121, -15.436781883239746], [12.738171577453613, -15.436772346496582], [12.738192558288574, -15.436785697937012]]","[5.80525428076073e-13, 5.804777773905923e-13, 5.804667185284329e-13, 5.804468234185678e-13]",aigvd_common1000,1,,5.804777773905923e-13,r03AuoH00eM_5_399to542.mp4,F:\MEngDatasets\AIGVDBench\videos\OpenSource\V2V\Cogvideox1.5\videos\r03AuoH00eM_5_399to542.mp4,test,1,fake,OpenSource,V2V,Cogvideox1.5,OpenSource_V2V_Cogvideox1.5,0,False
fake_00404,1,"[-18.1887264251709, 22.766864776611328]",1.0,aigvd_common1000,1,,1.0,o82SKvbybvY_14_104to700.mp4,F:\MEngDatasets\AIGVDBench\videos\OpenSource\I2V\SEINE\videos\o82SKvbybvY_14_104to700.mp4,test,1,fake,OpenSource,I2V,SEINE,OpenSource_I2V_SEINE,1,True
fake_00405,1,"[[-4.616308212280273, 7.760436534881592], [-4.616485595703125, 7.760730743408203], [-4.616544723510742, 7.76077938079834], [-4.616604804992676, 7.760852813720703]]","[0.9999958276748657, 0.9999958276748657, 0.9999958276748657, 0.9999958276748657]",aigvd_common1000,1,,0.9999958276748657,02M4tj70Ju0_20_0to116.mp4,F:\MEngDatasets\AIGVDBench\videos\OpenSource\T2V\IPOC\videos\02M4tj70Ju0_20_0to116.mp4,test,1,fake,OpenSource,T2V,IPOC,OpenSource_T2V_IPOC,1,True
fake_00406,1,"[-9.84941291809082, 11.834329605102539]",1.0,aigvd_common1000,1,,1.0,QRYsvqSzYuE_43_455to1014.mp4,F:\MEngDatasets\AIGVDBench\videos\OpenSource\T2V\AnimateDiff\home\lma\Benchmark\bench\opensource\T2V\AnimateDiff\videos\QRYsvqSzYuE_43_455to1014.mp4,test,1,fake,OpenSource,T2V,AnimateDiff,OpenSource_T2V_AnimateDiff,1,True
fake_00407,1,"[[-7.076192378997803, 8.828787803649902], [-7.076112270355225, 8.828619003295898], [-7.07565450668335, 8.827893257141113], [-7.07562780380249, 8.827805519104004]]","[0.9999998807907104, 0.9999998807907104, 0.9999998807907104, 0.9999998807907104]",aigvd_common1000,1,,0.9999998807907104,jet4_Hc5j8I_13_0to109.mp4,F:\MEngDatasets\AIGVDBench\videos\OpenSource\I2V\EasyAnimate\videos\jet4_Hc5j8I_13_0to109.mp4,test,1,fake,OpenSource,I2V,EasyAnimate,OpenSource_I2V_EasyAnimate,1,True
fake_00408,1,"[[-22.09343147277832, 28.36995506286621], [-22.0932674407959, 28.369691848754883], [-22.09368896484375, 28.370359420776367], [-22.094192504882812, 28.371158599853516]]","[1.0, 1.0, 1.0, 1.0]",aigvd_common1000,1,,1.0,eENFTG4UQsI_3_337to522.mp4,F:\MEngDatasets\AIGVDBench\videos\OpenSource\I2V\LTX\videos\eENFTG4UQsI_3_337to522.mp4,test,1,fake,OpenSource,I2V,LTX,OpenSource_I2V_LTX,1,True
fake_00409,1,"[[-16.76922607421875, 20.921470642089844], [-16.76898765563965, 20.921070098876953], [-16.76882553100586, 20.920827865600586]]","[1.0, 1.0, 1.0]",aigvd_common1000,1,,1.0,Vh2cObLYHJ8_13_0to496.mp4,F:\MEngDatasets\AIGVDBench\videos\OpenSource\T2V\AccVideo\videos\Vh2cObLYHJ8_13_0to496.mp4,test,1,fake,OpenSource,T2V,AccVideo,OpenSource_T2V_AccVideo,1,True
fake_00410,1,"[[-14.912149429321289, 21.460603713989258], [-14.913229942321777, 21.462217330932617], [-14.913254737854004, 21.462268829345703], [-14.913015365600586, 21.461946487426758]]","[1.0, 1.0, 1.0, 1.0]",aigvd_common1000,1,,1.0,eENFTG4UQsI_3_337to522.mp4,F:\MEngDatasets\AIGVDBench\videos\OpenSource\T2V\RepVideo\videos\eENFTG4UQsI_3_337to522.mp4,test,1,fake,OpenSource,T2V,RepVideo,OpenSource_T2V_RepVideo,1,True
fake_00411,1,"[[-6.851988315582275, 9.420230865478516], [-6.852011680603027, 9.42025375366211], [-6.852322101593018, 9.420785903930664], [-6.852441787719727, 9.421010971069336], [-6.852381706237793, 9.420926094055176], [-6.852478504180908, 9.421112060546875], [-6.852327823638916, 9.420830726623535], [-6.8521904945373535, 9.420629501342773]]","[0.9999998807907104, 0.9999998807907104, 0.9999998807907104, 0.9999998807907104, 0.9999998807907104, 0.9999998807907104, 0.9999998807907104, 0.9999998807907104]",aigvd_common1000,1,,0.9999998807907104,r03AuoH00eM_5_399to542.mp4,F:\MEngDatasets\AIGVDBench\videos\OpenSource\T2V\Pyramid-Flow\videos\r03AuoH00eM_5_399to542.mp4,test,1,fake,OpenSource,T2V,Pyramid-Flow,OpenSource_T2V_Pyramid-Flow,1,True
fake_00412,1,"[[-7.228756427764893, 10.19199275970459], [-7.228744983673096, 10.191983222961426], [-7.228801250457764, 10.192096710205078]]","[1.0, 1.0, 1.0]",aigvd_common1000,1,,1.0,EHRI1gr4zik_3_323to481.mp4,F:\MEngDatasets\AIGVDBench\videos\OpenSource\T2V\Open-Sora\videos\EHRI1gr4zik_3_323to481.mp4,test,1,fake,OpenSource,T2V,Open-Sora,OpenSource_T2V_Open-Sora,1,True
fake_00413,1,"[[-2.689401626586914, 3.1456069946289062], [-2.6893391609191895, 3.1455349922180176], [-2.689378261566162, 3.1455867290496826], [-2.689497947692871, 3.145733118057251], [-2.689570903778076, 3.1458323001861572], [-2.6895179748535156, 3.1457619667053223], [-2.6894922256469727, 3.1457324028015137], [-2.689520835876465, 3.1457741260528564]]","[0.9970851540565491, 0.9970846772193909, 0.9970850348472595, 0.9970857501029968, 0.997086226940155, 0.9970858693122864, 0.9970857501029968, 0.9970859885215759]",aigvd_common1000,1,,0.9970846772193909,vUVwNN47Uv0_7_1227to1461.mp4,F:\MEngDatasets\AIGVDBench\videos\OpenSource\T2V\Wan2.1\videos\vUVwNN47Uv0_7_1227to1461.mp4,test,1,fake,OpenSource,T2V,Wan2.1,OpenSource_T2V_Wan2.1,1,True
fake_00414,1,"[[-6.256069183349609, 7.498530387878418], [-6.256342887878418, 7.498898029327393], [-6.25621223449707, 7.498702526092529], [-6.256235122680664, 7.498710632324219]]","[0.999998927116394, 0.999998927116394, 0.999998927116394, 0.999998927116394]",aigvd_common1000,1,,0.999998927116394,7TCW9wOxAWk_48_0to214.mp4,F:\MEngDatasets\AIGVDBench\videos\OpenSource\T2V\EasyAnimate\videos\7TCW9wOxAWk_48_0to214.mp4,test,1,fake,OpenSource,T2V,EasyAnimate,OpenSource_T2V_EasyAnimate,1,True
fake_00415,1,"[[-15.37270736694336, 19.54290771484375], [-15.372294425964355, 19.54228401184082], [-15.372577667236328, 19.542705535888672], [-15.372346878051758, 19.542402267456055], [-15.371689796447754, 19.54151725769043], [-15.37140941619873, 19.541101455688477], [-15.371559143066406, 19.541311264038086], [-15.371674537658691, 19.541433334350586]]","[1.0, 1.0, 1.0, 1.0, 1.0, 1.0, 1.0, 1.0]",aigvd_common1000,1,,1.0,nhskgJQ5XMU_202_0to114.mp4,F:\MEngDatasets\AIGVDBench\videos\OpenSource\I2V\Pyramid-Flow\videos\nhskgJQ5XMU_202_0to114.mp4,test,1,fake,OpenSource,I2V,Pyramid-Flow,OpenSource_I2V_Pyramid-Flow,1,True
fake_00416,1,"[[-8.651803016662598, 9.347973823547363], [-8.651905059814453, 9.348119735717773], [-8.65211296081543, 9.34841251373291], [-8.651948928833008, 9.348172187805176]]","[1.0, 1.0, 1.0, 1.0]",aigvd_common1000,1,,1.0,90u26k64J9A_14_0to144.mp4,F:\MEngDatasets\AIGVDBench\videos\OpenSource\T2V\EasyAnimate\videos\90u26k64J9A_14_0to144.mp4,test,1,fake,OpenSource,T2V,EasyAnimate,OpenSource_T2V_EasyAnimate,1,True
fake_00417,1,"[[-3.378357410430908, 4.259601593017578], [-3.378479242324829, 4.2597479820251465], [-3.3784995079040527, 4.259796619415283], [-3.3783977031707764, 4.25966215133667], [-3.378330945968628, 4.259597301483154], [-3.378272294998169, 4.259491920471191], [-3.378345012664795, 4.2595977783203125], [-3.3785722255706787, 4.259879112243652]]","[0.9995183944702148, 0.9995185136795044, 0.999518632888794, 0.9995185136795044, 0.9995183944702148, 0.9995182752609253, 0.9995183944702148, 0.999518632888794]",aigvd_common1000,1,,0.9995185136795044,jet4_Hc5j8I_13_0to109.mp4,F:\MEngDatasets\AIGVDBench\videos\OpenSource\I2V\Pyramid-Flow\videos\jet4_Hc5j8I_13_0to109.mp4,test,1,fake,OpenSource,I2V,Pyramid-Flow,OpenSource_I2V_Pyramid-Flow,1,True
fake_00418,1,"[-17.391239166259766, 23.32333755493164]",1.0,aigvd_common1000,1,,1.0,eENFTG4UQsI_3_337to522.mp4,F:\MEngDatasets\AIGVDBench\videos\OpenSource\T2V\AnimateDiff\home\lma\Benchmark\bench\opensource\T2V\AnimateDiff\videos\eENFTG4UQsI_3_337to522.mp4,test,1,fake,OpenSource,T2V,AnimateDiff,OpenSource_T2V_AnimateDiff,1,True
fake_00419,1,"[[-16.44607925415039, 22.974571228027344], [-16.446365356445312, 22.975141525268555], [-16.446205139160156, 22.974760055541992], [-16.44670295715332, 22.975753784179688], [-16.44654655456543, 22.975431442260742], [-16.446645736694336, 22.97563934326172], [-16.446664810180664, 22.975664138793945], [-16.446638107299805, 22.975605010986328]]","[1.0, 1.0, 1.0, 1.0, 1.0, 1.0, 1.0, 1.0]",aigvd_common1000,1,,1.0,4cvgTuAaMDM_1_0to181.mp4,F:\MEngDatasets\AIGVDBench\videos\OpenSource\I2V\Pyramid-Flow\videos\4cvgTuAaMDM_1_0to181.mp4,test,1,fake,OpenSource,I2V,Pyramid-Flow,OpenSource_I2V_Pyramid-Flow,1,True
fake_00420,1,"[[-12.743955612182617, 19.18007469177246], [-12.743607521057129, 19.179521560668945], [-12.743366241455078, 19.179126739501953], [-12.743162155151367, 19.178709030151367]]","[1.0, 1.0, 1.0, 1.0]",aigvd_common1000,1,,1.0,nhskgJQ5XMU_202_0to114.mp4,F:\MEngDatasets\AIGVDBench\videos\OpenSource\T2V\RepVideo\videos\nhskgJQ5XMU_202_0to114.mp4,test,1,fake,OpenSource,T2V,RepVideo,OpenSource_T2V_RepVideo,1,True
fake_00421,1,"[[-3.8863916397094727, 5.6764421463012695], [-3.886192560195923, 5.676138877868652], [-3.885741949081421, 5.675309181213379], [-3.8855843544006348, 5.674909591674805]]","[0.999929666519165, 0.999929666519165, 0.9999295473098755, 0.9999295473098755]",aigvd_common1000,1,,0.999929666519165,vUVwNN47Uv0_7_1227to1461.mp4,F:\MEngDatasets\AIGVDBench\videos\OpenSource\T2V\IPOC\videos\vUVwNN47Uv0_7_1227to1461.mp4,test,1,fake,OpenSource,T2V,IPOC,OpenSource_T2V_IPOC,1,True
fake_00422,1,"[[-13.356034278869629, 17.570276260375977], [-13.355507850646973, 17.569387435913086], [-13.355213165283203, 17.5689754486084]]","[1.0, 1.0, 1.0]",aigvd_common1000,1,,1.0,gcgj6G8r-IQ_28_24to180.mp4,F:\MEngDatasets\AIGVDBench\videos\OpenSource\T2V\HunyuanVideo\videos\gcgj6G8r-IQ_28_24to180.mp4,test,1,fake,OpenSource,T2V,HunyuanVideo,OpenSource_T2V_HunyuanVideo,1,True
fake_00423,1,"[[-17.39158821105957, 21.2596378326416], [-17.391490936279297, 21.25943374633789], [-17.391521453857422, 21.259428024291992]]","[1.0, 1.0, 1.0]",aigvd_common1000,1,,1.0,QRYsvqSzYuE_43_455to1014.mp4,F:\MEngDatasets\AIGVDBench\videos\OpenSource\T2V\Open-Sora\videos\QRYsvqSzYuE_43_455to1014.mp4,test,1,fake,OpenSource,T2V,Open-Sora,OpenSource_T2V_Open-Sora,1,True
fake_00424,1,"[[-10.57553768157959, 16.694904327392578], [-10.57711124420166, 16.696996688842773], [-10.578951835632324, 16.699670791625977]]","[1.0, 1.0, 1.0]",aigvd_common1000,1,,1.0,xPcAfdYCj5k_136_0to424.mp4,F:\MEngDatasets\AIGVDBench\videos\OpenSource\T2V\HunyuanVideo\videos\xPcAfdYCj5k_136_0to424.mp4,test,1,fake,OpenSource,T2V,HunyuanVideo,OpenSource_T2V_HunyuanVideo,1,True
fake_00425,1,"[-15.620287895202637, 23.239330291748047]",1.0,aigvd_common1000,1,,1.0,90u26k64J9A_14_0to144.mp4,F:\MEngDatasets\AIGVDBench\videos\OpenSource\I2V\VideoCrafter\videos\90u26k64J9A_14_0to144.mp4,test,1,fake,OpenSource,I2V,VideoCrafter,OpenSource_I2V_VideoCrafter,1,True
fake_00426,1,"[[-14.453185081481934, 19.627315521240234], [-14.453089714050293, 19.627119064331055], [-14.453100204467773, 19.62717628479004], [-14.453112602233887, 19.6271915435791], [-14.453063011169434, 19.626989364624023], [-14.452963829040527, 19.627004623413086], [-14.45268726348877, 19.626646041870117], [-14.452627182006836, 19.62651252746582]]","[1.0, 1.0, 1.0, 1.0, 1.0, 1.0, 1.0, 1.0]",aigvd_common1000,1,,1.0,Vh2cObLYHJ8_13_0to496.mp4,F:\MEngDatasets\AIGVDBench\videos\OpenSource\T2V\Wan2.1\videos\Vh2cObLYHJ8_13_0to496.mp4,test,1,fake,OpenSource,T2V,Wan2.1,OpenSource_T2V_Wan2.1,1,True
fake_00427,1,"[-12.158613204956055, 14.606764793395996]",1.0,aigvd_common1000,1,,1.0,bG8EwSG8Hh4_1_0to149.mp4,F:\MEngDatasets\AIGVDBench\videos\OpenSource\I2V\SVD\videos\bG8EwSG8Hh4_1_0to149.mp4,test,1,fake,OpenSource,I2V,SVD,OpenSource_I2V_SVD,1,True
fake_00428,1,"[[-8.889041900634766, 12.31833553314209], [-8.889178276062012, 12.318485260009766], [-8.889122009277344, 12.318412780761719], [-8.889378547668457, 12.318695068359375]]","[1.0, 1.0, 1.0, 1.0]",aigvd_common1000,1,,1.0,nhskgJQ5XMU_202_0to114.mp4,F:\MEngDatasets\AIGVDBench\videos\OpenSource\T2V\EasyAnimate\videos\nhskgJQ5XMU_202_0to114.mp4,test,1,fake,OpenSource,T2V,EasyAnimate,OpenSource_T2V_EasyAnimate,1,True
fake_00429,1,"[[-6.587388038635254, 9.810267448425293], [-6.587128639221191, 9.809793472290039], [-6.5869622230529785, 9.8096342086792], [-6.587599277496338, 9.810600280761719]]","[0.9999998807907104, 0.9999998807907104, 0.9999998807907104, 0.9999998807907104]",aigvd_common1000,1,,0.9999998807907104,50KDhKUOrqI_57_294to582.mp4,F:\MEngDatasets\AIGVDBench\videos\OpenSource\I2V\LTX\videos\50KDhKUOrqI_57_294to582.mp4,test,1,fake,OpenSource,I2V,LTX,OpenSource_I2V_LTX,1,True
fake_00430,1,"[[-16.909940719604492, 24.836362838745117], [-16.90981101989746, 24.836162567138672], [-16.909818649291992, 24.83618927001953], [-16.90937042236328, 24.835405349731445]]","[1.0, 1.0, 1.0, 1.0]",aigvd_common1000,1,,1.0,NWYRv_MKaA8_10_24to132.mp4,F:\MEngDatasets\AIGVDBench\videos\OpenSource\T2V\EasyAnimate\videos\NWYRv_MKaA8_10_24to132.mp4,test,1,fake,OpenSource,T2V,EasyAnimate,OpenSource_T2V_EasyAnimate,1,True
fake_00431,1,"[6.573144435882568, -7.0594072341918945]",1.2007641316813533e-06,aigvd_common1000,1,,1.2007641316813533e-06,7TCW9wOxAWk_48_0to214.mp4,F:\MEngDatasets\AIGVDBench\videos\OpenSource\T2V\AnimateDiff\home\lma\Benchmark\bench\opensource\T2V\AnimateDiff\videos\7TCW9wOxAWk_48_0to214.mp4,test,1,fake,OpenSource,T2V,AnimateDiff,OpenSource_T2V_AnimateDiff,0,False
fake_00432,1,"[[-14.195530891418457, 20.277219772338867], [-14.195666313171387, 20.27745819091797], [-14.195603370666504, 20.27735710144043], [-14.195605278015137, 20.27732276916504], [-14.195730209350586, 20.277524948120117], [-14.195792198181152, 20.277616500854492], [-14.195816993713379, 20.27765655517578], [-14.195660591125488, 20.277462005615234], [-14.19560432434082, 20.27756690979004]]","[1.0, 1.0, 1.0, 1.0, 1.0, 1.0, 1.0, 1.0, 1.0]",aigvd_common1000,1,,1.0,Vh2cObLYHJ8_13_0to496.mp4,F:\MEngDatasets\AIGVDBench\videos\OpenSource\T2V\LTX\videos\Vh2cObLYHJ8_13_0to496.mp4,test,1,fake,OpenSource,T2V,LTX,OpenSource_T2V_LTX,1,True
fake_00433,1,"[[-16.98270606994629, 22.059743881225586], [-16.982736587524414, 22.059778213500977], [-16.982820510864258, 22.059816360473633], [-16.983125686645508, 22.060335159301758]]","[1.0, 1.0, 1.0, 1.0]",aigvd_common1000,1,,1.0,o82SKvbybvY_14_104to700.mp4,F:\MEngDatasets\AIGVDBench\videos\OpenSource\T2V\EasyAnimate\videos\o82SKvbybvY_14_104to700.mp4,test,1,fake,OpenSource,T2V,EasyAnimate,OpenSource_T2V_EasyAnimate,1,True
fake_00434,1,"[[-3.4819977283477783, 3.858766555786133], [-3.48199200630188, 3.8587241172790527], [-3.4814748764038086, 3.8579049110412598], [-3.48169207572937, 3.8582446575164795], [-3.481759786605835, 3.858323097229004], [-3.4820165634155273, 3.858719825744629], [-3.4820380210876465, 3.858778238296509], [-3.4823660850524902, 3.859240770339966]]","[0.9993519186973572, 0.9993517994880676, 0.9993509650230408, 0.9993513226509094, 0.999351441860199, 0.9993517994880676, 0.9993519186973572, 0.9993523955345154]",aigvd_common1000,1,,0.9993517994880676,QRYsvqSzYuE_43_455to1014.mp4,F:\MEngDatasets\AIGVDBench\videos\OpenSource\I2V\Pyramid-Flow\videos\QRYsvqSzYuE_43_455to1014.mp4,test,1,fake,OpenSource,I2V,Pyramid-Flow,OpenSource_I2V_Pyramid-Flow,1,True
fake_00435,1,"[[-17.560367584228516, 21.877256393432617], [-17.56114387512207, 21.878507614135742], [-17.561372756958008, 21.87885856628418], [-17.561548233032227, 21.879243850708008]]","[1.0, 1.0, 1.0, 1.0]",aigvd_common1000,1,,1.0,o82SKvbybvY_14_104to700.mp4,F:\MEngDatasets\AIGVDBench\videos\OpenSource\I2V\EasyAnimate\videos\o82SKvbybvY_14_104to700.mp4,test,1,fake,OpenSource,I2V,EasyAnimate,OpenSource_I2V_EasyAnimate,1,True
fake_00436,1,"[[-9.297834396362305, 10.672114372253418], [-9.298569679260254, 10.672981262207031], [-9.298054695129395, 10.672385215759277], [-9.297744750976562, 10.672004699707031]]","[1.0, 1.0, 1.0, 1.0]",aigvd_common1000,1,,1.0,Vh2cObLYHJ8_13_0to496.mp4,F:\MEngDatasets\AIGVDBench\videos\OpenSource\T2V\IPOC\videos\Vh2cObLYHJ8_13_0to496.mp4,test,1,fake,OpenSource,T2V,IPOC,OpenSource_T2V_IPOC,1,True
fake_00437,1,"[[-11.744298934936523, 17.50193214416504], [-11.744510650634766, 17.50232696533203], [-11.744503021240234, 17.502290725708008]]","[1.0, 1.0, 1.0]",aigvd_common1000,1,,1.0,y3vyO-025CI_3_0to339.mp4,F:\MEngDatasets\AIGVDBench\videos\OpenSource\T2V\Open-Sora\videos\y3vyO-025CI_3_0to339.mp4,test,1,fake,OpenSource,T2V,Open-Sora,OpenSource_T2V_Open-Sora,1,True
fake_00438,1,"[[-7.3424391746521, 9.421488761901855], [-7.342379570007324, 9.421427726745605], [-7.341996669769287, 9.420862197875977], [-7.34250545501709, 9.42153549194336]]","[1.0, 1.0, 1.0, 1.0]",aigvd_common1000,1,,1.0,guL5esGDFbk_11_0to163.mp4,F:\MEngDatasets\AIGVDBench\videos\OpenSource\T2V\RepVideo\videos\guL5esGDFbk_11_0to163.mp4,test,1,fake,OpenSource,T2V,RepVideo,OpenSource_T2V_RepVideo,1,True
fake_00439,1,"[[-14.199366569519043, 20.420780181884766], [-14.199912071228027, 20.421894073486328], [-14.19922924041748, 20.420637130737305]]","[1.0, 1.0, 1.0]",aigvd_common1000,1,,1.0,EHRI1gr4zik_3_323to481.mp4,F:\MEngDatasets\AIGVDBench\videos\OpenSource\T2V\HunyuanVideo\videos\EHRI1gr4zik_3_323to481.mp4,test,1,fake,OpenSource,T2V,HunyuanVideo,OpenSource_T2V_HunyuanVideo,1,True
fake_00440,1,"[[1.2398605346679688, -1.4231698513031006], [1.2398592233657837, -1.4231663942337036], [1.2398579120635986, -1.4231642484664917]]","[0.06519041210412979, 0.06519070267677307, 0.06519091874361038]",aigvd_common1000,1,,0.06519070267677307,jet4_Hc5j8I_13_0to109.mp4,F:\MEngDatasets\AIGVDBench\videos\OpenSource\T2V\AccVideo\videos\jet4_Hc5j8I_13_0to109.mp4,test,1,fake,OpenSource,T2V,AccVideo,OpenSource_T2V_AccVideo,0,False
fake_00441,1,"[-20.161518096923828, 29.21816062927246]",1.0,aigvd_common1000,1,,1.0,90u26k64J9A_14_0to144.mp4,F:\MEngDatasets\AIGVDBench\videos\OpenSource\I2V\SEINE\videos\90u26k64J9A_14_0to144.mp4,test,1,fake,OpenSource,I2V,SEINE,OpenSource_I2V_SEINE,1,True
fake_00442,1,"[-12.142167091369629, 18.43585777282715]",1.0,aigvd_common1000,1,,1.0,EHRI1gr4zik_3_323to481.mp4,F:\MEngDatasets\AIGVDBench\videos\OpenSource\I2V\VideoCrafter\videos\EHRI1gr4zik_3_323to481.mp4,test,1,fake,OpenSource,I2V,VideoCrafter,OpenSource_I2V_VideoCrafter,1,True
fake_00443,1,"[[-10.302048683166504, 13.579597473144531], [-10.301370620727539, 13.578600883483887], [-10.300606727600098, 13.57740592956543], [-10.299633979797363, 13.57587718963623]]","[1.0, 1.0, 1.0, 1.0]",aigvd_common1000,1,,1.0,HlRfdCWGMzI_22_114to219.mp4,F:\MEngDatasets\AIGVDBench\videos\OpenSource\V2V\LTX\videos\HlRfdCWGMzI_22_114to219.mp4,test,1,fake,OpenSource,V2V,LTX,OpenSource_V2V_LTX,1,True
fake_00444,1,"[[-11.66490650177002, 18.23298454284668], [-11.664793014526367, 18.232881546020508], [-11.664642333984375, 18.23271369934082], [-11.664738655090332, 18.232807159423828]]","[1.0, 1.0, 1.0, 1.0]",aigvd_common1000,1,,1.0,02M4tj70Ju0_20_0to116.mp4,F:\MEngDatasets\AIGVDBench\videos\OpenSource\I2V\EasyAnimate\videos\02M4tj70Ju0_20_0to116.mp4,test,1,fake,OpenSource,I2V,EasyAnimate,OpenSource_I2V_EasyAnimate,1,True
fake_00445,1,"[[-7.546134948730469, 11.223353385925293], [-7.546179294586182, 11.223407745361328], [-7.546144485473633, 11.223366737365723]]","[1.0, 1.0, 1.0]",aigvd_common1000,1,,1.0,nhskgJQ5XMU_202_0to114.mp4,F:\MEngDatasets\AIGVDBench\videos\OpenSource\T2V\Open-Sora\videos\nhskgJQ5XMU_202_0to114.mp4,test,1,fake,OpenSource,T2V,Open-Sora,OpenSource_T2V_Open-Sora,1,True
fake_00446,1,"[[6.17570686340332, -5.585709571838379], [6.175976753234863, -5.585986614227295], [6.17608642578125, -5.5861053466796875], [6.176265716552734, -5.586286544799805]]","[7.799709237588104e-06, 7.795448254910298e-06, 7.79366382630542e-06, 7.790854397171643e-06]",aigvd_common1000,1,,7.795448254910298e-06,bG8EwSG8Hh4_1_0to149.mp4,F:\MEngDatasets\AIGVDBench\videos\OpenSource\V2V\Cogvideox1.5\videos\bG8EwSG8Hh4_1_0to149.mp4,test,1,fake,OpenSource,V2V,Cogvideox1.5,OpenSource_V2V_Cogvideox1.5,0,False
fake_00447,1,"[[-7.627981185913086, 9.986712455749512], [-7.627981185913086, 9.986654281616211], [-7.6267876625061035, 9.98499870300293], [-7.625976085662842, 9.983871459960938], [-7.62660026550293, 9.984671592712402], [-7.626347541809082, 9.984357833862305], [-7.626687049865723, 9.984862327575684], [-7.627537727355957, 9.986103057861328], [-7.628232955932617, 9.987125396728516]]","[1.0, 1.0, 1.0, 1.0, 1.0, 1.0, 1.0, 1.0, 1.0]",aigvd_common1000,1,,1.0,bG8EwSG8Hh4_1_0to149.mp4,F:\MEngDatasets\AIGVDBench\videos\OpenSource\T2V\LTX\videos\bG8EwSG8Hh4_1_0to149.mp4,test,1,fake,OpenSource,T2V,LTX,OpenSource_T2V_LTX,1,True
fake_00448,1,"[[-9.21270751953125, 13.342127799987793], [-9.211710929870605, 13.341117858886719], [-9.209872245788574, 13.339255332946777]]","[1.0, 1.0, 1.0]",aigvd_common1000,1,,1.0,nhskgJQ5XMU_202_0to114.mp4,F:\MEngDatasets\AIGVDBench\videos\OpenSource\T2V\HunyuanVideo\videos\nhskgJQ5XMU_202_0to114.mp4,test,1,fake,OpenSource,T2V,HunyuanVideo,OpenSource_T2V_HunyuanVideo,1,True
fake_00449,1,"[[-13.840002059936523, 17.62693214416504], [-13.839207649230957, 17.625886917114258], [-13.839086532592773, 17.625656127929688], [-13.83884334564209, 17.625288009643555]]","[1.0, 1.0, 1.0, 1.0]",aigvd_common1000,1,,1.0,gcgj6G8r-IQ_28_24to180.mp4,F:\MEngDatasets\AIGVDBench\videos\OpenSource\T2V\IPOC\videos\gcgj6G8r-IQ_28_24to180.mp4,test,1,fake,OpenSource,T2V,IPOC,OpenSource_T2V_IPOC,1,True
fake_00450,1,"[[-8.46434497833252, 12.589503288269043], [-8.46461009979248, 12.589893341064453], [-8.4642915725708, 12.589462280273438], [-8.464380264282227, 12.589587211608887]]","[1.0, 1.0, 1.0, 1.0]",aigvd_common1000,1,,1.0,4cvgTuAaMDM_1_0to181.mp4,F:\MEngDatasets\AIGVDBench\videos\OpenSource\T2V\RepVideo\videos\4cvgTuAaMDM_1_0to181.mp4,test,1,fake,OpenSource,T2V,RepVideo,OpenSource_T2V_RepVideo,1,True
fake_00451,1,"[[1.815386414527893, -1.8663723468780518], [1.8143963813781738, -1.8654555082321167], [1.8147201538085938, -1.8657548427581787], [1.8152844905853271, -1.866275668144226]]","[0.02456025592982769, 0.02460598014295101, 0.024591032415628433, 0.024565020576119423]",aigvd_common1000,1,,0.02460598014295101,QRYsvqSzYuE_43_455to1014.mp4,F:\MEngDatasets\AIGVDBench\videos\OpenSource\T2V\EasyAnimate\videos\QRYsvqSzYuE_43_455to1014.mp4,test,1,fake,OpenSource,T2V,EasyAnimate,OpenSource_T2V_EasyAnimate,0,False
fake_00452,1,"[[-18.29798698425293, 28.00345802307129], [-18.29827308654785, 28.004079818725586], [-18.297883987426758, 28.003223419189453]]","[1.0, 1.0, 1.0]",aigvd_common1000,1,,1.0,vUVwNN47Uv0_7_1227to1461.mp4,F:\MEngDatasets\AIGVDBench\videos\OpenSource\T2V\Cogvideox1.5\videos\vUVwNN47Uv0_7_1227to1461.mp4,test,1,fake,OpenSource,T2V,Cogvideox1.5,OpenSource_T2V_Cogvideox1.5,1,True
fake_00453,1,"[[-3.8717188835144043, 4.194031715393066], [-3.8718647956848145, 4.194218635559082], [-3.871934652328491, 4.1942901611328125]]","[0.9996860027313232, 0.9996861219406128, 0.9996861219406128]",aigvd_common1000,1,,0.9996861219406128,jet4_Hc5j8I_13_0to109.mp4,F:\MEngDatasets\AIGVDBench\videos\OpenSource\T2V\Cogvideox1.5\videos\jet4_Hc5j8I_13_0to109.mp4,test,1,fake,OpenSource,T2V,Cogvideox1.5,OpenSource_T2V_Cogvideox1.5,1,True
fake_00454,1,"[[-7.360456943511963, 9.9424409866333], [-7.360435962677002, 9.942418098449707], [-7.360430717468262, 9.942405700683594]]","[1.0, 1.0, 1.0]",aigvd_common1000,1,,1.0,HlRfdCWGMzI_22_114to219.mp4,F:\MEngDatasets\AIGVDBench\videos\OpenSource\T2V\Cogvideox1.5\videos\HlRfdCWGMzI_22_114to219.mp4,test,1,fake,OpenSource,T2V,Cogvideox1.5,OpenSource_T2V_Cogvideox1.5,1,True
fake_00455,1,"[[-11.719522476196289, 15.473079681396484], [-11.719599723815918, 15.47321605682373], [-11.719675064086914, 15.473316192626953], [-11.719773292541504, 15.473445892333984]]","[1.0, 1.0, 1.0, 1.0]",aigvd_common1000,1,,1.0,HlRfdCWGMzI_22_114to219.mp4,F:\MEngDatasets\AIGVDBench\videos\OpenSource\T2V\EasyAnimate\videos\HlRfdCWGMzI_22_114to219.mp4,test,1,fake,OpenSource,T2V,EasyAnimate,OpenSource_T2V_EasyAnimate,1,True
fake_00456,1,"[[-7.209482669830322, 10.39940071105957], [-7.209512710571289, 10.399430274963379], [-7.209726810455322, 10.39976692199707], [-7.209247589111328, 10.398885726928711]]","[1.0, 1.0, 1.0, 1.0]",aigvd_common1000,1,,1.0,50KDhKUOrqI_57_294to582.mp4,F:\MEngDatasets\AIGVDBench\videos\OpenSource\V2V\LTX\videos\50KDhKUOrqI_57_294to582.mp4,test,1,fake,OpenSource,V2V,LTX,OpenSource_V2V_LTX,1,True
fake_00457,1,"[[-14.98812484741211, 20.10782814025879], [-14.988511085510254, 20.108253479003906], [-14.988303184509277, 20.107929229736328], [-14.987988471984863, 20.107532501220703], [-14.987950325012207, 20.107505798339844], [-14.988478660583496, 20.10822296142578], [-14.988312721252441, 20.108047485351562], [-14.988082885742188, 20.107669830322266], [-14.987802505493164, 20.107309341430664]]","[1.0, 1.0, 1.0, 1.0, 1.0, 1.0, 1.0, 1.0, 1.0]",aigvd_common1000,1,,1.0,eENFTG4UQsI_3_337to522.mp4,F:\MEngDatasets\AIGVDBench\videos\OpenSource\T2V\LTX\videos\eENFTG4UQsI_3_337to522.mp4,test,1,fake,OpenSource,T2V,LTX,OpenSource_T2V_LTX,1,True
fake_00458,1,"[[-16.658187866210938, 24.603591918945312], [-16.658498764038086, 24.60413932800293], [-16.658649444580078, 24.604379653930664], [-16.659019470214844, 24.60490608215332], [-16.659320831298828, 24.605268478393555], [-16.65979766845703, 24.605907440185547], [-16.66013526916504, 24.606468200683594], [-16.66032600402832, 24.606775283813477]]","[1.0, 1.0, 1.0, 1.0, 1.0, 1.0, 1.0, 1.0]",aigvd_common1000,1,,1.0,bG8EwSG8Hh4_1_0to149.mp4,F:\MEngDatasets\AIGVDBench\videos\OpenSource\T2V\Pyramid-Flow\videos\bG8EwSG8Hh4_1_0to149.mp4,test,1,fake,OpenSource,T2V,Pyramid-Flow,OpenSource_T2V_Pyramid-Flow,1,True
fake_00459,1,"[[-14.905874252319336, 20.08089828491211], [-14.905927658081055, 20.080976486206055], [-14.906392097473145, 20.081573486328125], [-14.905652046203613, 20.080568313598633], [-14.904675483703613, 20.07925796508789], [-14.905253410339355, 20.080062866210938], [-14.906105995178223, 20.081193923950195], [-14.906173706054688, 20.081241607666016]]","[1.0, 1.0, 1.0, 1.0, 1.0, 1.0, 1.0, 1.0]",aigvd_common1000,1,,1.0,guL5esGDFbk_11_0to163.mp4,F:\MEngDatasets\AIGVDBench\videos\OpenSource\I2V\Pyramid-Flow\videos\guL5esGDFbk_11_0to163.mp4,test,1,fake,OpenSource,I2V,Pyramid-Flow,OpenSource_I2V_Pyramid-Flow,1,True
fake_00460,1,"[[-20.352516174316406, 27.731538772583008], [-20.35342788696289, 27.732694625854492], [-20.353073120117188, 27.73225212097168], [-20.352571487426758, 27.731548309326172]]","[1.0, 1.0, 1.0, 1.0]",aigvd_common1000,1,,1.0,Vh2cObLYHJ8_13_0to496.mp4,F:\MEngDatasets\AIGVDBench\videos\OpenSource\T2V\EasyAnimate\videos\Vh2cObLYHJ8_13_0to496.mp4,test,1,fake,OpenSource,T2V,EasyAnimate,OpenSource_T2V_EasyAnimate,1,True
fake_00461,1,"[[-10.689032554626465, 14.190590858459473], [-10.6888427734375, 14.190423011779785], [-10.688918113708496, 14.190658569335938]]","[1.0, 1.0, 1.0]",aigvd_common1000,1,,1.0,o82SKvbybvY_14_104to700.mp4,F:\MEngDatasets\AIGVDBench\videos\OpenSource\T2V\Cogvideox1.5\videos\o82SKvbybvY_14_104to700.mp4,test,1,fake,OpenSource,T2V,Cogvideox1.5,OpenSource_T2V_Cogvideox1.5,1,True
fake_00462,1,"[[-10.587158203125, 13.744250297546387], [-10.58739185333252, 13.744604110717773], [-10.587634086608887, 13.745080947875977], [-10.587477684020996, 13.744793891906738], [-10.587462425231934, 13.7446870803833], [-10.587018966674805, 13.743962287902832], [-10.587018966674805, 13.744125366210938], [-10.587072372436523, 13.744153022766113], [-10.587352752685547, 13.744470596313477]]","[1.0, 1.0, 1.0, 1.0, 1.0, 1.0, 1.0, 1.0, 1.0]",aigvd_common1000,1,,1.0,50KDhKUOrqI_57_294to582.mp4,F:\MEngDatasets\AIGVDBench\videos\OpenSource\T2V\LTX\videos\50KDhKUOrqI_57_294to582.mp4,test,1,fake,OpenSource,T2V,LTX,OpenSource_T2V_LTX,1,True
fake_00463,1,"[[-3.3368444442749023, 4.556325435638428], [-3.3369619846343994, 4.556478023529053], [-3.3369369506835938, 4.556442737579346]]","[0.999626874923706, 0.9996269941329956, 0.999626874923706]",aigvd_common1000,1,,0.9996269941329956,50KDhKUOrqI_57_294to582.mp4,F:\MEngDatasets\AIGVDBench\videos\OpenSource\T2V\HunyuanVideo\videos\50KDhKUOrqI_57_294to582.mp4,test,1,fake,OpenSource,T2V,HunyuanVideo,OpenSource_T2V_HunyuanVideo,1,True
fake_00464,1,"[[-20.195091247558594, 26.167749404907227], [-20.193035125732422, 26.16551971435547], [-20.195545196533203, 26.168249130249023], [-20.19589614868164, 26.16863250732422], [-20.195905685424805, 26.16866111755371], [-20.194814682006836, 26.16745948791504], [-20.193540573120117, 26.166067123413086], [-20.193294525146484, 26.165830612182617]]","[1.0, 1.0, 1.0, 1.0, 1.0, 1.0, 1.0, 1.0]",aigvd_common1000,1,,1.0,eENFTG4UQsI_3_337to522.mp4,F:\MEngDatasets\AIGVDBench\videos\OpenSource\I2V\Pyramid-Flow\videos\eENFTG4UQsI_3_337to522.mp4,test,1,fake,OpenSource,I2V,Pyramid-Flow,OpenSource_I2V_Pyramid-Flow,1,True
fake_00465,1,"[[-14.568621635437012, 16.181482315063477], [-14.568675994873047, 16.181547164916992], [-14.568595886230469, 16.181421279907227], [-14.568490982055664, 16.181232452392578], [-14.569132804870605, 16.182132720947266], [-14.570091247558594, 16.183557510375977], [-14.570055961608887, 16.18352508544922], [-14.57005500793457, 16.18352699279785]]","[1.0, 1.0, 1.0, 1.0, 1.0, 1.0, 1.0, 1.0]",aigvd_common1000,1,,1.0,bG8EwSG8Hh4_1_0to149.mp4,F:\MEngDatasets\AIGVDBench\videos\OpenSource\T2V\Wan2.1\videos\bG8EwSG8Hh4_1_0to149.mp4,test,1,fake,OpenSource,T2V,Wan2.1,OpenSource_T2V_Wan2.1,1,True
fake_00466,1,"[[-2.0252184867858887, 2.5174455642700195], [-2.0251996517181396, 2.5174121856689453], [-2.0252795219421387, 2.5175254344940186], [-2.025357484817505, 2.5176360607147217]]","[0.9894670844078064, 0.9894666075706482, 0.9894686341285706, 0.9894706010818481]",aigvd_common1000,1,,0.9894666075706482,r03AuoH00eM_5_399to542.mp4,F:\MEngDatasets\AIGVDBench\videos\OpenSource\V2V\LTX\videos\r03AuoH00eM_5_399to542.mp4,test,1,fake,OpenSource,V2V,LTX,OpenSource_V2V_LTX,1,True
fake_00467,1,"[[-18.20686149597168, 24.612228393554688], [-18.207258224487305, 24.612829208374023], [-18.207185745239258, 24.612709045410156], [-18.207294464111328, 24.61288833618164], [-18.207258224487305, 24.612857818603516], [-18.206945419311523, 24.612302780151367], [-18.20649528503418, 24.611583709716797], [-18.2061710357666, 24.611072540283203]]","[1.0, 1.0, 1.0, 1.0, 1.0, 1.0, 1.0, 1.0]",aigvd_common1000,1,,1.0,0BPQnk47p6M_2_55to191.mp4,F:\MEngDatasets\AIGVDBench\videos\OpenSource\I2V\Pyramid-Flow\videos\0BPQnk47p6M_2_55to191.mp4,test,1,fake,OpenSource,I2V,Pyramid-Flow,OpenSource_I2V_Pyramid-Flow,1,True
fake_00468,1,"[[-17.43848419189453, 24.989126205444336], [-17.43852424621582, 24.989187240600586], [-17.438499450683594, 24.989147186279297], [-17.43849754333496, 24.989126205444336]]","[1.0, 1.0, 1.0, 1.0]",aigvd_common1000,1,,1.0,NWYRv_MKaA8_10_24to132.mp4,F:\MEngDatasets\AIGVDBench\videos\OpenSource\T2V\IPOC\videos\NWYRv_MKaA8_10_24to132.mp4,test,1,fake,OpenSource,T2V,IPOC,OpenSource_T2V_IPOC,1,True
fake_00469,1,"[[-13.856210708618164, 18.379411697387695], [-13.856493949890137, 18.380002975463867], [-13.857213020324707, 18.38132667541504], [-13.857053756713867, 18.3809757232666]]","[1.0, 1.0, 1.0, 1.0]",aigvd_common1000,1,,1.0,7TCW9wOxAWk_48_0to214.mp4,F:\MEngDatasets\AIGVDBench\videos\OpenSource\I2V\EasyAnimate\videos\7TCW9wOxAWk_48_0to214.mp4,test,1,fake,OpenSource,I2V,EasyAnimate,OpenSource_I2V_EasyAnimate,1,True
fake_00470,1,"[[-19.177242279052734, 24.892478942871094], [-19.17665672302246, 24.89146614074707], [-19.17708969116211, 24.8922119140625], [-19.176729202270508, 24.89167594909668]]","[1.0, 1.0, 1.0, 1.0]",aigvd_common1000,1,,1.0,EHRI1gr4zik_3_323to481.mp4,F:\MEngDatasets\AIGVDBench\videos\OpenSource\T2V\RepVideo\videos\EHRI1gr4zik_3_323to481.mp4,test,1,fake,OpenSource,T2V,RepVideo,OpenSource_T2V_RepVideo,1,True
fake_00471,1,"[[-10.215838432312012, 13.934286117553711], [-10.215893745422363, 13.934428215026855], [-10.216389656066895, 13.935257911682129], [-10.216790199279785, 13.935907363891602], [-10.216694831848145, 13.935752868652344], [-10.21662425994873, 13.935689926147461], [-10.216318130493164, 13.935157775878906], [-10.215356826782227, 13.933523178100586]]","[1.0, 1.0, 1.0, 1.0, 1.0, 1.0, 1.0, 1.0]",aigvd_common1000,1,,1.0,y3vyO-025CI_3_0to339.mp4,F:\MEngDatasets\AIGVDBench\videos\OpenSource\I2V\Pyramid-Flow\videos\y3vyO-025CI_3_0to339.mp4,test,1,fake,OpenSource,I2V,Pyramid-Flow,OpenSource_I2V_Pyramid-Flow,1,True
fake_00472,1,"[[-0.3518431782722473, 1.194811463356018], [-0.35238850116729736, 1.195562481880188], [-0.35245490074157715, 1.1956682205200195], [-0.352064847946167, 1.1951578855514526]]","[0.8244300484657288, 0.8246175646781921, 0.8246424794197083, 0.824512243270874]",aigvd_common1000,1,,0.8246175646781921,HlRfdCWGMzI_22_114to219.mp4,F:\MEngDatasets\AIGVDBench\videos\OpenSource\T2V\IPOC\videos\HlRfdCWGMzI_22_114to219.mp4,test,1,fake,OpenSource,T2V,IPOC,OpenSource_T2V_IPOC,1,True
fake_00473,1,"[-24.42119598388672, 30.324142456054688]",1.0,aigvd_common1000,1,,1.0,NWYRv_MKaA8_10_24to132.mp4,F:\MEngDatasets\AIGVDBench\videos\OpenSource\I2V\SVD\videos\NWYRv_MKaA8_10_24to132.mp4,test,1,fake,OpenSource,I2V,SVD,OpenSource_I2V_SVD,1,True
fake_00474,1,"[[-16.483747482299805, 20.751882553100586], [-16.484216690063477, 20.752527236938477], [-16.484838485717773, 20.753374099731445]]","[1.0, 1.0, 1.0]",aigvd_common1000,1,,1.0,eENFTG4UQsI_3_337to522.mp4,F:\MEngDatasets\AIGVDBench\videos\OpenSource\T2V\Open-Sora\videos\eENFTG4UQsI_3_337to522.mp4,test,1,fake,OpenSource,T2V,Open-Sora,OpenSource_T2V_Open-Sora,1,True
fake_00475,1,"[[-15.149761199951172, 24.200002670288086], [-15.14992618560791, 24.200489044189453], [-15.150049209594727, 24.200639724731445], [-15.149934768676758, 24.200294494628906]]","[1.0, 1.0, 1.0, 1.0]",aigvd_common1000,1,,1.0,90u26k64J9A_14_0to144.mp4,F:\MEngDatasets\AIGVDBench\videos\OpenSource\V2V\LTX\videos\90u26k64J9A_14_0to144.mp4,test,1,fake,OpenSource,V2V,LTX,OpenSource_V2V_LTX,1,True
fake_00476,1,"[-11.426671981811523, 14.418731689453125]",1.0,aigvd_common1000,1,,1.0,50KDhKUOrqI_57_294to582.mp4,F:\MEngDatasets\AIGVDBench\videos\OpenSource\I2V\VideoCrafter\videos\50KDhKUOrqI_57_294to582.mp4,test,1,fake,OpenSource,I2V,VideoCrafter,OpenSource_I2V_VideoCrafter,1,True
fake_00477,1,"[[-8.275105476379395, 10.412456512451172], [-8.275160789489746, 10.412405967712402], [-8.275227546691895, 10.411940574645996], [-8.275091171264648, 10.411864280700684], [-8.275164604187012, 10.411908149719238], [-8.275123596191406, 10.411799430847168], [-8.275052070617676, 10.411664962768555], [-8.275174140930176, 10.411971092224121], [-8.27558422088623, 10.412744522094727]]","[1.0, 1.0, 1.0, 1.0, 1.0, 1.0, 1.0, 1.0, 1.0]",aigvd_common1000,1,,1.0,xPcAfdYCj5k_136_0to424.mp4,F:\MEngDatasets\AIGVDBench\videos\OpenSource\T2V\LTX\videos\xPcAfdYCj5k_136_0to424.mp4,test,1,fake,OpenSource,T2V,LTX,OpenSource_T2V_LTX,1,True
fake_00478,1,"[[-10.106172561645508, 14.496988296508789], [-10.106413841247559, 14.497504234313965], [-10.106401443481445, 14.497672080993652], [-10.106268882751465, 14.497294425964355]]","[1.0, 1.0, 1.0, 1.0]",aigvd_common1000,1,,1.0,guL5esGDFbk_11_0to163.mp4,F:\MEngDatasets\AIGVDBench\videos\OpenSource\V2V\LTX\videos\guL5esGDFbk_11_0to163.mp4,test,1,fake,OpenSource,V2V,LTX,OpenSource_V2V_LTX,1,True
fake_00479,1,"[[-16.04688262939453, 20.276121139526367], [-16.04684829711914, 20.27608299255371], [-16.0472412109375, 20.276485443115234], [-16.048294067382812, 20.277565002441406]]","[1.0, 1.0, 1.0, 1.0]",aigvd_common1000,1,,1.0,Vh2cObLYHJ8_13_0to496.mp4,F:\MEngDatasets\AIGVDBench\videos\OpenSource\I2V\EasyAnimate\videos\Vh2cObLYHJ8_13_0to496.mp4,test,1,fake,OpenSource,I2V,EasyAnimate,OpenSource_I2V_EasyAnimate,1,True
fake_00480,1,"[[-22.424179077148438, 32.23524475097656], [-22.424453735351562, 32.2357177734375], [-22.4240779876709, 32.23515701293945]]","[1.0, 1.0, 1.0]",aigvd_common1000,1,,1.0,jty7y2KedUE_23_0to259.mp4,F:\MEngDatasets\AIGVDBench\videos\OpenSource\T2V\Open-Sora\videos\jty7y2KedUE_23_0to259.mp4,test,1,fake,OpenSource,T2V,Open-Sora,OpenSource_T2V_Open-Sora,1,True
fake_00481,1,"[[-8.678279876708984, 12.239459991455078], [-8.678218841552734, 12.239337921142578], [-8.677804946899414, 12.2387113571167], [-8.677714347839355, 12.238529205322266], [-8.677739143371582, 12.238520622253418], [-8.677669525146484, 12.238372802734375], [-8.676959037780762, 12.237349510192871], [-8.677044868469238, 12.237492561340332]]","[1.0, 1.0, 1.0, 1.0, 1.0, 1.0, 1.0, 1.0]",aigvd_common1000,1,,1.0,gcgj6G8r-IQ_28_24to180.mp4,F:\MEngDatasets\AIGVDBench\videos\OpenSource\I2V\Pyramid-Flow\videos\gcgj6G8r-IQ_28_24to180.mp4,test,1,fake,OpenSource,I2V,Pyramid-Flow,OpenSource_I2V_Pyramid-Flow,1,True
fake_00482,1,"[[-14.153176307678223, 20.796220779418945], [-14.152739524841309, 20.79532814025879], [-14.153243064880371, 20.796344757080078], [-14.153385162353516, 20.796648025512695]]","[1.0, 1.0, 1.0, 1.0]",aigvd_common1000,1,,1.0,NWYRv_MKaA8_10_24to132.mp4,F:\MEngDatasets\AIGVDBench\videos\OpenSource\T2V\RepVideo\videos\NWYRv_MKaA8_10_24to132.mp4,test,1,fake,OpenSource,T2V,RepVideo,OpenSource_T2V_RepVideo,1,True
fake_00483,1,"[[3.67926287651062, -3.5916764736175537], [3.6792798042297363, -3.591702699661255], [3.6795012950897217, -3.5919435024261475], [3.679187536239624, -3.5916032791137695], [3.678609609603882, -3.5909600257873535], [3.678720474243164, -3.591093063354492], [3.6787283420562744, -3.5910887718200684], [3.6787109375, -3.5910801887512207]]","[0.0006949750822968781, 0.0006949449889361858, 0.0006946242065168917, 0.0006950781098566949, 0.0006959271850064397, 0.0006957575096748769, 0.0006957548321224749, 0.0006957729929126799]",aigvd_common1000,1,,0.0006949449889361858,bG8EwSG8Hh4_1_0to149.mp4,F:\MEngDatasets\AIGVDBench\videos\OpenSource\I2V\Pyramid-Flow\videos\bG8EwSG8Hh4_1_0to149.mp4,test,1,fake,OpenSource,I2V,Pyramid-Flow,OpenSource_I2V_Pyramid-Flow,0,False
fake_00484,1,"[-5.543010711669922, 9.286539077758789]",0.9999996423721313,aigvd_common1000,1,,0.9999996423721313,0BPQnk47p6M_2_55to191.mp4,F:\MEngDatasets\AIGVDBench\videos\OpenSource\T2V\AnimateDiff\home\lma\Benchmark\bench\opensource\T2V\AnimateDiff\videos\0BPQnk47p6M_2_55to191.mp4,test,1,fake,OpenSource,T2V,AnimateDiff,OpenSource_T2V_AnimateDiff,1,True
fake_00485,1,"[[1.8954426050186157, -3.1035385131835938], [1.8954859972000122, -3.1035776138305664], [1.8956818580627441, -3.1037557125091553], [1.8956443071365356, -3.103720188140869]]","[0.006699628196656704, 0.006699080113321543, 0.006696592550724745, 0.0066970777697861195]",aigvd_common1000,1,,0.006699080113321543,r03AuoH00eM_5_399to542.mp4,F:\MEngDatasets\AIGVDBench\videos\OpenSource\T2V\IPOC\videos\r03AuoH00eM_5_399to542.mp4,test,1,fake,OpenSource,T2V,IPOC,OpenSource_T2V_IPOC,0,False
fake_00486,1,"[3.805590867996216, -4.3719024658203125]",0.00028082641074433923,aigvd_common1000,1,,0.00028082641074433923,jet4_Hc5j8I_13_0to109.mp4,F:\MEngDatasets\AIGVDBench\videos\OpenSource\T2V\AnimateDiff\home\lma\Benchmark\bench\opensource\T2V\AnimateDiff\videos\jet4_Hc5j8I_13_0to109.mp4,test,1,fake,OpenSource,T2V,AnimateDiff,OpenSource_T2V_AnimateDiff,0,False
fake_00487,1,"[-9.502405166625977, 13.270898818969727]",1.0,aigvd_common1000,1,,1.0,jty7y2KedUE_23_0to259.mp4,F:\MEngDatasets\AIGVDBench\videos\OpenSource\T2V\AnimateDiff\home\lma\Benchmark\bench\opensource\T2V\AnimateDiff\videos\jty7y2KedUE_23_0to259.mp4,test,1,fake,OpenSource,T2V,AnimateDiff,OpenSource_T2V_AnimateDiff,1,True
fake_00488,1,"[[-8.900278091430664, 12.516494750976562], [-8.899789810180664, 12.515788078308105], [-8.900510787963867, 12.516804695129395], [-8.900311470031738, 12.516227722167969]]","[1.0, 1.0, 1.0, 1.0]",aigvd_common1000,1,,1.0,smJlYSVS9Ds_340_112to226.mp4,F:\MEngDatasets\AIGVDBench\videos\OpenSource\I2V\EasyAnimate\videos\smJlYSVS9Ds_340_112to226.mp4,test,1,fake,OpenSource,I2V,EasyAnimate,OpenSource_I2V_EasyAnimate,1,True
fake_00489,1,"[[-6.708988189697266, 8.35578441619873], [-6.709026336669922, 8.35583782196045], [-6.709303855895996, 8.356276512145996], [-6.709504127502441, 8.356622695922852], [-6.709556579589844, 8.356743812561035], [-6.709193229675293, 8.356224060058594], [-6.709405422210693, 8.356553077697754], [-6.7092461585998535, 8.356231689453125]]","[0.9999997615814209, 0.9999997615814209, 0.9999997615814209, 0.9999997615814209, 0.9999997615814209, 0.9999997615814209, 0.9999997615814209, 0.9999997615814209]",aigvd_common1000,1,,0.9999997615814209,smJlYSVS9Ds_340_112to226.mp4,F:\MEngDatasets\AIGVDBench\videos\OpenSource\I2V\Pyramid-Flow\videos\smJlYSVS9Ds_340_112to226.mp4,test,1,fake,OpenSource,I2V,Pyramid-Flow,OpenSource_I2V_Pyramid-Flow,1,True
fake_00490,1,"[[-13.185306549072266, 17.5085391998291], [-13.185256958007812, 17.508392333984375], [-13.184913635253906, 17.50773811340332], [-13.184975624084473, 17.507549285888672], [-13.185369491577148, 17.50814437866211], [-13.185417175292969, 17.508241653442383], [-13.185669898986816, 17.50887107849121], [-13.18506908416748, 17.50775718688965]]","[1.0, 1.0, 1.0, 1.0, 1.0, 1.0, 1.0, 1.0]",aigvd_common1000,1,,1.0,jty7y2KedUE_23_0to259.mp4,F:\MEngDatasets\AIGVDBench\videos\OpenSource\T2V\Pyramid-Flow\videos\jty7y2KedUE_23_0to259.mp4,test,1,fake,OpenSource,T2V,Pyramid-Flow,OpenSource_T2V_Pyramid-Flow,1,True
fake_00491,1,"[[-7.327781677246094, 8.885952949523926], [-7.3279128074646, 8.886110305786133], [-7.327514171600342, 8.885552406311035], [-7.328229904174805, 8.886495590209961]]","[0.9999998807907104, 0.9999998807907104, 0.9999998807907104, 0.9999998807907104]",aigvd_common1000,1,,0.9999998807907104,EHRI1gr4zik_3_323to481.mp4,F:\MEngDatasets\AIGVDBench\videos\OpenSource\T2V\EasyAnimate\videos\EHRI1gr4zik_3_323to481.mp4,test,1,fake,OpenSource,T2V,EasyAnimate,OpenSource_T2V_EasyAnimate,1,True
fake_00492,1,"[[-10.233479499816895, 15.670424461364746], [-10.233242988586426, 15.670003890991211], [-10.233254432678223, 15.670022010803223], [-10.233573913574219, 15.670624732971191]]","[1.0, 1.0, 1.0, 1.0]",aigvd_common1000,1,,1.0,guL5esGDFbk_11_0to163.mp4,F:\MEngDatasets\AIGVDBench\videos\OpenSource\V2V\Cogvideox1.5\videos\guL5esGDFbk_11_0to163.mp4,test,1,fake,OpenSource,V2V,Cogvideox1.5,OpenSource_V2V_Cogvideox1.5,1,True
fake_00493,1,"[[-9.943109512329102, 14.32298469543457], [-9.94299030303955, 14.322757720947266], [-9.943598747253418, 14.32371711730957], [-9.944506645202637, 14.325003623962402], [-9.9445161819458, 14.325079917907715], [-9.943869590759277, 14.324126243591309], [-9.943875312805176, 14.324108123779297], [-9.943943977355957, 14.324226379394531], [-9.943793296813965, 14.324029922485352]]","[1.0, 1.0, 1.0, 1.0, 1.0, 1.0, 1.0, 1.0, 1.0]",aigvd_common1000,1,,1.0,guL5esGDFbk_11_0to163.mp4,F:\MEngDatasets\AIGVDBench\videos\OpenSource\T2V\LTX\videos\guL5esGDFbk_11_0to163.mp4,test,1,fake,OpenSource,T2V,LTX,OpenSource_T2V_LTX,1,True
fake_00494,1,"[[-9.670836448669434, 12.958870887756348], [-9.67192554473877, 12.960505485534668], [-9.670890808105469, 12.958950996398926]]","[1.0, 1.0, 1.0]",aigvd_common1000,1,,1.0,vUVwNN47Uv0_7_1227to1461.mp4,F:\MEngDatasets\AIGVDBench\videos\OpenSource\T2V\HunyuanVideo\videos\vUVwNN47Uv0_7_1227to1461.mp4,test,1,fake,OpenSource,T2V,HunyuanVideo,OpenSource_T2V_HunyuanVideo,1,True
fake_00495,1,"[[-20.439626693725586, 27.271881103515625], [-20.439245223999023, 27.271291732788086], [-20.43845558166504, 27.270050048828125]]","[1.0, 1.0, 1.0]",aigvd_common1000,1,,1.0,0BPQnk47p6M_2_55to191.mp4,F:\MEngDatasets\AIGVDBench\videos\OpenSource\T2V\AccVideo\videos\0BPQnk47p6M_2_55to191.mp4,test,1,fake,OpenSource,T2V,AccVideo,OpenSource_T2V_AccVideo,1,True
fake_00496,1,"[[-13.888167381286621, 19.124116897583008], [-13.88793659210205, 19.123756408691406], [-13.887578010559082, 19.123245239257812]]","[1.0, 1.0, 1.0]",aigvd_common1000,1,,1.0,nhskgJQ5XMU_202_0to114.mp4,F:\MEngDatasets\AIGVDBench\videos\OpenSource\T2V\AccVideo\videos\nhskgJQ5XMU_202_0to114.mp4,test,1,fake,OpenSource,T2V,AccVideo,OpenSource_T2V_AccVideo,1,True
fake_00497,1,"[[-6.665245532989502, 9.8432035446167], [-6.665293216705322, 9.843371391296387], [-6.6652655601501465, 9.843174934387207], [-6.665006160736084, 9.842631340026855], [-6.665036201477051, 9.842695236206055], [-6.664748668670654, 9.842215538024902], [-6.664957523345947, 9.842557907104492], [-6.665454864501953, 9.843575477600098]]","[0.9999998807907104, 0.9999998807907104, 0.9999998807907104, 0.9999998807907104, 0.9999998807907104, 0.9999998807907104, 0.9999998807907104, 0.9999998807907104]",aigvd_common1000,1,,0.9999998807907104,50KDhKUOrqI_57_294to582.mp4,F:\MEngDatasets\AIGVDBench\videos\OpenSource\T2V\Pyramid-Flow\videos\50KDhKUOrqI_57_294to582.mp4,test,1,fake,OpenSource,T2V,Pyramid-Flow,OpenSource_T2V_Pyramid-Flow,1,True
fake_00498,1,"[-14.927467346191406, 20.38465690612793]",1.0,aigvd_common1000,1,,1.0,y3vyO-025CI_3_0to339.mp4,F:\MEngDatasets\AIGVDBench\videos\OpenSource\I2V\SVD\videos\y3vyO-025CI_3_0to339.mp4,test,1,fake,OpenSource,I2V,SVD,OpenSource_I2V_SVD,1,True
fake_00499,1,"[[-10.874542236328125, 15.744553565979004], [-10.874322891235352, 15.744206428527832], [-10.874482154846191, 15.744489669799805]]","[1.0, 1.0, 1.0]",aigvd_common1000,1,,1.0,NWYRv_MKaA8_10_24to132.mp4,F:\MEngDatasets\AIGVDBench\videos\OpenSource\T2V\Cogvideox1.5\videos\NWYRv_MKaA8_10_24to132.mp4,test,1,fake,OpenSource,T2V,Cogvideox1.5,OpenSource_T2V_Cogvideox1.5,1,True
fake_00500,1,"[[-10.348028182983398, 15.129857063293457], [-10.348223686218262, 15.13001537322998], [-10.348063468933105, 15.129725456237793], [-10.348081588745117, 15.129883766174316], [-10.34836196899414, 15.130340576171875], [-10.347318649291992, 15.128591537475586], [-10.347159385681152, 15.128321647644043], [-10.347293853759766, 15.128645896911621]]","[1.0, 1.0, 1.0, 1.0, 1.0, 1.0, 1.0, 1.0]",aigvd_common1000,1,,1.0,smJlYSVS9Ds_340_112to226.mp4,F:\MEngDatasets\AIGVDBench\videos\OpenSource\T2V\Pyramid-Flow\videos\smJlYSVS9Ds_340_112to226.mp4,test,1,fake,OpenSource,T2V,Pyramid-Flow,OpenSource_T2V_Pyramid-Flow,1,True
real_00001,0,"[[-11.439846992492676, 15.794940948486328], [-11.440248489379883, 15.795572280883789], [-11.440549850463867, 15.796038627624512], [-11.440566062927246, 15.796076774597168], [-11.440988540649414, 15.796722412109375], [-11.441216468811035, 15.797083854675293], [-11.441107749938965, 15.796913146972656], [-11.441557884216309, 15.797739028930664], [-11.441742897033691, 15.7980318069458], [-11.44227123260498, 15.79889965057373]]","[1.0, 1.0, 1.0, 1.0, 1.0, 1.0, 1.0, 1.0, 1.0, 1.0]",aigvd_common1000,0,,1.0,5Pthjtsl5fA_5_0to109.mp4,F:\MEngDatasets\AIGVDBench\videos\Real\Real\videos\5Pthjtsl5fA_5_0to109.mp4,test,0,real,Real,,Real,Real,1,False
real_00002,0,"[[-5.653244972229004, 7.4275689125061035], [-5.653238296508789, 7.427623748779297], [-5.653270244598389, 7.427709102630615], [-5.6534199714660645, 7.427909851074219], [-5.6533660888671875, 7.42780065536499], [-5.653306007385254, 7.427643299102783], [-5.653478622436523, 7.4279632568359375], [-5.653717041015625, 7.42839241027832], [-5.653713703155518, 7.428417205810547], [-5.653879642486572, 7.428672790527344]]","[0.9999979734420776, 0.9999979734420776, 0.9999979734420776, 0.9999979734420776, 0.9999979734420776, 0.9999979734420776, 0.9999979734420776, 0.9999979734420776, 0.9999979734420776, 0.9999979734420776]",aigvd_common1000,0,,0.9999979734420776,3fb8Akzz59s_21_170to294.mp4,F:\MEngDatasets\AIGVDBench\videos\Real\Real\videos\3fb8Akzz59s_21_170to294.mp4,test,0,real,Real,,Real,Real,1,False
real_00003,0,"[[-18.919795989990234, 23.740758895874023], [-18.919601440429688, 23.740253448486328], [-18.91935157775879, 23.73993682861328], [-18.91922950744629, 23.739633560180664], [-18.919240951538086, 23.739606857299805], [-18.919719696044922, 23.740583419799805], [-18.91943359375, 23.74001121520996], [-18.91915512084961, 23.739519119262695], [-18.919382095336914, 23.73989486694336], [-18.91925048828125, 23.739604949951172], [-18.919288635253906, 23.739782333374023], [-18.919315338134766, 23.739770889282227], [-18.918989181518555, 23.739158630371094], [-18.919252395629883, 23.739648818969727], [-18.919612884521484, 23.74039077758789], [-18.91918182373047, 23.739521026611328], [-18.918638229370117, 23.738422393798828], [-18.91872787475586, 23.73847007751465], [-18.918764114379883, 23.738622665405273], [-18.918983459472656, 23.739009857177734], [-16.706205368041992, 20.221403121948242], [-16.706302642822266, 20.221521377563477], [-16.706119537353516, 20.221282958984375], [-16.707515716552734, 20.223527908325195], [-16.707487106323242, 20.223514556884766], [-16.708110809326172, 20.224599838256836], [-16.70815086364746, 20.2246036529541], [-16.708036422729492, 20.224462509155273], [-16.708023071289062, 20.22439193725586], [-16.707983016967773, 20.22433853149414], [-16.70797348022461, 20.224332809448242], [-16.707895278930664, 20.22425079345703], [-16.707836151123047, 20.22413444519043], [-16.708110809326172, 20.22453498840332], [-16.70803451538086, 20.224428176879883], [-16.70826530456543, 20.22476577758789], [-16.70836639404297, 20.224925994873047], [-16.707529067993164, 20.223663330078125]]","[1.0, 1.0, 1.0, 1.0, 1.0, 1.0, 1.0, 1.0, 1.0, 1.0, 1.0, 1.0, 1.0, 1.0, 1.0, 1.0, 1.0, 1.0, 1.0, 1.0, 1.0, 1.0, 1.0, 1.0, 1.0, 1.0, 1.0, 1.0, 1.0, 1.0, 1.0, 1.0, 1.0, 1.0, 1.0, 1.0, 1.0, 1.0]",aigvd_common1000,0,,1.0,TikS17iZ8cM_57_0to383.mp4,F:\MEngDatasets\AIGVDBench\videos\Real\Real\videos\TikS17iZ8cM_57_0to383.mp4,test,0,real,Real,,Real,Real,1,False
real_00004,0,"[[-9.92690372467041, 13.958184242248535], [-9.9269437789917, 13.958252906799316], [-9.926596641540527, 13.95778751373291], [-9.925775527954102, 13.956770896911621], [-9.925968170166016, 13.956955909729004], [-9.925433158874512, 13.95627212524414], [-9.925662994384766, 13.956578254699707], [-9.926407814025879, 13.957569122314453], [-9.92579174041748, 13.956847190856934], [-9.925570487976074, 13.956552505493164], [-9.925810813903809, 13.956801414489746], [-9.92515754699707, 13.956011772155762], [-9.925212860107422, 13.956182479858398], [-9.926558494567871, 13.957807540893555], [-9.926919937133789, 13.958086967468262], [-9.933565139770508, 13.96644115447998], [-9.926980018615723, 13.958036422729492], [-9.927040100097656, 13.958316802978516], [-9.926804542541504, 13.95818042755127]]","[1.0, 1.0, 1.0, 1.0, 1.0, 1.0, 1.0, 1.0, 1.0, 1.0, 1.0, 1.0, 1.0, 1.0, 1.0, 1.0, 1.0, 1.0, 1.0]",aigvd_common1000,0,,1.0,leGtOV0Z2lo_361_87to299.mp4,F:\MEngDatasets\AIGVDBench\videos\Real\Real\videos\leGtOV0Z2lo_361_87to299.mp4,test,0,real,Real,,Real,Real,1,False
real_00005,0,"[[-6.533435344696045, 9.360087394714355], [-6.5336833000183105, 9.360430717468262], [-6.533339977264404, 9.359983444213867], [-6.533475875854492, 9.3602294921875], [-6.533177852630615, 9.359818458557129], [-6.532932281494141, 9.359474182128906], [-6.532683849334717, 9.35905647277832], [-6.53244686126709, 9.358718872070312], [-6.532693862915039, 9.359051704406738], [-6.532638072967529, 9.358994483947754], [-6.533080577850342, 9.359627723693848], [-6.533609390258789, 9.360428810119629], [-6.533182144165039, 9.359793663024902], [-6.533171653747559, 9.35970687866211], [-6.53311824798584, 9.3596830368042], [-6.53295373916626, 9.359456062316895], [-6.533234119415283, 9.359904289245605], [-6.5333099365234375, 9.360026359558105], [-6.532991409301758, 9.35954761505127]]","[0.9999998807907104, 0.9999998807907104, 0.9999998807907104, 0.9999998807907104, 0.9999998807907104, 0.9999998807907104, 0.9999998807907104, 0.9999998807907104, 0.9999998807907104, 0.9999998807907104, 0.9999998807907104, 0.9999998807907104, 0.9999998807907104, 0.9999998807907104, 0.9999998807907104, 0.9999998807907104, 0.9999998807907104, 0.9999998807907104, 0.9999998807907104]",aigvd_common1000,0,,0.9999998807907104,m3bEGpvIUVI_9_0to199.mp4,F:\MEngDatasets\AIGVDBench\videos\Real\Real\videos\m3bEGpvIUVI_9_0to199.mp4,test,0,real,Real,,Real,Real,1,False
real_00006,0,"[[-11.11833667755127, 14.069117546081543], [-11.11817741394043, 14.068812370300293], [-11.118263244628906, 14.06888484954834], [-11.118408203125, 14.069112777709961], [-11.118610382080078, 14.069456100463867], [-11.118754386901855, 14.069657325744629], [-11.118882179260254, 14.069794654846191], [-11.11833667755127, 14.068984985351562], [-11.117128372192383, 14.067283630371094], [-11.116827011108398, 14.066779136657715], [-11.117815017700195, 14.068212509155273], [-11.118821144104004, 14.069754600524902], [-11.118271827697754, 14.069015502929688], [-11.118185997009277, 14.068896293640137], [-11.118163108825684, 14.068831443786621], [-11.118231773376465, 14.06895637512207], [-11.117834091186523, 14.068367004394531], [-11.117711067199707, 14.068163871765137], [-11.11816692352295, 14.068801879882812], [-11.118062973022461, 14.068607330322266], [-13.009206771850586, 16.138444900512695], [-13.00883960723877, 16.138046264648438], [-13.008270263671875, 16.137123107910156], [-13.007455825805664, 16.13593101501465], [-13.00664234161377, 16.13490867614746], [-13.005511283874512, 16.133291244506836], [-13.00539779663086, 16.133163452148438], [-13.005208015441895, 16.132898330688477], [-13.005257606506348, 16.132888793945312], [-13.005834579467773, 16.13361167907715], [-13.005749702453613, 16.133407592773438], [-13.005720138549805, 16.133426666259766], [-13.006390571594238, 16.134552001953125], [-13.007145881652832, 16.135482788085938], [-13.006789207458496, 16.13493537902832], [-13.006720542907715, 16.1348819732666], [-13.006532669067383, 16.134641647338867], [-13.006721496582031, 16.134841918945312], [-13.00662899017334, 16.13460350036621], [-13.00690746307373, 16.1351261138916], [-14.580395698547363, 18.07942008972168], [-14.580023765563965, 18.078866958618164], [-14.579474449157715, 18.07798194885254], [-14.579339981079102, 18.07768440246582], [-14.57874584197998, 18.07682991027832], [-14.57828426361084, 18.076173782348633], [-14.57829475402832, 18.076358795166016], [-14.578401565551758, 18.076431274414062], [-14.57901382446289, 18.077295303344727], [-14.579357147216797, 18.077802658081055]]","[1.0, 1.0, 1.0, 1.0, 1.0, 1.0, 1.0, 1.0, 1.0, 1.0, 1.0, 1.0, 1.0, 1.0, 1.0, 1.0, 1.0, 1.0, 1.0, 1.0, 1.0, 1.0, 1.0, 1.0, 1.0, 1.0, 1.0, 1.0, 1.0, 1.0, 1.0, 1.0, 1.0, 1.0, 1.0, 1.0, 1.0, 1.0, 1.0, 1.0, 1.0, 1.0, 1.0, 1.0, 1.0, 1.0, 1.0, 1.0, 1.0, 1.0]",aigvd_common1000,0,,1.0,XvtyLeB6Fps_10_0to523.mp4,F:\MEngDatasets\AIGVDBench\videos\Real\Real\videos\XvtyLeB6Fps_10_0to523.mp4,test,0,real,Real,,Real,Real,1,False
real_00007,0,"[[-5.63023042678833, 7.827002048492432], [-5.630203723907471, 7.826981544494629], [-5.630442142486572, 7.827365398406982], [-5.630361557006836, 7.827254295349121], [-5.629975318908691, 7.8266754150390625], [-5.6297287940979, 7.8263068199157715], [-5.629701614379883, 7.826272010803223], [-5.629641532897949, 7.826200485229492], [-5.63010311126709, 7.82682466506958], [-5.630178928375244, 7.826964378356934], [-5.629794597625732, 7.826374053955078], [-5.62958288192749, 7.826074600219727], [-5.629976272583008, 7.826624393463135], [-5.630547046661377, 7.827566146850586], [-5.629814147949219, 7.826423645019531], [-5.630173206329346, 7.8269195556640625], [-5.630193710327148, 7.827053070068359], [-5.630217552185059, 7.8270649909973145], [-5.630156517028809, 7.826863765716553], [-5.630236625671387, 7.826944351196289], [-12.118057250976562, 16.891176223754883], [-12.117711067199707, 16.890453338623047], [-12.117623329162598, 16.890365600585938], [-12.117868423461914, 16.890954971313477], [-12.117459297180176, 16.890295028686523], [-12.1172513961792, 16.889968872070312], [-12.117039680480957, 16.8896541595459], [-12.11715316772461, 16.889921188354492], [-12.117270469665527, 16.890220642089844], [-12.11798095703125, 16.891332626342773], [-12.117500305175781, 16.890504837036133], [-12.117605209350586, 16.890522003173828], [-12.117278099060059, 16.88987159729004], [-12.11648178100586, 16.888776779174805], [-12.116500854492188, 16.888904571533203], [-12.115438461303711, 16.886877059936523], [-12.116877555847168, 16.88907814025879], [-12.118027687072754, 16.89148712158203], [-12.118172645568848, 16.891923904418945], [-12.118133544921875, 16.89203643798828], [-9.827810287475586, 12.584521293640137], [-9.826738357543945, 12.58279800415039], [-9.823537826538086, 12.577879905700684], [-9.824263572692871, 12.578939437866211], [-9.82833480834961, 12.5851411819458], [-9.826998710632324, 12.583003044128418], [-9.824645042419434, 12.579569816589355]]","[0.9999985694885254, 0.9999985694885254, 0.9999985694885254, 0.9999985694885254, 0.9999985694885254, 0.9999985694885254, 0.9999985694885254, 0.9999985694885254, 0.9999985694885254, 0.9999985694885254, 0.9999985694885254, 0.9999985694885254, 0.9999985694885254, 0.9999985694885254, 0.9999985694885254, 0.9999985694885254, 0.9999985694885254, 0.9999985694885254, 0.9999985694885254, 0.9999985694885254, 1.0, 1.0, 1.0, 1.0, 1.0, 1.0, 1.0, 1.0, 1.0, 1.0, 1.0, 1.0, 1.0, 1.0, 1.0, 1.0, 1.0, 1.0, 1.0, 1.0, 1.0, 1.0, 1.0, 1.0, 1.0, 1.0, 1.0]",aigvd_common1000,0,,0.9999985694885254,AkvMMfpXzzc_15_0to470.mp4,F:\MEngDatasets\AIGVDBench\videos\Real\Real\videos\AkvMMfpXzzc_15_0to470.mp4,test,0,real,Real,,Real,Real,1,False
real_00008,0,"[[-16.342693328857422, 23.38957977294922], [-16.342185974121094, 23.388681411743164], [-16.342517852783203, 23.38939094543457], [-16.34212303161621, 23.388790130615234], [-16.34222412109375, 23.389080047607422], [-16.342214584350586, 23.389171600341797], [-16.342391967773438, 23.389257431030273], [-16.341947555541992, 23.388540267944336], [-16.341876983642578, 23.388431549072266], [-16.34247398376465, 23.389474868774414], [-16.342300415039062, 23.38919448852539], [-16.342695236206055, 23.389902114868164], [-16.34246253967285, 23.38961410522461], [-16.34250831604004, 23.38960838317871], [-16.342287063598633, 23.38921546936035], [-16.3425350189209, 23.38973045349121], [-16.34267807006836, 23.390024185180664], [-16.342849731445312, 23.390172958374023], [-16.342803955078125, 23.390178680419922], [-16.34198760986328, 23.388566970825195], [-14.191967964172363, 19.168642044067383], [-14.192062377929688, 19.168750762939453], [-14.19184684753418, 19.16845703125], [-14.192819595336914, 19.16971778869629], [-14.193451881408691, 19.170541763305664], [-14.192974090576172, 19.169919967651367], [-14.192895889282227, 19.16980743408203], [-14.192366600036621, 19.16907501220703], [-14.193259239196777, 19.170074462890625]]","[1.0, 1.0, 1.0, 1.0, 1.0, 1.0, 1.0, 1.0, 1.0, 1.0, 1.0, 1.0, 1.0, 1.0, 1.0, 1.0, 1.0, 1.0, 1.0, 1.0, 1.0, 1.0, 1.0, 1.0, 1.0, 1.0, 1.0, 1.0, 1.0]",aigvd_common1000,0,,1.0,QvMiA9c88_c_19_0to295.mp4,F:\MEngDatasets\AIGVDBench\videos\Real\Real\videos\QvMiA9c88_c_19_0to295.mp4,test,0,real,Real,,Real,Real,1,False
real_00009,0,"[[-6.936154842376709, 10.781571388244629], [-6.93607759475708, 10.781488418579102], [-6.936158657073975, 10.781595230102539], [-6.936493396759033, 10.782116889953613], [-6.937026500701904, 10.7829008102417], [-6.937550067901611, 10.783642768859863], [-6.937500476837158, 10.783568382263184], [-6.9378252029418945, 10.783967018127441], [-6.937830924987793, 10.783984184265137], [-6.937981128692627, 10.784204483032227], [-6.938212871551514, 10.784542083740234], [-6.937770843505859, 10.783933639526367], [-6.9377617835998535, 10.783891677856445], [-6.937764644622803, 10.783896446228027], [-6.9377570152282715, 10.78388500213623], [-6.9377570152282715, 10.783881187438965], [-6.937756538391113, 10.783879280090332], [-6.937754154205322, 10.7838773727417], [-6.937756538391113, 10.783881187438965], [-6.937770843505859, 10.783896446228027], [-5.963818073272705, 8.384504318237305]]","[1.0, 1.0, 1.0, 1.0, 1.0, 1.0, 1.0, 1.0, 1.0, 1.0, 1.0, 1.0, 1.0, 1.0, 1.0, 1.0, 1.0, 1.0, 1.0, 1.0, 0.9999994039535522]",aigvd_common1000,0,,1.0,fXGmXiDv528_23_0to216.mp4,F:\MEngDatasets\AIGVDBench\videos\Real\Real\videos\fXGmXiDv528_23_0to216.mp4,test,0,real,Real,,Real,Real,1,False
real_00010,0,"[[-11.709632873535156, 15.236308097839355], [-11.709500312805176, 15.236024856567383], [-11.70931339263916, 15.23575496673584], [-11.709355354309082, 15.235979080200195], [-11.709360122680664, 15.235812187194824], [-11.709283828735352, 15.23576831817627], [-11.709324836730957, 15.235931396484375], [-11.709403991699219, 15.236072540283203], [-11.709088325500488, 15.23549747467041], [-11.709142684936523, 15.23556900024414], [-11.709041595458984, 15.235438346862793], [-11.708921432495117, 15.235186576843262], [-11.708819389343262, 15.235116004943848], [-11.708909034729004, 15.235265731811523], [-11.708934783935547, 15.23524284362793], [-11.708758354187012, 15.235061645507812], [-11.708931922912598, 15.235306739807129], [-11.70856761932373, 15.234847068786621], [-11.708768844604492, 15.23495864868164], [-11.708827018737793, 15.235020637512207], [-16.139389038085938, 24.517444610595703], [-16.13922882080078, 24.517192840576172], [-16.139392852783203, 24.517629623413086], [-16.13927459716797, 24.51752281188965], [-16.139423370361328, 24.517841339111328], [-16.139589309692383, 24.518022537231445]]","[1.0, 1.0, 1.0, 1.0, 1.0, 1.0, 1.0, 1.0, 1.0, 1.0, 1.0, 1.0, 1.0, 1.0, 1.0, 1.0, 1.0, 1.0, 1.0, 1.0, 1.0, 1.0, 1.0, 1.0, 1.0, 1.0]",aigvd_common1000,0,,1.0,03vWwqYPf60_76_117to407.mp4,F:\MEngDatasets\AIGVDBench\videos\Real\Real\videos\03vWwqYPf60_76_117to407.mp4,test,0,real,Real,,Real,Real,1,False
real_00011,0,"[[-14.024731636047363, 18.602828979492188], [-14.024161338806152, 18.602022171020508], [-14.024449348449707, 18.60244369506836], [-14.023942947387695, 18.601730346679688], [-14.024267196655273, 18.602205276489258], [-14.024542808532715, 18.602638244628906], [-14.025026321411133, 18.603273391723633], [-14.025586128234863, 18.604000091552734], [-14.025400161743164, 18.603675842285156], [-14.025155067443848, 18.60332489013672], [-14.02476692199707, 18.602676391601562], [-14.024819374084473, 18.6026668548584], [-14.024816513061523, 18.602663040161133], [-14.024823188781738, 18.602617263793945], [-14.024787902832031, 18.602571487426758], [-14.025100708007812, 18.60299301147461], [-14.024652481079102, 18.602432250976562], [-14.025327682495117, 18.603445053100586], [-14.025002479553223, 18.603002548217773], [-14.024636268615723, 18.602521896362305], [-9.559822082519531, 12.565705299377441], [-9.560015678405762, 12.56590461730957], [-9.559917449951172, 12.565824508666992], [-9.559771537780762, 12.565677642822266], [-9.560590744018555, 12.56663990020752], [-9.56003189086914, 12.565971374511719], [-9.559481620788574, 12.565271377563477], [-9.559307098388672, 12.565058708190918], [-9.560134887695312, 12.566058158874512], [-9.559612274169922, 12.565462112426758], [-9.559096336364746, 12.56483268737793], [-9.559734344482422, 12.5655517578125], [-9.559967994689941, 12.565824508666992], [-9.559359550476074, 12.565145492553711], [-9.559203147888184, 12.564943313598633], [-9.559388160705566, 12.565146446228027]]","[1.0, 1.0, 1.0, 1.0, 1.0, 1.0, 1.0, 1.0, 1.0, 1.0, 1.0, 1.0, 1.0, 1.0, 1.0, 1.0, 1.0, 1.0, 1.0, 1.0, 1.0, 1.0, 1.0, 1.0, 1.0, 1.0, 1.0, 1.0, 1.0, 1.0, 1.0, 1.0, 1.0, 1.0, 1.0, 1.0]",aigvd_common1000,0,,1.0,XD_lwLkd6ls_12_32to416.mp4,F:\MEngDatasets\AIGVDBench\videos\Real\Real\videos\XD_lwLkd6ls_12_32to416.mp4,test,0,real,Real,,Real,Real,1,False
real_00012,0,"[[2.3985204696655273, -2.6526682376861572], [2.3984107971191406, -2.6525614261627197], [2.398233413696289, -2.652390480041504], [2.39801025390625, -2.652172327041626], [2.3976995944976807, -2.651870012283325], [2.397336959838867, -2.6515159606933594], [2.397087335586548, -2.6512694358825684], [2.3975937366485596, -2.6517624855041504], [2.3969943523406982, -2.6511847972869873], [2.396721124649048, -2.650921106338501], [2.3966386318206787, -2.6508395671844482], [2.3971188068389893, -2.651308536529541], [2.396810293197632, -2.6510090827941895], [2.396770477294922, -2.650970458984375]]","[0.006360999308526516, 0.006362367421388626, 0.00636456860229373, 0.006367361173033714, 0.006371239200234413, 0.006375778466463089, 0.006378920283168554, 0.006372589152306318, 0.006380048580467701, 0.006383453495800495, 0.006384493783116341, 0.006378473248332739, 0.006382330786436796, 0.006382826250046492]",aigvd_common1000,0,,0.006362367421388626,tmjVEZcnVxI_21_0to144.mp4,F:\MEngDatasets\AIGVDBench\videos\Real\Real\videos\tmjVEZcnVxI_21_0to144.mp4,test,0,real,Real,,Real,Real,0,True
real_00013,0,"[[-4.01828145980835, 5.830234527587891], [-4.018126964569092, 5.83005952835083], [-4.018826007843018, 5.830927848815918], [-4.018919944763184, 5.831023216247559], [-4.01846981048584, 5.830487251281738], [-4.0180253982543945, 5.829922199249268], [-4.017594337463379, 5.829383373260498], [-4.017825126647949, 5.829672813415527], [-4.018073558807373, 5.829977989196777], [-4.017961502075195, 5.829834461212158], [-4.017521381378174, 5.829272747039795], [-4.017274856567383, 5.828982353210449]]","[0.999947190284729, 0.999947190284729, 0.999947190284729, 0.999947190284729, 0.999947190284729, 0.999947190284729, 0.9999470710754395, 0.9999470710754395, 0.999947190284729, 0.999947190284729, 0.9999470710754395, 0.9999470710754395]",aigvd_common1000,0,,0.999947190284729,XpzM5ZpZNzs_39_0to127.mp4,F:\MEngDatasets\AIGVDBench\videos\Real\Real\videos\XpzM5ZpZNzs_39_0to127.mp4,test,0,real,Real,,Real,Real,1,False
real_00014,0,"[[-8.493794441223145, 10.095758438110352], [-8.49377727508545, 10.095722198486328], [-8.493812561035156, 10.095805168151855], [-8.49360466003418, 10.095559120178223], [-8.493674278259277, 10.095659255981445], [-8.493739128112793, 10.095732688903809], [-8.493602752685547, 10.095534324645996], [-8.493720054626465, 10.095722198486328], [-8.493511199951172, 10.0954008102417], [-8.493395805358887, 10.09522819519043], [-8.49336051940918, 10.095137596130371], [-8.493035316467285, 10.094566345214844], [-8.49316120147705, 10.09477710723877], [-8.49316120147705, 10.09475040435791], [-8.49323558807373, 10.094871520996094], [-8.493158340454102, 10.094746589660645], [-8.493059158325195, 10.09461784362793], [-8.492875099182129, 10.094405174255371], [-8.493273735046387, 10.0950345993042], [-8.493551254272461, 10.095462799072266], [-8.791753768920898, 11.595442771911621], [-8.792329788208008, 11.596085548400879], [-8.793313980102539, 11.59727954864502], [-8.79326343536377, 11.597245216369629], [-8.79428768157959, 11.598498344421387], [-8.794575691223145, 11.59884262084961], [-8.794751167297363, 11.599052429199219], [-8.795170783996582, 11.599601745605469], [-8.795313835144043, 11.5997953414917], [-8.795368194580078, 11.599852561950684], [-8.795121192932129, 11.599529266357422], [-8.79434585571289, 11.598614692687988], [-8.793627738952637, 11.597731590270996]]","[1.0, 1.0, 1.0, 1.0, 1.0, 1.0, 1.0, 1.0, 1.0, 1.0, 1.0, 1.0, 1.0, 1.0, 1.0, 1.0, 1.0, 1.0, 1.0, 1.0, 1.0, 1.0, 1.0, 1.0, 1.0, 1.0, 1.0, 1.0, 1.0, 1.0, 1.0, 1.0, 1.0]",aigvd_common1000,0,,1.0,8eVGlETNN0M_25_0to332.mp4,F:\MEngDatasets\AIGVDBench\videos\Real\Real\videos\8eVGlETNN0M_25_0to332.mp4,test,0,real,Real,,Real,Real,1,False
real_00015,0,"[[-3.8050975799560547, 6.078004837036133], [-3.805112361907959, 6.077940940856934], [-3.805004596710205, 6.07767391204834], [-3.805150270462036, 6.078049659729004], [-3.8050971031188965, 6.077913284301758], [-3.805037021636963, 6.077815532684326], [-3.805002450942993, 6.0777387619018555], [-3.8051178455352783, 6.0780558586120605], [-3.805152654647827, 6.0781378746032715], [-3.805009603500366, 6.077725410461426], [-3.8050196170806885, 6.077805042266846], [-3.8050568103790283, 6.077879428863525], [-3.8050124645233154, 6.077695369720459], [-3.8051722049713135, 6.078097343444824], [-3.8050320148468018, 6.077759265899658], [-3.805100202560425, 6.0779948234558105], [-3.8052194118499756, 6.078271865844727]]","[0.9999489784240723, 0.9999489784240723, 0.9999489784240723, 0.9999489784240723, 0.9999489784240723, 0.9999489784240723, 0.9999489784240723, 0.9999489784240723, 0.9999489784240723, 0.9999489784240723, 0.9999489784240723, 0.9999489784240723, 0.9999489784240723, 0.9999489784240723, 0.9999489784240723, 0.9999489784240723, 0.9999489784240723]",aigvd_common1000,0,,0.9999489784240723,DqRGHhsKBlQ_15_0to174.mp4,F:\MEngDatasets\AIGVDBench\videos\Real\Real\videos\DqRGHhsKBlQ_15_0to174.mp4,test,0,real,Real,,Real,Real,1,False
real_00016,0,"[[-0.6106878519058228, 1.1725399494171143], [-0.6111669540405273, 1.1729475259780884], [-0.6109021306037903, 1.1727194786071777], [-0.6109290719032288, 1.172737717628479], [-0.6109796762466431, 1.1727818250656128], [-0.6106749176979065, 1.1725178956985474], [-0.6107971668243408, 1.1726247072219849], [-0.6107222437858582, 1.1725577116012573], [-0.6106293201446533, 1.172481656074524], [-0.6104702353477478, 1.1723451614379883], [-0.6104597449302673, 1.1723415851593018], [-0.6105408668518066, 1.172407865524292], [-0.6106623411178589, 1.1725144386291504], [-0.6105233430862427, 1.1723926067352295], [-0.610474169254303, 1.172350287437439], [-0.6103453040122986, 1.1722421646118164], [-0.6103177070617676, 1.1722171306610107], [-0.6103670597076416, 1.1722606420516968]]","[0.8560949563980103, 0.8562041521072388, 0.8561435341835022, 0.8561490178108215, 0.8561607003211975, 0.8560906648635864, 0.8561188578605652, 0.856101393699646, 0.8560805916786194, 0.8560441732406616, 0.8560424447059631, 0.8560606241226196, 0.8560887575149536, 0.8560565710067749, 0.8560453057289124, 0.8560160398483276, 0.8560096025466919, 0.8560210466384888]",aigvd_common1000,0,,0.8562041521072388,FKiVUq9dwpk_43_0to203.mp4,F:\MEngDatasets\AIGVDBench\videos\Real\Real\videos\FKiVUq9dwpk_43_0to203.mp4,test,0,real,Real,,Real,Real,1,False
real_00017,0,"[[-7.940459728240967, 9.942066192626953], [-7.9401702880859375, 9.941609382629395], [-7.9405131340026855, 9.942097663879395], [-7.940537929534912, 9.942095756530762], [-7.940310955047607, 9.941732406616211], [-7.939990520477295, 9.941319465637207], [-7.939972400665283, 9.94127082824707], [-7.940070629119873, 9.941398620605469], [-7.939968585968018, 9.941267013549805], [-7.939857006072998, 9.94111442565918], [-7.940037250518799, 9.94137954711914], [-7.939699649810791, 9.9408597946167], [-7.939938068389893, 9.941239356994629], [-7.939886569976807, 9.94118595123291], [-7.939755916595459, 9.941015243530273], [-7.939843654632568, 9.941128730773926], [-7.939825534820557, 9.941125869750977], [-7.939806938171387, 9.941113471984863], [-7.9397783279418945, 9.94102668762207], [-7.940202713012695, 9.94168758392334], [-9.924038887023926, 11.757540702819824], [-9.923848152160645, 11.757325172424316], [-9.924173355102539, 11.757712364196777], [-9.924416542053223, 11.757980346679688], [-9.92441177368164, 11.757986068725586], [-9.925026893615723, 11.75869083404541], [-9.924890518188477, 11.758545875549316], [-9.923858642578125, 11.757335662841797], [-9.924140930175781, 11.757647514343262], [-9.923661231994629, 11.757073402404785], [-9.923139572143555, 11.756474494934082], [-9.92451286315918, 11.758071899414062], [-9.924223899841309, 11.757747650146484], [-9.924259185791016, 11.757796287536621], [-9.924066543579102, 11.757559776306152], [-9.92328929901123, 11.756640434265137], [-9.922568321228027, 11.7558012008667], [-9.923301696777344, 11.756672859191895], [-9.923914909362793, 11.757380485534668], [-9.92428207397461, 11.757798194885254], [-10.608222961425781, 14.235756874084473]]","[1.0, 1.0, 1.0, 1.0, 1.0, 1.0, 1.0, 1.0, 1.0, 1.0, 1.0, 1.0, 1.0, 1.0, 1.0, 1.0, 1.0, 1.0, 1.0, 1.0, 1.0, 1.0, 1.0, 1.0, 1.0, 1.0, 1.0, 1.0, 1.0, 1.0, 1.0, 1.0, 1.0, 1.0, 1.0, 1.0, 1.0, 1.0, 1.0, 1.0, 1.0]",aigvd_common1000,0,,1.0,wKnfWUW27ns_3_0to416.mp4,F:\MEngDatasets\AIGVDBench\videos\Real\Real\videos\wKnfWUW27ns_3_0to416.mp4,test,0,real,Real,,Real,Real,1,False
real_00018,0,"[[-14.625338554382324, 18.860551834106445], [-14.625097274780273, 18.860164642333984], [-14.625129699707031, 18.860204696655273], [-14.62608814239502, 18.8614444732666], [-14.625836372375488, 18.86104393005371], [-14.62580680847168, 18.860946655273438], [-14.625657081604004, 18.86069679260254], [-14.625808715820312, 18.860925674438477], [-14.626252174377441, 18.86166000366211], [-14.626825332641602, 18.86236572265625], [-14.626507759094238, 18.861967086791992], [-14.625874519348145, 18.860883712768555], [-14.626425743103027, 18.861963272094727], [-14.626529693603516, 18.862146377563477], [-14.625356674194336, 18.860504150390625], [-14.625535011291504, 18.86082649230957], [-14.626738548278809, 18.86248207092285]]","[1.0, 1.0, 1.0, 1.0, 1.0, 1.0, 1.0, 1.0, 1.0, 1.0, 1.0, 1.0, 1.0, 1.0, 1.0, 1.0, 1.0]",aigvd_common1000,0,,1.0,WPPARIBNRU8_25_0to170.mp4,F:\MEngDatasets\AIGVDBench\videos\Real\Real\videos\WPPARIBNRU8_25_0to170.mp4,test,0,real,Real,,Real,Real,1,False
real_00019,0,"[[-13.64844036102295, 18.126976013183594], [-13.647772789001465, 18.125885009765625], [-13.647870063781738, 18.126169204711914], [-13.648261070251465, 18.126819610595703], [-13.647907257080078, 18.12607192993164], [-13.647848129272461, 18.12603759765625], [-13.648052215576172, 18.12636947631836], [-13.647992134094238, 18.1262264251709], [-13.647953987121582, 18.126110076904297], [-13.647680282592773, 18.125707626342773], [-13.648319244384766, 18.126665115356445], [-13.648454666137695, 18.12680435180664], [-13.647357940673828, 18.125080108642578], [-13.647994041442871, 18.126102447509766], [-13.647978782653809, 18.125957489013672], [-13.648641586303711, 18.126768112182617], [-13.648262023925781, 18.126249313354492], [-13.64883804321289, 18.127182006835938]]","[1.0, 1.0, 1.0, 1.0, 1.0, 1.0, 1.0, 1.0, 1.0, 1.0, 1.0, 1.0, 1.0, 1.0, 1.0, 1.0, 1.0, 1.0]",aigvd_common1000,0,,1.0,bhZmvvGsTiY_8_0to185.mp4,F:\MEngDatasets\AIGVDBench\videos\Real\Real\videos\bhZmvvGsTiY_8_0to185.mp4,test,0,real,Real,,Real,Real,1,False
real_00020,0,"[[-8.188655853271484, 10.96691608428955], [-8.187762260437012, 10.965763092041016], [-8.187700271606445, 10.965689659118652], [-8.187675476074219, 10.965658187866211], [-8.187705993652344, 10.965694427490234], [-8.187036514282227, 10.964825630187988], [-8.187470436096191, 10.965338706970215], [-8.187259674072266, 10.965076446533203], [-8.18664264678955, 10.964300155639648], [-8.187219619750977, 10.965006828308105], [-8.18734073638916, 10.965167999267578]]","[1.0, 1.0, 1.0, 1.0, 1.0, 1.0, 1.0, 1.0, 1.0, 1.0, 1.0]",aigvd_common1000,0,,1.0,7pxFZkYiZKA_6_0to115.mp4,F:\MEngDatasets\AIGVDBench\videos\Real\Real\videos\7pxFZkYiZKA_6_0to115.mp4,test,0,real,Real,,Real,Real,1,False
real_00021,0,"[[-16.300474166870117, 21.263574600219727], [-16.300724029541016, 21.264028549194336], [-16.301013946533203, 21.26459503173828], [-16.301918029785156, 21.266191482543945], [-16.30255889892578, 21.267719268798828], [-16.30245018005371, 21.267515182495117], [-16.302553176879883, 21.267601013183594], [-16.30203628540039, 21.266685485839844], [-16.301761627197266, 21.26634407043457], [-16.301959991455078, 21.266971588134766], [-16.301239013671875, 21.26508903503418], [-16.300779342651367, 21.264162063598633], [-16.299970626831055, 21.262773513793945], [-16.299556732177734, 21.262115478515625], [-16.300682067871094, 21.26405906677246], [-16.301151275634766, 21.265085220336914], [-16.30110740661621, 21.265522003173828], [-16.30149269104004, 21.26593780517578], [-16.301345825195312, 21.265764236450195], [-16.30131721496582, 21.265933990478516]]","[1.0, 1.0, 1.0, 1.0, 1.0, 1.0, 1.0, 1.0, 1.0, 1.0, 1.0, 1.0, 1.0, 1.0, 1.0, 1.0, 1.0, 1.0, 1.0, 1.0]",aigvd_common1000,0,,1.0,gW8RvUtToZ0_7_18to240.mp4,F:\MEngDatasets\AIGVDBench\videos\Real\Real\videos\gW8RvUtToZ0_7_18to240.mp4,test,0,real,Real,,Real,Real,1,False
real_00022,0,"[[-15.30051326751709, 20.97842788696289], [-15.30048656463623, 20.978412628173828], [-15.30041217803955, 20.978368759155273], [-15.300398826599121, 20.978355407714844], [-15.300294876098633, 20.97805404663086], [-15.300590515136719, 20.9787654876709], [-15.300468444824219, 20.978662490844727], [-15.300360679626465, 20.978424072265625], [-15.300372123718262, 20.978458404541016], [-15.300695419311523, 20.97905731201172], [-15.300745964050293, 20.978946685791016], [-15.301090240478516, 20.97975730895996], [-15.301203727722168, 20.980022430419922], [-15.30158519744873, 20.98090171813965], [-15.301644325256348, 20.981178283691406], [-15.301761627197266, 20.98179054260254], [-15.302021026611328, 20.98234748840332], [-15.301876068115234, 20.982038497924805], [-15.301799774169922, 20.981895446777344], [-15.30178451538086, 20.98188591003418], [-14.693158149719238, 20.727073669433594], [-14.693286895751953, 20.727258682250977], [-14.69439697265625, 20.72934913635254], [-14.694785118103027, 20.730194091796875], [-14.694185256958008, 20.7292423248291], [-14.694928169250488, 20.730619430541992], [-14.695457458496094, 20.731473922729492]]","[1.0, 1.0, 1.0, 1.0, 1.0, 1.0, 1.0, 1.0, 1.0, 1.0, 1.0, 1.0, 1.0, 1.0, 1.0, 1.0, 1.0, 1.0, 1.0, 1.0, 1.0, 1.0, 1.0, 1.0, 1.0, 1.0, 1.0]",aigvd_common1000,0,,1.0,enNgq6wSUkw_16_0to270.mp4,F:\MEngDatasets\AIGVDBench\videos\Real\Real\videos\enNgq6wSUkw_16_0to270.mp4,test,0,real,Real,,Real,Real,1,False
real_00023,0,"[[-0.9925833940505981, 1.2103593349456787], [-0.9926693439483643, 1.2104370594024658], [-0.992592990398407, 1.210355281829834], [-0.9926264882087708, 1.2103878259658813], [-0.9925270080566406, 1.2102892398834229], [-0.9936606884002686, 1.2115137577056885], [-0.9916229844093323, 1.2093194723129272], [-0.9921393990516663, 1.209873080253601], [-0.9919352531433105, 1.209675908088684], [-0.9915421009063721, 1.2092689275741577], [-0.9925175905227661, 1.2103115320205688], [-0.9928902387619019, 1.2107006311416626], [-0.9912914037704468, 1.2090442180633545], [-0.9906197786331177, 1.2083004713058472]]","[0.9005134701728821, 0.9005281329154968, 0.9005139470100403, 0.900519847869873, 0.9005021452903748, 0.9007132053375244, 0.9003340601921082, 0.9004301428794861, 0.900394082069397, 0.9003223180770874, 0.9005033373832703, 0.9005714654922485, 0.900279700756073, 0.9001525640487671]",aigvd_common1000,0,,0.9005281329154968,MM1788iVsF8_1_0to148.mp4,F:\MEngDatasets\AIGVDBench\videos\Real\Real\videos\MM1788iVsF8_1_0to148.mp4,test,0,real,Real,,Real,Real,1,False
real_00024,0,"[[-1.9589985609054565, 1.8643200397491455], [-1.9590065479278564, 1.8643252849578857], [-1.9589341878890991, 1.8642641305923462], [-1.9589807987213135, 1.864304542541504], [-1.9590723514556885, 1.8643816709518433], [-1.958770513534546, 1.864125370979309], [-1.958869218826294, 1.8642096519470215], [-1.9588916301727295, 1.86422860622406], [-1.9589505195617676, 1.8642792701721191], [-1.9588005542755127, 1.8641512393951416], [-1.9588724374771118, 1.8642122745513916], [-1.9588731527328491, 1.8642139434814453], [-1.9589790105819702, 1.864302396774292], [-1.9590741395950317, 1.8643839359283447], [-1.9588453769683838, 1.8641886711120605], [-1.9589225053787231, 1.8642550706863403], [-1.9588614702224731, 1.8642030954360962], [-1.9589931964874268, 1.8643147945404053], [-1.958900809288025, 1.864235758781433], [-1.9588721990585327, 1.8642098903656006], [-0.26421406865119934, 0.3397728204727173], [-0.2640407085418701, 0.3395717144012451], [-0.2640182077884674, 0.33953332901000977], [-0.26405590772628784, 0.33957669138908386], [-0.26385030150413513, 0.339343786239624], [-0.2637503445148468, 0.33921319246292114], [-0.2638810873031616, 0.33937716484069824], [-0.26391348242759705, 0.33941566944122314], [-0.26404905319213867, 0.3395622670650482], [-0.26460903882980347, 0.3402295410633087], [-0.26399654150009155, 0.33952796459198], [-0.263870507478714, 0.3393687307834625], [-0.2636081576347351, 0.3390399217605591], [-0.264355331659317, 0.339922159910202], [-0.26388514041900635, 0.33936673402786255], [-0.26426780223846436, 0.3397986590862274], [-0.2640222907066345, 0.3395102918148041], [-0.2643902897834778, 0.33995771408081055], [-0.2640780508518219, 0.33959001302719116], [-0.26399868726730347, 0.33949655294418335], [0.4885944128036499, -0.4878931939601898], [0.48843032121658325, -0.4877164959907532], [0.4885762333869934, -0.4878852665424347], [0.48887157440185547, -0.488241583108902], [0.48849916458129883, -0.4877983331680298], [0.48797887563705444, -0.48717445135116577], [0.48903244733810425, -0.48837512731552124], [0.4890071749687195, -0.4883570373058319], [0.4895033836364746, -0.48893770575523376], [0.4895400404930115, -0.4889899492263794], [0.4894760847091675, -0.48890239000320435], [0.4891711473464966, -0.4885483682155609], [0.489463210105896, -0.48889538645744324]]","[0.9786123037338257, 0.9786125421524048, 0.9786098003387451, 0.9786116480827332, 0.9786150455474854, 0.9786034226417542, 0.9786072969436646, 0.9786080718040466, 0.9786103963851929, 0.9786045551300049, 0.9786074161529541, 0.9786074161529541, 0.9786115288734436, 0.9786151647567749, 0.9786064028739929, 0.9786093235015869, 0.9786069393157959, 0.9786120653152466, 0.9786084294319153, 0.9786072969436646, 0.6465678811073303, 0.6464824080467224, 0.646468460559845, 0.6464869379997253, 0.6463867425918579, 0.6463340520858765, 0.6464014053344727, 0.6464176177978516, 0.6464821100234985, 0.646762490272522, 0.6464622616767883, 0.646397054195404, 0.6462619304656982, 0.6466342806816101, 0.6463999152183533, 0.6465861201286316, 0.6464640498161316, 0.6466504335403442, 0.6464950442314148, 0.6464555859565735, 0.27358928322792053, 0.27365702390670776, 0.2735944390296936, 0.27346497774124146, 0.27362704277038574, 0.273854523897171, 0.2734065055847168, 0.27341511845588684, 0.27320119738578796, 0.27318358421325684, 0.273213654756546, 0.273344486951828, 0.2732175886631012]",aigvd_common1000,0,,0.9786125421524048,QRYsvqSzYuE_43_455to1014.mp4,F:\MEngDatasets\AIGVDBench\videos\Real\Real\videos\QRYsvqSzYuE_43_455to1014.mp4,test,0,real,Real,,Real,Real,1,False
real_00025,0,"[[-4.4975056648254395, 5.9772796630859375], [-4.497383117675781, 5.977095127105713], [-4.497074604034424, 5.97662353515625], [-4.497008800506592, 5.976497650146484], [-4.497091293334961, 5.976622104644775], [-4.4971699714660645, 5.97672176361084], [-4.497091770172119, 5.976616859436035], [-4.497124195098877, 5.976660251617432], [-4.497302532196045, 5.976938724517822], [-4.497964382171631, 5.977883338928223], [-4.498058319091797, 5.978009223937988], [-4.498130798339844, 5.978102684020996], [-4.498026371002197, 5.9779558181762695], [-4.49791145324707, 5.9777984619140625], [-4.49776554107666, 5.9775896072387695], [-4.498006343841553, 5.977938175201416], [-4.497821807861328, 5.977665424346924], [-4.49699068069458, 5.976456642150879], [-4.496827602386475, 5.976238250732422], [-4.496769428253174, 5.976143836975098], [-11.497587203979492, 13.2861328125], [-11.497456550598145, 13.285954475402832], [-11.497478485107422, 13.285988807678223], [-11.497776985168457, 13.28635025024414], [-11.498061180114746, 13.286696434020996], [-11.497434616088867, 13.28593635559082], [-11.496672630310059, 13.285027503967285], [-11.497801780700684, 13.286389350891113], [-11.499046325683594, 13.287850379943848], [-11.498595237731934, 13.287487983703613], [-11.497910499572754, 13.286662101745605], [-11.497626304626465, 13.286179542541504], [-11.49741268157959, 13.285970687866211], [-11.497472763061523, 13.286057472229004], [-11.497326850891113, 13.285804748535156], [-11.498733520507812, 13.287605285644531], [-11.498342514038086, 13.287164688110352], [-11.498334884643555, 13.287137031555176], [-11.498672485351562, 13.287537574768066], [-11.499430656433105, 13.288435935974121], [-8.709023475646973, 11.245573997497559], [-8.709217071533203, 11.24579906463623], [-8.709073066711426, 11.245591163635254], [-8.709272384643555, 11.245905876159668], [-8.708207130432129, 11.24444580078125], [-8.707311630249023, 11.24332332611084], [-8.707138061523438, 11.243185043334961], [-8.707505226135254, 11.243671417236328], [-8.707158088684082, 11.243165016174316], [-8.707036972045898, 11.243023872375488], [-8.707127571105957, 11.243090629577637], [-8.706951141357422, 11.24284839630127], [-8.707483291625977, 11.24357795715332], [-8.707137107849121, 11.243062019348145], [-8.707624435424805, 11.2437744140625], [-8.707587242126465, 11.243719100952148], [-8.707201957702637, 11.243206024169922], [-8.70664119720459, 11.242406845092773], [-8.707457542419434, 11.243456840515137]]","[0.9999717473983765, 0.9999717473983765, 0.9999717473983765, 0.9999717473983765, 0.9999717473983765, 0.9999717473983765, 0.9999717473983765, 0.9999717473983765, 0.9999717473983765, 0.9999717473983765, 0.9999717473983765, 0.9999717473983765, 0.9999717473983765, 0.9999717473983765, 0.9999717473983765, 0.9999717473983765, 0.9999717473983765, 0.9999717473983765, 0.9999717473983765, 0.9999717473983765, 1.0, 1.0, 1.0, 1.0, 1.0, 1.0, 1.0, 1.0, 1.0, 1.0, 1.0, 1.0, 1.0, 1.0, 1.0, 1.0, 1.0, 1.0, 1.0, 1.0, 1.0, 1.0, 1.0, 1.0, 1.0, 1.0, 1.0, 1.0, 1.0, 1.0, 1.0, 1.0, 1.0, 1.0, 1.0, 1.0, 1.0, 1.0, 1.0]",aigvd_common1000,0,,0.9999717473983765,FlGiwUwMdEo_5_0to619.mp4,F:\MEngDatasets\AIGVDBench\videos\Real\Real\videos\FlGiwUwMdEo_5_0to619.mp4,test,0,real,Real,,Real,Real,1,False
real_00026,0,"[[-9.839982032775879, 14.096053123474121], [-9.840333938598633, 14.096585273742676], [-9.840588569641113, 14.097017288208008], [-9.840338706970215, 14.09669017791748], [-9.840644836425781, 14.097166061401367], [-9.840609550476074, 14.096965789794922], [-9.840400695800781, 14.096794128417969], [-9.840616226196289, 14.096715927124023], [-9.840682029724121, 14.096872329711914]]","[1.0, 1.0, 1.0, 1.0, 1.0, 1.0, 1.0, 1.0, 1.0]",aigvd_common1000,0,,1.0,smJlYSVS9Ds_340_112to226.mp4,F:\MEngDatasets\AIGVDBench\videos\Real\Real\videos\smJlYSVS9Ds_340_112to226.mp4,test,0,real,Real,,Real,Real,1,False
real_00027,0,"[[-16.975683212280273, 22.423219680786133], [-16.975719451904297, 22.42326545715332], [-16.975818634033203, 22.42350959777832], [-16.975967407226562, 22.42388916015625], [-16.975839614868164, 22.42371368408203], [-16.976015090942383, 22.424081802368164], [-16.97585678100586, 22.423633575439453], [-16.975345611572266, 22.42262840270996], [-16.975786209106445, 22.423564910888672], [-16.97567367553711, 22.423263549804688]]","[1.0, 1.0, 1.0, 1.0, 1.0, 1.0, 1.0, 1.0, 1.0, 1.0]",aigvd_common1000,0,,1.0,ljIFtQKRX6I_1_0to102.mp4,F:\MEngDatasets\AIGVDBench\videos\Real\Real\videos\ljIFtQKRX6I_1_0to102.mp4,test,0,real,Real,,Real,Real,1,False
real_00028,0,"[[-6.939517021179199, 9.965608596801758], [-6.939329147338867, 9.965313911437988], [-6.939321994781494, 9.965283393859863], [-6.939213275909424, 9.965123176574707], [-6.939484119415283, 9.965561866760254], [-6.939403057098389, 9.965466499328613], [-6.939667701721191, 9.965961456298828], [-6.9394354820251465, 9.965710639953613], [-6.939903259277344, 9.966472625732422]]","[1.0, 1.0, 1.0, 1.0, 1.0, 1.0, 1.0, 1.0, 1.0]",aigvd_common1000,0,,1.0,D4iNNhBSODA_4_0to115.mp4,F:\MEngDatasets\AIGVDBench\videos\Real\Real\videos\D4iNNhBSODA_4_0to115.mp4,test,0,real,Real,,Real,Real,1,False
real_00029,0,"[[-10.623262405395508, 14.608112335205078], [-10.624063491821289, 14.609490394592285], [-10.624424934387207, 14.60987377166748], [-10.62496566772461, 14.610685348510742], [-10.624622344970703, 14.61025333404541], [-10.625131607055664, 14.611072540283203], [-10.62501335144043, 14.610800743103027], [-10.624451637268066, 14.610027313232422], [-10.623082160949707, 14.607731819152832], [-10.623491287231445, 14.608510971069336]]","[1.0, 1.0, 1.0, 1.0, 1.0, 1.0, 1.0, 1.0, 1.0, 1.0]",aigvd_common1000,0,,1.0,2OvJnvfYp34_7_46to173.mp4,F:\MEngDatasets\AIGVDBench\videos\Real\Real\videos\2OvJnvfYp34_7_46to173.mp4,test,0,real,Real,,Real,Real,1,False
real_00030,0,"[[-6.965549468994141, 9.79992389678955], [-6.965456962585449, 9.799678802490234], [-6.965686798095703, 9.800129890441895], [-6.965573787689209, 9.799930572509766], [-6.96580696105957, 9.800273895263672], [-6.965296268463135, 9.799423217773438], [-6.9656524658203125, 9.800045013427734], [-6.965150833129883, 9.799092292785645], [-6.964939117431641, 9.79872989654541], [-6.964749336242676, 9.798439025878906]]","[1.0, 1.0, 1.0, 1.0, 1.0, 1.0, 1.0, 1.0, 1.0, 1.0]",aigvd_common1000,0,,1.0,Rxbcg4_nUbU_2_73to196.mp4,F:\MEngDatasets\AIGVDBench\videos\Real\Real\videos\Rxbcg4_nUbU_2_73to196.mp4,test,0,real,Real,,Real,Real,1,False
real_00031,0,"[[-5.991420745849609, 8.0418062210083], [-5.99057149887085, 8.040804862976074], [-5.991175174713135, 8.041563034057617], [-5.992270469665527, 8.042916297912598], [-5.992844581604004, 8.043649673461914], [-5.992940902709961, 8.043746948242188], [-5.992023468017578, 8.042618751525879], [-5.991685390472412, 8.04220199584961], [-5.991517543792725, 8.041976928710938], [-5.992502212524414, 8.043210983276367]]","[0.9999991655349731, 0.9999991655349731, 0.9999991655349731, 0.9999991655349731, 0.9999991655349731, 0.9999991655349731, 0.9999991655349731, 0.9999991655349731, 0.9999991655349731, 0.9999991655349731]",aigvd_common1000,0,,0.9999991655349731,MVAJfvbmNpg_8_0to104.mp4,F:\MEngDatasets\AIGVDBench\videos\Real\Real\videos\MVAJfvbmNpg_8_0to104.mp4,test,0,real,Real,,Real,Real,1,False
real_00032,0,"[[-10.53877067565918, 13.751714706420898], [-10.538887977600098, 13.751861572265625], [-10.538385391235352, 13.751213073730469], [-10.538680076599121, 13.75172233581543], [-10.538414001464844, 13.751310348510742], [-10.53818416595459, 13.751001358032227], [-10.538289070129395, 13.751115798950195], [-10.538352966308594, 13.751240730285645], [-10.53830337524414, 13.751167297363281], [-10.538434982299805, 13.751372337341309], [-10.538372993469238, 13.751258850097656], [-10.538887023925781, 13.752018928527832], [-10.538296699523926, 13.75106143951416], [-10.53842544555664, 13.751313209533691]]","[1.0, 1.0, 1.0, 1.0, 1.0, 1.0, 1.0, 1.0, 1.0, 1.0, 1.0, 1.0, 1.0, 1.0]",aigvd_common1000,0,,1.0,68BXnGOdJ34_53_93to260.mp4,F:\MEngDatasets\AIGVDBench\videos\Real\Real\videos\68BXnGOdJ34_53_93to260.mp4,test,0,real,Real,,Real,Real,1,False
real_00033,0,"[[-10.22226619720459, 13.965570449829102], [-10.222064971923828, 13.96522331237793], [-10.222015380859375, 13.96516227722168], [-10.222060203552246, 13.965241432189941], [-10.222031593322754, 13.965193748474121], [-10.222074508666992, 13.965271949768066], [-10.222172737121582, 13.965433120727539], [-10.222183227539062, 13.965450286865234], [-10.22204303741455, 13.965192794799805], [-10.222001075744629, 13.965121269226074], [-10.221991539001465, 13.965113639831543], [-10.222071647644043, 13.965245246887207], [-10.222126960754395, 13.965343475341797], [-10.222424507141113, 13.965790748596191], [-10.222396850585938, 13.9657621383667], [-10.222168922424316, 13.965407371520996], [-10.2219820022583, 13.965109825134277], [-10.221940994262695, 13.96506118774414], [-10.222338676452637, 13.965682029724121], [-10.222721099853516, 13.966279983520508], [-17.824522018432617, 22.676170349121094], [-17.824230194091797, 22.675630569458008], [-17.82429313659668, 22.675752639770508], [-17.82456398010254, 22.676252365112305], [-17.82465171813965, 22.67644500732422], [-17.824161529541016, 22.675500869750977], [-17.82422637939453, 22.67559814453125], [-17.824176788330078, 22.6755428314209], [-17.82419776916504, 22.675600051879883], [-17.82435417175293, 22.67591094970703], [-17.824586868286133, 22.676347732543945], [-17.824527740478516, 22.676240921020508], [-17.824138641357422, 22.675464630126953], [-17.8243350982666, 22.675905227661133], [-17.82502555847168, 22.677080154418945], [-17.824512481689453, 22.676198959350586], [-17.824304580688477, 22.67576789855957], [-17.824378967285156, 22.675687789916992], [-17.824613571166992, 22.676071166992188], [-17.82408905029297, 22.675392150878906], [-1.8564893007278442, 2.7800981998443604], [-1.8599624633789062, 2.783186197280884], [-1.8579750061035156, 2.7814106941223145]]","[1.0, 1.0, 1.0, 1.0, 1.0, 1.0, 1.0, 1.0, 1.0, 1.0, 1.0, 1.0, 1.0, 1.0, 1.0, 1.0, 1.0, 1.0, 1.0, 1.0, 1.0, 1.0, 1.0, 1.0, 1.0, 1.0, 1.0, 1.0, 1.0, 1.0, 1.0, 1.0, 1.0, 1.0, 1.0, 1.0, 1.0, 1.0, 1.0, 1.0, 0.9904022216796875, 0.990464448928833, 0.9904289245605469]",aigvd_common1000,0,,1.0,_TR4npFh6K8_83_0to438.mp4,F:\MEngDatasets\AIGVDBench\videos\Real\Real\videos\_TR4npFh6K8_83_0to438.mp4,test,0,real,Real,,Real,Real,1,False
real_00034,0,"[[-3.541886806488037, 4.476649284362793], [-3.5440244674682617, 4.479526996612549], [-3.5439624786376953, 4.4794816970825195], [-3.541433811187744, 4.476166725158691], [-3.54074764251709, 4.4752678871154785], [-3.541510820388794, 4.476302146911621], [-3.541682243347168, 4.476459980010986], [-3.5424365997314453, 4.477558135986328], [-3.541734218597412, 4.476601600646973]]","[0.9996708631515503, 0.9996724128723145, 0.9996724128723145, 0.9996705055236816, 0.9996700286865234, 0.9996706247329712, 0.9996707439422607, 0.9996713399887085, 0.9996707439422607]",aigvd_common1000,0,,0.9996724128723145,jqcy6k033fI_23_0to113.mp4,F:\MEngDatasets\AIGVDBench\videos\Real\Real\videos\jqcy6k033fI_23_0to113.mp4,test,0,real,Real,,Real,Real,1,False
real_00035,0,"[[-16.200908660888672, 20.43270492553711], [-16.200626373291016, 20.432384490966797], [-16.19993019104004, 20.43162727355957], [-16.19907569885254, 20.430339813232422], [-16.19942283630371, 20.430814743041992], [-16.200376510620117, 20.43222427368164], [-16.201309204101562, 20.433422088623047], [-16.201366424560547, 20.43353843688965], [-16.200956344604492, 20.43292808532715], [-16.201114654541016, 20.43318748474121], [-16.201013565063477, 20.43305778503418]]","[1.0, 1.0, 1.0, 1.0, 1.0, 1.0, 1.0, 1.0, 1.0, 1.0, 1.0]",aigvd_common1000,0,,1.0,9YUwzwQ8mCY_0_778to912.mp4,F:\MEngDatasets\AIGVDBench\videos\Real\Real\videos\9YUwzwQ8mCY_0_778to912.mp4,test,0,real,Real,,Real,Real,1,False
real_00036,0,"[[-12.539308547973633, 16.97037696838379], [-12.539206504821777, 16.970434188842773], [-12.539788246154785, 16.971609115600586], [-12.539690017700195, 16.97149085998535], [-12.53987979888916, 16.97184181213379], [-12.53983211517334, 16.971696853637695], [-12.539811134338379, 16.97170066833496], [-12.539780616760254, 16.971712112426758], [-12.539840698242188, 16.97176170349121], [-12.53984546661377, 16.97180938720703]]","[1.0, 1.0, 1.0, 1.0, 1.0, 1.0, 1.0, 1.0, 1.0, 1.0]",aigvd_common1000,0,,1.0,IMGYRIBZ-gk_90_0to109.mp4,F:\MEngDatasets\AIGVDBench\videos\Real\Real\videos\IMGYRIBZ-gk_90_0to109.mp4,test,0,real,Real,,Real,Real,1,False
real_00037,0,"[[-12.024313926696777, 16.12156867980957], [-12.02436637878418, 16.12160301208496], [-12.02449893951416, 16.12193489074707], [-12.024249076843262, 16.121370315551758], [-12.02441120147705, 16.12164878845215], [-12.024398803710938, 16.121644973754883], [-12.024325370788574, 16.121519088745117], [-12.024368286132812, 16.121511459350586], [-12.024405479431152, 16.121612548828125], [-12.024467468261719, 16.121679306030273], [-12.024304389953613, 16.121349334716797], [-12.024382591247559, 16.12160873413086], [-12.024333953857422, 16.121381759643555], [-12.024335861206055, 16.12150001525879], [-12.024480819702148, 16.121767044067383], [-12.024624824523926, 16.122159957885742], [-12.024774551391602, 16.1225643157959], [-12.025226593017578, 16.12367057800293], [-12.025203704833984, 16.123708724975586], [-12.025124549865723, 16.12376594543457], [-12.806548118591309, 16.13747215270996], [-12.806278228759766, 16.137086868286133], [-12.805788040161133, 16.13614273071289], [-12.805362701416016, 16.135465621948242], [-12.805291175842285, 16.135486602783203], [-12.804952621459961, 16.134925842285156], [-12.805206298828125, 16.13540267944336], [-12.805360794067383, 16.135610580444336], [-12.805123329162598, 16.135276794433594], [-12.80466079711914, 16.134414672851562], [-12.804179191589355, 16.13347816467285], [-12.804530143737793, 16.134153366088867], [-12.804598808288574, 16.13420867919922], [-12.804800987243652, 16.134506225585938], [-12.804874420166016, 16.13442611694336], [-12.804753303527832, 16.134174346923828], [-12.804832458496094, 16.13432502746582], [-12.804677963256836, 16.13410186767578], [-12.80477237701416, 16.134254455566406], [-12.804804801940918, 16.1342716217041], [-14.912704467773438, 20.72493553161621], [-14.912613868713379, 20.72487449645996], [-14.91246509552002, 20.72455406188965], [-14.912567138671875, 20.724706649780273], [-14.912781715393066, 20.72511863708496], [-14.912710189819336, 20.72501564025879], [-14.912694931030273, 20.725008010864258], [-14.91266918182373, 20.724924087524414], [-14.912508964538574, 20.72459602355957], [-14.912612915039062, 20.724746704101562], [-14.913040161132812, 20.725465774536133], [-14.912715911865234, 20.724916458129883], [-14.912381172180176, 20.724607467651367], [-14.91246223449707, 20.724546432495117], [-14.912121772766113, 20.72410774230957], [-14.912141799926758, 20.724267959594727], [-14.912819862365723, 20.725616455078125], [-14.91289234161377, 20.72587776184082], [-14.91264820098877, 20.725400924682617], [-14.91287899017334, 20.725696563720703], [-15.553560256958008, 19.16368293762207], [-15.55395221710205, 19.164201736450195], [-15.553877830505371, 19.16411781311035], [-15.55378246307373, 19.164018630981445], [-15.554608345031738, 19.165414810180664]]","[1.0, 1.0, 1.0, 1.0, 1.0, 1.0, 1.0, 1.0, 1.0, 1.0, 1.0, 1.0, 1.0, 1.0, 1.0, 1.0, 1.0, 1.0, 1.0, 1.0, 1.0, 1.0, 1.0, 1.0, 1.0, 1.0, 1.0, 1.0, 1.0, 1.0, 1.0, 1.0, 1.0, 1.0, 1.0, 1.0, 1.0, 1.0, 1.0, 1.0, 1.0, 1.0, 1.0, 1.0, 1.0, 1.0, 1.0, 1.0, 1.0, 1.0, 1.0, 1.0, 1.0, 1.0, 1.0, 1.0, 1.0, 1.0, 1.0, 1.0, 1.0, 1.0, 1.0, 1.0, 1.0]",aigvd_common1000,0,,1.0,LFMFJLMI9jU_2_19to695.mp4,F:\MEngDatasets\AIGVDBench\videos\Real\Real\videos\LFMFJLMI9jU_2_19to695.mp4,test,0,real,Real,,Real,Real,1,False
real_00038,0,"[[-3.336408853530884, 4.3217058181762695], [-3.3362770080566406, 4.321554183959961], [-3.3359596729278564, 4.321133613586426], [-3.3357186317443848, 4.320847511291504], [-3.335664749145508, 4.320765018463135], [-3.3357744216918945, 4.320970058441162], [-3.3364903926849365, 4.321911811828613], [-3.3366596698760986, 4.322065353393555], [-3.3373286724090576, 4.32294225692749], [-3.337376594543457, 4.323050498962402], [-3.3372385501861572, 4.322910785675049], [-3.3368237018585205, 4.3223371505737305], [-3.3370964527130127, 4.322698593139648], [-3.3379554748535156, 4.323791980743408], [-3.3382408618927, 4.324100494384766], [-3.338688373565674, 4.324573993682861], [-3.3383100032806396, 4.324141025543213], [-3.3352789878845215, 4.320293426513672], [-3.3351898193359375, 4.320113658905029], [-3.3358147144317627, 4.320982456207275], [-7.9099602699279785, 10.725321769714355], [-7.9103240966796875, 10.72575855255127], [-7.910889625549316, 10.726400375366211], [-7.910404682159424, 10.725794792175293]]","[0.9995280504226685, 0.9995279312133789, 0.9995275735855103, 0.9995273351669312, 0.9995272159576416, 0.9995273351669312, 0.999528169631958, 0.9995282888412476, 0.9995290040969849, 0.9995291233062744, 0.9995290040969849, 0.9995285272598267, 0.9995288848876953, 0.9995297193527222, 0.9995300769805908, 0.9995304346084595, 0.9995300769805908, 0.999526858329773, 0.9995267391204834, 0.9995274543762207, 1.0, 1.0, 1.0, 1.0]",aigvd_common1000,0,,0.9995279312133789,ifrtA4XyoXU_10_0to267.mp4,F:\MEngDatasets\AIGVDBench\videos\Real\Real\videos\ifrtA4XyoXU_10_0to267.mp4,test,0,real,Real,,Real,Real,1,False
real_00039,0,"[[-11.7056303024292, 14.95789623260498], [-11.705946922302246, 14.958494186401367], [-11.705474853515625, 14.95772647857666], [-11.704754829406738, 14.956515312194824], [-11.704875946044922, 14.956730842590332], [-11.70518684387207, 14.957231521606445], [-11.70584487915039, 14.958215713500977], [-11.706092834472656, 14.958405494689941], [-11.705924034118652, 14.958117485046387], [-11.706055641174316, 14.958398818969727], [-11.705559730529785, 14.957630157470703]]","[1.0, 1.0, 1.0, 1.0, 1.0, 1.0, 1.0, 1.0, 1.0, 1.0, 1.0]",aigvd_common1000,0,,1.0,GQPjdCtGHZg_11_0to132.mp4,F:\MEngDatasets\AIGVDBench\videos\Real\Real\videos\GQPjdCtGHZg_11_0to132.mp4,test,0,real,Real,,Real,Real,1,False
real_00040,0,"[[-14.277305603027344, 16.880094528198242], [-14.277045249938965, 16.879730224609375], [-14.277088165283203, 16.879777908325195], [-14.277173042297363, 16.879898071289062], [-14.278044700622559, 16.881006240844727], [-14.277831077575684, 16.880687713623047], [-14.277673721313477, 16.880508422851562], [-14.277856826782227, 16.88075828552246], [-14.279219627380371, 16.882524490356445], [-14.280049324035645, 16.8837890625], [-14.279318809509277, 16.882843017578125], [-14.279383659362793, 16.8828182220459], [-14.279196739196777, 16.88251304626465], [-14.277975082397461, 16.880956649780273], [-14.27824592590332, 16.881288528442383], [-14.276219367980957, 16.87876319885254], [-14.275635719299316, 16.878013610839844], [-14.27568244934082, 16.87803077697754], [-14.275582313537598, 16.877883911132812], [-14.27496337890625, 16.877134323120117], [-14.015625953674316, 17.863710403442383], [-14.015857696533203, 17.864076614379883], [-14.015517234802246, 17.863637924194336], [-14.01517105102539, 17.863115310668945]]","[1.0, 1.0, 1.0, 1.0, 1.0, 1.0, 1.0, 1.0, 1.0, 1.0, 1.0, 1.0, 1.0, 1.0, 1.0, 1.0, 1.0, 1.0, 1.0, 1.0, 1.0, 1.0, 1.0, 1.0]",aigvd_common1000,0,,1.0,klsbV5XLDc8_37_16to286.mp4,F:\MEngDatasets\AIGVDBench\videos\Real\Real\videos\klsbV5XLDc8_37_16to286.mp4,test,0,real,Real,,Real,Real,1,False
real_00041,0,"[[-12.087915420532227, 16.61231803894043], [-12.08776569366455, 16.612092971801758], [-12.087960243225098, 16.612403869628906], [-12.087925910949707, 16.612342834472656], [-12.087844848632812, 16.612218856811523], [-12.087800979614258, 16.612152099609375], [-12.087796211242676, 16.612152099609375], [-12.087815284729004, 16.61216926574707], [-12.087835311889648, 16.612201690673828], [-12.087869644165039, 16.61229133605957], [-12.087967872619629, 16.612483978271484], [-12.087905883789062, 16.61238670349121], [-12.087822914123535, 16.612220764160156], [-12.087790489196777, 16.612154006958008], [-12.087725639343262, 16.6120662689209]]","[1.0, 1.0, 1.0, 1.0, 1.0, 1.0, 1.0, 1.0, 1.0, 1.0, 1.0, 1.0, 1.0, 1.0, 1.0]",aigvd_common1000,0,,1.0,o87SsbCZwFM_40_60to239.mp4,F:\MEngDatasets\AIGVDBench\videos\Real\Real\videos\o87SsbCZwFM_40_60to239.mp4,test,0,real,Real,,Real,Real,1,False
real_00042,0,"[[-5.0763726234436035, 6.744507312774658], [-5.076554775238037, 6.744904518127441], [-5.076374053955078, 6.744592666625977], [-5.0764007568359375, 6.744626522064209], [-5.076487064361572, 6.744809627532959], [-5.076427459716797, 6.744724750518799], [-5.076384544372559, 6.744637966156006], [-5.0763654708862305, 6.744585037231445], [-5.076387882232666, 6.7445549964904785], [-5.076279163360596, 6.744317531585693], [-5.0764031410217285, 6.744569301605225], [-5.07641077041626, 6.744588851928711], [-5.076364994049072, 6.7445220947265625], [-5.076255798339844, 6.744391441345215], [-5.076231002807617, 6.7444024085998535], [-5.076261043548584, 6.744439601898193]]","[0.9999926090240479, 0.9999926090240479, 0.9999926090240479, 0.9999926090240479, 0.9999926090240479, 0.9999926090240479, 0.9999926090240479, 0.9999926090240479, 0.9999926090240479, 0.9999926090240479, 0.9999926090240479, 0.9999926090240479, 0.9999926090240479, 0.9999926090240479, 0.9999926090240479, 0.9999926090240479]",aigvd_common1000,0,,0.9999926090240479,r8Y26Uq07Kw_0_0to167.mp4,F:\MEngDatasets\AIGVDBench\videos\Real\Real\videos\r8Y26Uq07Kw_0_0to167.mp4,test,0,real,Real,,Real,Real,1,False
real_00043,0,"[[-13.414532661437988, 17.162128448486328], [-13.414222717285156, 17.1613826751709], [-13.413814544677734, 17.160619735717773], [-13.412999153137207, 17.15945053100586], [-13.411914825439453, 17.157880783081055], [-13.411255836486816, 17.156835556030273], [-13.411386489868164, 17.156951904296875], [-13.411205291748047, 17.156579971313477], [-13.411297798156738, 17.156736373901367]]","[1.0, 1.0, 1.0, 1.0, 1.0, 1.0, 1.0, 1.0, 1.0]",aigvd_common1000,0,,1.0,eCHK3-pWxIg_31_18to130.mp4,F:\MEngDatasets\AIGVDBench\videos\Real\Real\videos\eCHK3-pWxIg_31_18to130.mp4,test,0,real,Real,,Real,Real,1,False
real_00044,0,"[[-13.045504570007324, 16.187854766845703], [-13.045662879943848, 16.18804359436035], [-13.045872688293457, 16.18833351135254], [-13.045958518981934, 16.188478469848633], [-13.046528816223145, 16.189184188842773], [-13.047429084777832, 16.190288543701172], [-13.048361778259277, 16.191478729248047], [-13.05002212524414, 16.193586349487305], [-13.050430297851562, 16.194034576416016], [-13.05034351348877, 16.19389533996582]]","[1.0, 1.0, 1.0, 1.0, 1.0, 1.0, 1.0, 1.0, 1.0, 1.0]",aigvd_common1000,0,,1.0,FYnm8Wwz514_10_0to103.mp4,F:\MEngDatasets\AIGVDBench\videos\Real\Real\videos\FYnm8Wwz514_10_0to103.mp4,test,0,real,Real,,Real,Real,1,False
real_00045,0,"[[-4.41817569732666, 6.638144493103027], [-4.41832160949707, 6.638456344604492], [-4.41900110244751, 6.639484882354736], [-4.418951511383057, 6.6393561363220215], [-4.418447017669678, 6.638453483581543], [-4.418275356292725, 6.63803768157959], [-4.418363094329834, 6.638256072998047], [-4.418037414550781, 6.637816429138184], [-4.418147087097168, 6.638051509857178], [-4.418447494506836, 6.63850212097168], [-4.418452739715576, 6.63842248916626], [-4.418503284454346, 6.638559818267822]]","[0.9999842643737793, 0.9999842643737793, 0.9999842643737793, 0.9999842643737793, 0.9999842643737793, 0.9999842643737793, 0.9999842643737793, 0.9999842643737793, 0.9999842643737793, 0.9999842643737793, 0.9999842643737793, 0.9999842643737793]",aigvd_common1000,0,,0.9999842643737793,nz5H6BBlDeE_26_0to129.mp4,F:\MEngDatasets\AIGVDBench\videos\Real\Real\videos\nz5H6BBlDeE_26_0to129.mp4,test,0,real,Real,,Real,Real,1,False
real_00046,0,"[[-12.607770919799805, 17.150636672973633], [-12.606500625610352, 17.148775100708008], [-12.606207847595215, 17.148412704467773], [-12.605172157287598, 17.146543502807617], [-12.606444358825684, 17.14861297607422], [-12.606782913208008, 17.14901351928711], [-12.607927322387695, 17.150522232055664], [-12.606592178344727, 17.147653579711914], [-12.606783866882324, 17.148038864135742], [-12.606854438781738, 17.14820671081543], [-12.606389999389648, 17.147899627685547], [-12.606782913208008, 17.148849487304688], [-12.605402946472168, 17.146909713745117], [-12.60534381866455, 17.147058486938477], [-12.607290267944336, 17.14990234375], [-12.606884002685547, 17.14903450012207], [-12.60588550567627, 17.147539138793945], [-12.605897903442383, 17.147586822509766], [-12.606313705444336, 17.148212432861328], [-12.60672378540039, 17.14906120300293], [-18.292381286621094, 21.484390258789062], [-18.29276466369629, 21.485065460205078], [-18.293439865112305, 21.486230850219727]]","[1.0, 1.0, 1.0, 1.0, 1.0, 1.0, 1.0, 1.0, 1.0, 1.0, 1.0, 1.0, 1.0, 1.0, 1.0, 1.0, 1.0, 1.0, 1.0, 1.0, 1.0, 1.0, 1.0]",aigvd_common1000,0,,1.0,iGZMt8h2DUM_1_0to239.mp4,F:\MEngDatasets\AIGVDBench\videos\Real\Real\videos\iGZMt8h2DUM_1_0to239.mp4,test,0,real,Real,,Real,Real,1,False
real_00047,0,"[[-11.647736549377441, 16.356199264526367], [-11.647541046142578, 16.355825424194336], [-11.647781372070312, 16.356260299682617], [-11.647878646850586, 16.3564453125], [-11.647698402404785, 16.356094360351562], [-11.647547721862793, 16.35577964782715], [-11.64759635925293, 16.355846405029297], [-11.647549629211426, 16.35578727722168], [-11.647592544555664, 16.355886459350586], [-11.647537231445312, 16.355592727661133], [-11.646689414978027, 16.353946685791016], [-11.64594554901123, 16.352556228637695], [-11.646773338317871, 16.354320526123047], [-11.647228240966797, 16.355060577392578], [-11.647522926330566, 16.355751037597656]]","[1.0, 1.0, 1.0, 1.0, 1.0, 1.0, 1.0, 1.0, 1.0, 1.0, 1.0, 1.0, 1.0, 1.0, 1.0]",aigvd_common1000,0,,1.0,v-zRpfsZ7hc_65_0to154.mp4,F:\MEngDatasets\AIGVDBench\videos\Real\Real\videos\v-zRpfsZ7hc_65_0to154.mp4,test,0,real,Real,,Real,Real,1,False
real_00048,0,"[[-11.27147388458252, 14.09887409210205], [-11.271658897399902, 14.099140167236328], [-11.271574974060059, 14.098991394042969], [-11.271233558654785, 14.098445892333984], [-11.270766258239746, 14.097745895385742], [-11.271371841430664, 14.09853744506836], [-11.271917343139648, 14.099411010742188], [-11.271629333496094, 14.098934173583984], [-11.271806716918945, 14.099248886108398], [-11.271808624267578, 14.099157333374023], [-11.272123336791992, 14.099679946899414], [-11.272071838378906, 14.099531173706055], [-11.271544456481934, 14.098729133605957]]","[1.0, 1.0, 1.0, 1.0, 1.0, 1.0, 1.0, 1.0, 1.0, 1.0, 1.0, 1.0, 1.0]",aigvd_common1000,0,,1.0,4onNa-MUai0_1_0to132.mp4,F:\MEngDatasets\AIGVDBench\videos\Real\Real\videos\4onNa-MUai0_1_0to132.mp4,test,0,real,Real,,Real,Real,1,False
real_00049,0,"[[-12.080967903137207, 17.20580291748047], [-12.081009864807129, 17.20572280883789], [-12.080769538879395, 17.205337524414062], [-12.080986976623535, 17.205774307250977], [-12.080812454223633, 17.205461502075195], [-12.080809593200684, 17.20540428161621], [-12.080769538879395, 17.205286026000977], [-12.080893516540527, 17.205495834350586], [-12.08068561553955, 17.205156326293945], [-12.080602645874023, 17.204998016357422], [-12.080698013305664, 17.205171585083008], [-12.080766677856445, 17.205312728881836], [-12.080695152282715, 17.20518684387207]]","[1.0, 1.0, 1.0, 1.0, 1.0, 1.0, 1.0, 1.0, 1.0, 1.0, 1.0, 1.0, 1.0]",aigvd_common1000,0,,1.0,UZ1-1DrWesQ_15_679to830.mp4,F:\MEngDatasets\AIGVDBench\videos\Real\Real\videos\UZ1-1DrWesQ_15_679to830.mp4,test,0,real,Real,,Real,Real,1,False
real_00050,0,"[[-13.061761856079102, 16.172006607055664], [-13.06157398223877, 16.17150115966797], [-13.061256408691406, 16.171009063720703], [-13.06131362915039, 16.17116928100586], [-13.060977935791016, 16.170942306518555], [-13.060582160949707, 16.170419692993164], [-13.060098648071289, 16.169710159301758], [-13.060151100158691, 16.16982078552246], [-13.060269355773926, 16.16995620727539], [-13.060853958129883, 16.170759201049805], [-13.061422348022461, 16.171428680419922], [-13.061768531799316, 16.17204475402832], [-13.061171531677246, 16.171043395996094], [-13.060959815979004, 16.170764923095703], [-13.0608491897583, 16.170509338378906], [-13.060762405395508, 16.170377731323242]]","[1.0, 1.0, 1.0, 1.0, 1.0, 1.0, 1.0, 1.0, 1.0, 1.0, 1.0, 1.0, 1.0, 1.0, 1.0, 1.0]",aigvd_common1000,0,,1.0,Pm8YbDi80Kg_0_927to1111.mp4,F:\MEngDatasets\AIGVDBench\videos\Real\Real\videos\Pm8YbDi80Kg_0_927to1111.mp4,test,0,real,Real,,Real,Real,1,False
real_00051,0,"[[-7.9469499588012695, 10.4967041015625], [-7.947908401489258, 10.498457908630371], [-7.94819450378418, 10.499106407165527], [-7.947166442871094, 10.497071266174316], [-7.94721794128418, 10.497211456298828], [-7.947476863861084, 10.49763011932373], [-7.947190761566162, 10.497149467468262], [-7.946991920471191, 10.497105598449707], [-7.947201251983643, 10.497333526611328], [-7.947160720825195, 10.497076988220215], [-7.947916507720947, 10.498435974121094], [-7.947290420532227, 10.497262001037598], [-7.947488784790039, 10.497709274291992], [-7.947723388671875, 10.498196601867676], [-7.947399139404297, 10.497445106506348], [-7.947430610656738, 10.497387886047363], [-7.94748067855835, 10.497438430786133], [-7.948055267333984, 10.498647689819336], [-7.947724342346191, 10.498029708862305]]","[1.0, 1.0, 1.0, 1.0, 1.0, 1.0, 1.0, 1.0, 1.0, 1.0, 1.0, 1.0, 1.0, 1.0, 1.0, 1.0, 1.0, 1.0, 1.0]",aigvd_common1000,0,,1.0,SzBj0CNP3pA_9_0to197.mp4,F:\MEngDatasets\AIGVDBench\videos\Real\Real\videos\SzBj0CNP3pA_9_0to197.mp4,test,0,real,Real,,Real,Real,1,False
real_00052,0,"[[11.88830852508545, -13.525975227355957], [11.888254165649414, -13.52596378326416], [11.88827896118164, -13.525981903076172], [11.88823127746582, -13.52599048614502], [11.888263702392578, -13.526077270507812], [11.888083457946777, -13.52603530883789], [11.887969970703125, -13.525994300842285], [11.888009071350098, -13.52602767944336], [11.888052940368652, -13.52603816986084], [11.8878812789917, -13.525935173034668], [11.887643814086914, -13.525897026062012], [11.887969017028809, -13.525943756103516], [11.88815689086914, -13.52599811553955]]","[9.177340311306015e-12, 9.177934454096537e-12, 9.177550212846608e-12, 9.177899759627017e-12, 9.176814690092794e-12, 9.178845183921425e-12, 9.180281534959533e-12, 9.179615401144758e-12, 9.179107994528035e-12, 9.181629415100367e-12, 9.184169050269197e-12, 9.180736899871977e-12, 9.178530331610535e-12]",aigvd_common1000,0,,9.177934454096537e-12,vNQR3ixE8AE_123_159to312.mp4,F:\MEngDatasets\AIGVDBench\videos\Real\Real\videos\vNQR3ixE8AE_123_159to312.mp4,test,0,real,Real,,Real,Real,0,True
real_00053,0,"[[-12.44510555267334, 17.43801498413086], [-12.445109367370605, 17.437999725341797], [-12.445072174072266, 17.43796157836914], [-12.445054054260254, 17.437915802001953], [-12.445096015930176, 17.43796157836914], [-12.445141792297363, 17.438013076782227], [-12.445113182067871, 17.437978744506836], [-12.445103645324707, 17.437952041625977], [-12.445159912109375, 17.438020706176758], [-12.445168495178223, 17.43804168701172], [-12.44521713256836, 17.438138961791992]]","[1.0, 1.0, 1.0, 1.0, 1.0, 1.0, 1.0, 1.0, 1.0, 1.0, 1.0]",aigvd_common1000,0,,1.0,Zo80l_TCe0Q_4_560to698.mp4,F:\MEngDatasets\AIGVDBench\videos\Real\Real\videos\Zo80l_TCe0Q_4_560to698.mp4,test,0,real,Real,,Real,Real,1,False
real_00054,0,"[[-8.912281036376953, 12.135180473327637], [-8.912288665771484, 12.135323524475098], [-8.912834167480469, 12.136125564575195], [-8.912473678588867, 12.135655403137207], [-8.912717819213867, 12.135897636413574], [-8.91152572631836, 12.134499549865723], [-8.91112232208252, 12.134023666381836], [-8.911922454833984, 12.134941101074219], [-8.91220760345459, 12.135251998901367]]","[1.0, 1.0, 1.0, 1.0, 1.0, 1.0, 1.0, 1.0, 1.0]",aigvd_common1000,0,,1.0,1wVS8h33ttU_39_0to112.mp4,F:\MEngDatasets\AIGVDBench\videos\Real\Real\videos\1wVS8h33ttU_39_0to112.mp4,test,0,real,Real,,Real,Real,1,False
real_00055,0,"[[-8.69067096710205, 11.957880020141602], [-8.690414428710938, 11.957463264465332], [-8.69054126739502, 11.957710266113281], [-8.689295768737793, 11.955842018127441], [-8.689237594604492, 11.955810546875], [-8.68997859954834, 11.956999778747559], [-8.690951347351074, 11.958619117736816], [-8.6907320022583, 11.95822525024414], [-8.690520286560059, 11.957908630371094], [-8.690377235412598, 11.957655906677246], [-8.690387725830078, 11.957679748535156], [-8.690138816833496, 11.957234382629395]]","[1.0, 1.0, 1.0, 1.0, 1.0, 1.0, 1.0, 1.0, 1.0, 1.0, 1.0, 1.0]",aigvd_common1000,0,,1.0,PB0z_PlnXcc_3_29to178.mp4,F:\MEngDatasets\AIGVDBench\videos\Real\Real\videos\PB0z_PlnXcc_3_29to178.mp4,test,0,real,Real,,Real,Real,1,False
real_00056,0,"[[-10.700757026672363, 13.852742195129395], [-10.69769287109375, 13.84855842590332], [-10.697733879089355, 13.848719596862793], [-10.699227333068848, 13.850728988647461], [-10.700034141540527, 13.851714134216309], [-10.699274063110352, 13.85071086883545], [-10.69997787475586, 13.85163402557373], [-10.699734687805176, 13.851357460021973], [-10.69908332824707, 13.850601196289062], [-10.698847770690918, 13.850266456604004], [-10.6992769241333, 13.850775718688965]]","[1.0, 1.0, 1.0, 1.0, 1.0, 1.0, 1.0, 1.0, 1.0, 1.0, 1.0]",aigvd_common1000,0,,1.0,ehC6Qe9oXuA_9_22to155.mp4,F:\MEngDatasets\AIGVDBench\videos\Real\Real\videos\ehC6Qe9oXuA_9_22to155.mp4,test,0,real,Real,,Real,Real,1,False
real_00057,0,"[[-8.991915702819824, 11.294108390808105], [-8.991827964782715, 11.29401969909668], [-8.991073608398438, 11.292860984802246], [-8.9906644821167, 11.292226791381836], [-8.990577697753906, 11.292091369628906], [-8.99101734161377, 11.292710304260254], [-8.991665840148926, 11.293615341186523], [-8.99201774597168, 11.29406452178955], [-8.991941452026367, 11.293953895568848], [-8.991645812988281, 11.293509483337402], [-8.991124153137207, 11.292762756347656], [-8.990668296813965, 11.2919921875], [-8.990036010742188, 11.291050910949707]]","[1.0, 1.0, 1.0, 1.0, 1.0, 1.0, 1.0, 1.0, 1.0, 1.0, 1.0, 1.0, 1.0]",aigvd_common1000,0,,1.0,Lf3oF-8fWfQ_35_0to137.mp4,F:\MEngDatasets\AIGVDBench\videos\Real\Real\videos\Lf3oF-8fWfQ_35_0to137.mp4,test,0,real,Real,,Real,Real,1,False
real_00058,0,"[[-1.4257643222808838, 1.4201455116271973], [-1.425655484199524, 1.420042634010315], [-1.4257813692092896, 1.4201616048812866], [-1.4258326292037964, 1.4202101230621338], [-1.4257344007492065, 1.420117974281311], [-1.425892949104309, 1.4202677011489868], [-1.425920009613037, 1.4202933311462402], [-1.425865650177002, 1.420242428779602], [-1.425845742225647, 1.4202237129211426], [-1.4259483814239502, 1.4203200340270996], [-1.4263885021209717, 1.4207355976104736], [-1.42644202709198, 1.4207855463027954]]","[0.9451068639755249, 0.9450958967208862, 0.9451085925102234, 0.9451137781143188, 0.9451038837432861, 0.9451198577880859, 0.9451226592063904, 0.9451171159744263, 0.9451152086257935, 0.9451255202293396, 0.9451698064804077, 0.9451752305030823]",aigvd_common1000,0,,0.9450958967208862,n9vQahQYFgI_8_0to129.mp4,F:\MEngDatasets\AIGVDBench\videos\Real\Real\videos\n9vQahQYFgI_8_0to129.mp4,test,0,real,Real,,Real,Real,1,False
real_00059,0,"[[-8.721004486083984, 13.572464942932129], [-8.720691680908203, 13.572060585021973], [-8.71817684173584, 13.568402290344238], [-8.718422889709473, 13.568801879882812], [-8.71982479095459, 13.570899963378906], [-8.71912670135498, 13.569833755493164], [-8.718550682067871, 13.56899642944336], [-8.720071792602539, 13.571181297302246], [-8.721489906311035, 13.57346248626709], [-8.721406936645508, 13.573174476623535], [-8.721138954162598, 13.572775840759277], [-8.720673561096191, 13.572132110595703], [-8.720836639404297, 13.572274208068848], [-8.719931602478027, 13.570914268493652], [-8.719544410705566, 13.570380210876465], [-8.71920108795166, 13.569808006286621], [-8.71870231628418, 13.56902027130127], [-8.71957015991211, 13.5704345703125]]","[1.0, 1.0, 1.0, 1.0, 1.0, 1.0, 1.0, 1.0, 1.0, 1.0, 1.0, 1.0, 1.0, 1.0, 1.0, 1.0, 1.0, 1.0]",aigvd_common1000,0,,1.0,6rWfZUMp8fA_11_0to181.mp4,F:\MEngDatasets\AIGVDBench\videos\Real\Real\videos\6rWfZUMp8fA_11_0to181.mp4,test,0,real,Real,,Real,Real,1,False
real_00060,0,"[[7.874168395996094, -8.580060005187988], [7.874072074890137, -8.580061912536621], [7.873985767364502, -8.58001708984375], [7.874053478240967, -8.5800199508667], [7.874035358428955, -8.580015182495117], [7.874093532562256, -8.580039978027344], [7.874104976654053, -8.58004379272461], [7.874147891998291, -8.580047607421875], [7.874172687530518, -8.580060958862305], [7.874172210693359, -8.580061912536621], [7.874176025390625, -8.580056190490723]]","[7.145288805077143e-08, 7.145956004706022e-08, 7.146896763288169e-08, 7.146392988488515e-08, 7.14655641331774e-08, 7.145956004706022e-08, 7.145847291667451e-08, 7.145520442009001e-08, 7.14524759359847e-08, 7.14523409328649e-08, 7.145261093910449e-08]",aigvd_common1000,0,,7.145956004706022e-08,RsW5mXGVSTw_33_0to117.mp4,F:\MEngDatasets\AIGVDBench\videos\Real\Real\videos\RsW5mXGVSTw_33_0to117.mp4,test,0,real,Real,,Real,Real,0,True
real_00061,0,"[[-15.632210731506348, 20.717384338378906], [-15.632580757141113, 20.7179012298584], [-15.632890701293945, 20.718400955200195], [-15.6329984664917, 20.718595504760742], [-15.633056640625, 20.718656539916992], [-15.632525444030762, 20.717870712280273], [-15.632526397705078, 20.71785545349121], [-15.632645606994629, 20.71800422668457], [-15.632302284240723, 20.717470169067383], [-15.632159233093262, 20.71730613708496], [-15.632380485534668, 20.717538833618164], [-15.631692886352539, 20.716548919677734], [-15.632283210754395, 20.71746253967285], [-15.6321439743042, 20.717147827148438], [-15.632220268249512, 20.7172908782959], [-15.632234573364258, 20.71726417541504], [-15.632601737976074, 20.717880249023438], [-15.632776260375977, 20.718191146850586], [-15.633060455322266, 20.71860122680664], [-15.631814956665039, 20.716808319091797], [-13.674262046813965, 20.155397415161133], [-13.673908233642578, 20.154905319213867], [-13.67441177368164, 20.155555725097656], [-13.674942970275879, 20.156068801879883], [-13.675724983215332, 20.1570987701416], [-13.674903869628906, 20.155942916870117], [-13.674213409423828, 20.15500259399414], [-13.67463207244873, 20.15559959411621], [-13.67533016204834, 20.156522750854492], [-13.673990249633789, 20.154672622680664], [-13.6736478805542, 20.154293060302734], [-13.674004554748535, 20.154796600341797], [-13.674552917480469, 20.155473709106445], [-13.674549102783203, 20.15558624267578], [-13.674759864807129, 20.15586280822754], [-13.67501163482666, 20.156286239624023], [-13.675129890441895, 20.156570434570312], [-13.675971031188965, 20.157629013061523], [-13.675365447998047, 20.15653419494629], [-13.673335075378418, 20.15365982055664], [-23.30181884765625, 29.08884620666504], [-23.302350997924805, 29.089778900146484], [-23.302879333496094, 29.090757369995117], [-23.302932739257812, 29.09086799621582], [-23.303028106689453, 29.091068267822266], [-23.302982330322266, 29.091203689575195], [-23.302852630615234, 29.090993881225586], [-23.303306579589844, 29.09174156188965], [-23.303035736083984, 29.09117889404297], [-23.303356170654297, 29.091543197631836], [-23.303447723388672, 29.09165382385254], [-23.304033279418945, 29.09282684326172], [-23.304275512695312, 29.0933895111084], [-23.3050594329834, 29.094860076904297], [-23.303924560546875, 29.09293556213379], [-23.30469512939453, 29.0941219329834], [-23.30255889892578, 29.09063148498535], [-23.301956176757812, 29.089611053466797], [-23.302444458007812, 29.090282440185547], [-23.303668975830078, 29.092252731323242], [-18.531530380249023, 26.094064712524414], [-18.531509399414062, 26.094223022460938], [-18.530075073242188, 26.09000587463379], [-18.530418395996094, 26.090660095214844], [-18.530248641967773, 26.09039878845215], [-18.530397415161133, 26.090787887573242], [-18.53008460998535, 26.08997917175293], [-18.530179977416992, 26.090120315551758], [-18.530471801757812, 26.09076690673828], [-18.53063201904297, 26.091026306152344], [-18.530254364013672, 26.09012222290039], [-18.530824661254883, 26.091548919677734], [-18.530624389648438, 26.091014862060547], [-18.53075408935547, 26.091550827026367], [-18.53040313720703, 26.0908145904541], [-18.53032112121582, 26.09053611755371], [-18.53082275390625, 26.0916748046875], [-18.530588150024414, 26.091049194335938], [-18.530057907104492, 26.08979606628418], [-18.529897689819336, 26.08949089050293], [-17.965747833251953, 25.281320571899414], [-17.96589469909668, 25.281818389892578], [-17.96611785888672, 25.28227424621582], [-17.96617889404297, 25.282459259033203], [-17.965869903564453, 25.2816162109375], [-17.966083526611328, 25.282169342041016], [-17.966001510620117, 25.281932830810547], [-17.966154098510742, 25.282297134399414], [-17.96621322631836, 25.282560348510742], [-17.965871810913086, 25.281728744506836]]","[1.0, 1.0, 1.0, 1.0, 1.0, 1.0, 1.0, 1.0, 1.0, 1.0, 1.0, 1.0, 1.0, 1.0, 1.0, 1.0, 1.0, 1.0, 1.0, 1.0, 1.0, 1.0, 1.0, 1.0, 1.0, 1.0, 1.0, 1.0, 1.0, 1.0, 1.0, 1.0, 1.0, 1.0, 1.0, 1.0, 1.0, 1.0, 1.0, 1.0, 1.0, 1.0, 1.0, 1.0, 1.0, 1.0, 1.0, 1.0, 1.0, 1.0, 1.0, 1.0, 1.0, 1.0, 1.0, 1.0, 1.0, 1.0, 1.0, 1.0, 1.0, 1.0, 1.0, 1.0, 1.0, 1.0, 1.0, 1.0, 1.0, 1.0, 1.0, 1.0, 1.0, 1.0, 1.0, 1.0, 1.0, 1.0, 1.0, 1.0, 1.0, 1.0, 1.0, 1.0, 1.0, 1.0, 1.0, 1.0, 1.0, 1.0]",aigvd_common1000,0,,1.0,zHrMHdpfL-k_3_0to922.mp4,F:\MEngDatasets\AIGVDBench\videos\Real\Real\videos\zHrMHdpfL-k_3_0to922.mp4,test,0,real,Real,,Real,Real,1,False
real_00062,0,"[[-11.627408027648926, 15.871682167053223], [-11.626972198486328, 15.870936393737793], [-11.627141952514648, 15.871625900268555], [-11.627350807189941, 15.871983528137207], [-11.626723289489746, 15.87098217010498], [-11.627364158630371, 15.872061729431152], [-11.626843452453613, 15.871245384216309], [-11.627728462219238, 15.872631072998047], [-11.626996040344238, 15.871466636657715], [-11.627105712890625, 15.871607780456543], [-11.626559257507324, 15.870711326599121], [-11.6270112991333, 15.871464729309082], [-11.626691818237305, 15.870902061462402], [-11.626296043395996, 15.870217323303223], [-11.626572608947754, 15.870577812194824], [-11.626511573791504, 15.870524406433105], [-11.626832008361816, 15.871085166931152], [-11.62651538848877, 15.870499610900879], [-11.626799583435059, 15.870981216430664], [-11.627165794372559, 15.871596336364746]]","[1.0, 1.0, 1.0, 1.0, 1.0, 1.0, 1.0, 1.0, 1.0, 1.0, 1.0, 1.0, 1.0, 1.0, 1.0, 1.0, 1.0, 1.0, 1.0, 1.0]",aigvd_common1000,0,,1.0,_icmM8z-QeM_16_0to230.mp4,F:\MEngDatasets\AIGVDBench\videos\Real\Real\videos\_icmM8z-QeM_16_0to230.mp4,test,0,real,Real,,Real,Real,1,False
real_00063,0,"[[-20.845613479614258, 26.470836639404297], [-20.845304489135742, 26.47027015686035], [-20.845813751220703, 26.47092628479004], [-20.846664428710938, 26.472152709960938], [-20.846630096435547, 26.472070693969727], [-20.847110748291016, 26.47297477722168], [-20.847797393798828, 26.473989486694336], [-20.848186492919922, 26.474538803100586], [-20.848445892333984, 26.47502326965332], [-20.848413467407227, 26.47508430480957], [-20.84840965270996, 26.475046157836914], [-20.84836196899414, 26.474958419799805], [-20.848291397094727, 26.47486114501953]]","[1.0, 1.0, 1.0, 1.0, 1.0, 1.0, 1.0, 1.0, 1.0, 1.0, 1.0, 1.0, 1.0]",aigvd_common1000,0,,1.0,0udRm5E8Ft0_1_0to136.mp4,F:\MEngDatasets\AIGVDBench\videos\Real\Real\videos\0udRm5E8Ft0_1_0to136.mp4,test,0,real,Real,,Real,Real,1,False
real_00064,0,"[[-11.08984661102295, 15.12006950378418], [-11.088603973388672, 15.118020057678223], [-11.088820457458496, 15.11830997467041], [-11.089860916137695, 15.120293617248535], [-11.0884370803833, 15.118163108825684], [-11.087491035461426, 15.116532325744629], [-11.087950706481934, 15.117415428161621], [-11.089431762695312, 15.119673728942871], [-11.087306022644043, 15.116485595703125], [-11.08651351928711, 15.115283966064453], [-11.087313652038574, 15.116440773010254], [-11.088679313659668, 15.118481636047363]]","[1.0, 1.0, 1.0, 1.0, 1.0, 1.0, 1.0, 1.0, 1.0, 1.0, 1.0, 1.0]",aigvd_common1000,0,,1.0,ZF44B91CSwU_10_20to167.mp4,F:\MEngDatasets\AIGVDBench\videos\Real\Real\videos\ZF44B91CSwU_10_20to167.mp4,test,0,real,Real,,Real,Real,1,False
real_00065,0,"[[-9.149188041687012, 11.808586120605469], [-9.149138450622559, 11.808588981628418], [-9.149200439453125, 11.808749198913574], [-9.148050308227539, 11.80656909942627], [-9.147541046142578, 11.805863380432129], [-9.147669792175293, 11.8059663772583], [-9.14792251586914, 11.806511878967285], [-9.148491859436035, 11.807474136352539], [-9.149495124816895, 11.809327125549316], [-9.149374008178711, 11.809041976928711], [-9.149002075195312, 11.808527946472168], [-9.14909839630127, 11.80875301361084], [-9.149149894714355, 11.808795928955078], [-9.149399757385254, 11.809267044067383], [-9.149443626403809, 11.809460639953613], [-9.148314476013184, 11.807225227355957], [-9.147915840148926, 11.806451797485352], [-9.148177146911621, 11.806748390197754], [-9.147628784179688, 11.805838584899902], [-9.148179054260254, 11.806790351867676], [-4.299740791320801, 5.649318695068359], [-4.300617694854736, 5.650668621063232], [-4.30048131942749, 5.650468349456787], [-4.30007266998291, 5.649928092956543], [-4.299587726593018, 5.649336814880371], [-4.299569606781006, 5.649327754974365], [-4.299724102020264, 5.6495256423950195], [-4.299915790557861, 5.649788856506348], [-4.299807548522949, 5.649618148803711], [-4.299903392791748, 5.649702072143555], [-4.299710750579834, 5.64931583404541], [-4.2996015548706055, 5.649270534515381], [-4.29986047744751, 5.649606704711914], [-4.300308704376221, 5.650312423706055], [-4.299799919128418, 5.649584770202637], [-4.299322605133057, 5.648800849914551], [-4.29905366897583, 5.648305416107178], [-4.2997727394104, 5.649402618408203], [-4.299771308898926, 5.649469375610352], [-4.300283432006836, 5.650192737579346], [-7.450130462646484, 12.446011543273926], [-7.449872970581055, 12.445603370666504], [-7.450186252593994, 12.446189880371094], [-7.449794292449951, 12.44551944732666], [-7.4493279457092285, 12.44453239440918], [-7.449068069458008, 12.444063186645508], [-7.449713230133057, 12.444931030273438], [-7.449768543243408, 12.44507884979248], [-7.4497551918029785, 12.44507884979248], [-7.44978666305542, 12.445206642150879], [-7.449800968170166, 12.445013046264648], [-7.449187278747559, 12.44370174407959], [-7.448092937469482, 12.442173957824707], [-7.4480695724487305, 12.442240715026855], [-7.449646949768066, 12.444540023803711], [-7.4501118659973145, 12.445530891418457], [-7.450129985809326, 12.445672988891602], [-7.450069904327393, 12.445612907409668], [-7.449848175048828, 12.445287704467773], [-7.449932098388672, 12.445384979248047], [-5.353425979614258, 7.289828300476074], [-5.353371620178223, 7.289688587188721], [-5.352778911590576, 7.288895130157471], [-5.352903366088867, 7.289041042327881], [-5.35322380065918, 7.289490699768066], [-5.3533830642700195, 7.289752006530762], [-5.353511333465576, 7.2899322509765625], [-5.353509426116943, 7.2899017333984375], [-5.353444576263428, 7.289867401123047], [-5.353453159332275, 7.289868354797363], [-5.353152751922607, 7.289445877075195], [-5.352837085723877, 7.289013862609863], [-5.352570533752441, 7.2886643409729], [-5.35293436050415, 7.289046287536621], [-5.353818416595459, 7.290268421173096], [-5.3535871505737305, 7.289975166320801], [-5.353561878204346, 7.2899322509765625], [-5.353755474090576, 7.2902140617370605], [-5.353839874267578, 7.290348052978516], [-5.353942394256592, 7.29047966003418], [-6.782662391662598, 9.52705192565918], [-6.782690525054932, 9.526948928833008], [-6.781732082366943, 9.52556037902832], [-6.781488418579102, 9.525156021118164], [-6.781889915466309, 9.525879859924316], [-6.782494068145752, 9.526963233947754], [-6.782519340515137, 9.527137756347656], [-6.782563209533691, 9.527204513549805], [-6.78225040435791, 9.52652645111084], [-6.782487392425537, 9.526674270629883], [-6.782515525817871, 9.526747703552246], [-6.782825946807861, 9.527166366577148], [-6.782998561859131, 9.527536392211914], [-6.782980442047119, 9.527714729309082], [-6.782720565795898, 9.52751350402832], [-6.782783508300781, 9.527565002441406], [-6.782552242279053, 9.527151107788086], [-6.782790184020996, 9.527510643005371], [-6.78272819519043, 9.527379035949707], [-6.782286167144775, 9.526508331298828], [-6.73689603805542, 9.443073272705078], [-6.737412929534912, 9.443988800048828], [-6.736582279205322, 9.442825317382812], [-6.736081123352051, 9.442190170288086], [-6.736184597015381, 9.442442893981934], [-6.7365570068359375, 9.443079948425293], [-6.736764430999756, 9.443381309509277], [-6.736812114715576, 9.443456649780273], [-6.736976146697998, 9.443753242492676], [-6.73748254776001, 9.444218635559082], [-6.737037658691406, 9.443596839904785], [-6.737125396728516, 9.443867683410645], [-6.736744403839111, 9.443120002746582], [-6.736706733703613, 9.443161964416504]]","[1.0, 1.0, 1.0, 1.0, 1.0, 1.0, 1.0, 1.0, 1.0, 1.0, 1.0, 1.0, 1.0, 1.0, 1.0, 1.0, 1.0, 1.0, 1.0, 1.0, 0.9999521970748901, 0.9999523162841797, 0.9999523162841797, 0.9999523162841797, 0.9999521970748901, 0.9999521970748901, 0.9999521970748901, 0.9999523162841797, 0.9999521970748901, 0.9999521970748901, 0.9999521970748901, 0.9999521970748901, 0.9999521970748901, 0.9999523162841797, 0.9999521970748901, 0.9999521970748901, 0.9999521970748901, 0.9999521970748901, 0.9999521970748901, 0.9999523162841797, 1.0, 1.0, 1.0, 1.0, 1.0, 1.0, 1.0, 1.0, 1.0, 1.0, 1.0, 1.0, 1.0, 1.0, 1.0, 1.0, 1.0, 1.0, 1.0, 1.0, 0.9999967813491821, 0.9999967813491821, 0.9999967813491821, 0.9999967813491821, 0.9999967813491821, 0.9999967813491821, 0.9999967813491821, 0.9999967813491821, 0.9999967813491821, 0.9999967813491821, 0.9999967813491821, 0.9999967813491821, 0.9999967813491821, 0.9999967813491821, 0.9999967813491821, 0.9999967813491821, 0.9999967813491821, 0.9999967813491821, 0.9999967813491821, 0.9999967813491821, 0.9999998807907104, 0.9999998807907104, 0.9999998807907104, 0.9999998807907104, 0.9999998807907104, 0.9999998807907104, 0.9999998807907104, 0.9999998807907104, 0.9999998807907104, 0.9999998807907104, 0.9999998807907104, 0.9999998807907104, 0.9999998807907104, 0.9999998807907104, 0.9999998807907104, 0.9999998807907104, 0.9999998807907104, 0.9999998807907104, 0.9999998807907104, 0.9999998807907104, 0.9999998807907104, 0.9999998807907104, 0.9999998807907104, 0.9999998807907104, 0.9999998807907104, 0.9999998807907104, 0.9999998807907104, 0.9999998807907104, 0.9999998807907104, 0.9999998807907104, 0.9999998807907104, 0.9999998807907104, 0.9999998807907104, 0.9999998807907104]",aigvd_common1000,0,,1.0,xrmweOOHFvc_23_0to1140.mp4,F:\MEngDatasets\AIGVDBench\videos\Real\Real\videos\xrmweOOHFvc_23_0to1140.mp4,test,0,real,Real,,Real,Real,1,False
real_00066,0,"[[9.457897186279297, -11.621075630187988], [9.457736015319824, -11.621000289916992], [9.4577054977417, -11.620990753173828], [9.457690238952637, -11.620990753173828], [9.457756996154785, -11.62102222442627], [9.457738876342773, -11.621003150939941], [9.457747459411621, -11.621014595031738], [9.457794189453125, -11.621042251586914], [9.457810401916504, -11.62104320526123], [9.457773208618164, -11.621024131774902], [9.45773983001709, -11.621010780334473], [9.4578275680542, -11.621052742004395]]","[7.006785707197594e-10, 7.008443270173359e-10, 7.008710833922294e-10, 7.008817415332658e-10, 7.008135738395538e-10, 7.008389979468177e-10, 7.00825619759371e-10, 7.007734947883648e-10, 7.007614488685476e-10, 7.008015279197366e-10, 7.008336133651483e-10, 7.007427416105827e-10]",aigvd_common1000,0,,7.008443270173359e-10,loOVcFRvCeE_32_45to195.mp4,F:\MEngDatasets\AIGVDBench\videos\Real\Real\videos\loOVcFRvCeE_32_45to195.mp4,test,0,real,Real,,Real,Real,0,True
real_00067,0,"[[-7.196558475494385, 8.886646270751953], [-7.196691036224365, 8.886797904968262], [-7.196463108062744, 8.886481285095215], [-7.196570873260498, 8.886625289916992], [-7.196520805358887, 8.886578559875488], [-7.196399211883545, 8.886431694030762], [-7.195924758911133, 8.885825157165527], [-7.1959710121154785, 8.885900497436523], [-7.196374416351318, 8.88650131225586], [-7.197822093963623, 8.888406753540039], [-7.198078632354736, 8.88880729675293], [-7.198047637939453, 8.888786315917969], [-7.197961330413818, 8.888670921325684], [-7.198166370391846, 8.888931274414062], [-7.197944641113281, 8.888673782348633], [-7.198086261749268, 8.8888521194458], [-7.198215961456299, 8.88902759552002], [-7.198080539703369, 8.888821601867676], [-7.197869300842285, 8.888566017150879], [-7.197902202606201, 8.888589859008789], [-5.881612300872803, 7.717965602874756], [-5.881822109222412, 7.71824836730957], [-5.881810665130615, 7.718226909637451], [-5.881608963012695, 7.717939376831055], [-5.881731986999512, 7.718103885650635], [-5.881801605224609, 7.718221187591553], [-5.881781101226807, 7.718183517456055], [-5.881875514984131, 7.718334197998047], [-5.881480693817139, 7.717769145965576], [-5.88131046295166, 7.717512607574463], [-5.88137149810791, 7.717655181884766], [-5.88145112991333, 7.71776008605957], [-5.8815016746521, 7.717870712280273], [-5.8815155029296875, 7.7178568840026855], [-5.881469249725342, 7.717750549316406], [-5.881296634674072, 7.717529773712158], [-5.881155014038086, 7.717374801635742], [-5.881144046783447, 7.717389106750488], [-5.881018161773682, 7.7172112464904785], [-5.881463050842285, 7.717770099639893], [-7.2302069664001465, 9.450512886047363], [-7.229763507843018, 9.449996948242188], [-7.23036003112793, 9.45076847076416], [-7.230202674865723, 9.450602531433105]]","[0.9999998807907104, 0.9999998807907104, 0.9999998807907104, 0.9999998807907104, 0.9999998807907104, 0.9999998807907104, 0.9999998807907104, 0.9999998807907104, 0.9999998807907104, 0.9999998807907104, 0.9999998807907104, 0.9999998807907104, 0.9999998807907104, 0.9999998807907104, 0.9999998807907104, 0.9999998807907104, 0.9999998807907104, 0.9999998807907104, 0.9999998807907104, 0.9999998807907104, 0.9999988079071045, 0.9999988079071045, 0.9999988079071045, 0.9999988079071045, 0.9999988079071045, 0.9999988079071045, 0.9999988079071045, 0.9999988079071045, 0.9999988079071045, 0.9999988079071045, 0.9999988079071045, 0.9999988079071045, 0.9999988079071045, 0.9999988079071045, 0.9999988079071045, 0.9999988079071045, 0.9999988079071045, 0.9999988079071045, 0.9999988079071045, 0.9999988079071045, 1.0, 1.0, 1.0, 1.0]",aigvd_common1000,0,,0.9999998807907104,9j-LJj-OUDU_1_0to440.mp4,F:\MEngDatasets\AIGVDBench\videos\Real\Real\videos\9j-LJj-OUDU_1_0to440.mp4,test,0,real,Real,,Real,Real,1,False
real_00068,0,"[[-15.22298812866211, 25.545373916625977], [-15.22341251373291, 25.546066284179688], [-15.222981452941895, 25.54538345336914], [-15.223050117492676, 25.54540252685547], [-15.223628044128418, 25.54635238647461], [-15.223158836364746, 25.54555320739746], [-15.222867965698242, 25.545085906982422], [-15.223184585571289, 25.545581817626953], [-15.222739219665527, 25.54490089416504], [-15.223156929016113, 25.54550552368164], [-15.222506523132324, 25.544452667236328], [-15.223153114318848, 25.545574188232422], [-15.222929000854492, 25.54526710510254], [-15.222606658935547, 25.544803619384766], [-15.222862243652344, 25.545217514038086], [-15.222271919250488, 25.54429054260254], [-15.222127914428711, 25.544116973876953], [-15.222232818603516, 25.544227600097656]]","[1.0, 1.0, 1.0, 1.0, 1.0, 1.0, 1.0, 1.0, 1.0, 1.0, 1.0, 1.0, 1.0, 1.0, 1.0, 1.0, 1.0, 1.0]",aigvd_common1000,0,,1.0,F1JDI5MSpjE_13_0to188.mp4,F:\MEngDatasets\AIGVDBench\videos\Real\Real\videos\F1JDI5MSpjE_13_0to188.mp4,test,0,real,Real,,Real,Real,1,False
real_00069,0,"[[6.385406017303467, -6.741161346435547], [6.3856587409973145, -6.741307258605957], [6.385663986206055, -6.741308212280273], [6.385712623596191, -6.741333484649658], [6.385487079620361, -6.741221904754639], [6.385678768157959, -6.741331577301025], [6.3859076499938965, -6.741469383239746], [6.3859124183654785, -6.741471290588379], [6.386047840118408, -6.741523742675781], [6.385963439941406, -6.741493225097656], [6.385757923126221, -6.741377830505371], [6.385916709899902, -6.741438388824463], [6.385446071624756, -6.741183280944824], [6.38595724105835, -6.741486549377441], [6.386093616485596, -6.741535186767578], [6.386030673980713, -6.741498947143555], [6.385915279388428, -6.741437911987305], [6.385956287384033, -6.741440773010254], [6.385765075683594, -6.741326808929443], [6.385685443878174, -6.741296291351318], [7.93825101852417, -8.712367057800293], [7.938675403594971, -8.712688446044922], [7.938416004180908, -8.712483406066895], [7.938451290130615, -8.712516784667969], [7.938713073730469, -8.712716102600098], [7.938705921173096, -8.712716102600098], [7.938429355621338, -8.71249008178711], [7.9382500648498535, -8.712347030639648], [7.938416481018066, -8.712471961975098], [7.938713550567627, -8.712702751159668], [7.938506126403809, -8.71255111694336], [7.9386444091796875, -8.712645530700684], [7.938761234283447, -8.712740898132324], [7.938464641571045, -8.712512969970703], [7.9386677742004395, -8.712685585021973], [7.938482761383057, -8.712552070617676], [7.938630104064941, -8.71265697479248], [7.938440322875977, -8.712501525878906], [7.938488006591797, -8.712532997131348], [7.9388108253479, -8.7127685546875], [2.803683042526245, -2.7573087215423584], [2.8030412197113037, -2.756673812866211], [2.802367925643921, -2.7560009956359863], [2.8019981384277344, -2.7556376457214355], [2.8020896911621094, -2.755737066268921], [2.80283784866333, -2.756472110748291], [2.8025963306427, -2.756232738494873], [2.8014020919799805, -2.755053758621216], [2.8018343448638916, -2.7554831504821777], [2.8016810417175293, -2.755331039428711], [2.801436424255371, -2.7550899982452393], [2.8009493350982666, -2.75461483001709], [2.8014414310455322, -2.7550973892211914], [2.8021066188812256, -2.7557568550109863], [2.8019773960113525, -2.755625009536743], [2.8017525672912598, -2.755399227142334], [2.801285982131958, -2.754938840866089], [2.801392078399658, -2.7550501823425293], [2.801175832748413, -2.7548294067382812], [2.800661563873291, -2.75433087348938], [1.5139439105987549, -1.640855073928833], [1.5139355659484863, -1.6408469676971436]]","[1.991604676732095e-06, 1.9908109152311226e-06, 1.9907995465473505e-06, 1.990651526284637e-06, 1.991323642869247e-06, 1.9907236037397524e-06, 1.9899946437362814e-06, 1.9899794097000267e-06, 1.989607653740677e-06, 1.9898352547897957e-06, 1.990473037949414e-06, 1.990036480492563e-06, 1.991483031815733e-06, 1.9898618575098226e-06, 1.98949373952928e-06, 1.9896910998795647e-06, 1.99004011847137e-06, 1.9899530343536753e-06, 1.990560349440784e-06, 1.9907806745322887e-06, 5.8712242179126406e-08, 5.8668469193889905e-08, 5.869567232252848e-08, 5.869163999250304e-08, 5.866466779025359e-08, 5.8665001745339396e-08, 5.869454966500598e-08, 5.871347497077295e-08, 5.8696340232700095e-08, 5.866533925313888e-08, 5.868637842354474e-08, 5.867272534487711e-08, 5.866030150514234e-08, 5.869107866374179e-08, 5.8669030522651155e-08, 5.8687721349315325e-08, 5.867294916583887e-08, 5.869320673923539e-08, 5.868861663316238e-08, 5.865582863862073e-08, 0.0038302340544760227, 0.0038351076655089855, 0.0038402557838708162, 0.0038430604618042707, 0.003842328442260623, 0.003836656454950571, 0.0038384937215596437, 0.0038475808687508106, 0.003844277700409293, 0.003845448838546872, 0.003847310785204172, 0.0038510002195835114, 0.0038472628220915794, 0.0038421896751970053, 0.0038431882858276367, 0.0038449137937277555, 0.0038484656251966953, 0.003847632324323058, 0.0038493068423122168, 0.003853192087262869, 0.04090259596705437, 0.0409032441675663]",aigvd_common1000,0,,1.9908109152311226e-06,2F3iNVTXozM_35_0to624.mp4,F:\MEngDatasets\AIGVDBench\videos\Real\Real\videos\2F3iNVTXozM_35_0to624.mp4,test,0,real,Real,,Real,Real,0,True
real_00070,0,"[[-4.099691390991211, 5.671840190887451], [-4.099395751953125, 5.671459197998047], [-4.099880218505859, 5.672169208526611], [-4.1001176834106445, 5.672516345977783], [-4.100251197814941, 5.672686576843262], [-4.100096702575684, 5.672513008117676], [-4.099982261657715, 5.672338962554932], [-4.099735736846924, 5.671994209289551], [-4.099958419799805, 5.672304630279541], [-4.100053310394287, 5.672447681427002], [-4.100010395050049, 5.672396659851074], [-4.100085735321045, 5.672491550445557], [-4.099934101104736, 5.672268867492676]]","[0.9999428987503052, 0.9999428987503052, 0.9999430179595947, 0.9999430179595947, 0.9999430179595947, 0.9999430179595947, 0.9999430179595947, 0.9999430179595947, 0.9999430179595947, 0.9999430179595947, 0.9999430179595947, 0.9999430179595947, 0.9999430179595947]",aigvd_common1000,0,,0.9999428987503052,bVl9O8Qo3ug_72_0to139.mp4,F:\MEngDatasets\AIGVDBench\videos\Real\Real\videos\bVl9O8Qo3ug_72_0to139.mp4,test,0,real,Real,,Real,Real,1,False
real_00071,0,"[[-15.844415664672852, 19.91748809814453], [-15.845279693603516, 19.918794631958008], [-15.845499992370605, 19.919164657592773], [-15.84493637084961, 19.91817283630371], [-15.84522819519043, 19.91852569580078], [-15.844240188598633, 19.916738510131836], [-15.844188690185547, 19.916719436645508], [-15.844749450683594, 19.917720794677734], [-15.845494270324707, 19.918882369995117], [-15.845004081726074, 19.918149948120117]]","[1.0, 1.0, 1.0, 1.0, 1.0, 1.0, 1.0, 1.0, 1.0, 1.0]",aigvd_common1000,0,,1.0,LXwI6j6eYRc_375_0to109.mp4,F:\MEngDatasets\AIGVDBench\videos\Real\Real\videos\LXwI6j6eYRc_375_0to109.mp4,test,0,real,Real,,Real,Real,1,False
real_00072,0,"[[4.659311294555664, -5.144501209259033], [4.659544467926025, -5.1447319984436035], [4.659689903259277, -5.144874572753906], [4.6594743728637695, -5.144659042358398], [4.659396648406982, -5.144586563110352], [4.659647464752197, -5.144839763641357], [4.659852981567383, -5.14504861831665], [4.659917831420898, -5.145113945007324], [4.659877777099609, -5.145073413848877], [4.65982723236084, -5.145020484924316], [4.65977668762207, -5.1449713706970215], [4.659555435180664, -5.144745826721191], [4.659414768218994, -5.144603729248047], [4.6595540046691895, -5.14474630355835], [4.659543991088867, -5.1447367668151855], [4.659651756286621, -5.144845962524414], [4.6597185134887695, -5.14491081237793], [4.6594767570495605, -5.144667625427246], [4.6594157218933105, -5.144606590270996], [4.659418106079102, -5.144611835479736], [5.684557914733887, -7.328596591949463], [5.684702396392822, -7.328716278076172]]","[5.523757135961205e-05, 5.5211919971043244e-05, 5.519602564163506e-05, 5.521981802303344e-05, 5.522808714886196e-05, 5.520028935279697e-05, 5.5177442845888436e-05, 5.517023600987159e-05, 5.51747070858255e-05, 5.518039324670099e-05, 5.518586476682685e-05, 5.521055209101178e-05, 5.5226191761903465e-05, 5.5210606660693884e-05, 5.5211654398590326e-05, 5.5199710914166644e-05, 5.519244587048888e-05, 5.521923958440311e-05, 5.522598439711146e-05, 5.522555875359103e-05, 2.2307845028990414e-06, 2.230197424069047e-06]",aigvd_common1000,0,,5.5211919971043244e-05,9iTPbbb8Rkw_67_156to400.mp4,F:\MEngDatasets\AIGVDBench\videos\Real\Real\videos\9iTPbbb8Rkw_67_156to400.mp4,test,0,real,Real,,Real,Real,0,True
real_00073,0,"[[-8.399465560913086, 12.42594051361084], [-8.400188446044922, 12.427582740783691], [-8.400087356567383, 12.427430152893066], [-8.400376319885254, 12.427818298339844], [-8.4003267288208, 12.427602767944336], [-8.399600982666016, 12.425644874572754], [-8.399742126464844, 12.425714492797852], [-8.39964771270752, 12.425407409667969], [-8.399819374084473, 12.425743103027344], [-8.39967155456543, 12.425468444824219], [-8.399709701538086, 12.425801277160645], [-8.3996000289917, 12.425952911376953], [-8.399529457092285, 12.426243782043457], [-8.399761199951172, 12.426777839660645], [-8.399527549743652, 12.426186561584473], [-8.399459838867188, 12.426067352294922], [-8.399548530578613, 12.42631721496582], [-8.399798393249512, 12.426831245422363], [-8.40007495880127, 12.427422523498535], [-8.400167465209961, 12.42762565612793], [-14.062360763549805, 18.174551010131836], [-14.060832977294922, 18.172033309936523], [-14.060763359069824, 18.17185401916504], [-14.062132835388184, 18.17401123046875], [-14.061942100524902, 18.173805236816406], [-14.06188678741455, 18.173879623413086], [-14.061637878417969, 18.17349624633789], [-14.061269760131836, 18.17287826538086], [-14.061415672302246, 18.17289924621582], [-14.061307907104492, 18.172574996948242], [-14.060811042785645, 18.17152214050293], [-14.060062408447266, 18.170127868652344], [-14.060442924499512, 18.170856475830078], [-14.060466766357422, 18.171031951904297], [-14.060684204101562, 18.171409606933594], [-14.060324668884277, 18.17105484008789], [-14.060445785522461, 18.171363830566406], [-14.060912132263184, 18.172163009643555], [-14.061420440673828, 18.172731399536133], [-14.061930656433105, 18.173608779907227], [-9.059334754943848, 11.737473487854004], [-9.05927848815918, 11.737471580505371], [-9.05882453918457, 11.736844062805176], [-9.058744430541992, 11.7366943359375], [-9.058486938476562, 11.736214637756348], [-9.057467460632324, 11.73422908782959], [-9.058485984802246, 11.736083030700684], [-9.057668685913086, 11.734724044799805], [-9.056418418884277, 11.732705116271973], [-9.058937072753906, 11.736393928527832], [-9.058180809020996, 11.735077857971191], [-9.057127952575684, 11.733765602111816], [-9.060050010681152, 11.738473892211914]]","[1.0, 1.0, 1.0, 1.0, 1.0, 1.0, 1.0, 1.0, 1.0, 1.0, 1.0, 1.0, 1.0, 1.0, 1.0, 1.0, 1.0, 1.0, 1.0, 1.0, 1.0, 1.0, 1.0, 1.0, 1.0, 1.0, 1.0, 1.0, 1.0, 1.0, 1.0, 1.0, 1.0, 1.0, 1.0, 1.0, 1.0, 1.0, 1.0, 1.0, 1.0, 1.0, 1.0, 1.0, 1.0, 1.0, 1.0, 1.0, 1.0, 1.0, 1.0, 1.0, 1.0]",aigvd_common1000,0,,1.0,01ECJXvPQlQ_70_0to556.mp4,F:\MEngDatasets\AIGVDBench\videos\Real\Real\videos\01ECJXvPQlQ_70_0to556.mp4,test,0,real,Real,,Real,Real,1,False
real_00074,0,"[[-9.693387031555176, 13.1478910446167], [-9.693035125732422, 13.147308349609375], [-9.692211151123047, 13.146032333374023], [-9.691574096679688, 13.145092964172363], [-9.691519737243652, 13.145092964172363], [-9.691251754760742, 13.144824028015137], [-9.691309928894043, 13.144973754882812], [-9.692147254943848, 13.14628791809082], [-9.691729545593262, 13.145757675170898], [-9.692215919494629, 13.146456718444824]]","[1.0, 1.0, 1.0, 1.0, 1.0, 1.0, 1.0, 1.0, 1.0, 1.0]",aigvd_common1000,0,,1.0,5Z5BRmlwpAc_88_0to121.mp4,F:\MEngDatasets\AIGVDBench\videos\Real\Real\videos\5Z5BRmlwpAc_88_0to121.mp4,test,0,real,Real,,Real,Real,1,False
real_00075,0,"[[-1.901275634765625, 2.527924060821533], [-1.9012713432312012, 2.5279035568237305], [-1.9015681743621826, 2.5282771587371826], [-1.9016914367675781, 2.5284149646759033], [-1.9018290042877197, 2.5285792350769043], [-1.9016308784484863, 2.528343439102173], [-1.9011754989624023, 2.5277891159057617], [-1.9012702703475952, 2.527902126312256], [-1.9012653827667236, 2.527895212173462], [-1.9012283086776733, 2.5278444290161133], [-1.9013755321502686, 2.5280284881591797], [-1.9014700651168823, 2.52813982963562], [-1.9017186164855957, 2.5284323692321777], [-1.9017165899276733, 2.528423547744751], [-1.9017529487609863, 2.52848219871521], [-1.9020135402679443, 2.528785228729248], [-1.901902198791504, 2.528649091720581], [-1.9016388654708862, 2.528327703475952], [-1.9016175270080566, 2.5283145904541016]]","[0.9882164597511292, 0.98821622133255, 0.9882240295410156, 0.9882270693778992, 0.9882305860519409, 0.9882254600524902, 0.9882136583328247, 0.9882161021232605, 0.9882160425186157, 0.9882149696350098, 0.9882187843322754, 0.9882212281227112, 0.9882275462150574, 0.9882274270057678, 0.988228440284729, 0.9882351160049438, 0.9882321953773499, 0.9882254600524902, 0.988224983215332]",aigvd_common1000,0,,0.98821622133255,cclTlIvBJCI_53_49to264.mp4,F:\MEngDatasets\AIGVDBench\videos\Real\Real\videos\cclTlIvBJCI_53_49to264.mp4,test,0,real,Real,,Real,Real,1,False
real_00076,0,"[[-7.659897804260254, 9.782976150512695], [-7.660018444061279, 9.783174514770508], [-7.660065650939941, 9.783271789550781], [-7.660077095031738, 9.783270835876465], [-7.660068988800049, 9.78326416015625], [-7.660042762756348, 9.783233642578125], [-7.659912109375, 9.783045768737793], [-7.659857749938965, 9.782994270324707], [-7.659849643707275, 9.782944679260254], [-7.659885883331299, 9.783012390136719]]","[1.0, 1.0, 1.0, 1.0, 1.0, 1.0, 1.0, 1.0, 1.0, 1.0]",aigvd_common1000,0,,1.0,vRCA5Rf-Isc_1_0to109.mp4,F:\MEngDatasets\AIGVDBench\videos\Real\Real\videos\vRCA5Rf-Isc_1_0to109.mp4,test,0,real,Real,,Real,Real,1,False
real_00077,0,"[[-8.471562385559082, 11.504356384277344], [-8.471243858337402, 11.503433227539062], [-8.471382141113281, 11.504070281982422], [-8.471176147460938, 11.503811836242676], [-8.47102165222168, 11.503189086914062], [-8.471284866333008, 11.503805160522461], [-8.471161842346191, 11.50361156463623], [-8.470823287963867, 11.502582550048828], [-8.470901489257812, 11.50293254852295], [-8.471111297607422, 11.503495216369629], [-8.471002578735352, 11.503185272216797], [-8.471056938171387, 11.503321647644043], [-8.471064567565918, 11.503389358520508], [-8.471196174621582, 11.503619194030762], [-8.471196174621582, 11.503694534301758], [-8.471182823181152, 11.503549575805664], [-8.471463203430176, 11.504276275634766], [-8.47127628326416, 11.503931045532227], [-8.47121524810791, 11.503782272338867], [-8.471343994140625, 11.504150390625], [-14.8441162109375, 19.610206604003906], [-14.844202995300293, 19.61027717590332]]","[1.0, 1.0, 1.0, 1.0, 1.0, 1.0, 1.0, 1.0, 1.0, 1.0, 1.0, 1.0, 1.0, 1.0, 1.0, 1.0, 1.0, 1.0, 1.0, 1.0, 1.0, 1.0]",aigvd_common1000,0,,1.0,L58nCKZFfwM_15_0to221.mp4,F:\MEngDatasets\AIGVDBench\videos\Real\Real\videos\L58nCKZFfwM_15_0to221.mp4,test,0,real,Real,,Real,Real,1,False
real_00078,0,"[[-11.434586524963379, 16.53224754333496], [-11.434645652770996, 16.532283782958984], [-11.434640884399414, 16.532283782958984], [-11.43435287475586, 16.531707763671875], [-11.434162139892578, 16.531354904174805], [-11.434163093566895, 16.531375885009766], [-11.434237480163574, 16.53152084350586], [-11.434367179870605, 16.531782150268555], [-11.434341430664062, 16.531755447387695], [-11.434340476989746, 16.531776428222656], [-11.434263229370117, 16.53156280517578]]","[1.0, 1.0, 1.0, 1.0, 1.0, 1.0, 1.0, 1.0, 1.0, 1.0, 1.0]",aigvd_common1000,0,,1.0,68hpMUdn5ZE_0_0to115.mp4,F:\MEngDatasets\AIGVDBench\videos\Real\Real\videos\68hpMUdn5ZE_0_0to115.mp4,test,0,real,Real,,Real,Real,1,False
real_00079,0,"[[-22.1761474609375, 31.71009063720703], [-22.17578125, 31.710020065307617], [-22.17572021484375, 31.709716796875], [-22.17566680908203, 31.709482192993164], [-22.174663543701172, 31.7081298828125], [-22.174753189086914, 31.70827293395996], [-22.174684524536133, 31.70815086364746], [-22.174657821655273, 31.70809555053711], [-22.174667358398438, 31.70813751220703], [-22.175508499145508, 31.709550857543945]]","[1.0, 1.0, 1.0, 1.0, 1.0, 1.0, 1.0, 1.0, 1.0, 1.0]",aigvd_common1000,0,,1.0,TUWLm9fR2qY_17_0to102.mp4,F:\MEngDatasets\AIGVDBench\videos\Real\Real\videos\TUWLm9fR2qY_17_0to102.mp4,test,0,real,Real,,Real,Real,1,False
real_00080,0,"[[-11.796404838562012, 16.8026123046875], [-11.796282768249512, 16.802522659301758], [-11.79641056060791, 16.802627563476562], [-11.796219825744629, 16.80205726623535], [-11.796577453613281, 16.802894592285156], [-11.7962646484375, 16.802061080932617], [-11.7962646484375, 16.8021240234375], [-11.796401023864746, 16.80246925354004], [-11.79619026184082, 16.801944732666016], [-11.796160697937012, 16.801958084106445]]","[1.0, 1.0, 1.0, 1.0, 1.0, 1.0, 1.0, 1.0, 1.0, 1.0]",aigvd_common1000,0,,1.0,FVvUiMTYXJA_93_0to109.mp4,F:\MEngDatasets\AIGVDBench\videos\Real\Real\videos\FVvUiMTYXJA_93_0to109.mp4,test,0,real,Real,,Real,Real,1,False
real_00081,0,"[[-11.803247451782227, 14.42737102508545], [-11.803314208984375, 14.427377700805664], [-11.803092956542969, 14.426840782165527], [-11.802894592285156, 14.426424980163574], [-11.8016939163208, 14.424490928649902], [-11.801472663879395, 14.424166679382324], [-11.800357818603516, 14.422503471374512], [-11.800692558288574, 14.423038482666016], [-11.80298137664795, 14.42680835723877], [-11.802942276000977, 14.4266939163208], [-11.80245590209961, 14.425898551940918], [-11.802974700927734, 14.427140235900879], [-11.803006172180176, 14.427306175231934]]","[1.0, 1.0, 1.0, 1.0, 1.0, 1.0, 1.0, 1.0, 1.0, 1.0, 1.0, 1.0, 1.0]",aigvd_common1000,0,,1.0,_t3Y3Xp3-6w_18_0to134.mp4,F:\MEngDatasets\AIGVDBench\videos\Real\Real\videos\_t3Y3Xp3-6w_18_0to134.mp4,test,0,real,Real,,Real,Real,1,False
real_00082,0,"[[-12.875208854675293, 17.525724411010742], [-12.873830795288086, 17.523542404174805], [-12.873048782348633, 17.522340774536133], [-12.87313461303711, 17.52250862121582], [-12.87287712097168, 17.522071838378906], [-12.873480796813965, 17.523048400878906], [-12.873454093933105, 17.522979736328125], [-12.87408447265625, 17.523914337158203], [-12.874678611755371, 17.524860382080078], [-12.87505054473877, 17.52550506591797], [-12.875463485717773, 17.526235580444336], [-12.87473201751709, 17.525005340576172], [-12.873665809631348, 17.523256301879883], [-12.873486518859863, 17.52298927307129], [-12.873614311218262, 17.52327537536621]]","[1.0, 1.0, 1.0, 1.0, 1.0, 1.0, 1.0, 1.0, 1.0, 1.0, 1.0, 1.0, 1.0, 1.0, 1.0]",aigvd_common1000,0,,1.0,r-DzbTILA-k_15_0to173.mp4,F:\MEngDatasets\AIGVDBench\videos\Real\Real\videos\r-DzbTILA-k_15_0to173.mp4,test,0,real,Real,,Real,Real,1,False
real_00083,0,"[[-15.788605690002441, 21.76507568359375], [-15.787468910217285, 21.76380157470703], [-15.788190841674805, 21.764623641967773], [-15.78940200805664, 21.76617431640625], [-15.788726806640625, 21.765260696411133], [-15.789667129516602, 21.766401290893555], [-15.790556907653809, 21.767566680908203], [-15.790371894836426, 21.767366409301758], [-15.790233612060547, 21.767189025878906], [-15.7902250289917, 21.767122268676758], [-15.789267539978027, 21.765949249267578], [-15.78945255279541, 21.766145706176758], [-15.788206100463867, 21.764713287353516], [-15.786291122436523, 21.762266159057617], [-15.786614418029785, 21.76270294189453], [-15.786970138549805, 21.763065338134766], [-15.7866849899292, 21.76273536682129], [-15.787053108215332, 21.763200759887695]]","[1.0, 1.0, 1.0, 1.0, 1.0, 1.0, 1.0, 1.0, 1.0, 1.0, 1.0, 1.0, 1.0, 1.0, 1.0, 1.0, 1.0, 1.0]",aigvd_common1000,0,,1.0,bWfMuy56LmU_4_54to261.mp4,F:\MEngDatasets\AIGVDBench\videos\Real\Real\videos\bWfMuy56LmU_4_54to261.mp4,test,0,real,Real,,Real,Real,1,False
real_00084,0,"[[-17.98104476928711, 25.624839782714844], [-17.98122787475586, 25.625274658203125], [-17.981231689453125, 25.625205993652344], [-17.98154640197754, 25.625879287719727], [-17.98198127746582, 25.626670837402344], [-17.982086181640625, 25.6268310546875], [-17.982112884521484, 25.626876831054688], [-17.981781005859375, 25.626232147216797], [-17.981782913208008, 25.62626838684082], [-17.981393814086914, 25.62583351135254], [-17.981536865234375, 25.626113891601562], [-17.981945037841797, 25.626724243164062], [-17.981685638427734, 25.626068115234375], [-17.9832763671875, 25.628429412841797], [-17.982410430908203, 25.626646041870117], [-17.98224639892578, 25.626264572143555], [-17.983129501342773, 25.628040313720703], [-17.982004165649414, 25.626110076904297], [-17.981624603271484, 25.625368118286133], [-17.981569290161133, 25.625240325927734], [-23.42769432067871, 34.22005844116211]]","[1.0, 1.0, 1.0, 1.0, 1.0, 1.0, 1.0, 1.0, 1.0, 1.0, 1.0, 1.0, 1.0, 1.0, 1.0, 1.0, 1.0, 1.0, 1.0, 1.0, 1.0]",aigvd_common1000,0,,1.0,XdQO4o-tdBI_8_29to266.mp4,F:\MEngDatasets\AIGVDBench\videos\Real\Real\videos\XdQO4o-tdBI_8_29to266.mp4,test,0,real,Real,,Real,Real,1,False
real_00085,0,"[[0.7079829573631287, -0.764916718006134], [0.7078259587287903, -0.7647642493247986], [0.7081186771392822, -0.7650512456893921], [0.7079480290412903, -0.7648858428001404], [0.7079622745513916, -0.7649022936820984], [0.7079322338104248, -0.7648757696151733], [0.7079642415046692, -0.7649116516113281], [0.7082099318504333, -0.7651515007019043], [0.7078059315681458, -0.7647589445114136], [0.7076548933982849, -0.7646138072013855], [0.7072386145591736, -0.7642146944999695]]","[0.18650229275226593, 0.18654924631118774, 0.18646128475666046, 0.18651226162910461, 0.18650759756565094, 0.1865161955356598, 0.18650589883327484, 0.18643222749233246, 0.18655307590961456, 0.1865980327129364, 0.1867218166589737]",aigvd_common1000,0,,0.18654924631118774,RiwfiO6Wh1I_4_0to117.mp4,F:\MEngDatasets\AIGVDBench\videos\Real\Real\videos\RiwfiO6Wh1I_4_0to117.mp4,test,0,real,Real,,Real,Real,0,True
real_00086,0,"[[-17.004228591918945, 22.02150535583496], [-17.003904342651367, 22.021137237548828], [-17.003725051879883, 22.020938873291016], [-17.003646850585938, 22.020893096923828], [-17.0036563873291, 22.020750045776367], [-17.0039119720459, 22.021316528320312], [-17.00412940979004, 22.02159881591797], [-17.00362205505371, 22.02083396911621], [-17.003612518310547, 22.0206298828125], [-17.003890991210938, 22.021238327026367], [-17.003860473632812, 22.021150588989258], [-17.003894805908203, 22.021217346191406], [-17.003894805908203, 22.0211181640625], [-17.003925323486328, 22.02126121520996], [-17.00394058227539, 22.021141052246094], [-17.004173278808594, 22.021608352661133], [-17.004114151000977, 22.021684646606445], [-17.00409507751465, 22.02161979675293], [-17.004140853881836, 22.021581649780273], [-17.003904342651367, 22.02113151550293], [-14.976197242736816, 19.461273193359375], [-14.976131439208984, 19.461172103881836], [-14.976653099060059, 19.46199607849121], [-14.975933074951172, 19.460912704467773], [-14.976430892944336, 19.461612701416016], [-14.976296424865723, 19.461389541625977], [-14.977272033691406, 19.462902069091797], [-14.977225303649902, 19.462739944458008], [-14.976530075073242, 19.461761474609375], [-14.97622013092041, 19.461332321166992], [-14.97668170928955, 19.462018966674805], [-14.976510047912598, 19.461788177490234], [-14.976618766784668, 19.461923599243164], [-14.97614574432373, 19.461217880249023], [-14.976534843444824, 19.46178436279297], [-14.97656536102295, 19.461828231811523], [-14.976479530334473, 19.461713790893555], [-14.976276397705078, 19.461471557617188], [-14.97638988494873, 19.461530685424805], [-14.976828575134277, 19.46222686767578], [-13.582651138305664, 18.820186614990234], [-13.582715034484863, 18.82027816772461], [-13.58287525177002, 18.8205509185791], [-13.583137512207031, 18.820905685424805], [-13.582930564880371, 18.820634841918945], [-13.583230972290039, 18.8210506439209], [-13.583060264587402, 18.82082176208496], [-13.58301830291748, 18.82076644897461], [-13.582765579223633, 18.820398330688477], [-13.583120346069336, 18.820905685424805], [-13.582884788513184, 18.820587158203125], [-13.583337783813477, 18.82123565673828], [-13.58346939086914, 18.82147979736328], [-13.583744049072266, 18.821836471557617], [-13.583067893981934, 18.820837020874023], [-13.582843780517578, 18.820537567138672], [-13.583267211914062, 18.821199417114258], [-13.583415031433105, 18.821361541748047], [-13.583218574523926, 18.82103157043457], [-13.583537101745605, 18.821504592895508], [-16.855892181396484, 23.373458862304688], [-16.855838775634766, 23.373292922973633], [-16.85597038269043, 23.37371063232422], [-16.85578155517578, 23.373384475708008], [-16.856081008911133, 23.37397575378418], [-16.85597801208496, 23.37382698059082], [-16.855558395385742, 23.373071670532227], [-16.855560302734375, 23.37300682067871], [-16.855493545532227, 23.372833251953125], [-16.855491638183594, 23.372865676879883], [-16.855409622192383, 23.372713088989258], [-16.855487823486328, 23.372835159301758], [-16.85572624206543, 23.37335777282715], [-16.85555076599121, 23.372888565063477], [-16.855751037597656, 23.373205184936523]]","[1.0, 1.0, 1.0, 1.0, 1.0, 1.0, 1.0, 1.0, 1.0, 1.0, 1.0, 1.0, 1.0, 1.0, 1.0, 1.0, 1.0, 1.0, 1.0, 1.0, 1.0, 1.0, 1.0, 1.0, 1.0, 1.0, 1.0, 1.0, 1.0, 1.0, 1.0, 1.0, 1.0, 1.0, 1.0, 1.0, 1.0, 1.0, 1.0, 1.0, 1.0, 1.0, 1.0, 1.0, 1.0, 1.0, 1.0, 1.0, 1.0, 1.0, 1.0, 1.0, 1.0, 1.0, 1.0, 1.0, 1.0, 1.0, 1.0, 1.0, 1.0, 1.0, 1.0, 1.0, 1.0, 1.0, 1.0, 1.0, 1.0, 1.0, 1.0, 1.0, 1.0, 1.0, 1.0]",aigvd_common1000,0,,1.0,OXDxv3c5j1w_10_118to897.mp4,F:\MEngDatasets\AIGVDBench\videos\Real\Real\videos\OXDxv3c5j1w_10_118to897.mp4,test,0,real,Real,,Real,Real,1,False
real_00087,0,"[[4.698928356170654, -5.333093643188477], [4.698945999145508, -5.3331708908081055], [4.698840618133545, -5.333193302154541], [4.698821544647217, -5.3331708908081055], [4.698807239532471, -5.333108901977539], [4.698613166809082, -5.333139896392822], [4.698724269866943, -5.333076000213623], [4.698831081390381, -5.333078384399414], [4.698843479156494, -5.333104610443115], [4.698785305023193, -5.333105087280273], [4.698793888092041, -5.333138942718506], [4.698671817779541, -5.333131313323975], [4.698709011077881, -5.3331708908081055], [4.698896884918213, -5.33320951461792], [4.698696136474609, -5.333171844482422], [4.698629856109619, -5.3331828117370605], [4.698616981506348, -5.333152770996094], [4.698635578155518, -5.333159923553467], [4.698668003082275, -5.333148956298828]]","[4.396721124066971e-05, 4.3963056668872014e-05, 4.396670556161553e-05, 4.396855001687072e-05, 4.397190423333086e-05, 4.397903467179276e-05, 4.3976979213766754e-05, 4.397215889184736e-05, 4.397048178361729e-05, 4.397299562697299e-05, 4.397115117171779e-05, 4.3976851884508505e-05, 4.3973501306027174e-05, 4.3963518692180514e-05, 4.3973999709123746e-05, 4.39764371549245e-05, 4.397832162794657e-05, 4.3977190216537565e-05, 4.397626980789937e-05]",aigvd_common1000,0,,4.3963056668872014e-05,Kx0UQf8-4Uc_7_0to195.mp4,F:\MEngDatasets\AIGVDBench\videos\Real\Real\videos\Kx0UQf8-4Uc_7_0to195.mp4,test,0,real,Real,,Real,Real,0,True
real_00088,0,"[[-14.583417892456055, 17.304378509521484], [-14.583595275878906, 17.304746627807617], [-14.58383560180664, 17.30512046813965], [-14.583976745605469, 17.30531120300293], [-14.58401870727539, 17.30534553527832], [-14.583709716796875, 17.30478286743164], [-14.582610130310059, 17.303020477294922], [-14.58277416229248, 17.30323600769043], [-14.583247184753418, 17.304027557373047], [-14.58282470703125, 17.303342819213867], [-14.582218170166016, 17.30231475830078], [-14.582954406738281, 17.30361557006836], [-14.583735466003418, 17.30495262145996], [-14.584061622619629, 17.305644989013672], [-14.583732604980469, 17.305004119873047], [-14.583710670471191, 17.304973602294922], [-14.583935737609863, 17.305280685424805], [-14.583935737609863, 17.30528450012207]]","[1.0, 1.0, 1.0, 1.0, 1.0, 1.0, 1.0, 1.0, 1.0, 1.0, 1.0, 1.0, 1.0, 1.0, 1.0, 1.0, 1.0, 1.0]",aigvd_common1000,0,,1.0,nHoa0XBBQfA_5_0to185.mp4,F:\MEngDatasets\AIGVDBench\videos\Real\Real\videos\nHoa0XBBQfA_5_0to185.mp4,test,0,real,Real,,Real,Real,1,False
real_00089,0,"[[-1.1770492792129517, 1.6255121231079102], [-1.176854133605957, 1.6252621412277222], [-1.176957368850708, 1.6253933906555176], [-1.177474021911621, 1.6260616779327393], [-1.177126407623291, 1.6256129741668701], [-1.177207350730896, 1.6257150173187256], [-1.17753005027771, 1.6261404752731323], [-1.1775779724121094, 1.626213788986206], [-1.1774439811706543, 1.6260250806808472], [-1.1771126985549927, 1.6255733966827393], [-1.1769473552703857, 1.625365972518921], [-1.177058458328247, 1.6254938840866089], [-1.1771817207336426, 1.6256258487701416], [-1.177149772644043, 1.6255803108215332], [-1.1771509647369385, 1.625581979751587], [-1.1771845817565918, 1.6256306171417236], [-1.1769770383834839, 1.6253678798675537], [-1.1769356727600098, 1.6253199577331543], [-1.1770858764648438, 1.6255333423614502]]","[0.94281405210495, 0.9427900910377502, 0.9428027272224426, 0.9428666234016418, 0.9428237080574036, 0.9428335428237915, 0.9428738355636597, 0.942880392074585, 0.9428630471229553, 0.9428208470344543, 0.9428007006645203, 0.942813515663147, 0.9428272843360901, 0.9428231716156006, 0.9428232908248901, 0.9428277611732483, 0.9428024291992188, 0.9427976608276367, 0.9428172707557678]",aigvd_common1000,0,,0.9427900910377502,5vTxKv9YCzA_85_58to274.mp4,F:\MEngDatasets\AIGVDBench\videos\Real\Real\videos\5vTxKv9YCzA_85_58to274.mp4,test,0,real,Real,,Real,Real,1,False
real_00090,0,"[[3.462860107421875, -4.103404998779297], [3.462684392929077, -4.103244781494141], [3.462843656539917, -4.103389739990234], [3.4624876976013184, -4.103065013885498], [3.4627342224121094, -4.10329008102417], [3.46260666847229, -4.103173732757568], [3.462684154510498, -4.103244781494141], [3.4629056453704834, -4.103446960449219], [3.4625823497772217, -4.103151798248291], [3.4626588821411133, -4.103221416473389], [3.4626431465148926, -4.103206157684326], [3.4625961780548096, -4.10316276550293], [3.462657928466797, -4.103219985961914], [3.4626288414001465, -4.103193283081055]]","[0.0005173542886041105, 0.0005175279220566154, 0.0005173705867491663, 0.0005177228595130146, 0.0005174788529984653, 0.000517604872584343, 0.000517528154887259, 0.0005173089448362589, 0.0005176291451789439, 0.0005175533588044345, 0.0005175693659111857, 0.000517616281285882, 0.0005175545811653137, 0.0005175833939574659]",aigvd_common1000,0,,0.0005175279220566154,d7ifb-aEW7Q_56_0to140.mp4,F:\MEngDatasets\AIGVDBench\videos\Real\Real\videos\d7ifb-aEW7Q_56_0to140.mp4,test,0,real,Real,,Real,Real,0,True
real_00091,0,"[[-15.86070728302002, 21.017675399780273], [-15.86108684539795, 21.01823616027832], [-15.859341621398926, 21.0156192779541], [-15.860078811645508, 21.016462326049805], [-15.85964584350586, 21.015939712524414], [-15.85975170135498, 21.01609992980957], [-15.860239028930664, 21.016752243041992], [-15.860557556152344, 21.017290115356445], [-15.861360549926758, 21.018611907958984], [-15.861357688903809, 21.01861572265625], [-15.859935760498047, 21.016454696655273], [-15.860313415527344, 21.017099380493164], [-15.858210563659668, 21.01374053955078], [-15.85816478729248, 21.013639450073242], [-15.858403205871582, 21.013994216918945], [-15.858366012573242, 21.01399803161621], [-15.858530044555664, 21.014232635498047]]","[1.0, 1.0, 1.0, 1.0, 1.0, 1.0, 1.0, 1.0, 1.0, 1.0, 1.0, 1.0, 1.0, 1.0, 1.0, 1.0, 1.0]",aigvd_common1000,0,,1.0,4HLv8_TO5IE_13_0to174.mp4,F:\MEngDatasets\AIGVDBench\videos\Real\Real\videos\4HLv8_TO5IE_13_0to174.mp4,test,0,real,Real,,Real,Real,1,False
real_00092,0,"[[-5.975127696990967, 6.922184467315674], [-5.975138187408447, 6.922162055969238], [-5.974912166595459, 6.9218316078186035], [-5.975241661071777, 6.922313690185547], [-5.9753289222717285, 6.922457695007324], [-5.975321292877197, 6.922445297241211], [-5.9754815101623535, 6.922672271728516], [-5.975332260131836, 6.922446250915527], [-5.975188255310059, 6.922245502471924], [-5.975302219390869, 6.922446250915527], [-5.975101947784424, 6.922140121459961], [-5.9751152992248535, 6.92218017578125], [-5.975200176239014, 6.922267913818359], [-5.975554466247559, 6.922763347625732], [-5.9754557609558105, 6.922637462615967], [-5.975347518920898, 6.922501564025879], [-5.975259304046631, 6.922381401062012], [-5.975245952606201, 6.9223246574401855], [-5.975216865539551, 6.922299385070801], [-5.975208282470703, 6.92233419418335], [-8.927769660949707, 12.791043281555176], [-8.927665710449219, 12.790903091430664], [-8.927340507507324, 12.790482521057129]]","[0.9999974966049194, 0.9999974966049194, 0.9999974966049194, 0.9999974966049194, 0.9999974966049194, 0.9999974966049194, 0.9999974966049194, 0.9999974966049194, 0.9999974966049194, 0.9999974966049194, 0.9999974966049194, 0.9999974966049194, 0.9999974966049194, 0.9999974966049194, 0.9999974966049194, 0.9999974966049194, 0.9999974966049194, 0.9999974966049194, 0.9999974966049194, 0.9999974966049194, 1.0, 1.0, 1.0]",aigvd_common1000,0,,0.9999974966049194,r8u-6wQdM-A_26_0to234.mp4,F:\MEngDatasets\AIGVDBench\videos\Real\Real\videos\r8u-6wQdM-A_26_0to234.mp4,test,0,real,Real,,Real,Real,1,False
real_00093,0,"[[-9.393367767333984, 13.172317504882812], [-9.393096923828125, 13.171975135803223], [-9.393172264099121, 13.172168731689453], [-9.3928804397583, 13.171728134155273], [-9.39327335357666, 13.172307014465332], [-9.393999099731445, 13.173384666442871], [-9.39439868927002, 13.173911094665527], [-9.394757270812988, 13.174489974975586], [-9.394777297973633, 13.174538612365723], [-9.394264221191406, 13.173676490783691], [-9.393921852111816, 13.173104286193848], [-9.393664360046387, 13.172643661499023]]","[1.0, 1.0, 1.0, 1.0, 1.0, 1.0, 1.0, 1.0, 1.0, 1.0, 1.0, 1.0]",aigvd_common1000,0,,1.0,dgAFkFpHtFU_31_0to127.mp4,F:\MEngDatasets\AIGVDBench\videos\Real\Real\videos\dgAFkFpHtFU_31_0to127.mp4,test,0,real,Real,,Real,Real,1,False
real_00094,0,"[[-9.583428382873535, 12.811498641967773], [-9.5830659866333, 12.811121940612793], [-9.582732200622559, 12.810689926147461], [-9.582672119140625, 12.810447692871094], [-9.582405090332031, 12.810026168823242], [-9.582646369934082, 12.810490608215332], [-9.582442283630371, 12.810242652893066], [-9.582386016845703, 12.810152053833008], [-9.581924438476562, 12.809395790100098], [-9.581986427307129, 12.809569358825684], [-9.58195686340332, 12.809520721435547], [-9.582229614257812, 12.809844017028809], [-9.581982612609863, 12.809638977050781], [-9.582072257995605, 12.809690475463867], [-9.581912994384766, 12.809401512145996], [-9.582169532775879, 12.809830665588379], [-9.58193588256836, 12.809544563293457], [-9.582303047180176, 12.810057640075684], [-9.582208633422852, 12.809855461120605], [-9.582596778869629, 12.810379028320312], [-10.831464767456055, 12.408673286437988]]","[1.0, 1.0, 1.0, 1.0, 1.0, 1.0, 1.0, 1.0, 1.0, 1.0, 1.0, 1.0, 1.0, 1.0, 1.0, 1.0, 1.0, 1.0, 1.0, 1.0, 1.0]",aigvd_common1000,0,,1.0,oTZsxZFAp70_2_133to366.mp4,F:\MEngDatasets\AIGVDBench\videos\Real\Real\videos\oTZsxZFAp70_2_133to366.mp4,test,0,real,Real,,Real,Real,1,False
real_00095,0,"[[-14.519556999206543, 19.386877059936523], [-14.519604682922363, 19.386987686157227], [-14.519436836242676, 19.386812210083008], [-14.521072387695312, 19.3892765045166], [-14.52021598815918, 19.388036727905273], [-14.519073486328125, 19.386272430419922], [-14.518868446350098, 19.38596534729004], [-14.518810272216797, 19.38580894470215], [-14.519746780395508, 19.386930465698242], [-14.5188627243042, 19.385915756225586], [-14.518827438354492, 19.385852813720703], [-14.519007682800293, 19.38619041442871], [-14.518937110900879, 19.38612174987793], [-14.519240379333496, 19.38619041442871], [-14.519180297851562, 19.386075973510742], [-14.519128799438477, 19.385807037353516]]","[1.0, 1.0, 1.0, 1.0, 1.0, 1.0, 1.0, 1.0, 1.0, 1.0, 1.0, 1.0, 1.0, 1.0, 1.0, 1.0]",aigvd_common1000,0,,1.0,Am7nVGuKnS4_2_0to168.mp4,F:\MEngDatasets\AIGVDBench\videos\Real\Real\videos\Am7nVGuKnS4_2_0to168.mp4,test,0,real,Real,,Real,Real,1,False
real_00096,0,"[[-12.984634399414062, 15.573196411132812], [-12.984721183776855, 15.573376655578613], [-12.984742164611816, 15.573308944702148], [-12.9843111038208, 15.572747230529785], [-12.984329223632812, 15.572794914245605], [-12.984017372131348, 15.572247505187988], [-12.984228134155273, 15.572583198547363], [-12.984392166137695, 15.572815895080566], [-12.984585762023926, 15.573039054870605], [-12.984511375427246, 15.572949409484863], [-12.984731674194336, 15.573261260986328], [-12.984443664550781, 15.572831153869629], [-12.984240531921387, 15.572537422180176], [-12.98390007019043, 15.572076797485352], [-12.984210968017578, 15.572591781616211]]","[1.0, 1.0, 1.0, 1.0, 1.0, 1.0, 1.0, 1.0, 1.0, 1.0, 1.0, 1.0, 1.0, 1.0, 1.0]",aigvd_common1000,0,,1.0,ssZ-df_jhQ0_44_0to157.mp4,F:\MEngDatasets\AIGVDBench\videos\Real\Real\videos\ssZ-df_jhQ0_44_0to157.mp4,test,0,real,Real,,Real,Real,1,False
real_00097,0,"[[-14.323189735412598, 17.972484588623047], [-14.323211669921875, 17.972524642944336], [-14.323160171508789, 17.97248077392578], [-14.322959899902344, 17.972200393676758], [-14.323009490966797, 17.97224998474121], [-14.322991371154785, 17.97222328186035], [-14.322989463806152, 17.972225189208984], [-14.323092460632324, 17.97234535217285], [-14.323076248168945, 17.972335815429688], [-14.323098182678223, 17.972379684448242], [-14.323094367980957, 17.97237777709961], [-14.323077201843262, 17.972373962402344], [-14.323185920715332, 17.97252655029297], [-14.323311805725098, 17.972681045532227], [-14.323278427124023, 17.972631454467773], [-14.323229789733887, 17.97256851196289], [-14.323182106018066, 17.9725284576416], [-14.32310962677002, 17.972457885742188], [-14.32285213470459, 17.972124099731445], [-14.32290267944336, 17.972185134887695], [-14.73564624786377, 18.098573684692383], [-14.73586368560791, 18.098838806152344], [-14.735893249511719, 18.09885025024414], [-14.735849380493164, 18.098800659179688], [-14.735798835754395, 18.098726272583008], [-14.735695838928223, 18.098588943481445], [-14.73566722869873, 18.098546981811523], [-14.735686302185059, 18.09856414794922], [-14.735610961914062, 18.09845542907715], [-14.735532760620117, 18.098360061645508], [-14.735544204711914, 18.098377227783203], [-14.73563003540039, 18.098487854003906], [-14.735716819763184, 18.0986270904541], [-14.735650062561035, 18.098562240600586], [-14.735666275024414, 18.09859275817871], [-14.735810279846191, 18.098779678344727], [-14.735901832580566, 18.09889793395996], [-14.736014366149902, 18.09903907775879], [-14.735997200012207, 18.09901237487793], [-14.735968589782715, 18.098968505859375], [-10.202733993530273, 12.02808952331543], [-10.20258903503418, 12.027871131896973], [-10.2025785446167, 12.027833938598633], [-10.202655792236328, 12.027921676635742], [-10.202703475952148, 12.02797794342041], [-10.20266056060791, 12.027932167053223], [-10.202649116516113, 12.02792739868164], [-10.202686309814453, 12.027992248535156], [-10.202890396118164, 12.028260231018066], [-10.202731132507324, 12.028029441833496], [-10.202864646911621, 12.028227806091309], [-10.202705383300781, 12.027997970581055], [-10.202735900878906, 12.028047561645508], [-10.202696800231934, 12.027974128723145], [-10.202648162841797, 12.027891159057617], [-10.202625274658203, 12.027865409851074], [-10.20268440246582, 12.02794361114502], [-10.202763557434082, 12.028042793273926], [-10.202646255493164, 12.027894973754883], [-10.20262336730957, 12.027876853942871], [-12.624018669128418, 14.909165382385254], [-12.624061584472656, 14.909229278564453]]","[1.0, 1.0, 1.0, 1.0, 1.0, 1.0, 1.0, 1.0, 1.0, 1.0, 1.0, 1.0, 1.0, 1.0, 1.0, 1.0, 1.0, 1.0, 1.0, 1.0, 1.0, 1.0, 1.0, 1.0, 1.0, 1.0, 1.0, 1.0, 1.0, 1.0, 1.0, 1.0, 1.0, 1.0, 1.0, 1.0, 1.0, 1.0, 1.0, 1.0, 1.0, 1.0, 1.0, 1.0, 1.0, 1.0, 1.0, 1.0, 1.0, 1.0, 1.0, 1.0, 1.0, 1.0, 1.0, 1.0, 1.0, 1.0, 1.0, 1.0, 1.0, 1.0]",aigvd_common1000,0,,1.0,hzudjZ1dC7U_10_0to620.mp4,F:\MEngDatasets\AIGVDBench\videos\Real\Real\videos\hzudjZ1dC7U_10_0to620.mp4,test,0,real,Real,,Real,Real,1,False
real_00098,0,"[[3.7953662872314453, -4.102944850921631], [3.7954623699188232, -4.102994918823242], [3.795443058013916, -4.102972507476807], [3.7953884601593018, -4.102944850921631], [3.7953665256500244, -4.102940559387207], [3.795421838760376, -4.102957725524902], [3.7954742908477783, -4.102974891662598], [3.795452117919922, -4.102963447570801], [3.7954273223876953, -4.102977275848389], [3.795374631881714, -4.102955341339111], [3.7952754497528076, -4.102917671203613], [3.79537034034729, -4.102946758270264]]","[0.00037123230868019164, 0.00037117800093255937, 0.0003711936005856842, 0.0003712240431923419, 0.00037123390939086676, 0.0003712070465553552, 0.0003711812023539096, 0.0003711936005856842, 0.00037119764601811767, 0.00037122544017620385, 0.00037127602263353765, 0.00037123000947758555]",aigvd_common1000,0,,0.00037117800093255937,Jgegx5BH5xM_41_0to121.mp4,F:\MEngDatasets\AIGVDBench\videos\Real\Real\videos\Jgegx5BH5xM_41_0to121.mp4,test,0,real,Real,,Real,Real,0,True
real_00099,0,"[[-9.814262390136719, 12.802328109741211], [-9.814014434814453, 12.801885604858398], [-9.814419746398926, 12.802634239196777], [-9.81495189666748, 12.803755760192871], [-9.815277099609375, 12.804100036621094], [-9.814785957336426, 12.80315113067627], [-9.814513206481934, 12.802406311035156], [-9.813843727111816, 12.801324844360352], [-9.814303398132324, 12.80239200592041], [-9.81442928314209, 12.802735328674316], [-9.814188957214355, 12.801987648010254], [-9.814640045166016, 12.803202629089355], [-9.814217567443848, 12.802285194396973]]","[1.0, 1.0, 1.0, 1.0, 1.0, 1.0, 1.0, 1.0, 1.0, 1.0, 1.0, 1.0, 1.0]",aigvd_common1000,0,,1.0,dXQSmGV-y4I_2_0to132.mp4,F:\MEngDatasets\AIGVDBench\videos\Real\Real\videos\dXQSmGV-y4I_2_0to132.mp4,test,0,real,Real,,Real,Real,1,False
real_00100,0,"[[-22.146512985229492, 28.49590301513672], [-22.147600173950195, 28.497257232666016], [-22.15015983581543, 28.500146865844727], [-22.15151596069336, 28.501733779907227], [-22.146682739257812, 28.496047973632812], [-22.146371841430664, 28.495527267456055], [-22.146400451660156, 28.495574951171875], [-22.14669418334961, 28.49590492248535], [-22.146024703979492, 28.494535446166992], [-22.146472930908203, 28.495346069335938], [-22.146034240722656, 28.495025634765625], [-22.145383834838867, 28.494104385375977], [-22.146045684814453, 28.495067596435547], [-22.14611053466797, 28.49520492553711]]","[1.0, 1.0, 1.0, 1.0, 1.0, 1.0, 1.0, 1.0, 1.0, 1.0, 1.0, 1.0, 1.0, 1.0]",aigvd_common1000,0,,1.0,HNad9oDp0uY_230_0to141.mp4,F:\MEngDatasets\AIGVDBench\videos\Real\Real\videos\HNad9oDp0uY_230_0to141.mp4,test,0,real,Real,,Real,Real,1,False
real_00101,0,"[[-15.323663711547852, 20.587209701538086], [-15.323629379272461, 20.587244033813477], [-15.323590278625488, 20.58734893798828], [-15.323552131652832, 20.58721160888672], [-15.323561668395996, 20.587221145629883], [-15.323451042175293, 20.587078094482422], [-15.323468208312988, 20.58701515197754], [-15.32316780090332, 20.586450576782227], [-15.324065208435059, 20.587684631347656], [-15.324729919433594, 20.58865737915039], [-15.323979377746582, 20.5875186920166], [-15.32396125793457, 20.58769989013672], [-15.323328018188477, 20.586851119995117], [-15.32349967956543, 20.5871639251709], [-15.323857307434082, 20.58775520324707], [-15.323527336120605, 20.58720588684082], [-15.32372760772705, 20.58753776550293], [-15.323917388916016, 20.58782386779785], [-15.323360443115234, 20.586835861206055], [-15.323110580444336, 20.58648681640625], [-11.072813034057617, 15.984576225280762], [-11.072328567504883, 15.983870506286621], [-11.072402000427246, 15.983881950378418], [-11.072473526000977, 15.983838081359863], [-11.072453498840332, 15.983839988708496], [-11.072763442993164, 15.984458923339844], [-11.073066711425781, 15.984892845153809], [-11.073166847229004, 15.985138893127441], [-11.072949409484863, 15.984752655029297], [-11.072978019714355, 15.984817504882812], [-11.07311725616455, 15.985058784484863], [-11.0728120803833, 15.984538078308105], [-11.07271957397461, 15.98458194732666], [-11.072937965393066, 15.98491382598877], [-11.074137687683105, 15.9867582321167], [-11.073162078857422, 15.985109329223633], [-11.072230339050293, 15.983698844909668], [-11.072244644165039, 15.983689308166504], [-11.072746276855469, 15.984440803527832], [-11.073363304138184, 15.985467910766602], [-14.177949905395508, 18.275861740112305], [-14.1764497756958, 18.273582458496094], [-14.175981521606445, 18.272979736328125], [-14.175087928771973, 18.27165412902832], [-14.175150871276855, 18.27165985107422], [-14.175431251525879, 18.27216148376465], [-14.174704551696777, 18.271013259887695], [-14.176546096801758, 18.273698806762695], [-14.17618179321289, 18.273225784301758], [-14.17556095123291, 18.272356033325195], [-14.175926208496094, 18.272947311401367], [-14.176125526428223, 18.27324104309082], [-14.175419807434082, 18.272199630737305], [-14.175829887390137, 18.272769927978516], [-14.175049781799316, 18.271615982055664], [-14.175678253173828, 18.272520065307617], [-14.175125122070312, 18.271665573120117], [-14.174619674682617, 18.270965576171875], [-14.174936294555664, 18.271526336669922], [-14.175142288208008, 18.271699905395508], [-14.863126754760742, 22.295875549316406], [-14.863608360290527, 22.296756744384766], [-14.862712860107422, 22.295082092285156], [-14.863381385803223, 22.29620933532715], [-14.863224983215332, 22.2958927154541], [-14.862677574157715, 22.295076370239258], [-14.86428165435791, 22.297746658325195], [-14.863677024841309, 22.296783447265625], [-14.86299991607666, 22.295494079589844], [-14.862899780273438, 22.2955265045166], [-14.863351821899414, 22.29636573791504], [-14.863367080688477, 22.296396255493164], [-14.863602638244629, 22.296857833862305], [-14.863346099853516, 22.29631805419922], [-14.863469123840332, 22.29652214050293], [-14.863383293151855, 22.296417236328125], [-14.8634672164917, 22.2965087890625], [-14.863202095031738, 22.29587173461914], [-14.863419532775879, 22.296289443969727], [-14.863448143005371, 22.29620361328125], [-10.016962051391602, 14.497732162475586]]","[1.0, 1.0, 1.0, 1.0, 1.0, 1.0, 1.0, 1.0, 1.0, 1.0, 1.0, 1.0, 1.0, 1.0, 1.0, 1.0, 1.0, 1.0, 1.0, 1.0, 1.0, 1.0, 1.0, 1.0, 1.0, 1.0, 1.0, 1.0, 1.0, 1.0, 1.0, 1.0, 1.0, 1.0, 1.0, 1.0, 1.0, 1.0, 1.0, 1.0, 1.0, 1.0, 1.0, 1.0, 1.0, 1.0, 1.0, 1.0, 1.0, 1.0, 1.0, 1.0, 1.0, 1.0, 1.0, 1.0, 1.0, 1.0, 1.0, 1.0, 1.0, 1.0, 1.0, 1.0, 1.0, 1.0, 1.0, 1.0, 1.0, 1.0, 1.0, 1.0, 1.0, 1.0, 1.0, 1.0, 1.0, 1.0, 1.0, 1.0, 1.0]",aigvd_common1000,0,,1.0,IFLdH8tEzF0_0_0to813.mp4,F:\MEngDatasets\AIGVDBench\videos\Real\Real\videos\IFLdH8tEzF0_0_0to813.mp4,test,0,real,Real,,Real,Real,1,False
real_00102,0,"[[-5.58930778503418, 6.863617420196533], [-5.58860969543457, 6.862658500671387], [-5.58810567855835, 6.86198091506958], [-5.587899684906006, 6.861699104309082], [-5.587756633758545, 6.861520290374756], [-5.58806037902832, 6.8619279861450195], [-5.588570594787598, 6.862656593322754], [-5.588758945465088, 6.862950801849365]]","[0.9999960660934448, 0.9999960660934448, 0.9999960660934448, 0.9999960660934448, 0.9999960660934448, 0.9999960660934448, 0.9999960660934448, 0.9999960660934448]",aigvd_common1000,0,,0.9999960660934448,GyhPEjXw1yA_5_0to107.mp4,F:\MEngDatasets\AIGVDBench\videos\Real\Real\videos\GyhPEjXw1yA_5_0to107.mp4,test,0,real,Real,,Real,Real,1,False
real_00103,0,"[[-6.468601703643799, 9.817588806152344], [-6.468454837799072, 9.817343711853027], [-6.4683661460876465, 9.817137718200684], [-6.468316078186035, 9.8170747756958], [-6.468329429626465, 9.81709098815918], [-6.468387126922607, 9.817240715026855], [-6.468181133270264, 9.816771507263184], [-6.468113422393799, 9.81666088104248], [-6.468301296234131, 9.817017555236816], [-6.468303203582764, 9.817037582397461], [-6.4681477546691895, 9.816725730895996], [-6.468103885650635, 9.816582679748535], [-6.467970848083496, 9.816550254821777], [-6.467798709869385, 9.816113471984863], [-6.468103885650635, 9.81666088104248], [-6.468335151672363, 9.817137718200684], [-6.468737602233887, 9.817886352539062], [-6.468501567840576, 9.817365646362305], [-6.4679718017578125, 9.816300392150879], [-6.467336177825928, 9.81523323059082], [-7.994629859924316, 11.47255802154541], [-7.994762897491455, 11.472848892211914], [-7.994840621948242, 11.473015785217285], [-7.994958877563477, 11.473152160644531], [-7.995087623596191, 11.473431587219238], [-7.9949116706848145, 11.473121643066406], [-7.995232582092285, 11.47373104095459], [-7.995486736297607, 11.474220275878906], [-7.995444297790527, 11.474129676818848], [-7.995591640472412, 11.474411964416504], [-7.995161533355713, 11.473645210266113], [-7.9948601722717285, 11.473065376281738], [-7.99501895904541, 11.473292350769043], [-7.994758129119873, 11.472856521606445], [-7.994887828826904, 11.473087310791016], [-7.994960784912109, 11.473143577575684], [-7.995024681091309, 11.473346710205078], [-7.994986057281494, 11.473332405090332], [-7.994988918304443, 11.473209381103516], [-7.994995594024658, 11.473130226135254], [-7.110090255737305, 9.25273323059082], [-7.110111236572266, 9.2528657913208], [-7.110072612762451, 9.252751350402832], [-7.110091209411621, 9.252814292907715], [-7.10994291305542, 9.252484321594238], [-7.110178470611572, 9.25286865234375], [-7.1100754737854, 9.252737998962402], [-7.1100850105285645, 9.252646446228027], [-7.110133647918701, 9.25284481048584], [-7.110001087188721, 9.252598762512207], [-7.110015869140625, 9.25264835357666], [-7.110132217407227, 9.25284481048584], [-7.11006498336792, 9.252717018127441], [-7.109666347503662, 9.251962661743164], [-7.109946250915527, 9.252620697021484], [-7.10989236831665, 9.252474784851074], [-7.110025405883789, 9.252643585205078]]","[0.9999998807907104, 0.9999998807907104, 0.9999998807907104, 0.9999998807907104, 0.9999998807907104, 0.9999998807907104, 0.9999998807907104, 0.9999998807907104, 0.9999998807907104, 0.9999998807907104, 0.9999998807907104, 0.9999998807907104, 0.9999998807907104, 0.9999998807907104, 0.9999998807907104, 0.9999998807907104, 0.9999998807907104, 0.9999998807907104, 0.9999998807907104, 0.9999998807907104, 1.0, 1.0, 1.0, 1.0, 1.0, 1.0, 1.0, 1.0, 1.0, 1.0, 1.0, 1.0, 1.0, 1.0, 1.0, 1.0, 1.0, 1.0, 1.0, 1.0, 0.9999998807907104, 0.9999998807907104, 0.9999998807907104, 0.9999998807907104, 0.9999998807907104, 0.9999998807907104, 0.9999998807907104, 0.9999998807907104, 0.9999998807907104, 0.9999998807907104, 0.9999998807907104, 0.9999998807907104, 0.9999998807907104, 0.9999998807907104, 0.9999998807907104, 0.9999998807907104, 0.9999998807907104]",aigvd_common1000,0,,0.9999998807907104,V_9LGoLDPyY_10_0to595.mp4,F:\MEngDatasets\AIGVDBench\videos\Real\Real\videos\V_9LGoLDPyY_10_0to595.mp4,test,0,real,Real,,Real,Real,1,False
real_00104,0,"[[-13.986884117126465, 19.29310417175293], [-13.986841201782227, 19.293140411376953], [-13.987476348876953, 19.294490814208984], [-13.987842559814453, 19.29513168334961], [-13.9876070022583, 19.294740676879883], [-13.987751007080078, 19.295087814331055], [-13.98784351348877, 19.295183181762695], [-13.987695693969727, 19.29515266418457], [-13.987637519836426, 19.295209884643555], [-13.987859725952148, 19.29542350769043], [-13.987476348876953, 19.294694900512695], [-13.98725700378418, 19.29414939880371], [-13.986902236938477, 19.29331398010254], [-13.987129211425781, 19.293739318847656], [-13.986895561218262, 19.29326820373535], [-13.986308097839355, 19.292402267456055], [-13.986311912536621, 19.292495727539062], [-13.986194610595703, 19.29205894470215], [-13.985828399658203, 19.291301727294922], [-13.985989570617676, 19.291677474975586], [-18.216995239257812, 23.7789306640625], [-18.217254638671875, 23.778989791870117], [-18.217098236083984, 23.77921485900879]]","[1.0, 1.0, 1.0, 1.0, 1.0, 1.0, 1.0, 1.0, 1.0, 1.0, 1.0, 1.0, 1.0, 1.0, 1.0, 1.0, 1.0, 1.0, 1.0, 1.0, 1.0, 1.0, 1.0]",aigvd_common1000,0,,1.0,b8SNtHukYiA_7_0to231.mp4,F:\MEngDatasets\AIGVDBench\videos\Real\Real\videos\b8SNtHukYiA_7_0to231.mp4,test,0,real,Real,,Real,Real,1,False
real_00105,0,"[[-3.1240198612213135, 4.815516948699951], [-3.1246514320373535, 4.8163862228393555], [-3.124751329421997, 4.816504955291748], [-3.1241800785064697, 4.8156914710998535], [-3.12460994720459, 4.816275119781494], [-3.1242573261260986, 4.815729141235352], [-3.124443531036377, 4.815954208374023], [-3.1247875690460205, 4.816442489624023], [-3.1241211891174316, 4.81544303894043], [-3.12463116645813, 4.816189765930176]]","[0.9996438026428223, 0.9996442794799805, 0.99964439868927, 0.9996439218521118, 0.9996442794799805, 0.9996439218521118, 0.9996440410614014, 0.99964439868927, 0.9996438026428223, 0.9996441602706909]",aigvd_common1000,0,,0.9996442794799805,LtXvZgnorTs_56_0to104.mp4,F:\MEngDatasets\AIGVDBench\videos\Real\Real\videos\LtXvZgnorTs_56_0to104.mp4,test,0,real,Real,,Real,Real,1,False
real_00106,0,"[[-17.006681442260742, 18.98352813720703], [-17.006961822509766, 18.983657836914062], [-17.006486892700195, 18.982751846313477], [-17.00539779663086, 18.980806350708008], [-17.004863739013672, 18.979900360107422], [-17.004894256591797, 18.979915618896484], [-17.004858016967773, 18.97981834411621], [-17.004838943481445, 18.97982406616211], [-17.005062103271484, 18.98016929626465], [-17.00518035888672, 18.98036003112793], [-17.006053924560547, 18.981904983520508], [-17.007156372070312, 18.984081268310547], [-17.006916046142578, 18.983545303344727], [-17.005935668945312, 18.982059478759766], [-17.00638198852539, 18.98273277282715], [-17.006668090820312, 18.98309898376465], [-17.006607055664062, 18.982812881469727], [-17.00687599182129, 18.983287811279297], [-17.006153106689453, 18.98201560974121], [-17.006282806396484, 18.982389450073242], [-17.247255325317383, 22.415456771850586], [-17.245647430419922, 22.41276741027832], [-17.24500846862793, 22.411710739135742], [-17.24506950378418, 22.41182518005371], [-17.245332717895508, 22.412303924560547], [-17.245336532592773, 22.412317276000977], [-17.245420455932617, 22.41245460510254], [-17.24542236328125, 22.412456512451172], [-17.245380401611328, 22.412395477294922], [-17.245328903198242, 22.412317276000977], [-17.245336532592773, 22.41225814819336], [-17.2453670501709, 22.4122257232666], [-17.246414184570312, 22.414106369018555], [-17.245285034179688, 22.412494659423828], [-17.24514389038086, 22.41240692138672], [-17.245298385620117, 22.412506103515625], [-17.245437622070312, 22.4127197265625], [-17.246116638183594, 22.413942337036133], [-17.24567222595215, 22.413183212280273], [-17.246719360351562, 22.41474723815918], [-19.83369255065918, 25.762876510620117], [-19.833526611328125, 25.762638092041016], [-19.833614349365234, 25.76276206970215], [-19.833600997924805, 25.762739181518555], [-19.833782196044922, 25.762916564941406], [-19.834257125854492, 25.763996124267578], [-19.83458709716797, 25.764713287353516], [-19.83525848388672, 25.76568603515625], [-19.835466384887695, 25.76577377319336], [-19.835739135742188, 25.766475677490234], [-19.835630416870117, 25.766752243041992], [-19.83535385131836, 25.766199111938477], [-19.835529327392578, 25.766454696655273], [-19.83518409729004, 25.765901565551758], [-19.835750579833984, 25.767066955566406], [-19.835298538208008, 25.766220092773438], [-19.835796356201172, 25.76695442199707]]","[1.0, 1.0, 1.0, 1.0, 1.0, 1.0, 1.0, 1.0, 1.0, 1.0, 1.0, 1.0, 1.0, 1.0, 1.0, 1.0, 1.0, 1.0, 1.0, 1.0, 1.0, 1.0, 1.0, 1.0, 1.0, 1.0, 1.0, 1.0, 1.0, 1.0, 1.0, 1.0, 1.0, 1.0, 1.0, 1.0, 1.0, 1.0, 1.0, 1.0, 1.0, 1.0, 1.0, 1.0, 1.0, 1.0, 1.0, 1.0, 1.0, 1.0, 1.0, 1.0, 1.0, 1.0, 1.0, 1.0, 1.0]",aigvd_common1000,0,,1.0,o82SKvbybvY_14_104to700.mp4,F:\MEngDatasets\AIGVDBench\videos\Real\Real\videos\o82SKvbybvY_14_104to700.mp4,test,0,real,Real,,Real,Real,1,False
real_00107,0,"[[-8.276586532592773, 10.886173248291016], [-8.275986671447754, 10.885302543640137], [-8.276286125183105, 10.885780334472656], [-8.276921272277832, 10.886727333068848], [-8.276653289794922, 10.886216163635254], [-8.276895523071289, 10.886575698852539], [-8.276703834533691, 10.88635540008545], [-8.277170181274414, 10.887043952941895], [-8.276862144470215, 10.88659954071045], [-8.276997566223145, 10.886791229248047], [-8.27639389038086, 10.885921478271484], [-8.276464462280273, 10.88607120513916], [-8.276117324829102, 10.885397911071777], [-8.276346206665039, 10.88581371307373], [-8.276263236999512, 10.885634422302246], [-8.276697158813477, 10.886360168457031], [-8.276747703552246, 10.886451721191406], [-8.276848793029785, 10.886595726013184], [-8.276705741882324, 10.886272430419922], [-8.276026725769043, 10.885321617126465]]","[1.0, 1.0, 1.0, 1.0, 1.0, 1.0, 1.0, 1.0, 1.0, 1.0, 1.0, 1.0, 1.0, 1.0, 1.0, 1.0, 1.0, 1.0, 1.0, 1.0]",aigvd_common1000,0,,1.0,F_uI_R233XI_28_104to333.mp4,F:\MEngDatasets\AIGVDBench\videos\Real\Real\videos\F_uI_R233XI_28_104to333.mp4,test,0,real,Real,,Real,Real,1,False
real_00108,0,"[[-2.30845308303833, 3.7176995277404785], [-2.3083853721618652, 3.717593193054199], [-2.308563232421875, 3.717961311340332], [-2.308582067489624, 3.7179808616638184], [-2.308291435241699, 3.717460870742798], [-2.3082547187805176, 3.7173922061920166], [-2.308159351348877, 3.717289447784424], [-2.3083596229553223, 3.7176802158355713], [-2.3082518577575684, 3.7175207138061523], [-2.308375597000122, 3.717747926712036]]","[0.9975910186767578, 0.9975906610488892, 0.9975919723510742, 0.9975920915603638, 0.9975900650024414, 0.9975898265838623, 0.9975893497467041, 0.9975907802581787, 0.997590184211731, 0.9975910186767578]",aigvd_common1000,0,,0.9975906610488892,aIGHTfekBqE_169_0to103.mp4,F:\MEngDatasets\AIGVDBench\videos\Real\Real\videos\aIGHTfekBqE_169_0to103.mp4,test,0,real,Real,,Real,Real,1,False
real_00109,0,"[[1.9759759902954102, -2.069913864135742], [1.9761650562286377, -2.0701375007629395], [1.9760370254516602, -2.0699973106384277], [1.976186990737915, -2.0701680183410645], [1.9765760898590088, -2.070622682571411], [1.9766523838043213, -2.070709705352783], [1.976750135421753, -2.0708250999450684], [1.9767191410064697, -2.0707919597625732], [1.977027177810669, -2.0711405277252197], [1.9767732620239258, -2.0708510875701904], [1.976714849472046, -2.0707859992980957], [1.976616621017456, -2.070679187774658], [1.9766569137573242, -2.070723295211792], [1.976686716079712, -2.0707590579986572], [1.9764602184295654, -2.070500373840332], [1.9762966632843018, -2.0703182220458984], [1.9763414859771729, -2.0703678131103516], [1.976365327835083, -2.070394992828369], [1.976301908493042, -2.0703210830688477], [1.9763209819793701, -2.0703353881835938]]","[0.017193349078297615, 0.017186371609568596, 0.017190907150506973, 0.017185484990477562, 0.01717124506831169, 0.01716848462820053, 0.017164897173643112, 0.01716597191989422, 0.01715489849448204, 0.017164058983325958, 0.017166152596473694, 0.017169609665870667, 0.017168177291750908, 0.017167076468467712, 0.017175259068608284, 0.01718110591173172, 0.01717950962483883, 0.017178639769554138, 0.01718095876276493, 0.017180396243929863]",aigvd_common1000,0,,0.017186371609568596,2MhlyrpXayw_82_245to468.mp4,F:\MEngDatasets\AIGVDBench\videos\Real\Real\videos\2MhlyrpXayw_82_245to468.mp4,test,0,real,Real,,Real,Real,0,True
real_00110,0,"[[-13.331257820129395, 16.379261016845703], [-13.331184387207031, 16.37917709350586], [-13.331053733825684, 16.37900733947754], [-13.330516815185547, 16.378284454345703], [-13.330713272094727, 16.378515243530273], [-13.331027030944824, 16.378999710083008], [-13.33059024810791, 16.378480911254883], [-13.329941749572754, 16.377595901489258], [-13.330145835876465, 16.37787437438965], [-13.331629753112793, 16.37993621826172]]","[1.0, 1.0, 1.0, 1.0, 1.0, 1.0, 1.0, 1.0, 1.0, 1.0]",aigvd_common1000,0,,1.0,YVxnWyjgdrU_1_0to104.mp4,F:\MEngDatasets\AIGVDBench\videos\Real\Real\videos\YVxnWyjgdrU_1_0to104.mp4,test,0,real,Real,,Real,Real,1,False
real_00111,0,"[[-16.740341186523438, 24.182228088378906], [-16.73977279663086, 24.18134117126465], [-16.740371704101562, 24.182222366333008], [-16.74042510986328, 24.182212829589844], [-16.741172790527344, 24.183382034301758], [-16.740915298461914, 24.182903289794922], [-16.740625381469727, 24.18238067626953], [-16.740524291992188, 24.182249069213867], [-16.739980697631836, 24.181673049926758], [-16.740392684936523, 24.182435989379883], [-16.740236282348633, 24.18222999572754], [-16.739870071411133, 24.181692123413086], [-16.739830017089844, 24.181594848632812], [-16.739912033081055, 24.18170738220215], [-16.740449905395508, 24.182504653930664], [-16.74079132080078, 24.183025360107422], [-16.740516662597656, 24.18259620666504], [-16.74087905883789, 24.183162689208984], [-16.740493774414062, 24.18242073059082], [-16.740150451660156, 24.1817684173584], [-10.593595504760742, 15.248732566833496], [-10.592935562133789, 15.247787475585938], [-10.593679428100586, 15.248815536499023], [-10.594091415405273, 15.249388694763184]]","[1.0, 1.0, 1.0, 1.0, 1.0, 1.0, 1.0, 1.0, 1.0, 1.0, 1.0, 1.0, 1.0, 1.0, 1.0, 1.0, 1.0, 1.0, 1.0, 1.0, 1.0, 1.0, 1.0, 1.0]",aigvd_common1000,0,,1.0,Mkioc1jHbfE_0_0to242.mp4,F:\MEngDatasets\AIGVDBench\videos\Real\Real\videos\Mkioc1jHbfE_0_0to242.mp4,test,0,real,Real,,Real,Real,1,False
real_00112,0,"[[-12.087662696838379, 18.004968643188477], [-12.087615966796875, 18.00481605529785], [-12.088194847106934, 18.00564956665039], [-12.088483810424805, 18.006139755249023], [-12.087882995605469, 18.005327224731445], [-12.085833549499512, 18.002065658569336], [-12.085443496704102, 18.001436233520508], [-12.086546897888184, 18.003122329711914], [-12.086262702941895, 18.0026912689209], [-12.086607933044434, 18.003292083740234], [-12.085016250610352, 18.00079917907715], [-12.08562183380127, 18.001663208007812], [-12.086319923400879, 18.00279998779297], [-12.085562705993652, 18.00170135498047], [-12.085554122924805, 18.001718521118164], [-12.084120750427246, 17.999425888061523], [-12.083856582641602, 17.999101638793945], [-12.083579063415527, 17.998628616333008], [-12.083588600158691, 17.9986515045166], [-12.083752632141113, 17.998849868774414], [-15.21784782409668, 23.29132652282715], [-15.217918395996094, 23.291519165039062]]","[1.0, 1.0, 1.0, 1.0, 1.0, 1.0, 1.0, 1.0, 1.0, 1.0, 1.0, 1.0, 1.0, 1.0, 1.0, 1.0, 1.0, 1.0, 1.0, 1.0, 1.0, 1.0]",aigvd_common1000,0,,1.0,OcPIcSqetew_4_33to275.mp4,F:\MEngDatasets\AIGVDBench\videos\Real\Real\videos\OcPIcSqetew_4_33to275.mp4,test,0,real,Real,,Real,Real,1,False
real_00113,0,"[[-16.726774215698242, 21.341835021972656], [-16.72725486755371, 21.342693328857422], [-16.7271671295166, 21.342527389526367], [-16.727130889892578, 21.342464447021484], [-16.726484298706055, 21.34157371520996], [-16.72422218322754, 21.33765411376953], [-16.724231719970703, 21.3378849029541], [-16.723587036132812, 21.336654663085938], [-16.723430633544922, 21.336532592773438], [-16.72439193725586, 21.338224411010742], [-16.723358154296875, 21.33652114868164], [-16.723661422729492, 21.33698844909668], [-16.724184036254883, 21.3380184173584]]","[1.0, 1.0, 1.0, 1.0, 1.0, 1.0, 1.0, 1.0, 1.0, 1.0, 1.0, 1.0, 1.0]",aigvd_common1000,0,,1.0,pmUgNlHem8A_11_0to133.mp4,F:\MEngDatasets\AIGVDBench\videos\Real\Real\videos\pmUgNlHem8A_11_0to133.mp4,test,0,real,Real,,Real,Real,1,False
real_00114,0,"[[-5.961040496826172, 7.801435470581055], [-5.961188793182373, 7.801580429077148], [-5.961142063140869, 7.801661491394043], [-5.961210250854492, 7.801791191101074], [-5.9610371589660645, 7.801496505737305], [-5.960911750793457, 7.801405429840088], [-5.960911273956299, 7.801443099975586], [-5.960860729217529, 7.801339149475098], [-5.961023807525635, 7.801565647125244], [-5.961296081542969, 7.801939010620117], [-5.960961818695068, 7.801397323608398], [-5.960298538208008, 7.800217628479004], [-5.961159706115723, 7.80135440826416], [-5.96278715133667, 7.803954124450684], [-5.962031364440918, 7.802676200866699], [-5.960834980010986, 7.8012919425964355]]","[0.999998927116394, 0.999998927116394, 0.999998927116394, 0.999998927116394, 0.999998927116394, 0.999998927116394, 0.999998927116394, 0.999998927116394, 0.999998927116394, 0.999998927116394, 0.999998927116394, 0.999998927116394, 0.999998927116394, 0.999998927116394, 0.999998927116394, 0.999998927116394]",aigvd_common1000,0,,0.999998927116394,gUeQlJzk1KI_18_0to182.mp4,F:\MEngDatasets\AIGVDBench\videos\Real\Real\videos\gUeQlJzk1KI_18_0to182.mp4,test,0,real,Real,,Real,Real,1,False
real_00115,0,"[[-14.180560111999512, 20.054780960083008], [-14.180754661560059, 20.05506706237793], [-14.179438591003418, 20.052669525146484], [-14.180033683776855, 20.05384635925293], [-14.181108474731445, 20.056169509887695], [-14.181204795837402, 20.056486129760742], [-14.181022644042969, 20.05599594116211], [-14.179999351501465, 20.053821563720703], [-14.179327964782715, 20.05245590209961], [-14.17946720123291, 20.05278778076172], [-14.179557800292969, 20.053089141845703], [-14.179420471191406, 20.05289649963379], [-14.178726196289062, 20.051509857177734], [-14.177966117858887, 20.05028533935547], [-14.178829193115234, 20.051836013793945], [-14.179106712341309, 20.052318572998047], [-14.180303573608398, 20.054208755493164], [-14.179610252380371, 20.05296516418457]]","[1.0, 1.0, 1.0, 1.0, 1.0, 1.0, 1.0, 1.0, 1.0, 1.0, 1.0, 1.0, 1.0, 1.0, 1.0, 1.0, 1.0, 1.0]",aigvd_common1000,0,,1.0,4cvgTuAaMDM_1_0to181.mp4,F:\MEngDatasets\AIGVDBench\videos\Real\Real\videos\4cvgTuAaMDM_1_0to181.mp4,test,0,real,Real,,Real,Real,1,False
real_00116,0,"[[-12.618271827697754, 16.883434295654297], [-12.618335723876953, 16.88355827331543], [-12.618453025817871, 16.88386344909668], [-12.618644714355469, 16.884140014648438], [-12.61843490600586, 16.883798599243164], [-12.618427276611328, 16.883787155151367], [-12.618195533752441, 16.883419036865234], [-12.61828327178955, 16.883567810058594], [-12.618301391601562, 16.883602142333984], [-12.618277549743652, 16.883548736572266], [-12.618182182312012, 16.88344955444336], [-12.617950439453125, 16.88319206237793], [-12.618107795715332, 16.883560180664062], [-12.618674278259277, 16.884281158447266], [-12.618734359741211, 16.884246826171875], [-12.618422508239746, 16.88372230529785], [-12.618388175964355, 16.883554458618164], [-12.618440628051758, 16.883668899536133], [-12.618364334106445, 16.883581161499023], [-12.61841869354248, 16.88361930847168], [-11.243775367736816, 16.585002899169922], [-11.243868827819824, 16.585399627685547], [-11.24368667602539, 16.58522605895996], [-11.244071960449219, 16.585798263549805], [-11.244075775146484, 16.585649490356445], [-11.243535995483398, 16.584957122802734], [-11.24390697479248, 16.58539581298828], [-11.244203567504883, 16.586002349853516], [-11.243722915649414, 16.585147857666016]]","[1.0, 1.0, 1.0, 1.0, 1.0, 1.0, 1.0, 1.0, 1.0, 1.0, 1.0, 1.0, 1.0, 1.0, 1.0, 1.0, 1.0, 1.0, 1.0, 1.0, 1.0, 1.0, 1.0, 1.0, 1.0, 1.0, 1.0, 1.0, 1.0]",aigvd_common1000,0,,1.0,PHbEXJGZBEA_4_0to299.mp4,F:\MEngDatasets\AIGVDBench\videos\Real\Real\videos\PHbEXJGZBEA_4_0to299.mp4,test,0,real,Real,,Real,Real,1,False
real_00117,0,"[[-15.44858455657959, 19.3382568359375], [-15.448827743530273, 19.338592529296875], [-15.448721885681152, 19.3386287689209], [-15.449536323547363, 19.339818954467773], [-15.448881149291992, 19.338653564453125], [-15.44875431060791, 19.338499069213867], [-15.448410034179688, 19.338037490844727], [-15.448525428771973, 19.338335037231445], [-15.44892406463623, 19.338987350463867], [-15.448835372924805, 19.33887481689453], [-15.451435089111328, 19.342823028564453], [-15.451581001281738, 19.343061447143555], [-15.450902938842773, 19.341873168945312], [-15.450265884399414, 19.3410701751709], [-15.450267791748047, 19.341140747070312], [-15.452285766601562, 19.34429168701172], [-15.452668190002441, 19.34490203857422]]","[1.0, 1.0, 1.0, 1.0, 1.0, 1.0, 1.0, 1.0, 1.0, 1.0, 1.0, 1.0, 1.0, 1.0, 1.0, 1.0, 1.0]",aigvd_common1000,0,,1.0,K-yJX0ekkc4_18_0to171.mp4,F:\MEngDatasets\AIGVDBench\videos\Real\Real\videos\K-yJX0ekkc4_18_0to171.mp4,test,0,real,Real,,Real,Real,1,False
real_00118,0,"[[-8.620388984680176, 9.588335037231445], [-8.62037181854248, 9.588277816772461], [-8.620551109313965, 9.588530540466309], [-8.62059211730957, 9.588618278503418], [-8.620360374450684, 9.588309288024902], [-8.620412826538086, 9.588367462158203], [-8.620346069335938, 9.588290214538574], [-8.620162010192871, 9.58799934387207], [-8.621088981628418, 9.58912181854248], [-8.622054100036621, 9.590299606323242], [-8.622088432312012, 9.590378761291504], [-8.621725082397461, 9.589949607849121], [-8.621472358703613, 9.589680671691895], [-8.621655464172363, 9.589890480041504]]","[1.0, 1.0, 1.0, 1.0, 1.0, 1.0, 1.0, 1.0, 1.0, 1.0, 1.0, 1.0, 1.0, 1.0]",aigvd_common1000,0,,1.0,m9ZSeb0n_1g_37_0to142.mp4,F:\MEngDatasets\AIGVDBench\videos\Real\Real\videos\m9ZSeb0n_1g_37_0to142.mp4,test,0,real,Real,,Real,Real,1,False
real_00119,0,"[[-6.587056636810303, 8.412885665893555], [-6.587233066558838, 8.413190841674805], [-6.58735466003418, 8.413344383239746], [-6.587311744689941, 8.413256645202637], [-6.587404727935791, 8.4133882522583], [-6.587405204772949, 8.413422584533691], [-6.587339401245117, 8.413312911987305], [-6.587334632873535, 8.413330078125], [-6.587220668792725, 8.413187026977539], [-6.587035179138184, 8.412725448608398], [-6.587064266204834, 8.412872314453125], [-6.58719539642334, 8.413277626037598], [-6.587376117706299, 8.413741111755371], [-6.587614059448242, 8.413935661315918], [-6.587615013122559, 8.413779258728027], [-6.587603569030762, 8.413689613342285], [-6.587791919708252, 8.41409969329834], [-6.587771892547607, 8.414294242858887], [-6.587742805480957, 8.41444206237793], [-6.587457656860352, 8.413859367370605], [-8.369057655334473, 11.265042304992676], [-8.369297981262207, 11.265457153320312], [-8.369715690612793, 11.266030311584473], [-8.369651794433594, 11.265810012817383], [-8.369806289672852, 11.26630973815918], [-8.369140625, 11.265131950378418], [-8.369339942932129, 11.265388488769531], [-8.369545936584473, 11.265786170959473], [-8.36967945098877, 11.266071319580078], [-8.370194435119629, 11.266898155212402], [-8.369611740112305, 11.265934944152832], [-8.36976432800293, 11.266226768493652], [-8.36991024017334, 11.266441345214844], [-8.369599342346191, 11.265910148620605], [-8.36961555480957, 11.26591968536377], [-8.369674682617188, 11.265829086303711], [-8.36952018737793, 11.265570640563965]]","[0.9999996423721313, 0.9999996423721313, 0.9999996423721313, 0.9999996423721313, 0.9999996423721313, 0.9999996423721313, 0.9999996423721313, 0.9999996423721313, 0.9999996423721313, 0.9999996423721313, 0.9999996423721313, 0.9999996423721313, 0.9999996423721313, 0.9999996423721313, 0.9999996423721313, 0.9999996423721313, 0.9999996423721313, 0.9999996423721313, 0.9999996423721313, 0.9999996423721313, 1.0, 1.0, 1.0, 1.0, 1.0, 1.0, 1.0, 1.0, 1.0, 1.0, 1.0, 1.0, 1.0, 1.0, 1.0, 1.0, 1.0]",aigvd_common1000,0,,0.9999996423721313,UzC6wrrVAm4_20_30to430.mp4,F:\MEngDatasets\AIGVDBench\videos\Real\Real\videos\UzC6wrrVAm4_20_30to430.mp4,test,0,real,Real,,Real,Real,1,False
real_00120,0,"[[-13.704301834106445, 17.394668579101562], [-13.704360008239746, 17.394733428955078], [-13.704331398010254, 17.394697189331055], [-13.704550743103027, 17.39500617980957], [-13.704545974731445, 17.39498519897461], [-13.704536437988281, 17.39496421813965], [-13.704550743103027, 17.394947052001953], [-13.704789161682129, 17.395231246948242], [-13.705015182495117, 17.395553588867188], [-13.705059051513672, 17.395591735839844]]","[1.0, 1.0, 1.0, 1.0, 1.0, 1.0, 1.0, 1.0, 1.0, 1.0]",aigvd_common1000,0,,1.0,xLkHEZTSeoU_22_18to143.mp4,F:\MEngDatasets\AIGVDBench\videos\Real\Real\videos\xLkHEZTSeoU_22_18to143.mp4,test,0,real,Real,,Real,Real,1,False
real_00121,0,"[[-10.342679023742676, 14.696747779846191], [-10.343152046203613, 14.697441101074219], [-10.34329605102539, 14.69804573059082], [-10.343179702758789, 14.698155403137207], [-10.343533515930176, 14.69863510131836], [-10.343392372131348, 14.697933197021484], [-10.343023300170898, 14.6971435546875], [-10.342455863952637, 14.696389198303223], [-10.342625617980957, 14.696913719177246], [-10.34290599822998, 14.697307586669922], [-10.342742919921875, 14.696955680847168], [-10.342945098876953, 14.697338104248047], [-10.343184471130371, 14.697723388671875], [-10.343161582946777, 14.697630882263184], [-10.343070030212402, 14.697419166564941], [-10.343168258666992, 14.697598457336426], [-10.343354225158691, 14.697880744934082], [-10.343231201171875, 14.697643280029297]]","[1.0, 1.0, 1.0, 1.0, 1.0, 1.0, 1.0, 1.0, 1.0, 1.0, 1.0, 1.0, 1.0, 1.0, 1.0, 1.0, 1.0, 1.0]",aigvd_common1000,0,,1.0,pY5vMP2zC98_0_0to181.mp4,F:\MEngDatasets\AIGVDBench\videos\Real\Real\videos\pY5vMP2zC98_0_0to181.mp4,test,0,real,Real,,Real,Real,1,False
real_00122,0,"[[5.216236114501953, -5.604135036468506], [5.21647834777832, -5.604208946228027], [5.216359615325928, -5.604167461395264], [5.2163004875183105, -5.604145526885986], [5.216492176055908, -5.6042160987854], [5.216438293457031, -5.604162693023682], [5.216492176055908, -5.604191780090332], [5.216481685638428, -5.604191303253174], [5.216469764709473, -5.604193687438965], [5.216434001922607, -5.604166030883789], [5.2164177894592285, -5.6042280197143555], [5.2165398597717285, -5.604242324829102], [5.216442108154297, -5.604220867156982], [5.2164435386657715, -5.604209899902344], [5.21623420715332, -5.604205131530762], [5.216440200805664, -5.604246139526367], [5.216365337371826, -5.604243278503418], [5.216548919677734, -5.604252815246582], [5.216241836547852, -5.60421085357666], [5.21617317199707, -5.604211330413818], [2.149601936340332, -2.7535102367401123], [2.149976968765259, -2.753899574279785], [2.149427890777588, -2.7533326148986816], [2.1495065689086914, -2.753415822982788], [2.150000810623169, -2.7539262771606445], [2.1496849060058594, -2.753601551055908], [2.1495285034179688, -2.753438949584961], [2.149712562561035, -2.7536349296569824], [2.149662733078003, -2.753586769104004], [2.1497256755828857, -2.7536470890045166], [2.150482177734375, -2.754453659057617], [2.150481939315796, -2.7544450759887695], [2.1504886150360107, -2.754450798034668], [2.150604486465454, -2.754570722579956], [2.1507227420806885, -2.7546980381011963], [2.150576591491699, -2.7545506954193115], [2.1504104137420654, -2.7543792724609375], [2.150435209274292, -2.7543954849243164], [2.1507115364074707, -2.754683017730713], [2.1506426334381104, -2.754617929458618], [-5.688839435577393, 7.543982028961182], [-5.689065456390381, 7.544421672821045], [-5.688989162445068, 7.544327735900879], [-5.688817977905273, 7.543973922729492], [-5.688788890838623, 7.543950080871582], [-5.688832759857178, 7.5440497398376465], [-5.689299583435059, 7.544878005981445]]","[1.9987735868198797e-05, 1.99814276129473e-05, 1.9984630853286944e-05, 1.99862497538561e-05, 1.9981009245384485e-05, 1.9983162928838283e-05, 1.998148400161881e-05, 1.998171501327306e-05, 1.998190418817103e-05, 1.9983162928838283e-05, 1.99822479771683e-05, 1.9979541320935823e-05, 1.998190418817103e-05, 1.99820951820584e-05, 1.998638254008256e-05, 1.9981445802841336e-05, 1.9983010133728385e-05, 1.9979141143267043e-05, 1.998611696762964e-05, 1.9987468476756476e-05, 0.007368740625679493, 0.007363155018538237, 0.007371315732598305, 0.007370128761976957, 0.007362785749137402, 0.007367467042058706, 0.007369800936430693, 0.0073670209385454655, 0.007367735728621483, 0.007366836536675692, 0.007355415262281895, 0.007355477660894394, 0.007355386856943369, 0.007353667635470629, 0.007351875305175781, 0.007354015950113535, 0.007356480695307255, 0.007356181740760803, 0.007352067157626152, 0.007353044580668211, 0.9999982118606567, 0.9999982118606567, 0.9999982118606567, 0.9999982118606567, 0.9999982118606567, 0.9999982118606567, 0.9999982118606567]",aigvd_common1000,0,,1.99814276129473e-05,-SUfEy_6Q2k_23_96to594.mp4,F:\MEngDatasets\AIGVDBench\videos\Real\Real\videos\-SUfEy_6Q2k_23_96to594.mp4,test,0,real,Real,,Real,Real,0,True
real_00123,0,"[[-18.684402465820312, 22.7241268157959], [-18.684328079223633, 22.723960876464844], [-18.6842098236084, 22.723812103271484], [-18.684303283691406, 22.72395133972168], [-18.684467315673828, 22.724166870117188], [-18.684587478637695, 22.724279403686523], [-18.68427848815918, 22.72395896911621], [-18.683958053588867, 22.72349739074707]]","[1.0, 1.0, 1.0, 1.0, 1.0, 1.0, 1.0, 1.0]",aigvd_common1000,0,,1.0,dAoeNx2Qdh0_10_66to170.mp4,F:\MEngDatasets\AIGVDBench\videos\Real\Real\videos\dAoeNx2Qdh0_10_66to170.mp4,test,0,real,Real,,Real,Real,1,False
real_00124,0,"[[-9.455343246459961, 11.535744667053223], [-9.454657554626465, 11.534784317016602], [-9.454257011413574, 11.534221649169922], [-9.454712867736816, 11.534865379333496], [-9.454792976379395, 11.534975051879883], [-9.454740524291992, 11.534880638122559], [-9.45466423034668, 11.534786224365234], [-9.454530715942383, 11.534622192382812], [-9.454598426818848, 11.534716606140137], [-9.454442024230957, 11.53443431854248], [-9.454265594482422, 11.534185409545898], [-9.454446792602539, 11.534429550170898], [-9.454375267028809, 11.534299850463867], [-9.454132080078125, 11.533895492553711], [-9.45446491241455, 11.534339904785156], [-9.454390525817871, 11.534152030944824], [-9.45425033569336, 11.53398323059082], [-9.454276084899902, 11.534019470214844], [-9.454421997070312, 11.534198760986328], [-9.453898429870605, 11.53343677520752], [-15.311844825744629, 17.25962257385254], [-15.311971664428711, 17.259763717651367], [-15.312224388122559, 17.260141372680664], [-15.312044143676758, 17.25983238220215], [-15.312039375305176, 17.259868621826172], [-15.311775207519531, 17.259538650512695], [-15.311899185180664, 17.259761810302734], [-15.311697959899902, 17.25936508178711], [-15.312602996826172, 17.261032104492188], [-15.312698364257812, 17.261133193969727], [-15.311811447143555, 17.259490966796875], [-15.311844825744629, 17.259607315063477], [-15.311859130859375, 17.25945472717285], [-15.312143325805664, 17.260026931762695], [-15.31255054473877, 17.260751724243164], [-15.312049865722656, 17.259952545166016], [-15.311933517456055, 17.259721755981445], [-15.312386512756348, 17.26056671142578], [-15.312373161315918, 17.260635375976562], [-15.312394142150879, 17.260696411132812], [-8.351176261901855, 9.788134574890137], [-8.351164817810059, 9.788171768188477], [-8.35138988494873, 9.788434982299805], [-8.351944923400879, 9.789230346679688], [-8.35175609588623, 9.788968086242676], [-8.35172176361084, 9.788933753967285], [-8.351766586303711, 9.788895606994629], [-8.351863861083984, 9.788881301879883], [-8.352205276489258, 9.789385795593262], [-8.351410865783691, 9.788230895996094], [-8.351737976074219, 9.788809776306152], [-8.351597785949707, 9.788655281066895], [-8.351590156555176, 9.78872299194336], [-8.351027488708496, 9.787945747375488], [-8.351502418518066, 9.78856372833252]]","[1.0, 1.0, 1.0, 1.0, 1.0, 1.0, 1.0, 1.0, 1.0, 1.0, 1.0, 1.0, 1.0, 1.0, 1.0, 1.0, 1.0, 1.0, 1.0, 1.0, 1.0, 1.0, 1.0, 1.0, 1.0, 1.0, 1.0, 1.0, 1.0, 1.0, 1.0, 1.0, 1.0, 1.0, 1.0, 1.0, 1.0, 1.0, 1.0, 1.0, 1.0, 1.0, 1.0, 1.0, 1.0, 1.0, 1.0, 1.0, 1.0, 1.0, 1.0, 1.0, 1.0, 1.0, 1.0]",aigvd_common1000,0,,1.0,etvI7eOGcBQ_4_0to577.mp4,F:\MEngDatasets\AIGVDBench\videos\Real\Real\videos\etvI7eOGcBQ_4_0to577.mp4,test,0,real,Real,,Real,Real,1,False
real_00125,0,"[[-9.339466094970703, 12.631183624267578], [-9.339254379272461, 12.630620956420898], [-9.339133262634277, 12.630273818969727], [-9.339350700378418, 12.630650520324707], [-9.339597702026367, 12.631126403808594], [-9.339642524719238, 12.631136894226074], [-9.339397430419922, 12.630449295043945], [-9.339316368103027, 12.630193710327148], [-9.339407920837402, 12.630401611328125], [-9.33925724029541, 12.630020141601562], [-9.339051246643066, 12.629504203796387], [-9.339005470275879, 12.6293363571167], [-9.338884353637695, 12.629039764404297]]","[1.0, 1.0, 1.0, 1.0, 1.0, 1.0, 1.0, 1.0, 1.0, 1.0, 1.0, 1.0, 1.0]",aigvd_common1000,0,,1.0,q7bO_JMnLuk_28_0to136.mp4,F:\MEngDatasets\AIGVDBench\videos\Real\Real\videos\q7bO_JMnLuk_28_0to136.mp4,test,0,real,Real,,Real,Real,1,False
real_00126,0,"[[-10.599223136901855, 15.38230037689209], [-10.59899616241455, 15.38191032409668], [-10.598917961120605, 15.381729125976562], [-10.598274230957031, 15.380829811096191], [-10.598319053649902, 15.380877494812012], [-10.598483085632324, 15.381123542785645], [-10.59874153137207, 15.381478309631348], [-10.599298477172852, 15.382351875305176], [-10.599135398864746, 15.382081985473633], [-10.598836898803711, 15.381723403930664], [-10.598669052124023, 15.381463050842285], [-10.599197387695312, 15.38216781616211], [-10.599459648132324, 15.382556915283203], [-10.599298477172852, 15.382319450378418], [-10.599508285522461, 15.382685661315918], [-10.599621772766113, 15.382883071899414]]","[1.0, 1.0, 1.0, 1.0, 1.0, 1.0, 1.0, 1.0, 1.0, 1.0, 1.0, 1.0, 1.0, 1.0, 1.0, 1.0]",aigvd_common1000,0,,1.0,guL5esGDFbk_11_0to163.mp4,F:\MEngDatasets\AIGVDBench\videos\Real\Real\videos\guL5esGDFbk_11_0to163.mp4,test,0,real,Real,,Real,Real,1,False
real_00127,0,"[[-12.908029556274414, 16.688949584960938], [-12.907849311828613, 16.688753128051758], [-12.907666206359863, 16.688444137573242], [-12.90773868560791, 16.68854522705078], [-12.907214164733887, 16.687732696533203], [-12.907524108886719, 16.68828773498535], [-12.90754508972168, 16.68832778930664], [-12.907275199890137, 16.687955856323242]]","[1.0, 1.0, 1.0, 1.0, 1.0, 1.0, 1.0, 1.0]",aigvd_common1000,0,,1.0,Nd8y0oRy0e4_14_59to168.mp4,F:\MEngDatasets\AIGVDBench\videos\Real\Real\videos\Nd8y0oRy0e4_14_59to168.mp4,test,0,real,Real,,Real,Real,1,False
real_00128,0,"[[3.6051363945007324, -3.560481548309326], [3.60518217086792, -3.5605297088623047], [3.6052236557006836, -3.560572862625122], [3.6052443981170654, -3.5605969429016113], [3.605339765548706, -3.5606963634490967], [3.605332612991333, -3.560692071914673], [3.6053247451782227, -3.560683488845825], [3.6053965091705322, -3.560760736465454], [3.605381727218628, -3.5607428550720215], [3.6053082942962646, -3.5606689453125], [3.60538911819458, -3.5607526302337646], [3.6053638458251953, -3.560728073120117], [3.6054372787475586, -3.560802936553955]]","[0.0007721047732047737, 0.0007720323046669364, 0.0007719672285020351, 0.0007719326531514525, 0.0007717821863479912, 0.0007717910339124501, 0.000771803897805512, 0.000771688821259886, 0.0007717140833847225, 0.000771827413700521, 0.000771700928453356, 0.0007717391708865762, 0.0007716247928328812]",aigvd_common1000,0,,0.0007720323046669364,t2e1xOcGpDc_47_24to178.mp4,F:\MEngDatasets\AIGVDBench\videos\Real\Real\videos\t2e1xOcGpDc_47_24to178.mp4,test,0,real,Real,,Real,Real,0,True
real_00129,0,"[[-17.15629768371582, 19.55375099182129], [-17.157257080078125, 19.555278778076172], [-17.1579647064209, 19.556182861328125], [-17.15737533569336, 19.55533790588379], [-17.15690803527832, 19.55461311340332], [-17.157920837402344, 19.556110382080078], [-17.158401489257812, 19.55681037902832], [-17.15776252746582, 19.555889129638672]]","[1.0, 1.0, 1.0, 1.0, 1.0, 1.0, 1.0, 1.0]",aigvd_common1000,0,,1.0,VpmmpSW8sBA_9_352to461.mp4,F:\MEngDatasets\AIGVDBench\videos\Real\Real\videos\VpmmpSW8sBA_9_352to461.mp4,test,0,real,Real,,Real,Real,1,False
real_00130,0,"[[-13.00023365020752, 17.685470581054688], [-13.00007438659668, 17.685163497924805], [-13.000836372375488, 17.686622619628906], [-13.000545501708984, 17.6861572265625], [-13.000438690185547, 17.685850143432617], [-13.000150680541992, 17.6855525970459], [-13.000107765197754, 17.685379028320312], [-12.99953556060791, 17.684431076049805], [-13.000009536743164, 17.685070037841797], [-13.000354766845703, 17.685623168945312], [-13.000399589538574, 17.68577766418457]]","[1.0, 1.0, 1.0, 1.0, 1.0, 1.0, 1.0, 1.0, 1.0, 1.0, 1.0]",aigvd_common1000,0,,1.0,DowgTXvI580_7_0to138.mp4,F:\MEngDatasets\AIGVDBench\videos\Real\Real\videos\DowgTXvI580_7_0to138.mp4,test,0,real,Real,,Real,Real,1,False
real_00131,0,"[[-1.7071936130523682, 3.141321897506714], [-1.7071377038955688, 3.1412527561187744], [-1.707168698310852, 3.1413068771362305], [-1.707263708114624, 3.141427755355835], [-1.7072992324829102, 3.1414709091186523], [-1.7073203325271606, 3.141484260559082], [-1.7071387767791748, 3.141232967376709], [-1.7072516679763794, 3.1413722038269043]]","[0.992220938205719, 0.9922199845314026, 0.9922206997871399, 0.9922223687171936, 0.9922229647636414, 0.9922232031822205, 0.992219865322113, 0.9922217726707458]",aigvd_common1000,0,,0.9922199845314026,bJ-ISoSXxD0_5_35to137.mp4,F:\MEngDatasets\AIGVDBench\videos\Real\Real\videos\bJ-ISoSXxD0_5_35to137.mp4,test,0,real,Real,,Real,Real,1,False
real_00132,0,"[[-16.497400283813477, 22.058712005615234], [-16.497337341308594, 22.05864143371582], [-16.497482299804688, 22.058862686157227], [-16.497318267822266, 22.058612823486328], [-16.497262954711914, 22.058517456054688], [-16.49738121032715, 22.058687210083008], [-16.497303009033203, 22.05857276916504], [-16.497343063354492, 22.058626174926758], [-16.496578216552734, 22.057493209838867], [-16.49673080444336, 22.057737350463867], [-16.496728897094727, 22.05772590637207]]","[1.0, 1.0, 1.0, 1.0, 1.0, 1.0, 1.0, 1.0, 1.0, 1.0, 1.0]",aigvd_common1000,0,,1.0,rnS-H_4fjMk_53_0to131.mp4,F:\MEngDatasets\AIGVDBench\videos\Real\Real\videos\rnS-H_4fjMk_53_0to131.mp4,test,0,real,Real,,Real,Real,1,False
real_00133,0,"[[1.786884069442749, -1.9558099508285522], [1.786876916885376, -1.9558002948760986], [1.7868458032608032, -1.9557760953903198], [1.7867945432662964, -1.9557445049285889], [1.7867811918258667, -1.9557406902313232], [1.7867933511734009, -1.955748200416565], [1.7868353128433228, -1.9557708501815796], [1.786819577217102, -1.9557616710662842]]","[0.023141959682106972, 0.023142339661717415, 0.0231435876339674, 0.023145461454987526, 0.023145852610468864, 0.02314540557563305, 0.023143943399190903, 0.02314450591802597]",aigvd_common1000,0,,0.023142339661717415,dNBxy8VuvC4_17_0to108.mp4,F:\MEngDatasets\AIGVDBench\videos\Real\Real\videos\dNBxy8VuvC4_17_0to108.mp4,test,0,real,Real,,Real,Real,0,True
real_00134,0,"[[-12.864761352539062, 19.300621032714844], [-12.865118980407715, 19.300973892211914], [-12.864794731140137, 19.30047035217285], [-12.864684104919434, 19.300310134887695], [-12.864693641662598, 19.30038070678711], [-12.864148139953613, 19.29949951171875], [-12.863174438476562, 19.29796600341797], [-12.863411903381348, 19.298383712768555], [-12.863609313964844, 19.29877281188965], [-12.864117622375488, 19.299556732177734], [-12.86446475982666, 19.300025939941406], [-12.864239692687988, 19.29973793029785], [-12.863665580749512, 19.298917770385742], [-12.864073753356934, 19.29958724975586], [-12.864245414733887, 19.29985237121582], [-12.864418983459473, 19.299999237060547], [-12.864593505859375, 19.30026626586914], [-12.864157676696777, 19.29969024658203], [-12.863848686218262, 19.299222946166992], [-12.863507270812988, 19.298738479614258], [-19.06682014465332, 26.118560791015625], [-19.067378997802734, 26.119569778442383], [-19.067564010620117, 26.119993209838867], [-19.067211151123047, 26.11952781677246], [-19.065994262695312, 26.11731719970703], [-19.066173553466797, 26.117536544799805], [-19.06630516052246, 26.11784553527832]]","[1.0, 1.0, 1.0, 1.0, 1.0, 1.0, 1.0, 1.0, 1.0, 1.0, 1.0, 1.0, 1.0, 1.0, 1.0, 1.0, 1.0, 1.0, 1.0, 1.0, 1.0, 1.0, 1.0, 1.0, 1.0, 1.0, 1.0]",aigvd_common1000,0,,1.0,IGOCCo_tTsQ_1_18to311.mp4,F:\MEngDatasets\AIGVDBench\videos\Real\Real\videos\IGOCCo_tTsQ_1_18to311.mp4,test,0,real,Real,,Real,Real,1,False
real_00135,0,"[[-14.793989181518555, 18.886430740356445], [-14.794282913208008, 18.8869686126709], [-14.794257164001465, 18.886838912963867], [-14.795353889465332, 18.8885498046875], [-14.79503345489502, 18.888126373291016], [-14.795133590698242, 18.88823890686035], [-14.794486045837402, 18.887346267700195], [-14.794339179992676, 18.887170791625977], [-14.794035911560059, 18.886775970458984], [-14.794313430786133, 18.887178421020508]]","[1.0, 1.0, 1.0, 1.0, 1.0, 1.0, 1.0, 1.0, 1.0, 1.0]",aigvd_common1000,0,,1.0,Gf5_NXL7ZUk_82_16to138.mp4,F:\MEngDatasets\AIGVDBench\videos\Real\Real\videos\Gf5_NXL7ZUk_82_16to138.mp4,test,0,real,Real,,Real,Real,1,False
real_00136,0,"[[-15.6215238571167, 23.53400421142578], [-15.621466636657715, 23.53388023376465], [-15.621536254882812, 23.534000396728516], [-15.62187671661377, 23.534536361694336], [-15.622017860412598, 23.534801483154297], [-15.621857643127441, 23.534509658813477], [-15.621678352355957, 23.534194946289062], [-15.621975898742676, 23.534738540649414], [-15.621766090393066, 23.53436851501465], [-15.62165355682373, 23.534086227416992]]","[1.0, 1.0, 1.0, 1.0, 1.0, 1.0, 1.0, 1.0, 1.0, 1.0]",aigvd_common1000,0,,1.0,W5R52mgaBgk_13_85to215.mp4,F:\MEngDatasets\AIGVDBench\videos\Real\Real\videos\W5R52mgaBgk_13_85to215.mp4,test,0,real,Real,,Real,Real,1,False
real_00137,0,"[[-14.616722106933594, 19.874820709228516], [-14.616547584533691, 19.87468147277832], [-14.616503715515137, 19.874570846557617], [-14.616923332214355, 19.875246047973633], [-14.616819381713867, 19.875112533569336], [-14.616600036621094, 19.874740600585938], [-14.6166410446167, 19.874849319458008], [-14.616721153259277, 19.87503433227539], [-14.616961479187012, 19.875497817993164], [-14.617206573486328, 19.87578010559082]]","[1.0, 1.0, 1.0, 1.0, 1.0, 1.0, 1.0, 1.0, 1.0, 1.0]",aigvd_common1000,0,,1.0,6TQAiymtBQg_9_27to154.mp4,F:\MEngDatasets\AIGVDBench\videos\Real\Real\videos\6TQAiymtBQg_9_27to154.mp4,test,0,real,Real,,Real,Real,1,False
real_00138,0,"[[-8.762633323669434, 13.537943840026855], [-8.76279354095459, 13.538268089294434], [-8.762609481811523, 13.537925720214844], [-8.762657165527344, 13.53806209564209], [-8.76253604888916, 13.537908554077148], [-8.762707710266113, 13.538166999816895], [-8.762642860412598, 13.538076400756836], [-8.762505531311035, 13.537781715393066], [-8.762385368347168, 13.537581443786621], [-8.762598991394043, 13.537962913513184], [-8.762516021728516, 13.537851333618164], [-8.762214660644531, 13.53725814819336], [-8.762358665466309, 13.537545204162598], [-8.762667655944824, 13.538185119628906], [-8.762964248657227, 13.538740158081055], [-8.763367652893066, 13.539478302001953], [-8.763313293457031, 13.539393424987793], [-8.763469696044922, 13.539670944213867], [-8.763463973999023, 13.539664268493652], [-8.763235092163086, 13.539249420166016], [-14.70804500579834, 23.386232376098633], [-14.707673072814941, 23.385713577270508]]","[1.0, 1.0, 1.0, 1.0, 1.0, 1.0, 1.0, 1.0, 1.0, 1.0, 1.0, 1.0, 1.0, 1.0, 1.0, 1.0, 1.0, 1.0, 1.0, 1.0, 1.0, 1.0]",aigvd_common1000,0,,1.0,ochW9SHXtso_41_0to228.mp4,F:\MEngDatasets\AIGVDBench\videos\Real\Real\videos\ochW9SHXtso_41_0to228.mp4,test,0,real,Real,,Real,Real,1,False
real_00139,0,"[[10.122505187988281, -11.056187629699707], [10.122547149658203, -11.056212425231934], [10.122554779052734, -11.05621337890625], [10.122518539428711, -11.056191444396973], [10.122498512268066, -11.056182861328125], [10.1224946975708, -11.056180953979492], [10.122538566589355, -11.056203842163086], [10.122542381286621, -11.056204795837402], [10.12254524230957, -11.056207656860352], [10.122543334960938, -11.056207656860352], [10.122544288635254, -11.056209564208984], [10.122542381286621, -11.056207656860352], [10.122541427612305, -11.056208610534668], [10.122543334960938, -11.056209564208984], [10.122543334960938, -11.056209564208984], [10.122544288635254, -11.056208610534668], [10.122543334960938, -11.0562105178833]]","[6.341777103457957e-10, 6.341341896032304e-10, 6.341293601330733e-10, 6.341656089148273e-10, 6.34184982306607e-10, 6.341874247972612e-10, 6.341462910341988e-10, 6.341426828093688e-10, 6.341390190733875e-10, 6.341402403187146e-10, 6.341390190733875e-10, 6.341414060528905e-10, 6.341414060528905e-10, 6.341390190733875e-10, 6.341390190733875e-10, 6.341390190733875e-10, 6.341390190733875e-10]",aigvd_common1000,0,,6.341341896032304e-10,dUDS7EiZf7k_21_143to343.mp4,F:\MEngDatasets\AIGVDBench\videos\Real\Real\videos\dUDS7EiZf7k_21_143to343.mp4,test,0,real,Real,,Real,Real,0,True
real_00140,0,"[[-6.293070316314697, 8.454171180725098], [-6.292757511138916, 8.453697204589844], [-6.292677402496338, 8.453574180603027], [-6.292956829071045, 8.453997611999512], [-6.292929172515869, 8.45394229888916], [-6.2930097579956055, 8.454136848449707], [-6.292865753173828, 8.454048156738281], [-6.292613983154297, 8.45370101928711], [-6.292553901672363, 8.45361328125], [-6.292605400085449, 8.453665733337402], [-6.292477130889893, 8.453446388244629], [-6.292675971984863, 8.453751564025879], [-6.292724609375, 8.453810691833496], [-6.293006420135498, 8.45421028137207], [-6.29273796081543, 8.453774452209473], [-6.292943000793457, 8.454058647155762], [-6.293298244476318, 8.45458698272705], [-6.293139934539795, 8.454329490661621]]","[0.9999996423721313, 0.9999996423721313, 0.9999996423721313, 0.9999996423721313, 0.9999996423721313, 0.9999996423721313, 0.9999996423721313, 0.9999996423721313, 0.9999996423721313, 0.9999996423721313, 0.9999996423721313, 0.9999996423721313, 0.9999996423721313, 0.9999996423721313, 0.9999996423721313, 0.9999996423721313, 0.9999996423721313, 0.9999996423721313]",aigvd_common1000,0,,0.9999996423721313,XX2qUA41HME_42_0to183.mp4,F:\MEngDatasets\AIGVDBench\videos\Real\Real\videos\XX2qUA41HME_42_0to183.mp4,test,0,real,Real,,Real,Real,1,False
real_00141,0,"[[-10.238099098205566, 13.854377746582031], [-10.23808479309082, 13.854368209838867], [-10.238081932067871, 13.854376792907715], [-10.238068580627441, 13.85434627532959], [-10.238088607788086, 13.854378700256348], [-10.238094329833984, 13.854397773742676], [-10.238730430603027, 13.85533618927002], [-10.2393798828125, 13.856197357177734], [-10.238723754882812, 13.855381965637207], [-10.238805770874023, 13.85554027557373], [-10.23891544342041, 13.855664253234863], [-10.23901081085205, 13.855583190917969], [-10.23879337310791, 13.855303764343262], [-10.238137245178223, 13.854466438293457], [-10.238080024719238, 13.854355812072754], [-10.238091468811035, 13.85437297821045], [-10.238089561462402, 13.854373931884766], [-10.23809814453125, 13.854379653930664], [-10.238093376159668, 13.854381561279297], [-10.238078117370605, 13.854351997375488], [-7.705713272094727, 10.634805679321289], [-7.705880641937256, 10.635063171386719], [-7.705873966217041, 10.635054588317871], [-7.7057085037231445, 10.634797096252441], [-7.705685138702393, 10.63476276397705], [-7.705702304840088, 10.634779930114746], [-7.705948352813721, 10.635144233703613], [-7.706170082092285, 10.635459899902344], [-7.706161022186279, 10.635436058044434], [-7.705751419067383, 10.63486099243164], [-7.7057108879089355, 10.634797096252441], [-7.705686569213867, 10.634757995605469], [-7.705667018890381, 10.634726524353027], [-7.7056803703308105, 10.634749412536621], [-7.70571756362915, 10.63481330871582], [-7.7058491706848145, 10.635007858276367], [-7.705742359161377, 10.634848594665527], [-7.7057785987854, 10.634922981262207], [-7.70571231842041, 10.63480281829834], [-7.705755710601807, 10.634868621826172], [-12.858001708984375, 17.198461532592773], [-12.858006477355957, 17.19847297668457], [-12.857943534851074, 17.198383331298828], [-12.857972145080566, 17.19840431213379], [-12.858470916748047, 17.199254989624023], [-12.858037948608398, 17.198535919189453], [-12.858224868774414, 17.198835372924805], [-12.858121871948242, 17.19867515563965], [-12.858081817626953, 17.1986026763916], [-12.8580322265625, 17.19852066040039], [-12.857954978942871, 17.198392868041992], [-12.857941627502441, 17.1983699798584], [-12.857980728149414, 17.19842529296875], [-12.857987403869629, 17.198444366455078], [-12.857994079589844, 17.198450088500977], [-12.858003616333008, 17.198495864868164], [-12.857992172241211, 17.198450088500977], [-12.85800838470459, 17.198474884033203], [-12.858224868774414, 17.19884490966797], [-12.85826301574707, 17.198896408081055], [-9.139847755432129, 12.402390480041504], [-9.139851570129395, 12.4024076461792]]","[1.0, 1.0, 1.0, 1.0, 1.0, 1.0, 1.0, 1.0, 1.0, 1.0, 1.0, 1.0, 1.0, 1.0, 1.0, 1.0, 1.0, 1.0, 1.0, 1.0, 1.0, 1.0, 1.0, 1.0, 1.0, 1.0, 1.0, 1.0, 1.0, 1.0, 1.0, 1.0, 1.0, 1.0, 1.0, 1.0, 1.0, 1.0, 1.0, 1.0, 1.0, 1.0, 1.0, 1.0, 1.0, 1.0, 1.0, 1.0, 1.0, 1.0, 1.0, 1.0, 1.0, 1.0, 1.0, 1.0, 1.0, 1.0, 1.0, 1.0, 1.0, 1.0]",aigvd_common1000,0,,1.0,m_uowp9xlpY_6_0to628.mp4,F:\MEngDatasets\AIGVDBench\videos\Real\Real\videos\m_uowp9xlpY_6_0to628.mp4,test,0,real,Real,,Real,Real,1,False
real_00142,0,"[[-6.7130913734436035, 9.470273971557617], [-6.712961673736572, 9.470085144042969], [-6.712825775146484, 9.469930648803711], [-6.712716579437256, 9.469691276550293], [-6.712638854980469, 9.469588279724121], [-6.712368011474609, 9.469213485717773], [-6.7124528884887695, 9.469345092773438], [-6.712392330169678, 9.46921443939209], [-6.712261199951172, 9.469042778015137], [-6.711952209472656, 9.468585968017578]]","[0.9999998807907104, 0.9999998807907104, 0.9999998807907104, 0.9999998807907104, 0.9999998807907104, 0.9999998807907104, 0.9999998807907104, 0.9999998807907104, 0.9999998807907104, 0.9999998807907104]",aigvd_common1000,0,,0.9999998807907104,jaO9L0MTRbU_17_45to170.mp4,F:\MEngDatasets\AIGVDBench\videos\Real\Real\videos\jaO9L0MTRbU_17_45to170.mp4,test,0,real,Real,,Real,Real,1,False
real_00143,0,"[[-6.335821628570557, 6.935426235198975], [-6.335907936096191, 6.935503005981445], [-6.335783004760742, 6.935360431671143], [-6.335660934448242, 6.935219764709473], [-6.335676670074463, 6.93523645401001], [-6.3354949951171875, 6.935028076171875], [-6.335540771484375, 6.935070514678955], [-6.335638523101807, 6.93518590927124], [-6.335878372192383, 6.93544864654541], [-6.336416244506836, 6.936073303222656], [-6.336334705352783, 6.935982704162598], [-6.3363213539123535, 6.935964107513428], [-6.336457252502441, 6.93612003326416], [-6.3364033699035645, 6.936065673828125], [-6.336180686950684, 6.935813903808594], [-6.336162567138672, 6.935794830322266], [-6.336374282836914, 6.936046123504639], [-6.336066722869873, 6.935700416564941], [-6.335901260375977, 6.9355058670043945], [-6.335933208465576, 6.935549736022949], [-9.806631088256836, 11.19333267211914], [-9.806559562683105, 11.193252563476562], [-9.806526184082031, 11.193216323852539], [-9.806650161743164, 11.193354606628418], [-9.806695938110352, 11.193408012390137], [-9.807004928588867, 11.193741798400879], [-9.80682373046875, 11.193535804748535]]","[0.9999983310699463, 0.9999983310699463, 0.9999983310699463, 0.9999983310699463, 0.9999983310699463, 0.9999983310699463, 0.9999983310699463, 0.9999983310699463, 0.9999983310699463, 0.9999983310699463, 0.9999983310699463, 0.9999983310699463, 0.9999983310699463, 0.9999983310699463, 0.9999983310699463, 0.9999983310699463, 0.9999983310699463, 0.9999983310699463, 0.9999983310699463, 0.9999983310699463, 1.0, 1.0, 1.0, 1.0, 1.0, 1.0, 1.0]",aigvd_common1000,0,,0.9999983310699463,VDEJIm93giE_6_0to276.mp4,F:\MEngDatasets\AIGVDBench\videos\Real\Real\videos\VDEJIm93giE_6_0to276.mp4,test,0,real,Real,,Real,Real,1,False
real_00144,0,"[[-1.3322614431381226, 1.3656995296478271], [-1.3322824239730835, 1.365715742111206], [-1.3321917057037354, 1.3656480312347412], [-1.3322198390960693, 1.3656740188598633], [-1.3322136402130127, 1.3656784296035767], [-1.3321341276168823, 1.3656206130981445], [-1.332088589668274, 1.3655855655670166], [-1.3322163820266724, 1.36568021774292], [-1.3321751356124878, 1.3656481504440308], [-1.332126498222351, 1.3656078577041626], [-1.3320757150650024, 1.3655731678009033], [-1.3321882486343384, 1.3656550645828247], [-1.3322237730026245, 1.3656784296035767], [-1.3323347568511963, 1.365759015083313], [-1.332331895828247, 1.3657536506652832], [-1.3324003219604492, 1.365804672241211], [-1.3323874473571777, 1.3657987117767334]]","[0.9369062781333923, 0.936908483505249, 0.9368990659713745, 0.9369022846221924, 0.9369021654129028, 0.9368939995765686, 0.9368892908096313, 0.9369024038314819, 0.9368981122970581, 0.9368928670883179, 0.9368877410888672, 0.9368992447853088, 0.9369027018547058, 0.9369140863418579, 0.9369136095046997, 0.9369205832481384, 0.9369195699691772]",aigvd_common1000,0,,0.936908483505249,SCxn-lNP3KQ_24_17to216.mp4,F:\MEngDatasets\AIGVDBench\videos\Real\Real\videos\SCxn-lNP3KQ_24_17to216.mp4,test,0,real,Real,,Real,Real,1,False
real_00145,0,"[[-10.167871475219727, 12.714856147766113], [-10.16784381866455, 12.714767456054688], [-10.167829513549805, 12.714761734008789], [-10.167815208435059, 12.714774131774902], [-10.167932510375977, 12.715106964111328], [-10.167906761169434, 12.714987754821777], [-10.168055534362793, 12.7153902053833], [-10.1680908203125, 12.715481758117676], [-10.167881965637207, 12.714914321899414], [-10.167668342590332, 12.71419906616211], [-10.16791820526123, 12.714926719665527], [-10.16777229309082, 12.714844703674316], [-10.167828559875488, 12.714883804321289], [-10.167558670043945, 12.714008331298828], [-10.167516708374023, 12.713845252990723], [-10.167333602905273, 12.713606834411621], [-10.167319297790527, 12.713801383972168], [-10.167454719543457, 12.714137077331543], [-10.167594909667969, 12.714427947998047], [-10.16754150390625, 12.714308738708496], [-11.020807266235352, 14.13812255859375], [-11.020834922790527, 14.13818073272705], [-11.020854949951172, 14.138127326965332], [-11.020838737487793, 14.13790225982666], [-11.020957946777344, 14.138079643249512], [-11.021027565002441, 14.138391494750977], [-11.021137237548828, 14.138825416564941], [-11.021225929260254, 14.139208793640137], [-11.021384239196777, 14.139687538146973], [-11.02132511138916, 14.13956356048584], [-11.021315574645996, 14.139327049255371], [-11.02130126953125, 14.139084815979004], [-11.021224975585938, 14.138725280761719], [-11.021252632141113, 14.13872241973877], [-11.021240234375, 14.138690948486328], [-11.021187782287598, 14.138707160949707], [-11.021265029907227, 14.139076232910156], [-11.021434783935547, 14.139643669128418], [-11.021587371826172, 14.14012336730957], [-11.021590232849121, 14.14017105102539], [-7.3153276443481445, 9.25357723236084], [-7.315342903137207, 9.253606796264648], [-7.315379619598389, 9.253682136535645], [-7.315347194671631, 9.253617286682129], [-7.315371036529541, 9.253667831420898], [-7.315284252166748, 9.253437042236328], [-7.315132141113281, 9.252997398376465], [-7.315145969390869, 9.253032684326172], [-7.315196514129639, 9.253151893615723], [-7.315176486968994, 9.253100395202637], [-7.3151326179504395, 9.252988815307617]]","[1.0, 1.0, 1.0, 1.0, 1.0, 1.0, 1.0, 1.0, 1.0, 1.0, 1.0, 1.0, 1.0, 1.0, 1.0, 1.0, 1.0, 1.0, 1.0, 1.0, 1.0, 1.0, 1.0, 1.0, 1.0, 1.0, 1.0, 1.0, 1.0, 1.0, 1.0, 1.0, 1.0, 1.0, 1.0, 1.0, 1.0, 1.0, 1.0, 1.0, 0.9999998807907104, 0.9999998807907104, 0.9999998807907104, 0.9999998807907104, 0.9999998807907104, 0.9999998807907104, 0.9999998807907104, 0.9999998807907104, 0.9999998807907104, 0.9999998807907104, 0.9999998807907104]",aigvd_common1000,0,,1.0,IX-R6dEYWCs_17_0to517.mp4,F:\MEngDatasets\AIGVDBench\videos\Real\Real\videos\IX-R6dEYWCs_17_0to517.mp4,test,0,real,Real,,Real,Real,1,False
real_00146,0,"[[-4.234203815460205, 5.167652130126953], [-4.233757495880127, 5.167112350463867], [-4.233813762664795, 5.167173862457275], [-4.2339558601379395, 5.167374610900879], [-4.2341814041137695, 5.1676554679870605], [-4.234320640563965, 5.167803764343262], [-4.234065532684326, 5.167492389678955], [-4.2343339920043945, 5.167813777923584], [-4.2345662117004395, 5.168124198913574], [-4.234335899353027, 5.167832374572754], [-4.234541893005371, 5.168083190917969], [-4.2343058586120605, 5.1677727699279785], [-4.234521865844727, 5.168048858642578], [-4.234509468078613, 5.16802453994751], [-4.234214782714844, 5.167680740356445], [-4.234035968780518, 5.167430877685547], [-4.2340545654296875, 5.167454719543457], [-4.234253883361816, 5.1676812171936035], [-4.234113693237305, 5.1674981117248535], [-4.234219551086426, 5.167652130126953], [-2.9048092365264893, 2.976299285888672]]","[0.9999173879623413, 0.9999173879623413, 0.9999173879623413, 0.9999173879623413, 0.9999173879623413, 0.9999175071716309, 0.9999173879623413, 0.9999175071716309, 0.9999175071716309, 0.9999175071716309, 0.9999175071716309, 0.9999175071716309, 0.9999175071716309, 0.9999175071716309, 0.9999173879623413, 0.9999173879623413, 0.9999173879623413, 0.9999173879623413, 0.9999173879623413, 0.9999173879623413, 0.9972161054611206]",aigvd_common1000,0,,0.9999173879623413,oSz7b9vRxxg_43_257to492.mp4,F:\MEngDatasets\AIGVDBench\videos\Real\Real\videos\oSz7b9vRxxg_43_257to492.mp4,test,0,real,Real,,Real,Real,1,False
real_00147,0,"[[-5.147025108337402, 6.754921913146973], [-5.14699125289917, 6.754899978637695], [-5.147139549255371, 6.755216598510742], [-5.147115707397461, 6.755133628845215], [-5.147115707397461, 6.755068778991699], [-5.147003173828125, 6.754817962646484], [-5.146922588348389, 6.754610061645508], [-5.146744728088379, 6.754220008850098], [-5.146596431732178, 6.753933906555176], [-5.146550178527832, 6.753826141357422], [-5.146583557128906, 6.75390100479126], [-5.1466169357299805, 6.753977298736572], [-5.146844387054443, 6.7544755935668945], [-5.146620750427246, 6.753981113433838], [-5.146407127380371, 6.75355863571167], [-5.146206378936768, 6.753262996673584], [-5.146444320678711, 6.75370979309082], [-5.146562576293945, 6.753962993621826], [-5.146666526794434, 6.754117012023926], [-5.146485328674316, 6.75376033782959], [-6.989480018615723, 8.278243064880371], [-6.9893717765808105, 8.277944564819336], [-6.989405155181885, 8.278017044067383], [-6.989573955535889, 8.2783842086792], [-6.989611625671387, 8.278568267822266], [-6.989754676818848, 8.278796195983887]]","[0.9999932050704956, 0.9999932050704956, 0.9999932050704956, 0.9999932050704956, 0.9999932050704956, 0.9999932050704956, 0.9999932050704956, 0.9999932050704956, 0.9999932050704956, 0.9999932050704956, 0.9999932050704956, 0.9999932050704956, 0.9999932050704956, 0.9999932050704956, 0.9999932050704956, 0.9999932050704956, 0.9999932050704956, 0.9999932050704956, 0.9999932050704956, 0.9999932050704956, 0.9999997615814209, 0.9999997615814209, 0.9999997615814209, 0.9999997615814209, 0.9999997615814209, 0.9999997615814209]",aigvd_common1000,0,,0.9999932050704956,4xSKhrsm3AM_9_170to456.mp4,F:\MEngDatasets\AIGVDBench\videos\Real\Real\videos\4xSKhrsm3AM_9_170to456.mp4,test,0,real,Real,,Real,Real,1,False
real_00148,0,"[[-10.159613609313965, 14.586006164550781], [-10.159453392028809, 14.58570671081543], [-10.159296035766602, 14.585416793823242], [-10.159046173095703, 14.58493709564209], [-10.15930461883545, 14.5853853225708], [-10.159377098083496, 14.585484504699707], [-10.159235954284668, 14.585326194763184], [-10.159226417541504, 14.585264205932617], [-10.159221649169922, 14.585171699523926], [-10.159509658813477, 14.585679054260254], [-10.159734725952148, 14.586043357849121], [-10.159995079040527, 14.586334228515625], [-10.160026550292969, 14.586470603942871], [-10.160727500915527, 14.587669372558594], [-10.160186767578125, 14.58670425415039], [-10.160989761352539, 14.588199615478516], [-10.160396575927734, 14.58724594116211], [-10.159015655517578, 14.584954261779785], [-10.1608247756958, 14.587950706481934], [-10.161625862121582, 14.589402198791504], [-9.736737251281738, 12.402548789978027], [-9.7367582321167, 12.402603149414062], [-9.73671817779541, 12.402606964111328], [-9.736512184143066, 12.402360916137695], [-9.73650074005127, 12.402360916137695], [-9.736580848693848, 12.402420043945312], [-9.73579216003418, 12.401333808898926], [-9.735347747802734, 12.400567054748535], [-9.734349250793457, 12.398768424987793], [-9.733478546142578, 12.397214889526367], [-9.734082221984863, 12.397957801818848], [-9.734086990356445, 12.39795970916748], [-9.734174728393555, 12.398378372192383], [-9.734353065490723, 12.39883041381836], [-9.735151290893555, 12.399994850158691], [-9.736559867858887, 12.402223587036133], [-9.735407829284668, 12.400472640991211], [-9.733856201171875, 12.397825241088867], [-9.733595848083496, 12.397293090820312], [-9.733659744262695, 12.39737606048584], [-8.036935806274414, 9.831748962402344], [-8.036947250366211, 9.831808090209961], [-8.03684139251709, 9.831708908081055], [-8.036612510681152, 9.831414222717285], [-8.036819458007812, 9.831714630126953], [-8.038381576538086, 9.833756446838379]]","[1.0, 1.0, 1.0, 1.0, 1.0, 1.0, 1.0, 1.0, 1.0, 1.0, 1.0, 1.0, 1.0, 1.0, 1.0, 1.0, 1.0, 1.0, 1.0, 1.0, 1.0, 1.0, 1.0, 1.0, 1.0, 1.0, 1.0, 1.0, 1.0, 1.0, 1.0, 1.0, 1.0, 1.0, 1.0, 1.0, 1.0, 1.0, 1.0, 1.0, 1.0, 1.0, 1.0, 1.0, 1.0, 1.0]",aigvd_common1000,0,,1.0,abWRJCy3IPA_34_0to463.mp4,F:\MEngDatasets\AIGVDBench\videos\Real\Real\videos\abWRJCy3IPA_34_0to463.mp4,test,0,real,Real,,Real,Real,1,False
real_00149,0,"[[3.041426181793213, -3.2295949459075928], [3.041429042816162, -3.229567050933838], [3.041435718536377, -3.2295656204223633], [3.0414109230041504, -3.2295644283294678], [3.041389226913452, -3.2296042442321777], [3.0412936210632324, -3.229637622833252], [3.041311740875244, -3.229627847671509], [3.0413105487823486, -3.2295875549316406], [3.0413339138031006, -3.2295799255371094], [3.0414466857910156, -3.2296082973480225], [3.0414445400238037, -3.2295994758605957], [3.0413589477539062, -3.2295939922332764]]","[0.001886731362901628, 0.0018867780454456806, 0.0018867681501433253, 0.00188681751023978, 0.0018867835169658065, 0.001886900165118277, 0.001886884099803865, 0.0018869630293920636, 0.0018869324121624231, 0.0018866666359826922, 0.0018866881728172302, 0.0018868587212637067]",aigvd_common1000,0,,0.0018867780454456806,r03AuoH00eM_5_399to542.mp4,F:\MEngDatasets\AIGVDBench\videos\Real\Real\videos\r03AuoH00eM_5_399to542.mp4,test,0,real,Real,,Real,Real,0,True
real_00150,0,"[[-7.800565242767334, 11.437398910522461], [-7.800715923309326, 11.437699317932129], [-7.800044536590576, 11.43662166595459], [-7.799930095672607, 11.436416625976562], [-7.799883842468262, 11.436263084411621], [-7.799768924713135, 11.4361572265625], [-7.799892902374268, 11.436319351196289], [-7.799173831939697, 11.435288429260254], [-7.7991719245910645, 11.435091972351074], [-7.7992119789123535, 11.434893608093262], [-7.799554824829102, 11.435333251953125], [-7.799619674682617, 11.435644149780273], [-7.799590110778809, 11.435587882995605], [-7.799438953399658, 11.435358047485352], [-7.799740791320801, 11.435891151428223], [-7.799318790435791, 11.435200691223145], [-7.799206733703613, 11.435105323791504], [-7.79957914352417, 11.435802459716797], [-7.799320220947266, 11.435396194458008], [-7.7992353439331055, 11.435262680053711], [-9.749683380126953, 13.72579288482666], [-9.7493314743042, 13.725325584411621], [-9.749321937561035, 13.725329399108887], [-9.749592781066895, 13.725741386413574], [-9.750433921813965, 13.726988792419434], [-9.749547004699707, 13.725627899169922], [-9.749751091003418, 13.725964546203613], [-9.749948501586914, 13.72620964050293], [-9.750078201293945, 13.72639274597168], [-9.749955177307129, 13.726238250732422], [-9.749550819396973, 13.725560188293457], [-9.749381065368652, 13.725391387939453]]","[1.0, 1.0, 1.0, 1.0, 1.0, 1.0, 1.0, 1.0, 1.0, 1.0, 1.0, 1.0, 1.0, 1.0, 1.0, 1.0, 1.0, 1.0, 1.0, 1.0, 1.0, 1.0, 1.0, 1.0, 1.0, 1.0, 1.0, 1.0, 1.0, 1.0, 1.0, 1.0]",aigvd_common1000,0,,1.0,OpamzmJN6Jk_17_0to345.mp4,F:\MEngDatasets\AIGVDBench\videos\Real\Real\videos\OpamzmJN6Jk_17_0to345.mp4,test,0,real,Real,,Real,Real,1,False
real_00151,0,"[[-17.58893585205078, 23.301179885864258], [-17.589218139648438, 23.301591873168945], [-17.587909698486328, 23.29952621459961], [-17.5855712890625, 23.295654296875], [-17.586559295654297, 23.297136306762695], [-17.58661460876465, 23.297283172607422], [-17.586278915405273, 23.29651641845703], [-17.585857391357422, 23.29585838317871], [-17.585739135742188, 23.295866012573242], [-17.58523178100586, 23.295101165771484], [-17.5849666595459, 23.294666290283203], [-17.58493423461914, 23.294530868530273], [-17.58446502685547, 23.293981552124023], [-17.58439826965332, 23.293840408325195], [-17.58473777770996, 23.294347763061523], [-17.584819793701172, 23.294466018676758], [-17.584840774536133, 23.294504165649414], [-17.584671020507812, 23.294233322143555], [-17.58536720275879, 23.29527473449707], [-17.587116241455078, 23.29802894592285], [-16.205791473388672, 20.7146053314209], [-16.20599937438965, 20.714765548706055], [-16.20669174194336, 20.715852737426758], [-16.206321716308594, 20.715045928955078], [-16.2061710357666, 20.714845657348633], [-16.206647872924805, 20.715810775756836], [-16.206642150878906, 20.715839385986328], [-16.20667839050293, 20.715898513793945]]","[1.0, 1.0, 1.0, 1.0, 1.0, 1.0, 1.0, 1.0, 1.0, 1.0, 1.0, 1.0, 1.0, 1.0, 1.0, 1.0, 1.0, 1.0, 1.0, 1.0, 1.0, 1.0, 1.0, 1.0, 1.0, 1.0, 1.0, 1.0]",aigvd_common1000,0,,1.0,27BG9R9vrZI_43_0to283.mp4,F:\MEngDatasets\AIGVDBench\videos\Real\Real\videos\27BG9R9vrZI_43_0to283.mp4,test,0,real,Real,,Real,Real,1,False
real_00152,0,"[[-9.763427734375, 15.99712085723877], [-9.763932228088379, 15.998063087463379], [-9.764135360717773, 15.998372077941895], [-9.764086723327637, 15.998202323913574], [-9.763991355895996, 15.997946739196777], [-9.76354694366455, 15.997200965881348], [-9.762948989868164, 15.99623966217041], [-9.763163566589355, 15.996674537658691], [-9.762650489807129, 15.99523639678955], [-9.763636589050293, 15.996747016906738], [-9.763497352600098, 15.996577262878418], [-9.763070106506348, 15.995818138122559], [-9.763330459594727, 15.996478080749512], [-9.763382911682129, 15.996516227722168], [-9.76353645324707, 15.99683666229248], [-9.763696670532227, 15.997235298156738]]","[1.0, 1.0, 1.0, 1.0, 1.0, 1.0, 1.0, 1.0, 1.0, 1.0, 1.0, 1.0, 1.0, 1.0, 1.0, 1.0]",aigvd_common1000,0,,1.0,NBELKvAWHsU_37_41to227.mp4,F:\MEngDatasets\AIGVDBench\videos\Real\Real\videos\NBELKvAWHsU_37_41to227.mp4,test,0,real,Real,,Real,Real,1,False
real_00153,0,"[[-10.724437713623047, 15.256584167480469], [-10.724495887756348, 15.25653076171875], [-10.724824905395508, 15.257165908813477], [-10.724669456481934, 15.256802558898926], [-10.724658966064453, 15.256633758544922], [-10.72485637664795, 15.257231712341309], [-10.724810600280762, 15.257298469543457], [-10.72490119934082, 15.257548332214355], [-10.725140571594238, 15.258088111877441], [-10.7252836227417, 15.258477210998535], [-10.725258827209473, 15.258590698242188], [-10.725362777709961, 15.259002685546875], [-10.72544002532959, 15.259193420410156], [-10.725289344787598, 15.258929252624512], [-10.725239753723145, 15.258790016174316], [-10.725255966186523, 15.258776664733887], [-10.725255966186523, 15.25876522064209], [-10.725190162658691, 15.258597373962402], [-10.7249755859375, 15.258210182189941], [-10.724846839904785, 15.258036613464355], [-10.01043701171875, 14.572701454162598], [-10.010664939880371, 14.573062896728516], [-10.0105562210083, 14.572676658630371], [-10.010418891906738, 14.572254180908203]]","[1.0, 1.0, 1.0, 1.0, 1.0, 1.0, 1.0, 1.0, 1.0, 1.0, 1.0, 1.0, 1.0, 1.0, 1.0, 1.0, 1.0, 1.0, 1.0, 1.0, 1.0, 1.0, 1.0, 1.0]",aigvd_common1000,0,,1.0,IQlOhYM7uY4_4_0to242.mp4,F:\MEngDatasets\AIGVDBench\videos\Real\Real\videos\IQlOhYM7uY4_4_0to242.mp4,test,0,real,Real,,Real,Real,1,False
real_00154,0,"[[-7.186398506164551, 9.875534057617188], [-7.186220169067383, 9.875248908996582], [-7.1862311363220215, 9.875269889831543], [-7.186284065246582, 9.87536907196045], [-7.1863274574279785, 9.875460624694824], [-7.186500072479248, 9.875752449035645], [-7.186676502227783, 9.876077651977539], [-7.187015056610107, 9.876611709594727], [-7.187158107757568, 9.876888275146484], [-7.187277317047119, 9.87701416015625], [-7.187199115753174, 9.876911163330078], [-7.187484264373779, 9.87734603881836]]","[1.0, 1.0, 1.0, 1.0, 1.0, 1.0, 1.0, 1.0, 1.0, 1.0, 1.0, 1.0]",aigvd_common1000,0,,1.0,GoKXJNYNtuc_26_0to127.mp4,F:\MEngDatasets\AIGVDBench\videos\Real\Real\videos\GoKXJNYNtuc_26_0to127.mp4,test,0,real,Real,,Real,Real,1,False
real_00155,0,"[[-4.5427021980285645, 6.111049652099609], [-4.541358470916748, 6.1094160079956055], [-4.539257526397705, 6.106780052185059], [-4.539023399353027, 6.106480121612549], [-4.53928804397583, 6.106868267059326], [-4.539079189300537, 6.106588363647461], [-4.5400896072387695, 6.107883453369141], [-4.540823459625244, 6.108736991882324], [-4.541169166564941, 6.109144687652588], [-4.541167259216309, 6.109139442443848], [-4.541210174560547, 6.109246253967285], [-4.540283203125, 6.108116626739502], [-4.540398597717285, 6.1082282066345215], [-4.540048599243164, 6.107790946960449], [-4.539950370788574, 6.1076507568359375], [-4.540080547332764, 6.107799053192139], [-4.540121078491211, 6.107860565185547], [-4.539968013763428, 6.107709884643555]]","[0.999976396560669, 0.9999762773513794, 0.9999761581420898, 0.9999761581420898, 0.9999761581420898, 0.9999761581420898, 0.9999762773513794, 0.9999762773513794, 0.9999762773513794, 0.9999762773513794, 0.9999762773513794, 0.9999762773513794, 0.9999762773513794, 0.9999762773513794, 0.9999762773513794, 0.9999762773513794, 0.9999762773513794, 0.9999762773513794]",aigvd_common1000,0,,0.9999762773513794,-rXf8vEMpFI_16_456to659.mp4,F:\MEngDatasets\AIGVDBench\videos\Real\Real\videos\-rXf8vEMpFI_16_456to659.mp4,test,0,real,Real,,Real,Real,1,False
real_00156,0,"[[-15.924081802368164, 20.8033504486084], [-15.924195289611816, 20.80352210998535], [-15.924010276794434, 20.803199768066406], [-15.924110412597656, 20.80341911315918], [-15.923916816711426, 20.803056716918945], [-15.92349624633789, 20.802413940429688], [-15.923747062683105, 20.802814483642578], [-15.923731803894043, 20.802688598632812], [-15.923763275146484, 20.802785873413086], [-15.924072265625, 20.803293228149414], [-15.923734664916992, 20.80271339416504], [-15.92381477355957, 20.802968978881836], [-15.923738479614258, 20.802749633789062], [-15.923609733581543, 20.802438735961914], [-15.923725128173828, 20.802600860595703], [-15.92359733581543, 20.802358627319336], [-15.923578262329102, 20.802295684814453], [-15.923701286315918, 20.802549362182617], [-15.923691749572754, 20.8024845123291], [-15.923810958862305, 20.802709579467773], [-18.250587463378906, 23.52561378479004], [-18.250633239746094, 23.525461196899414], [-18.249046325683594, 23.5236873626709], [-18.250883102416992, 23.52591896057129], [-18.251094818115234, 23.526208877563477], [-18.251201629638672, 23.526384353637695], [-18.250932693481445, 23.526063919067383], [-18.25217056274414, 23.527528762817383], [-18.25194549560547, 23.527267456054688], [-18.252716064453125, 23.5281925201416], [-18.253259658813477, 23.52884864807129], [-18.25198745727539, 23.52734375], [-18.25184440612793, 23.527158737182617], [-18.251916885375977, 23.527236938476562], [-18.25181770324707, 23.527149200439453], [-18.251859664916992, 23.52718162536621], [-18.251184463500977, 23.526395797729492], [-18.25131607055664, 23.526552200317383], [-18.251564025878906, 23.526830673217773], [-18.25250816345215, 23.527938842773438], [-20.948272705078125, 26.44779396057129], [-20.948009490966797, 26.447364807128906], [-20.948360443115234, 26.447906494140625], [-20.94845199584961, 26.44808578491211], [-20.947975158691406, 26.447233200073242], [-20.94788360595703, 26.447172164916992], [-20.947872161865234, 26.447141647338867], [-20.94780921936035, 26.447036743164062], [-20.94736671447754, 26.445924758911133], [-20.94769287109375, 26.446674346923828], [-20.947988510131836, 26.44734764099121], [-20.948081970214844, 26.447490692138672], [-20.94805335998535, 26.44742774963379], [-20.947582244873047, 26.446605682373047], [-20.94771957397461, 26.447019577026367], [-20.947105407714844, 26.445653915405273], [-20.94765281677246, 26.446857452392578], [-20.94786834716797, 26.44721031188965], [-20.948123931884766, 26.44767189025879], [-20.94768524169922, 26.44693946838379], [-15.26960563659668, 21.536659240722656], [-15.269396781921387, 21.536359786987305], [-15.269408226013184, 21.53643798828125], [-15.26948356628418, 21.536609649658203], [-15.26943302154541, 21.53643226623535], [-15.269288063049316, 21.53617286682129], [-15.269471168518066, 21.536500930786133], [-15.269298553466797, 21.53623390197754], [-15.269343376159668, 21.53627586364746], [-15.269325256347656, 21.5362491607666], [-15.269335746765137, 21.536243438720703], [-15.269635200500488, 21.5367431640625], [-15.269243240356445, 21.536100387573242], [-15.269895553588867, 21.53712272644043], [-15.269942283630371, 21.537158966064453], [-15.26994800567627, 21.537172317504883], [-15.27001667022705, 21.537336349487305], [-15.26982593536377, 21.53699493408203], [-15.27055549621582, 21.538137435913086]]","[1.0, 1.0, 1.0, 1.0, 1.0, 1.0, 1.0, 1.0, 1.0, 1.0, 1.0, 1.0, 1.0, 1.0, 1.0, 1.0, 1.0, 1.0, 1.0, 1.0, 1.0, 1.0, 1.0, 1.0, 1.0, 1.0, 1.0, 1.0, 1.0, 1.0, 1.0, 1.0, 1.0, 1.0, 1.0, 1.0, 1.0, 1.0, 1.0, 1.0, 1.0, 1.0, 1.0, 1.0, 1.0, 1.0, 1.0, 1.0, 1.0, 1.0, 1.0, 1.0, 1.0, 1.0, 1.0, 1.0, 1.0, 1.0, 1.0, 1.0, 1.0, 1.0, 1.0, 1.0, 1.0, 1.0, 1.0, 1.0, 1.0, 1.0, 1.0, 1.0, 1.0, 1.0, 1.0, 1.0, 1.0, 1.0, 1.0]",aigvd_common1000,0,,1.0,JwYPVbnqU-s_8_0to798.mp4,F:\MEngDatasets\AIGVDBench\videos\Real\Real\videos\JwYPVbnqU-s_8_0to798.mp4,test,0,real,Real,,Real,Real,1,False
real_00157,0,"[[-15.881808280944824, 23.561676025390625], [-15.881195068359375, 23.560741424560547], [-15.880696296691895, 23.559696197509766], [-15.880765914916992, 23.55994987487793], [-15.881397247314453, 23.56100845336914], [-15.881627082824707, 23.56141471862793], [-15.881612777709961, 23.56141471862793], [-15.881753921508789, 23.561790466308594], [-15.88161563873291, 23.56141471862793]]","[1.0, 1.0, 1.0, 1.0, 1.0, 1.0, 1.0, 1.0, 1.0]",aigvd_common1000,0,,1.0,FQDZEktkqvc_35_0to116.mp4,F:\MEngDatasets\AIGVDBench\videos\Real\Real\videos\FQDZEktkqvc_35_0to116.mp4,test,0,real,Real,,Real,Real,1,False
real_00158,0,"[[-15.425962448120117, 20.791067123413086], [-15.426544189453125, 20.79192352294922], [-15.42662239074707, 20.792043685913086], [-15.426530838012695, 20.79181671142578], [-15.42656421661377, 20.79185676574707], [-15.426547050476074, 20.79172706604004], [-15.426508903503418, 20.79151725769043], [-15.427451133728027, 20.793025970458984], [-15.427062034606934, 20.792251586914062], [-15.426963806152344, 20.792104721069336], [-15.426461219787598, 20.7915096282959]]","[1.0, 1.0, 1.0, 1.0, 1.0, 1.0, 1.0, 1.0, 1.0, 1.0, 1.0]",aigvd_common1000,0,,1.0,1MCMHvAcrZg_26_0to135.mp4,F:\MEngDatasets\AIGVDBench\videos\Real\Real\videos\1MCMHvAcrZg_26_0to135.mp4,test,0,real,Real,,Real,Real,1,False
real_00159,0,"[[-0.1916883885860443, 0.6346428394317627], [-0.19188976287841797, 0.6349339485168457], [-0.19229646027088165, 0.6355028748512268], [-0.1917760819196701, 0.6347833871841431], [-0.19173233211040497, 0.634696364402771], [-0.19193892180919647, 0.6349851489067078], [-0.19176733493804932, 0.6347147226333618], [-0.19202493131160736, 0.635111391544342], [-0.19156651198863983, 0.634463906288147], [-0.1916266530752182, 0.6345517635345459], [-0.1919393688440323, 0.6349586844444275], [-0.1916954070329666, 0.6346139907836914], [-0.1920914649963379, 0.6351815462112427], [-0.1917995661497116, 0.6347734928131104], [-0.19195513427257538, 0.6349880695343018], [-0.19178079068660736, 0.6347524523735046]]","[0.6955786347389221, 0.6956828832626343, 0.695889413356781, 0.695626974105835, 0.6955992579460144, 0.6957041621208191, 0.695610523223877, 0.6957491040229797, 0.6955149173736572, 0.6955462694168091, 0.695698618888855, 0.6955739855766296, 0.6957780122756958, 0.6956297755241394, 0.6957082152366638, 0.6956214308738708]",aigvd_common1000,0,,0.6956828832626343,IDUim1Cqloo_7_0to162.mp4,F:\MEngDatasets\AIGVDBench\videos\Real\Real\videos\IDUim1Cqloo_7_0to162.mp4,test,0,real,Real,,Real,Real,1,False
real_00160,0,"[[-8.497530937194824, 13.594125747680664], [-8.497876167297363, 13.594748497009277], [-8.497570991516113, 13.594229698181152], [-8.497903823852539, 13.594808578491211], [-8.49779987335205, 13.594639778137207], [-8.497593879699707, 13.59426212310791], [-8.497223854064941, 13.593636512756348], [-8.497559547424316, 13.59421157836914], [-8.497200965881348, 13.59353256225586]]","[1.0, 1.0, 1.0, 1.0, 1.0, 1.0, 1.0, 1.0, 1.0]",aigvd_common1000,0,,1.0,v1EPNGKcbJQ_24_19to133.mp4,F:\MEngDatasets\AIGVDBench\videos\Real\Real\videos\v1EPNGKcbJQ_24_19to133.mp4,test,0,real,Real,,Real,Real,1,False
real_00161,0,"[[-1.4254589080810547, 2.399883270263672], [-1.4251627922058105, 2.3995351791381836], [-1.4249494075775146, 2.3992996215820312], [-1.42514967918396, 2.399540901184082], [-1.4252233505249023, 2.399631977081299], [-1.4249334335327148, 2.3992886543273926], [-1.4245734214782715, 2.3988430500030518], [-1.4249094724655151, 2.399214744567871], [-1.4248950481414795, 2.399204730987549], [-1.4249932765960693, 2.39933180809021], [-1.4247123003005981, 2.398984909057617], [-1.4246677160263062, 2.39890718460083], [-1.4250649213790894, 2.3993453979492188], [-1.4253079891204834, 2.399646282196045], [-1.425031065940857, 2.399320602416992], [-1.4248970746994019, 2.3991448879241943], [-1.424821376800537, 2.3990347385406494], [-1.424933671951294, 2.3991963863372803], [-1.4247132539749146, 2.3989226818084717], [-1.4245728254318237, 2.3987743854522705], [-2.071300983428955, 2.7808756828308105]]","[0.9786545634269714, 0.9786410927772522, 0.9786317348480225, 0.9786409735679626, 0.9786443710327148, 0.9786311388015747, 0.9786143898963928, 0.9786291122436523, 0.9786286354064941, 0.9786333441734314, 0.978620171546936, 0.9786176681518555, 0.9786351323127747, 0.978646457195282, 0.9786338806152344, 0.9786273837089539, 0.9786235094070435, 0.9786292314529419, 0.9786189198493958, 0.9786128997802734, 0.9922492504119873]",aigvd_common1000,0,,0.9786410927772522,Q0gOJn0jekU_59_357to589.mp4,F:\MEngDatasets\AIGVDBench\videos\Real\Real\videos\Q0gOJn0jekU_59_357to589.mp4,test,0,real,Real,,Real,Real,1,False
real_00162,0,"[[7.455973148345947, -7.002811431884766], [7.456155300140381, -7.002993106842041], [7.455931186676025, -7.002769947052002], [7.455286979675293, -7.002125263214111], [7.455422401428223, -7.00226354598999], [7.45578145980835, -7.00262451171875], [7.456018924713135, -7.002866268157959], [7.455873966217041, -7.00272274017334], [7.456027984619141, -7.002875328063965], [7.456075668334961, -7.002924919128418]]","[5.25568907505658e-07, 5.253774588709348e-07, 5.256125064079242e-07, 5.262901936475828e-07, 5.261466640149592e-07, 5.257674047243199e-07, 5.255157589090231e-07, 5.256671897768683e-07, 5.255062660580734e-07, 5.254551638245175e-07]",aigvd_common1000,0,,5.253774588709348e-07,0qBtDxT6Wow_7_0to123.mp4,F:\MEngDatasets\AIGVDBench\videos\Real\Real\videos\0qBtDxT6Wow_7_0to123.mp4,test,0,real,Real,,Real,Real,0,True
real_00163,0,"[[-15.299013137817383, 22.774690628051758], [-15.298615455627441, 22.773723602294922], [-15.298686981201172, 22.773717880249023], [-15.299074172973633, 22.77483367919922], [-15.298657417297363, 22.77384376525879], [-15.29818344116211, 22.772815704345703], [-15.29816722869873, 22.772798538208008], [-15.297566413879395, 22.77159309387207], [-15.297451972961426, 22.77138900756836], [-15.296964645385742, 22.770675659179688], [-15.297686576843262, 22.77192497253418], [-15.297950744628906, 22.77212142944336], [-15.298384666442871, 22.773103713989258], [-15.298333168029785, 22.773059844970703], [-15.299055099487305, 22.774276733398438], [-15.29902458190918, 22.77410316467285], [-15.298942565917969, 22.774131774902344], [-15.298786163330078, 22.774145126342773], [-15.298235893249512, 22.772815704345703], [-15.297004699707031, 22.770702362060547], [-11.778729438781738, 14.015358924865723], [-11.779239654541016, 14.016111373901367], [-11.77902889251709, 14.015829086303711], [-11.778861999511719, 14.015539169311523], [-11.779181480407715, 14.016032218933105], [-11.77901840209961, 14.015841484069824], [-11.778641700744629, 14.01527214050293], [-11.778852462768555, 14.015612602233887], [-11.779207229614258, 14.016092300415039], [-11.779838562011719, 14.017045021057129], [-11.779778480529785, 14.016966819763184], [-11.779590606689453, 14.016657829284668], [-11.779411315917969, 14.016401290893555]]","[1.0, 1.0, 1.0, 1.0, 1.0, 1.0, 1.0, 1.0, 1.0, 1.0, 1.0, 1.0, 1.0, 1.0, 1.0, 1.0, 1.0, 1.0, 1.0, 1.0, 1.0, 1.0, 1.0, 1.0, 1.0, 1.0, 1.0, 1.0, 1.0, 1.0, 1.0, 1.0, 1.0]",aigvd_common1000,0,,1.0,gpPbugLgG2Q_19_0to338.mp4,F:\MEngDatasets\AIGVDBench\videos\Real\Real\videos\gpPbugLgG2Q_19_0to338.mp4,test,0,real,Real,,Real,Real,1,False
real_00164,0,"[[-7.444376468658447, 10.251364707946777], [-7.444218158721924, 10.251089096069336], [-7.444143772125244, 10.250999450683594], [-7.443882942199707, 10.250581741333008], [-7.44384765625, 10.25048828125], [-7.443739414215088, 10.25034236907959], [-7.4440507888793945, 10.25085163116455], [-7.444302082061768, 10.251229286193848], [-7.444047451019287, 10.250787734985352], [-7.444265842437744, 10.25108528137207]]","[1.0, 1.0, 1.0, 1.0, 1.0, 1.0, 1.0, 1.0, 1.0, 1.0]",aigvd_common1000,0,,1.0,UNDddGy_NZ4_19_0to125.mp4,F:\MEngDatasets\AIGVDBench\videos\Real\Real\videos\UNDddGy_NZ4_19_0to125.mp4,test,0,real,Real,,Real,Real,1,False
real_00165,0,"[[-19.556133270263672, 26.178770065307617], [-19.55622673034668, 26.17875862121582], [-19.556381225585938, 26.17900848388672], [-19.556324005126953, 26.17889976501465], [-19.556041717529297, 26.178442001342773], [-19.556049346923828, 26.178361892700195], [-19.556100845336914, 26.178478240966797], [-19.55596351623535, 26.178272247314453], [-19.555736541748047, 26.17790985107422], [-19.556127548217773, 26.178546905517578], [-19.55609130859375, 26.178524017333984], [-19.555896759033203, 26.17842674255371], [-19.556123733520508, 26.177526473999023], [-19.55669593811035, 26.179065704345703], [-19.556488037109375, 26.1779842376709], [-19.55632781982422, 26.1790714263916], [-19.55681800842285, 26.180007934570312], [-19.556140899658203, 26.17852783203125], [-19.556110382080078, 26.178508758544922], [-19.556093215942383, 26.178489685058594]]","[1.0, 1.0, 1.0, 1.0, 1.0, 1.0, 1.0, 1.0, 1.0, 1.0, 1.0, 1.0, 1.0, 1.0, 1.0, 1.0, 1.0, 1.0, 1.0, 1.0]",aigvd_common1000,0,,1.0,nuy5PIjuQ6k_95_0to203.mp4,F:\MEngDatasets\AIGVDBench\videos\Real\Real\videos\nuy5PIjuQ6k_95_0to203.mp4,test,0,real,Real,,Real,Real,1,False
real_00166,0,"[[-20.06296730041504, 22.4216251373291], [-20.0629825592041, 22.421655654907227], [-20.0629825592041, 22.421655654907227], [-20.062963485717773, 22.421627044677734], [-20.062946319580078, 22.421627044677734], [-20.062929153442383, 22.42159080505371], [-20.062942504882812, 22.421611785888672], [-20.062929153442383, 22.421598434448242], [-20.062904357910156, 22.421573638916016], [-20.06291961669922, 22.421600341796875], [-20.062925338745117, 22.421613693237305], [-20.062908172607422, 22.42159080505371], [-20.062891006469727, 22.42155647277832], [-20.06290626525879, 22.42156410217285], [-20.062915802001953, 22.421579360961914], [-20.06290054321289, 22.42155647277832], [-20.06290054321289, 22.421571731567383], [-20.062894821166992, 22.421573638916016], [-20.062973022460938, 22.42170524597168], [-20.062976837158203, 22.421728134155273], [-15.377287864685059, 19.240297317504883], [-15.377326011657715, 19.240354537963867], [-15.377302169799805, 19.240327835083008], [-15.377274513244629, 19.240283966064453], [-15.377252578735352, 19.240251541137695], [-15.37726879119873, 19.240270614624023], [-15.37722396850586, 19.240205764770508], [-15.377224922180176, 19.240211486816406], [-15.377229690551758, 19.240232467651367], [-15.377264976501465, 19.240272521972656], [-15.377278327941895, 19.240297317504883], [-15.37724781036377, 19.24025535583496], [-15.377228736877441, 19.240232467651367], [-15.377228736877441, 19.2402286529541], [-15.377195358276367, 19.240192413330078], [-15.377254486083984, 19.240283966064453], [-15.377266883850098, 19.240291595458984], [-15.377263069152832, 19.24028205871582], [-15.377205848693848, 19.240198135375977], [-15.377154350280762, 19.24011993408203], [-10.165061950683594, 14.206130027770996], [-10.165064811706543, 14.206144332885742], [-10.165082931518555, 14.20616340637207], [-10.16508960723877, 14.206177711486816], [-10.165075302124023, 14.206146240234375], [-10.165066719055176, 14.206119537353516], [-10.165072441101074, 14.206136703491211], [-10.165098190307617, 14.206171989440918], [-10.16510009765625, 14.206178665161133], [-10.165092468261719, 14.206164360046387], [-10.165087699890137, 14.20616340637207], [-10.165079116821289, 14.206141471862793], [-10.165091514587402, 14.206162452697754], [-10.165093421936035, 14.206164360046387], [-10.165101051330566, 14.206172943115234], [-10.165080070495605, 14.206147193908691], [-10.16508674621582, 14.206156730651855], [-10.165093421936035, 14.206161499023438], [-10.165080070495605, 14.20613956451416], [-10.165078163146973, 14.206143379211426], [-14.926887512207031, 19.92868995666504], [-14.926855087280273, 19.928640365600586], [-14.926858901977539, 19.92864227294922], [-14.926862716674805, 19.92865562438965], [-14.926840782165527, 19.928617477416992], [-14.926848411560059, 19.92864418029785], [-14.926873207092285, 19.928672790527344], [-14.92684268951416, 19.92862892150879], [-14.926770210266113, 19.928495407104492], [-14.926685333251953, 19.928329467773438], [-14.925877571105957, 19.92670249938965]]","[1.0, 1.0, 1.0, 1.0, 1.0, 1.0, 1.0, 1.0, 1.0, 1.0, 1.0, 1.0, 1.0, 1.0, 1.0, 1.0, 1.0, 1.0, 1.0, 1.0, 1.0, 1.0, 1.0, 1.0, 1.0, 1.0, 1.0, 1.0, 1.0, 1.0, 1.0, 1.0, 1.0, 1.0, 1.0, 1.0, 1.0, 1.0, 1.0, 1.0, 1.0, 1.0, 1.0, 1.0, 1.0, 1.0, 1.0, 1.0, 1.0, 1.0, 1.0, 1.0, 1.0, 1.0, 1.0, 1.0, 1.0, 1.0, 1.0, 1.0, 1.0, 1.0, 1.0, 1.0, 1.0, 1.0, 1.0, 1.0, 1.0, 1.0, 1.0]",aigvd_common1000,0,,1.0,jQ-ljwdpAEE_18_0to718.mp4,F:\MEngDatasets\AIGVDBench\videos\Real\Real\videos\jQ-ljwdpAEE_18_0to718.mp4,test,0,real,Real,,Real,Real,1,False
real_00167,0,"[[-10.246587753295898, 15.620497703552246], [-10.246572494506836, 15.62049388885498], [-10.24663257598877, 15.620599746704102], [-10.246628761291504, 15.620591163635254], [-10.246715545654297, 15.620579719543457], [-10.24664306640625, 15.620312690734863], [-10.247244834899902, 15.62169361114502], [-10.247477531433105, 15.622300148010254]]","[1.0, 1.0, 1.0, 1.0, 1.0, 1.0, 1.0, 1.0]",aigvd_common1000,0,,1.0,NWYRv_MKaA8_10_24to132.mp4,F:\MEngDatasets\AIGVDBench\videos\Real\Real\videos\NWYRv_MKaA8_10_24to132.mp4,test,0,real,Real,,Real,Real,1,False
real_00168,0,"[[-5.021915912628174, 6.0114946365356445], [-5.021843910217285, 6.011382102966309], [-5.0218119621276855, 6.011335849761963], [-5.021920680999756, 6.011476039886475], [-5.021851539611816, 6.011377811431885], [-5.021976470947266, 6.011556148529053], [-5.022079944610596, 6.011688709259033], [-5.021876335144043, 6.0113983154296875], [-5.022071838378906, 6.011668682098389], [-5.022016525268555, 6.011592864990234], [-5.022068023681641, 6.011674880981445], [-5.022054672241211, 6.0116682052612305], [-5.022223949432373, 6.011893272399902], [-5.022140979766846, 6.011774063110352], [-5.02238655090332, 6.012109756469727], [-5.022419452667236, 6.01215934753418], [-5.022446632385254, 6.012206077575684], [-5.022616386413574, 6.012433052062988]]","[0.9999837875366211, 0.9999837875366211, 0.9999837875366211, 0.9999837875366211, 0.9999837875366211, 0.9999839067459106, 0.9999839067459106, 0.9999837875366211, 0.9999839067459106, 0.9999839067459106, 0.9999839067459106, 0.9999839067459106, 0.9999839067459106, 0.9999839067459106, 0.9999839067459106, 0.9999839067459106, 0.9999839067459106, 0.9999839067459106]",aigvd_common1000,0,,0.9999837875366211,ABp98mmiX8g_24_0to185.mp4,F:\MEngDatasets\AIGVDBench\videos\Real\Real\videos\ABp98mmiX8g_24_0to185.mp4,test,0,real,Real,,Real,Real,1,False
real_00169,0,"[[-5.744383811950684, 8.294412612915039], [-5.744033336639404, 8.294005393981934], [-5.74416446685791, 8.294195175170898], [-5.743874549865723, 8.293797492980957], [-5.743880271911621, 8.293793678283691], [-5.743690490722656, 8.293514251708984], [-5.744219779968262, 8.294203758239746], [-5.743921279907227, 8.293863296508789], [-5.744086265563965, 8.294035911560059], [-5.744073390960693, 8.294045448303223], [-5.744004249572754, 8.293977737426758], [-5.743997097015381, 8.293959617614746], [-5.744243144989014, 8.2942533493042], [-5.743943691253662, 8.293898582458496], [-5.744070053100586, 8.294027328491211], [-5.743801593780518, 8.293662071228027], [-5.743781566619873, 8.293643951416016], [-5.74399471282959, 8.293940544128418], [-5.743882179260254, 8.293745994567871], [-5.744089603424072, 8.29405403137207], [-10.113746643066406, 11.903504371643066], [-10.113747596740723, 11.903510093688965], [-10.113755226135254, 11.903533935546875], [-10.113706588745117, 11.903437614440918], [-10.113794326782227, 11.90347957611084], [-10.11361312866211, 11.903316497802734], [-10.113677978515625, 11.903417587280273], [-10.11417007446289, 11.904191017150879], [-10.113751411437988, 11.903595924377441], [-10.113862037658691, 11.903757095336914], [-10.113752365112305, 11.903619766235352], [-10.113879203796387, 11.903810501098633], [-10.11386489868164, 11.903715133666992], [-10.113773345947266, 11.903603553771973], [-10.114140510559082, 11.904229164123535], [-10.113739013671875, 11.903563499450684], [-10.113753318786621, 11.903496742248535]]","[0.9999991655349731, 0.9999991655349731, 0.9999991655349731, 0.9999991655349731, 0.9999991655349731, 0.9999991655349731, 0.9999991655349731, 0.9999991655349731, 0.9999991655349731, 0.9999991655349731, 0.9999991655349731, 0.9999991655349731, 0.9999991655349731, 0.9999991655349731, 0.9999991655349731, 0.9999991655349731, 0.9999991655349731, 0.9999991655349731, 0.9999991655349731, 0.9999991655349731, 1.0, 1.0, 1.0, 1.0, 1.0, 1.0, 1.0, 1.0, 1.0, 1.0, 1.0, 1.0, 1.0, 1.0, 1.0, 1.0, 1.0]",aigvd_common1000,0,,0.9999991655349731,Z92LMTR0fhw_27_0to371.mp4,F:\MEngDatasets\AIGVDBench\videos\Real\Real\videos\Z92LMTR0fhw_27_0to371.mp4,test,0,real,Real,,Real,Real,1,False
real_00170,0,"[[-7.071045398712158, 9.122336387634277], [-7.071125030517578, 9.122481346130371], [-7.07163143157959, 9.123339653015137], [-7.071102142333984, 9.12246322631836], [-7.071220874786377, 9.12260627746582], [-7.070982933044434, 9.122209548950195], [-7.07064962387085, 9.12168025970459], [-7.071291446685791, 9.122735977172852], [-7.071591377258301, 9.123213768005371], [-7.0716471672058105, 9.123213768005371], [-7.07181978225708, 9.12348747253418], [-7.071455955505371, 9.122970581054688], [-7.0710062980651855, 9.122355461120605], [-7.070932865142822, 9.12226390838623], [-7.071219444274902, 9.122673034667969], [-7.070645809173584, 9.121691703796387], [-7.071040630340576, 9.122480392456055]]","[0.9999998807907104, 0.9999998807907104, 0.9999998807907104, 0.9999998807907104, 0.9999998807907104, 0.9999998807907104, 0.9999998807907104, 0.9999998807907104, 0.9999998807907104, 0.9999998807907104, 0.9999998807907104, 0.9999998807907104, 0.9999998807907104, 0.9999998807907104, 0.9999998807907104, 0.9999998807907104, 0.9999998807907104]",aigvd_common1000,0,,0.9999998807907104,wnPqGM9wqWg_10_0to172.mp4,F:\MEngDatasets\AIGVDBench\videos\Real\Real\videos\wnPqGM9wqWg_10_0to172.mp4,test,0,real,Real,,Real,Real,1,False
real_00171,0,"[[-7.2249321937561035, 9.689297676086426], [-7.225063800811768, 9.68945026397705], [-7.225133895874023, 9.689554214477539], [-7.224841117858887, 9.689152717590332], [-7.224863529205322, 9.689188957214355], [-7.224907398223877, 9.689324378967285], [-7.224911689758301, 9.689300537109375], [-7.224887847900391, 9.689254760742188], [-7.224706172943115, 9.68900203704834], [-7.224609851837158, 9.688944816589355], [-7.224515914916992, 9.688812255859375], [-7.224511623382568, 9.688796997070312], [-7.224639892578125, 9.689048767089844], [-7.2246503829956055, 9.689016342163086], [-7.2248616218566895, 9.689299583435059], [-7.224945068359375, 9.689406394958496], [-7.225032329559326, 9.689485549926758], [-7.225022792816162, 9.689380645751953], [-7.224778175354004, 9.68891429901123], [-7.2249979972839355, 9.68930721282959], [-10.246725082397461, 13.143536567687988], [-10.246705055236816, 13.14345932006836], [-10.246795654296875, 13.143633842468262], [-10.246908187866211, 13.143815040588379], [-10.246835708618164, 13.143646240234375], [-10.247053146362305, 13.14402961730957], [-10.247004508972168, 13.143939971923828], [-10.246949195861816, 13.143891334533691], [-10.246514320373535, 13.14334487915039], [-10.246305465698242, 13.14326000213623], [-10.246198654174805, 13.143195152282715], [-10.245593070983887, 13.14232349395752], [-10.24527359008789, 13.141886711120605], [-10.244976043701172, 13.141329765319824], [-10.2450590133667, 13.141510009765625], [-10.245278358459473, 13.141833305358887], [-10.246244430541992, 13.1431245803833]]","[1.0, 1.0, 1.0, 1.0, 1.0, 1.0, 1.0, 1.0, 1.0, 1.0, 1.0, 1.0, 1.0, 1.0, 1.0, 1.0, 1.0, 1.0, 1.0, 1.0, 1.0, 1.0, 1.0, 1.0, 1.0, 1.0, 1.0, 1.0, 1.0, 1.0, 1.0, 1.0, 1.0, 1.0, 1.0, 1.0, 1.0]",aigvd_common1000,0,,1.0,KR62f4KtLdo_40_0to371.mp4,F:\MEngDatasets\AIGVDBench\videos\Real\Real\videos\KR62f4KtLdo_40_0to371.mp4,test,0,real,Real,,Real,Real,1,False
real_00172,0,"[[-4.319303035736084, 5.413141250610352], [-4.319368362426758, 5.4132161140441895], [-4.319401264190674, 5.413250923156738], [-4.319418907165527, 5.413272380828857], [-4.319435119628906, 5.413293838500977], [-4.319392681121826, 5.4132304191589355], [-4.319334983825684, 5.413152694702148], [-4.319257736206055, 5.413057327270508], [-4.319190979003906, 5.412972450256348], [-4.319249153137207, 5.413043022155762], [-4.31929349899292, 5.413100719451904], [-4.319262504577637, 5.413061618804932], [-4.319280624389648, 5.413068771362305]]","[0.9999406337738037, 0.9999406337738037, 0.9999406337738037, 0.9999406337738037, 0.9999406337738037, 0.9999406337738037, 0.9999406337738037, 0.9999406337738037, 0.9999406337738037, 0.9999406337738037, 0.9999406337738037, 0.9999406337738037, 0.9999406337738037]",aigvd_common1000,0,,0.9999406337738037,RNFbU-LRIgg_13_0to134.mp4,F:\MEngDatasets\AIGVDBench\videos\Real\Real\videos\RNFbU-LRIgg_13_0to134.mp4,test,0,real,Real,,Real,Real,1,False
real_00173,0,"[[-9.573299407958984, 12.885706901550293], [-9.573941230773926, 12.886817932128906], [-9.573996543884277, 12.886879920959473], [-9.574036598205566, 12.886845588684082], [-9.5737943649292, 12.886446952819824], [-9.573997497558594, 12.886702537536621], [-9.574679374694824, 12.88791561126709], [-9.574240684509277, 12.887134552001953], [-9.573590278625488, 12.886082649230957], [-9.573564529418945, 12.886024475097656], [-9.573573112487793, 12.886008262634277], [-9.573751449584961, 12.886354446411133], [-9.573728561401367, 12.886269569396973], [-9.57413387298584, 12.886877059936523], [-9.57400131225586, 12.886678695678711], [-9.574140548706055, 12.886946678161621], [-9.574502944946289, 12.887486457824707]]","[1.0, 1.0, 1.0, 1.0, 1.0, 1.0, 1.0, 1.0, 1.0, 1.0, 1.0, 1.0, 1.0, 1.0, 1.0, 1.0, 1.0]",aigvd_common1000,0,,1.0,qwQDOBqaXrU_60_54to254.mp4,F:\MEngDatasets\AIGVDBench\videos\Real\Real\videos\qwQDOBqaXrU_60_54to254.mp4,test,0,real,Real,,Real,Real,1,False
real_00174,0,"[[-20.077064514160156, 29.380102157592773], [-20.076980590820312, 29.379961013793945], [-20.077301025390625, 29.380578994750977], [-20.07731819152832, 29.380613327026367], [-20.07756805419922, 29.38098907470703], [-20.07786750793457, 29.381450653076172], [-20.0782413482666, 29.3820743560791], [-20.0784854888916, 29.382488250732422], [-20.077463150024414, 29.381031036376953], [-20.076648712158203, 29.379634857177734], [-20.076984405517578, 29.380189895629883], [-20.07689094543457, 29.38009262084961], [-20.077219009399414, 29.38067054748535], [-20.077442169189453, 29.380964279174805], [-20.07759666442871, 29.38111686706543], [-20.076982498168945, 29.38009262084961], [-20.076847076416016, 29.379934310913086], [-20.07684898376465, 29.380104064941406], [-20.07689094543457, 29.380138397216797]]","[1.0, 1.0, 1.0, 1.0, 1.0, 1.0, 1.0, 1.0, 1.0, 1.0, 1.0, 1.0, 1.0, 1.0, 1.0, 1.0, 1.0, 1.0, 1.0]",aigvd_common1000,0,,1.0,3sN2lrkabII_75_0to194.mp4,F:\MEngDatasets\AIGVDBench\videos\Real\Real\videos\3sN2lrkabII_75_0to194.mp4,test,0,real,Real,,Real,Real,1,False
real_00175,0,"[[-6.678745746612549, 8.89047622680664], [-6.678755760192871, 8.890498161315918], [-6.678720951080322, 8.890460968017578], [-6.67868709564209, 8.890417098999023], [-6.678690433502197, 8.890421867370605], [-6.678660869598389, 8.890379905700684], [-6.6786932945251465, 8.8904447555542], [-6.678604602813721, 8.89030933380127], [-6.678647041320801, 8.890363693237305], [-6.678652286529541, 8.890359878540039]]","[0.9999998807907104, 0.9999998807907104, 0.9999998807907104, 0.9999998807907104, 0.9999998807907104, 0.9999998807907104, 0.9999998807907104, 0.9999998807907104, 0.9999998807907104, 0.9999998807907104]",aigvd_common1000,0,,0.9999998807907104,5wWRP-YvHOo_18_99to221.mp4,F:\MEngDatasets\AIGVDBench\videos\Real\Real\videos\5wWRP-YvHOo_18_99to221.mp4,test,0,real,Real,,Real,Real,1,False
real_00176,0,"[[-4.72676420211792, 5.668187618255615], [-4.7262492179870605, 5.667658805847168], [-4.726211071014404, 5.667616844177246], [-4.726858139038086, 5.668274879455566], [-4.727507591247559, 5.668942928314209], [-4.727288246154785, 5.668718338012695], [-4.727596282958984, 5.6690287590026855], [-4.727601528167725, 5.669031620025635], [-4.727292060852051, 5.668709754943848], [-4.726681232452393, 5.668087959289551], [-4.727171897888184, 5.668596267700195], [-4.727405071258545, 5.668829441070557], [-4.727623462677002, 5.669053554534912]]","[0.9999693632125854, 0.9999693632125854, 0.9999693632125854, 0.9999693632125854, 0.999969482421875, 0.999969482421875, 0.999969482421875, 0.999969482421875, 0.999969482421875, 0.9999693632125854, 0.999969482421875, 0.999969482421875, 0.999969482421875]",aigvd_common1000,0,,0.9999693632125854,X1lI_SIFsBI_12_87to238.mp4,F:\MEngDatasets\AIGVDBench\videos\Real\Real\videos\X1lI_SIFsBI_12_87to238.mp4,test,0,real,Real,,Real,Real,1,False
real_00177,0,"[[-8.30184555053711, 11.404735565185547], [-8.30173397064209, 11.404555320739746], [-8.30185604095459, 11.404727935791016], [-8.301877975463867, 11.404765129089355], [-8.301980018615723, 11.40495491027832], [-8.302581787109375, 11.405714988708496], [-8.302430152893066, 11.405474662780762], [-8.302338600158691, 11.40539264678955], [-8.302592277526855, 11.405735969543457], [-8.302305221557617, 11.40535831451416], [-8.30292797088623, 11.406158447265625], [-8.302251815795898, 11.405254364013672]]","[1.0, 1.0, 1.0, 1.0, 1.0, 1.0, 1.0, 1.0, 1.0, 1.0, 1.0, 1.0]",aigvd_common1000,0,,1.0,GOTo1I2YK4o_22_0to124.mp4,F:\MEngDatasets\AIGVDBench\videos\Real\Real\videos\GOTo1I2YK4o_22_0to124.mp4,test,0,real,Real,,Real,Real,1,False
real_00178,0,"[[-10.226527214050293, 13.477752685546875], [-10.22674560546875, 13.478047370910645], [-10.229086875915527, 13.481587409973145], [-10.228219032287598, 13.48008918762207], [-10.226156234741211, 13.476851463317871], [-10.225849151611328, 13.476318359375], [-10.226210594177246, 13.476860046386719], [-10.225926399230957, 13.476367950439453], [-10.226028442382812, 13.476619720458984], [-10.226465225219727, 13.477251052856445], [-10.226033210754395, 13.476556777954102], [-10.225894927978516, 13.476324081420898], [-10.226691246032715, 13.477517127990723]]","[1.0, 1.0, 1.0, 1.0, 1.0, 1.0, 1.0, 1.0, 1.0, 1.0, 1.0, 1.0, 1.0]",aigvd_common1000,0,,1.0,a2cOE_CBbX4_37_0to138.mp4,F:\MEngDatasets\AIGVDBench\videos\Real\Real\videos\a2cOE_CBbX4_37_0to138.mp4,test,0,real,Real,,Real,Real,1,False
real_00179,0,"[[-9.225998878479004, 14.244357109069824], [-9.22630786895752, 14.245110511779785], [-9.226334571838379, 14.245089530944824], [-9.225801467895508, 14.244245529174805], [-9.225387573242188, 14.243705749511719], [-9.226091384887695, 14.244904518127441], [-9.22595500946045, 14.244542121887207], [-9.225921630859375, 14.24451732635498], [-9.226158142089844, 14.24504280090332], [-9.226142883300781, 14.245057106018066], [-9.226225852966309, 14.245063781738281], [-9.22555160522461, 14.243934631347656], [-9.226432800292969, 14.245471000671387]]","[1.0, 1.0, 1.0, 1.0, 1.0, 1.0, 1.0, 1.0, 1.0, 1.0, 1.0, 1.0, 1.0]",aigvd_common1000,0,,1.0,Xp7Xpe5K4fw_143_0to138.mp4,F:\MEngDatasets\AIGVDBench\videos\Real\Real\videos\Xp7Xpe5K4fw_143_0to138.mp4,test,0,real,Real,,Real,Real,1,False
real_00180,0,"[[6.50421142578125, -6.115067005157471], [6.503546714782715, -6.1144633293151855], [6.503432750701904, -6.114360809326172], [6.503861427307129, -6.114752769470215], [6.503931522369385, -6.114811897277832], [6.503994941711426, -6.114871978759766], [6.504009246826172, -6.114886283874512], [6.504324436187744, -6.115178108215332], [6.50378942489624, -6.114689350128174], [6.503576755523682, -6.114492416381836]]","[3.3076212275773287e-06, 3.311819227747037e-06, 3.3125329537142534e-06, 3.309817429908435e-06, 3.3093883757828735e-06, 3.3089811495301547e-06, 3.308886334707495e-06, 3.3068768061639275e-06, 3.3102655834227335e-06, 3.3116234590124805e-06]",aigvd_common1000,0,,3.311819227747037e-06,JiMnA1Jos38_54_426to551.mp4,F:\MEngDatasets\AIGVDBench\videos\Real\Real\videos\JiMnA1Jos38_54_426to551.mp4,test,0,real,Real,,Real,Real,0,True
real_00181,0,"[[-0.48992425203323364, 0.7195357084274292], [-0.48991066217422485, 0.7195149064064026], [-0.48990339040756226, 0.7195030450820923], [-0.489909827709198, 0.7195093631744385], [-0.48991769552230835, 0.7195139527320862], [-0.4899332523345947, 0.7195269465446472], [-0.4899504780769348, 0.7195430994033813], [-0.4899299740791321, 0.719509482383728], [-0.4899258613586426, 0.719497799873352], [-0.48998206853866577, 0.7195644378662109], [-0.48996829986572266, 0.719538688659668]]","[0.7702034115791321, 0.7701972723007202, 0.770193874835968, 0.7701961994171143, 0.770198404788971, 0.7702034711837769, 0.7702093720436096, 0.7701997756958008, 0.7701969742774963, 0.7702187299728394, 0.7702116966247559]",aigvd_common1000,0,,0.7701972723007202,8E_EqVsYfKk_13_28to160.mp4,F:\MEngDatasets\AIGVDBench\videos\Real\Real\videos\8E_EqVsYfKk_13_28to160.mp4,test,0,real,Real,,Real,Real,1,False
real_00182,0,"[[-16.804309844970703, 23.885953903198242], [-16.80441665649414, 23.886009216308594], [-16.80362319946289, 23.885087966918945], [-16.804637908935547, 23.886329650878906], [-16.804201126098633, 23.885845184326172], [-16.803546905517578, 23.88507080078125], [-16.803625106811523, 23.8851318359375], [-16.80487823486328, 23.886594772338867], [-16.805959701538086, 23.88791847229004], [-16.803049087524414, 23.884498596191406], [-16.80241584777832, 23.883760452270508], [-16.802717208862305, 23.88412857055664], [-16.802474975585938, 23.883865356445312], [-16.802410125732422, 23.883785247802734], [-16.802570343017578, 23.883970260620117], [-16.802316665649414, 23.883678436279297], [-16.80255126953125, 23.88395118713379], [-16.802648544311523, 23.884063720703125], [-16.802574157714844, 23.883970260620117], [-16.80258560180664, 23.883987426757812], [-21.603744506835938, 31.019733428955078], [-21.60338592529297, 31.01927947998047], [-21.603761672973633, 31.019882202148438], [-21.603609085083008, 31.019689559936523], [-21.603351593017578, 31.01923179626465], [-21.603919982910156, 31.020029067993164], [-21.603511810302734, 31.01942253112793], [-21.60369873046875, 31.019697189331055], [-21.60403060913086, 31.02018928527832], [-21.604156494140625, 31.020389556884766], [-21.604000091552734, 31.0201416015625], [-21.60395622253418, 31.020099639892578], [-21.603919982910156, 31.020044326782227], [-21.603588104248047, 31.01955795288086], [-21.604219436645508, 31.02048110961914], [-21.60397720336914, 31.02012825012207], [-21.603933334350586, 31.02005958557129], [-21.60425567626953, 31.020523071289062], [-21.60425567626953, 31.020519256591797], [-21.604162216186523, 31.020410537719727], [-19.299169540405273, 29.09343910217285], [-19.299163818359375, 29.09342384338379], [-19.29916000366211, 29.093393325805664], [-19.299144744873047, 29.093387603759766], [-19.299222946166992, 29.093502044677734], [-19.299436569213867, 29.093774795532227], [-19.299875259399414, 29.094371795654297], [-19.29937171936035, 29.093534469604492], [-19.299264907836914, 29.093294143676758], [-19.29780387878418, 29.091062545776367], [-19.29917335510254, 29.093435287475586], [-19.29964828491211, 29.094209671020508], [-19.29999351501465, 29.09475326538086], [-19.299827575683594, 29.09442901611328], [-19.299846649169922, 29.094411849975586], [-19.301084518432617, 29.095577239990234], [-19.301334381103516, 29.09592628479004], [-19.301177978515625, 29.095813751220703], [-19.30107879638672, 29.095664978027344], [-19.3010196685791, 29.095457077026367], [-17.28325843811035, 25.309656143188477], [-17.283578872680664, 25.31020164489746], [-17.283702850341797, 25.31031608581543], [-17.282875061035156, 25.30923843383789], [-17.283140182495117, 25.309600830078125], [-17.28325080871582, 25.30945587158203], [-17.283477783203125, 25.30985450744629], [-17.28384017944336, 25.310611724853516]]","[1.0, 1.0, 1.0, 1.0, 1.0, 1.0, 1.0, 1.0, 1.0, 1.0, 1.0, 1.0, 1.0, 1.0, 1.0, 1.0, 1.0, 1.0, 1.0, 1.0, 1.0, 1.0, 1.0, 1.0, 1.0, 1.0, 1.0, 1.0, 1.0, 1.0, 1.0, 1.0, 1.0, 1.0, 1.0, 1.0, 1.0, 1.0, 1.0, 1.0, 1.0, 1.0, 1.0, 1.0, 1.0, 1.0, 1.0, 1.0, 1.0, 1.0, 1.0, 1.0, 1.0, 1.0, 1.0, 1.0, 1.0, 1.0, 1.0, 1.0, 1.0, 1.0, 1.0, 1.0, 1.0, 1.0, 1.0, 1.0]",aigvd_common1000,0,,1.0,cVXOomRcwbc_23_0to706.mp4,F:\MEngDatasets\AIGVDBench\videos\Real\Real\videos\cVXOomRcwbc_23_0to706.mp4,test,0,real,Real,,Real,Real,1,False
real_00183,0,"[[-9.603471755981445, 14.302660942077637], [-9.603260040283203, 14.30235767364502], [-9.603310585021973, 14.302450180053711], [-9.603616714477539, 14.30284595489502], [-9.604019165039062, 14.30346965789795], [-9.6044282913208, 14.304139137268066], [-9.60470962524414, 14.304513931274414], [-9.6044340133667, 14.304118156433105]]","[1.0, 1.0, 1.0, 1.0, 1.0, 1.0, 1.0, 1.0]",aigvd_common1000,0,,1.0,3ZMZsIn4B_U_2_0to109.mp4,F:\MEngDatasets\AIGVDBench\videos\Real\Real\videos\3ZMZsIn4B_U_2_0to109.mp4,test,0,real,Real,,Real,Real,1,False
real_00184,0,"[[-4.809726715087891, 7.207097053527832], [-4.809483528137207, 7.206724643707275], [-4.809732913970947, 7.207042217254639], [-4.809763431549072, 7.207068920135498], [-4.809384822845459, 7.206508159637451], [-4.809545516967773, 7.20668363571167], [-4.809764862060547, 7.207030296325684], [-4.809784412384033, 7.20703125], [-4.809484004974365, 7.206579208374023], [-4.80968713760376, 7.206902027130127], [-4.80975866317749, 7.207080364227295], [-4.809593677520752, 7.206844806671143], [-4.809448719024658, 7.206606388092041], [-4.809570789337158, 7.206759452819824], [-4.809649467468262, 7.206828594207764], [-4.809880256652832, 7.207160472869873], [-4.809778213500977, 7.20703125], [-4.80944299697876, 7.206578254699707], [-4.809201240539551, 7.206254005432129], [-4.80919885635376, 7.20623254776001], [-8.679991722106934, 10.900223731994629], [-8.679707527160645, 10.899868965148926], [-8.679667472839355, 10.899821281433105], [-8.679788589477539, 10.899998664855957], [-8.680022239685059, 10.900300025939941], [-8.680415153503418, 10.900790214538574], [-8.680397987365723, 10.900763511657715], [-8.680135726928711, 10.900415420532227], [-8.679826736450195, 10.90002155303955], [-8.679610252380371, 10.899748802185059], [-8.679429054260254, 10.899518966674805], [-8.679511070251465, 10.899628639221191]]","[0.9999939203262329, 0.9999939203262329, 0.9999939203262329, 0.9999939203262329, 0.9999939203262329, 0.9999939203262329, 0.9999939203262329, 0.9999939203262329, 0.9999939203262329, 0.9999939203262329, 0.9999939203262329, 0.9999939203262329, 0.9999939203262329, 0.9999939203262329, 0.9999939203262329, 0.9999939203262329, 0.9999939203262329, 0.9999939203262329, 0.9999939203262329, 0.9999939203262329, 1.0, 1.0, 1.0, 1.0, 1.0, 1.0, 1.0, 1.0, 1.0, 1.0, 1.0, 1.0]",aigvd_common1000,0,,0.9999939203262329,s9R1LAyD1Xc_37_0to323.mp4,F:\MEngDatasets\AIGVDBench\videos\Real\Real\videos\s9R1LAyD1Xc_37_0to323.mp4,test,0,real,Real,,Real,Real,1,False
real_00185,0,"[[-10.864872932434082, 14.629804611206055], [-10.864861488342285, 14.62979507446289], [-10.864851951599121, 14.629791259765625], [-10.864852905273438, 14.629798889160156], [-10.86489200592041, 14.629858016967773], [-10.8649263381958, 14.629891395568848], [-10.864906311035156, 14.629870414733887], [-10.864869117736816, 14.62984561920166], [-10.864943504333496, 14.629924774169922], [-10.865279197692871, 14.630425453186035], [-10.865291595458984, 14.630441665649414]]","[1.0, 1.0, 1.0, 1.0, 1.0, 1.0, 1.0, 1.0, 1.0, 1.0, 1.0]",aigvd_common1000,0,,1.0,gecJ4L9Iz0Q_19_0to110.mp4,F:\MEngDatasets\AIGVDBench\videos\Real\Real\videos\gecJ4L9Iz0Q_19_0to110.mp4,test,0,real,Real,,Real,Real,1,False
real_00186,0,"[[-15.263317108154297, 21.183530807495117], [-15.26307201385498, 21.183162689208984], [-15.264546394348145, 21.185102462768555], [-15.264983177185059, 21.18573570251465], [-15.262131690979004, 21.181961059570312], [-15.262630462646484, 21.182628631591797], [-15.261436462402344, 21.180940628051758], [-15.261297225952148, 21.180713653564453], [-15.262985229492188, 21.18303680419922], [-15.263636589050293, 21.183897018432617], [-15.264076232910156, 21.18442726135254], [-15.263694763183594, 21.183635711669922], [-15.264498710632324, 21.18473243713379]]","[1.0, 1.0, 1.0, 1.0, 1.0, 1.0, 1.0, 1.0, 1.0, 1.0, 1.0, 1.0, 1.0]",aigvd_common1000,0,,1.0,8h2VzhXzW78_8_0to136.mp4,F:\MEngDatasets\AIGVDBench\videos\Real\Real\videos\8h2VzhXzW78_8_0to136.mp4,test,0,real,Real,,Real,Real,1,False
real_00187,0,"[[-8.694928169250488, 11.001832008361816], [-8.69568920135498, 11.002860069274902], [-8.69631290435791, 11.003722190856934], [-8.69690227508545, 11.004585266113281], [-8.696884155273438, 11.004669189453125], [-8.696297645568848, 11.003787994384766], [-8.69589900970459, 11.003203392028809], [-8.695365905761719, 11.002348899841309], [-8.695066452026367, 11.001823425292969], [-8.694504737854004, 11.001031875610352], [-8.6941556930542, 11.000513076782227], [-8.694010734558105, 11.000267028808594], [-8.694035530090332, 11.00039291381836], [-8.694311141967773, 11.000778198242188], [-8.694197654724121, 11.000550270080566]]","[1.0, 1.0, 1.0, 1.0, 1.0, 1.0, 1.0, 1.0, 1.0, 1.0, 1.0, 1.0, 1.0, 1.0, 1.0]",aigvd_common1000,0,,1.0,_jybBErIEz0_0_0to158.mp4,F:\MEngDatasets\AIGVDBench\videos\Real\Real\videos\_jybBErIEz0_0_0to158.mp4,test,0,real,Real,,Real,Real,1,False
real_00188,0,"[[-5.99068021774292, 7.856298923492432], [-5.989704132080078, 7.855209827423096], [-5.989509105682373, 7.854992389678955], [-5.989214897155762, 7.854667663574219], [-5.9887285232543945, 7.854121685028076], [-5.988942623138428, 7.854347229003906], [-5.988652229309082, 7.85404109954834], [-5.988048553466797, 7.8533525466918945], [-5.987865924835205, 7.853142738342285], [-5.988667011260986, 7.8540472984313965], [-5.989492416381836, 7.854976177215576], [-5.990037441253662, 7.855593681335449], [-5.988022804260254, 7.853277206420898], [-5.987313270568848, 7.852468967437744], [-5.988031387329102, 7.853275299072266], [-5.98779296875, 7.853011608123779], [-5.988712310791016, 7.854043960571289], [-5.988626003265381, 7.853961944580078], [-5.989398002624512, 7.85485315322876], [-5.988781452178955, 7.854145526885986], [-12.456937789916992, 15.319319725036621], [-12.457571983337402, 15.320708274841309], [-12.456740379333496, 15.319459915161133]]","[0.9999990463256836, 0.9999990463256836, 0.9999990463256836, 0.9999990463256836, 0.9999990463256836, 0.9999990463256836, 0.9999990463256836, 0.9999990463256836, 0.9999990463256836, 0.9999990463256836, 0.9999990463256836, 0.9999990463256836, 0.9999990463256836, 0.9999990463256836, 0.9999990463256836, 0.9999990463256836, 0.9999990463256836, 0.9999990463256836, 0.9999990463256836, 0.9999990463256836, 1.0, 1.0, 1.0]",aigvd_common1000,0,,0.9999990463256836,nfn4QVJ7d24_12_49to303.mp4,F:\MEngDatasets\AIGVDBench\videos\Real\Real\videos\nfn4QVJ7d24_12_49to303.mp4,test,0,real,Real,,Real,Real,1,False
real_00189,0,"[[-9.399080276489258, 13.386635780334473], [-9.399367332458496, 13.387171745300293], [-9.399227142333984, 13.386872291564941], [-9.399106979370117, 13.38660717010498], [-9.399197578430176, 13.386786460876465], [-9.398780822753906, 13.385939598083496], [-9.398686408996582, 13.38578987121582], [-9.398764610290527, 13.385943412780762], [-9.398598670959473, 13.385594367980957]]","[1.0, 1.0, 1.0, 1.0, 1.0, 1.0, 1.0, 1.0, 1.0]",aigvd_common1000,0,,1.0,59rVyli9rss_31_101to216.mp4,F:\MEngDatasets\AIGVDBench\videos\Real\Real\videos\59rVyli9rss_31_101to216.mp4,test,0,real,Real,,Real,Real,1,False
real_00190,0,"[[1.23350989818573, -1.418054223060608], [1.2331347465515137, -1.4176534414291382], [1.2334277629852295, -1.41796875], [1.2332754135131836, -1.4178004264831543], [1.2337027788162231, -1.4182682037353516], [1.2334390878677368, -1.4179624319076538], [1.2338672876358032, -1.4184304475784302], [1.2337428331375122, -1.4182995557785034], [1.2338337898254395, -1.4183827638626099], [1.2339942455291748, -1.4185471534729004], [1.2343417406082153, -1.4189229011535645], [1.2347663640975952, -1.4193776845932007], [1.2349352836608887, -1.419560432434082], [1.2355512380599976, -1.4202330112457275], [1.235793113708496, -1.4205118417739868], [1.235554575920105, -1.4202592372894287], [1.2356454133987427, -1.4203636646270752], [1.2354252338409424, -1.420135498046875], [1.2357432842254639, -1.4204691648483276], [1.2356014251708984, -1.4203325510025024]]","[0.06589267402887344, 0.06594043970108032, 0.06590299308300018, 0.06592272967100143, 0.06586764007806778, 0.06590268760919571, 0.06584753096103668, 0.0658632442355156, 0.06585253775119781, 0.06583254784345627, 0.06578809022903442, 0.06573405116796494, 0.06571245938539505, 0.06563340127468109, 0.06560148298740387, 0.06563158333301544, 0.06561959534883499, 0.06564710289239883, 0.06560714542865753, 0.06562421470880508]",aigvd_common1000,0,,0.06594043970108032,9aMid-fqDDI_15_0to201.mp4,F:\MEngDatasets\AIGVDBench\videos\Real\Real\videos\9aMid-fqDDI_15_0to201.mp4,test,0,real,Real,,Real,Real,0,True
real_00191,0,"[[-0.06612765043973923, -0.02377769537270069], [-0.06619323045015335, -0.02370571158826351], [-0.06666779518127441, -0.02313978224992752], [-0.06661483645439148, -0.023201027885079384], [-0.06673319637775421, -0.02307160384953022], [-0.06678054481744766, -0.023024121299386024], [-0.066740021109581, -0.023067649453878403], [-0.06665822863578796, -0.0231559369713068]]","[0.5105859041213989, 0.5106202960014343, 0.5108802914619446, 0.5108517408370972, 0.5109136700630188, 0.5109373331069946, 0.5109163522720337, 0.5108738541603088]",aigvd_common1000,0,,0.5106202960014343,AVyiv6eJWq0_11_0to104.mp4,F:\MEngDatasets\AIGVDBench\videos\Real\Real\videos\AVyiv6eJWq0_11_0to104.mp4,test,0,real,Real,,Real,Real,1,False
real_00192,0,"[[-6.5810017585754395, 8.829768180847168], [-6.580763816833496, 8.829429626464844], [-6.580935478210449, 8.829699516296387], [-6.581291675567627, 8.830245971679688], [-6.581345081329346, 8.830349922180176], [-6.581325054168701, 8.830348014831543], [-6.580979824066162, 8.829817771911621], [-6.580814838409424, 8.829617500305176], [-6.581286907196045, 8.830338478088379], [-6.581259250640869, 8.830317497253418], [-6.58074426651001, 8.829541206359863]]","[0.9999997615814209, 0.9999997615814209, 0.9999997615814209, 0.9999997615814209, 0.9999997615814209, 0.9999997615814209, 0.9999997615814209, 0.9999997615814209, 0.9999997615814209, 0.9999997615814209, 0.9999997615814209]",aigvd_common1000,0,,0.9999997615814209,a743JFvmp9k_2_26to157.mp4,F:\MEngDatasets\AIGVDBench\videos\Real\Real\videos\a743JFvmp9k_2_26to157.mp4,test,0,real,Real,,Real,Real,1,False
real_00193,0,"[[-3.444486379623413, 6.169397830963135], [-3.4450933933258057, 6.170186996459961], [-3.4448297023773193, 6.169398307800293], [-3.444763660430908, 6.169195175170898], [-3.44476580619812, 6.169195652008057], [-3.444859266281128, 6.169412612915039], [-3.4449462890625, 6.169561862945557], [-3.444934606552124, 6.16965913772583], [-3.445233106613159, 6.170397758483887], [-3.445453405380249, 6.171304225921631], [-3.445370674133301, 6.171154022216797], [-3.445301055908203, 6.171079158782959], [-3.4451231956481934, 6.170821666717529], [-3.445175886154175, 6.1708784103393555], [-3.445089340209961, 6.170722484588623], [-3.445101022720337, 6.1706366539001465], [-3.4451863765716553, 6.1706862449646], [-3.445131540298462, 6.170676231384277], [-3.44521164894104, 6.170901775360107], [-3.4452266693115234, 6.1709208488464355]]","[0.9999332427978516, 0.9999332427978516, 0.9999332427978516, 0.9999332427978516, 0.9999332427978516, 0.9999332427978516, 0.9999332427978516, 0.9999332427978516, 0.9999333620071411, 0.9999333620071411, 0.9999333620071411, 0.9999333620071411, 0.9999333620071411, 0.9999333620071411, 0.9999333620071411, 0.9999333620071411, 0.9999333620071411, 0.9999333620071411, 0.9999333620071411, 0.9999333620071411]",aigvd_common1000,0,,0.9999332427978516,vO3lAoKlsxY_43_0to200.mp4,F:\MEngDatasets\AIGVDBench\videos\Real\Real\videos\vO3lAoKlsxY_43_0to200.mp4,test,0,real,Real,,Real,Real,1,False
real_00194,0,"[[-19.032909393310547, 22.41200065612793], [-19.03261947631836, 22.4113712310791], [-19.03310775756836, 22.412208557128906], [-19.032943725585938, 22.41188621520996], [-19.03327178955078, 22.412471771240234], [-19.033462524414062, 22.412731170654297], [-19.032855987548828, 22.411720275878906], [-19.033315658569336, 22.412504196166992], [-19.032962799072266, 22.411888122558594]]","[1.0, 1.0, 1.0, 1.0, 1.0, 1.0, 1.0, 1.0, 1.0]",aigvd_common1000,0,,1.0,cWn5vARbHB0_28_46to166.mp4,F:\MEngDatasets\AIGVDBench\videos\Real\Real\videos\cWn5vARbHB0_28_46to166.mp4,test,0,real,Real,,Real,Real,1,False
real_00195,0,"[[-4.023514270782471, 5.467893123626709], [-4.023443698883057, 5.467799186706543], [-4.023417949676514, 5.467770099639893], [-4.023406028747559, 5.467750549316406], [-4.0234270095825195, 5.467772006988525], [-4.0234174728393555, 5.467761516571045], [-4.022615909576416, 5.466551780700684], [-4.021972179412842, 5.465653419494629], [-4.021907329559326, 5.4655303955078125], [-4.0218939781188965, 5.465507507324219], [-4.023262977600098, 5.467238903045654], [-4.023122787475586, 5.467036724090576], [-4.023858547210693, 5.468013763427734], [-4.024705410003662, 5.469125270843506], [-4.023845672607422, 5.467958927154541], [-4.023616313934326, 5.4677839279174805], [-4.023134231567383, 5.467093467712402], [-4.023374557495117, 5.467416763305664], [-4.023275852203369, 5.467552185058594], [-4.023300647735596, 5.467421531677246], [-17.067127227783203, 23.446401596069336], [-17.06745719909668, 23.447343826293945], [-17.068143844604492, 23.448246002197266]]","[0.9999245405197144, 0.9999245405197144, 0.9999245405197144, 0.9999245405197144, 0.9999245405197144, 0.9999245405197144, 0.9999243021011353, 0.9999241828918457, 0.9999241828918457, 0.9999241828918457, 0.9999244213104248, 0.9999244213104248, 0.9999245405197144, 0.9999246597290039, 0.9999245405197144, 0.9999245405197144, 0.9999244213104248, 0.9999244213104248, 0.9999244213104248, 0.9999244213104248, 1.0, 1.0, 1.0]",aigvd_common1000,0,,0.9999245405197144,jty7y2KedUE_23_0to259.mp4,F:\MEngDatasets\AIGVDBench\videos\Real\Real\videos\jty7y2KedUE_23_0to259.mp4,test,0,real,Real,,Real,Real,1,False
real_00196,0,"[[-2.534327983856201, 3.3497817516326904], [-2.5339338779449463, 3.349252700805664], [-2.533341884613037, 3.3485007286071777], [-2.533050298690796, 3.3481101989746094], [-2.5329670906066895, 3.3480000495910645], [-2.5330848693847656, 3.3481364250183105], [-2.5330841541290283, 3.3481225967407227], [-2.5325875282287598, 3.347468852996826], [-2.5325918197631836, 3.3474538326263428], [-2.5327634811401367, 3.3476967811584473], [-2.5328779220581055, 3.347870111465454], [-2.5334293842315674, 3.348653793334961], [-2.5338687896728516, 3.3492655754089355], [-2.53354549407959, 3.348803758621216], [-2.534827470779419, 3.3504066467285156], [-2.5319621562957764, 3.346750497817993], [-2.532548666000366, 3.3475735187530518], [-2.535125970840454, 3.350771903991699], [-2.5343520641326904, 3.3497142791748047], [-2.5342178344726562, 3.3494319915771484], [-3.7457892894744873, 5.018087387084961], [-3.745279312133789, 5.0174455642700195], [-3.745332717895508, 5.017446517944336], [-3.7452926635742188, 5.017341613769531], [-3.7455079555511475, 5.017656326293945], [-3.745210886001587, 5.017248630523682], [-3.7452168464660645, 5.0172953605651855], [-3.7450294494628906, 5.017075538635254], [-3.7453744411468506, 5.017552852630615]]","[0.9972244501113892, 0.997221827507019, 0.997218132019043, 0.9972162246704102, 0.9972156286239624, 0.9972163438796997, 0.9972163438796997, 0.9972131848335266, 0.9972131848335266, 0.9972142577171326, 0.9972150325775146, 0.9972187280654907, 0.9972217082977295, 0.9972195625305176, 0.9972274899482727, 0.997209370136261, 0.9972134232521057, 0.9972293972969055, 0.9972243309020996, 0.9972231388092041, 0.9998437166213989, 0.9998435974121094, 0.9998435974121094, 0.9998434782028198, 0.9998435974121094, 0.9998434782028198, 0.9998434782028198, 0.9998434782028198, 0.9998435974121094]",aigvd_common1000,0,,0.997221827507019,hU-KE7VvDfM_21_67to381.mp4,F:\MEngDatasets\AIGVDBench\videos\Real\Real\videos\hU-KE7VvDfM_21_67to381.mp4,test,0,real,Real,,Real,Real,1,False
real_00197,0,"[[9.589925765991211, -10.819734573364258], [9.589988708496094, -10.819777488708496], [9.589862823486328, -10.819690704345703], [9.589807510375977, -10.819656372070312], [9.589998245239258, -10.819792747497559], [9.5899658203125, -10.819771766662598], [9.589886665344238, -10.819716453552246], [9.589930534362793, -10.819742202758789], [9.589902877807617, -10.819725036621094], [9.589736938476562, -10.819601058959961], [9.58981990814209, -10.819659233093262], [9.589781761169434, -10.819643020629883], [9.589818000793457, -10.819663047790527]]","[1.3683498778505054e-09, 1.3682036614781623e-09, 1.3684959832005461e-09, 1.3686186628447672e-09, 1.3681723531888679e-09, 1.3682454058638882e-09, 1.3684281485737415e-09, 1.3683341126835558e-09, 1.368394175749188e-09, 1.368790969458189e-09, 1.3685979016742067e-09, 1.3686735078621837e-09, 1.3685951261166451e-09]",aigvd_common1000,0,,1.3682036614781623e-09,p8ib7bXxYwc_4_655to814.mp4,F:\MEngDatasets\AIGVDBench\videos\Real\Real\videos\p8ib7bXxYwc_4_655to814.mp4,test,0,real,Real,,Real,Real,0,True
real_00198,0,"[[5.259977340698242, -5.676126003265381], [5.260023593902588, -5.676153182983398], [5.2601399421691895, -5.676234722137451], [5.260148525238037, -5.67624044418335], [5.260130405426025, -5.676234722137451], [5.260138511657715, -5.676242828369141], [5.2600555419921875, -5.6761884689331055], [5.260192394256592, -5.676280975341797], [5.260140895843506, -5.6762471199035645], [5.2601728439331055, -5.676261901855469], [5.260177135467529, -5.676274299621582], [5.260028839111328, -5.676163196563721], [5.260157585144043, -5.676254749298096], [5.2602410316467285, -5.676309108734131], [5.260146141052246, -5.676245212554932], [5.260237216949463, -5.67630672454834], [5.2601118087768555, -5.676219940185547]]","[1.780338971002493e-05, 1.7802100046537817e-05, 1.7798571207094938e-05, 1.7798314729589038e-05, 1.7798740373109467e-05, 1.7798451153794304e-05, 1.780089587555267e-05, 1.7796804968384095e-05, 1.7798332919483073e-05, 1.779749982233625e-05, 1.779721242201049e-05, 1.7801829017116688e-05, 1.779789090505801e-05, 1.7795446183299646e-05, 1.779826379788574e-05, 1.7795548046706244e-05, 1.7799333363655023e-05]",aigvd_common1000,0,,1.7802100046537817e-05,VtXuGg0Qkro_82_0to197.mp4,F:\MEngDatasets\AIGVDBench\videos\Real\Real\videos\VtXuGg0Qkro_82_0to197.mp4,test,0,real,Real,,Real,Real,0,True
real_00199,0,"[[-10.883194923400879, 14.517247200012207], [-10.882411003112793, 14.5160551071167], [-10.882509231567383, 14.516100883483887], [-10.882683753967285, 14.516383171081543], [-10.882634162902832, 14.516280174255371], [-10.882576942443848, 14.516127586364746], [-10.882445335388184, 14.515948295593262], [-10.882722854614258, 14.516458511352539], [-10.88299560546875, 14.516507148742676], [-10.88275146484375, 14.515830993652344]]","[1.0, 1.0, 1.0, 1.0, 1.0, 1.0, 1.0, 1.0, 1.0, 1.0]",aigvd_common1000,0,,1.0,8nieamUmSEA_256_0to102.mp4,F:\MEngDatasets\AIGVDBench\videos\Real\Real\videos\8nieamUmSEA_256_0to102.mp4,test,0,real,Real,,Real,Real,1,False
real_00200,0,"[[2.1814451217651367, -2.6526808738708496], [2.181767702102661, -2.653002977371216], [2.1810567378997803, -2.6522817611694336], [2.1816792488098145, -2.652914047241211], [2.1813995838165283, -2.6526241302490234], [2.1812965869903564, -2.65252423286438], [2.181396007537842, -2.6526222229003906], [2.1812901496887207, -2.6525208950042725], [2.1812973022460938, -2.6525275707244873], [2.1816132068634033, -2.6528682708740234], [2.181790351867676, -2.6530613899230957], [2.1816673278808594, -2.6529407501220703], [2.180917501449585, -2.652188539505005], [2.181507110595703, -2.6527791023254395], [2.1817169189453125, -2.652987003326416], [2.181520700454712, -2.6527888774871826], [2.181431770324707, -2.6526999473571777], [2.181299924850464, -2.6525676250457764]]","[0.00789087638258934, 0.007885830476880074, 0.00789704080671072, 0.007887217216193676, 0.007891678251326084, 0.007893265224993229, 0.007891719229519367, 0.007893343456089497, 0.007893230766057968, 0.007888095453381538, 0.007885195314884186, 0.007887101732194424, 0.007898864336311817, 0.007889620959758759, 0.007886352948844433, 0.007889438420534134, 0.00789082981646061, 0.007892899215221405]",aigvd_common1000,0,,0.007885830476880074,axKP6KBH49c_4_0to185.mp4,F:\MEngDatasets\AIGVDBench\videos\Real\Real\videos\axKP6KBH49c_4_0to185.mp4,test,0,real,Real,,Real,Real,0,True
real_00201,0,"[[-9.541112899780273, 13.124552726745605], [-9.541219711303711, 13.124667167663574], [-9.541207313537598, 13.124650001525879], [-9.541275024414062, 13.124695777893066], [-9.541481018066406, 13.125099182128906], [-9.541440963745117, 13.125014305114746], [-9.541180610656738, 13.124506950378418], [-9.540877342224121, 13.123919486999512], [-9.540664672851562, 13.123445510864258], [-9.540731430053711, 13.123638153076172], [-9.540491104125977, 13.123099327087402]]","[1.0, 1.0, 1.0, 1.0, 1.0, 1.0, 1.0, 1.0, 1.0, 1.0, 1.0]",aigvd_common1000,0,,1.0,iWdkJPc7TV8_24_0to115.mp4,F:\MEngDatasets\AIGVDBench\videos\Real\Real\videos\iWdkJPc7TV8_24_0to115.mp4,test,0,real,Real,,Real,Real,1,False
real_00202,0,"[[-14.800596237182617, 23.31011962890625], [-14.800185203552246, 23.30962562561035], [-14.800324440002441, 23.309995651245117], [-14.799996376037598, 23.309633255004883], [-14.80225944519043, 23.312498092651367], [-14.80341625213623, 23.314002990722656], [-14.802467346191406, 23.312517166137695], [-14.801871299743652, 23.311721801757812], [-14.800891876220703, 23.31047821044922], [-14.80009937286377, 23.30956268310547], [-14.797293663024902, 23.305612564086914], [-14.797178268432617, 23.305347442626953]]","[1.0, 1.0, 1.0, 1.0, 1.0, 1.0, 1.0, 1.0, 1.0, 1.0, 1.0, 1.0]",aigvd_common1000,0,,1.0,o2LQGDTAF0A_25_0to126.mp4,F:\MEngDatasets\AIGVDBench\videos\Real\Real\videos\o2LQGDTAF0A_25_0to126.mp4,test,0,real,Real,,Real,Real,1,False
real_00203,0,"[[-8.295232772827148, 10.800029754638672], [-8.295198440551758, 10.799969673156738], [-8.295740127563477, 10.800689697265625], [-8.294966697692871, 10.79964828491211], [-8.294468879699707, 10.79897403717041], [-8.294445991516113, 10.79896354675293], [-8.293133735656738, 10.797080039978027], [-8.292037963867188, 10.795483589172363], [-8.292375564575195, 10.796006202697754], [-8.292309761047363, 10.795763969421387], [-8.292623519897461, 10.79631233215332], [-8.292129516601562, 10.795559883117676], [-8.291722297668457, 10.794990539550781], [-8.29204273223877, 10.795451164245605], [-8.291797637939453, 10.795096397399902], [-8.292498588562012, 10.796041488647461], [-8.292248725891113, 10.795748710632324], [-8.29262924194336, 10.796263694763184], [-8.292802810668945, 10.796553611755371], [-8.29235553741455, 10.795873641967773], [15.239398002624512, -14.227795600891113], [15.239280700683594, -14.227714538574219], [15.239378929138184, -14.227788925170898], [15.239778518676758, -14.228075981140137], [15.23981761932373, -14.228072166442871], [15.239762306213379, -14.228059768676758], [15.23999309539795, -14.228214263916016], [15.239696502685547, -14.228005409240723], [15.239832878112793, -14.22807788848877], [15.239501953125, -14.227860450744629], [15.23940658569336, -14.227807998657227], [15.239885330200195, -14.228118896484375], [15.239773750305176, -14.228032112121582], [15.2399320602417, -14.228130340576172], [15.239893913269043, -14.228119850158691], [15.240041732788086, -14.22822093963623], [15.240221977233887, -14.2283296585083], [15.240279197692871, -14.228357315063477]]","[1.0, 1.0, 1.0, 1.0, 1.0, 1.0, 1.0, 1.0, 1.0, 1.0, 1.0, 1.0, 1.0, 1.0, 1.0, 1.0, 1.0, 1.0, 1.0, 1.0, 1.5942646779554953e-13, 1.594580993939318e-13, 1.5943072328907654e-13, 1.5932128663229128e-13, 1.593155132557228e-13, 1.593261519895403e-13, 1.5926477259405047e-13, 1.5934559986600927e-13, 1.593121793340424e-13, 1.5939971510694345e-13, 1.5942312032134198e-13, 1.5929728510669788e-13, 1.5932887604749868e-13, 1.5928786610032442e-13, 1.592957672236564e-13, 1.5925626160699646e-13, 1.5921011525203005e-13, 1.59196738907727e-13]",aigvd_common1000,0,,1.0,33aJsPSvRSk_56_74to478.mp4,F:\MEngDatasets\AIGVDBench\videos\Real\Real\videos\33aJsPSvRSk_56_74to478.mp4,test,0,real,Real,,Real,Real,1,False
real_00204,0,"[[-8.667217254638672, 9.1875581741333], [-8.667604446411133, 9.188101768493652], [-8.667617797851562, 9.18812084197998], [-8.667488098144531, 9.187954902648926], [-8.667119979858398, 9.187356948852539], [-8.666810989379883, 9.186873435974121], [-8.667342185974121, 9.187678337097168], [-8.667041778564453, 9.187310218811035], [-8.666975975036621, 9.187203407287598], [-8.667157173156738, 9.18743896484375], [-8.666568756103516, 9.186675071716309], [-8.666638374328613, 9.18674087524414], [-8.667215347290039, 9.187566757202148], [-8.66675853729248, 9.186985969543457], [-8.666640281677246, 9.18680477142334], [-8.666661262512207, 9.186816215515137], [-8.667181968688965, 9.187525749206543], [-8.667215347290039, 9.187570571899414], [-8.667255401611328, 9.187639236450195], [-8.667088508605957, 9.187422752380371], [-8.862244606018066, 11.560359954833984], [-8.862322807312012, 11.560468673706055], [-8.862166404724121, 11.560149192810059], [-8.86204719543457, 11.5599365234375], [-8.862305641174316, 11.560247421264648]]","[1.0, 1.0, 1.0, 1.0, 1.0, 1.0, 1.0, 1.0, 1.0, 1.0, 1.0, 1.0, 1.0, 1.0, 1.0, 1.0, 1.0, 1.0, 1.0, 1.0, 1.0, 1.0, 1.0, 1.0, 1.0]",aigvd_common1000,0,,1.0,0K-NUNgaM6Y_35_0to253.mp4,F:\MEngDatasets\AIGVDBench\videos\Real\Real\videos\0K-NUNgaM6Y_35_0to253.mp4,test,0,real,Real,,Real,Real,1,False
real_00205,0,"[[-18.001384735107422, 27.882606506347656], [-18.00196075439453, 27.883432388305664], [-18.001861572265625, 27.88326072692871], [-18.002155303955078, 27.883800506591797], [-18.00221824645996, 27.883960723876953], [-18.002267837524414, 27.88404083251953], [-18.00197410583496, 27.883577346801758], [-18.00201416015625, 27.8835506439209]]","[1.0, 1.0, 1.0, 1.0, 1.0, 1.0, 1.0, 1.0]",aigvd_common1000,0,,1.0,15jukZlAd-A_31_36to137.mp4,F:\MEngDatasets\AIGVDBench\videos\Real\Real\videos\15jukZlAd-A_31_36to137.mp4,test,0,real,Real,,Real,Real,1,False
real_00206,0,"[[-6.026071548461914, 7.89711856842041], [-6.0261077880859375, 7.897293567657471], [-6.0246686935424805, 7.895014762878418], [-6.024409770965576, 7.894593715667725], [-6.024153709411621, 7.894281387329102], [-6.024044036865234, 7.894137859344482], [-6.02390193939209, 7.89389181137085], [-6.023908615112305, 7.893901824951172], [-6.024038791656494, 7.894204616546631], [-6.02404260635376, 7.894160270690918], [-6.024031162261963, 7.8941426277160645], [-6.024644374847412, 7.8951849937438965], [-6.025042533874512, 7.895776748657227], [-6.024494647979736, 7.894853591918945], [-6.024639129638672, 7.895057201385498], [-6.025120735168457, 7.89588737487793], [-6.026480674743652, 7.898157119750977], [-6.026494979858398, 7.898159980773926]]","[0.9999990463256836, 0.9999990463256836, 0.9999990463256836, 0.9999990463256836, 0.9999990463256836, 0.9999990463256836, 0.9999990463256836, 0.9999990463256836, 0.9999990463256836, 0.9999990463256836, 0.9999990463256836, 0.9999990463256836, 0.9999990463256836, 0.9999990463256836, 0.9999990463256836, 0.9999990463256836, 0.9999990463256836, 0.9999990463256836]",aigvd_common1000,0,,0.9999990463256836,jcfvZocnrV8_29_55to259.mp4,F:\MEngDatasets\AIGVDBench\videos\Real\Real\videos\jcfvZocnrV8_29_55to259.mp4,test,0,real,Real,,Real,Real,1,False
real_00207,0,"[[4.5892109870910645, -5.54599142074585], [4.589212417602539, -5.545994758605957], [4.589127540588379, -5.545921325683594], [4.5892534255981445, -5.546029090881348], [4.589488506317139, -5.546234607696533], [4.589400768280029, -5.546158790588379], [4.589422702789307, -5.546177864074707], [4.589365005493164, -5.546125888824463], [4.589162826538086, -5.545949459075928], [4.589293003082275, -5.54606294631958], [4.589003562927246, -5.545809745788574], [4.58897590637207, -5.5457868576049805], [4.589090824127197, -5.545888900756836], [4.5892462730407715, -5.546026229858398], [4.589227199554443, -5.546008110046387], [4.58917236328125, -5.545958995819092], [4.5890278816223145, -5.545833587646484], [4.589242935180664, -5.546020030975342], [4.589296340942383, -5.5460662841796875], [4.589362144470215, -5.546125411987305], [-0.6466236114501953, 0.7677559852600098], [-0.6465820670127869, 0.7677127122879028], [-0.6465596556663513, 0.7676923274993896], [-0.6468870639801025, 0.7680390477180481], [-0.647494375705719, 0.7686746716499329], [-0.6478232145309448, 0.7690095901489258], [-0.6473329067230225, 0.7684943675994873], [-0.6467549204826355, 0.7678828239440918], [-0.6469422578811646, 0.7680776715278625], [-0.6471185088157654, 0.7682719826698303], [-0.647082507610321, 0.7682351469993591], [-0.6464835405349731, 0.7676028609275818], [-0.6470987796783447, 0.7682479619979858], [-0.6469637155532837, 0.7681014537811279], [-0.6467922925949097, 0.7679310441017151], [-0.6466968655586243, 0.7678322792053223], [-0.6468729972839355, 0.7680153250694275], [-0.646470308303833, 0.7675955891609192], [-0.6468901038169861, 0.7680249810218811], [-0.646918773651123, 0.768055260181427], [-0.6144939064979553, 0.4310327470302582], [-0.6145563125610352, 0.4311254918575287], [-0.6146488785743713, 0.4312615990638733], [-0.6146889925003052, 0.43131405115127563], [-0.6144095659255981, 0.43095070123672485], [-0.6145082712173462, 0.4310738742351532], [-0.6146417260169983, 0.43126755952835083], [-0.6149028539657593, 0.4316408634185791], [-0.6149673461914062, 0.4317466616630554], [-0.6149225831031799, 0.4316839873790741], [-0.6148543953895569, 0.43157175183296204], [-0.6149002909660339, 0.43165212869644165], [-0.6148132681846619, 0.43157127499580383], [-0.6150045394897461, 0.43180397152900696], [-0.6151149868965149, 0.431913822889328], [-0.6151442527770996, 0.43192383646965027], [-0.6148236393928528, 0.4314908981323242], [-0.6148638129234314, 0.4315176010131836], [-0.6148325204849243, 0.43146660923957825], [-0.6147631406784058, 0.4313809275627136], [0.2811148166656494, 0.155029758810997], [0.2810629606246948, 0.15508608520030975], [0.2813113331794739, 0.15479405224323273], [0.2810071110725403, 0.1551416963338852], [0.28098487854003906, 0.15519042313098907], [0.2808905839920044, 0.15530088543891907], [0.2811892628669739, 0.15493623912334442], [0.28122568130493164, 0.1549006551504135], [0.28063392639160156, 0.15559065341949463], [0.28034573793411255, 0.15591813623905182], [0.28021639585494995, 0.156058669090271], [0.2802160978317261, 0.15605805814266205], [0.28027069568634033, 0.15598253905773163], [0.28024017810821533, 0.15604989230632782], [0.2806912660598755, 0.15551094710826874], [0.28044945001602173, 0.155805304646492], [0.28024059534072876, 0.1560438722372055], [0.2803131341934204, 0.15598665177822113], [0.2803102731704712, 0.1559687703847885], [0.27984070777893066, 0.15653495490550995], [-0.03580118715763092, 0.2582099437713623], [-0.03562535345554352, 0.258006751537323], [-0.03566816821694374, 0.25807440280914307], [-0.03534036874771118, 0.25769656896591187], [-0.035338737070560455, 0.25769877433776855], [-0.03539091348648071, 0.2577454745769501], [-0.03552582114934921, 0.2579125761985779], [-0.035426706075668335, 0.2577882409095764], [-0.03544933348894119, 0.2578098475933075], [-0.03569764271378517, 0.25809913873672485], [-0.03592831641435623, 0.2583655118942261], [-0.03605232387781143, 0.25850367546081543], [-0.03621020168066025, 0.2586846947669983], [-0.03638568893074989, 0.2588891386985779], [-0.03659086674451828, 0.25911539793014526], [-0.036868736147880554, 0.25942909717559814], [-0.03620210289955139, 0.2586771547794342], [-0.036319173872470856, 0.2588150203227997], [-0.03603815287351608, 0.2584930956363678], [-0.035548705607652664, 0.2579183280467987], [-0.20143498480319977, 0.2873137891292572], [-0.20074693858623505, 0.28658515214920044], [-0.20139454305171967, 0.2872728109359741], [-0.20045821368694305, 0.28626635670661926], [-0.2010357826948166, 0.2868640422821045], [-0.20040647685527802, 0.28618884086608887], [-0.20080912113189697, 0.28661543130874634], [-0.20083855092525482, 0.28662416338920593], [-0.2017054557800293, 0.2875324785709381], [-0.20077788829803467, 0.28655725717544556], [-0.20123794674873352, 0.2870436906814575], [-0.2011372596025467, 0.28693780303001404]]","[3.965703581343405e-05, 3.965684663853608e-05, 3.966312578995712e-05, 3.965385985793546e-05, 3.9636390283703804e-05, 3.964289135183208e-05, 3.964123243349604e-05, 3.964561619795859e-05, 3.9660593756707385e-05, 3.9650949474889785e-05, 3.967247175751254e-05, 3.967447628383525e-05, 3.966589065385051e-05, 3.9654238207731396e-05, 3.965574796893634e-05, 3.965983705711551e-05, 3.967058000853285e-05, 3.9654616557527333e-05, 3.965068390243687e-05, 3.964572897530161e-05, 0.8044558167457581, 0.8044424057006836, 0.8044357895851135, 0.8045417666435242, 0.8047371506690979, 0.8048414587974548, 0.8046833872795105, 0.8044964075088501, 0.8045565485954285, 0.804614782333374, 0.8046033382415771, 0.8044096827507019, 0.8046079277992249, 0.8045636415481567, 0.8045098185539246, 0.8044793009757996, 0.8045358657836914, 0.804406464099884, 0.8045399785041809, 0.8045492768287659, 0.7399149537086487, 0.7399448156356812, 0.7399888038635254, 0.7400066256523132, 0.7398829460144043, 0.7399256229400635, 0.7399885654449463, 0.7401106357574463, 0.7401434183120728, 0.7401227355003357, 0.7400880455970764, 0.7401123642921448, 0.7400799989700317, 0.7401615977287292, 0.7402039170265198, 0.7402114868164062, 0.7400665879249573, 0.7400794625282288, 0.7400635480880737, 0.740033745765686, 0.46852046251296997, 0.46854737401008606, 0.4684128165245056, 0.468575119972229, 0.4685927629470825, 0.46864378452301025, 0.46847859025001526, 0.46846067905426025, 0.46877986192703247, 0.4689331650733948, 0.4690003991127014, 0.46900030970573425, 0.46896788477897644, 0.4689922630786896, 0.46874570846557617, 0.46887922286987305, 0.46899065375328064, 0.4689583480358124, 0.4689546227455139, 0.46921253204345703, 0.5729778409004211, 0.5728850960731506, 0.5729120969772339, 0.5727394819259644, 0.5727396011352539, 0.5727638006210327, 0.5728377103805542, 0.5727830529212952, 0.5727938413619995, 0.572925329208374, 0.5730469822883606, 0.5731111764907837, 0.5731940865516663, 0.5732870101928711, 0.5733925700187683, 0.5735372304916382, 0.5731902122497559, 0.5732525587081909, 0.5731050968170166, 0.5728447437286377, 0.6198116540908813, 0.6194777488708496, 0.6197924613952637, 0.6193345189094543, 0.6196115612983704, 0.6193040013313293, 0.6194995045661926, 0.6195085644721985, 0.619926929473877, 0.6194784641265869, 0.6197015643119812, 0.6196528673171997]",aigvd_common1000,0,,3.965684663853608e-05,lePRQNJP0BU_29_0to1128.mp4,F:\MEngDatasets\AIGVDBench\videos\Real\Real\videos\lePRQNJP0BU_29_0to1128.mp4,test,0,real,Real,,Real,Real,0,True
real_00208,0,"[[-14.142004013061523, 18.98832130432129], [-14.141990661621094, 18.9882755279541], [-14.141833305358887, 18.988065719604492], [-14.141491889953613, 18.987546920776367], [-14.1410493850708, 18.98687171936035], [-14.14049243927002, 18.985898971557617], [-14.140599250793457, 18.986055374145508], [-14.140547752380371, 18.98610496520996], [-14.141142845153809, 18.987045288085938], [-14.141003608703613, 18.98675537109375], [-14.140870094299316, 18.986597061157227], [-14.140542984008789, 18.986095428466797], [-14.140297889709473, 18.9857234954834], [-14.139782905578613, 18.984830856323242], [-14.139713287353516, 18.984508514404297], [-14.140134811401367, 18.985170364379883], [-14.139896392822266, 18.984712600708008], [-14.139596939086914, 18.984224319458008], [-14.139690399169922, 18.984275817871094], [-14.139915466308594, 18.984718322753906], [-9.648143768310547, 13.960894584655762], [-9.648039817810059, 13.960820198059082], [-9.647639274597168, 13.960186958312988], [-9.648170471191406, 13.96097469329834], [-9.648061752319336, 13.960770606994629], [-9.647738456726074, 13.960298538208008], [-9.64819049835205, 13.960874557495117], [-9.64867877960205, 13.961539268493652], [-9.648768424987793, 13.961691856384277], [-9.648945808410645, 13.961959838867188], [-9.648953437805176, 13.961935997009277], [-9.649483680725098, 13.962716102600098], [-9.648999214172363, 13.962044715881348], [-9.648560523986816, 13.961328506469727], [-9.647940635681152, 13.960502624511719], [-9.647336959838867, 13.959646224975586], [-9.647807121276855, 13.960412979125977], [-9.647445678710938, 13.959850311279297], [-9.647737503051758, 13.96025562286377], [-9.648117065429688, 13.960789680480957], [-13.463747024536133, 17.77791404724121], [-13.465479850769043, 17.780298233032227], [-13.466595649719238, 17.7818546295166], [-13.466314315795898, 17.781431198120117], [-13.465123176574707, 17.77984619140625], [-13.464095115661621, 17.778444290161133], [-13.46397590637207, 17.77829360961914], [-13.464343070983887, 17.778844833374023], [-13.463526725769043, 17.77768325805664], [-13.46354866027832, 17.777647018432617], [-13.463480949401855, 17.777591705322266], [-13.463343620300293, 17.777389526367188], [-13.463122367858887, 17.777019500732422], [-13.463553428649902, 17.777671813964844], [-13.463518142700195, 17.777597427368164], [-13.463353157043457, 17.77728271484375], [-13.463907241821289, 17.778112411499023], [-13.464003562927246, 17.77823257446289], [-13.463791847229004, 17.7779598236084], [-13.463299751281738, 17.77731704711914], [-7.221587181091309, 10.421113014221191], [-7.221542835235596, 10.421116828918457], [-7.222346782684326, 10.422065734863281], [-7.222517967224121, 10.4221773147583], [-7.223204135894775, 10.42301082611084], [-7.223642826080322, 10.423482894897461], [-7.223028659820557, 10.422776222229004], [-7.222385406494141, 10.422057151794434], [-7.223626136779785, 10.423519134521484], [-7.222671031951904, 10.422346115112305], [-7.222743511199951, 10.422454833984375], [-7.223935604095459, 10.423826217651367], [-7.222497940063477, 10.422117233276367], [-7.222022533416748, 10.42164134979248], [-7.221371173858643, 10.420927047729492], [-7.222182273864746, 10.421829223632812], [-7.2218918800354, 10.42148494720459], [-7.221451282501221, 10.420974731445312], [-7.221957683563232, 10.421485900878906], [-7.222131252288818, 10.421738624572754], [-10.603424072265625, 14.633757591247559], [-10.603385925292969, 14.633642196655273], [-10.603791236877441, 14.634208679199219], [-10.604286193847656, 14.634915351867676], [-10.604154586791992, 14.634749412536621], [-10.605011940002441, 14.635899543762207], [-10.604802131652832, 14.635615348815918], [-10.60590934753418, 14.6371488571167], [-10.606035232543945, 14.637341499328613], [-10.605793952941895, 14.636974334716797], [-10.605911254882812, 14.637149810791016], [-10.605708122253418, 14.636882781982422], [-10.604315757751465, 14.634875297546387], [-10.604325294494629, 14.634964942932129], [-10.6054048538208, 14.636378288269043], [-10.604818344116211, 14.635665893554688], [-10.6055908203125, 14.63669490814209], [-10.605539321899414, 14.636626243591309], [-10.605484008789062, 14.636576652526855], [-10.605250358581543, 14.636273384094238], [-13.326801300048828, 18.959749221801758], [-13.326732635498047, 18.959671020507812], [-13.326188087463379, 18.958711624145508], [-13.325949668884277, 18.95840072631836], [-13.326568603515625, 18.95932960510254], [-13.32730484008789, 18.960596084594727], [-13.325784683227539, 18.95831298828125], [-13.325729370117188, 18.958154678344727], [-13.324843406677246, 18.956830978393555], [-13.32557487487793, 18.957944869995117], [-13.32485580444336, 18.956960678100586], [-13.324235916137695, 18.955991744995117], [-13.324604988098145, 18.956480026245117], [-13.324747085571289, 18.95648193359375], [-13.325685501098633, 18.957765579223633], [-13.325313568115234, 18.95728874206543], [-13.325044631958008, 18.957008361816406], [-13.324762344360352, 18.95662498474121], [-13.324522018432617, 18.956270217895508], [-13.325697898864746, 18.957929611206055], [-16.571033477783203, 22.60205841064453], [-16.56932830810547, 22.599397659301758]]","[1.0, 1.0, 1.0, 1.0, 1.0, 1.0, 1.0, 1.0, 1.0, 1.0, 1.0, 1.0, 1.0, 1.0, 1.0, 1.0, 1.0, 1.0, 1.0, 1.0, 1.0, 1.0, 1.0, 1.0, 1.0, 1.0, 1.0, 1.0, 1.0, 1.0, 1.0, 1.0, 1.0, 1.0, 1.0, 1.0, 1.0, 1.0, 1.0, 1.0, 1.0, 1.0, 1.0, 1.0, 1.0, 1.0, 1.0, 1.0, 1.0, 1.0, 1.0, 1.0, 1.0, 1.0, 1.0, 1.0, 1.0, 1.0, 1.0, 1.0, 1.0, 1.0, 1.0, 1.0, 1.0, 1.0, 1.0, 1.0, 1.0, 1.0, 1.0, 1.0, 1.0, 1.0, 1.0, 1.0, 1.0, 1.0, 1.0, 1.0, 1.0, 1.0, 1.0, 1.0, 1.0, 1.0, 1.0, 1.0, 1.0, 1.0, 1.0, 1.0, 1.0, 1.0, 1.0, 1.0, 1.0, 1.0, 1.0, 1.0, 1.0, 1.0, 1.0, 1.0, 1.0, 1.0, 1.0, 1.0, 1.0, 1.0, 1.0, 1.0, 1.0, 1.0, 1.0, 1.0, 1.0, 1.0, 1.0, 1.0, 1.0, 1.0]",aigvd_common1000,0,,1.0,RlUIPfb_a7Y_2_0to1223.mp4,F:\MEngDatasets\AIGVDBench\videos\Real\Real\videos\RlUIPfb_a7Y_2_0to1223.mp4,test,0,real,Real,,Real,Real,1,False
real_00209,0,"[[-10.7712984085083, 13.512850761413574], [-10.770288467407227, 13.511396408081055], [-10.771140098571777, 13.512660026550293], [-10.771839141845703, 13.513554573059082], [-10.770329475402832, 13.511149406433105], [-10.771712303161621, 13.513239860534668], [-10.772005081176758, 13.51369571685791], [-10.771751403808594, 13.513296127319336], [-10.771810531616211, 13.513392448425293], [-10.771790504455566, 13.513352394104004]]","[1.0, 1.0, 1.0, 1.0, 1.0, 1.0, 1.0, 1.0, 1.0, 1.0]",aigvd_common1000,0,,1.0,jet4_Hc5j8I_13_0to109.mp4,F:\MEngDatasets\AIGVDBench\videos\Real\Real\videos\jet4_Hc5j8I_13_0to109.mp4,test,0,real,Real,,Real,Real,1,False
real_00210,0,"[[-4.192211151123047, 5.624791145324707], [-4.192253589630127, 5.624819278717041], [-4.192241668701172, 5.624810218811035], [-4.192361354827881, 5.625007629394531], [-4.19242525100708, 5.625070095062256], [-4.192338466644287, 5.624963283538818], [-4.192403316497803, 5.625115394592285], [-4.192841053009033, 5.625743389129639], [-4.192211627960205, 5.624824523925781], [-4.192086219787598, 5.624633312225342], [-4.191843032836914, 5.6243133544921875], [-4.1922607421875, 5.624942779541016], [-4.191991329193115, 5.62454891204834], [-4.191894054412842, 5.624416828155518], [-4.192115306854248, 5.624740123748779], [-4.191771984100342, 5.624258041381836], [-4.192431449890137, 5.625164031982422], [-4.192544460296631, 5.625347137451172], [-4.192766189575195, 5.625700950622559], [-4.192751884460449, 5.62568473815918], [-6.541792869567871, 7.740351676940918], [-6.5418829917907715, 7.740478038787842], [-6.541977405548096, 7.740607738494873], [-6.541553974151611, 7.739998817443848], [-6.542141437530518, 7.740768909454346], [-6.541862964630127, 7.740401744842529], [-6.541806697845459, 7.740280628204346], [-6.5423102378845215, 7.740988254547119], [-6.542333126068115, 7.741044998168945], [-6.5424017906188965, 7.7411208152771], [-6.542218208312988, 7.740908145904541]]","[0.9999455213546753, 0.9999455213546753, 0.9999455213546753, 0.9999455213546753, 0.9999455213546753, 0.9999455213546753, 0.9999455213546753, 0.9999455213546753, 0.9999455213546753, 0.9999455213546753, 0.9999454021453857, 0.9999455213546753, 0.9999454021453857, 0.9999454021453857, 0.9999455213546753, 0.9999454021453857, 0.9999455213546753, 0.9999455213546753, 0.9999455213546753, 0.9999455213546753, 0.9999994039535522, 0.9999994039535522, 0.9999994039535522, 0.9999994039535522, 0.9999994039535522, 0.9999994039535522, 0.9999994039535522, 0.9999994039535522, 0.9999994039535522, 0.9999994039535522, 0.9999994039535522]",aigvd_common1000,0,,0.9999455213546753,EFaSEk3e5f4_46_19to358.mp4,F:\MEngDatasets\AIGVDBench\videos\Real\Real\videos\EFaSEk3e5f4_46_19to358.mp4,test,0,real,Real,,Real,Real,1,False
real_00211,0,"[[-5.52768087387085, 6.418007850646973], [-5.527625560760498, 6.417916774749756], [-5.527957916259766, 6.418386936187744], [-5.527797698974609, 6.4181413650512695], [-5.527839183807373, 6.418199062347412], [-5.527939796447754, 6.418363571166992], [-5.527970790863037, 6.418416976928711], [-5.527885437011719, 6.418275356292725], [-5.527856826782227, 6.418301105499268], [-5.527359485626221, 6.41761589050293], [-5.5271406173706055, 6.417294979095459], [-5.527201175689697, 6.417375087738037], [-5.526967525482178, 6.41700553894043]]","[0.9999935626983643, 0.9999935626983643, 0.9999935626983643, 0.9999935626983643, 0.9999935626983643, 0.9999935626983643, 0.9999935626983643, 0.9999935626983643, 0.9999935626983643, 0.9999935626983643, 0.9999935626983643, 0.9999935626983643, 0.9999934434890747]",aigvd_common1000,0,,0.9999935626983643,tdeP8cJicXA_14_0to136.mp4,F:\MEngDatasets\AIGVDBench\videos\Real\Real\videos\tdeP8cJicXA_14_0to136.mp4,test,0,real,Real,,Real,Real,1,False
real_00212,0,"[[-15.208395957946777, 20.579631805419922], [-15.20802116394043, 20.57962989807129], [-15.20772647857666, 20.579252243041992], [-15.207776069641113, 20.579387664794922], [-15.208099365234375, 20.57973861694336], [-15.208871841430664, 20.581031799316406], [-15.208861351013184, 20.580930709838867], [-15.208620071411133, 20.580549240112305], [-15.20846176147461, 20.5803165435791], [-15.208077430725098, 20.57968521118164], [-15.208602905273438, 20.580162048339844], [-15.20849323272705, 20.579872131347656], [-15.208890914916992, 20.580669403076172], [-15.208422660827637, 20.57976531982422], [-15.2080078125, 20.57905387878418], [-15.208030700683594, 20.579137802124023], [-15.208724021911621, 20.580299377441406], [-15.208765983581543, 20.580442428588867], [-15.208478927612305, 20.580337524414062], [-15.20831298828125, 20.580114364624023], [-11.633273124694824, 14.457852363586426], [-11.633804321289062, 14.458436012268066]]","[1.0, 1.0, 1.0, 1.0, 1.0, 1.0, 1.0, 1.0, 1.0, 1.0, 1.0, 1.0, 1.0, 1.0, 1.0, 1.0, 1.0, 1.0, 1.0, 1.0, 1.0, 1.0]",aigvd_common1000,0,,1.0,R-cKZCZctnM_21_411to660.mp4,F:\MEngDatasets\AIGVDBench\videos\Real\Real\videos\R-cKZCZctnM_21_411to660.mp4,test,0,real,Real,,Real,Real,1,False
real_00213,0,"[[-4.566333293914795, 6.116335868835449], [-4.5673441886901855, 6.117894172668457], [-4.567680835723877, 6.1184797286987305], [-4.567800521850586, 6.118723392486572], [-4.567015647888184, 6.11763858795166], [-4.566424369812012, 6.116899013519287], [-4.5660881996154785, 6.1164631843566895], [-4.565871238708496, 6.116206169128418], [-4.565951347351074, 6.116278171539307]]","[0.9999771118164062, 0.9999771118164062, 0.9999771118164062, 0.9999771118164062, 0.9999771118164062, 0.9999771118164062, 0.9999771118164062, 0.9999769926071167, 0.9999769926071167]",aigvd_common1000,0,,0.9999771118164062,Avh9ayHAH_U_3_17to131.mp4,F:\MEngDatasets\AIGVDBench\videos\Real\Real\videos\Avh9ayHAH_U_3_17to131.mp4,test,0,real,Real,,Real,Real,1,False
real_00214,0,"[[-15.576384544372559, 20.012855529785156], [-15.576201438903809, 20.01258087158203], [-15.576852798461914, 20.013460159301758], [-15.577512741088867, 20.014257431030273], [-15.576915740966797, 20.013465881347656], [-15.576970100402832, 20.013612747192383], [-15.577099800109863, 20.013717651367188], [-15.575590133666992, 20.01181983947754], [-15.576361656188965, 20.012874603271484], [-15.576964378356934, 20.013595581054688], [-15.576678276062012, 20.013195037841797], [-15.576594352722168, 20.013097763061523], [-15.57614517211914, 20.01255226135254], [-15.575801849365234, 20.012056350708008], [-15.576778411865234, 20.01335334777832], [-15.576423645019531, 20.012889862060547], [-15.576112747192383, 20.01247215270996], [-15.576510429382324, 20.01295280456543], [-15.576064109802246, 20.012454986572266], [-15.576760292053223, 20.013357162475586], [-17.23552703857422, 23.60890007019043], [-17.235136032104492, 23.608518600463867], [-17.234420776367188, 23.607524871826172], [-17.2351016998291, 23.608476638793945], [-17.235456466674805, 23.60894012451172], [-17.23516845703125, 23.60858726501465], [-17.23461151123047, 23.607810974121094], [-17.2342586517334, 23.60725212097168], [-17.23450469970703, 23.607559204101562], [-17.234600067138672, 23.60764503479004], [-17.23419189453125, 23.607067108154297]]","[1.0, 1.0, 1.0, 1.0, 1.0, 1.0, 1.0, 1.0, 1.0, 1.0, 1.0, 1.0, 1.0, 1.0, 1.0, 1.0, 1.0, 1.0, 1.0, 1.0, 1.0, 1.0, 1.0, 1.0, 1.0, 1.0, 1.0, 1.0, 1.0, 1.0, 1.0]",aigvd_common1000,0,,1.0,zGeGtUCzNZU_1_58to390.mp4,F:\MEngDatasets\AIGVDBench\videos\Real\Real\videos\zGeGtUCzNZU_1_58to390.mp4,test,0,real,Real,,Real,Real,1,False
real_00215,0,"[[-7.200581073760986, 9.421552658081055], [-7.201583385467529, 9.423062324523926], [-7.201782703399658, 9.42333984375], [-7.201648712158203, 9.423115730285645], [-7.2012505531311035, 9.42244815826416], [-7.201542854309082, 9.422983169555664], [-7.2019429206848145, 9.423609733581543], [-7.201911449432373, 9.423537254333496], [-7.202174663543701, 9.424004554748535], [-7.201958656311035, 9.423660278320312], [-7.201587200164795, 9.423063278198242], [-7.2014594078063965, 9.422853469848633], [-7.202010154724121, 9.423724174499512], [-7.201629638671875, 9.423134803771973], [-7.2012858390808105, 9.422592163085938], [-7.2017412185668945, 9.423298835754395], [-7.201634883880615, 9.423104286193848], [-7.201805591583252, 9.423470497131348], [-7.201889514923096, 9.423556327819824], [-7.201488494873047, 9.422881126403809], [-2.0586001873016357, 3.788224220275879], [-2.058751106262207, 3.7884795665740967], [-2.058948040008545, 3.7887930870056152], [-2.0592153072357178, 3.7891721725463867], [-2.0593316555023193, 3.789335250854492], [-2.058958053588867, 3.7888221740722656], [-2.0586624145507812, 3.7883477210998535], [-2.058619976043701, 3.7882566452026367], [-2.0584428310394287, 3.7880091667175293], [-2.058607816696167, 3.7883152961730957], [-2.0589048862457275, 3.7887585163116455], [-2.0588481426239014, 3.7886533737182617], [-2.058854818344116, 3.788628339767456], [-2.058043956756592, 3.7874293327331543], [-2.0583105087280273, 3.7878289222717285], [-2.0582094192504883, 3.78767991065979], [-2.0585927963256836, 3.788294792175293], [-2.0580382347106934, 3.7874324321746826], [-2.058737277984619, 3.7884955406188965], [-2.0586483478546143, 3.788383960723877], [-7.623488426208496, 11.044105529785156], [-7.623486042022705, 11.044054985046387]]","[0.9999998807907104, 0.9999998807907104, 0.9999998807907104, 0.9999998807907104, 0.9999998807907104, 0.9999998807907104, 0.9999998807907104, 0.9999998807907104, 0.9999998807907104, 0.9999998807907104, 0.9999998807907104, 0.9999998807907104, 0.9999998807907104, 0.9999998807907104, 0.9999998807907104, 0.9999998807907104, 0.9999998807907104, 0.9999998807907104, 0.9999998807907104, 0.9999998807907104, 0.9971193075180054, 0.9971204996109009, 0.9971218705177307, 0.9971237778663635, 0.9971244931221008, 0.9971219897270203, 0.9971197843551636, 0.9971194267272949, 0.9971182346343994, 0.9971195459365845, 0.9971216320991516, 0.9971211552619934, 0.9971211552619934, 0.9971153736114502, 0.997117280960083, 0.9971165657043457, 0.9971194267272949, 0.9971153736114502, 0.9971204996109009, 0.9971199035644531, 1.0, 1.0]",aigvd_common1000,0,,0.9999998807907104,xPcAfdYCj5k_136_0to424.mp4,F:\MEngDatasets\AIGVDBench\videos\Real\Real\videos\xPcAfdYCj5k_136_0to424.mp4,test,0,real,Real,,Real,Real,1,False
real_00216,0,"[[-15.862256050109863, 21.433076858520508], [-15.863134384155273, 21.43434715270996], [-15.864102363586426, 21.435701370239258], [-15.863389015197754, 21.434844970703125], [-15.863299369812012, 21.434616088867188], [-15.863398551940918, 21.434749603271484], [-15.863748550415039, 21.435205459594727], [-15.86404800415039, 21.4356746673584], [-15.863441467285156, 21.434764862060547], [-15.863783836364746, 21.43527603149414], [-15.863346099853516, 21.43463897705078]]","[1.0, 1.0, 1.0, 1.0, 1.0, 1.0, 1.0, 1.0, 1.0, 1.0, 1.0]",aigvd_common1000,0,,1.0,trqDnLNRuSc_17_17to156.mp4,F:\MEngDatasets\AIGVDBench\videos\Real\Real\videos\trqDnLNRuSc_17_17to156.mp4,test,0,real,Real,,Real,Real,1,False
real_00217,0,"[[-7.749077796936035, 8.7522554397583], [-7.749137878417969, 8.752301216125488], [-7.748784065246582, 8.751561164855957], [-7.748638153076172, 8.75127124786377], [-7.748395919799805, 8.750776290893555], [-7.748350143432617, 8.750686645507812], [-7.748626232147217, 8.75112247467041], [-7.748483180999756, 8.750852584838867], [-7.7484660148620605, 8.750704765319824]]","[0.9999998807907104, 0.9999998807907104, 0.9999998807907104, 0.9999998807907104, 0.9999998807907104, 0.9999998807907104, 0.9999998807907104, 0.9999998807907104, 0.9999998807907104]",aigvd_common1000,0,,0.9999998807907104,HMMCE4hivA4_56_102to217.mp4,F:\MEngDatasets\AIGVDBench\videos\Real\Real\videos\HMMCE4hivA4_56_102to217.mp4,test,0,real,Real,,Real,Real,1,False
real_00218,0,"[[-12.084632873535156, 18.23721694946289], [-12.084624290466309, 18.237533569335938], [-12.085000038146973, 18.23785972595215], [-12.085755348205566, 18.23886489868164], [-12.08605670928955, 18.239383697509766], [-12.085803031921387, 18.23893165588379], [-12.085602760314941, 18.238567352294922], [-12.08556842803955, 18.238582611083984], [-12.085572242736816, 18.23856544494629], [-12.085577964782715, 18.23855972290039], [-12.085598945617676, 18.238630294799805], [-12.085307121276855, 18.23805046081543], [-12.085460662841797, 18.238319396972656], [-12.085775375366211, 18.238876342773438], [-12.085658073425293, 18.23868751525879], [-12.085626602172852, 18.238643646240234], [-12.08558177947998, 18.2385311126709]]","[1.0, 1.0, 1.0, 1.0, 1.0, 1.0, 1.0, 1.0, 1.0, 1.0, 1.0, 1.0, 1.0, 1.0, 1.0, 1.0, 1.0]",aigvd_common1000,0,,1.0,j57D2cpkKI0_8_24to215.mp4,F:\MEngDatasets\AIGVDBench\videos\Real\Real\videos\j57D2cpkKI0_8_24to215.mp4,test,0,real,Real,,Real,Real,1,False
real_00219,0,"[[-12.195886611938477, 15.44286823272705], [-12.195638656616211, 15.442480087280273], [-12.195626258850098, 15.442506790161133], [-12.195276260375977, 15.442073822021484], [-12.19616985321045, 15.443448066711426], [-12.195810317993164, 15.442999839782715], [-12.196305274963379, 15.443838119506836], [-12.196121215820312, 15.44355297088623], [-12.196253776550293, 15.443909645080566], [-12.195541381835938, 15.442994117736816], [-12.197637557983398, 15.446081161499023]]","[1.0, 1.0, 1.0, 1.0, 1.0, 1.0, 1.0, 1.0, 1.0, 1.0, 1.0]",aigvd_common1000,0,,1.0,oACmLZHF-qA_3_0to113.mp4,F:\MEngDatasets\AIGVDBench\videos\Real\Real\videos\oACmLZHF-qA_3_0to113.mp4,test,0,real,Real,,Real,Real,1,False
real_00220,0,"[[5.637152194976807, -6.023871421813965], [5.637141227722168, -6.023869037628174], [5.637254238128662, -6.023955345153809], [5.637157440185547, -6.023894309997559], [5.6371588706970215, -6.02389669418335], [5.637092113494873, -6.023853778839111], [5.636927127838135, -6.02373743057251], [5.636917591094971, -6.023734092712402], [5.636734485626221, -6.023606300354004], [5.636799335479736, -6.023656845092773]]","[8.623386747785844e-06, 8.623502253612969e-06, 8.621791494078934e-06, 8.62314846017398e-06, 8.623115718364716e-06, 8.624060683359858e-06, 8.626487215224188e-06, 8.626594535598997e-06, 8.629277544969227e-06, 8.628289833723102e-06]",aigvd_common1000,0,,8.623502253612969e-06,AZPjrvFAbww_29_0to106.mp4,F:\MEngDatasets\AIGVDBench\videos\Real\Real\videos\AZPjrvFAbww_29_0to106.mp4,test,0,real,Real,,Real,Real,0,True
real_00221,0,"[[-7.956665515899658, 9.85376262664795], [-7.957054615020752, 9.854400634765625], [-7.956806659698486, 9.854033470153809], [-7.957190036773682, 9.854475975036621], [-7.95725679397583, 9.854646682739258], [-7.957947731018066, 9.855570793151855], [-7.95819091796875, 9.855875015258789], [-7.9588093757629395, 9.856770515441895], [-7.9593424797058105, 9.857522964477539], [-7.959009647369385, 9.857048988342285]]","[1.0, 1.0, 1.0, 1.0, 1.0, 1.0, 1.0, 1.0, 1.0, 1.0]",aigvd_common1000,0,,1.0,sQJdH2V_kdk_23_0to105.mp4,F:\MEngDatasets\AIGVDBench\videos\Real\Real\videos\sQJdH2V_kdk_23_0to105.mp4,test,0,real,Real,,Real,Real,1,False
real_00222,0,"[[-7.98017692565918, 10.75625991821289], [-7.979940891265869, 10.755938529968262], [-7.980114936828613, 10.756128311157227], [-7.9801411628723145, 10.756135940551758], [-7.97981071472168, 10.755749702453613], [-7.979421138763428, 10.755168914794922], [-7.979553699493408, 10.75539779663086], [-7.9800567626953125, 10.756103515625], [-7.979441165924072, 10.755266189575195], [-7.979595184326172, 10.755423545837402], [-7.979855537414551, 10.755844116210938], [-7.979767322540283, 10.755707740783691], [-7.980224609375, 10.756284713745117], [-7.979660987854004, 10.755537986755371], [-7.9799113273620605, 10.75592041015625], [-7.979994773864746, 10.755990028381348], [-7.979830741882324, 10.755799293518066], [-7.979909420013428, 10.755855560302734], [-7.979682922363281, 10.755621910095215], [-7.979844570159912, 10.755751609802246], [-5.79628324508667, 8.516436576843262]]","[1.0, 1.0, 1.0, 1.0, 1.0, 1.0, 1.0, 1.0, 1.0, 1.0, 1.0, 1.0, 1.0, 1.0, 1.0, 1.0, 1.0, 1.0, 1.0, 1.0, 0.9999994039535522]",aigvd_common1000,0,,1.0,O_mFIGbNCyc_49_63to299.mp4,F:\MEngDatasets\AIGVDBench\videos\Real\Real\videos\O_mFIGbNCyc_49_63to299.mp4,test,0,real,Real,,Real,Real,1,False
real_00223,0,"[[-17.845592498779297, 25.152402877807617], [-17.84672737121582, 25.153860092163086], [-17.8467960357666, 25.154050827026367], [-17.846757888793945, 25.15402603149414], [-17.846675872802734, 25.153871536254883], [-17.846900939941406, 25.154211044311523], [-17.84690284729004, 25.15436553955078], [-17.846925735473633, 25.154335021972656], [-17.847190856933594, 25.154613494873047], [-17.847789764404297, 25.15528678894043], [-17.84766960144043, 25.155155181884766], [-17.847726821899414, 25.15522575378418], [-17.84769058227539, 25.15515899658203], [-17.84786033630371, 25.155447006225586], [-17.847530364990234, 25.15484619140625], [-17.847408294677734, 25.154705047607422], [-17.84748649597168, 25.15495491027832], [-17.847553253173828, 25.15532112121582], [-17.84739875793457, 25.15517234802246], [-17.847347259521484, 25.15508270263672], [-11.855135917663574, 15.478249549865723], [-11.854957580566406, 15.478025436401367]]","[1.0, 1.0, 1.0, 1.0, 1.0, 1.0, 1.0, 1.0, 1.0, 1.0, 1.0, 1.0, 1.0, 1.0, 1.0, 1.0, 1.0, 1.0, 1.0, 1.0, 1.0, 1.0]",aigvd_common1000,0,,1.0,Yn47rqiN76I_49_85to327.mp4,F:\MEngDatasets\AIGVDBench\videos\Real\Real\videos\Yn47rqiN76I_49_85to327.mp4,test,0,real,Real,,Real,Real,1,False
real_00224,0,"[[-8.198979377746582, 10.648457527160645], [-8.199101448059082, 10.64867115020752], [-8.199021339416504, 10.64852523803711], [-8.19897747039795, 10.648453712463379], [-8.198616027832031, 10.647944450378418], [-8.198622703552246, 10.647941589355469], [-8.199014663696289, 10.648523330688477], [-8.198995590209961, 10.648476600646973], [-8.198988914489746, 10.648500442504883], [-8.198975563049316, 10.648486137390137], [-8.19901180267334, 10.648550033569336], [-8.199073791503906, 10.6486234664917], [-8.198981285095215, 10.64848804473877], [-8.198945045471191, 10.648417472839355], [-8.19897747039795, 10.648455619812012], [-8.19899845123291, 10.648494720458984], [-8.199007034301758, 10.648515701293945], [-8.198993682861328, 10.648484230041504], [-8.199094772338867, 10.648608207702637], [-8.198498725891113, 10.647746086120605], [-16.278156280517578, 21.00032615661621], [-16.278194427490234, 21.000398635864258]]","[1.0, 1.0, 1.0, 1.0, 1.0, 1.0, 1.0, 1.0, 1.0, 1.0, 1.0, 1.0, 1.0, 1.0, 1.0, 1.0, 1.0, 1.0, 1.0, 1.0, 1.0, 1.0]",aigvd_common1000,0,,1.0,xFOZpCz5f_E_10_0to223.mp4,F:\MEngDatasets\AIGVDBench\videos\Real\Real\videos\xFOZpCz5f_E_10_0to223.mp4,test,0,real,Real,,Real,Real,1,False
real_00225,0,"[[-10.928817749023438, 11.22790813446045], [-10.928771018981934, 11.2278413772583], [-10.928698539733887, 11.22777271270752], [-10.928631782531738, 11.227683067321777], [-10.928531646728516, 11.22754192352295], [-10.92857551574707, 11.227608680725098], [-10.92873477935791, 11.22780990600586], [-10.928776741027832, 11.227877616882324], [-10.928425788879395, 11.227402687072754], [-10.928857803344727, 11.227989196777344]]","[1.0, 1.0, 1.0, 1.0, 1.0, 1.0, 1.0, 1.0, 1.0, 1.0]",aigvd_common1000,0,,1.0,h1MwFGecnGA_41_0to104.mp4,F:\MEngDatasets\AIGVDBench\videos\Real\Real\videos\h1MwFGecnGA_41_0to104.mp4,test,0,real,Real,,Real,Real,1,False
real_00226,0,"[[-8.391940116882324, 10.906482696533203], [-8.39193344116211, 10.906545639038086], [-8.392329216003418, 10.907254219055176], [-8.392046928405762, 10.906730651855469], [-8.392255783081055, 10.907136917114258], [-8.392382621765137, 10.907357215881348], [-8.392187118530273, 10.906991958618164], [-8.39254093170166, 10.90766429901123], [-8.392422676086426, 10.907439231872559], [-8.392655372619629, 10.907906532287598], [-8.392476081848145, 10.907602310180664], [-8.392619132995605, 10.90786361694336]]","[1.0, 1.0, 1.0, 1.0, 1.0, 1.0, 1.0, 1.0, 1.0, 1.0, 1.0, 1.0]",aigvd_common1000,0,,1.0,ESHGxyt9GOE_18_0to125.mp4,F:\MEngDatasets\AIGVDBench\videos\Real\Real\videos\ESHGxyt9GOE_18_0to125.mp4,test,0,real,Real,,Real,Real,1,False
real_00227,0,"[[-1.7885545492172241, 2.9683291912078857], [-1.7889988422393799, 2.96879243850708], [-1.7882710695266724, 2.967994213104248], [-1.788809061050415, 2.96860671043396], [-1.7880903482437134, 2.9677836894989014], [-1.7883636951446533, 2.9681034088134766], [-1.7879892587661743, 2.96767520904541], [-1.7884513139724731, 2.968224287033081], [-1.7878066301345825, 2.9674808979034424], [-1.788405179977417, 2.968149185180664], [-1.7886618375778198, 2.9684178829193115], [-1.7894749641418457, 2.9693284034729004]]","[0.991480827331543, 0.9914885759353638, 0.9914757013320923, 0.9914854168891907, 0.9914723038673401, 0.9914773106575012, 0.9914705157279968, 0.9914790987968445, 0.9914673566818237, 0.9914780259132385, 0.9914824962615967, 0.9914969801902771]",aigvd_common1000,0,,0.9914885759353638,bG8EwSG8Hh4_1_0to149.mp4,F:\MEngDatasets\AIGVDBench\videos\Real\Real\videos\bG8EwSG8Hh4_1_0to149.mp4,test,0,real,Real,,Real,Real,1,False
real_00228,0,"[[-17.417619705200195, 22.84621810913086], [-17.417465209960938, 22.846036911010742], [-17.417356491088867, 22.8459529876709], [-17.41739273071289, 22.846017837524414], [-17.41733169555664, 22.845857620239258], [-17.416410446166992, 22.844219207763672], [-17.416278839111328, 22.84404945373535], [-17.41651153564453, 22.844335556030273], [-17.418174743652344, 22.84626007080078], [-17.41864776611328, 22.847707748413086], [-17.417760848999023, 22.845617294311523], [-17.417797088623047, 22.846073150634766], [-17.417081832885742, 22.844436645507812], [-17.418014526367188, 22.84645652770996], [-17.41746711730957, 22.846071243286133], [-17.41735076904297, 22.84581184387207], [-17.41741943359375, 22.84600257873535], [-17.41669464111328, 22.84480094909668], [-17.416799545288086, 22.84494972229004], [-17.41699981689453, 22.84531021118164], [-14.694969177246094, 20.005626678466797], [-14.69450569152832, 20.004919052124023], [-14.694639205932617, 20.005125045776367], [-14.69507884979248, 20.00576400756836], [-14.694652557373047, 20.005117416381836], [-14.694218635559082, 20.00446128845215], [-14.694563865661621, 20.005016326904297], [-14.694375038146973, 20.00475311279297], [-14.693826675415039, 20.003835678100586], [-14.693520545959473, 20.003368377685547], [-14.694388389587402, 20.0047664642334], [-14.695240020751953, 20.006061553955078], [-14.694784164428711, 20.005229949951172], [-14.69443130493164, 20.004039764404297], [-14.694581985473633, 20.00420570373535], [-14.694817543029785, 20.004669189453125], [-14.694432258605957, 20.00425148010254], [-14.694700241088867, 20.004453659057617], [-14.694147109985352, 20.00429916381836], [-14.694568634033203, 20.005067825317383], [-13.956002235412598, 21.286222457885742], [-13.95594310760498, 21.286115646362305], [-13.955848693847656, 21.285932540893555], [-13.956408500671387, 21.286893844604492], [-13.957612037658691, 21.28844451904297], [-13.957087516784668, 21.287534713745117], [-13.957342147827148, 21.28788185119629], [-13.957600593566895, 21.288291931152344], [-13.957086563110352, 21.288137435913086], [-13.956796646118164, 21.287559509277344], [-13.956507682800293, 21.287019729614258], [-13.956243515014648, 21.286500930786133], [-13.956040382385254, 21.28619956970215], [-13.956215858459473, 21.28654670715332], [-13.9566068649292, 21.287260055541992], [-13.956782341003418, 21.287517547607422], [-13.956719398498535, 21.287445068359375], [-13.956905364990234, 21.287704467773438], [-13.956866264343262, 21.28767967224121], [-13.956683158874512, 21.287248611450195], [-15.011853218078613, 19.57364845275879], [-15.012152671813965, 19.57435417175293], [-15.012459754943848, 19.57516860961914]]","[1.0, 1.0, 1.0, 1.0, 1.0, 1.0, 1.0, 1.0, 1.0, 1.0, 1.0, 1.0, 1.0, 1.0, 1.0, 1.0, 1.0, 1.0, 1.0, 1.0, 1.0, 1.0, 1.0, 1.0, 1.0, 1.0, 1.0, 1.0, 1.0, 1.0, 1.0, 1.0, 1.0, 1.0, 1.0, 1.0, 1.0, 1.0, 1.0, 1.0, 1.0, 1.0, 1.0, 1.0, 1.0, 1.0, 1.0, 1.0, 1.0, 1.0, 1.0, 1.0, 1.0, 1.0, 1.0, 1.0, 1.0, 1.0, 1.0, 1.0, 1.0, 1.0, 1.0]",aigvd_common1000,0,,1.0,oEPyjAe0huc_1_568to1226.mp4,F:\MEngDatasets\AIGVDBench\videos\Real\Real\videos\oEPyjAe0huc_1_568to1226.mp4,test,0,real,Real,,Real,Real,1,False
real_00229,0,"[[-9.591115951538086, 13.075639724731445], [-9.590192794799805, 13.074275970458984], [-9.591044425964355, 13.075472831726074], [-9.590927124023438, 13.075318336486816], [-9.591535568237305, 13.076203346252441], [-9.590121269226074, 13.074166297912598], [-9.590169906616211, 13.074281692504883], [-9.590962409973145, 13.075216293334961], [-9.59030532836914, 13.074376106262207], [-9.589555740356445, 13.073244094848633], [-9.589975357055664, 13.073887825012207], [-9.590518951416016, 13.07461929321289], [-9.589834213256836, 13.073628425598145], [-9.590147018432617, 13.074225425720215], [-9.590526580810547, 13.074719429016113], [-9.591325759887695, 13.07586669921875]]","[1.0, 1.0, 1.0, 1.0, 1.0, 1.0, 1.0, 1.0, 1.0, 1.0, 1.0, 1.0, 1.0, 1.0, 1.0, 1.0]",aigvd_common1000,0,,1.0,ONjRr1-mjfY_32_42to223.mp4,F:\MEngDatasets\AIGVDBench\videos\Real\Real\videos\ONjRr1-mjfY_32_42to223.mp4,test,0,real,Real,,Real,Real,1,False
real_00230,0,"[[-11.692307472229004, 14.704004287719727], [-11.689398765563965, 14.699346542358398], [-11.688614845275879, 14.698101997375488], [-11.688931465148926, 14.698615074157715], [-11.688977241516113, 14.698711395263672], [-11.689122200012207, 14.698934555053711], [-11.68912124633789, 14.698999404907227], [-11.689043045043945, 14.6987943649292], [-11.689127922058105, 14.698912620544434], [-11.689227104187012, 14.69914436340332], [-11.689264297485352, 14.699186325073242], [-11.689377784729004, 14.699333190917969], [-11.689767837524414, 14.700033187866211], [-11.689672470092773, 14.700016975402832], [-11.691428184509277, 14.702946662902832]]","[1.0, 1.0, 1.0, 1.0, 1.0, 1.0, 1.0, 1.0, 1.0, 1.0, 1.0, 1.0, 1.0, 1.0, 1.0]",aigvd_common1000,0,,1.0,_WiwgIe4F1Q_9_94to267.mp4,F:\MEngDatasets\AIGVDBench\videos\Real\Real\videos\_WiwgIe4F1Q_9_94to267.mp4,test,0,real,Real,,Real,Real,1,False
real_00231,0,"[[-9.049979209899902, 11.183003425598145], [-9.05051040649414, 11.183714866638184], [-9.050346374511719, 11.183491706848145], [-9.0484619140625, 11.180974006652832], [-9.046486854553223, 11.178276062011719], [-9.046141624450684, 11.177776336669922], [-9.046905517578125, 11.17881965637207], [-9.047449111938477, 11.17951774597168], [-9.047762870788574, 11.179963111877441], [-9.047886848449707, 11.180235862731934], [-9.049080848693848, 11.181817054748535], [-9.049307823181152, 11.182169914245605], [-9.048630714416504, 11.181361198425293]]","[1.0, 1.0, 1.0, 1.0, 1.0, 1.0, 1.0, 1.0, 1.0, 1.0, 1.0, 1.0, 1.0]",aigvd_common1000,0,,1.0,Sj28-ffTyO0_28_0to136.mp4,F:\MEngDatasets\AIGVDBench\videos\Real\Real\videos\Sj28-ffTyO0_28_0to136.mp4,test,0,real,Real,,Real,Real,1,False
real_00232,0,"[[-2.153883457183838, 2.478572130203247], [-2.154209613800049, 2.478973388671875], [-2.1541755199432373, 2.4789297580718994], [-2.1538617610931396, 2.4784555435180664], [-2.1536073684692383, 2.4780900478363037], [-2.1534926891326904, 2.4779393672943115], [-2.1528377532958984, 2.4769792556762695], [-2.152848958969116, 2.476954460144043], [-2.1529340744018555, 2.4771080017089844], [-2.153290033340454, 2.4775688648223877], [-2.1532082557678223, 2.477404832839966], [-2.1531760692596436, 2.4773576259613037], [-2.153395891189575, 2.4776673316955566], [-2.15340256690979, 2.4776647090911865], [-2.1534340381622314, 2.477710723876953], [-2.1536755561828613, 2.478055000305176], [-2.153404712677002, 2.4776864051818848], [-2.153506278991699, 2.4778354167938232], [-2.153791666030884, 2.4782330989837646], [-2.153864622116089, 2.478348731994629], [-3.690049171447754, 5.121007919311523], [-3.6905453205108643, 5.121645927429199], [-3.6911351680755615, 5.122371673583984]]","[0.9903629422187805, 0.9903698563575745, 0.9903691411018372, 0.9903616905212402, 0.9903557300567627, 0.9903531670570374, 0.9903377294540405, 0.990337610244751, 0.9903399348258972, 0.9903476238250732, 0.990345299243927, 0.9903445839881897, 0.9903496503829956, 0.9903496503829956, 0.9903504252433777, 0.9903560876846313, 0.9903498888015747, 0.9903523325920105, 0.9903588891029358, 0.9903606176376343, 0.999850869178772, 0.9998511075973511, 0.9998513460159302]",aigvd_common1000,0,,0.9903698563575745,Kuxxw41aRmk_46_0to235.mp4,F:\MEngDatasets\AIGVDBench\videos\Real\Real\videos\Kuxxw41aRmk_46_0to235.mp4,test,0,real,Real,,Real,Real,1,False
real_00233,0,"[[-10.32880687713623, 13.308460235595703], [-10.327905654907227, 13.307456016540527], [-10.325432777404785, 13.30483341217041], [-10.323582649230957, 13.30286693572998], [-10.324130058288574, 13.303454399108887], [-10.324267387390137, 13.303594589233398], [-10.326813697814941, 13.306303024291992], [-10.32756519317627, 13.307090759277344], [-10.327658653259277, 13.307201385498047], [-10.323431968688965, 13.302720069885254], [-10.32486629486084, 13.304228782653809], [-10.327574729919434, 13.307110786437988], [-10.327953338623047, 13.307514190673828], [-10.328085899353027, 13.307668685913086], [-10.32839584350586, 13.308001518249512], [-10.328011512756348, 13.307555198669434]]","[1.0, 1.0, 1.0, 1.0, 1.0, 1.0, 1.0, 1.0, 1.0, 1.0, 1.0, 1.0, 1.0, 1.0, 1.0, 1.0]",aigvd_common1000,0,,1.0,aFBLBdZQHlo_3_0to160.mp4,F:\MEngDatasets\AIGVDBench\videos\Real\Real\videos\aFBLBdZQHlo_3_0to160.mp4,test,0,real,Real,,Real,Real,1,False
real_00234,0,"[[-5.044861793518066, 5.113792896270752], [-5.044783115386963, 5.113605499267578], [-5.0445637702941895, 5.113235950469971], [-5.044283390045166, 5.112811088562012], [-5.044474124908447, 5.113151550292969], [-5.044401168823242, 5.113040924072266], [-5.044689178466797, 5.11358118057251], [-5.044776916503906, 5.113724231719971], [-5.044851779937744, 5.113822937011719], [-5.0446343421936035, 5.113443851470947]]","[0.999961256980896, 0.999961256980896, 0.999961256980896, 0.999961256980896, 0.999961256980896, 0.999961256980896, 0.999961256980896, 0.999961256980896, 0.999961256980896, 0.999961256980896]",aigvd_common1000,0,,0.999961256980896,e2JMpgN21w8_66_0to130.mp4,F:\MEngDatasets\AIGVDBench\videos\Real\Real\videos\e2JMpgN21w8_66_0to130.mp4,test,0,real,Real,,Real,Real,1,False
real_00235,0,"[[-14.216845512390137, 20.080141067504883], [-14.215876579284668, 20.078584671020508], [-14.217413902282715, 20.081201553344727], [-14.217253684997559, 20.081384658813477], [-14.217480659484863, 20.081806182861328], [-14.218228340148926, 20.083162307739258], [-14.21838092803955, 20.08341407775879], [-14.218425750732422, 20.083391189575195], [-14.217446327209473, 20.081022262573242]]","[1.0, 1.0, 1.0, 1.0, 1.0, 1.0, 1.0, 1.0, 1.0]",aigvd_common1000,0,,1.0,NscwPqLwLYo_76_0to115.mp4,F:\MEngDatasets\AIGVDBench\videos\Real\Real\videos\NscwPqLwLYo_76_0to115.mp4,test,0,real,Real,,Real,Real,1,False
real_00236,0,"[[-3.5212507247924805, 4.716350555419922], [-3.521282196044922, 4.716399669647217], [-3.5214321613311768, 4.716573715209961], [-3.521355152130127, 4.716479778289795], [-3.5212583541870117, 4.716360569000244], [-3.521238088607788, 4.716345310211182], [-3.5211520195007324, 4.716239929199219], [-3.521137237548828, 4.716222286224365], [-3.521144390106201, 4.716239929199219], [-3.521033763885498, 4.716114521026611], [-3.5208945274353027, 4.715940952301025], [-3.5208146572113037, 4.715851783752441], [-3.5208640098571777, 4.715910911560059], [-3.5208017826080322, 4.71585750579834], [-3.5208520889282227, 4.71592903137207], [-3.520803451538086, 4.715875148773193], [-3.520808219909668, 4.715883731842041], [-3.520756959915161, 4.715830326080322]]","[0.9997355341911316, 0.9997355341911316, 0.9997356534004211, 0.9997356534004211, 0.9997355341911316, 0.9997355341911316, 0.9997355341911316, 0.9997355341911316, 0.9997355341911316, 0.999735414981842, 0.9997352957725525, 0.9997352957725525, 0.9997352957725525, 0.9997352957725525, 0.9997352957725525, 0.9997352957725525, 0.9997352957725525, 0.9997352957725525]",aigvd_common1000,0,,0.9997355341911316,Lh0GNbIB_c8_39_0to186.mp4,F:\MEngDatasets\AIGVDBench\videos\Real\Real\videos\Lh0GNbIB_c8_39_0to186.mp4,test,0,real,Real,,Real,Real,1,False
real_00237,0,"[[-12.220193862915039, 14.795845985412598], [-12.220417022705078, 14.796168327331543], [-12.219744682312012, 14.795077323913574], [-12.21912670135498, 14.7940092086792], [-12.21846866607666, 14.792734146118164], [-12.218066215515137, 14.792035102844238], [-12.21810245513916, 14.7920560836792], [-12.219225883483887, 14.794160842895508], [-12.219773292541504, 14.795069694519043], [-12.21996021270752, 14.795367240905762], [-12.220247268676758, 14.795896530151367], [-12.22025203704834, 14.795924186706543], [-12.219606399536133, 14.794814109802246], [-12.219256401062012, 14.794215202331543], [-12.21888256072998, 14.793492317199707], [-12.219060897827148, 14.793782234191895], [-12.219156265258789, 14.793939590454102], [-12.219157218933105, 14.794039726257324], [-12.219456672668457, 14.794578552246094], [-12.219992637634277, 14.795504570007324], [-17.39910316467285, 21.032690048217773], [-17.39960289001465, 21.033445358276367], [-17.39960479736328, 21.033367156982422], [-17.400014877319336, 21.03402328491211]]","[1.0, 1.0, 1.0, 1.0, 1.0, 1.0, 1.0, 1.0, 1.0, 1.0, 1.0, 1.0, 1.0, 1.0, 1.0, 1.0, 1.0, 1.0, 1.0, 1.0, 1.0, 1.0, 1.0, 1.0]",aigvd_common1000,0,,1.0,1ihtBI15Jpc_10_0to249.mp4,F:\MEngDatasets\AIGVDBench\videos\Real\Real\videos\1ihtBI15Jpc_10_0to249.mp4,test,0,real,Real,,Real,Real,1,False
real_00238,0,"[[5.610726356506348, -6.992783069610596], [5.610516548156738, -6.992638111114502], [5.610373497009277, -6.992531776428223], [5.6102423667907715, -6.992435455322266], [5.6101250648498535, -6.992339611053467], [5.610105514526367, -6.992330074310303], [5.609971046447754, -6.99222469329834], [5.609893798828125, -6.992169380187988], [5.610079288482666, -6.992311954498291]]","[3.3601893392187776e-06, 3.361381686772802e-06, 3.3622218325035647e-06, 3.362984898558352e-06, 3.3637033993727528e-06, 3.3637995784374652e-06, 3.3646081192273414e-06, 3.365054226378561e-06, 3.3639505545579595e-06]",aigvd_common1000,0,,3.361381686772802e-06,QFCHkqBOTNg_6_92to212.mp4,F:\MEngDatasets\AIGVDBench\videos\Real\Real\videos\QFCHkqBOTNg_6_92to212.mp4,test,0,real,Real,,Real,Real,0,True
real_00239,0,"[[-7.485590934753418, 9.593623161315918], [-7.4853339195251465, 9.593186378479004], [-7.4853692054748535, 9.59320068359375], [-7.485500812530518, 9.593364715576172], [-7.485706329345703, 9.59367561340332], [-7.485506534576416, 9.593422889709473], [-7.485370635986328, 9.593204498291016], [-7.485569953918457, 9.593533515930176]]","[1.0, 1.0, 1.0, 1.0, 1.0, 1.0, 1.0, 1.0]",aigvd_common1000,0,,1.0,t6vZbYAw0SU_17_162to270.mp4,F:\MEngDatasets\AIGVDBench\videos\Real\Real\videos\t6vZbYAw0SU_17_162to270.mp4,test,0,real,Real,,Real,Real,1,False
real_00240,0,"[[-6.218636512756348, 8.242483139038086], [-6.219737529754639, 8.244074821472168], [-6.219635486602783, 8.243927955627441], [-6.220057487487793, 8.244532585144043], [-6.21966552734375, 8.243961334228516], [-6.219060897827148, 8.243098258972168], [-6.219362258911133, 8.243541717529297], [-6.219674110412598, 8.24397087097168], [-6.219843864440918, 8.24424934387207], [-6.219482421875, 8.243671417236328], [-6.219242095947266, 8.243366241455078], [-6.219399452209473, 8.243586540222168], [-6.219446659088135, 8.243633270263672], [-6.219222068786621, 8.243371963500977]]","[0.9999995231628418, 0.9999995231628418, 0.9999995231628418, 0.9999995231628418, 0.9999995231628418, 0.9999995231628418, 0.9999995231628418, 0.9999995231628418, 0.9999995231628418, 0.9999995231628418, 0.9999995231628418, 0.9999995231628418, 0.9999995231628418, 0.9999995231628418]",aigvd_common1000,0,,0.9999995231628418,HxOEbss9p_k_10_250to417.mp4,F:\MEngDatasets\AIGVDBench\videos\Real\Real\videos\HxOEbss9p_k_10_250to417.mp4,test,0,real,Real,,Real,Real,1,False
real_00241,0,"[[-6.291387557983398, 9.204781532287598], [-6.291446208953857, 9.204877853393555], [-6.290947437286377, 9.204073905944824], [-6.290637969970703, 9.203804016113281], [-6.2900800704956055, 9.20284652709961], [-6.29006290435791, 9.202838897705078], [-6.290777683258057, 9.203965187072754], [-6.290870666503906, 9.204111099243164], [-6.290956497192383, 9.2042875289917], [-6.291299343109131, 9.204713821411133], [-6.291384696960449, 9.204801559448242], [-6.291383743286133, 9.204787254333496], [-6.291507720947266, 9.204975128173828], [-6.291581630706787, 9.205138206481934], [-6.291377544403076, 9.204854011535645], [-6.2910847663879395, 9.204399108886719], [-6.291339874267578, 9.204809188842773], [-6.291360855102539, 9.204862594604492], [-6.291106700897217, 9.204408645629883], [-6.291441917419434, 9.20495891571045], [-9.972241401672363, 14.38175106048584], [-9.972268104553223, 14.381791114807129], [-9.972278594970703, 14.381808280944824], [-9.971992492675781, 14.38137435913086], [-9.972068786621094, 14.381516456604004], [-9.971968650817871, 14.381332397460938], [-9.972003936767578, 14.38134479522705], [-9.971899032592773, 14.38118839263916], [-9.97185230255127, 14.381083488464355], [-9.972318649291992, 14.381823539733887], [-9.972298622131348, 14.381799697875977], [-9.972051620483398, 14.381461143493652], [-9.971960067749023, 14.381351470947266], [-9.971936225891113, 14.381299018859863], [-9.971992492675781, 14.381388664245605], [-9.972211837768555, 14.381733894348145], [-9.972138404846191, 14.381612777709961], [-9.972230911254883, 14.381755828857422], [-9.972183227539062, 14.381688117980957], [-9.972243309020996, 14.381807327270508], [-8.310280799865723, 11.75101375579834], [-8.310548782348633, 11.751422882080078], [-8.31014347076416, 11.750828742980957], [-8.310181617736816, 11.750853538513184], [-8.310335159301758, 11.751004219055176], [-8.310245513916016, 11.750887870788574], [-8.310323715209961, 11.75105094909668], [-8.310408592224121, 11.7511568069458], [-8.310115814208984, 11.750693321228027], [-8.310223579406738, 11.75085735321045], [-8.310165405273438, 11.750763893127441], [-8.310378074645996, 11.7510986328125]]","[0.9999997615814209, 0.9999997615814209, 0.9999997615814209, 0.9999997615814209, 0.9999997615814209, 0.9999997615814209, 0.9999997615814209, 0.9999997615814209, 0.9999997615814209, 0.9999997615814209, 0.9999997615814209, 0.9999997615814209, 0.9999997615814209, 0.9999997615814209, 0.9999997615814209, 0.9999997615814209, 0.9999997615814209, 0.9999997615814209, 0.9999997615814209, 0.9999997615814209, 1.0, 1.0, 1.0, 1.0, 1.0, 1.0, 1.0, 1.0, 1.0, 1.0, 1.0, 1.0, 1.0, 1.0, 1.0, 1.0, 1.0, 1.0, 1.0, 1.0, 1.0, 1.0, 1.0, 1.0, 1.0, 1.0, 1.0, 1.0, 1.0, 1.0, 1.0, 1.0]",aigvd_common1000,0,,0.9999997615814209,9sFgt4rkLBg_29_0to526.mp4,F:\MEngDatasets\AIGVDBench\videos\Real\Real\videos\9sFgt4rkLBg_29_0to526.mp4,test,0,real,Real,,Real,Real,1,False
real_00242,0,"[[-18.562686920166016, 23.23370361328125], [-18.563148498535156, 23.23427391052246], [-18.562950134277344, 23.234188079833984], [-18.561513900756836, 23.231815338134766], [-18.560352325439453, 23.230287551879883], [-18.560131072998047, 23.23025894165039], [-18.56009292602539, 23.23003387451172], [-18.560047149658203, 23.22977638244629], [-18.56060791015625, 23.2304630279541], [-18.562944412231445, 23.234113693237305], [-18.563636779785156, 23.234893798828125], [-18.56365966796875, 23.234865188598633], [-18.56196403503418, 23.23248291015625], [-18.562469482421875, 23.233203887939453], [-18.562402725219727, 23.23320960998535], [-18.562545776367188, 23.23337745666504], [-18.562658309936523, 23.23358917236328], [-18.561532974243164, 23.23207664489746], [-18.560932159423828, 23.23122215270996], [-18.563030242919922, 23.23417854309082], [-17.997182846069336, 21.084348678588867], [-17.997644424438477, 21.084815979003906], [-17.99665641784668, 21.083261489868164], [-17.99705696105957, 21.083934783935547], [-17.997705459594727, 21.08500862121582], [-17.99750328063965, 21.084644317626953], [-17.997652053833008, 21.0848445892334], [-17.997846603393555, 21.085187911987305], [-17.996057510375977, 21.082870483398438], [-17.9965763092041, 21.083589553833008], [-17.99723243713379, 21.084402084350586], [-17.997493743896484, 21.084672927856445], [-17.997121810913086, 21.08418083190918], [-17.995471954345703, 21.082075119018555], [-17.99587059020996, 21.08269691467285], [-17.997295379638672, 21.08448600769043]]","[1.0, 1.0, 1.0, 1.0, 1.0, 1.0, 1.0, 1.0, 1.0, 1.0, 1.0, 1.0, 1.0, 1.0, 1.0, 1.0, 1.0, 1.0, 1.0, 1.0, 1.0, 1.0, 1.0, 1.0, 1.0, 1.0, 1.0, 1.0, 1.0, 1.0, 1.0, 1.0, 1.0, 1.0, 1.0, 1.0]",aigvd_common1000,0,,1.0,1NAWrgZeMn8_2_0to387.mp4,F:\MEngDatasets\AIGVDBench\videos\Real\Real\videos\1NAWrgZeMn8_2_0to387.mp4,test,0,real,Real,,Real,Real,1,False
real_00243,0,"[[3.3370063304901123, -3.5598812103271484], [3.337022542953491, -3.559887409210205], [3.337017774581909, -3.5598883628845215], [3.337000608444214, -3.5598843097686768], [3.3368496894836426, -3.55981707572937], [3.33695387840271, -3.5598671436309814], [3.337026357650757, -3.5598902702331543], [3.336921215057373, -3.5598411560058594], [3.3366475105285645, -3.5597140789031982], [3.3369455337524414, -3.55985164642334], [3.3368468284606934, -3.5598104000091553], [3.3366894721984863, -3.5597362518310547], [3.336954116821289, -3.55985426902771], [3.3365983963012695, -3.5596861839294434], [3.336824417114258, -3.559800386428833]]","[0.0010099057108163834, 0.001009883708320558, 0.0010098875500261784, 0.001009908621199429, 0.0010101289954036474, 0.0010099731152877212, 0.0010098769562318921, 0.001010032370686531, 0.0010104370303452015, 0.0010099972132593393, 0.001010138657875359, 0.001010372070595622, 0.0010099856881424785, 0.0010105145629495382, 0.0010101713705807924]",aigvd_common1000,0,,0.001009883708320558,3Ay4Sk7NRCY_22_0to156.mp4,F:\MEngDatasets\AIGVDBench\videos\Real\Real\videos\3Ay4Sk7NRCY_22_0to156.mp4,test,0,real,Real,,Real,Real,0,True
real_00244,0,"[[-10.077116012573242, 14.274618148803711], [-10.076878547668457, 14.274300575256348], [-10.076888084411621, 14.274317741394043], [-10.076436042785645, 14.273797035217285], [-10.076079368591309, 14.273275375366211], [-10.075835227966309, 14.272933006286621], [-10.075533866882324, 14.272571563720703], [-10.07523250579834, 14.272194862365723], [-10.076026916503906, 14.273221015930176], [-10.076622009277344, 14.274006843566895], [-10.077556610107422, 14.275192260742188], [-10.077727317810059, 14.275378227233887], [-10.077536582946777, 14.275099754333496], [-10.077288627624512, 14.27477741241455], [-10.077375411987305, 14.274870872497559]]","[1.0, 1.0, 1.0, 1.0, 1.0, 1.0, 1.0, 1.0, 1.0, 1.0, 1.0, 1.0, 1.0, 1.0, 1.0]",aigvd_common1000,0,,1.0,RRXZGS60mqk_58_38to210.mp4,F:\MEngDatasets\AIGVDBench\videos\Real\Real\videos\RRXZGS60mqk_58_38to210.mp4,test,0,real,Real,,Real,Real,1,False
real_00245,0,"[[-7.733745098114014, 9.527111053466797], [-7.734649181365967, 9.528312683105469], [-7.734971523284912, 9.528721809387207], [-7.734414100646973, 9.527990341186523], [-7.734313488006592, 9.5278959274292], [-7.735063076019287, 9.528873443603516], [-7.735605239868164, 9.529597282409668], [-7.734425067901611, 9.527935981750488], [-7.73455810546875, 9.528170585632324], [-7.734311580657959, 9.527831077575684], [-7.734264850616455, 9.527765274047852], [-7.734436511993408, 9.52799129486084], [-7.7342753410339355, 9.527771949768066], [-7.733827114105225, 9.527159690856934], [-7.734410285949707, 9.52796459197998], [-7.734541416168213, 9.528132438659668], [-7.733760356903076, 9.527143478393555], [-7.733939170837402, 9.527395248413086], [-7.734138011932373, 9.527654647827148], [-7.734394550323486, 9.527932167053223], [-9.499375343322754, 13.69200611114502], [-9.499491691589355, 13.692179679870605], [-9.49936580657959, 13.691917419433594], [-9.499600410461426, 13.692315101623535], [-9.500008583068848, 13.692971229553223], [-9.499632835388184, 13.692392349243164], [-9.499476432800293, 13.692105293273926], [-9.49952507019043, 13.692237854003906], [-9.499174118041992, 13.691691398620605], [-9.499495506286621, 13.692198753356934], [-9.499480247497559, 13.692203521728516], [-9.498929023742676, 13.691262245178223], [-9.500133514404297, 13.693103790283203], [-9.499549865722656, 13.692183494567871], [-9.499715805053711, 13.692484855651855], [-9.499293327331543, 13.69177532196045], [-9.49905014038086, 13.691449165344238], [-9.498897552490234, 13.691305160522461], [-9.498896598815918, 13.691231727600098], [-9.499652862548828, 13.692442893981934], [-7.857281684875488, 10.44901180267334], [-7.856897354125977, 10.448485374450684], [-7.857633113861084, 10.449562072753906], [-7.857335567474365, 10.449057579040527], [-7.857117176055908, 10.448714256286621], [-7.857868194580078, 10.449786186218262], [-7.857941627502441, 10.449909210205078], [-7.85775899887085, 10.449639320373535], [-7.8578104972839355, 10.449748039245605], [-7.857802867889404, 10.449769020080566], [-7.857412815093994, 10.449235916137695], [-7.857700824737549, 10.449577331542969], [-7.857375144958496, 10.449090003967285], [-7.858395576477051, 10.450639724731445], [-7.857838153839111, 10.449830055236816], [-7.85800313949585, 10.450034141540527], [-7.857849597930908, 10.449820518493652], [-7.857750415802002, 10.44968318939209], [-7.85742712020874, 10.449211120605469], [-7.857331275939941, 10.449101448059082], [-10.875165939331055, 17.400758743286133], [-10.875247955322266, 17.400941848754883], [-10.875367164611816, 17.40119743347168], [-10.87527084350586, 17.400999069213867], [-10.87653636932373, 17.403181076049805], [-10.876415252685547, 17.4029598236084], [-10.875758171081543, 17.40172004699707], [-10.875739097595215, 17.401697158813477], [-10.875420570373535, 17.4012393951416], [-10.875374794006348, 17.401172637939453], [-10.875679969787598, 17.40166473388672], [-10.875770568847656, 17.401756286621094], [-10.875839233398438, 17.402027130126953], [-10.87585735321045, 17.402082443237305], [-10.875590324401855, 17.40159797668457], [-10.875669479370117, 17.40175437927246], [-10.87569808959961, 17.401790618896484], [-10.875991821289062, 17.40228843688965], [-10.875712394714355, 17.401697158813477], [-10.875349998474121, 17.400991439819336], [-10.287214279174805, 13.482857704162598], [-10.286906242370605, 13.48237133026123], [-10.28678035736084, 13.482206344604492], [-10.28654670715332, 13.481949806213379], [-10.286910057067871, 13.48237133026123], [-10.287016868591309, 13.482542991638184], [-10.287083625793457, 13.482658386230469], [-10.287349700927734, 13.48304271697998], [-10.287816047668457, 13.483712196350098], [-10.287775993347168, 13.483675956726074], [-10.28707218170166, 13.482694625854492], [-10.2869873046875, 13.482614517211914], [-10.28719711303711, 13.482854843139648], [-10.287688255310059, 13.483624458312988], [-10.287984848022461, 13.48401927947998], [-10.287720680236816, 13.483623504638672], [-10.288252830505371, 13.48437786102295], [-10.287145614624023, 13.482836723327637], [-10.287174224853516, 13.48278522491455], [-10.287066459655762, 13.482673645019531], [-9.513289451599121, 12.864465713500977], [-9.513177871704102, 12.864336013793945], [-9.512909889221191, 12.863968849182129], [-9.513158798217773, 12.86434268951416], [-9.513505935668945, 12.86478328704834], [-9.513741493225098, 12.865196228027344], [-9.513669967651367, 12.865153312683105], [-9.513360023498535, 12.864612579345703], [-9.51334285736084, 12.864534378051758], [-9.513166427612305, 12.864299774169922], [-9.513155937194824, 12.864327430725098], [-9.513629913330078, 12.865031242370605], [-9.51331901550293, 12.864558219909668], [-9.512858390808105, 12.863866806030273], [-9.513038635253906, 12.864181518554688], [-9.512752532958984, 12.8636474609375], [-9.512543678283691, 12.863348960876465], [-9.512591361999512, 12.863425254821777], [-9.512706756591797, 12.863659858703613], [-9.512735366821289, 12.863707542419434], [-7.270033359527588, 9.63308048248291], [-7.270975589752197, 9.634209632873535], [-7.270153522491455, 9.63321590423584], [-7.271203517913818, 9.634489059448242], [-7.271294116973877, 9.634583473205566], [-7.271121978759766, 9.634387969970703], [-7.270684719085693, 9.633845329284668], [-7.270355224609375, 9.633460998535156], [-7.271083831787109, 9.634352684020996], [-7.269989490509033, 9.63301944732666], [-7.270884037017822, 9.634123802185059], [-7.27051305770874, 9.633654594421387], [-7.270325660705566, 9.63342571258545], [-7.270476818084717, 9.633610725402832], [-7.270761966705322, 9.63398265838623], [-7.269821643829346, 9.632845878601074], [-7.2700514793396, 9.633145332336426], [-7.271268367767334, 9.634572982788086], [-7.2706499099731445, 9.633845329284668], [-7.270576000213623, 9.63370132446289], [-12.680723190307617, 16.69605255126953], [-12.681181907653809, 16.696796417236328], [-12.681375503540039, 16.697040557861328], [-12.681309700012207, 16.696969985961914], [-12.680822372436523, 16.696134567260742], [-12.68084716796875, 16.696184158325195]]","[1.0, 1.0, 1.0, 1.0, 1.0, 1.0, 1.0, 1.0, 1.0, 1.0, 1.0, 1.0, 1.0, 1.0, 1.0, 1.0, 1.0, 1.0, 1.0, 1.0, 1.0, 1.0, 1.0, 1.0, 1.0, 1.0, 1.0, 1.0, 1.0, 1.0, 1.0, 1.0, 1.0, 1.0, 1.0, 1.0, 1.0, 1.0, 1.0, 1.0, 1.0, 1.0, 1.0, 1.0, 1.0, 1.0, 1.0, 1.0, 1.0, 1.0, 1.0, 1.0, 1.0, 1.0, 1.0, 1.0, 1.0, 1.0, 1.0, 1.0, 1.0, 1.0, 1.0, 1.0, 1.0, 1.0, 1.0, 1.0, 1.0, 1.0, 1.0, 1.0, 1.0, 1.0, 1.0, 1.0, 1.0, 1.0, 1.0, 1.0, 1.0, 1.0, 1.0, 1.0, 1.0, 1.0, 1.0, 1.0, 1.0, 1.0, 1.0, 1.0, 1.0, 1.0, 1.0, 1.0, 1.0, 1.0, 1.0, 1.0, 1.0, 1.0, 1.0, 1.0, 1.0, 1.0, 1.0, 1.0, 1.0, 1.0, 1.0, 1.0, 1.0, 1.0, 1.0, 1.0, 1.0, 1.0, 1.0, 1.0, 1.0, 1.0, 1.0, 1.0, 1.0, 1.0, 1.0, 1.0, 1.0, 1.0, 1.0, 1.0, 1.0, 1.0, 1.0, 1.0, 1.0, 1.0, 1.0, 1.0, 1.0, 1.0, 1.0, 1.0, 1.0, 1.0]",aigvd_common1000,0,,1.0,Ug-RhOvj8pI_0_0to1461.mp4,F:\MEngDatasets\AIGVDBench\videos\Real\Real\videos\Ug-RhOvj8pI_0_0to1461.mp4,test,0,real,Real,,Real,Real,1,False
real_00246,0,"[[-10.5767183303833, 14.660455703735352], [-10.57658863067627, 14.660261154174805], [-10.576729774475098, 14.660465240478516], [-10.577371597290039, 14.661479949951172], [-10.577338218688965, 14.661437034606934], [-10.577170372009277, 14.661221504211426], [-10.576881408691406, 14.660797119140625], [-10.576909065246582, 14.66063117980957], [-10.576706886291504, 14.66030216217041], [-10.576375007629395, 14.659844398498535]]","[1.0, 1.0, 1.0, 1.0, 1.0, 1.0, 1.0, 1.0, 1.0, 1.0]",aigvd_common1000,0,,1.0,Z7Z_qbVIbsc_1_19to140.mp4,F:\MEngDatasets\AIGVDBench\videos\Real\Real\videos\Z7Z_qbVIbsc_1_19to140.mp4,test,0,real,Real,,Real,Real,1,False
real_00247,0,"[[-8.422004699707031, 12.011811256408691], [-8.422163963317871, 12.012089729309082], [-8.422170639038086, 12.012145042419434], [-8.422209739685059, 12.012219429016113], [-8.422204971313477, 12.012273788452148], [-8.422357559204102, 12.01259708404541], [-8.422614097595215, 12.0129976272583], [-8.422182083129883, 12.012321472167969], [-8.42287826538086, 12.01336669921875], [-8.422800064086914, 12.013206481933594], [-8.422615051269531, 12.012899398803711], [-8.422826766967773, 12.013155937194824], [-8.422789573669434, 12.013063430786133], [-8.422721862792969, 12.012922286987305], [-8.422436714172363, 12.012521743774414], [-8.422175407409668, 12.012042999267578], [-8.421727180480957, 12.011284828186035], [-8.421976089477539, 12.011748313903809], [-8.421897888183594, 12.011651992797852], [-8.4219331741333, 12.01171875], [-4.967311859130859, 7.388647079467773], [-4.967106342315674, 7.388326644897461], [-4.96697998046875, 7.388167381286621], [-4.967018127441406, 7.388213634490967]]","[1.0, 1.0, 1.0, 1.0, 1.0, 1.0, 1.0, 1.0, 1.0, 1.0, 1.0, 1.0, 1.0, 1.0, 1.0, 1.0, 1.0, 1.0, 1.0, 1.0, 0.9999957084655762, 0.9999957084655762, 0.9999957084655762, 0.9999957084655762]",aigvd_common1000,0,,1.0,tIfCwcRs_vE_34_0to264.mp4,F:\MEngDatasets\AIGVDBench\videos\Real\Real\videos\tIfCwcRs_vE_34_0to264.mp4,test,0,real,Real,,Real,Real,1,False
real_00248,0,"[[-9.511463165283203, 12.128067970275879], [-9.511573791503906, 12.128216743469238], [-9.511110305786133, 12.12759780883789], [-9.511481285095215, 12.128143310546875], [-9.51122760772705, 12.127589225769043], [-9.510705947875977, 12.126752853393555], [-9.511039733886719, 12.127184867858887], [-9.510826110839844, 12.126901626586914], [-9.50975513458252, 12.12544059753418], [-9.51056957244873, 12.12653923034668], [-9.509722709655762, 12.125432014465332], [-9.509673118591309, 12.125353813171387], [-9.509573936462402, 12.125240325927734], [-9.510622024536133, 12.126700401306152], [-9.511748313903809, 12.128412246704102], [-9.511310577392578, 12.127765655517578], [-9.51052474975586, 12.126547813415527], [-9.509273529052734, 12.124838829040527], [-9.510096549987793, 12.125975608825684], [-9.509751319885254, 12.12549877166748], [-6.156750679016113, 8.765972137451172], [-6.15687370300293, 8.766120910644531], [-6.156857490539551, 8.766160011291504], [-6.156861305236816, 8.766176223754883], [-6.1568522453308105, 8.766142845153809], [-6.156919002532959, 8.7662935256958], [-6.15704345703125, 8.766510963439941], [-6.15681266784668, 8.76610279083252], [-6.156366348266602, 8.765475273132324], [-6.15667724609375, 8.765891075134277], [-6.156815528869629, 8.766156196594238], [-6.157094478607178, 8.766627311706543], [-6.157057285308838, 8.766576766967773], [-6.1572089195251465, 8.766793251037598], [-6.157057285308838, 8.766514778137207], [-6.157035827636719, 8.766437530517578], [-6.1567583084106445, 8.766016960144043], [-6.156701564788818, 8.76591682434082], [-6.156788349151611, 8.76606559753418], [-6.1569037437438965, 8.766243934631348], [-10.873411178588867, 15.31135082244873], [-10.873259544372559, 15.310973167419434], [-10.873616218566895, 15.311837196350098], [-10.873669624328613, 15.311911582946777], [-10.873759269714355, 15.312042236328125], [-10.873784065246582, 15.31209659576416], [-10.873651504516602, 15.311820983886719], [-10.873702049255371, 15.311860084533691], [-10.87378978729248, 15.31205940246582], [-10.87365436553955, 15.311829566955566], [-10.873371124267578, 15.311262130737305], [-10.873563766479492, 15.31164836883545], [-10.873350143432617, 15.311274528503418], [-10.873284339904785, 15.31114673614502], [-10.873503684997559, 15.31167221069336], [-10.873516082763672, 15.311772346496582], [-10.873308181762695, 15.31137466430664], [-10.873345375061035, 15.311384201049805], [-10.873490333557129, 15.311725616455078], [-10.873629570007324, 15.311976432800293], [-8.901549339294434, 11.86344051361084], [-8.901618957519531, 11.863527297973633], [-8.901134490966797, 11.862593650817871], [-8.901392936706543, 11.86309814453125], [-8.900790214538574, 11.862040519714355], [-8.901208877563477, 11.862771987915039], [-8.901165008544922, 11.862709045410156], [-8.901065826416016, 11.862885475158691], [-8.900870323181152, 11.862619400024414], [-8.900851249694824, 11.862537384033203], [-8.900862693786621, 11.862298011779785], [-8.900601387023926, 11.861722946166992], [-8.90083122253418, 11.862147331237793], [-8.901165962219238, 11.862846374511719]]","[1.0, 1.0, 1.0, 1.0, 1.0, 1.0, 1.0, 1.0, 1.0, 1.0, 1.0, 1.0, 1.0, 1.0, 1.0, 1.0, 1.0, 1.0, 1.0, 1.0, 0.9999996423721313, 0.9999996423721313, 0.9999996423721313, 0.9999996423721313, 0.9999996423721313, 0.9999996423721313, 0.9999996423721313, 0.9999996423721313, 0.9999996423721313, 0.9999996423721313, 0.9999996423721313, 0.9999996423721313, 0.9999996423721313, 0.9999996423721313, 0.9999996423721313, 0.9999996423721313, 0.9999996423721313, 0.9999996423721313, 0.9999996423721313, 0.9999996423721313, 1.0, 1.0, 1.0, 1.0, 1.0, 1.0, 1.0, 1.0, 1.0, 1.0, 1.0, 1.0, 1.0, 1.0, 1.0, 1.0, 1.0, 1.0, 1.0, 1.0, 1.0, 1.0, 1.0, 1.0, 1.0, 1.0, 1.0, 1.0, 1.0, 1.0, 1.0, 1.0, 1.0, 1.0]",aigvd_common1000,0,,1.0,NhHxwA3zLIM_39_0to744.mp4,F:\MEngDatasets\AIGVDBench\videos\Real\Real\videos\NhHxwA3zLIM_39_0to744.mp4,test,0,real,Real,,Real,Real,1,False
real_00249,0,"[[-16.842300415039062, 22.56328773498535], [-16.842544555664062, 22.5638370513916], [-16.84288215637207, 22.564781188964844], [-16.84207534790039, 22.563867568969727], [-16.84148597717285, 22.562877655029297], [-16.84231185913086, 22.564313888549805], [-16.84202766418457, 22.563602447509766], [-16.84178352355957, 22.563148498535156], [-16.841445922851562, 22.562620162963867], [-16.840991973876953, 22.561912536621094], [-16.841514587402344, 22.562835693359375]]","[1.0, 1.0, 1.0, 1.0, 1.0, 1.0, 1.0, 1.0, 1.0, 1.0, 1.0]",aigvd_common1000,0,,1.0,0BPQnk47p6M_2_55to191.mp4,F:\MEngDatasets\AIGVDBench\videos\Real\Real\videos\0BPQnk47p6M_2_55to191.mp4,test,0,real,Real,,Real,Real,1,False
real_00250,0,"[[-16.641904830932617, 20.180301666259766], [-16.641916275024414, 20.180320739746094], [-16.641870498657227, 20.180265426635742], [-16.641796112060547, 20.180152893066406], [-16.641328811645508, 20.179391860961914], [-16.64064598083496, 20.17829132080078], [-16.640380859375, 20.177906036376953], [-16.641109466552734, 20.178808212280273], [-16.64066505432129, 20.17818260192871], [-16.641071319580078, 20.17873764038086], [-16.640268325805664, 20.17766761779785], [-16.640472412109375, 20.17788314819336], [-16.639774322509766, 20.176923751831055], [-16.639896392822266, 20.177112579345703], [-16.639034271240234, 20.175832748413086], [-16.63886260986328, 20.175586700439453], [-16.638498306274414, 20.175092697143555], [-16.638904571533203, 20.175804138183594], [-16.638559341430664, 20.175321578979492], [-16.638547897338867, 20.175142288208008], [-18.01653289794922, 20.882915496826172], [-18.017507553100586, 20.884418487548828], [-18.01715850830078, 20.883882522583008], [-18.016820907592773, 20.88344383239746], [-18.016321182250977, 20.88250732421875], [-18.01663589477539, 20.882863998413086], [-18.01689910888672, 20.88332176208496], [-18.016860961914062, 20.883398056030273], [-18.016576766967773, 20.88294792175293], [-18.015779495239258, 20.881702423095703], [-18.015859603881836, 20.881792068481445], [-18.01619529724121, 20.882240295410156], [-18.01683235168457, 20.883420944213867], [-18.01675033569336, 20.883390426635742], [-18.016868591308594, 20.883560180664062], [-18.016521453857422, 20.883115768432617], [-18.016748428344727, 20.883419036865234], [-18.016801834106445, 20.88348960876465], [-18.01605796813965, 20.882408142089844], [-18.016651153564453, 20.883153915405273], [-18.68267250061035, 22.650653839111328], [-18.682668685913086, 22.650665283203125], [-18.681926727294922, 22.649799346923828], [-18.68287467956543, 22.650718688964844], [-18.68238067626953, 22.650102615356445], [-18.68204116821289, 22.6498966217041], [-18.682600021362305, 22.65056610107422]]","[1.0, 1.0, 1.0, 1.0, 1.0, 1.0, 1.0, 1.0, 1.0, 1.0, 1.0, 1.0, 1.0, 1.0, 1.0, 1.0, 1.0, 1.0, 1.0, 1.0, 1.0, 1.0, 1.0, 1.0, 1.0, 1.0, 1.0, 1.0, 1.0, 1.0, 1.0, 1.0, 1.0, 1.0, 1.0, 1.0, 1.0, 1.0, 1.0, 1.0, 1.0, 1.0, 1.0, 1.0, 1.0, 1.0, 1.0]",aigvd_common1000,0,,1.0,ANAekpD8mDQ_28_55to547.mp4,F:\MEngDatasets\AIGVDBench\videos\Real\Real\videos\ANAekpD8mDQ_28_55to547.mp4,test,0,real,Real,,Real,Real,1,False
real_00251,0,"[[-11.025030136108398, 13.895886421203613], [-11.025192260742188, 13.896153450012207], [-11.025235176086426, 13.896244049072266], [-11.02521800994873, 13.896222114562988], [-11.025022506713867, 13.895939826965332], [-11.025369644165039, 13.896465301513672], [-11.025321960449219, 13.896368026733398], [-11.025166511535645, 13.896137237548828], [-11.02497673034668, 13.895812034606934], [-11.025008201599121, 13.895881652832031], [-11.024949073791504, 13.895783424377441], [-11.024553298950195, 13.89515495300293], [-11.024663925170898, 13.895206451416016], [-11.024670600891113, 13.895216941833496], [-11.024662017822266, 13.8952054977417], [-11.025117874145508, 13.895927429199219], [-11.025564193725586, 13.896687507629395]]","[1.0, 1.0, 1.0, 1.0, 1.0, 1.0, 1.0, 1.0, 1.0, 1.0, 1.0, 1.0, 1.0, 1.0, 1.0, 1.0, 1.0]",aigvd_common1000,0,,1.0,CFXfSBR5Q9w_6_49to247.mp4,F:\MEngDatasets\AIGVDBench\videos\Real\Real\videos\CFXfSBR5Q9w_6_49to247.mp4,test,0,real,Real,,Real,Real,1,False
real_00252,0,"[[-15.270575523376465, 21.098037719726562], [-15.270243644714355, 21.09744644165039], [-15.27175235748291, 21.099491119384766], [-15.272418022155762, 21.100492477416992], [-15.271801948547363, 21.09966468811035], [-15.271626472473145, 21.099485397338867], [-15.27053451538086, 21.097843170166016], [-15.27039909362793, 21.097883224487305], [-15.269987106323242, 21.097251892089844], [-15.271157264709473, 21.098764419555664], [-15.27084732055664, 21.098403930664062], [-15.268842697143555, 21.09590721130371], [-15.268725395202637, 21.095703125], [-15.268204689025879, 21.094890594482422], [-15.269186019897461, 21.096311569213867], [-15.269012451171875, 21.09607696533203], [-15.269399642944336, 21.096609115600586], [-15.269624710083008, 21.09684944152832], [-15.269888877868652, 21.097227096557617], [-15.269683837890625, 21.09696388244629], [-9.05023193359375, 11.950165748596191], [-9.04920768737793, 11.949141502380371], [-9.04907512664795, 11.949020385742188], [-9.049371719360352, 11.949310302734375], [-9.04930591583252, 11.949236869812012], [-9.050735473632812, 11.950667381286621], [-9.052155494689941, 11.952095985412598], [-9.052253723144531, 11.952194213867188], [-9.048918724060059, 11.948831558227539], [-9.049269676208496, 11.949203491210938], [-9.049799919128418, 11.949740409851074], [-9.049561500549316, 11.949503898620605], [-9.048912048339844, 11.948844909667969], [-9.04989242553711, 11.949835777282715], [-9.04983901977539, 11.949784278869629], [-9.049820899963379, 11.949767112731934], [-9.04932689666748, 11.949273109436035], [-9.049703598022461, 11.949654579162598], [-9.049333572387695, 11.9492769241333], [-9.049138069152832, 11.949076652526855], [-17.73360252380371, 23.361007690429688], [-17.73335838317871, 23.360492706298828], [-17.733238220214844, 23.360353469848633], [-17.732704162597656, 23.359699249267578], [-17.7318172454834, 23.358543395996094], [-17.731552124023438, 23.35826301574707], [-17.732254028320312, 23.359155654907227], [-17.734899520874023, 23.362777709960938], [-17.735671997070312, 23.3636474609375], [-17.735218048095703, 23.36307716369629], [-17.7356014251709, 23.363784790039062]]","[1.0, 1.0, 1.0, 1.0, 1.0, 1.0, 1.0, 1.0, 1.0, 1.0, 1.0, 1.0, 1.0, 1.0, 1.0, 1.0, 1.0, 1.0, 1.0, 1.0, 1.0, 1.0, 1.0, 1.0, 1.0, 1.0, 1.0, 1.0, 1.0, 1.0, 1.0, 1.0, 1.0, 1.0, 1.0, 1.0, 1.0, 1.0, 1.0, 1.0, 1.0, 1.0, 1.0, 1.0, 1.0, 1.0, 1.0, 1.0, 1.0, 1.0, 1.0]",aigvd_common1000,0,,1.0,7fy-TO_tOd8_5_65to601.mp4,F:\MEngDatasets\AIGVDBench\videos\Real\Real\videos\7fy-TO_tOd8_5_65to601.mp4,test,0,real,Real,,Real,Real,1,False
real_00253,0,"[[6.865447521209717, -7.1177825927734375], [6.865312099456787, -7.1176934242248535], [6.865381240844727, -7.117753028869629], [6.86478853225708, -7.1175923347473145], [6.865034580230713, -7.117693901062012], [6.864596843719482, -7.117547035217285], [6.864418983459473, -7.117441654205322], [6.864556312561035, -7.117526531219482], [6.864515781402588, -7.117500305175781], [6.865239143371582, -7.117772579193115], [6.865523338317871, -7.117813587188721], [6.865374565124512, -7.117693901062012], [6.864637851715088, -7.117518901824951], [6.8643975257873535, -7.11745023727417], [6.864556312561035, -7.117492198944092], [6.86491060256958, -7.117690086364746], [6.864840984344482, -7.117671966552734], [6.864555358886719, -7.117568492889404], [6.864613056182861, -7.117593288421631], [6.865063190460205, -7.11781120300293], [-3.294189453125, 4.816105365753174], [-3.293715715408325, 4.815499782562256], [-3.294293165206909, 4.8163065910339355], [-3.2943027019500732, 4.816307544708252]]","[8.455898523607175e-07, 8.457801641270635e-07, 8.45671308979945e-07, 8.463086942356313e-07, 8.460141316390946e-07, 8.465096357213042e-07, 8.467487191410328e-07, 8.465613063890487e-07, 8.466178655908152e-07, 8.457753324364603e-07, 8.454994713247288e-07, 8.457269586870098e-07, 8.464983807243698e-07, 8.467599741379672e-07, 8.465904670629243e-07, 8.46122190978349e-07, 8.461964284833812e-07, 8.465257792522607e-07, 8.464563734378316e-07, 8.458915203846118e-07, 0.9996997117996216, 0.9996993541717529, 0.9996998310089111, 0.9996998310089111]",aigvd_common1000,0,,8.457801641270635e-07,t1TrCs897CI_58_0to246.mp4,F:\MEngDatasets\AIGVDBench\videos\Real\Real\videos\t1TrCs897CI_58_0to246.mp4,test,0,real,Real,,Real,Real,0,True
real_00254,0,"[[-14.805563926696777, 20.056217193603516], [-14.80564022064209, 20.05632209777832], [-14.805288314819336, 20.055700302124023], [-14.804961204528809, 20.055110931396484], [-14.805034637451172, 20.055150985717773], [-14.805264472961426, 20.055530548095703], [-14.805356979370117, 20.055761337280273], [-14.805459022521973, 20.056142807006836], [-14.806042671203613, 20.057260513305664], [-14.806025505065918, 20.057247161865234], [-14.805713653564453, 20.056631088256836]]","[1.0, 1.0, 1.0, 1.0, 1.0, 1.0, 1.0, 1.0, 1.0, 1.0, 1.0]",aigvd_common1000,0,,1.0,WkM86Qbl-r8_3_0to111.mp4,F:\MEngDatasets\AIGVDBench\videos\Real\Real\videos\WkM86Qbl-r8_3_0to111.mp4,test,0,real,Real,,Real,Real,1,False
real_00255,0,"[[10.978015899658203, -12.59700870513916], [10.978256225585938, -12.597182273864746], [10.977964401245117, -12.59697151184082], [10.97793960571289, -12.596943855285645], [10.977702140808105, -12.596789360046387], [10.977741241455078, -12.59680461883545], [10.977752685546875, -12.596816062927246], [10.97790813446045, -12.596924781799316], [10.978093147277832, -12.597067832946777], [10.978187561035156, -12.597136497497559], [10.977916717529297, -12.59693431854248], [10.977920532226562, -12.596940994262695], [10.978068351745605, -12.597037315368652], [10.978036880493164, -12.597020149230957], [10.978047370910645, -12.597031593322754], [10.977983474731445, -12.596977233886719]]","[5.774273073577696e-11, 5.771872563231639e-11, 5.774779612832681e-11, 5.77508804666671e-11, 5.7773466566324316e-11, 5.777027120568157e-11, 5.776894934639287e-11, 5.775374276040246e-11, 5.7734799580044793e-11, 5.772533145931291e-11, 5.775263947627174e-11, 5.775209130365333e-11, 5.773799147124059e-11, 5.774074621212044e-11, 5.773953190568726e-11, 5.7746366716182607e-11]",aigvd_common1000,0,,5.771872563231639e-11,S3aByfnJbGE_61_0to164.mp4,F:\MEngDatasets\AIGVDBench\videos\Real\Real\videos\S3aByfnJbGE_61_0to164.mp4,test,0,real,Real,,Real,Real,0,True
real_00256,0,"[[-8.45229434967041, 9.577587127685547], [-8.452147483825684, 9.577413558959961], [-8.451970100402832, 9.577205657958984], [-8.451984405517578, 9.577213287353516], [-8.451736450195312, 9.576896667480469], [-8.45068645477295, 9.575644493103027], [-8.450469970703125, 9.575390815734863], [-8.450901985168457, 9.575896263122559], [-8.451061248779297, 9.576081275939941], [-8.450860023498535, 9.575861930847168], [-8.451114654541016, 9.576144218444824], [-8.450782775878906, 9.575751304626465]]","[1.0, 1.0, 1.0, 1.0, 1.0, 1.0, 1.0, 1.0, 1.0, 1.0, 1.0, 1.0]",aigvd_common1000,0,,1.0,RNH667QhwMU_14_0to144.mp4,F:\MEngDatasets\AIGVDBench\videos\Real\Real\videos\RNH667QhwMU_14_0to144.mp4,test,0,real,Real,,Real,Real,1,False
real_00257,0,"[[-14.54555606842041, 18.638446807861328], [-14.545607566833496, 18.638534545898438], [-14.54547119140625, 18.638383865356445], [-14.545666694641113, 18.638660430908203], [-14.546041488647461, 18.639177322387695], [-14.545866012573242, 18.638877868652344], [-14.545828819274902, 18.638830184936523], [-14.545907020568848, 18.638933181762695], [-14.545811653137207, 18.638866424560547], [-14.54572868347168, 18.63877296447754], [-14.54573917388916, 18.63882064819336], [-14.545685768127441, 18.63873291015625], [-14.545766830444336, 18.6387882232666], [-14.545726776123047, 18.638757705688477], [-14.545781135559082, 18.638818740844727], [-14.54561996459961, 18.63860321044922]]","[1.0, 1.0, 1.0, 1.0, 1.0, 1.0, 1.0, 1.0, 1.0, 1.0, 1.0, 1.0, 1.0, 1.0, 1.0, 1.0]",aigvd_common1000,0,,1.0,dfu2UfqnXk4_1_94to284.mp4,F:\MEngDatasets\AIGVDBench\videos\Real\Real\videos\dfu2UfqnXk4_1_94to284.mp4,test,0,real,Real,,Real,Real,1,False
real_00258,0,"[[-14.048055648803711, 19.03759765625], [-14.050338745117188, 19.04088020324707], [-14.04990291595459, 19.040313720703125], [-14.051910400390625, 19.043100357055664], [-14.052522659301758, 19.043912887573242], [-14.051810264587402, 19.042911529541016], [-14.051459312438965, 19.04244041442871], [-14.051398277282715, 19.0423583984375], [-14.05132007598877, 19.042253494262695], [-14.051633834838867, 19.042619705200195]]","[1.0, 1.0, 1.0, 1.0, 1.0, 1.0, 1.0, 1.0, 1.0, 1.0]",aigvd_common1000,0,,1.0,a86X32mBO0o_104_0to103.mp4,F:\MEngDatasets\AIGVDBench\videos\Real\Real\videos\a86X32mBO0o_104_0to103.mp4,test,0,real,Real,,Real,Real,1,False
real_00259,0,"[[-8.044404029846191, 11.086560249328613], [-8.044554710388184, 11.086775779724121], [-8.04448413848877, 11.086806297302246], [-8.04423999786377, 11.086294174194336], [-8.044516563415527, 11.0867280960083], [-8.044187545776367, 11.086270332336426], [-8.04413890838623, 11.086188316345215], [-8.044254302978516, 11.0863037109375], [-8.044381141662598, 11.086494445800781], [-8.044419288635254, 11.086579322814941], [-8.044880867004395, 11.087302207946777], [-8.044018745422363, 11.086000442504883], [-8.044764518737793, 11.087135314941406], [-8.044690132141113, 11.086971282958984], [-8.044130325317383, 11.086050987243652], [-8.044145584106445, 11.086085319519043], [-8.044485092163086, 11.086710929870605], [-8.044682502746582, 11.086993217468262], [-8.044266700744629, 11.086304664611816], [-8.04440689086914, 11.086543083190918], [-8.46721363067627, 11.205907821655273], [-8.467086791992188, 11.205611228942871], [-8.467082023620605, 11.205700874328613], [-8.466999053955078, 11.205592155456543], [-8.467260360717773, 11.206073760986328], [-8.467314720153809, 11.20604133605957], [-8.4672269821167, 11.205866813659668], [-8.467331886291504, 11.206154823303223], [-8.467157363891602, 11.205815315246582], [-8.467214584350586, 11.20590877532959], [-8.467523574829102, 11.206513404846191], [-8.467040061950684, 11.205574989318848], [-8.467142105102539, 11.205739974975586], [-8.467185974121094, 11.20580005645752], [-8.467037200927734, 11.205547332763672], [-8.467053413391113, 11.205589294433594], [-8.467117309570312, 11.205704689025879], [-8.467270851135254, 11.205988883972168], [-8.4670991897583, 11.205674171447754], [-8.46709156036377, 11.205673217773438], [-10.625102996826172, 13.791682243347168], [-10.625067710876465, 13.79159927368164], [-10.62503719329834, 13.791581153869629], [-10.625109672546387, 13.791680335998535], [-10.625129699707031, 13.79172134399414], [-10.625432014465332, 13.792191505432129], [-10.625579833984375, 13.792417526245117], [-10.625380516052246, 13.792086601257324], [-10.62552547454834, 13.792305946350098], [-10.625378608703613, 13.792113304138184], [-10.625000953674316, 13.791524887084961], [-10.625016212463379, 13.791543960571289], [-10.624950408935547, 13.79143238067627], [-10.62519645690918, 13.791777610778809], [-10.625367164611816, 13.792045593261719], [-10.625954627990723, 13.792952537536621], [-10.625479698181152, 13.792234420776367], [-10.625133514404297, 13.791799545288086], [-10.625615119934082, 13.79249095916748], [-10.625151634216309, 13.791807174682617], [-9.766447067260742, 14.00787353515625], [-9.766505241394043, 14.007960319519043], [-9.766939163208008, 14.008599281311035], [-9.766539573669434, 14.008049964904785], [-9.766009330749512, 14.007254600524902], [-9.766380310058594, 14.007796287536621], [-9.766552925109863, 14.008036613464355], [-9.76618766784668, 14.007515907287598], [-9.766448020935059, 14.007874488830566], [-9.766059875488281, 14.007344245910645], [-9.766186714172363, 14.007503509521484], [-9.766338348388672, 14.007730484008789], [-9.766919136047363, 14.008423805236816], [-9.766782760620117, 14.008255004882812], [-9.766461372375488, 14.0078706741333], [-9.766446113586426, 14.00788688659668], [-9.766096115112305, 14.007439613342285], [-9.765883445739746, 14.007156372070312], [-9.766546249389648, 14.00805377960205], [-9.76610279083252, 14.007411003112793], [-4.754921913146973, 6.948563098907471], [-4.754781246185303, 6.948394775390625], [-4.754870414733887, 6.9485249519348145], [-4.755374908447266, 6.949128150939941], [-4.754924774169922, 6.948581695556641], [-4.75497579574585, 6.948664665222168], [-4.754948139190674, 6.948606014251709], [-4.754883289337158, 6.9485297203063965], [-4.7547173500061035, 6.948347568511963], [-4.754873275756836, 6.948508262634277], [-4.7549920082092285, 6.948660850524902], [-4.754855632781982, 6.948505401611328], [-4.755295753479004, 6.949007034301758], [-4.755347728729248, 6.949093341827393], [-4.755014896392822, 6.948729515075684], [-4.7551374435424805, 6.948843955993652], [-4.755367279052734, 6.949100494384766], [-4.755311012268066, 6.949033737182617], [-4.755311965942383, 6.949048042297363], [-4.75497579574585, 6.94865083694458], [-8.861021041870117, 11.816420555114746], [-8.861368179321289, 11.81693172454834], [-8.861823081970215, 11.817782402038574], [-8.861368179321289, 11.816941261291504], [-8.861156463623047, 11.816681861877441], [-8.861600875854492, 11.817282676696777], [-8.861310005187988, 11.816842079162598], [-8.860984802246094, 11.816376686096191], [-8.86116886138916, 11.816658020019531], [-8.861172676086426, 11.81663703918457], [-8.861443519592285, 11.817042350769043], [-8.861126899719238, 11.81655216217041], [-8.861428260803223, 11.817015647888184], [-8.861268997192383, 11.81692123413086], [-8.861017227172852, 11.816516876220703], [-8.861191749572754, 11.81667709350586], [-8.861251831054688, 11.816767692565918], [-8.861214637756348, 11.816705703735352], [-8.861188888549805, 11.816659927368164], [-8.86125659942627, 11.816755294799805], [-4.863292217254639, 6.431968688964844], [-4.862776756286621, 6.431474208831787], [-4.863075256347656, 6.431761741638184], [-4.864429473876953, 6.433058261871338], [-4.864697456359863, 6.433316230773926], [-4.864078521728516, 6.4327216148376465], [-4.863941192626953, 6.432593822479248], [-4.862988471984863, 6.431676387786865], [-4.862929821014404, 6.431619644165039], [-4.863067150115967, 6.431752681732178], [-4.86348295211792, 6.4321489334106445], [-4.863266944885254, 6.431941509246826], [-4.863770484924316, 6.432425498962402], [-4.863478183746338, 6.432145118713379], [-4.864270210266113, 6.4329094886779785], [-4.86284065246582, 6.431534290313721], [-4.862640380859375, 6.431341171264648]]","[1.0, 1.0, 1.0, 1.0, 1.0, 1.0, 1.0, 1.0, 1.0, 1.0, 1.0, 1.0, 1.0, 1.0, 1.0, 1.0, 1.0, 1.0, 1.0, 1.0, 1.0, 1.0, 1.0, 1.0, 1.0, 1.0, 1.0, 1.0, 1.0, 1.0, 1.0, 1.0, 1.0, 1.0, 1.0, 1.0, 1.0, 1.0, 1.0, 1.0, 1.0, 1.0, 1.0, 1.0, 1.0, 1.0, 1.0, 1.0, 1.0, 1.0, 1.0, 1.0, 1.0, 1.0, 1.0, 1.0, 1.0, 1.0, 1.0, 1.0, 1.0, 1.0, 1.0, 1.0, 1.0, 1.0, 1.0, 1.0, 1.0, 1.0, 1.0, 1.0, 1.0, 1.0, 1.0, 1.0, 1.0, 1.0, 1.0, 1.0, 0.999991774559021, 0.999991774559021, 0.999991774559021, 0.999991774559021, 0.999991774559021, 0.999991774559021, 0.999991774559021, 0.999991774559021, 0.999991774559021, 0.999991774559021, 0.999991774559021, 0.999991774559021, 0.999991774559021, 0.999991774559021, 0.999991774559021, 0.999991774559021, 0.999991774559021, 0.999991774559021, 0.999991774559021, 0.999991774559021, 1.0, 1.0, 1.0, 1.0, 1.0, 1.0, 1.0, 1.0, 1.0, 1.0, 1.0, 1.0, 1.0, 1.0, 1.0, 1.0, 1.0, 1.0, 1.0, 1.0, 0.9999876022338867, 0.9999876022338867, 0.9999876022338867, 0.9999876022338867, 0.9999876022338867, 0.9999876022338867, 0.9999876022338867, 0.9999876022338867, 0.9999876022338867, 0.9999876022338867, 0.9999876022338867, 0.9999876022338867, 0.9999876022338867, 0.9999876022338867, 0.9999876022338867, 0.9999876022338867, 0.9999876022338867]",aigvd_common1000,0,,1.0,SNG9ILDuAyk_1_0to1374.mp4,F:\MEngDatasets\AIGVDBench\videos\Real\Real\videos\SNG9ILDuAyk_1_0to1374.mp4,test,0,real,Real,,Real,Real,1,False
real_00260,0,"[[-12.512689590454102, 17.6571102142334], [-12.512862205505371, 17.657649993896484], [-12.512174606323242, 17.656652450561523], [-12.513422966003418, 17.65907859802246], [-12.514069557189941, 17.65993309020996], [-12.514620780944824, 17.660661697387695], [-12.51457405090332, 17.660547256469727], [-12.514466285705566, 17.660335540771484], [-12.514542579650879, 17.660663604736328], [-12.514372825622559, 17.660383224487305]]","[1.0, 1.0, 1.0, 1.0, 1.0, 1.0, 1.0, 1.0, 1.0, 1.0]",aigvd_common1000,0,,1.0,jmHXwoFzFJw_25_32to156.mp4,F:\MEngDatasets\AIGVDBench\videos\Real\Real\videos\jmHXwoFzFJw_25_32to156.mp4,test,0,real,Real,,Real,Real,1,False
real_00261,0,"[[-10.983649253845215, 16.374603271484375], [-10.983733177185059, 16.3747615814209], [-10.984076499938965, 16.37518882751465], [-10.98399829864502, 16.375019073486328], [-10.983960151672363, 16.374874114990234], [-10.983779907226562, 16.374570846557617], [-10.984065055847168, 16.375051498413086], [-10.984051704406738, 16.37505340576172], [-10.983724594116211, 16.374486923217773], [-10.983818054199219, 16.374616622924805], [-10.983929634094238, 16.374853134155273], [-10.984113693237305, 16.37509536743164], [-10.984245300292969, 16.375289916992188], [-10.98427677154541, 16.375396728515625], [-10.984164237976074, 16.375322341918945]]","[1.0, 1.0, 1.0, 1.0, 1.0, 1.0, 1.0, 1.0, 1.0, 1.0, 1.0, 1.0, 1.0, 1.0, 1.0]",aigvd_common1000,0,,1.0,ntBZJZo4Pt0_18_16to194.mp4,F:\MEngDatasets\AIGVDBench\videos\Real\Real\videos\ntBZJZo4Pt0_18_16to194.mp4,test,0,real,Real,,Real,Real,1,False
real_00262,0,"[[-10.603462219238281, 14.256139755249023], [-10.60351848602295, 14.256104469299316], [-10.603272438049316, 14.255573272705078], [-10.603339195251465, 14.255757331848145], [-10.602917671203613, 14.255017280578613], [-10.601046562194824, 14.2510347366333], [-10.601738929748535, 14.252425193786621], [-10.602038383483887, 14.252972602844238], [-10.602477073669434, 14.253645896911621], [-10.602374076843262, 14.25346851348877], [-10.602084159851074, 14.253094673156738], [-10.601778030395508, 14.252283096313477], [-10.602322578430176, 14.252913475036621], [-10.602137565612793, 14.252745628356934], [-10.602034568786621, 14.252931594848633]]","[1.0, 1.0, 1.0, 1.0, 1.0, 1.0, 1.0, 1.0, 1.0, 1.0, 1.0, 1.0, 1.0, 1.0, 1.0]",aigvd_common1000,0,,1.0,lmwZughLY00_3_0to154.mp4,F:\MEngDatasets\AIGVDBench\videos\Real\Real\videos\lmwZughLY00_3_0to154.mp4,test,0,real,Real,,Real,Real,1,False
real_00263,0,"[[-12.463428497314453, 15.705145835876465], [-12.463237762451172, 15.704726219177246], [-12.463212966918945, 15.704748153686523], [-12.46328353881836, 15.704917907714844], [-12.463300704956055, 15.70505428314209], [-12.463968276977539, 15.70643424987793], [-12.46395492553711, 15.706380844116211], [-12.463518142700195, 15.705482482910156], [-12.463629722595215, 15.70571231842041], [-12.464385032653809, 15.707226753234863], [-12.464818000793457, 15.70803451538086], [-12.464752197265625, 15.707876205444336], [-12.463552474975586, 15.70552921295166], [-12.463911056518555, 15.706204414367676], [-12.463912010192871, 15.706175804138184], [-12.463443756103516, 15.705245971679688], [-12.463499069213867, 15.705400466918945], [-12.463262557983398, 15.704875946044922], [-12.463221549987793, 15.704795837402344], [-12.46286678314209, 15.703938484191895], [-13.962569236755371, 18.716753005981445], [-13.962625503540039, 18.7169132232666], [-13.9623384475708, 18.716291427612305], [-13.962185859680176, 18.71600341796875], [-13.962021827697754, 18.715639114379883], [-13.962088584899902, 18.7156925201416], [-13.962342262268066, 18.716066360473633], [-13.962963104248047, 18.71724510192871], [-13.963391304016113, 18.718183517456055], [-13.963278770446777, 18.717994689941406], [-13.962902069091797, 18.71728515625], [-13.962799072265625, 18.717041015625], [-13.962905883789062, 18.717300415039062], [-13.962949752807617, 18.717302322387695], [-13.962871551513672, 18.71711540222168], [-13.962766647338867, 18.71697998046875], [-13.962868690490723, 18.717222213745117], [-13.962950706481934, 18.71747589111328], [-13.963504791259766, 18.71875], [-13.963720321655273, 18.719118118286133], [-9.022167205810547, 12.6196870803833], [-9.019801139831543, 12.615971565246582], [-9.019221305847168, 12.61514663696289], [-9.020103454589844, 12.616523742675781], [-9.019529342651367, 12.615736961364746], [-9.02082347869873, 12.6179838180542], [-9.020587921142578, 12.617615699768066], [-9.020931243896484, 12.61797046661377], [-9.020649909973145, 12.617534637451172], [-9.020462036132812, 12.617227554321289], [-9.020763397216797, 12.617682456970215], [-9.021228790283203, 12.618396759033203], [-9.021361351013184, 12.618636131286621], [-9.02138614654541, 12.618673324584961], [-9.021856307983398, 12.619400024414062], [-9.023157119750977, 12.621251106262207], [-9.023665428161621, 12.622100830078125], [-9.02237319946289, 12.620234489440918], [-9.021886825561523, 12.619539260864258], [-9.02198600769043, 12.619651794433594], [-10.856135368347168, 15.211881637573242], [-10.85584545135498, 15.211158752441406], [-10.856246948242188, 15.211758613586426], [-10.856559753417969, 15.212315559387207], [-10.856484413146973, 15.21240234375], [-10.856366157531738, 15.212385177612305], [-10.856009483337402, 15.211822509765625], [-10.855550765991211, 15.210980415344238], [-10.855388641357422, 15.210735321044922], [-10.855158805847168, 15.210355758666992], [-10.855902671813965, 15.211684226989746], [-10.856099128723145, 15.212017059326172], [-10.856841087341309, 15.213299751281738], [-10.857220649719238, 15.213906288146973], [-10.856966972351074, 15.213421821594238], [-10.857270240783691, 15.213997840881348], [-10.857274055480957, 15.214092254638672], [-10.857261657714844, 15.214118003845215], [-10.857892036437988, 15.215164184570312], [-10.857836723327637, 15.215072631835938], [-7.8073835372924805, 9.648649215698242], [-7.807643890380859, 9.648996353149414], [-7.807042121887207, 9.6482515335083], [-7.804445743560791, 9.64494800567627], [-7.803138732910156, 9.64326000213623], [-7.803177356719971, 9.643343925476074], [-7.802681922912598, 9.642801284790039], [-7.802409648895264, 9.64245319366455], [-7.80302619934082, 9.643168449401855], [-7.80318546295166, 9.643316268920898], [-7.8028693199157715, 9.64292049407959], [-7.802742004394531, 9.642875671386719], [-7.803761005401611, 9.644145965576172], [-7.803462982177734, 9.643755912780762], [-7.804891586303711, 9.645456314086914], [-7.804879665374756, 9.645414352416992], [-7.803018569946289, 9.643204689025879], [-7.802409648895264, 9.6425142288208], [-7.802811622619629, 9.643004417419434], [-7.8028106689453125, 9.64303970336914], [-14.378640174865723, 17.994680404663086], [-14.37894344329834, 17.9949893951416], [-14.380269050598145, 17.996658325195312], [-14.37878131866455, 17.994873046875], [-14.378972053527832, 17.995052337646484], [-14.379572868347168, 17.995765686035156], [-14.381807327270508, 17.998443603515625], [-14.380937576293945, 17.99736785888672], [-14.382498741149902, 17.999128341674805], [-14.382213592529297, 17.99881935119629], [-14.38178539276123, 17.998340606689453], [-14.382229804992676, 17.99887466430664], [-14.381169319152832, 17.997577667236328], [-14.378662109375, 17.994295120239258], [-14.379860877990723, 17.99564552307129], [-14.382071495056152, 17.998645782470703], [-14.382949829101562, 17.999725341796875], [-14.382963180541992, 17.999746322631836], [-14.382576942443848, 17.9992618560791], [-14.382019996643066, 17.99856948852539], [-20.872793197631836, 27.388166427612305], [-20.872631072998047, 27.38799476623535], [-20.872455596923828, 27.387739181518555], [-20.872285842895508, 27.38739013671875], [-20.873567581176758, 27.389184951782227], [-20.87470817565918, 27.390727996826172], [-20.874162673950195, 27.390056610107422], [-20.872943878173828, 27.388303756713867], [-20.87335968017578, 27.38905143737793], [-20.872678756713867, 27.38794708251953], [-20.872262954711914, 27.38739013671875], [-20.87160873413086, 27.386632919311523], [-20.86983299255371, 27.38409996032715], [-20.87270164489746, 27.38783073425293], [-20.871644973754883, 27.3865966796875], [-20.871475219726562, 27.386404037475586], [-20.87259292602539, 27.387901306152344], [-20.87421417236328, 27.38985252380371], [-20.873699188232422, 27.389577865600586], [-20.872461318969727, 27.388042449951172], [-18.0097713470459, 24.364368438720703], [-18.00959587097168, 24.36406898498535], [-18.008663177490234, 24.362598419189453], [-18.008922576904297, 24.362825393676758], [-18.012229919433594, 24.36746597290039], [-18.01229476928711, 24.36773109436035], [-18.01171112060547, 24.366622924804688], [-18.010873794555664, 24.365549087524414], [-18.008264541625977, 24.361970901489258], [-18.00777816772461, 24.361312866210938], [-18.00921058654785, 24.363508224487305]]","[1.0, 1.0, 1.0, 1.0, 1.0, 1.0, 1.0, 1.0, 1.0, 1.0, 1.0, 1.0, 1.0, 1.0, 1.0, 1.0, 1.0, 1.0, 1.0, 1.0, 1.0, 1.0, 1.0, 1.0, 1.0, 1.0, 1.0, 1.0, 1.0, 1.0, 1.0, 1.0, 1.0, 1.0, 1.0, 1.0, 1.0, 1.0, 1.0, 1.0, 1.0, 1.0, 1.0, 1.0, 1.0, 1.0, 1.0, 1.0, 1.0, 1.0, 1.0, 1.0, 1.0, 1.0, 1.0, 1.0, 1.0, 1.0, 1.0, 1.0, 1.0, 1.0, 1.0, 1.0, 1.0, 1.0, 1.0, 1.0, 1.0, 1.0, 1.0, 1.0, 1.0, 1.0, 1.0, 1.0, 1.0, 1.0, 1.0, 1.0, 1.0, 1.0, 1.0, 1.0, 1.0, 1.0, 1.0, 1.0, 1.0, 1.0, 1.0, 1.0, 1.0, 1.0, 1.0, 1.0, 1.0, 1.0, 1.0, 1.0, 1.0, 1.0, 1.0, 1.0, 1.0, 1.0, 1.0, 1.0, 1.0, 1.0, 1.0, 1.0, 1.0, 1.0, 1.0, 1.0, 1.0, 1.0, 1.0, 1.0, 1.0, 1.0, 1.0, 1.0, 1.0, 1.0, 1.0, 1.0, 1.0, 1.0, 1.0, 1.0, 1.0, 1.0, 1.0, 1.0, 1.0, 1.0, 1.0, 1.0, 1.0, 1.0, 1.0, 1.0, 1.0, 1.0, 1.0, 1.0, 1.0, 1.0, 1.0]",aigvd_common1000,0,,1.0,D1CtTAPbHG0_2_0to1512.mp4,F:\MEngDatasets\AIGVDBench\videos\Real\Real\videos\D1CtTAPbHG0_2_0to1512.mp4,test,0,real,Real,,Real,Real,1,False
real_00264,0,"[[-4.7745747566223145, 6.549359321594238], [-4.774056911468506, 6.548590183258057], [-4.7739033699035645, 6.548415184020996], [-4.774120330810547, 6.548711776733398], [-4.774183750152588, 6.548827171325684], [-4.773975372314453, 6.548541069030762], [-4.773980617523193, 6.548603057861328], [-4.774481296539307, 6.54932975769043], [-4.7744059562683105, 6.549198150634766], [-4.774664402008057, 6.549575328826904], [-4.774986743927002, 6.550018787384033], [-4.774852275848389, 6.549818992614746], [-4.774661540985107, 6.549559593200684], [-4.77477502822876, 6.549682140350342], [-4.7743330001831055, 6.549069881439209]]","[0.9999879598617554, 0.9999879598617554, 0.9999878406524658, 0.9999879598617554, 0.9999879598617554, 0.9999879598617554, 0.9999879598617554, 0.9999879598617554, 0.9999879598617554, 0.9999879598617554, 0.9999879598617554, 0.9999879598617554, 0.9999879598617554, 0.9999879598617554, 0.9999879598617554]",aigvd_common1000,0,,0.9999879598617554,X3faHvP6oeM_78_0to154.mp4,F:\MEngDatasets\AIGVDBench\videos\Real\Real\videos\X3faHvP6oeM_78_0to154.mp4,test,0,real,Real,,Real,Real,1,False
real_00265,0,"[[-12.361651420593262, 17.007064819335938], [-12.36158275604248, 17.006999969482422], [-12.3612699508667, 17.00660514831543], [-12.361411094665527, 17.006805419921875], [-12.361577987670898, 17.007001876831055], [-12.361565589904785, 17.006967544555664], [-12.361223220825195, 17.006488800048828], [-12.361125946044922, 17.00634002685547]]","[1.0, 1.0, 1.0, 1.0, 1.0, 1.0, 1.0, 1.0]",aigvd_common1000,0,,1.0,YUganaCXzlA_16_50to159.mp4,F:\MEngDatasets\AIGVDBench\videos\Real\Real\videos\YUganaCXzlA_16_50to159.mp4,test,0,real,Real,,Real,Real,1,False
real_00266,0,"[[-16.91244125366211, 22.537052154541016], [-16.914583206176758, 22.539186477661133], [-16.911474227905273, 22.536109924316406], [-16.906309127807617, 22.530921936035156], [-16.906326293945312, 22.530914306640625], [-16.907901763916016, 22.532487869262695], [-16.907405853271484, 22.532001495361328], [-16.90631866455078, 22.53090476989746], [-16.9062442779541, 22.530820846557617], [-16.906126022338867, 22.530704498291016], [-16.905139923095703, 22.529727935791016], [-16.90613555908203, 22.53074836730957], [-16.907621383666992, 22.532258987426758], [-16.907798767089844, 22.532428741455078], [-16.907310485839844, 22.53194236755371], [-16.908008575439453, 22.53261947631836]]","[1.0, 1.0, 1.0, 1.0, 1.0, 1.0, 1.0, 1.0, 1.0, 1.0, 1.0, 1.0, 1.0, 1.0, 1.0, 1.0]",aigvd_common1000,0,,1.0,eENFTG4UQsI_3_337to522.mp4,F:\MEngDatasets\AIGVDBench\videos\Real\Real\videos\eENFTG4UQsI_3_337to522.mp4,test,0,real,Real,,Real,Real,1,False
real_00267,0,"[[-15.004124641418457, 20.083974838256836], [-15.00423526763916, 20.083824157714844], [-15.00340747833252, 20.082170486450195], [-15.004385948181152, 20.08380126953125], [-15.004059791564941, 20.08344078063965], [-15.004148483276367, 20.08391571044922], [-15.004115104675293, 20.08351707458496], [-15.002911567687988, 20.08131217956543], [-15.003167152404785, 20.08096694946289], [-15.002833366394043, 20.08100700378418], [-15.003270149230957, 20.082185745239258], [-15.003637313842773, 20.0831356048584], [-15.0034818649292, 20.082918167114258], [-15.003555297851562, 20.082983016967773], [-15.003405570983887, 20.082704544067383], [-15.002100944519043, 20.080373764038086], [-15.002399444580078, 20.080642700195312], [-15.002552032470703, 20.08075523376465], [-15.003866195678711, 20.08304786682129], [-15.003945350646973, 20.082937240600586], [-16.755678176879883, 21.07404136657715]]","[1.0, 1.0, 1.0, 1.0, 1.0, 1.0, 1.0, 1.0, 1.0, 1.0, 1.0, 1.0, 1.0, 1.0, 1.0, 1.0, 1.0, 1.0, 1.0, 1.0, 1.0]",aigvd_common1000,0,,1.0,mhC1bh5GnYY_58_38to276.mp4,F:\MEngDatasets\AIGVDBench\videos\Real\Real\videos\mhC1bh5GnYY_58_38to276.mp4,test,0,real,Real,,Real,Real,1,False
real_00268,0,"[[-11.658724784851074, 12.851778030395508], [-11.65845775604248, 12.851367950439453], [-11.658177375793457, 12.850951194763184], [-11.658403396606445, 12.851263999938965], [-11.658330917358398, 12.851202011108398], [-11.658426284790039, 12.851339340209961], [-11.658832550048828, 12.851899147033691], [-11.658825874328613, 12.851930618286133], [-11.658256530761719, 12.851149559020996]]","[1.0, 1.0, 1.0, 1.0, 1.0, 1.0, 1.0, 1.0, 1.0]",aigvd_common1000,0,,1.0,d0rEhcaKlSs_2_0to118.mp4,F:\MEngDatasets\AIGVDBench\videos\Real\Real\videos\d0rEhcaKlSs_2_0to118.mp4,test,0,real,Real,,Real,Real,1,False
real_00269,0,"[[3.7501158714294434, -4.2724504470825195], [3.750591516494751, -4.27292537689209], [3.7504827976226807, -4.272817134857178], [3.750772714614868, -4.273107051849365], [3.750338315963745, -4.272668838500977], [3.7506062984466553, -4.272936820983887], [3.7503767013549805, -4.272708892822266], [3.7500293254852295, -4.272363185882568], [3.750164747238159, -4.272494316101074], [3.7503468990325928, -4.272683620452881], [3.7504067420959473, -4.272735118865967], [3.7503535747528076, -4.272690296173096], [3.7508137226104736, -4.273149013519287], [3.7506086826324463, -4.2729411125183105], [3.7506606578826904, -4.272989273071289], [3.7510921955108643, -4.273425102233887]]","[0.0003278699005022645, 0.0003275583731010556, 0.0003276292991358787, 0.0003274393966421485, 0.0003277251962572336, 0.0003275496419519186, 0.0003276995848864317, 0.0003279267984908074, 0.00032783925416879356, 0.0003277176874689758, 0.0003276811330579221, 0.00032771332189440727, 0.0003274123009759933, 0.0003275474300608039, 0.00032751468825154006, 0.00032723095500841737]",aigvd_common1000,0,,0.0003275583731010556,NDznxcukiUM_64_0to161.mp4,F:\MEngDatasets\AIGVDBench\videos\Real\Real\videos\NDznxcukiUM_64_0to161.mp4,test,0,real,Real,,Real,Real,0,True
real_00270,0,"[[-11.73438549041748, 15.150508880615234], [-11.7345552444458, 15.150810241699219], [-11.73442554473877, 15.150547981262207], [-11.73465347290039, 15.1510591506958], [-11.73451042175293, 15.150703430175781], [-11.734684944152832, 15.151108741760254], [-11.734620094299316, 15.150884628295898], [-11.734827995300293, 15.15132999420166], [-11.734724998474121, 15.15108871459961], [-11.734865188598633, 15.151411056518555], [-11.734959602355957, 15.151541709899902], [-11.734853744506836, 15.151352882385254], [-11.73495101928711, 15.151546478271484]]","[1.0, 1.0, 1.0, 1.0, 1.0, 1.0, 1.0, 1.0, 1.0, 1.0, 1.0, 1.0, 1.0]",aigvd_common1000,0,,1.0,EHRI1gr4zik_3_323to481.mp4,F:\MEngDatasets\AIGVDBench\videos\Real\Real\videos\EHRI1gr4zik_3_323to481.mp4,test,0,real,Real,,Real,Real,1,False
real_00271,0,"[[-11.885886192321777, 15.463647842407227], [-11.885355949401855, 15.463014602661133], [-11.885795593261719, 15.463573455810547], [-11.886370658874512, 15.464400291442871], [-11.89124870300293, 15.470149993896484], [-11.890530586242676, 15.469032287597656], [-11.893523216247559, 15.47278118133545], [-11.89279556274414, 15.471900939941406], [-11.890896797180176, 15.46954345703125], [-11.891607284545898, 15.470293998718262], [-11.8917875289917, 15.470463752746582], [-11.892017364501953, 15.470698356628418]]","[1.0, 1.0, 1.0, 1.0, 1.0, 1.0, 1.0, 1.0, 1.0, 1.0, 1.0, 1.0]",aigvd_common1000,0,,1.0,XKoYGXadgl0_25_0to126.mp4,F:\MEngDatasets\AIGVDBench\videos\Real\Real\videos\XKoYGXadgl0_25_0to126.mp4,test,0,real,Real,,Real,Real,1,False
real_00272,0,"[[-14.272531509399414, 17.407512664794922], [-14.272578239440918, 17.40755271911621], [-14.27246379852295, 17.407428741455078], [-14.272564888000488, 17.407554626464844], [-14.272602081298828, 17.40760612487793], [-14.2725248336792, 17.407495498657227], [-14.272380828857422, 17.40728187561035], [-14.27228832244873, 17.407127380371094], [-14.272425651550293, 17.40734100341797], [-14.272204399108887, 17.407039642333984], [-14.272140502929688, 17.406932830810547], [-14.272236824035645, 17.407106399536133], [-14.27205753326416, 17.406837463378906], [-14.272150039672852, 17.406986236572266], [-14.27170181274414, 17.40630340576172]]","[1.0, 1.0, 1.0, 1.0, 1.0, 1.0, 1.0, 1.0, 1.0, 1.0, 1.0, 1.0, 1.0, 1.0, 1.0]",aigvd_common1000,0,,1.0,vP4LHRkhu-U_1_0to156.mp4,F:\MEngDatasets\AIGVDBench\videos\Real\Real\videos\vP4LHRkhu-U_1_0to156.mp4,test,0,real,Real,,Real,Real,1,False
real_00273,0,"[[-14.488117218017578, 19.134716033935547], [-14.488618850708008, 19.135509490966797], [-14.489144325256348, 19.136276245117188], [-14.490029335021973, 19.137842178344727], [-14.490191459655762, 19.138181686401367], [-14.489819526672363, 19.13759422302246], [-14.488703727722168, 19.13577651977539], [-14.487774848937988, 19.13408851623535], [-14.487533569335938, 19.133838653564453], [-14.4885835647583, 19.13574981689453]]","[1.0, 1.0, 1.0, 1.0, 1.0, 1.0, 1.0, 1.0, 1.0, 1.0]",aigvd_common1000,0,,1.0,7DoM11yV_Qw_3_0to123.mp4,F:\MEngDatasets\AIGVDBench\videos\Real\Real\videos\7DoM11yV_Qw_3_0to123.mp4,test,0,real,Real,,Real,Real,1,False
real_00274,0,"[[-12.775046348571777, 19.592018127441406], [-12.775158882141113, 19.592191696166992], [-12.774747848510742, 19.59153175354004], [-12.774747848510742, 19.59139060974121], [-12.773754119873047, 19.5897159576416], [-12.773679733276367, 19.589576721191406], [-12.77474594116211, 19.59132194519043], [-12.774852752685547, 19.591508865356445], [-12.773335456848145, 19.58901596069336], [-12.77258586883545, 19.587764739990234]]","[1.0, 1.0, 1.0, 1.0, 1.0, 1.0, 1.0, 1.0, 1.0, 1.0]",aigvd_common1000,0,,1.0,x96KZ2Gd2JY_21_0to126.mp4,F:\MEngDatasets\AIGVDBench\videos\Real\Real\videos\x96KZ2Gd2JY_21_0to126.mp4,test,0,real,Real,,Real,Real,1,False
real_00275,0,"[[-12.513178825378418, 20.543916702270508], [-12.513469696044922, 20.544172286987305], [-12.51375961303711, 20.544408798217773], [-12.513809204101562, 20.544593811035156], [-12.513854026794434, 20.54468536376953], [-12.513628959655762, 20.544185638427734], [-12.513391494750977, 20.543834686279297], [-12.513157844543457, 20.543907165527344], [-12.513671875, 20.54450035095215], [-12.513296127319336, 20.54376792907715], [-12.51336669921875, 20.54405975341797], [-12.51374340057373, 20.544469833374023], [-12.51362419128418, 20.544208526611328], [-12.513468742370605, 20.544153213500977], [-12.514012336730957, 20.545440673828125], [-12.514137268066406, 20.545665740966797], [-12.514301300048828, 20.545888900756836], [-12.513895988464355, 20.545063018798828], [-12.513646125793457, 20.54474449157715], [-12.513840675354004, 20.545076370239258], [-13.559578895568848, 20.54026985168457], [-13.559452056884766, 20.539854049682617], [-13.559471130371094, 20.53993034362793], [-13.559128761291504, 20.539289474487305], [-13.558775901794434, 20.538713455200195], [-13.558451652526855, 20.538127899169922], [-13.558598518371582, 20.538375854492188], [-13.559256553649902, 20.53960609436035], [-13.55928897857666, 20.539417266845703], [-13.558945655822754, 20.538766860961914], [-13.558966636657715, 20.53890609741211], [-13.558893203735352, 20.53894805908203], [-13.559107780456543, 20.539140701293945]]","[1.0, 1.0, 1.0, 1.0, 1.0, 1.0, 1.0, 1.0, 1.0, 1.0, 1.0, 1.0, 1.0, 1.0, 1.0, 1.0, 1.0, 1.0, 1.0, 1.0, 1.0, 1.0, 1.0, 1.0, 1.0, 1.0, 1.0, 1.0, 1.0, 1.0, 1.0, 1.0, 1.0]",aigvd_common1000,0,,1.0,iFo7QhNnAmA_27_0to338.mp4,F:\MEngDatasets\AIGVDBench\videos\Real\Real\videos\iFo7QhNnAmA_27_0to338.mp4,test,0,real,Real,,Real,Real,1,False
real_00276,0,"[[-8.8291015625, 13.355179786682129], [-8.829076766967773, 13.355093955993652], [-8.828798294067383, 13.354609489440918], [-8.828595161437988, 13.35418701171875], [-8.828465461730957, 13.354084968566895], [-8.828569412231445, 13.354065895080566], [-8.828195571899414, 13.35354995727539], [-8.828642845153809, 13.354303359985352], [-8.828907012939453, 13.354632377624512], [-8.828727722167969, 13.354323387145996], [-8.8298921585083, 13.356578826904297], [-8.828091621398926, 13.353249549865723], [-8.828444480895996, 13.353896141052246], [-8.828594207763672, 13.35421085357666], [-8.829944610595703, 13.35659122467041], [-8.829750061035156, 13.356182098388672], [-8.829499244689941, 13.355660438537598], [-8.829453468322754, 13.35564136505127], [-8.829741477966309, 13.356224060058594]]","[1.0, 1.0, 1.0, 1.0, 1.0, 1.0, 1.0, 1.0, 1.0, 1.0, 1.0, 1.0, 1.0, 1.0, 1.0, 1.0, 1.0, 1.0, 1.0]",aigvd_common1000,0,,1.0,lofR-R_rFJ0_6_0to212.mp4,F:\MEngDatasets\AIGVDBench\videos\Real\Real\videos\lofR-R_rFJ0_6_0to212.mp4,test,0,real,Real,,Real,Real,1,False
real_00277,0,"[[-10.964812278747559, 13.496464729309082], [-10.965213775634766, 13.497085571289062], [-10.964620590209961, 13.496058464050293], [-10.964503288269043, 13.495896339416504], [-10.964581489562988, 13.496012687683105], [-10.96458911895752, 13.495993614196777], [-10.964614868164062, 13.496167182922363], [-10.96448802947998, 13.495973587036133], [-10.964486122131348, 13.495940208435059], [-10.964459419250488, 13.49588394165039], [-10.964764595031738, 13.496451377868652], [-10.964877128601074, 13.496623039245605], [-10.964892387390137, 13.496689796447754], [-10.964696884155273, 13.496268272399902], [-10.964836120605469, 13.496562957763672], [-10.96469497680664, 13.496308326721191], [-10.964890480041504, 13.49692153930664], [-10.964533805847168, 13.496344566345215], [-10.963810920715332, 13.495335578918457], [-10.963134765625, 13.494410514831543], [-13.742130279541016, 20.197429656982422], [-13.742135047912598, 20.197023391723633], [-13.741549491882324, 20.196069717407227], [-13.742300987243652, 20.19764518737793], [-13.742469787597656, 20.197988510131836], [-13.742476463317871, 20.19805908203125], [-13.741759300231934, 20.196552276611328]]","[1.0, 1.0, 1.0, 1.0, 1.0, 1.0, 1.0, 1.0, 1.0, 1.0, 1.0, 1.0, 1.0, 1.0, 1.0, 1.0, 1.0, 1.0, 1.0, 1.0, 1.0, 1.0, 1.0, 1.0, 1.0, 1.0, 1.0]",aigvd_common1000,0,,1.0,fJC-CDOx98M_39_55to350.mp4,F:\MEngDatasets\AIGVDBench\videos\Real\Real\videos\fJC-CDOx98M_39_55to350.mp4,test,0,real,Real,,Real,Real,1,False
real_00278,0,"[[-10.02755355834961, 13.492427825927734], [-10.027728080749512, 13.492703437805176], [-10.027633666992188, 13.492571830749512], [-10.02811336517334, 13.493392944335938], [-10.028400421142578, 13.493874549865723], [-10.02789306640625, 13.493025779724121], [-10.027678489685059, 13.492663383483887], [-10.027652740478516, 13.4926118850708], [-10.02750015258789, 13.492369651794434], [-10.027545928955078, 13.49245834350586], [-10.027963638305664, 13.493128776550293], [-10.027970314025879, 13.493080139160156], [-10.02800178527832, 13.493149757385254], [-10.027952194213867, 13.493073463439941], [-10.0278959274292, 13.493008613586426], [-10.027790069580078, 13.492820739746094], [-10.027942657470703, 13.493024826049805], [-10.027922630310059, 13.493057250976562], [-10.027887344360352, 13.493049621582031], [-10.028092384338379, 13.493426322937012], [-9.371241569519043, 12.082322120666504]]","[1.0, 1.0, 1.0, 1.0, 1.0, 1.0, 1.0, 1.0, 1.0, 1.0, 1.0, 1.0, 1.0, 1.0, 1.0, 1.0, 1.0, 1.0, 1.0, 1.0, 1.0]",aigvd_common1000,0,,1.0,HXCmwiBewAs_63_0to212.mp4,F:\MEngDatasets\AIGVDBench\videos\Real\Real\videos\HXCmwiBewAs_63_0to212.mp4,test,0,real,Real,,Real,Real,1,False
real_00279,0,"[[-11.694502830505371, 15.737471580505371], [-11.694058418273926, 15.736750602722168], [-11.69534683227539, 15.7388334274292], [-11.69414234161377, 15.73690414428711], [-11.695210456848145, 15.7386474609375], [-11.694100379943848, 15.736971855163574], [-11.694635391235352, 15.737832069396973], [-11.694491386413574, 15.737631797790527], [-11.694279670715332, 15.737374305725098], [-11.695025444030762, 15.738543510437012], [-11.695398330688477, 15.739140510559082]]","[1.0, 1.0, 1.0, 1.0, 1.0, 1.0, 1.0, 1.0, 1.0, 1.0, 1.0]",aigvd_common1000,0,,1.0,RLnAOn-rxTk_39_0to115.mp4,F:\MEngDatasets\AIGVDBench\videos\Real\Real\videos\RLnAOn-rxTk_39_0to115.mp4,test,0,real,Real,,Real,Real,1,False
real_00280,0,"[[-6.749048709869385, 9.103270530700684], [-6.748822212219238, 9.102919578552246], [-6.748605251312256, 9.102579116821289], [-6.748770236968994, 9.102773666381836], [-6.748871326446533, 9.102877616882324], [-6.748684406280518, 9.102574348449707], [-6.748735427856445, 9.102652549743652], [-6.748823165893555, 9.102792739868164], [-6.748889446258545, 9.102934837341309]]","[0.9999998807907104, 0.9999998807907104, 0.9999998807907104, 0.9999998807907104, 0.9999998807907104, 0.9999998807907104, 0.9999998807907104, 0.9999998807907104, 0.9999998807907104]",aigvd_common1000,0,,0.9999998807907104,b_ZbXBgbuRA_15_41to155.mp4,F:\MEngDatasets\AIGVDBench\videos\Real\Real\videos\b_ZbXBgbuRA_15_41to155.mp4,test,0,real,Real,,Real,Real,1,False
real_00281,0,"[[-6.191847801208496, 8.269357681274414], [-6.191974639892578, 8.26950740814209], [-6.191946983337402, 8.269475936889648], [-6.1914520263671875, 8.268896102905273], [-6.19124698638916, 8.268656730651855], [-6.191346168518066, 8.26876449584961], [-6.190922737121582, 8.268275260925293], [-6.191129684448242, 8.268523216247559], [-6.191190719604492, 8.268616676330566]]","[0.9999995231628418, 0.9999995231628418, 0.9999995231628418, 0.9999995231628418, 0.9999995231628418, 0.9999995231628418, 0.9999995231628418, 0.9999995231628418, 0.9999995231628418]",aigvd_common1000,0,,0.9999995231628418,Q5XrVBAu_OA_5_87to205.mp4,F:\MEngDatasets\AIGVDBench\videos\Real\Real\videos\Q5XrVBAu_OA_5_87to205.mp4,test,0,real,Real,,Real,Real,1,False
real_00282,0,"[[-14.487234115600586, 19.554235458374023], [-14.486620903015137, 19.553237915039062], [-14.486838340759277, 19.553442001342773], [-14.485958099365234, 19.5521183013916], [-14.484941482543945, 19.55057144165039], [-14.483927726745605, 19.549070358276367], [-14.4834566116333, 19.548320770263672], [-14.483365058898926, 19.54810333251953]]","[1.0, 1.0, 1.0, 1.0, 1.0, 1.0, 1.0, 1.0]",aigvd_common1000,0,,1.0,JZIEfgYvQio_37_106to215.mp4,F:\MEngDatasets\AIGVDBench\videos\Real\Real\videos\JZIEfgYvQio_37_106to215.mp4,test,0,real,Real,,Real,Real,1,False
real_00283,0,"[[5.864531993865967, -6.972565650939941], [5.864082336425781, -6.972063064575195], [5.864299774169922, -6.972311019897461], [5.865052223205566, -6.973134994506836], [5.864912509918213, -6.972977161407471], [5.8643622398376465, -6.972361087799072], [5.864803314208984, -6.9728546142578125], [5.864768028259277, -6.972810745239258], [5.8648529052734375, -6.972904205322266], [5.864917278289795, -6.972973346710205], [5.864926338195801, -6.972981929779053], [5.864999294281006, -6.973069190979004], [5.864839553833008, -6.972890377044678]]","[2.660225163708674e-06, 2.6627581064531114e-06, 2.6615191472956212e-06, 2.657326831467799e-06, 2.6581176371109905e-06, 2.6612196961650625e-06, 2.658733592397766e-06, 2.6589441404212266e-06, 2.6584700663079275e-06, 2.6581151360005606e-06, 2.6580694338917965e-06, 2.6576435629976913e-06, 2.6585410068946658e-06]",aigvd_common1000,0,,2.6627581064531114e-06,g-XIIG-_jsY_60_0to139.mp4,F:\MEngDatasets\AIGVDBench\videos\Real\Real\videos\g-XIIG-_jsY_60_0to139.mp4,test,0,real,Real,,Real,Real,0,True
real_00284,0,"[[-14.763615608215332, 21.010103225708008], [-14.76366901397705, 21.010047912597656], [-14.76393985748291, 21.010351181030273], [-14.763311386108398, 21.009599685668945], [-14.762650489807129, 21.008556365966797], [-14.76310920715332, 21.00930404663086], [-14.763176918029785, 21.00971794128418], [-14.76222038269043, 21.008148193359375], [-14.763330459594727, 21.010868072509766], [-14.764300346374512, 21.01270866394043], [-14.764322280883789, 21.012845993041992], [-14.76422119140625, 21.01276206970215], [-14.764289855957031, 21.012964248657227], [-14.763839721679688, 21.01175880432129], [-14.762895584106445, 21.00969886779785]]","[1.0, 1.0, 1.0, 1.0, 1.0, 1.0, 1.0, 1.0, 1.0, 1.0, 1.0, 1.0, 1.0, 1.0, 1.0]",aigvd_common1000,0,,1.0,Amfrm2V_KO0_52_0to155.mp4,F:\MEngDatasets\AIGVDBench\videos\Real\Real\videos\Amfrm2V_KO0_52_0to155.mp4,test,0,real,Real,,Real,Real,1,False
real_00285,0,"[[-7.1435651779174805, 9.421338081359863], [-7.143752574920654, 9.421606063842773], [-7.143615245819092, 9.421452522277832], [-7.143296718597412, 9.42082691192627], [-7.143649578094482, 9.421399116516113], [-7.143442153930664, 9.421087265014648], [-7.143901348114014, 9.421774864196777], [-7.143776893615723, 9.421584129333496], [-7.1435675621032715, 9.421244621276855], [-7.142941951751709, 9.420415878295898], [-7.1429901123046875, 9.420424461364746], [-7.143448352813721, 9.420954704284668], [-7.143521785736084, 9.421113014221191], [-7.143685817718506, 9.42140007019043], [-7.1435089111328125, 9.42115592956543], [-7.1431379318237305, 9.420605659484863], [-7.143222332000732, 9.420816421508789], [-7.14344596862793, 9.421167373657227], [-7.142930507659912, 9.420374870300293], [-7.143213272094727, 9.420829772949219], [-12.539900779724121, 16.620389938354492], [-12.539190292358398, 16.61947250366211], [-12.540173530578613, 16.62074089050293], [-12.540375709533691, 16.621015548706055], [-12.540202140808105, 16.620840072631836], [-12.54069995880127, 16.621417999267578], [-12.539794921875, 16.620227813720703], [-12.540017127990723, 16.62061882019043], [-12.5391845703125, 16.619577407836914], [-12.539976119995117, 16.620542526245117], [-12.54153823852539, 16.622425079345703], [-12.540764808654785, 16.621492385864258], [-12.540864944458008, 16.62158203125], [-12.541426658630371, 16.622289657592773], [-12.540239334106445, 16.620718002319336], [-12.540037155151367, 16.620466232299805], [-12.540694236755371, 16.621360778808594], [-12.541499137878418, 16.622358322143555], [-12.541767120361328, 16.622739791870117], [-12.540471076965332, 16.62116813659668], [-12.870613098144531, 17.742603302001953], [-12.87100601196289, 17.743175506591797], [-12.870551109313965, 17.742509841918945], [-12.870500564575195, 17.742341995239258], [-12.871411323547363, 17.74418067932129], [-12.87065601348877, 17.742576599121094], [-12.870789527893066, 17.7428035736084], [-12.870980262756348, 17.743019104003906], [-12.871106147766113, 17.7435359954834], [-12.871063232421875, 17.74361228942871], [-12.870862007141113, 17.743183135986328], [-12.870986938476562, 17.743261337280273], [-12.870912551879883, 17.743206024169922], [-12.870996475219727, 17.743349075317383], [-12.87130069732666, 17.744096755981445], [-12.871415138244629, 17.744359970092773], [-12.87150764465332, 17.744558334350586], [-12.871502876281738, 17.74422264099121], [-12.871786117553711, 17.74492835998535], [-12.871358871459961, 17.74405860900879], [-8.658321380615234, 11.911629676818848], [-8.658797264099121, 11.912351608276367], [-8.658360481262207, 11.911723136901855], [-8.658644676208496, 11.912158012390137], [-8.658154487609863, 11.911364555358887], [-8.657891273498535, 11.910966873168945], [-8.658737182617188, 11.912327766418457], [-8.658893585205078, 11.912422180175781], [-8.658832550048828, 11.9124116897583], [-8.658588409423828, 11.912019729614258], [-8.6580171585083, 11.911194801330566], [-8.658534049987793, 11.911980628967285], [-8.658910751342773, 11.912576675415039], [-8.658211708068848, 11.911521911621094], [-8.658527374267578, 11.911992073059082], [-8.658524513244629, 11.911964416503906], [-8.658345222473145, 11.911661148071289], [-8.65882682800293, 11.912397384643555], [-8.658924102783203, 11.912435531616211], [-8.659372329711914, 11.913064956665039], [-10.504807472229004, 14.525522232055664], [-10.50450611114502, 14.525117874145508], [-10.504542350769043, 14.525193214416504], [-10.504657745361328, 14.525337219238281], [-10.504910469055176, 14.525672912597656], [-10.505157470703125, 14.52611255645752], [-10.504888534545898, 14.52572250366211], [-10.505075454711914, 14.525952339172363], [-10.504897117614746, 14.525620460510254], [-10.504853248596191, 14.525590896606445], [-10.504716873168945, 14.525423049926758], [-10.504861831665039, 14.525546073913574], [-10.505003929138184, 14.525668144226074], [-10.504514694213867, 14.525050163269043], [-10.505220413208008, 14.52599811553955], [-10.505249977111816, 14.525996208190918], [-10.504611015319824, 14.525132179260254], [-10.504302024841309, 14.52467155456543], [-10.50438117980957, 14.52475643157959], [-10.50471305847168, 14.525184631347656], [-10.45761489868164, 14.416874885559082], [-10.458346366882324, 14.417621612548828], [-10.4580717086792, 14.417349815368652], [-10.45705795288086, 14.416314125061035], [-10.45683765411377, 14.416075706481934], [-10.4574613571167, 14.416699409484863], [-10.458024978637695, 14.417267799377441], [-10.458144187927246, 14.417401313781738], [-10.457727432250977, 14.417019844055176]]","[0.9999998807907104, 0.9999998807907104, 0.9999998807907104, 0.9999998807907104, 0.9999998807907104, 0.9999998807907104, 0.9999998807907104, 0.9999998807907104, 0.9999998807907104, 0.9999998807907104, 0.9999998807907104, 0.9999998807907104, 0.9999998807907104, 0.9999998807907104, 0.9999998807907104, 0.9999998807907104, 0.9999998807907104, 0.9999998807907104, 0.9999998807907104, 0.9999998807907104, 1.0, 1.0, 1.0, 1.0, 1.0, 1.0, 1.0, 1.0, 1.0, 1.0, 1.0, 1.0, 1.0, 1.0, 1.0, 1.0, 1.0, 1.0, 1.0, 1.0, 1.0, 1.0, 1.0, 1.0, 1.0, 1.0, 1.0, 1.0, 1.0, 1.0, 1.0, 1.0, 1.0, 1.0, 1.0, 1.0, 1.0, 1.0, 1.0, 1.0, 1.0, 1.0, 1.0, 1.0, 1.0, 1.0, 1.0, 1.0, 1.0, 1.0, 1.0, 1.0, 1.0, 1.0, 1.0, 1.0, 1.0, 1.0, 1.0, 1.0, 1.0, 1.0, 1.0, 1.0, 1.0, 1.0, 1.0, 1.0, 1.0, 1.0, 1.0, 1.0, 1.0, 1.0, 1.0, 1.0, 1.0, 1.0, 1.0, 1.0, 1.0, 1.0, 1.0, 1.0, 1.0, 1.0, 1.0, 1.0, 1.0]",aigvd_common1000,0,,0.9999998807907104,UghRV0LelPA_0_0to1092.mp4,F:\MEngDatasets\AIGVDBench\videos\Real\Real\videos\UghRV0LelPA_0_0to1092.mp4,test,0,real,Real,,Real,Real,1,False
real_00286,0,"[[-8.55595874786377, 9.417767524719238], [-8.55594253540039, 9.417726516723633], [-8.555365562438965, 9.41686725616455], [-8.556215286254883, 9.418149948120117], [-8.556264877319336, 9.418166160583496], [-8.556248664855957, 9.418176651000977], [-8.556087493896484, 9.417929649353027], [-8.556256294250488, 9.418200492858887], [-8.556344985961914, 9.418314933776855], [-8.556571006774902, 9.418628692626953], [-8.556963920593262, 9.419196128845215], [-8.557160377502441, 9.419477462768555], [-8.557251930236816, 9.419648170471191], [-8.556230545043945, 9.418135643005371], [-8.55549430847168, 9.41710090637207], [-8.55523681640625, 9.416705131530762], [-8.555375099182129, 9.41689395904541], [-8.555871963500977, 9.417640686035156], [-8.55596923828125, 9.417760848999023], [-8.55627727508545, 9.418207168579102], [-11.083683967590332, 12.4910888671875], [-11.083555221557617, 12.490903854370117]]","[1.0, 1.0, 1.0, 1.0, 1.0, 1.0, 1.0, 1.0, 1.0, 1.0, 1.0, 1.0, 1.0, 1.0, 1.0, 1.0, 1.0, 1.0, 1.0, 1.0, 1.0, 1.0]",aigvd_common1000,0,,1.0,5q6XOGXMrJA_34_90to339.mp4,F:\MEngDatasets\AIGVDBench\videos\Real\Real\videos\5q6XOGXMrJA_34_90to339.mp4,test,0,real,Real,,Real,Real,1,False
real_00287,0,"[[-10.686208724975586, 14.271186828613281], [-10.685937881469727, 14.270822525024414], [-10.685699462890625, 14.270474433898926], [-10.687294006347656, 14.272919654846191], [-10.687749862670898, 14.273673057556152], [-10.687986373901367, 14.274055480957031], [-10.688336372375488, 14.274557113647461], [-10.688300132751465, 14.274458885192871], [-10.68835735321045, 14.274500846862793], [-10.686751365661621, 14.272015571594238], [-10.684224128723145, 14.268335342407227], [-10.686007499694824, 14.271100044250488], [-10.685121536254883, 14.26977825164795]]","[1.0, 1.0, 1.0, 1.0, 1.0, 1.0, 1.0, 1.0, 1.0, 1.0, 1.0, 1.0, 1.0]",aigvd_common1000,0,,1.0,pv97fCP13SE_21_0to136.mp4,F:\MEngDatasets\AIGVDBench\videos\Real\Real\videos\pv97fCP13SE_21_0to136.mp4,test,0,real,Real,,Real,Real,1,False
real_00288,0,"[[-6.994665145874023, 8.141193389892578], [-6.994881629943848, 8.14146900177002], [-6.994547367095947, 8.14102554321289], [-6.99437141418457, 8.14078426361084], [-6.994523525238037, 8.14097785949707], [-6.994433879852295, 8.140874862670898], [-6.994354724884033, 8.140763282775879], [-6.994497776031494, 8.14091682434082], [-6.994426727294922, 8.140836715698242], [-6.994349002838135, 8.140734672546387], [-6.994556427001953, 8.141018867492676], [-6.994506359100342, 8.140955924987793], [-6.994851589202881, 8.141408920288086]]","[0.9999997615814209, 0.9999997615814209, 0.9999997615814209, 0.9999997615814209, 0.9999997615814209, 0.9999997615814209, 0.9999997615814209, 0.9999997615814209, 0.9999997615814209, 0.9999997615814209, 0.9999997615814209, 0.9999997615814209, 0.9999997615814209]",aigvd_common1000,0,,0.9999997615814209,--5Uy5YZMjA_54_104to259.mp4,F:\MEngDatasets\AIGVDBench\videos\Real\Real\videos\--5Uy5YZMjA_54_104to259.mp4,test,0,real,Real,,Real,Real,1,False
real_00289,0,"[[-3.620887517929077, 4.537617206573486], [-3.6210033893585205, 4.537788391113281], [-3.6208293437957764, 4.5375447273254395], [-3.6211071014404297, 4.537929534912109], [-3.6208081245422363, 4.537507057189941], [-3.6209218502044678, 4.537669658660889], [-3.620887041091919, 4.5376105308532715], [-3.6209981441497803, 4.537780284881592], [-3.6208016872406006, 4.537515640258789], [-3.620958089828491, 4.537714958190918], [-3.620891809463501, 4.537646770477295], [-3.62089204788208, 4.537630558013916], [-3.6206870079040527, 4.537298679351807], [-3.6208302974700928, 4.537539005279541], [-3.6209166049957275, 4.537669658660889], [-3.6208479404449463, 4.537574291229248], [-3.620856523513794, 4.537545204162598], [-3.620781183242798, 4.537453651428223], [-3.620980978012085, 4.537754535675049], [-3.6210551261901855, 4.537859916687012], [-2.980759620666504, 3.712869644165039], [-2.9807779788970947, 3.712886333465576], [-2.9811036586761475, 3.713221549987793], [-2.9812324047088623, 3.713351249694824], [-2.981053113937378, 3.7131614685058594], [-2.9809188842773438, 3.7130260467529297], [-2.98104190826416, 3.713162899017334], [-2.9811010360717773, 3.7132177352905273], [-2.980865240097046, 3.7129716873168945], [-2.980844497680664, 3.7129485607147217], [-2.9810211658477783, 3.7131388187408447]]","[0.9997137188911438, 0.9997138381004333, 0.9997137188911438, 0.9997139573097229, 0.9997137188911438, 0.9997138381004333, 0.9997137188911438, 0.9997138381004333, 0.9997137188911438, 0.9997138381004333, 0.9997138381004333, 0.9997137188911438, 0.9997135996818542, 0.9997137188911438, 0.9997138381004333, 0.9997137188911438, 0.9997137188911438, 0.9997137188911438, 0.9997138381004333, 0.9997138381004333, 0.9987627267837524, 0.998762845993042, 0.9987636804580688, 0.998763918876648, 0.9987634420394897, 0.9987632036209106, 0.9987634420394897, 0.9987636804580688, 0.9987630844116211, 0.9987629652023315, 0.9987634420394897]",aigvd_common1000,0,,0.9997138381004333,4j-MnvZg6rw_8_0to311.mp4,F:\MEngDatasets\AIGVDBench\videos\Real\Real\videos\4j-MnvZg6rw_8_0to311.mp4,test,0,real,Real,,Real,Real,1,False
real_00290,0,"[[-3.6075570583343506, 4.417974472045898], [-3.6076998710632324, 4.418119430541992], [-3.6073503494262695, 4.417754650115967], [-3.6074817180633545, 4.417884826660156], [-3.6072490215301514, 4.417635440826416], [-3.607299327850342, 4.417685508728027], [-3.6067006587982178, 4.4170823097229], [-3.6067123413085938, 4.417098045349121], [-3.606374502182007, 4.416752338409424], [-3.6061909198760986, 4.416561126708984], [-3.6063873767852783, 4.416749000549316], [-3.606243371963501, 4.41660213470459], [-3.6062471866607666, 4.416609287261963], [-3.606680393218994, 4.417052268981934], [-3.606078624725342, 4.416440010070801], [-3.605522871017456, 4.415869235992432], [-3.60595440864563, 4.416315078735352], [-3.606066942214966, 4.4164323806762695], [-3.6059410572052, 4.416308403015137], [-3.606041193008423, 4.416407585144043], [-5.004837989807129, 7.768473148345947], [-5.005105495452881, 7.7689900398254395], [-5.0051984786987305, 7.769028186798096], [-5.0050153732299805, 7.768654823303223]]","[0.9996731281280518, 0.9996732473373413, 0.9996730089187622, 0.9996730089187622, 0.9996728897094727, 0.9996728897094727, 0.999672532081604, 0.999672532081604, 0.9996722936630249, 0.9996721744537354, 0.9996722936630249, 0.9996721744537354, 0.9996722936630249, 0.999672532081604, 0.9996721744537354, 0.9996716976165771, 0.9996720552444458, 0.9996721744537354, 0.9996720552444458, 0.9996720552444458, 0.9999971389770508, 0.9999971389770508, 0.9999971389770508, 0.9999971389770508]",aigvd_common1000,0,,0.9996732473373413,Cz3nSPKFNLM_81_26to293.mp4,F:\MEngDatasets\AIGVDBench\videos\Real\Real\videos\Cz3nSPKFNLM_81_26to293.mp4,test,0,real,Real,,Real,Real,1,False
real_00291,0,"[[-8.64627456665039, 11.885024070739746], [-8.646124839782715, 11.8845796585083], [-8.645977020263672, 11.884215354919434], [-8.645845413208008, 11.88397216796875], [-8.646111488342285, 11.884519577026367], [-8.64571762084961, 11.883785247802734], [-8.645760536193848, 11.883780479431152], [-8.645907402038574, 11.884137153625488], [-8.645869255065918, 11.88415813446045], [-8.645763397216797, 11.884015083312988], [-8.645916938781738, 11.884199142456055]]","[1.0, 1.0, 1.0, 1.0, 1.0, 1.0, 1.0, 1.0, 1.0, 1.0, 1.0]",aigvd_common1000,0,,1.0,Ql565KLE5Og_21_0to118.mp4,F:\MEngDatasets\AIGVDBench\videos\Real\Real\videos\Ql565KLE5Og_21_0to118.mp4,test,0,real,Real,,Real,Real,1,False
real_00292,0,"[[-1.3632789850234985, 1.7897738218307495], [-1.3631983995437622, 1.7896268367767334], [-1.3631945848464966, 1.7895902395248413], [-1.36320161819458, 1.7896320819854736], [-1.3632290363311768, 1.7897257804870605], [-1.3632657527923584, 1.789823293685913], [-1.363143801689148, 1.789480209350586], [-1.363069772720337, 1.7893222570419312], [-1.3630475997924805, 1.7892303466796875], [-1.363010287284851, 1.7891923189163208], [-1.3630950450897217, 1.7893571853637695], [-1.3631041049957275, 1.7893311977386475], [-1.3630962371826172, 1.7893126010894775], [-1.3631103038787842, 1.7893264293670654], [-1.3630688190460205, 1.7893410921096802], [-1.3629491329193115, 1.789336919784546], [-1.3629250526428223, 1.7893964052200317], [-1.362998604774475, 1.7894536256790161], [-1.3631361722946167, 1.7895228862762451], [-1.3631401062011719, 1.7894389629364014], [-2.2614824771881104, 2.9132449626922607], [-2.2613425254821777, 2.913120746612549], [-2.261523962020874, 2.913386106491089], [-2.2616374492645264, 2.9135262966156006], [-2.2618837356567383, 2.913902997970581], [-2.261836290359497, 2.9138128757476807], [-2.2616114616394043, 2.913543224334717], [-2.261697769165039, 2.9136531352996826], [-2.261549234390259, 2.913471221923828], [-2.2613143920898438, 2.91314435005188], [-2.261399507522583, 2.913252592086792], [-2.261469602584839, 2.913370370864868], [-2.2614145278930664, 2.913283109664917], [-2.2614758014678955, 2.913343906402588], [-2.2612380981445312, 2.9129977226257324], [-2.2612504959106445, 2.913003444671631], [-2.261382818222046, 2.9131412506103516], [-2.261526346206665, 2.91334867477417], [-2.2621407508850098, 2.9142115116119385], [-2.2623419761657715, 2.9144763946533203], [-3.382117986679077, 4.393134117126465], [-3.382098913192749, 4.3931169509887695], [-3.38203501701355, 4.393044471740723], [-3.381967067718506, 4.392923355102539], [-3.38212513923645, 4.393162250518799], [-3.382205009460449, 4.393270492553711], [-3.3820090293884277, 4.3929877281188965], [-3.3820314407348633, 4.392991542816162], [-3.381953716278076, 4.392923831939697], [-3.3822667598724365, 4.393335342407227], [-3.3822743892669678, 4.393330097198486], [-3.3821280002593994, 4.393126487731934], [-3.3819921016693115, 4.392962455749512], [-3.3818912506103516, 4.39281702041626], [-3.3818657398223877, 4.392742156982422], [-3.3819520473480225, 4.392889022827148], [-3.382002115249634, 4.392950534820557], [-3.3820385932922363, 4.392972469329834], [-3.381596565246582, 4.3923163414001465], [-3.38128924369812, 4.39188289642334], [-4.501514434814453, 5.56430721282959], [-4.501408100128174, 5.564242362976074], [-4.501256465911865, 5.564066410064697], [-4.50129508972168, 5.564137935638428], [-4.5012898445129395, 5.5641279220581055], [-4.501311779022217, 5.564041614532471], [-4.5012407302856445, 5.563919544219971], [-4.501201152801514, 5.563848495483398], [-4.501344680786133, 5.564027786254883], [-4.501287937164307, 5.5638532638549805]]","[0.9590288400650024, 0.9590198397636414, 0.9590182900428772, 0.95902019739151, 0.9590250253677368, 0.959030270576477, 0.959011971950531, 0.9590028524398804, 0.9589983820915222, 0.9589954018592834, 0.9590052962303162, 0.9590045809745789, 0.9590035080909729, 0.9590045809745789, 0.9590036273002625, 0.9589986801147461, 0.9590001106262207, 0.9590052962303162, 0.9590134024620056, 0.9590101838111877, 0.9943740367889404, 0.9943726062774658, 0.9943751096725464, 0.994376540184021, 0.9943800568580627, 0.9943792223930359, 0.994376540184021, 0.9943775534629822, 0.9943757057189941, 0.9943726062774658, 0.9943736791610718, 0.9943747520446777, 0.9943739175796509, 0.9943746328353882, 0.9943713545799255, 0.9943714737892151, 0.9943729639053345, 0.9943748712539673, 0.9943830966949463, 0.9943857192993164, 0.9995802044868469, 0.9995802044868469, 0.9995800852775574, 0.9995799660682678, 0.9995802044868469, 0.9995803236961365, 0.9995800852775574, 0.9995800852775574, 0.9995799660682678, 0.9995803236961365, 0.9995803236961365, 0.9995802044868469, 0.9995800852775574, 0.9995799660682678, 0.9995799660682678, 0.9995799660682678, 0.9995800852775574, 0.9995800852775574, 0.9995796084403992, 0.9995792508125305, 0.9999574422836304, 0.9999574422836304, 0.9999574422836304, 0.9999574422836304, 0.9999574422836304, 0.9999574422836304, 0.9999574422836304, 0.9999574422836304, 0.9999574422836304, 0.9999574422836304]",aigvd_common1000,0,,0.9590198397636414,yB5f_KE0lWk_20_0to705.mp4,F:\MEngDatasets\AIGVDBench\videos\Real\Real\videos\yB5f_KE0lWk_20_0to705.mp4,test,0,real,Real,,Real,Real,1,False
real_00293,0,"[[-21.37221336364746, 23.982765197753906], [-21.372547149658203, 23.9833927154541], [-21.37251853942871, 23.983379364013672], [-21.372583389282227, 23.98350715637207], [-21.371856689453125, 23.981996536254883], [-21.371543884277344, 23.980972290039062], [-21.370746612548828, 23.979894638061523], [-21.371856689453125, 23.981863021850586]]","[1.0, 1.0, 1.0, 1.0, 1.0, 1.0, 1.0, 1.0]",aigvd_common1000,0,,1.0,UImljzWeGh0_15_0to106.mp4,F:\MEngDatasets\AIGVDBench\videos\Real\Real\videos\UImljzWeGh0_15_0to106.mp4,test,0,real,Real,,Real,Real,1,False
real_00294,0,"[[-0.7415426969528198, 2.259589195251465], [-0.7415751218795776, 2.2596263885498047], [-0.7418737411499023, 2.2599124908447266], [-0.7421596646308899, 2.2601890563964844], [-0.7420934438705444, 2.2601258754730225], [-0.7421107292175293, 2.2601428031921387], [-0.7418015003204346, 2.2598495483398438], [-0.741561233997345, 2.2596139907836914], [-0.7420522570610046, 2.260080099105835], [-0.7426689863204956, 2.2606730461120605], [-0.7420622110366821, 2.260091781616211], [-0.7445319890975952, 2.262468099594116], [-0.7425857782363892, 2.2606005668640137], [-0.7422950863838196, 2.2603261470794678], [-0.7433367371559143, 2.2613232135772705], [-0.7434083819389343, 2.261392116546631], [-0.744127094745636, 2.262080669403076], [-0.7443647384643555, 2.2623095512390137], [-0.7452369928359985, 2.2631497383117676], [-0.7438257932662964, 2.2617902755737305], [-11.83739185333252, 14.481036186218262], [-11.837152481079102, 14.480711936950684], [-11.837034225463867, 14.480527877807617], [-11.837116241455078, 14.480671882629395], [-11.837176322937012, 14.480777740478516], [-11.837259292602539, 14.480897903442383], [-11.83726978302002, 14.48088550567627], [-11.837194442749023, 14.480791091918945], [-11.837143898010254, 14.480713844299316], [-11.837162971496582, 14.480746269226074], [-11.837370872497559, 14.481026649475098], [-11.837596893310547, 14.481337547302246], [-11.83755874633789, 14.481308937072754], [-11.837559700012207, 14.481306076049805], [-11.837627410888672, 14.481413841247559], [-11.837450981140137, 14.481159210205078], [-11.837396621704102, 14.481088638305664]]","[0.9526252150535583, 0.9526283740997314, 0.9526547193527222, 0.9526801705360413, 0.9526743292808533, 0.9526758193969727, 0.9526486992835999, 0.9526271820068359, 0.9526703357696533, 0.9527248740196228, 0.9526712894439697, 0.9528893232345581, 0.9527178406715393, 0.9526923894882202, 0.9527841806411743, 0.9527905583381653, 0.9528537392616272, 0.9528747200965881, 0.9529516100883484, 0.9528272151947021, 1.0, 1.0, 1.0, 1.0, 1.0, 1.0, 1.0, 1.0, 1.0, 1.0, 1.0, 1.0, 1.0, 1.0, 1.0, 1.0, 1.0]",aigvd_common1000,0,,0.9526283740997314,7u67Buew2tg_0_0to376.mp4,F:\MEngDatasets\AIGVDBench\videos\Real\Real\videos\7u67Buew2tg_0_0to376.mp4,test,0,real,Real,,Real,Real,1,False
real_00295,0,"[[-4.994213104248047, 6.771429061889648], [-4.994821071624756, 6.772148609161377], [-4.995370388031006, 6.77282190322876], [-4.995823860168457, 6.773327350616455], [-4.996105670928955, 6.773671627044678], [-4.996207237243652, 6.773805618286133], [-4.995441913604736, 6.772859573364258], [-4.995326519012451, 6.772736072540283], [-4.995668411254883, 6.773143768310547], [-4.995303153991699, 6.772676467895508], [-4.995822906494141, 6.773330211639404], [-4.995846271514893, 6.773373126983643], [-4.995384216308594, 6.772826194763184], [-4.994223117828369, 6.771414756774902], [-4.994969367980957, 6.772309303283691], [-4.996150016784668, 6.773733139038086], [-4.99486780166626, 6.77217435836792], [-4.994286060333252, 6.771459579467773], [-4.994044303894043, 6.771112442016602], [-4.9934515953063965, 6.770458221435547], [-8.916703224182129, 11.139792442321777], [-8.915949821472168, 11.13874340057373], [-8.915496826171875, 11.138107299804688], [-8.915244102478027, 11.137758255004883], [-8.91544246673584, 11.138053894042969], [-8.915328025817871, 11.137918472290039], [-8.915643692016602, 11.138382911682129], [-8.91642951965332, 11.139369010925293], [-8.916801452636719, 11.139884948730469], [-8.916872024536133, 11.139966011047363], [-8.91727352142334, 11.140508651733398], [-8.917076110839844, 11.140242576599121], [-8.917326927185059, 11.140591621398926], [-8.917156219482422, 11.14035415649414], [-8.916655540466309, 11.139689445495605], [-8.917203903198242, 11.140436172485352], [-8.916929244995117, 11.140049934387207], [-8.917277336120605, 11.140490531921387], [-8.917271614074707, 11.14052677154541], [-8.91667366027832, 11.13976764678955], [-8.606375694274902, 11.432353019714355], [-8.606996536254883, 11.433032989501953], [-8.607789993286133, 11.43393611907959], [-8.60779857635498, 11.433944702148438], [-8.608214378356934, 11.434409141540527], [-8.608846664428711, 11.435059547424316], [-8.609712600708008, 11.436079978942871], [-8.609999656677246, 11.436381340026855], [-8.610106468200684, 11.43649673461914], [-8.610254287719727, 11.436685562133789], [-8.610130310058594, 11.43655776977539], [-8.610203742980957, 11.4366455078125], [-8.608709335327148, 11.43499755859375], [-8.610618591308594, 11.43713665008545], [-8.610259056091309, 11.43671989440918], [-8.610572814941406, 11.437074661254883], [-8.609613418579102, 11.43601131439209], [-8.610527992248535, 11.43702507019043], [-8.610556602478027, 11.437036514282227], [-8.610151290893555, 11.436558723449707], [-7.41867733001709, 9.659466743469238], [-7.41868257522583, 9.65949535369873], [-7.418833255767822, 9.659780502319336], [-7.4189066886901855, 9.659859657287598], [-7.418480396270752, 9.659224510192871], [-7.418228626251221, 9.658841133117676], [-7.418674468994141, 9.65954303741455], [-7.419008255004883, 9.660064697265625], [-7.419152736663818, 9.660283088684082], [-7.418997764587402, 9.660032272338867]]","[0.9999922513961792, 0.9999922513961792, 0.9999922513961792, 0.9999922513961792, 0.9999922513961792, 0.9999922513961792, 0.9999922513961792, 0.9999922513961792, 0.9999922513961792, 0.9999922513961792, 0.9999922513961792, 0.9999922513961792, 0.9999922513961792, 0.9999922513961792, 0.9999922513961792, 0.9999922513961792, 0.9999922513961792, 0.9999922513961792, 0.9999922513961792, 0.9999922513961792, 1.0, 1.0, 1.0, 1.0, 1.0, 1.0, 1.0, 1.0, 1.0, 1.0, 1.0, 1.0, 1.0, 1.0, 1.0, 1.0, 1.0, 1.0, 1.0, 1.0, 1.0, 1.0, 1.0, 1.0, 1.0, 1.0, 1.0, 1.0, 1.0, 1.0, 1.0, 1.0, 1.0, 1.0, 1.0, 1.0, 1.0, 1.0, 1.0, 1.0, 1.0, 1.0, 1.0, 1.0, 1.0, 1.0, 1.0, 1.0, 1.0, 1.0]",aigvd_common1000,0,,0.9999922513961792,WeSUDLaxMhU_15_0to728.mp4,F:\MEngDatasets\AIGVDBench\videos\Real\Real\videos\WeSUDLaxMhU_15_0to728.mp4,test,0,real,Real,,Real,Real,1,False
real_00296,0,"[[-16.281248092651367, 22.874420166015625], [-16.28133773803711, 22.874469757080078], [-16.281972885131836, 22.876054763793945], [-16.2810115814209, 22.874603271484375], [-16.281070709228516, 22.874446868896484], [-16.28116226196289, 22.874731063842773], [-16.280973434448242, 22.87445831298828], [-16.281299591064453, 22.8751277923584], [-16.281633377075195, 22.87592124938965]]","[1.0, 1.0, 1.0, 1.0, 1.0, 1.0, 1.0, 1.0, 1.0]",aigvd_common1000,0,,1.0,GDr_-UnTtJk_166_0to116.mp4,F:\MEngDatasets\AIGVDBench\videos\Real\Real\videos\GDr_-UnTtJk_166_0to116.mp4,test,0,real,Real,,Real,Real,1,False
real_00297,0,"[[-15.688986778259277, 19.79463768005371], [-15.689029693603516, 19.794647216796875], [-15.688984870910645, 19.79456329345703], [-15.689513206481934, 19.79529571533203], [-15.68996810913086, 19.795928955078125], [-15.690159797668457, 19.79621696472168], [-15.690437316894531, 19.796621322631836], [-15.690999031066895, 19.79743003845215], [-15.690957069396973, 19.797386169433594], [-15.690909385681152, 19.797300338745117]]","[1.0, 1.0, 1.0, 1.0, 1.0, 1.0, 1.0, 1.0, 1.0, 1.0]",aigvd_common1000,0,,1.0,kN__dhihmTE_44_0to109.mp4,F:\MEngDatasets\AIGVDBench\videos\Real\Real\videos\kN__dhihmTE_44_0to109.mp4,test,0,real,Real,,Real,Real,1,False
real_00298,0,"[[-14.193070411682129, 18.443519592285156], [-14.193732261657715, 18.444242477416992], [-14.194640159606934, 18.4455509185791], [-14.194072723388672, 18.444726943969727], [-14.1947603225708, 18.44565773010254], [-14.193451881408691, 18.44379997253418], [-14.193641662597656, 18.4439640045166], [-14.194134712219238, 18.444599151611328], [-14.194656372070312, 18.445451736450195], [-14.193914413452148, 18.444543838500977], [-14.194381713867188, 18.4450626373291], [-14.194489479064941, 18.445262908935547], [-14.193328857421875, 18.44346809387207], [-14.19350528717041, 18.443744659423828], [-14.19398021697998, 18.444541931152344], [-14.193572998046875, 18.4439697265625], [-14.19354248046875, 18.4440975189209], [-14.192712783813477, 18.44300651550293], [-14.192307472229004, 18.442550659179688], [-14.192133903503418, 18.442319869995117], [-15.025017738342285, 18.115215301513672], [-15.025823593139648, 18.116064071655273], [-15.0252046585083, 18.115280151367188], [-15.02492904663086, 18.11489486694336]]","[1.0, 1.0, 1.0, 1.0, 1.0, 1.0, 1.0, 1.0, 1.0, 1.0, 1.0, 1.0, 1.0, 1.0, 1.0, 1.0, 1.0, 1.0, 1.0, 1.0, 1.0, 1.0, 1.0, 1.0]",aigvd_common1000,0,,1.0,xHAnQq4NZQQ_8_21to284.mp4,F:\MEngDatasets\AIGVDBench\videos\Real\Real\videos\xHAnQq4NZQQ_8_21to284.mp4,test,0,real,Real,,Real,Real,1,False
real_00299,0,"[[-21.6204891204834, 26.343502044677734], [-21.620433807373047, 26.343603134155273], [-21.619083404541016, 26.34184455871582], [-21.619853973388672, 26.342952728271484], [-21.61777687072754, 26.340152740478516], [-21.616193771362305, 26.338281631469727], [-21.616010665893555, 26.338165283203125], [-21.616994857788086, 26.339065551757812], [-21.62267303466797, 26.347318649291992], [-21.623653411865234, 26.3499813079834], [-21.62377166748047, 26.350149154663086], [-21.62388801574707, 26.350284576416016], [-21.624013900756836, 26.350622177124023], [-21.623764038085938, 26.350263595581055]]","[1.0, 1.0, 1.0, 1.0, 1.0, 1.0, 1.0, 1.0, 1.0, 1.0, 1.0, 1.0, 1.0, 1.0]",aigvd_common1000,0,,1.0,6ezWis4TNn8_139_77to244.mp4,F:\MEngDatasets\AIGVDBench\videos\Real\Real\videos\6ezWis4TNn8_139_77to244.mp4,test,0,real,Real,,Real,Real,1,False
real_00300,0,"[[-16.4462947845459, 22.90373420715332], [-16.445865631103516, 22.903074264526367], [-16.445829391479492, 22.903013229370117], [-16.445844650268555, 22.903051376342773], [-16.445810317993164, 22.902996063232422], [-16.44576644897461, 22.902908325195312], [-16.44585418701172, 22.903032302856445], [-16.44573402404785, 22.9028377532959], [-16.445091247558594, 22.90181541442871], [-16.444904327392578, 22.901546478271484], [-16.444791793823242, 22.901357650756836], [-16.44486427307129, 22.901464462280273], [-16.44495964050293, 22.9016056060791], [-16.445058822631836, 22.901782989501953], [-16.445104598999023, 22.901865005493164], [-16.445056915283203, 22.901803970336914], [-16.444971084594727, 22.90167999267578], [-16.445466995239258, 22.90243148803711], [-16.443462371826172, 22.89898681640625], [-16.442832946777344, 22.89809799194336], [0.9955227375030518, -0.7597388625144958], [0.9960930347442627, -0.7600502967834473], [0.9954054355621338, -0.7597206830978394], [0.9951834678649902, -0.7595806121826172], [0.9933665990829468, -0.7591233849525452], [0.9880416393280029, -0.7570410370826721], [0.9890005588531494, -0.7575130462646484], [0.988037109375, -0.7570313215255737], [0.9889074563980103, -0.7575396299362183], [0.988964319229126, -0.7575300335884094], [0.9915069341659546, -0.7585680484771729], [0.9885034561157227, -0.7572773694992065], [0.9916155338287354, -0.7581247091293335], [0.9904922246932983, -0.7577656507492065], [0.9916036128997803, -0.7580816149711609], [0.9908114671707153, -0.7579241394996643], [0.9915419816970825, -0.7580587267875671], [0.9909189939498901, -0.7579050660133362], [0.9886772632598877, -0.7569808959960938], [0.9904253482818604, -0.7574877738952637], [-2.9405910968780518, 3.9040234088897705], [-2.9403879642486572, 3.9038233757019043], [-2.9404234886169434, 3.903789520263672], [-2.9403762817382812, 3.903810977935791], [-2.9393961429595947, 3.9033641815185547], [-2.940204381942749, 3.903719425201416], [-2.9409756660461426, 3.904068946838379], [-2.9387454986572266, 3.9031548500061035], [-2.9377267360687256, 3.9027254581451416], [-2.9376864433288574, 3.9026780128479004], [-2.9364585876464844, 3.902212142944336], [-2.935900926589966, 3.902236223220825], [-2.9357945919036865, 3.9022815227508545], [-2.935948610305786, 3.9023332595825195], [-2.9360787868499756, 3.902339458465576], [-2.935979127883911, 3.9020791053771973], [-2.9360318183898926, 3.902139902114868], [-2.9376752376556396, 3.902681589126587], [-2.9386587142944336, 3.903027057647705], [-2.9383609294891357, 3.903036594390869], [-10.857300758361816, 13.245222091674805], [-10.8551664352417, 13.24315357208252], [-10.85146713256836, 13.239590644836426], [-10.850818634033203, 13.238968849182129], [-10.85584545135498, 13.243815422058105], [-10.856698989868164, 13.244640350341797], [-10.855011940002441, 13.243011474609375], [-10.859785079956055, 13.247620582580566], [-10.86209774017334, 13.249857902526855], [-10.860031127929688, 13.247855186462402], [-10.861519813537598, 13.249298095703125], [-10.859771728515625, 13.247601509094238], [-10.860816955566406, 13.248628616333008], [-10.867461204528809, 13.255082130432129], [-10.861579895019531, 13.24936580657959], [-10.864686012268066, 13.252366065979004], [-10.865500450134277, 13.25316333770752], [-10.864627838134766, 13.25230884552002], [-10.860721588134766, 13.24853229522705], [-10.859943389892578, 13.247785568237305], [-13.482272148132324, 16.154861450195312], [-13.479022026062012, 16.151674270629883], [-13.481854438781738, 16.154451370239258], [-13.480088233947754, 16.1527099609375], [-13.478360176086426, 16.151029586791992], [-13.479007720947266, 16.151647567749023], [-13.483386039733887, 16.155925750732422], [-13.48045539855957, 16.153045654296875], [-13.478684425354004, 16.151309967041016], [-13.485620498657227, 16.158130645751953], [-13.484362602233887, 16.156885147094727], [-13.483796119689941, 16.156326293945312], [-13.484271049499512, 16.156797409057617], [-13.486955642700195, 16.159433364868164], [-13.48576545715332, 16.158260345458984], [-13.483155250549316, 16.15570831298828], [-13.482352256774902, 16.154924392700195], [-13.488626480102539, 16.161096572875977], [-13.48618221282959, 16.158695220947266], [-13.4857177734375, 16.158235549926758], [-6.127621173858643, 9.000173568725586], [-6.127668857574463, 9.000226974487305], [-6.128029823303223, 9.000603675842285], [-6.127791404724121, 9.000351905822754], [-6.128328800201416, 9.000927925109863], [-6.128571033477783, 9.001180648803711], [-6.128579616546631, 9.00118350982666]]","[1.0, 1.0, 1.0, 1.0, 1.0, 1.0, 1.0, 1.0, 1.0, 1.0, 1.0, 1.0, 1.0, 1.0, 1.0, 1.0, 1.0, 1.0, 1.0, 1.0, 0.14738476276397705, 0.14727400243282318, 0.147401824593544, 0.14744731783866882, 0.1477334052324295, 0.14866849780082703, 0.14848747849464417, 0.14867030084133148, 0.1484958678483963, 0.14848990738391876, 0.14803774654865265, 0.1485801339149475, 0.14807996153831482, 0.14826707541942596, 0.14808689057826996, 0.14820672571659088, 0.14809757471084595, 0.1481955647468567, 0.1485956609249115, 0.1483106017112732, 0.9989359974861145, 0.9989355206489563, 0.9989355206489563, 0.9989355206489563, 0.9989339709281921, 0.9989351630210876, 0.9989363551139832, 0.9989330172538757, 0.9989314675331116, 0.9989314675331116, 0.9989295601844788, 0.9989290833473206, 0.998928964138031, 0.9989292025566101, 0.9989293217658997, 0.998928964138031, 0.9989290833473206, 0.9989314675331116, 0.9989327788352966, 0.9989325404167175, 1.0, 1.0, 1.0, 1.0, 1.0, 1.0, 1.0, 1.0, 1.0, 1.0, 1.0, 1.0, 1.0, 1.0, 1.0, 1.0, 1.0, 1.0, 1.0, 1.0, 1.0, 1.0, 1.0, 1.0, 1.0, 1.0, 1.0, 1.0, 1.0, 1.0, 1.0, 1.0, 1.0, 1.0, 1.0, 1.0, 1.0, 1.0, 1.0, 1.0, 0.9999997615814209, 0.9999997615814209, 0.9999997615814209, 0.9999997615814209, 0.9999997615814209, 0.9999997615814209, 0.9999997615814209]",aigvd_common1000,0,,1.0,4sa460KtMbM_2_0to1077.mp4,F:\MEngDatasets\AIGVDBench\videos\Real\Real\videos\4sa460KtMbM_2_0to1077.mp4,test,0,real,Real,,Real,Real,1,False
real_00301,0,"[[-6.752745628356934, 8.716681480407715], [-6.754080772399902, 8.718830108642578], [-6.753481388092041, 8.717851638793945], [-6.751979827880859, 8.71550178527832], [-6.751666069030762, 8.714990615844727], [-6.75310754776001, 8.717272758483887], [-6.753200531005859, 8.71742057800293], [-6.752255916595459, 8.715807914733887], [-6.751816749572754, 8.715149879455566], [-6.751905918121338, 8.715291976928711], [-6.751994609832764, 8.715516090393066], [-6.751402854919434, 8.71464729309082], [-6.751628875732422, 8.714982032775879], [-6.7526726722717285, 8.716540336608887], [-6.752616882324219, 8.716409683227539], [-6.752424716949463, 8.71615982055664], [-6.752603054046631, 8.716422080993652], [-6.752588748931885, 8.716368675231934], [-6.752771377563477, 8.716611862182617], [-6.752382755279541, 8.716053009033203], [-14.277771949768066, 21.28294563293457], [-14.277372360229492, 21.282140731811523], [-14.278178215026855, 21.283435821533203], [-14.277868270874023, 21.28278350830078], [-14.277764320373535, 21.282541275024414], [-14.277654647827148, 21.28219223022461], [-14.278345108032227, 21.283199310302734], [-14.277600288391113, 21.282285690307617], [-14.277992248535156, 21.28277015686035], [-14.277981758117676, 21.282976150512695], [-14.278133392333984, 21.28359031677246], [-14.277990341186523, 21.283348083496094], [-14.278160095214844, 21.283405303955078], [-14.27783489227295, 21.282573699951172], [-14.278011322021484, 21.28289031982422], [-14.27764892578125, 21.282636642456055], [-14.278010368347168, 21.283201217651367], [-14.278290748596191, 21.283716201782227], [-14.278368949890137, 21.28373908996582], [-14.278395652770996, 21.283889770507812], [-10.335355758666992, 15.872273445129395], [-10.33513069152832, 15.871569633483887], [-10.334859848022461, 15.871374130249023], [-10.335296630859375, 15.872416496276855], [-10.335272789001465, 15.872143745422363], [-10.334859848022461, 15.871309280395508], [-10.334903717041016, 15.871529579162598], [-10.335432052612305, 15.87243938446045], [-10.335526466369629, 15.872551918029785], [-10.335493087768555, 15.872509002685547], [-10.335143089294434, 15.8717679977417], [-10.334782600402832, 15.871316909790039], [-10.335224151611328, 15.871877670288086], [-10.335124969482422, 15.871505737304688], [-10.334709167480469, 15.870561599731445], [-10.33503246307373, 15.871315956115723], [-10.334762573242188, 15.870983123779297], [-10.334847450256348, 15.871360778808594]]","[0.9999997615814209, 0.9999997615814209, 0.9999997615814209, 0.9999997615814209, 0.9999997615814209, 0.9999997615814209, 0.9999997615814209, 0.9999997615814209, 0.9999997615814209, 0.9999997615814209, 0.9999997615814209, 0.9999997615814209, 0.9999997615814209, 0.9999997615814209, 0.9999997615814209, 0.9999997615814209, 0.9999997615814209, 0.9999997615814209, 0.9999997615814209, 0.9999997615814209, 1.0, 1.0, 1.0, 1.0, 1.0, 1.0, 1.0, 1.0, 1.0, 1.0, 1.0, 1.0, 1.0, 1.0, 1.0, 1.0, 1.0, 1.0, 1.0, 1.0, 1.0, 1.0, 1.0, 1.0, 1.0, 1.0, 1.0, 1.0, 1.0, 1.0, 1.0, 1.0, 1.0, 1.0, 1.0, 1.0, 1.0, 1.0]",aigvd_common1000,0,,0.9999997615814209,HPoXMfaRYwQ_26_0to580.mp4,F:\MEngDatasets\AIGVDBench\videos\Real\Real\videos\HPoXMfaRYwQ_26_0to580.mp4,test,0,real,Real,,Real,Real,1,False
real_00302,0,"[[-13.021954536437988, 17.955549240112305], [-13.021772384643555, 17.955448150634766], [-13.022047996520996, 17.95577621459961], [-13.022006034851074, 17.955745697021484], [-13.022346496582031, 17.956485748291016], [-13.022154808044434, 17.956323623657227], [-13.022629737854004, 17.956905364990234], [-13.022185325622559, 17.9560604095459], [-13.022102355957031, 17.955875396728516], [-13.022171020507812, 17.955989837646484], [-13.023253440856934, 17.95783042907715], [-13.023698806762695, 17.958786010742188], [-13.023694038391113, 17.95884132385254], [-13.023543357849121, 17.958290100097656], [-13.023873329162598, 17.958866119384766], [-13.023133277893066, 17.957693099975586], [-13.023224830627441, 17.957962036132812], [-13.0230131149292, 17.95749855041504], [-13.022002220153809, 17.955785751342773], [-13.021452903747559, 17.955101013183594], [-12.564595222473145, 17.484333038330078]]","[1.0, 1.0, 1.0, 1.0, 1.0, 1.0, 1.0, 1.0, 1.0, 1.0, 1.0, 1.0, 1.0, 1.0, 1.0, 1.0, 1.0, 1.0, 1.0, 1.0, 1.0]",aigvd_common1000,0,,1.0,Ghcjnzv4ZjM_5_39to275.mp4,F:\MEngDatasets\AIGVDBench\videos\Real\Real\videos\Ghcjnzv4ZjM_5_39to275.mp4,test,0,real,Real,,Real,Real,1,False
real_00303,0,"[[-12.51262092590332, 16.532978057861328], [-12.514122009277344, 16.535110473632812], [-12.512789726257324, 16.532934188842773], [-12.51130199432373, 16.53070640563965], [-12.511065483093262, 16.53048324584961], [-12.513164520263672, 16.533620834350586], [-12.512473106384277, 16.532554626464844], [-12.51244068145752, 16.5323543548584], [-12.512595176696777, 16.532609939575195], [-12.512743949890137, 16.533048629760742], [-12.514017105102539, 16.534914016723633], [-12.51480770111084, 16.53606414794922], [-12.514327049255371, 16.53534507751465], [-12.514594078063965, 16.535707473754883], [-12.51455307006836, 16.535633087158203]]","[1.0, 1.0, 1.0, 1.0, 1.0, 1.0, 1.0, 1.0, 1.0, 1.0, 1.0, 1.0, 1.0, 1.0, 1.0]",aigvd_common1000,0,,1.0,Q66yzo2mBBI_1_109to281.mp4,F:\MEngDatasets\AIGVDBench\videos\Real\Real\videos\Q66yzo2mBBI_1_109to281.mp4,test,0,real,Real,,Real,Real,1,False
real_00304,0,"[[-7.116217613220215, 11.302811622619629], [-7.116356372833252, 11.303116798400879], [-7.116514682769775, 11.303420066833496], [-7.116530895233154, 11.303434371948242], [-7.116428852081299, 11.303239822387695], [-7.11608362197876, 11.302610397338867], [-7.11582088470459, 11.302189826965332], [-7.115650177001953, 11.301895141601562], [-7.115546703338623, 11.301648139953613], [-7.115457534790039, 11.30140495300293], [-7.115634918212891, 11.301772117614746], [-7.115993499755859, 11.302597045898438], [-7.116044521331787, 11.302862167358398], [-7.116197109222412, 11.303352355957031], [-7.116408824920654, 11.303912162780762], [-7.116637229919434, 11.304390907287598]]","[1.0, 1.0, 1.0, 1.0, 1.0, 1.0, 1.0, 1.0, 1.0, 1.0, 1.0, 1.0, 1.0, 1.0, 1.0, 1.0]",aigvd_common1000,0,,1.0,tFMtl2JgxIo_31_0to166.mp4,F:\MEngDatasets\AIGVDBench\videos\Real\Real\videos\tFMtl2JgxIo_31_0to166.mp4,test,0,real,Real,,Real,Real,1,False
real_00305,0,"[[-9.693949699401855, 13.190269470214844], [-9.693952560424805, 13.190272331237793], [-9.693955421447754, 13.190267562866211], [-9.693962097167969, 13.190277099609375], [-9.69396686553955, 13.190299987792969], [-9.693671226501465, 13.189803123474121], [-9.693009376525879, 13.188567161560059], [-9.693035125732422, 13.18862247467041], [-9.69303035736084, 13.18860912322998], [-9.693010330200195, 13.188567161560059], [-9.693020820617676, 13.188608169555664], [-9.692999839782715, 13.188566207885742], [-9.69312858581543, 13.18883991241455], [-9.693044662475586, 13.18864917755127], [-9.693050384521484, 13.188658714294434], [-9.693037033081055, 13.188647270202637], [-9.693046569824219, 13.188658714294434], [-9.693074226379395, 13.18868637084961], [-9.693046569824219, 13.188643455505371], [-9.693041801452637, 13.188621520996094], [-9.751025199890137, 12.583457946777344], [-9.751017570495605, 12.583449363708496], [-9.751009941101074, 12.58343505859375], [-9.751016616821289, 12.583447456359863], [-9.751011848449707, 12.583436965942383], [-9.751060485839844, 12.58351993560791], [-9.751063346862793, 12.583525657653809], [-9.751062393188477, 12.583527565002441], [-9.75106430053711, 12.583526611328125], [-9.75106430053711, 12.583527565002441]]","[1.0, 1.0, 1.0, 1.0, 1.0, 1.0, 1.0, 1.0, 1.0, 1.0, 1.0, 1.0, 1.0, 1.0, 1.0, 1.0, 1.0, 1.0, 1.0, 1.0, 1.0, 1.0, 1.0, 1.0, 1.0, 1.0, 1.0, 1.0, 1.0, 1.0]",aigvd_common1000,0,,1.0,B_Dh5QxGkrg_10_27to348.mp4,F:\MEngDatasets\AIGVDBench\videos\Real\Real\videos\B_Dh5QxGkrg_10_27to348.mp4,test,0,real,Real,,Real,Real,1,False
real_00306,0,"[[-6.36987829208374, 8.595864295959473], [-6.370083332061768, 8.596158027648926], [-6.370242118835449, 8.596237182617188], [-6.370780944824219, 8.597099304199219], [-6.3707475662231445, 8.597016334533691], [-6.371697425842285, 8.598329544067383], [-6.371265888214111, 8.59774398803711], [-6.369935989379883, 8.59598445892334], [-6.3698248863220215, 8.595829010009766], [-6.370494365692139, 8.596625328063965], [-6.37114953994751, 8.597476959228516], [-6.371071815490723, 8.597379684448242], [-6.369425296783447, 8.59516429901123], [-6.369714736938477, 8.595541954040527], [-6.37091588973999, 8.597193717956543], [-6.371042728424072, 8.597382545471191], [-6.37105131149292, 8.597379684448242], [-6.370180130004883, 8.596177101135254], [-6.370948791503906, 8.59723949432373]]","[0.9999996423721313, 0.9999996423721313, 0.9999996423721313, 0.9999996423721313, 0.9999996423721313, 0.9999996423721313, 0.9999996423721313, 0.9999996423721313, 0.9999996423721313, 0.9999996423721313, 0.9999996423721313, 0.9999996423721313, 0.9999996423721313, 0.9999996423721313, 0.9999996423721313, 0.9999996423721313, 0.9999996423721313, 0.9999996423721313, 0.9999996423721313]",aigvd_common1000,0,,0.9999996423721313,_z-VHQyqbrw_7_160to373.mp4,F:\MEngDatasets\AIGVDBench\videos\Real\Real\videos\_z-VHQyqbrw_7_160to373.mp4,test,0,real,Real,,Real,Real,1,False
real_00307,0,"[[-12.877853393554688, 15.685121536254883], [-12.877546310424805, 15.684523582458496], [-12.877202987670898, 15.683978080749512], [-12.8772611618042, 15.684120178222656], [-12.877046585083008, 15.684036254882812], [-12.876601219177246, 15.68359375], [-12.876114845275879, 15.682859420776367], [-12.875646591186523, 15.68203353881836], [-12.875916481018066, 15.682480812072754], [-12.875848770141602, 15.682373046875], [-12.875813484191895, 15.68232250213623], [-12.875764846801758, 15.681984901428223], [-12.875802993774414, 15.682032585144043]]","[1.0, 1.0, 1.0, 1.0, 1.0, 1.0, 1.0, 1.0, 1.0, 1.0, 1.0, 1.0, 1.0]",aigvd_common1000,0,,1.0,HHuq1U0XgS8_36_0to136.mp4,F:\MEngDatasets\AIGVDBench\videos\Real\Real\videos\HHuq1U0XgS8_36_0to136.mp4,test,0,real,Real,,Real,Real,1,False
real_00308,0,"[[-5.820614337921143, 7.768409729003906], [-5.820934295654297, 7.768946647644043], [-5.820524215698242, 7.768310546875], [-5.819645404815674, 7.76687479019165], [-5.819851875305176, 7.767127990722656], [-5.8196492195129395, 7.766900539398193], [-5.819518566131592, 7.766755104064941], [-5.818650722503662, 7.765469551086426], [-5.820180892944336, 7.767746448516846], [-5.819922924041748, 7.7673420906066895], [-5.820489883422852, 7.768145561218262], [-5.820885181427002, 7.768697738647461], [-5.820580005645752, 7.76826286315918], [-5.820659160614014, 7.768430709838867], [-5.820409774780273, 7.768113136291504], [-5.820063591003418, 7.76759147644043], [-5.8200483322143555, 7.767570495605469], [-5.82075834274292, 7.7685956954956055], [-5.820777416229248, 7.76862096786499], [-5.820605754852295, 7.768361568450928], [-3.75337553024292, 6.196318626403809]]","[0.9999986886978149, 0.9999986886978149, 0.9999986886978149, 0.9999986886978149, 0.9999986886978149, 0.9999986886978149, 0.9999986886978149, 0.9999986886978149, 0.9999986886978149, 0.9999986886978149, 0.9999986886978149, 0.9999986886978149, 0.9999986886978149, 0.9999986886978149, 0.9999986886978149, 0.9999986886978149, 0.9999986886978149, 0.9999986886978149, 0.9999986886978149, 0.9999986886978149, 0.9999523162841797]",aigvd_common1000,0,,0.9999986886978149,vUVwNN47Uv0_7_1227to1461.mp4,F:\MEngDatasets\AIGVDBench\videos\Real\Real\videos\vUVwNN47Uv0_7_1227to1461.mp4,test,0,real,Real,,Real,Real,1,False
real_00309,0,"[[-14.919921875, 21.271350860595703], [-14.919608116149902, 21.270870208740234], [-14.919718742370605, 21.270896911621094], [-14.920326232910156, 21.271648406982422], [-14.920435905456543, 21.27186393737793], [-14.919565200805664, 21.270540237426758], [-14.91943359375, 21.270309448242188], [-14.918978691101074, 21.269392013549805], [-14.919304847717285, 21.270469665527344], [-14.919564247131348, 21.27046775817871], [-14.919448852539062, 21.270524978637695], [-14.919302940368652, 21.27025604248047], [-14.918922424316406, 21.2694149017334], [-14.919569969177246, 21.270509719848633], [-14.915741920471191, 21.264368057250977], [-14.917562484741211, 21.267234802246094], [-14.920732498168945, 21.272748947143555], [-14.920638084411621, 21.27264976501465], [-14.920360565185547, 21.27222442626953], [-14.919987678527832, 21.271404266357422], [-21.368318557739258, 30.21186065673828], [-21.36836051940918, 30.211923599243164], [-21.366100311279297, 30.208202362060547], [-21.364564895629883, 30.206279754638672], [-21.36799430847168, 30.211380004882812], [-21.365699768066406, 30.208154678344727], [-21.362903594970703, 30.204587936401367], [-21.362918853759766, 30.2047061920166], [-21.362369537353516, 30.20393943786621], [-21.3624210357666, 30.204042434692383], [-21.362529754638672, 30.20412826538086], [-21.363012313842773, 30.204729080200195], [-21.362680435180664, 30.2040958404541], [-21.362573623657227, 30.203874588012695], [-21.362512588500977, 30.203794479370117], [-21.362529754638672, 30.203813552856445]]","[1.0, 1.0, 1.0, 1.0, 1.0, 1.0, 1.0, 1.0, 1.0, 1.0, 1.0, 1.0, 1.0, 1.0, 1.0, 1.0, 1.0, 1.0, 1.0, 1.0, 1.0, 1.0, 1.0, 1.0, 1.0, 1.0, 1.0, 1.0, 1.0, 1.0, 1.0, 1.0, 1.0, 1.0, 1.0, 1.0]",aigvd_common1000,0,,1.0,WXecl5wx3l8_1_93to475.mp4,F:\MEngDatasets\AIGVDBench\videos\Real\Real\videos\WXecl5wx3l8_1_93to475.mp4,test,0,real,Real,,Real,Real,1,False
real_00310,0,"[[-10.612297058105469, 14.099282264709473], [-10.61242961883545, 14.09947681427002], [-10.612409591674805, 14.099469184875488], [-10.613283157348633, 14.100729942321777], [-10.612772941589355, 14.100037574768066], [-10.612049102783203, 14.098944664001465], [-10.612038612365723, 14.098909378051758], [-10.611658096313477, 14.09829044342041], [-10.611525535583496, 14.098118782043457], [-10.612085342407227, 14.098897933959961], [-10.61165714263916, 14.098241806030273], [-10.61141586303711, 14.097909927368164], [-10.611400604248047, 14.097813606262207], [-10.611664772033691, 14.098267555236816], [-10.61210823059082, 14.098928451538086], [-10.61178207397461, 14.098422050476074], [-10.612321853637695, 14.099237442016602], [-10.612284660339355, 14.099199295043945], [-10.612664222717285, 14.09977912902832], [-10.612868309020996, 14.100144386291504], [-11.077361106872559, 16.40813636779785], [-11.07748031616211, 16.40845489501953], [-11.077827453613281, 16.409282684326172], [-11.077680587768555, 16.408926010131836], [-11.077873229980469, 16.40943717956543], [-11.077768325805664, 16.409175872802734], [-11.077962875366211, 16.409786224365234]]","[1.0, 1.0, 1.0, 1.0, 1.0, 1.0, 1.0, 1.0, 1.0, 1.0, 1.0, 1.0, 1.0, 1.0, 1.0, 1.0, 1.0, 1.0, 1.0, 1.0, 1.0, 1.0, 1.0, 1.0, 1.0, 1.0, 1.0]",aigvd_common1000,0,,1.0,5A1hsAWgyp4_9_0to273.mp4,F:\MEngDatasets\AIGVDBench\videos\Real\Real\videos\5A1hsAWgyp4_9_0to273.mp4,test,0,real,Real,,Real,Real,1,False
real_00311,0,"[[-10.59225082397461, 12.940999031066895], [-10.591403007507324, 12.939495086669922], [-10.592028617858887, 12.940544128417969], [-10.592231750488281, 12.940670013427734], [-10.59221363067627, 12.940667152404785], [-10.591689109802246, 12.939743995666504], [-10.591716766357422, 12.939796447753906], [-10.591996192932129, 12.940285682678223], [-10.59205436706543, 12.940421104431152], [-10.592047691345215, 12.940327644348145], [-10.592063903808594, 12.940400123596191], [-10.592509269714355, 12.941168785095215], [-10.591992378234863, 12.940335273742676], [-10.591839790344238, 12.940218925476074], [-10.592371940612793, 12.940919876098633], [-10.593534469604492, 12.942561149597168], [-10.593371391296387, 12.942319869995117], [-10.593350410461426, 12.942463874816895], [-10.5933256149292, 12.942553520202637], [-10.593544006347656, 12.942928314208984], [-16.658161163330078, 21.7338924407959], [-16.658077239990234, 21.733715057373047], [-16.657886505126953, 21.733388900756836], [-16.6581974029541, 21.73385238647461], [-16.658519744873047, 21.734304428100586], [-16.658185958862305, 21.73354148864746], [-16.6580867767334, 21.733482360839844], [-16.65816307067871, 21.7335205078125], [-16.658212661743164, 21.733657836914062], [-16.658245086669922, 21.733930587768555], [-16.65833854675293, 21.73409080505371], [-16.658308029174805, 21.733959197998047], [-16.65878677368164, 21.73481559753418], [-16.65853500366211, 21.734445571899414]]","[1.0, 1.0, 1.0, 1.0, 1.0, 1.0, 1.0, 1.0, 1.0, 1.0, 1.0, 1.0, 1.0, 1.0, 1.0, 1.0, 1.0, 1.0, 1.0, 1.0, 1.0, 1.0, 1.0, 1.0, 1.0, 1.0, 1.0, 1.0, 1.0, 1.0, 1.0, 1.0, 1.0, 1.0]",aigvd_common1000,0,,1.0,hSGYpeH1Kgs_19_58to420.mp4,F:\MEngDatasets\AIGVDBench\videos\Real\Real\videos\hSGYpeH1Kgs_19_58to420.mp4,test,0,real,Real,,Real,Real,1,False
real_00312,0,"[[-12.973620414733887, 15.546184539794922], [-12.973763465881348, 15.546479225158691], [-12.973799705505371, 15.54645824432373], [-12.9737548828125, 15.546321868896484], [-12.973590850830078, 15.546029090881348], [-12.973443984985352, 15.545729637145996], [-12.973570823669434, 15.546004295349121], [-12.973287582397461, 15.545701026916504], [-12.973645210266113, 15.546185493469238], [-12.973465919494629, 15.545953750610352], [-12.973325729370117, 15.545733451843262], [-12.973491668701172, 15.545936584472656], [-12.973454475402832, 15.545833587646484], [-12.973477363586426, 15.545914649963379], [-12.973343849182129, 15.545733451843262], [-12.973006248474121, 15.545151710510254], [-12.972991943359375, 15.545069694519043], [-12.973040580749512, 15.545050621032715], [-12.972833633422852, 15.544639587402344], [-12.97319221496582, 15.545312881469727], [-17.823726654052734, 22.72674560546875], [-17.823604583740234, 22.726558685302734], [-17.823469161987305, 22.7263126373291], [-17.823625564575195, 22.726608276367188], [-17.823667526245117, 22.7268009185791], [-17.823732376098633, 22.726808547973633], [-17.82369041442871, 22.72669219970703], [-17.82396125793457, 22.727283477783203], [-17.823976516723633, 22.727201461791992], [-17.824003219604492, 22.727262496948242], [-17.825288772583008, 22.729734420776367], [-17.82548713684082, 22.73040008544922], [-17.825654983520508, 22.730743408203125], [-17.825742721557617, 22.730871200561523], [-17.825515747070312, 22.7303524017334], [-17.82520294189453, 22.729745864868164], [-17.825054168701172, 22.72951316833496], [-17.825098037719727, 22.729642868041992], [-17.824575424194336, 22.72878074645996], [-17.824642181396484, 22.728858947753906], [-15.382464408874512, 22.300342559814453], [-15.382568359375, 22.300241470336914], [-15.382392883300781, 22.29975128173828], [-15.382301330566406, 22.299495697021484], [-15.381636619567871, 22.298105239868164], [-15.381242752075195, 22.297380447387695], [-15.381305694580078, 22.297582626342773], [-15.381284713745117, 22.29769515991211], [-15.381444931030273, 22.298137664794922], [-15.381205558776855, 22.297758102416992], [-15.38143539428711, 22.29823875427246], [-15.381237030029297, 22.297788619995117], [-15.381331443786621, 22.297882080078125], [-15.381208419799805, 22.297645568847656], [-15.380953788757324, 22.297243118286133], [-15.381061553955078, 22.29754066467285], [-15.380870819091797, 22.2969913482666]]","[1.0, 1.0, 1.0, 1.0, 1.0, 1.0, 1.0, 1.0, 1.0, 1.0, 1.0, 1.0, 1.0, 1.0, 1.0, 1.0, 1.0, 1.0, 1.0, 1.0, 1.0, 1.0, 1.0, 1.0, 1.0, 1.0, 1.0, 1.0, 1.0, 1.0, 1.0, 1.0, 1.0, 1.0, 1.0, 1.0, 1.0, 1.0, 1.0, 1.0, 1.0, 1.0, 1.0, 1.0, 1.0, 1.0, 1.0, 1.0, 1.0, 1.0, 1.0, 1.0, 1.0, 1.0, 1.0, 1.0, 1.0]",aigvd_common1000,0,,1.0,8KWGPcdr-a0_16_0to592.mp4,F:\MEngDatasets\AIGVDBench\videos\Real\Real\videos\8KWGPcdr-a0_16_0to592.mp4,test,0,real,Real,,Real,Real,1,False
real_00313,0,"[[11.88802433013916, -13.354860305786133], [11.888039588928223, -13.354846000671387], [11.888039588928223, -13.35486888885498], [11.888029098510742, -13.354866027832031], [11.888025283813477, -13.354860305786133], [11.888045310974121, -13.354865074157715], [11.888066291809082, -13.354865074157715], [11.88801383972168, -13.354869842529297], [11.888045310974121, -13.35488224029541], [11.888104438781738, -13.354878425598145], [11.88801097869873, -13.354870796203613], [11.888053894042969, -13.354881286621094], [11.888023376464844, -13.35488224029541], [11.888041496276855, -13.354863166809082], [11.88803482055664, -13.35486888885498], [11.888066291809082, -13.354872703552246], [11.888063430786133, -13.354886054992676], [11.887983322143555, -13.35486125946045], [11.88811206817627, -13.35488510131836]]","[1.0893164842373793e-11, 1.0893164842373793e-11, 1.089291590955499e-11, 1.0893061626326972e-11, 1.0893164842373793e-11, 1.0892895092873278e-11, 1.089266610937445e-11, 1.0893185659055504e-11, 1.0892707742737873e-11, 1.0892105793691709e-11, 1.0893206475737216e-11, 1.0892624476011026e-11, 1.0892956675556675e-11, 1.0892956675556675e-11, 1.0892956675556675e-11, 1.089258371000934e-11, 1.089245880991907e-11, 1.0893621942009712e-11, 1.0891960076919727e-11]",aigvd_common1000,0,,1.0893164842373793e-11,6KKaJWOOTbc_11_0to193.mp4,F:\MEngDatasets\AIGVDBench\videos\Real\Real\videos\6KKaJWOOTbc_11_0to193.mp4,test,0,real,Real,,Real,Real,0,True
real_00314,0,"[[-6.2732625007629395, 10.336173057556152], [-6.273230075836182, 10.336101531982422], [-6.27329683303833, 10.336254119873047], [-6.27313756942749, 10.335939407348633], [-6.273252964019775, 10.33613395690918], [-6.273137092590332, 10.336014747619629], [-6.273209571838379, 10.33613109588623], [-6.273218154907227, 10.33612060546875], [-6.273166656494141, 10.336104393005371], [-6.273352146148682, 10.336384773254395], [-6.273176670074463, 10.336054801940918]]","[0.9999998807907104, 0.9999998807907104, 0.9999998807907104, 0.9999998807907104, 0.9999998807907104, 0.9999998807907104, 0.9999998807907104, 0.9999998807907104, 0.9999998807907104, 0.9999998807907104, 0.9999998807907104]",aigvd_common1000,0,,0.9999998807907104,zd-EAPpZI_A_56_0to111.mp4,F:\MEngDatasets\AIGVDBench\videos\Real\Real\videos\zd-EAPpZI_A_56_0to111.mp4,test,0,real,Real,,Real,Real,1,False
real_00315,0,"[[-15.696013450622559, 22.158876419067383], [-15.696167945861816, 22.15928077697754], [-15.696105003356934, 22.159011840820312], [-15.696435928344727, 22.159521102905273], [-15.696553230285645, 22.159900665283203], [-15.696816444396973, 22.160371780395508], [-15.696358680725098, 22.15947723388672], [-15.696296691894531, 22.159290313720703], [-15.696634292602539, 22.16010093688965], [-15.696598052978516, 22.159969329833984], [-15.696548461914062, 22.15988540649414], [-15.6964111328125, 22.15960693359375]]","[1.0, 1.0, 1.0, 1.0, 1.0, 1.0, 1.0, 1.0, 1.0, 1.0, 1.0, 1.0]",aigvd_common1000,0,,1.0,90u26k64J9A_14_0to144.mp4,F:\MEngDatasets\AIGVDBench\videos\Real\Real\videos\90u26k64J9A_14_0to144.mp4,test,0,real,Real,,Real,Real,1,False
real_00316,0,"[[-7.543419361114502, 10.164250373840332], [-7.543674468994141, 10.16462230682373], [-7.544046878814697, 10.165117263793945], [-7.544449806213379, 10.165597915649414], [-7.544185638427734, 10.165263175964355], [-7.543868541717529, 10.164847373962402], [-7.5435285568237305, 10.164441108703613], [-7.5432257652282715, 10.164036750793457], [-7.543792247772217, 10.164787292480469], [-7.542614936828613, 10.1632661819458], [-7.544205665588379, 10.165258407592773], [-7.544205188751221, 10.165224075317383], [-7.543785095214844, 10.164690971374512], [-7.543939590454102, 10.164941787719727], [-7.5429158210754395, 10.163630485534668], [-7.5428361892700195, 10.163561820983887], [-7.5440449714660645, 10.165081977844238], [-7.543184280395508, 10.163983345031738], [-7.543264865875244, 10.164129257202148], [-7.543542861938477, 10.164445877075195]]","[1.0, 1.0, 1.0, 1.0, 1.0, 1.0, 1.0, 1.0, 1.0, 1.0, 1.0, 1.0, 1.0, 1.0, 1.0, 1.0, 1.0, 1.0, 1.0, 1.0]",aigvd_common1000,0,,1.0,e22MWfddMOk_40_492to713.mp4,F:\MEngDatasets\AIGVDBench\videos\Real\Real\videos\e22MWfddMOk_40_492to713.mp4,test,0,real,Real,,Real,Real,1,False
real_00317,0,"[[-1.3593751192092896, 1.9629942178726196], [-1.3593602180480957, 1.9629716873168945], [-1.3593268394470215, 1.9629218578338623], [-1.35935378074646, 1.962939739227295], [-1.3593273162841797, 1.9628914594650269], [-1.3591197729110718, 1.9626253843307495], [-1.3593776226043701, 1.9629433155059814], [-1.3590669631958008, 1.9625489711761475], [-1.3589601516723633, 1.9624130725860596], [-1.358937382698059, 1.962395191192627]]","[0.9651883244514465, 0.9651869535446167, 0.965184211730957, 0.9651857614517212, 0.9651831984519958, 0.9651673436164856, 0.9651866555213928, 0.965162992477417, 0.965154767036438, 0.9651534557342529]",aigvd_common1000,0,,0.9651869535446167,QWSRMwWSuFs_13_0to106.mp4,F:\MEngDatasets\AIGVDBench\videos\Real\Real\videos\QWSRMwWSuFs_13_0to106.mp4,test,0,real,Real,,Real,Real,1,False
real_00318,0,"[[-16.052419662475586, 21.142847061157227], [-16.051490783691406, 21.1411190032959], [-16.051624298095703, 21.14118766784668], [-16.050954818725586, 21.1403751373291], [-16.049598693847656, 21.13828468322754], [-16.049467086791992, 21.13809585571289], [-16.05093002319336, 21.140478134155273], [-16.05167007446289, 21.141511917114258], [-16.052459716796875, 21.142860412597656], [-16.052034378051758, 21.14174461364746], [-16.05211639404297, 21.142080307006836], [-16.051374435424805, 21.141159057617188], [-16.05067253112793, 21.140121459960938], [-16.05083465576172, 21.140520095825195], [-16.050823211669922, 21.140485763549805], [-16.05091094970703, 21.140554428100586], [-16.05079460144043, 21.1403865814209], [-16.050689697265625, 21.14020347595215], [-16.050823211669922, 21.140342712402344], [-16.050878524780273, 21.140520095825195]]","[1.0, 1.0, 1.0, 1.0, 1.0, 1.0, 1.0, 1.0, 1.0, 1.0, 1.0, 1.0, 1.0, 1.0, 1.0, 1.0, 1.0, 1.0, 1.0, 1.0]",aigvd_common1000,0,,1.0,Yucbqr3ANi0_19_0to209.mp4,F:\MEngDatasets\AIGVDBench\videos\Real\Real\videos\Yucbqr3ANi0_19_0to209.mp4,test,0,real,Real,,Real,Real,1,False
real_00319,0,"[[-19.75531578063965, 27.48833656311035], [-19.75375747680664, 27.485551834106445], [-19.754240036010742, 27.48594093322754], [-19.753887176513672, 27.485597610473633], [-19.753841400146484, 27.485462188720703], [-19.754779815673828, 27.487117767333984], [-19.754737854003906, 27.48689079284668], [-19.75491714477539, 27.487361907958984]]","[1.0, 1.0, 1.0, 1.0, 1.0, 1.0, 1.0, 1.0]",aigvd_common1000,0,,1.0,CmpJjeyTpfU_16_114to217.mp4,F:\MEngDatasets\AIGVDBench\videos\Real\Real\videos\CmpJjeyTpfU_16_114to217.mp4,test,0,real,Real,,Real,Real,1,False
real_00320,0,"[[-14.309700965881348, 18.123140335083008], [-14.309624671936035, 18.123037338256836], [-14.309572219848633, 18.12295150756836], [-14.309877395629883, 18.123449325561523], [-14.309782981872559, 18.123241424560547], [-14.309686660766602, 18.123092651367188], [-14.309473037719727, 18.122764587402344], [-14.309582710266113, 18.1229305267334], [-14.309486389160156, 18.12282943725586], [-14.309822082519531, 18.123323440551758], [-14.30992603302002, 18.123624801635742], [-14.308847427368164, 18.122068405151367], [-14.309752464294434, 18.123310089111328], [-14.309528350830078, 18.123424530029297], [-14.309454917907715, 18.12329864501953], [-14.309465408325195, 18.123186111450195], [-14.309626579284668, 18.12350845336914], [-14.309002876281738, 18.12245750427246], [-14.3099946975708, 18.123868942260742], [-14.310383796691895, 18.124412536621094], [-21.447959899902344, 29.63044548034668], [-21.449142456054688, 29.63201904296875], [-21.44487762451172, 29.62636947631836], [-21.4428768157959, 29.62370491027832], [-21.443849563598633, 29.625165939331055], [-21.443954467773438, 29.624847412109375], [-21.442996978759766, 29.623615264892578], [-21.4442081451416, 29.625093460083008], [-21.442724227905273, 29.623310089111328], [-21.44498634338379, 29.626665115356445], [-21.44601821899414, 29.628135681152344], [-21.450014114379883, 29.633520126342773], [-21.447927474975586, 29.630701065063477], [-21.445819854736328, 29.627811431884766], [-21.44442367553711, 29.625823974609375], [-21.444568634033203, 29.62605094909668], [-21.44536781311035, 29.627126693725586], [-21.444576263427734, 29.62598991394043], [-21.445762634277344, 29.62743377685547], [-21.44552993774414, 29.627132415771484], [-20.34467315673828, 27.119577407836914], [-20.34404754638672, 27.118812561035156], [-20.344331741333008, 27.11914825439453], [-20.34340476989746, 27.118194580078125], [-20.34233856201172, 27.116878509521484], [-20.342281341552734, 27.11691665649414], [-20.342985153198242, 27.117843627929688], [-20.34398078918457, 27.119115829467773], [-20.343271255493164, 27.118125915527344], [-20.343616485595703, 27.118579864501953], [-20.34389877319336, 27.118988037109375], [-20.343713760375977, 27.118762969970703], [-20.34185218811035, 27.116376876831055], [-20.341625213623047, 27.116138458251953], [-20.345016479492188, 27.120397567749023], [-20.344341278076172, 27.11896514892578], [-20.342622756958008, 27.116392135620117], [-20.342571258544922, 27.11631965637207], [-20.34271812438965, 27.116544723510742], [-20.342876434326172, 27.116735458374023], [-19.102689743041992, 24.528446197509766], [-19.10263442993164, 24.52839469909668], [-19.102449417114258, 24.528169631958008], [-19.10164451599121, 24.52738380432129], [-19.099870681762695, 24.52528190612793], [-19.09956169128418, 24.52488899230957], [-19.099817276000977, 24.525196075439453], [-19.09913444519043, 24.52437400817871], [-19.099123001098633, 24.52435302734375], [-19.0989933013916, 24.524198532104492], [-19.098506927490234, 24.52362632751465], [-19.097640991210938, 24.522619247436523], [-19.097702026367188, 24.52268409729004], [-19.09815788269043, 24.523277282714844], [-19.101560592651367, 24.527420043945312], [-19.10034942626953, 24.5258731842041], [-19.100065231323242, 24.525596618652344], [-19.099071502685547, 24.524354934692383], [-19.09869956970215, 24.52385139465332], [-19.099273681640625, 24.524507522583008], [-18.847375869750977, 25.220928192138672], [-18.847415924072266, 25.221004486083984], [-18.848033905029297, 25.222007751464844], [-18.84783935546875, 25.221649169921875], [-18.847583770751953, 25.221221923828125], [-18.84750747680664, 25.221128463745117], [-18.847553253173828, 25.22119140625], [-18.84746742248535, 25.221006393432617], [-18.847917556762695, 25.221757888793945], [-18.84844970703125, 25.222566604614258], [-18.84857940673828, 25.2227783203125], [-18.8486270904541, 25.222850799560547], [-18.848669052124023, 25.2229061126709], [-18.848419189453125, 25.22258758544922], [-18.848329544067383, 25.222454071044922], [-18.848230361938477, 25.22228240966797], [-18.847719192504883, 25.22148323059082], [-18.84727668762207, 25.220773696899414], [-18.84762954711914, 25.221323013305664], [-18.847883224487305, 25.221940994262695], [-16.800628662109375, 21.389039993286133], [-16.801401138305664, 21.39028549194336], [-16.801227569580078, 21.390134811401367], [-16.80105972290039, 21.389745712280273], [-16.80159568786621, 21.390552520751953], [-16.801223754882812, 21.390085220336914], [-16.801115036010742, 21.3898983001709], [-16.800865173339844, 21.38948631286621], [-16.80101776123047, 21.389747619628906], [-16.8008975982666, 21.389720916748047], [-16.800960540771484, 21.389875411987305], [-16.800811767578125, 21.389650344848633], [-16.80107879638672, 21.390039443969727], [-16.801618576049805, 21.390796661376953], [-16.80156898498535, 21.39068031311035], [-16.800992965698242, 21.38976287841797], [-16.799955368041992, 21.387794494628906], [-16.800241470336914, 21.388105392456055]]","[1.0, 1.0, 1.0, 1.0, 1.0, 1.0, 1.0, 1.0, 1.0, 1.0, 1.0, 1.0, 1.0, 1.0, 1.0, 1.0, 1.0, 1.0, 1.0, 1.0, 1.0, 1.0, 1.0, 1.0, 1.0, 1.0, 1.0, 1.0, 1.0, 1.0, 1.0, 1.0, 1.0, 1.0, 1.0, 1.0, 1.0, 1.0, 1.0, 1.0, 1.0, 1.0, 1.0, 1.0, 1.0, 1.0, 1.0, 1.0, 1.0, 1.0, 1.0, 1.0, 1.0, 1.0, 1.0, 1.0, 1.0, 1.0, 1.0, 1.0, 1.0, 1.0, 1.0, 1.0, 1.0, 1.0, 1.0, 1.0, 1.0, 1.0, 1.0, 1.0, 1.0, 1.0, 1.0, 1.0, 1.0, 1.0, 1.0, 1.0, 1.0, 1.0, 1.0, 1.0, 1.0, 1.0, 1.0, 1.0, 1.0, 1.0, 1.0, 1.0, 1.0, 1.0, 1.0, 1.0, 1.0, 1.0, 1.0, 1.0, 1.0, 1.0, 1.0, 1.0, 1.0, 1.0, 1.0, 1.0, 1.0, 1.0, 1.0, 1.0, 1.0, 1.0, 1.0, 1.0, 1.0, 1.0]",aigvd_common1000,0,,1.0,rd-zarq6T8Q_17_0to1180.mp4,F:\MEngDatasets\AIGVDBench\videos\Real\Real\videos\rd-zarq6T8Q_17_0to1180.mp4,test,0,real,Real,,Real,Real,1,False
real_00321,0,"[[-19.040321350097656, 25.1695499420166], [-19.041061401367188, 25.1702823638916], [-19.040691375732422, 25.169479370117188], [-19.04037094116211, 25.168859481811523], [-19.041366577148438, 25.170726776123047], [-19.041316986083984, 25.170700073242188], [-19.041309356689453, 25.170698165893555], [-19.041259765625, 25.170635223388672], [-19.041242599487305, 25.17061424255371], [-19.040672302246094, 25.170473098754883]]","[1.0, 1.0, 1.0, 1.0, 1.0, 1.0, 1.0, 1.0, 1.0, 1.0]",aigvd_common1000,0,,1.0,8YLy4kHzkdY_72_25to149.mp4,F:\MEngDatasets\AIGVDBench\videos\Real\Real\videos\8YLy4kHzkdY_72_25to149.mp4,test,0,real,Real,,Real,Real,1,False
real_00322,0,"[[-9.871134757995605, 12.666805267333984], [-9.870773315429688, 12.666234016418457], [-9.870868682861328, 12.666400909423828], [-9.869044303894043, 12.663688659667969], [-9.868422508239746, 12.662745475769043], [-9.868606567382812, 12.662883758544922], [-9.868546485900879, 12.66273021697998], [-9.868216514587402, 12.662224769592285], [-9.868592262268066, 12.662809371948242], [-9.868270874023438, 12.662338256835938], [-9.868608474731445, 12.662925720214844]]","[1.0, 1.0, 1.0, 1.0, 1.0, 1.0, 1.0, 1.0, 1.0, 1.0, 1.0]",aigvd_common1000,0,,1.0,Hb9-kcCKO1s_39_0to111.mp4,F:\MEngDatasets\AIGVDBench\videos\Real\Real\videos\Hb9-kcCKO1s_39_0to111.mp4,test,0,real,Real,,Real,Real,1,False
real_00323,0,"[[-16.55985450744629, 21.53755760192871], [-16.55887794494629, 21.535865783691406], [-16.560142517089844, 21.537866592407227], [-16.560474395751953, 21.53853988647461], [-16.559865951538086, 21.537628173828125], [-16.559663772583008, 21.537153244018555], [-16.559425354003906, 21.536741256713867], [-16.55940818786621, 21.5364933013916], [-16.559234619140625, 21.536184310913086], [-16.55962562561035, 21.536842346191406], [-16.5589599609375, 21.5357608795166], [-16.559410095214844, 21.53645896911621], [-16.559846878051758, 21.53687286376953], [-16.558818817138672, 21.53519058227539]]","[1.0, 1.0, 1.0, 1.0, 1.0, 1.0, 1.0, 1.0, 1.0, 1.0, 1.0, 1.0, 1.0, 1.0]",aigvd_common1000,0,,1.0,LCj92toBBBE_3_0to145.mp4,F:\MEngDatasets\AIGVDBench\videos\Real\Real\videos\LCj92toBBBE_3_0to145.mp4,test,0,real,Real,,Real,Real,1,False
real_00324,0,"[[-11.685336112976074, 16.270578384399414], [-11.683369636535645, 16.267168045043945], [-11.684538841247559, 16.268817901611328], [-11.684945106506348, 16.26948356628418], [-11.685192108154297, 16.270179748535156], [-11.686649322509766, 16.273113250732422], [-11.68683910369873, 16.273847579956055], [-11.68620777130127, 16.27289581298828], [-11.685895919799805, 16.272396087646484], [-11.68567943572998, 16.27194595336914], [-11.685924530029297, 16.272375106811523], [-11.685770988464355, 16.272228240966797], [-11.68651294708252, 16.273515701293945], [-11.685954093933105, 16.272581100463867], [-11.685696601867676, 16.272125244140625], [-11.686482429504395, 16.273466110229492], [-11.686539649963379, 16.273193359375], [-11.686338424682617, 16.272319793701172], [-11.686138153076172, 16.271791458129883], [-11.686741828918457, 16.27291488647461], [-16.125385284423828, 19.945098876953125], [-16.1251163482666, 19.94474220275879], [-16.125078201293945, 19.944692611694336], [-16.124969482421875, 19.944490432739258], [-16.125219345092773, 19.944787979125977], [-16.125202178955078, 19.94477653503418], [-16.124849319458008, 19.94432258605957], [-16.125059127807617, 19.94457244873047]]","[1.0, 1.0, 1.0, 1.0, 1.0, 1.0, 1.0, 1.0, 1.0, 1.0, 1.0, 1.0, 1.0, 1.0, 1.0, 1.0, 1.0, 1.0, 1.0, 1.0, 1.0, 1.0, 1.0, 1.0, 1.0, 1.0, 1.0, 1.0]",aigvd_common1000,0,,1.0,XQR-c1MFjEE_14_0to280.mp4,F:\MEngDatasets\AIGVDBench\videos\Real\Real\videos\XQR-c1MFjEE_14_0to280.mp4,test,0,real,Real,,Real,Real,1,False
real_00325,0,"[[-13.682390213012695, 17.437610626220703], [-13.682741165161133, 17.437992095947266], [-13.682682991027832, 17.43780517578125], [-13.682653427124023, 17.437707901000977], [-13.682757377624512, 17.437854766845703], [-13.682576179504395, 17.43764305114746], [-13.682405471801758, 17.43741798400879], [-13.682686805725098, 17.438011169433594], [-13.683205604553223, 17.438871383666992], [-13.68342113494873, 17.439199447631836], [-13.683304786682129, 17.43889808654785], [-13.683270454406738, 17.43878746032715], [-13.683109283447266, 17.43842315673828]]","[1.0, 1.0, 1.0, 1.0, 1.0, 1.0, 1.0, 1.0, 1.0, 1.0, 1.0, 1.0, 1.0]",aigvd_common1000,0,,1.0,XfKW1oVWluY_4_0to131.mp4,F:\MEngDatasets\AIGVDBench\videos\Real\Real\videos\XfKW1oVWluY_4_0to131.mp4,test,0,real,Real,,Real,Real,1,False
real_00326,0,"[[-11.81525707244873, 15.910016059875488], [-11.815258026123047, 15.91003704071045], [-11.815255165100098, 15.910003662109375], [-11.815250396728516, 15.910006523132324], [-11.815253257751465, 15.9100341796875], [-11.815220832824707, 15.91002082824707], [-11.815217971801758, 15.910017967224121], [-11.815205574035645, 15.909958839416504], [-11.815185546875, 15.909937858581543], [-11.815169334411621, 15.909943580627441], [-11.815203666687012, 15.909980773925781], [-11.815156936645508, 15.909919738769531], [-11.81515884399414, 15.90991497039795]]","[1.0, 1.0, 1.0, 1.0, 1.0, 1.0, 1.0, 1.0, 1.0, 1.0, 1.0, 1.0, 1.0]",aigvd_common1000,0,,1.0,gcgj6G8r-IQ_28_24to180.mp4,F:\MEngDatasets\AIGVDBench\videos\Real\Real\videos\gcgj6G8r-IQ_28_24to180.mp4,test,0,real,Real,,Real,Real,1,False
real_00327,0,"[[-12.928903579711914, 15.998997688293457], [-12.928786277770996, 15.99878215789795], [-12.928977012634277, 15.99902629852295], [-12.928751945495605, 15.998623847961426], [-12.928078651428223, 15.997639656066895], [-12.928877830505371, 15.998713493347168], [-12.928498268127441, 15.998167991638184], [-12.928691864013672, 15.998452186584473], [-12.928322792053223, 15.99793529510498], [-12.928585052490234, 15.998404502868652]]","[1.0, 1.0, 1.0, 1.0, 1.0, 1.0, 1.0, 1.0, 1.0, 1.0]",aigvd_common1000,0,,1.0,w-NUjFCZsKM_6_0to101.mp4,F:\MEngDatasets\AIGVDBench\videos\Real\Real\videos\w-NUjFCZsKM_6_0to101.mp4,test,0,real,Real,,Real,Real,1,False
real_00328,0,"[[-18.428590774536133, 24.8043270111084], [-18.428525924682617, 24.804264068603516], [-18.431316375732422, 24.80836296081543], [-18.432180404663086, 24.809677124023438], [-18.43280029296875, 24.810583114624023], [-18.435699462890625, 24.814401626586914], [-18.436511993408203, 24.81547737121582], [-18.436227798461914, 24.81504249572754], [-18.436458587646484, 24.81554412841797], [-18.435226440429688, 24.813888549804688], [-18.434480667114258, 24.812946319580078]]","[1.0, 1.0, 1.0, 1.0, 1.0, 1.0, 1.0, 1.0, 1.0, 1.0, 1.0]",aigvd_common1000,0,,1.0,urWboswP8pU_13_26to163.mp4,F:\MEngDatasets\AIGVDBench\videos\Real\Real\videos\urWboswP8pU_13_26to163.mp4,test,0,real,Real,,Real,Real,1,False
real_00329,0,"[[-18.84430503845215, 23.494590759277344], [-18.843849182128906, 23.49387550354004], [-18.84368133544922, 23.493671417236328], [-18.8444881439209, 23.49493980407715], [-18.843923568725586, 23.494077682495117], [-18.843950271606445, 23.494068145751953], [-18.84574317932129, 23.496740341186523], [-18.845630645751953, 23.496597290039062], [-18.84571075439453, 23.496660232543945], [-18.845645904541016, 23.496604919433594], [-18.846118927001953, 23.497314453125], [-18.84494972229004, 23.494815826416016], [-18.842897415161133, 23.491804122924805], [-18.84505271911621, 23.495607376098633], [-18.84520721435547, 23.495908737182617], [-18.84415054321289, 23.49435806274414], [-18.843395233154297, 23.493276596069336], [-18.84339714050293, 23.493295669555664], [-18.843416213989258, 23.493331909179688], [-18.843706130981445, 23.493772506713867], [-14.59627914428711, 18.297147750854492], [-14.596232414245605, 18.297109603881836], [-14.596303939819336, 18.297163009643555], [-14.596604347229004, 18.29742431640625], [-14.596744537353516, 18.297544479370117], [-14.59681224822998, 18.297609329223633], [-14.596898078918457, 18.29768180847168], [-14.596718788146973, 18.29753303527832]]","[1.0, 1.0, 1.0, 1.0, 1.0, 1.0, 1.0, 1.0, 1.0, 1.0, 1.0, 1.0, 1.0, 1.0, 1.0, 1.0, 1.0, 1.0, 1.0, 1.0, 1.0, 1.0, 1.0, 1.0, 1.0, 1.0, 1.0, 1.0]",aigvd_common1000,0,,1.0,DqGAK7Vi5Jc_28_0to306.mp4,F:\MEngDatasets\AIGVDBench\videos\Real\Real\videos\DqGAK7Vi5Jc_28_0to306.mp4,test,0,real,Real,,Real,Real,1,False
real_00330,0,"[[-7.599935531616211, 11.059825897216797], [-7.599915504455566, 11.059789657592773], [-7.599700927734375, 11.059454917907715], [-7.599388122558594, 11.059004783630371], [-7.599419116973877, 11.05908203125], [-7.599477767944336, 11.059284210205078], [-7.597476959228516, 11.056133270263672], [-7.598949909210205, 11.058490753173828], [-7.597553730010986, 11.056221961975098], [-7.597914695739746, 11.056668281555176], [-7.599630832672119, 11.059340476989746], [-7.600027084350586, 11.059968948364258], [-7.601078987121582, 11.061639785766602], [-7.601011753082275, 11.061452865600586], [-7.601292133331299, 11.061955451965332], [-7.601088047027588, 11.061668395996094], [-7.600327491760254, 11.060395240783691], [-7.5999603271484375, 11.059783935546875], [-7.601431369781494, 11.062283515930176], [-7.601572513580322, 11.062464714050293], [-9.905513763427734, 11.758254051208496], [-9.904962539672852, 11.757351875305176], [-9.904266357421875, 11.756331443786621]]","[1.0, 1.0, 1.0, 1.0, 1.0, 1.0, 1.0, 1.0, 1.0, 1.0, 1.0, 1.0, 1.0, 1.0, 1.0, 1.0, 1.0, 1.0, 1.0, 1.0, 1.0, 1.0, 1.0]",aigvd_common1000,0,,1.0,8ujniyn3tjg_15_0to235.mp4,F:\MEngDatasets\AIGVDBench\videos\Real\Real\videos\8ujniyn3tjg_15_0to235.mp4,test,0,real,Real,,Real,Real,1,False
real_00331,0,"[[-15.789042472839355, 24.518346786499023], [-15.789022445678711, 24.518293380737305], [-15.789603233337402, 24.519102096557617], [-15.79011058807373, 24.519935607910156], [-15.79025650024414, 24.520183563232422], [-15.790523529052734, 24.52057456970215], [-15.792012214660645, 24.5226993560791], [-15.791390419006348, 24.52179718017578], [-15.791459083557129, 24.521867752075195], [-15.792976379394531, 24.523910522460938], [-15.793194770812988, 24.52424430847168], [-15.792902946472168, 24.523820877075195], [-15.792215347290039, 24.522958755493164], [-15.792489051818848, 24.52340316772461], [-15.791993141174316, 24.522628784179688], [-15.792437553405762, 24.524330139160156], [-15.793442726135254, 24.526004791259766], [-15.792750358581543, 24.524927139282227], [-15.791600227355957, 24.52313232421875], [-15.79234790802002, 24.52426528930664], [-18.394487380981445, 24.216550827026367], [-18.394229888916016, 24.21621322631836], [-18.39407730102539, 24.216035842895508], [-18.394329071044922, 24.216421127319336], [-18.394399642944336, 24.21651268005371], [-18.3944034576416, 24.216506958007812], [-18.394603729248047, 24.216825485229492], [-18.394426345825195, 24.216495513916016], [-18.394386291503906, 24.21639633178711], [-18.39439582824707, 24.216367721557617], [-18.394132614135742, 24.2159481048584], [-18.394033432006836, 24.21578598022461], [-18.394092559814453, 24.21587562561035], [-18.394014358520508, 24.21574592590332], [-18.394317626953125, 24.21620750427246], [-18.394268035888672, 24.216150283813477], [-18.393741607666016, 24.2154598236084], [-18.39358139038086, 24.21523666381836], [-18.39358901977539, 24.21525764465332], [-18.392887115478516, 24.213823318481445], [-14.09107494354248, 18.257936477661133], [-14.09146785736084, 18.258405685424805], [-14.090038299560547, 18.25625991821289], [-14.090614318847656, 18.257150650024414], [-14.090917587280273, 18.257570266723633], [-14.090620040893555, 18.257179260253906], [-14.090967178344727, 18.257646560668945], [-14.090725898742676, 18.25724220275879], [-14.091172218322754, 18.25845718383789], [-14.091544151306152, 18.2591609954834], [-14.0914888381958, 18.259082794189453]]","[1.0, 1.0, 1.0, 1.0, 1.0, 1.0, 1.0, 1.0, 1.0, 1.0, 1.0, 1.0, 1.0, 1.0, 1.0, 1.0, 1.0, 1.0, 1.0, 1.0, 1.0, 1.0, 1.0, 1.0, 1.0, 1.0, 1.0, 1.0, 1.0, 1.0, 1.0, 1.0, 1.0, 1.0, 1.0, 1.0, 1.0, 1.0, 1.0, 1.0, 1.0, 1.0, 1.0, 1.0, 1.0, 1.0, 1.0, 1.0, 1.0, 1.0, 1.0]",aigvd_common1000,0,,1.0,WG-gUJfXJrE_43_100to638.mp4,F:\MEngDatasets\AIGVDBench\videos\Real\Real\videos\WG-gUJfXJrE_43_100to638.mp4,test,0,real,Real,,Real,Real,1,False
real_00332,0,"[[-8.26016616821289, 9.960776329040527], [-8.260100364685059, 9.96070384979248], [-8.259610176086426, 9.959890365600586], [-8.259631156921387, 9.959967613220215], [-8.25960636138916, 9.959996223449707], [-8.259565353393555, 9.95995807647705], [-8.2599458694458, 9.96045207977295], [-8.259778022766113, 9.960161209106445], [-8.260315895080566, 9.96090030670166], [-8.259986877441406, 9.960467338562012], [-8.259786605834961, 9.960282325744629], [-8.259759902954102, 9.960282325744629], [-8.260028839111328, 9.9605712890625], [-8.260093688964844, 9.96068286895752], [-8.260143280029297, 9.960715293884277], [-8.26012134552002, 9.960672378540039], [-8.259758949279785, 9.96023941040039], [-8.260085105895996, 9.960692405700684], [-8.260126113891602, 9.96072006225586], [-8.260379791259766, 9.961034774780273], [-10.033443450927734, 13.4945707321167], [-10.033238410949707, 13.494209289550781], [-10.033438682556152, 13.494465827941895], [-10.033418655395508, 13.494466781616211], [-10.033018112182617, 13.493900299072266], [-10.033042907714844, 13.493916511535645], [-10.033316612243652, 13.494386672973633], [-10.03363037109375, 13.494824409484863], [-10.0333833694458, 13.494443893432617]]","[1.0, 1.0, 1.0, 1.0, 1.0, 1.0, 1.0, 1.0, 1.0, 1.0, 1.0, 1.0, 1.0, 1.0, 1.0, 1.0, 1.0, 1.0, 1.0, 1.0, 1.0, 1.0, 1.0, 1.0, 1.0, 1.0, 1.0, 1.0, 1.0]",aigvd_common1000,0,,1.0,peZbzdef1Hs_8_0to315.mp4,F:\MEngDatasets\AIGVDBench\videos\Real\Real\videos\peZbzdef1Hs_8_0to315.mp4,test,0,real,Real,,Real,Real,1,False
real_00333,0,"[[4.4562458992004395, -5.0125579833984375], [4.456117630004883, -5.012471675872803], [4.456455230712891, -5.012712478637695], [4.456376552581787, -5.012654781341553], [4.456417560577393, -5.012671947479248], [4.456471920013428, -5.012711048126221], [4.456212043762207, -5.012532711029053], [4.4562554359436035, -5.012560844421387], [4.456438064575195, -5.012696743011475], [4.456352710723877, -5.012626647949219], [4.456061363220215, -5.012426376342773], [4.456292629241943, -5.0125932693481445], [4.456317901611328, -5.012605667114258]]","[7.721779547864571e-05, 7.723429007455707e-05, 7.718966662650928e-05, 7.7200194937177e-05, 7.719570567132905e-05, 7.71884951973334e-05, 7.72223575040698e-05, 7.72167622926645e-05, 7.719216955592856e-05, 7.720424036961049e-05, 7.724216993665323e-05, 7.721146539552137e-05, 7.720851135673001e-05]",aigvd_common1000,0,,7.723429007455707e-05,cgexTg6KRsQ_179_29to182.mp4,F:\MEngDatasets\AIGVDBench\videos\Real\Real\videos\cgexTg6KRsQ_179_29to182.mp4,test,0,real,Real,,Real,Real,0,True
real_00334,0,"[[2.988654851913452, -3.75628662109375], [2.9890360832214355, -3.756612539291382], [2.9892983436584473, -3.7568461894989014], [2.9893596172332764, -3.7568981647491455], [2.9892241954803467, -3.7567832469940186], [2.9892749786376953, -3.7568230628967285], [2.989301919937134, -3.7568492889404297], [2.989048719406128, -3.756624937057495], [2.9892349243164062, -3.756788730621338], [2.989438772201538, -3.7569572925567627]]","[0.0011754340957850218, 0.0011746046366170049, 0.0011740229092538357, 0.0011738898465409875, 0.001174183445982635, 0.0011740772752091289, 0.0011740151094272733, 0.001174574950709939, 0.0011741644702851772, 0.0011737277964130044]",aigvd_common1000,0,,0.0011746046366170049,0yt-RZwC4o4_157_25to153.mp4,F:\MEngDatasets\AIGVDBench\videos\Real\Real\videos\0yt-RZwC4o4_157_25to153.mp4,test,0,real,Real,,Real,Real,0,True
real_00335,0,"[[-9.362152099609375, 10.753832817077637], [-9.361133575439453, 10.752439498901367], [-9.36158275604248, 10.752949714660645], [-9.361602783203125, 10.753005981445312], [-9.36209487915039, 10.75365924835205], [-9.362221717834473, 10.753926277160645], [-9.36229419708252, 10.754050254821777], [-9.361815452575684, 10.75338077545166], [-9.361830711364746, 10.753413200378418], [-9.361196517944336, 10.752562522888184], [-9.360872268676758, 10.752190589904785], [-9.361127853393555, 10.752664566040039], [-9.360556602478027, 10.75189208984375], [-9.360879898071289, 10.752364158630371], [-9.361454010009766, 10.753178596496582], [-9.361350059509277, 10.75308609008789], [-9.360923767089844, 10.752541542053223], [-9.361536979675293, 10.753411293029785], [-9.361053466796875, 10.752714157104492], [-9.36112117767334, 10.752784729003906], [-10.51765251159668, 13.926397323608398], [-10.517626762390137, 13.926352500915527], [-10.517559051513672, 13.926305770874023], [-10.517640113830566, 13.926486015319824], [-10.517942428588867, 13.926992416381836]]","[1.0, 1.0, 1.0, 1.0, 1.0, 1.0, 1.0, 1.0, 1.0, 1.0, 1.0, 1.0, 1.0, 1.0, 1.0, 1.0, 1.0, 1.0, 1.0, 1.0, 1.0, 1.0, 1.0, 1.0, 1.0]",aigvd_common1000,0,,1.0,5xn-IIkZ3fA_28_0to254.mp4,F:\MEngDatasets\AIGVDBench\videos\Real\Real\videos\5xn-IIkZ3fA_28_0to254.mp4,test,0,real,Real,,Real,Real,1,False
real_00336,0,"[[-18.522680282592773, 23.232376098632812], [-18.522600173950195, 23.232267379760742], [-18.522586822509766, 23.23225212097168], [-18.52260971069336, 23.23227882385254], [-18.5225772857666, 23.232215881347656], [-18.52248764038086, 23.232067108154297], [-18.52242088317871, 23.231964111328125], [-18.522418975830078, 23.231964111328125], [-18.522403717041016, 23.231943130493164], [-18.5224552154541, 23.23201560974121], [-18.5224552154541, 23.232017517089844], [-18.52260398864746, 23.232255935668945], [-18.52263832092285, 23.232372283935547], [-18.52263832092285, 23.232383728027344], [-18.522695541381836, 23.232452392578125], [-18.522674560546875, 23.23240852355957], [-18.5226993560791, 23.232446670532227], [-18.52271842956543, 23.23247528076172], [-18.522708892822266, 23.232450485229492], [-18.522729873657227, 23.232479095458984], [-17.23086166381836, 20.652902603149414], [-17.230337142944336, 20.652509689331055], [-17.230363845825195, 20.652517318725586], [-17.230724334716797, 20.653053283691406], [-17.23069953918457, 20.653017044067383], [-17.23061752319336, 20.652868270874023], [-17.23058319091797, 20.65285873413086], [-17.230571746826172, 20.65283966064453], [-17.230607986450195, 20.652925491333008], [-17.230817794799805, 20.652860641479492], [-17.230924606323242, 20.652782440185547], [-17.230972290039062, 20.65285873413086], [-17.230966567993164, 20.652851104736328], [-17.230981826782227, 20.652881622314453], [-17.230998992919922, 20.65291404724121]]","[1.0, 1.0, 1.0, 1.0, 1.0, 1.0, 1.0, 1.0, 1.0, 1.0, 1.0, 1.0, 1.0, 1.0, 1.0, 1.0, 1.0, 1.0, 1.0, 1.0, 1.0, 1.0, 1.0, 1.0, 1.0, 1.0, 1.0, 1.0, 1.0, 1.0, 1.0, 1.0, 1.0, 1.0, 1.0]",aigvd_common1000,0,,1.0,0ojwJ00IxOM_5_96to472.mp4,F:\MEngDatasets\AIGVDBench\videos\Real\Real\videos\0ojwJ00IxOM_5_96to472.mp4,test,0,real,Real,,Real,Real,1,False
real_00337,0,"[[-12.56618595123291, 22.569482803344727], [-12.566069602966309, 22.56915855407715], [-12.5663423538208, 22.569725036621094], [-12.566134452819824, 22.56945037841797], [-12.566164016723633, 22.56947135925293], [-12.566041946411133, 22.569311141967773], [-12.566490173339844, 22.57012367248535], [-12.56640338897705, 22.56987190246582]]","[1.0, 1.0, 1.0, 1.0, 1.0, 1.0, 1.0, 1.0]",aigvd_common1000,0,,1.0,uUoQuaVcXu4_89_48to151.mp4,F:\MEngDatasets\AIGVDBench\videos\Real\Real\videos\uUoQuaVcXu4_89_48to151.mp4,test,0,real,Real,,Real,Real,1,False
real_00338,0,"[[-18.05147933959961, 24.42997169494629], [-18.051382064819336, 24.429990768432617], [-18.0516300201416, 24.43036651611328], [-18.05143165588379, 24.430002212524414], [-18.051759719848633, 24.43058967590332], [-18.051193237304688, 24.429729461669922], [-18.051509857177734, 24.43016242980957], [-18.051366806030273, 24.43001937866211], [-18.051368713378906, 24.429933547973633], [-18.051464080810547, 24.43012046813965], [-18.051414489746094, 24.42999267578125], [-18.051233291625977, 24.429759979248047]]","[1.0, 1.0, 1.0, 1.0, 1.0, 1.0, 1.0, 1.0, 1.0, 1.0, 1.0, 1.0]",aigvd_common1000,0,,1.0,FQZcloAq5bo_11_27to169.mp4,F:\MEngDatasets\AIGVDBench\videos\Real\Real\videos\FQZcloAq5bo_11_27to169.mp4,test,0,real,Real,,Real,Real,1,False
real_00339,0,"[[-5.757195472717285, 7.829161643981934], [-5.757399082183838, 7.82967472076416], [-5.756682872772217, 7.82826042175293], [-5.75702428817749, 7.828941822052002], [-5.75704288482666, 7.829005718231201], [-5.756793975830078, 7.828511714935303], [-5.756968021392822, 7.8288421630859375], [-5.757096290588379, 7.82902717590332], [-5.757127285003662, 7.829075336456299], [-5.7570648193359375, 7.828981876373291], [-5.756829261779785, 7.828607559204102], [-5.7570390701293945, 7.828953742980957], [-5.757171154022217, 7.82926082611084]]","[0.9999986886978149, 0.9999986886978149, 0.9999986886978149, 0.9999986886978149, 0.9999986886978149, 0.9999986886978149, 0.9999986886978149, 0.9999986886978149, 0.9999986886978149, 0.9999986886978149, 0.9999986886978149, 0.9999986886978149, 0.9999986886978149]",aigvd_common1000,0,,0.9999986886978149,49t2UhE8UfA_415_0to131.mp4,F:\MEngDatasets\AIGVDBench\videos\Real\Real\videos\49t2UhE8UfA_415_0to131.mp4,test,0,real,Real,,Real,Real,1,False
real_00340,0,"[[-7.922109127044678, 10.959296226501465], [-7.922142505645752, 10.959395408630371], [-7.922224044799805, 10.959625244140625], [-7.922241687774658, 10.959651947021484], [-7.922154903411865, 10.959403038024902], [-7.921977996826172, 10.959075927734375], [-7.922332763671875, 10.959683418273926], [-7.922356605529785, 10.959732055664062], [-7.922334671020508, 10.959696769714355], [-7.922238349914551, 10.959511756896973], [-7.922264099121094, 10.959550857543945], [-7.922290802001953, 10.959588050842285], [-7.922370433807373, 10.959785461425781], [-7.922356128692627, 10.959735870361328], [-7.922238349914551, 10.959541320800781], [-7.922129154205322, 10.959416389465332], [-7.922177314758301, 10.959495544433594], [-7.922122478485107, 10.959412574768066], [-7.9221625328063965, 10.959493637084961], [-7.922122478485107, 10.959446907043457]]","[1.0, 1.0, 1.0, 1.0, 1.0, 1.0, 1.0, 1.0, 1.0, 1.0, 1.0, 1.0, 1.0, 1.0, 1.0, 1.0, 1.0, 1.0, 1.0, 1.0]",aigvd_common1000,0,,1.0,FcQuhewq7_c_10_565to788.mp4,F:\MEngDatasets\AIGVDBench\videos\Real\Real\videos\FcQuhewq7_c_10_565to788.mp4,test,0,real,Real,,Real,Real,1,False
real_00341,0,"[[-15.408965110778809, 21.262725830078125], [-15.408336639404297, 21.26163673400879], [-15.40880298614502, 21.26267433166504], [-15.409270286560059, 21.26359748840332], [-15.409341812133789, 21.263742446899414], [-15.409424781799316, 21.263885498046875], [-15.408951759338379, 21.262630462646484], [-15.409446716308594, 21.26262664794922], [-15.409567832946777, 21.262773513793945], [-15.409527778625488, 21.262882232666016], [-15.409220695495605, 21.26190948486328], [-15.408671379089355, 21.260961532592773], [-15.40792465209961, 21.258615493774414], [-15.40731143951416, 21.257152557373047], [-15.407182693481445, 21.256879806518555], [-15.407012939453125, 21.256763458251953], [-15.40623950958252, 21.25555419921875], [-15.406214714050293, 21.25586700439453], [-15.407421112060547, 21.258474349975586], [-15.407492637634277, 21.258516311645508], [-16.281267166137695, 21.19321632385254], [-16.2817325592041, 21.194175720214844], [-16.28116226196289, 21.192672729492188], [-16.281478881835938, 21.193204879760742], [-16.281518936157227, 21.19329261779785], [-16.280763626098633, 21.192188262939453], [-16.281478881835938, 21.193513870239258], [-16.281383514404297, 21.19315528869629], [-16.28099822998047, 21.192718505859375], [-16.280532836914062, 21.191675186157227], [-16.28143310546875, 21.19344139099121], [-16.28099250793457, 21.19292640686035], [-16.280900955200195, 21.19294548034668], [-16.280893325805664, 21.193021774291992], [-16.280677795410156, 21.192419052124023], [-16.280481338500977, 21.19172477722168], [-16.280536651611328, 21.192014694213867], [-16.28134536743164, 21.193357467651367], [-16.282285690307617, 21.195039749145508], [-16.281930923461914, 21.19420051574707], [-14.05651569366455, 18.4058780670166], [-14.05570125579834, 18.404211044311523], [-14.055608749389648, 18.403959274291992]]","[1.0, 1.0, 1.0, 1.0, 1.0, 1.0, 1.0, 1.0, 1.0, 1.0, 1.0, 1.0, 1.0, 1.0, 1.0, 1.0, 1.0, 1.0, 1.0, 1.0, 1.0, 1.0, 1.0, 1.0, 1.0, 1.0, 1.0, 1.0, 1.0, 1.0, 1.0, 1.0, 1.0, 1.0, 1.0, 1.0, 1.0, 1.0, 1.0, 1.0, 1.0, 1.0, 1.0]",aigvd_common1000,0,,1.0,9WeoZZ5CcY8_35_0to439.mp4,F:\MEngDatasets\AIGVDBench\videos\Real\Real\videos\9WeoZZ5CcY8_35_0to439.mp4,test,0,real,Real,,Real,Real,1,False
real_00342,0,"[[-12.562460899353027, 17.29549789428711], [-12.564070701599121, 17.297426223754883], [-12.56585693359375, 17.29961585998535], [-12.565483093261719, 17.299190521240234], [-12.567306518554688, 17.30162811279297], [-12.570343971252441, 17.30573844909668], [-12.57082462310791, 17.3062686920166], [-12.570541381835938, 17.305828094482422], [-12.566190719604492, 17.300046920776367], [-12.563064575195312, 17.296232223510742], [-12.565620422363281, 17.299753189086914], [-12.564908027648926, 17.29851531982422], [-12.564229011535645, 17.297739028930664]]","[1.0, 1.0, 1.0, 1.0, 1.0, 1.0, 1.0, 1.0, 1.0, 1.0, 1.0, 1.0, 1.0]",aigvd_common1000,0,,1.0,2B9BLASX3YQ_27_0to157.mp4,F:\MEngDatasets\AIGVDBench\videos\Real\Real\videos\2B9BLASX3YQ_27_0to157.mp4,test,0,real,Real,,Real,Real,1,False
real_00343,0,"[[-13.592973709106445, 19.406383514404297], [-13.593234062194824, 19.406667709350586], [-13.593172073364258, 19.406484603881836], [-13.593402862548828, 19.406946182250977], [-13.592629432678223, 19.405641555786133], [-13.59272289276123, 19.40587043762207], [-13.59232234954834, 19.405344009399414], [-13.59218978881836, 19.405221939086914], [-13.592135429382324, 19.405181884765625]]","[1.0, 1.0, 1.0, 1.0, 1.0, 1.0, 1.0, 1.0, 1.0]",aigvd_common1000,0,,1.0,LV3MODQ0IRs_9_22to142.mp4,F:\MEngDatasets\AIGVDBench\videos\Real\Real\videos\LV3MODQ0IRs_9_22to142.mp4,test,0,real,Real,,Real,Real,1,False
real_00344,0,"[[-13.42702865600586, 20.34958839416504], [-13.427040100097656, 20.349584579467773], [-13.42659854888916, 20.34882164001465], [-13.42714786529541, 20.34988784790039], [-13.426941871643066, 20.349519729614258], [-13.427067756652832, 20.349790573120117], [-13.426800727844238, 20.349258422851562], [-13.426732063293457, 20.349105834960938], [-13.42676067352295, 20.34916877746582], [-13.427175521850586, 20.34990882873535], [-13.42664623260498, 20.348873138427734], [-13.426616668701172, 20.348920822143555], [-13.427220344543457, 20.349973678588867], [-13.428046226501465, 20.351442337036133], [-13.42766284942627, 20.350847244262695], [-13.42802906036377, 20.351369857788086], [-13.427555084228516, 20.350603103637695], [-13.42725658416748, 20.350229263305664], [-13.427077293395996, 20.349822998046875], [-13.42747974395752, 20.350500106811523], [-16.800792694091797, 22.873863220214844], [-16.8010311126709, 22.874141693115234], [-16.80141830444336, 22.87470245361328], [-16.800859451293945, 22.87392234802246], [-16.801057815551758, 22.874290466308594], [-16.801136016845703, 22.87443733215332], [-16.800567626953125, 22.873397827148438], [-16.800556182861328, 22.873245239257812], [-16.800750732421875, 22.873666763305664], [-16.800960540771484, 22.87415885925293]]","[1.0, 1.0, 1.0, 1.0, 1.0, 1.0, 1.0, 1.0, 1.0, 1.0, 1.0, 1.0, 1.0, 1.0, 1.0, 1.0, 1.0, 1.0, 1.0, 1.0, 1.0, 1.0, 1.0, 1.0, 1.0, 1.0, 1.0, 1.0, 1.0, 1.0]",aigvd_common1000,0,,1.0,R076_ORzIgM_1_0to303.mp4,F:\MEngDatasets\AIGVDBench\videos\Real\Real\videos\R076_ORzIgM_1_0to303.mp4,test,0,real,Real,,Real,Real,1,False
real_00345,0,"[[-6.117766857147217, 7.475656986236572], [-6.117807865142822, 7.475678443908691], [-6.117825984954834, 7.475607395172119], [-6.117783069610596, 7.475591659545898], [-6.117715358734131, 7.475457191467285], [-6.117774486541748, 7.475526809692383], [-6.117781639099121, 7.47556209564209], [-6.117781639099121, 7.475542068481445], [-6.11773157119751, 7.475558280944824], [-6.117797374725342, 7.475718975067139], [-6.117771148681641, 7.475713729858398], [-6.117773532867432, 7.475609302520752], [-6.117770671844482, 7.475604057312012], [-6.117826461791992, 7.475682258605957], [-6.117842197418213, 7.475720405578613], [-6.11780309677124, 7.475667953491211], [-6.117887020111084, 7.475772857666016], [-6.117920398712158, 7.475813388824463], [-6.1178083419799805, 7.475692272186279], [-6.117790699005127, 7.475685119628906], [-10.891133308410645, 12.889023780822754], [-10.890975952148438, 12.888821601867676], [-10.891054153442383, 12.888910293579102], [-10.891213417053223, 12.889128684997559], [-10.890975952148438, 12.888763427734375], [-10.890790939331055, 12.888498306274414], [-10.89097785949707, 12.888758659362793]]","[0.9999988079071045, 0.9999988079071045, 0.9999988079071045, 0.9999988079071045, 0.9999988079071045, 0.9999988079071045, 0.9999988079071045, 0.9999988079071045, 0.9999988079071045, 0.9999988079071045, 0.9999988079071045, 0.9999988079071045, 0.9999988079071045, 0.9999988079071045, 0.9999988079071045, 0.9999988079071045, 0.9999988079071045, 0.9999988079071045, 0.9999988079071045, 0.9999988079071045, 1.0, 1.0, 1.0, 1.0, 1.0, 1.0, 1.0]",aigvd_common1000,0,,0.9999988079071045,7TxVWght5yw_4_0to296.mp4,F:\MEngDatasets\AIGVDBench\videos\Real\Real\videos\7TxVWght5yw_4_0to296.mp4,test,0,real,Real,,Real,Real,1,False
real_00346,0,"[[-12.41904067993164, 15.021132469177246], [-12.418145179748535, 15.019740104675293], [-12.41771125793457, 15.019139289855957], [-12.4176664352417, 15.019049644470215], [-12.417738914489746, 15.019148826599121], [-12.417858123779297, 15.019340515136719], [-12.418248176574707, 15.01990032196045], [-12.418813705444336, 15.020706176757812], [-12.418842315673828, 15.020851135253906], [-12.41790771484375, 15.019590377807617], [-12.418810844421387, 15.0208740234375], [-12.418795585632324, 15.020885467529297], [-12.418967247009277, 15.021140098571777], [-12.418102264404297, 15.01989459991455], [-12.417248725891113, 15.018680572509766], [-12.418472290039062, 15.020413398742676], [-12.419100761413574, 15.021329879760742], [-12.418953895568848, 15.021100044250488], [-12.418752670288086, 15.02077579498291], [-12.418242454528809, 15.020040512084961], [-13.392746925354004, 17.110380172729492], [-13.392976760864258, 17.110782623291016], [-13.393013000488281, 17.110849380493164], [-13.392949104309082, 17.110713958740234], [-13.39304256439209, 17.110849380493164], [-13.392876625061035, 17.11058235168457], [-13.393010139465332, 17.110815048217773], [-13.392730712890625, 17.110342025756836], [-13.392733573913574, 17.11034393310547], [-13.392597198486328, 17.110105514526367], [-13.392569541931152, 17.11006736755371], [-13.3926362991333, 17.110193252563477], [-13.392495155334473, 17.10996437072754]]","[1.0, 1.0, 1.0, 1.0, 1.0, 1.0, 1.0, 1.0, 1.0, 1.0, 1.0, 1.0, 1.0, 1.0, 1.0, 1.0, 1.0, 1.0, 1.0, 1.0, 1.0, 1.0, 1.0, 1.0, 1.0, 1.0, 1.0, 1.0, 1.0, 1.0, 1.0, 1.0, 1.0]",aigvd_common1000,0,,1.0,PF7NpKG_S8g_2_56to408.mp4,F:\MEngDatasets\AIGVDBench\videos\Real\Real\videos\PF7NpKG_S8g_2_56to408.mp4,test,0,real,Real,,Real,Real,1,False
real_00347,0,"[[-11.602986335754395, 16.38033676147461], [-11.60305118560791, 16.380495071411133], [-11.602790832519531, 16.379932403564453], [-11.602927207946777, 16.38017463684082], [-11.602856636047363, 16.38006019592285], [-11.602835655212402, 16.37999725341797], [-11.602455139160156, 16.379226684570312], [-11.602542877197266, 16.37938117980957], [-11.602338790893555, 16.3789119720459], [-11.602681159973145, 16.379518508911133], [-11.602556228637695, 16.37929916381836], [-11.602374076843262, 16.378890991210938]]","[1.0, 1.0, 1.0, 1.0, 1.0, 1.0, 1.0, 1.0, 1.0, 1.0, 1.0, 1.0]",aigvd_common1000,0,,1.0,UgUXeOJEmjQ_2_66to213.mp4,F:\MEngDatasets\AIGVDBench\videos\Real\Real\videos\UgUXeOJEmjQ_2_66to213.mp4,test,0,real,Real,,Real,Real,1,False
real_00348,0,"[[-15.794747352600098, 24.999536514282227], [-15.79384708404541, 24.99811553955078], [-15.796960830688477, 25.00286293029785], [-15.796719551086426, 25.00184440612793], [-15.794861793518066, 24.99993133544922], [-15.79344367980957, 24.997461318969727], [-15.794044494628906, 24.99857521057129], [-15.793835639953613, 24.998254776000977], [-15.793656349182129, 24.997888565063477], [-15.7936429977417, 24.997831344604492], [-15.794572830200195, 24.999446868896484], [-15.79437255859375, 24.999168395996094], [-15.793647766113281, 24.998044967651367], [-15.793954849243164, 24.998626708984375]]","[1.0, 1.0, 1.0, 1.0, 1.0, 1.0, 1.0, 1.0, 1.0, 1.0, 1.0, 1.0, 1.0, 1.0]",aigvd_common1000,0,,1.0,ZVJ5oLS74mc_81_120to282.mp4,F:\MEngDatasets\AIGVDBench\videos\Real\Real\videos\ZVJ5oLS74mc_81_120to282.mp4,test,0,real,Real,,Real,Real,1,False
real_00349,0,"[[-8.721959114074707, 12.333847999572754], [-8.7219820022583, 12.333869934082031], [-8.721724510192871, 12.33348274230957], [-8.721684455871582, 12.33348274230957], [-8.721609115600586, 12.333301544189453], [-8.722002983093262, 12.333883285522461], [-8.721864700317383, 12.333625793457031], [-8.721904754638672, 12.333703994750977], [-8.721969604492188, 12.333866119384766], [-8.720755577087402, 12.332441329956055], [-8.720919609069824, 12.33268928527832], [-8.720932006835938, 12.332721710205078], [-8.720974922180176, 12.33277416229248], [-8.72170639038086, 12.333378791809082], [-8.721917152404785, 12.333794593811035], [-8.721968650817871, 12.333924293518066], [-8.721861839294434, 12.333775520324707]]","[1.0, 1.0, 1.0, 1.0, 1.0, 1.0, 1.0, 1.0, 1.0, 1.0, 1.0, 1.0, 1.0, 1.0, 1.0, 1.0, 1.0]",aigvd_common1000,0,,1.0,wyQ6oYCe4uA_27_0to175.mp4,F:\MEngDatasets\AIGVDBench\videos\Real\Real\videos\wyQ6oYCe4uA_27_0to175.mp4,test,0,real,Real,,Real,Real,1,False
real_00350,0,"[[-13.908699989318848, 18.93634605407715], [-13.908148765563965, 18.935617446899414], [-13.908376693725586, 18.93596076965332], [-13.90833854675293, 18.935819625854492], [-13.908153533935547, 18.935617446899414], [-13.909131050109863, 18.937103271484375], [-13.910579681396484, 18.9393310546875], [-13.911437034606934, 18.940624237060547], [-13.910497665405273, 18.939231872558594], [-13.91043758392334, 18.939233779907227], [-13.910505294799805, 18.93934440612793], [-13.91039752960205, 18.939146041870117], [-13.910414695739746, 18.939098358154297], [-13.909504890441895, 18.937660217285156], [-13.91018295288086, 18.938764572143555], [-13.909865379333496, 18.938194274902344], [-13.910222053527832, 18.93875503540039]]","[1.0, 1.0, 1.0, 1.0, 1.0, 1.0, 1.0, 1.0, 1.0, 1.0, 1.0, 1.0, 1.0, 1.0, 1.0, 1.0, 1.0]",aigvd_common1000,0,,1.0,RidX1TOSQDg_19_21to218.mp4,F:\MEngDatasets\AIGVDBench\videos\Real\Real\videos\RidX1TOSQDg_19_21to218.mp4,test,0,real,Real,,Real,Real,1,False
real_00351,0,"[[-9.741207122802734, 13.151830673217773], [-9.741092681884766, 13.151548385620117], [-9.74164867401123, 13.152684211730957], [-9.74206829071045, 13.153318405151367], [-9.741900444030762, 13.153141975402832], [-9.742616653442383, 13.154601097106934], [-9.742371559143066, 13.154001235961914], [-9.742764472961426, 13.154630661010742], [-9.742332458496094, 13.153849601745605], [-9.74223804473877, 13.153825759887695], [-9.742020606994629, 13.1536226272583], [-9.742464065551758, 13.154431343078613], [-9.742696762084961, 13.15468692779541], [-9.743261337280273, 13.155664443969727], [-9.742775917053223, 13.154657363891602], [-9.742193222045898, 13.153731346130371], [-9.742079734802246, 13.153487205505371], [-9.743206977844238, 13.155447959899902], [-9.743345260620117, 13.155840873718262], [-9.743497848510742, 13.156148910522461], [-16.373201370239258, 24.0789852142334]]","[1.0, 1.0, 1.0, 1.0, 1.0, 1.0, 1.0, 1.0, 1.0, 1.0, 1.0, 1.0, 1.0, 1.0, 1.0, 1.0, 1.0, 1.0, 1.0, 1.0, 1.0]",aigvd_common1000,0,,1.0,7TCW9wOxAWk_48_0to214.mp4,F:\MEngDatasets\AIGVDBench\videos\Real\Real\videos\7TCW9wOxAWk_48_0to214.mp4,test,0,real,Real,,Real,Real,1,False
real_00352,0,"[[-6.1044487953186035, 8.777134895324707], [-6.104257106781006, 8.776822090148926], [-6.103640079498291, 8.775814056396484], [-6.104196071624756, 8.77665901184082], [-6.104291915893555, 8.77657699584961], [-6.104295253753662, 8.776580810546875], [-6.104633808135986, 8.777249336242676], [-6.103640556335449, 8.775832176208496], [-6.103580951690674, 8.77577018737793], [-6.103625774383545, 8.77579116821289], [-6.10415506362915, 8.776529312133789], [-6.104740142822266, 8.777527809143066], [-6.104428291320801, 8.777022361755371], [-6.103524208068848, 8.775301933288574], [-6.104197978973389, 8.77659797668457], [-6.104293346405029, 8.777083396911621], [-6.103699207305908, 8.776158332824707], [-6.104244709014893, 8.776998519897461], [-6.1046833992004395, 8.777650833129883], [-6.10469913482666, 8.777694702148438], [-16.88714599609375, 21.841758728027344], [-16.8868465423584, 21.84088897705078], [-16.886566162109375, 21.840866088867188], [-16.88873291015625, 21.845460891723633], [-16.889001846313477, 21.845905303955078], [-16.88957405090332, 21.846826553344727], [-16.889575958251953, 21.84678840637207], [-16.88956069946289, 21.84674072265625]]","[0.9999996423721313, 0.9999996423721313, 0.9999996423721313, 0.9999996423721313, 0.9999996423721313, 0.9999996423721313, 0.9999996423721313, 0.9999996423721313, 0.9999996423721313, 0.9999996423721313, 0.9999996423721313, 0.9999996423721313, 0.9999996423721313, 0.9999996423721313, 0.9999996423721313, 0.9999996423721313, 0.9999996423721313, 0.9999996423721313, 0.9999996423721313, 0.9999996423721313, 1.0, 1.0, 1.0, 1.0, 1.0, 1.0, 1.0, 1.0]",aigvd_common1000,0,,0.9999996423721313,rgdTYAO41ZM_25_0to285.mp4,F:\MEngDatasets\AIGVDBench\videos\Real\Real\videos\rgdTYAO41ZM_25_0to285.mp4,test,0,real,Real,,Real,Real,1,False
real_00353,0,"[[-20.163583755493164, 34.05476760864258], [-20.162660598754883, 34.05281448364258], [-20.161760330200195, 34.05219650268555], [-20.16082000732422, 34.05097961425781], [-20.161611557006836, 34.05209732055664], [-20.163488388061523, 34.05455017089844], [-20.16408920288086, 34.05564498901367], [-20.163864135742188, 34.0550537109375], [-20.16330909729004, 34.05399703979492], [-20.163265228271484, 34.05409240722656]]","[1.0, 1.0, 1.0, 1.0, 1.0, 1.0, 1.0, 1.0, 1.0, 1.0]",aigvd_common1000,0,,1.0,zBKLvi7AnQQ_145_0to106.mp4,F:\MEngDatasets\AIGVDBench\videos\Real\Real\videos\zBKLvi7AnQQ_145_0to106.mp4,test,0,real,Real,,Real,Real,1,False
real_00354,0,"[[-12.6390380859375, 18.712783813476562], [-12.63924789428711, 18.71308708190918], [-12.639294624328613, 18.713109970092773], [-12.638997077941895, 18.712724685668945], [-12.639163970947266, 18.713003158569336], [-12.639273643493652, 18.713167190551758], [-12.639033317565918, 18.712751388549805], [-12.639273643493652, 18.713212966918945], [-12.639451026916504, 18.71347427368164], [-12.639446258544922, 18.713476181030273], [-12.639455795288086, 18.713577270507812], [-12.639131546020508, 18.713083267211914]]","[1.0, 1.0, 1.0, 1.0, 1.0, 1.0, 1.0, 1.0, 1.0, 1.0, 1.0, 1.0]",aigvd_common1000,0,,1.0,gi3DWHw_Ufs_9_0to127.mp4,F:\MEngDatasets\AIGVDBench\videos\Real\Real\videos\gi3DWHw_Ufs_9_0to127.mp4,test,0,real,Real,,Real,Real,1,False
real_00355,0,"[[-7.823607921600342, 10.289835929870605], [-7.822638034820557, 10.288653373718262], [-7.822366237640381, 10.288357734680176], [-7.820616722106934, 10.286258697509766], [-7.820422649383545, 10.286056518554688], [-7.8199334144592285, 10.285487174987793], [-7.820037841796875, 10.285534858703613], [-7.819953918457031, 10.285430908203125]]","[1.0, 1.0, 1.0, 1.0, 1.0, 1.0, 1.0, 1.0]",aigvd_common1000,0,,1.0,l83gNISH_wE_26_46to148.mp4,F:\MEngDatasets\AIGVDBench\videos\Real\Real\videos\l83gNISH_wE_26_46to148.mp4,test,0,real,Real,,Real,Real,1,False
real_00356,0,"[[-9.146617889404297, 11.934229850769043], [-9.146133422851562, 11.933635711669922], [-9.14584732055664, 11.933292388916016], [-9.145652770996094, 11.933091163635254], [-9.145587921142578, 11.933056831359863], [-9.145465850830078, 11.932894706726074], [-9.145241737365723, 11.932621955871582], [-9.145665168762207, 11.933135986328125], [-9.145966529846191, 11.933516502380371], [-9.146114349365234, 11.933721542358398], [-9.146690368652344, 11.934473991394043], [-9.146956443786621, 11.934846878051758], [-9.14755630493164, 11.935677528381348], [-9.148273468017578, 11.936624526977539], [-9.149070739746094, 11.937603950500488]]","[1.0, 1.0, 1.0, 1.0, 1.0, 1.0, 1.0, 1.0, 1.0, 1.0, 1.0, 1.0, 1.0, 1.0, 1.0]",aigvd_common1000,0,,1.0,31XudeRs0cI_66_0to150.mp4,F:\MEngDatasets\AIGVDBench\videos\Real\Real\videos\31XudeRs0cI_66_0to150.mp4,test,0,real,Real,,Real,Real,1,False
real_00357,0,"[[-0.781554102897644, 2.0696189403533936], [-0.7815722227096558, 2.069699764251709], [-0.7814216613769531, 2.069448709487915], [-0.7814154028892517, 2.0694758892059326], [-0.7813869118690491, 2.0694122314453125], [-0.781497597694397, 2.0695908069610596], [-0.7814161777496338, 2.0694475173950195], [-0.781268835067749, 2.069197416305542], [-0.7812560200691223, 2.0691537857055664], [-0.7812132835388184, 2.0690436363220215], [-0.7812719941139221, 2.069164991378784], [-0.7813277244567871, 2.0692617893218994]]","[0.9453792572021484, 0.9453844428062439, 0.9453637003898621, 0.9453647136688232, 0.9453599452972412, 0.9453749656677246, 0.9453633427619934, 0.9453427791595459, 0.9453397989273071, 0.9453319311141968, 0.9453412890434265, 0.9453491568565369]",aigvd_common1000,0,,0.9453844428062439,WRQ-RSNImIM_3_0to123.mp4,F:\MEngDatasets\AIGVDBench\videos\Real\Real\videos\WRQ-RSNImIM_3_0to123.mp4,test,0,real,Real,,Real,Real,1,False
real_00358,0,"[[-9.830619812011719, 11.769103050231934], [-9.83067512512207, 11.769243240356445], [-9.83094596862793, 11.769625663757324], [-9.83106517791748, 11.769769668579102], [-9.830781936645508, 11.769376754760742], [-9.830794334411621, 11.769423484802246], [-9.830953598022461, 11.76968002319336], [-9.830443382263184, 11.768927574157715], [-9.830201148986816, 11.76858901977539], [-9.830571174621582, 11.769116401672363], [-9.830826759338379, 11.769540786743164], [-9.830769538879395, 11.769420623779297]]","[1.0, 1.0, 1.0, 1.0, 1.0, 1.0, 1.0, 1.0, 1.0, 1.0, 1.0, 1.0]",aigvd_common1000,0,,1.0,9XyuVIYcDvg_77_0to148.mp4,F:\MEngDatasets\AIGVDBench\videos\Real\Real\videos\9XyuVIYcDvg_77_0to148.mp4,test,0,real,Real,,Real,Real,1,False
real_00359,0,"[[-11.499290466308594, 15.341728210449219], [-11.499028205871582, 15.341352462768555], [-11.49930191040039, 15.341941833496094], [-11.499452590942383, 15.3422212600708], [-11.49950885772705, 15.342432022094727], [-11.499649047851562, 15.342852592468262], [-11.499311447143555, 15.342209815979004], [-11.499641418457031, 15.342835426330566], [-11.500046730041504, 15.343483924865723], [-11.500313758850098, 15.343838691711426], [-11.500351905822754, 15.343698501586914], [-11.500166893005371, 15.343304634094238], [-11.500323295593262, 15.34365463256836]]","[1.0, 1.0, 1.0, 1.0, 1.0, 1.0, 1.0, 1.0, 1.0, 1.0, 1.0, 1.0, 1.0]",aigvd_common1000,0,,1.0,OFGnDcLXfo0_4_0to137.mp4,F:\MEngDatasets\AIGVDBench\videos\Real\Real\videos\OFGnDcLXfo0_4_0to137.mp4,test,0,real,Real,,Real,Real,1,False
real_00360,0,"[[-17.87619972229004, 23.53487777709961], [-17.875486373901367, 23.53374671936035], [-17.876298904418945, 23.53498649597168], [-17.875669479370117, 23.534225463867188], [-17.87575340270996, 23.53436279296875], [-17.876487731933594, 23.535263061523438], [-17.874074935913086, 23.531841278076172], [-17.873685836791992, 23.531291961669922], [-17.87513542175293, 23.533578872680664], [-17.87687873840332, 23.535669326782227], [-17.876117706298828, 23.53455924987793]]","[1.0, 1.0, 1.0, 1.0, 1.0, 1.0, 1.0, 1.0, 1.0, 1.0, 1.0]",aigvd_common1000,0,,1.0,26oLlN0r43Y_23_0to113.mp4,F:\MEngDatasets\AIGVDBench\videos\Real\Real\videos\26oLlN0r43Y_23_0to113.mp4,test,0,real,Real,,Real,Real,1,False
real_00361,0,"[[-6.552997589111328, 8.068896293640137], [-6.553134441375732, 8.069016456604004], [-6.553773880004883, 8.069719314575195], [-6.5554022789001465, 8.071438789367676], [-6.555724143981934, 8.071773529052734], [-6.555934429168701, 8.072004318237305], [-6.555970191955566, 8.072044372558594], [-6.555838108062744, 8.071901321411133], [-6.555588722229004, 8.071633338928223], [-6.555357933044434, 8.071390151977539], [-6.555294513702393, 8.071324348449707], [-6.5550384521484375, 8.071049690246582], [-6.554930210113525, 8.070940971374512], [-6.554607391357422, 8.070596694946289], [-6.554661273956299, 8.070656776428223]]","[0.9999995231628418, 0.9999995231628418, 0.9999995231628418, 0.9999995231628418, 0.9999995231628418, 0.9999995231628418, 0.9999995231628418, 0.9999995231628418, 0.9999995231628418, 0.9999995231628418, 0.9999995231628418, 0.9999995231628418, 0.9999995231628418, 0.9999995231628418, 0.9999995231628418]",aigvd_common1000,0,,0.9999995231628418,Twqwaglkj0w_18_129to303.mp4,F:\MEngDatasets\AIGVDBench\videos\Real\Real\videos\Twqwaglkj0w_18_129to303.mp4,test,0,real,Real,,Real,Real,1,False
real_00362,0,"[[-8.185209274291992, 11.145646095275879], [-8.18545913696289, 11.14593505859375], [-8.185320854187012, 11.145772933959961], [-8.185044288635254, 11.14540958404541], [-8.184599876403809, 11.144753456115723], [-8.183960914611816, 11.143814086914062], [-8.183923721313477, 11.143749237060547], [-8.184248924255371, 11.14420223236084], [-8.183512687683105, 11.143256187438965], [-8.183996200561523, 11.1438627243042], [-8.183341026306152, 11.142956733703613], [-8.183337211608887, 11.142931938171387], [-8.183448791503906, 11.143095970153809], [-8.183815956115723, 11.143610954284668], [-8.183511734008789, 11.143220901489258], [-8.183409690856934, 11.143092155456543], [-8.183832168579102, 11.143656730651855], [-8.18425178527832, 11.144229888916016], [-8.183785438537598, 11.143638610839844], [-8.184191703796387, 11.144150733947754], [-11.71714973449707, 14.91910457611084], [-11.717180252075195, 14.919107437133789], [-11.717316627502441, 14.919387817382812], [-11.7174654006958, 14.919675827026367], [-11.717127799987793, 14.919209480285645], [-11.717204093933105, 14.919390678405762], [-11.717270851135254, 14.91936206817627]]","[1.0, 1.0, 1.0, 1.0, 1.0, 1.0, 1.0, 1.0, 1.0, 1.0, 1.0, 1.0, 1.0, 1.0, 1.0, 1.0, 1.0, 1.0, 1.0, 1.0, 1.0, 1.0, 1.0, 1.0, 1.0, 1.0, 1.0]",aigvd_common1000,0,,1.0,Rl9aNRRRLes_0_0to270.mp4,F:\MEngDatasets\AIGVDBench\videos\Real\Real\videos\Rl9aNRRRLes_0_0to270.mp4,test,0,real,Real,,Real,Real,1,False
real_00363,0,"[[-8.94960880279541, 12.910585403442383], [-8.949084281921387, 12.909723281860352], [-8.947856903076172, 12.907519340515137], [-8.947846412658691, 12.907251358032227], [-8.947797775268555, 12.907057762145996], [-8.947892189025879, 12.907238006591797], [-8.947880744934082, 12.907563209533691], [-8.94803524017334, 12.907858848571777], [-8.945760726928711, 12.903200149536133], [-8.947598457336426, 12.906564712524414], [-8.948705673217773, 12.908783912658691], [-8.948561668395996, 12.908598899841309], [-8.948487281799316, 12.908336639404297], [-8.948064804077148, 12.90761661529541], [-8.948221206665039, 12.907905578613281], [-8.948335647583008, 12.908099174499512], [-8.947722434997559, 12.906851768493652], [-8.948256492614746, 12.907336235046387], [-8.948772430419922, 12.908333778381348], [-8.948928833007812, 12.909067153930664], [-9.31083869934082, 11.94176197052002], [-9.310521125793457, 11.9413423538208], [-9.310523986816406, 11.941364288330078], [-9.310440063476562, 11.941254615783691], [-9.31040096282959, 11.941215515136719], [-9.310820579528809, 11.941821098327637], [-9.31194019317627, 11.943465232849121], [-9.312119483947754, 11.943720817565918], [-9.311938285827637, 11.943479537963867], [-9.31190013885498, 11.943413734436035], [-9.311949729919434, 11.9434814453125], [-9.311717987060547, 11.943168640136719], [-9.3114595413208, 11.942798614501953], [-9.31154727935791, 11.942914962768555], [-9.311176300048828, 11.942378044128418], [-9.311722755432129, 11.943158149719238], [-9.31195068359375, 11.943488121032715], [-9.311785697937012, 11.943249702453613], [-9.311980247497559, 11.943512916564941]]","[1.0, 1.0, 1.0, 1.0, 1.0, 1.0, 1.0, 1.0, 1.0, 1.0, 1.0, 1.0, 1.0, 1.0, 1.0, 1.0, 1.0, 1.0, 1.0, 1.0, 1.0, 1.0, 1.0, 1.0, 1.0, 1.0, 1.0, 1.0, 1.0, 1.0, 1.0, 1.0, 1.0, 1.0, 1.0, 1.0, 1.0, 1.0, 1.0]",aigvd_common1000,0,,1.0,lf6pex8dvzY_4_59to474.mp4,F:\MEngDatasets\AIGVDBench\videos\Real\Real\videos\lf6pex8dvzY_4_59to474.mp4,test,0,real,Real,,Real,Real,1,False
real_00364,0,"[[-6.268028736114502, 8.231559753417969], [-6.268312454223633, 8.23205280303955], [-6.267971992492676, 8.231521606445312], [-6.267670631408691, 8.23101806640625], [-6.267444133758545, 8.230708122253418], [-6.267602920532227, 8.230905532836914], [-6.268072128295898, 8.231651306152344], [-6.268353462219238, 8.232158660888672], [-6.26826286315918, 8.232032775878906], [-6.268144607543945, 8.231853485107422], [-6.268238544464111, 8.232030868530273], [-6.267976760864258, 8.231636047363281], [-6.267961025238037, 8.23157787322998], [-6.268269062042236, 8.232002258300781]]","[0.9999995231628418, 0.9999995231628418, 0.9999995231628418, 0.9999995231628418, 0.9999995231628418, 0.9999995231628418, 0.9999995231628418, 0.9999995231628418, 0.9999995231628418, 0.9999995231628418, 0.9999995231628418, 0.9999995231628418, 0.9999995231628418, 0.9999995231628418]",aigvd_common1000,0,,0.9999995231628418,0xqq0sCP5zw_31_0to146.mp4,F:\MEngDatasets\AIGVDBench\videos\Real\Real\videos\0xqq0sCP5zw_31_0to146.mp4,test,0,real,Real,,Real,Real,1,False
real_00365,0,"[[-9.031004905700684, 9.769351959228516], [-9.031005859375, 9.769352912902832], [-9.031000137329102, 9.76934814453125], [-9.030925750732422, 9.769274711608887], [-9.030940055847168, 9.76928997039795], [-9.03097915649414, 9.769328117370605], [-9.030957221984863, 9.769305229187012], [-9.030969619750977, 9.769317626953125], [-9.030989646911621, 9.76933765411377], [-9.031037330627441, 9.769383430480957], [-9.030972480773926, 9.769322395324707], [-9.030998229980469, 9.7693452835083], [-9.030927658081055, 9.769277572631836], [-9.03103256225586, 9.769379615783691], [-9.030950546264648, 9.769301414489746], [-9.030919075012207, 9.769269943237305], [-9.030933380126953, 9.769285202026367], [-9.030987739562988, 9.76933765411377], [-9.030908584594727, 9.76926040649414]]","[1.0, 1.0, 1.0, 1.0, 1.0, 1.0, 1.0, 1.0, 1.0, 1.0, 1.0, 1.0, 1.0, 1.0, 1.0, 1.0, 1.0, 1.0, 1.0]",aigvd_common1000,0,,1.0,m7V1i3jhomo_105_0to194.mp4,F:\MEngDatasets\AIGVDBench\videos\Real\Real\videos\m7V1i3jhomo_105_0to194.mp4,test,0,real,Real,,Real,Real,1,False
real_00366,0,"[[-17.113210678100586, 20.419048309326172], [-17.112821578979492, 20.41829490661621], [-17.11492156982422, 20.421804428100586], [-17.11568832397461, 20.42382049560547], [-17.117103576660156, 20.426359176635742], [-17.115636825561523, 20.423490524291992], [-17.113842010498047, 20.41978645324707], [-17.113555908203125, 20.419771194458008], [-17.11598777770996, 20.424318313598633]]","[1.0, 1.0, 1.0, 1.0, 1.0, 1.0, 1.0, 1.0, 1.0]",aigvd_common1000,0,,1.0,3dD02kCEhsc_18_107to226.mp4,F:\MEngDatasets\AIGVDBench\videos\Real\Real\videos\3dD02kCEhsc_18_107to226.mp4,test,0,real,Real,,Real,Real,1,False
real_00367,0,"[[-8.89414119720459, 12.294915199279785], [-8.894043922424316, 12.2946195602417], [-8.893588066101074, 12.293835639953613], [-8.89240837097168, 12.292028427124023], [-8.89261245727539, 12.292155265808105], [-8.89292049407959, 12.292705535888672], [-8.892906188964844, 12.292908668518066], [-8.893240928649902, 12.293646812438965], [-8.893914222717285, 12.294929504394531], [-8.894164085388184, 12.29526424407959], [-8.89400577545166, 12.295012474060059], [-8.894139289855957, 12.295248985290527], [-8.894238471984863, 12.29545783996582], [-8.894100189208984, 12.295345306396484], [-8.894570350646973, 12.296117782592773], [-8.894805908203125, 12.29653263092041], [-8.89525318145752, 12.297202110290527], [-8.895694732666016, 12.297782897949219], [-8.896231651306152, 12.298547744750977], [-8.896008491516113, 12.29811954498291], [-16.551713943481445, 22.590133666992188], [-16.551706314086914, 22.589921951293945], [-16.551414489746094, 22.5905704498291], [-16.551610946655273, 22.591060638427734], [-16.551483154296875, 22.590925216674805], [-16.551651000976562, 22.591400146484375], [-16.551027297973633, 22.589967727661133], [-16.5508975982666, 22.5897274017334], [-16.551807403564453, 22.591543197631836]]","[1.0, 1.0, 1.0, 1.0, 1.0, 1.0, 1.0, 1.0, 1.0, 1.0, 1.0, 1.0, 1.0, 1.0, 1.0, 1.0, 1.0, 1.0, 1.0, 1.0, 1.0, 1.0, 1.0, 1.0, 1.0, 1.0, 1.0, 1.0, 1.0]",aigvd_common1000,0,,1.0,Nkbw67bFRXo_10_30to345.mp4,F:\MEngDatasets\AIGVDBench\videos\Real\Real\videos\Nkbw67bFRXo_10_30to345.mp4,test,0,real,Real,,Real,Real,1,False
real_00368,0,"[[-12.742338180541992, 17.29085350036621], [-12.743271827697754, 17.292089462280273], [-12.742877960205078, 17.29157257080078], [-12.743204116821289, 17.292110443115234], [-12.742493629455566, 17.291072845458984], [-12.741814613342285, 17.29018211364746], [-12.7423677444458, 17.290882110595703], [-12.742644309997559, 17.29123878479004], [-12.742057800292969, 17.290433883666992], [-12.742250442504883, 17.29072380065918], [-12.742209434509277, 17.290712356567383], [-12.742080688476562, 17.29054832458496], [-12.741583824157715, 17.28974151611328], [-12.741973876953125, 17.290443420410156]]","[1.0, 1.0, 1.0, 1.0, 1.0, 1.0, 1.0, 1.0, 1.0, 1.0, 1.0, 1.0, 1.0, 1.0]",aigvd_common1000,0,,1.0,Y7qCpUrDv1Y_45_0to163.mp4,F:\MEngDatasets\AIGVDBench\videos\Real\Real\videos\Y7qCpUrDv1Y_45_0to163.mp4,test,0,real,Real,,Real,Real,1,False
real_00369,0,"[[-17.202123641967773, 26.95279884338379], [-17.202869415283203, 26.954328536987305], [-17.202714920043945, 26.953886032104492], [-17.203651428222656, 26.955888748168945], [-17.204448699951172, 26.95752716064453], [-17.203752517700195, 26.956298828125], [-17.202741622924805, 26.9539852142334], [-17.20231819152832, 26.953039169311523], [-17.201549530029297, 26.951509475708008], [-17.201631546020508, 26.951570510864258], [-17.20198631286621, 26.95262336730957], [-17.20286750793457, 26.95417594909668], [-17.20268440246582, 26.953542709350586], [-17.202587127685547, 26.95342254638672], [-17.20296859741211, 26.954208374023438], [-17.203022003173828, 26.95432472229004], [-17.20236587524414, 26.95290756225586], [-17.202922821044922, 26.95440673828125], [-17.203073501586914, 26.954416275024414], [-17.20318603515625, 26.954687118530273], [-12.41049861907959, 16.23356819152832], [-12.410710334777832, 16.233823776245117], [-12.410210609436035, 16.233131408691406], [-12.40947437286377, 16.232208251953125], [-12.40894889831543, 16.231496810913086]]","[1.0, 1.0, 1.0, 1.0, 1.0, 1.0, 1.0, 1.0, 1.0, 1.0, 1.0, 1.0, 1.0, 1.0, 1.0, 1.0, 1.0, 1.0, 1.0, 1.0, 1.0, 1.0, 1.0, 1.0, 1.0]",aigvd_common1000,0,,1.0,vMZFya23iKw_5_24to304.mp4,F:\MEngDatasets\AIGVDBench\videos\Real\Real\videos\vMZFya23iKw_5_24to304.mp4,test,0,real,Real,,Real,Real,1,False
real_00370,0,"[[-5.594764232635498, 7.249109268188477], [-5.594604015350342, 7.248879432678223], [-5.594748497009277, 7.249042510986328], [-5.594837665557861, 7.249216556549072], [-5.594868183135986, 7.249131202697754], [-5.5952582359313965, 7.249896049499512], [-5.59596586227417, 7.250612258911133], [-5.595158576965332, 7.249433517456055], [-5.594963073730469, 7.249264240264893], [-5.595361232757568, 7.249886989593506], [-5.595196723937988, 7.249573230743408], [-5.595386981964111, 7.249843120574951]]","[0.9999973773956299, 0.9999973773956299, 0.9999973773956299, 0.9999973773956299, 0.9999973773956299, 0.9999973773956299, 0.9999973773956299, 0.9999973773956299, 0.9999973773956299, 0.9999973773956299, 0.9999973773956299, 0.9999973773956299]",aigvd_common1000,0,,0.9999973773956299,2v8cSbtddZA_5_0to128.mp4,F:\MEngDatasets\AIGVDBench\videos\Real\Real\videos\2v8cSbtddZA_5_0to128.mp4,test,0,real,Real,,Real,Real,1,False
real_00371,0,"[[-8.00311279296875, 10.52889633178711], [-8.004754066467285, 10.530987739562988], [-8.004585266113281, 10.53075122833252], [-8.00394344329834, 10.529882431030273], [-8.004607200622559, 10.530818939208984], [-8.005014419555664, 10.531338691711426], [-8.003973960876465, 10.529959678649902], [-8.004352569580078, 10.530478477478027], [-8.003891944885254, 10.52981185913086], [-8.005525588989258, 10.531929969787598], [-8.005104064941406, 10.531437873840332]]","[1.0, 1.0, 1.0, 1.0, 1.0, 1.0, 1.0, 1.0, 1.0, 1.0, 1.0]",aigvd_common1000,0,,1.0,lQeVwW6IUH0_81_0to110.mp4,F:\MEngDatasets\AIGVDBench\videos\Real\Real\videos\lQeVwW6IUH0_81_0to110.mp4,test,0,real,Real,,Real,Real,1,False
real_00372,0,"[[-7.487049579620361, 10.750924110412598], [-7.486006736755371, 10.749357223510742], [-7.4869794845581055, 10.750722885131836], [-7.488184928894043, 10.752545356750488], [-7.488710880279541, 10.753268241882324], [-7.488214492797852, 10.752704620361328], [-7.487620830535889, 10.751934051513672], [-7.488966941833496, 10.75357723236084], [-7.488890647888184, 10.75353717803955], [-7.488847255706787, 10.753498077392578], [-7.48862886428833, 10.753231048583984]]","[1.0, 1.0, 1.0, 1.0, 1.0, 1.0, 1.0, 1.0, 1.0, 1.0, 1.0]",aigvd_common1000,0,,1.0,e-cj2KueU0w_57_249to386.mp4,F:\MEngDatasets\AIGVDBench\videos\Real\Real\videos\e-cj2KueU0w_57_249to386.mp4,test,0,real,Real,,Real,Real,1,False
real_00373,0,"[[-8.961769104003906, 11.490081787109375], [-8.962311744689941, 11.490797996520996], [-8.961856842041016, 11.490138053894043], [-8.962188720703125, 11.490567207336426], [-8.96216869354248, 11.490691184997559], [-8.96265983581543, 11.491329193115234], [-8.962279319763184, 11.490813255310059], [-8.962655067443848, 11.491352081298828], [-8.962667465209961, 11.491410255432129], [-8.963193893432617, 11.492094039916992], [-8.962535858154297, 11.491229057312012], [-8.962485313415527, 11.491186141967773], [-8.96220588684082, 11.490777969360352], [-8.962400436401367, 11.491066932678223], [-8.962590217590332, 11.491283416748047]]","[1.0, 1.0, 1.0, 1.0, 1.0, 1.0, 1.0, 1.0, 1.0, 1.0, 1.0, 1.0, 1.0, 1.0, 1.0]",aigvd_common1000,0,,1.0,csvw7Azxbf4_13_0to151.mp4,F:\MEngDatasets\AIGVDBench\videos\Real\Real\videos\csvw7Azxbf4_13_0to151.mp4,test,0,real,Real,,Real,Real,1,False
real_00374,0,"[[-15.07702922821045, 20.02408218383789], [-15.076778411865234, 20.02379608154297], [-15.076445579528809, 20.023347854614258], [-15.07630729675293, 20.02314567565918], [-15.076263427734375, 20.0230770111084], [-15.076226234436035, 20.023025512695312], [-15.076257705688477, 20.02307891845703], [-15.076265335083008, 20.02309226989746], [-15.076295852661133, 20.02313804626465], [-15.076410293579102, 20.02330780029297], [-15.076468467712402, 20.0233211517334]]","[1.0, 1.0, 1.0, 1.0, 1.0, 1.0, 1.0, 1.0, 1.0, 1.0, 1.0]",aigvd_common1000,0,,1.0,y_4S3juFS3I_61_0to115.mp4,F:\MEngDatasets\AIGVDBench\videos\Real\Real\videos\y_4S3juFS3I_61_0to115.mp4,test,0,real,Real,,Real,Real,1,False
real_00375,0,"[[-13.880293846130371, 19.295244216918945], [-13.881121635437012, 19.297115325927734], [-13.880899429321289, 19.296524047851562], [-13.880650520324707, 19.29609489440918], [-13.881010055541992, 19.29679298400879], [-13.880916595458984, 19.296724319458008], [-13.880495071411133, 19.295804977416992], [-13.879862785339355, 19.29461669921875], [-13.879914283752441, 19.294815063476562], [-13.879061698913574, 19.29328727722168], [-13.878649711608887, 19.292675018310547], [-13.878138542175293, 19.29179573059082], [-13.878230094909668, 19.29195785522461], [-13.878314971923828, 19.292036056518555]]","[1.0, 1.0, 1.0, 1.0, 1.0, 1.0, 1.0, 1.0, 1.0, 1.0, 1.0, 1.0, 1.0, 1.0]",aigvd_common1000,0,,1.0,3NzWDC2xIx8_8_0to140.mp4,F:\MEngDatasets\AIGVDBench\videos\Real\Real\videos\3NzWDC2xIx8_8_0to140.mp4,test,0,real,Real,,Real,Real,1,False
real_00376,0,"[[-5.651587963104248, 7.470256328582764], [-5.652347564697266, 7.471295356750488], [-5.652482986450195, 7.471497535705566], [-5.652435302734375, 7.471407413482666], [-5.652824878692627, 7.471871852874756], [-5.652273654937744, 7.47115421295166], [-5.651950836181641, 7.470705986022949], [-5.652037143707275, 7.470823764801025], [-5.651998043060303, 7.47080135345459], [-5.6517815589904785, 7.470541954040527], [-5.651284694671631, 7.469845294952393], [-5.650921821594238, 7.4693450927734375], [-5.651291847229004, 7.469839572906494], [-5.65089225769043, 7.469295024871826], [-5.650786876678467, 7.469150066375732]]","[0.9999979734420776, 0.9999979734420776, 0.9999979734420776, 0.9999979734420776, 0.9999979734420776, 0.9999979734420776, 0.9999979734420776, 0.9999979734420776, 0.9999979734420776, 0.9999979734420776, 0.9999979734420776, 0.9999979734420776, 0.9999979734420776, 0.9999979734420776, 0.9999979734420776]",aigvd_common1000,0,,0.9999979734420776,tAyqv7qX1BA_109_0to153.mp4,F:\MEngDatasets\AIGVDBench\videos\Real\Real\videos\tAyqv7qX1BA_109_0to153.mp4,test,0,real,Real,,Real,Real,1,False
real_00377,0,"[[1.1907635927200317, -0.6452059745788574], [1.1907379627227783, -0.6451811194419861], [1.1906497478485107, -0.6450887322425842], [1.1918138265609741, -0.6463733315467834], [1.192238450050354, -0.646835446357727], [1.1920807361602783, -0.6466442346572876], [1.1920312643051147, -0.6465897560119629], [1.1919500827789307, -0.6465156674385071], [1.1921051740646362, -0.6466842293739319], [1.1919386386871338, -0.646514892578125], [1.1919893026351929, -0.6465774178504944], [1.1922932863235474, -0.64689701795578], [1.1923549175262451, -0.6469833254814148], [1.192180871963501, -0.6468069553375244], [1.1922671794891357, -0.6469203233718872], [1.1921496391296387, -0.6467939615249634], [1.1920639276504517, -0.6467084884643555], [1.1908684968948364, -0.645438015460968], [1.1908433437347412, -0.6454072594642639], [1.1908397674560547, -0.6454090476036072], [-4.292788505554199, 5.934557914733887], [-4.292551517486572, 5.934301376342773], [-4.290003776550293, 5.931321144104004], [-4.29079008102417, 5.932269096374512], [-4.290945053100586, 5.932521820068359], [-4.289997100830078, 5.931417465209961], [-4.289735794067383, 5.931126594543457], [-4.290152072906494, 5.931638717651367], [-4.290651321411133, 5.932266712188721], [-4.290853023529053, 5.932527542114258], [-4.290746212005615, 5.932334899902344], [-4.290900230407715, 5.932488918304443], [-4.290447235107422, 5.931931495666504], [-4.289854526519775, 5.93123722076416], [-4.289740085601807, 5.931098937988281], [-4.290790557861328, 5.93229341506958], [-4.290185928344727, 5.931621074676514], [-4.291092395782471, 5.932723045349121], [-4.291290760040283, 5.932961940765381], [-4.290904998779297, 5.932498931884766]]","[0.137528657913208, 0.13753464818000793, 0.1375560760498047, 0.13726584613323212, 0.13716085255146027, 0.1372021585702896, 0.13721446692943573, 0.13723284006118774, 0.13719452917575836, 0.13723430037498474, 0.13722087442874908, 0.13714709877967834, 0.13712957501411438, 0.13717104494571686, 0.13714741170406342, 0.1371762752532959, 0.13719652593135834, 0.13748867809772491, 0.13749535381793976, 0.13749553263187408, 0.9999638795852661, 0.9999637603759766, 0.999963641166687, 0.999963641166687, 0.999963641166687, 0.999963641166687, 0.999963641166687, 0.999963641166687, 0.999963641166687, 0.999963641166687, 0.999963641166687, 0.999963641166687, 0.999963641166687, 0.999963641166687, 0.999963641166687, 0.999963641166687, 0.999963641166687, 0.9999637603759766, 0.9999637603759766, 0.999963641166687]",aigvd_common1000,0,,0.13753464818000793,hgpqnWcv7uw_71_19to447.mp4,F:\MEngDatasets\AIGVDBench\videos\Real\Real\videos\hgpqnWcv7uw_71_19to447.mp4,test,0,real,Real,,Real,Real,0,True
real_00378,0,"[[-8.151862144470215, 10.546137809753418], [-8.151701927185059, 10.545917510986328], [-8.151658058166504, 10.545863151550293], [-8.151905059814453, 10.546221733093262], [-8.151945114135742, 10.546293258666992], [-8.152017593383789, 10.546392440795898], [-8.152027130126953, 10.546411514282227], [-8.152061462402344, 10.546462059020996], [-8.152044296264648, 10.546428680419922], [-8.15202808380127, 10.546402931213379]]","[1.0, 1.0, 1.0, 1.0, 1.0, 1.0, 1.0, 1.0, 1.0, 1.0]",aigvd_common1000,0,,1.0,J1lBHGzqoQA_13_0to102.mp4,F:\MEngDatasets\AIGVDBench\videos\Real\Real\videos\J1lBHGzqoQA_13_0to102.mp4,test,0,real,Real,,Real,Real,1,False
real_00379,0,"[[-16.04239273071289, 21.629077911376953], [-16.042490005493164, 21.629220962524414], [-16.042688369750977, 21.62950897216797], [-16.042787551879883, 21.629663467407227], [-16.042736053466797, 21.629613876342773], [-16.042503356933594, 21.629276275634766], [-16.04254913330078, 21.629364013671875], [-16.04267692565918, 21.629587173461914]]","[1.0, 1.0, 1.0, 1.0, 1.0, 1.0, 1.0, 1.0]",aigvd_common1000,0,,1.0,ENIw1quFhGc_24_29to136.mp4,F:\MEngDatasets\AIGVDBench\videos\Real\Real\videos\ENIw1quFhGc_24_29to136.mp4,test,0,real,Real,,Real,Real,1,False
real_00380,0,"[[7.827731609344482, -9.642827033996582], [7.827803611755371, -9.642863273620605], [7.827905178070068, -9.64291000366211], [7.82798433303833, -9.642938613891602], [7.828094005584717, -9.6430025100708], [7.828129291534424, -9.643021583557129], [7.828117847442627, -9.643014907836914], [7.828006267547607, -9.642923355102539], [7.827918529510498, -9.642865180969238], [7.827958106994629, -9.64289379119873], [7.827951431274414, -9.642904281616211], [7.827990531921387, -9.642908096313477], [7.827752113342285, -9.642765045166016], [7.827513694763184, -9.642658233642578], [7.827753067016602, -9.64279556274414], [7.827774524688721, -9.642806053161621], [7.827764987945557, -9.642806053161621], [7.827642440795898, -9.642735481262207], [7.8275933265686035, -9.64271354675293], [7.827608585357666, -9.64273452758789], [7.4702582359313965, -8.063002586364746], [7.470623970031738, -8.06319522857666], [7.470755100250244, -8.063247680664062], [7.470940589904785, -8.063315391540527], [7.470851421356201, -8.063240051269531], [7.470963001251221, -8.06328010559082], [7.471275329589844, -8.063422203063965], [7.471146583557129, -8.063403129577637]]","[2.5860265040478225e-08, 2.5857456620315133e-08, 2.5853609031400993e-08, 2.5850846796515725e-08, 2.584636149549624e-08, 2.5844929751883683e-08, 2.5845423579085036e-08, 2.5850649620906552e-08, 2.585444569547235e-08, 2.585267111498979e-08, 2.5852571639006783e-08, 2.5851489837691588e-08, 2.58613503945071e-08, 2.58702321787041e-08, 2.586051373043574e-08, 2.5859673513650705e-08, 2.585992220360822e-08, 2.58649031081859e-08, 2.5866777164651467e-08, 2.5865841024597103e-08, 1.7946949526503886e-07, 1.793692234741684e-07, 1.7933638218892156e-07, 1.7929090745383292e-07, 1.7932030971223867e-07, 1.7929328066657035e-07, 1.7921175299306924e-07, 1.7923824202625838e-07]",aigvd_common1000,0,,2.5857456620315133e-08,lK9ytBrA5Bs_11_0to281.mp4,F:\MEngDatasets\AIGVDBench\videos\Real\Real\videos\lK9ytBrA5Bs_11_0to281.mp4,test,0,real,Real,,Real,Real,0,True
real_00381,0,"[[-15.807621955871582, 21.263710021972656], [-15.807698249816895, 21.2640323638916], [-15.807730674743652, 21.2641658782959], [-15.806922912597656, 21.262922286987305], [-15.8074951171875, 21.26360511779785], [-15.807494163513184, 21.26377296447754], [-15.807226181030273, 21.263235092163086], [-15.807839393615723, 21.264144897460938], [-15.808220863342285, 21.264713287353516], [-15.80767822265625, 21.263561248779297], [-15.807572364807129, 21.263322830200195], [-15.807621002197266, 21.26324462890625], [-15.806899070739746, 21.261932373046875], [-15.807103157043457, 21.26241111755371], [-15.807278633117676, 21.262996673583984], [-15.807456970214844, 21.263357162475586], [-15.807650566101074, 21.263639450073242], [-15.807498931884766, 21.263336181640625], [-15.807523727416992, 21.263338088989258], [-15.807811737060547, 21.264585494995117], [-15.677742958068848, 19.93655014038086], [-15.676706314086914, 19.93522834777832], [-15.674947738647461, 19.933229446411133], [-15.676591873168945, 19.935102462768555], [-15.680705070495605, 19.939512252807617], [-15.677935600280762, 19.93641471862793], [-15.67711353302002, 19.935606002807617], [-15.678168296813965, 19.93680763244629], [-15.678181648254395, 19.9367618560791], [-15.678505897521973, 19.937040328979492], [-15.679017066955566, 19.937833786010742], [-15.675517082214355, 19.933883666992188], [-15.677718162536621, 19.936389923095703], [-15.678956031799316, 19.93782615661621], [-15.678534507751465, 19.93733787536621], [-15.677846908569336, 19.936603546142578], [-15.677240371704102, 19.93593406677246], [-15.67776870727539, 19.93654441833496], [-15.675773620605469, 19.934232711791992], [-15.678627967834473, 19.937360763549805], [-25.966188430786133, 32.84102249145508], [-25.96683120727539, 32.841800689697266], [-25.96489906311035, 32.83930969238281], [-25.964984893798828, 32.839324951171875], [-25.964435577392578, 32.83852005004883], [-25.963376998901367, 32.837074279785156], [-25.96384048461914, 32.837955474853516], [-25.964191436767578, 32.838497161865234], [-25.96498680114746, 32.839378356933594], [-25.964902877807617, 32.83942413330078], [-25.965240478515625, 32.84006881713867], [-25.96446990966797, 32.83893585205078], [-25.964874267578125, 32.8394660949707], [-25.964824676513672, 32.83914566040039], [-25.96464729309082, 32.83888626098633], [-25.964630126953125, 32.838932037353516], [-25.964519500732422, 32.83879089355469], [-25.964344024658203, 32.83857345581055], [-25.9644832611084, 32.8387451171875], [-25.964147567749023, 32.8382453918457], [-15.042489051818848, 18.8687686920166], [-15.042479515075684, 18.868703842163086], [-15.042838096618652, 18.869182586669922], [-15.042943954467773, 18.8693790435791], [-15.042749404907227, 18.869117736816406]]","[1.0, 1.0, 1.0, 1.0, 1.0, 1.0, 1.0, 1.0, 1.0, 1.0, 1.0, 1.0, 1.0, 1.0, 1.0, 1.0, 1.0, 1.0, 1.0, 1.0, 1.0, 1.0, 1.0, 1.0, 1.0, 1.0, 1.0, 1.0, 1.0, 1.0, 1.0, 1.0, 1.0, 1.0, 1.0, 1.0, 1.0, 1.0, 1.0, 1.0, 1.0, 1.0, 1.0, 1.0, 1.0, 1.0, 1.0, 1.0, 1.0, 1.0, 1.0, 1.0, 1.0, 1.0, 1.0, 1.0, 1.0, 1.0, 1.0, 1.0, 1.0, 1.0, 1.0, 1.0, 1.0]",aigvd_common1000,0,,1.0,r_nOiEVkhGM_6_64to735.mp4,F:\MEngDatasets\AIGVDBench\videos\Real\Real\videos\r_nOiEVkhGM_6_64to735.mp4,test,0,real,Real,,Real,Real,1,False
real_00382,0,"[[-14.942172050476074, 16.868412017822266], [-14.941986083984375, 16.868160247802734], [-14.941548347473145, 16.867645263671875], [-14.941509246826172, 16.867576599121094], [-14.942887306213379, 16.869077682495117], [-14.941751480102539, 16.867773056030273], [-14.941657066345215, 16.86766815185547], [-14.94080924987793, 16.866622924804688], [-14.939871788024902, 16.865585327148438], [-14.939160346984863, 16.86495590209961], [-14.939005851745605, 16.86473274230957], [-14.938347816467285, 16.863969802856445], [-14.938158988952637, 16.863759994506836], [-14.939153671264648, 16.864896774291992]]","[1.0, 1.0, 1.0, 1.0, 1.0, 1.0, 1.0, 1.0, 1.0, 1.0, 1.0, 1.0, 1.0, 1.0]",aigvd_common1000,0,,1.0,nDbgFCWpnNk_3_43to204.mp4,F:\MEngDatasets\AIGVDBench\videos\Real\Real\videos\nDbgFCWpnNk_3_43to204.mp4,test,0,real,Real,,Real,Real,1,False
real_00383,0,"[[-5.480652332305908, 6.725401878356934], [-5.480804443359375, 6.725593566894531], [-5.4810566902160645, 6.725895404815674], [-5.480596542358398, 6.725305557250977], [-5.480555057525635, 6.72523307800293], [-5.480785846710205, 6.725505352020264], [-5.481327056884766, 6.726212024688721], [-5.481411457061768, 6.726326942443848], [-5.481647968292236, 6.726651191711426], [-5.481751918792725, 6.726815223693848], [-5.481788635253906, 6.726868629455566], [-5.481832981109619, 6.72697639465332], [-5.4824137687683105, 6.727738857269287], [-5.484267711639404, 6.730013370513916], [-5.483371257781982, 6.728880882263184], [-5.484771728515625, 6.730600357055664], [-5.484288215637207, 6.729990482330322], [-5.483959674835205, 6.729584693908691], [-5.484084606170654, 6.729731559753418], [-5.484256267547607, 6.729931831359863], [-14.068157196044922, 17.72107696533203], [-14.066890716552734, 17.71918296813965], [-14.067331314086914, 17.719860076904297], [-14.066895484924316, 17.71906852722168], [-14.067015647888184, 17.719215393066406], [-14.066825866699219, 17.718929290771484]]","[0.9999949932098389, 0.9999949932098389, 0.9999949932098389, 0.9999949932098389, 0.9999949932098389, 0.9999949932098389, 0.9999949932098389, 0.9999949932098389, 0.9999949932098389, 0.9999949932098389, 0.9999949932098389, 0.9999949932098389, 0.9999949932098389, 0.9999949932098389, 0.9999949932098389, 0.9999949932098389, 0.9999949932098389, 0.9999949932098389, 0.9999949932098389, 0.9999949932098389, 1.0, 1.0, 1.0, 1.0, 1.0, 1.0]",aigvd_common1000,0,,0.9999949932098389,wylDl_NBMMk_3_0to262.mp4,F:\MEngDatasets\AIGVDBench\videos\Real\Real\videos\wylDl_NBMMk_3_0to262.mp4,test,0,real,Real,,Real,Real,1,False
real_00384,0,"[[-1.6897485256195068, 2.787412166595459], [-1.689584732055664, 2.7871789932250977], [-1.6898126602172852, 2.787472724914551], [-1.688859224319458, 2.786214828491211], [-1.6884968280792236, 2.7857348918914795], [-1.688585877418518, 2.7858238220214844], [-1.6886482238769531, 2.7858831882476807], [-1.6895948648452759, 2.787234306335449], [-1.6895520687103271, 2.787144422531128], [-1.6896685361862183, 2.787277936935425], [-1.690469741821289, 2.788262128829956], [-1.6893141269683838, 2.78662109375], [-1.689115285873413, 2.7863359451293945], [-1.689329743385315, 2.786655902862549], [-1.6897746324539185, 2.7872986793518066], [-1.6896986961364746, 2.7872085571289062], [-1.6900303363800049, 2.7876698970794678]]","[0.9887620806694031, 0.9887576699256897, 0.9887634515762329, 0.9887388944625854, 0.9887294173240662, 0.9887314438819885, 0.9887328147888184, 0.9887583255767822, 0.9887569546699524, 0.9887597560882568, 0.9887795448303223, 0.9887484312057495, 0.9887430667877197, 0.9887490272521973, 0.9887611269950867, 0.9887592792510986, 0.9887681603431702]",aigvd_common1000,0,,0.9887576699256897,NPg_pFZLago_38_0to177.mp4,F:\MEngDatasets\AIGVDBench\videos\Real\Real\videos\NPg_pFZLago_38_0to177.mp4,test,0,real,Real,,Real,Real,1,False
real_00385,0,"[[-3.6342713832855225, 4.936267852783203], [-3.63434100151062, 4.936371326446533], [-3.6343016624450684, 4.9363226890563965], [-3.6341359615325928, 4.936062335968018], [-3.63407301902771, 4.935995578765869], [-3.6341845989227295, 4.936189651489258], [-3.6342039108276367, 4.9362406730651855], [-3.6339898109436035, 4.935886859893799], [-3.6340410709381104, 4.935939788818359], [-3.6340417861938477, 4.9359660148620605]]","[0.9998103976249695, 0.999810516834259, 0.999810516834259, 0.9998103976249695, 0.9998103976249695, 0.9998103976249695, 0.9998103976249695, 0.9998102784156799, 0.9998103976249695, 0.9998103976249695]",aigvd_common1000,0,,0.999810516834259,a5tU973I35w_0_0to109.mp4,F:\MEngDatasets\AIGVDBench\videos\Real\Real\videos\a5tU973I35w_0_0to109.mp4,test,0,real,Real,,Real,Real,1,False
real_00386,0,"[[-14.281424522399902, 18.019563674926758], [-14.282068252563477, 18.020639419555664], [-14.281786918640137, 18.0194091796875], [-14.282014846801758, 18.0198917388916], [-14.281913757324219, 18.019826889038086], [-14.281962394714355, 18.01984214782715], [-14.282211303710938, 18.020252227783203], [-14.282190322875977, 18.02035903930664], [-14.280896186828613, 18.018508911132812], [-14.281285285949707, 18.018346786499023], [-14.280932426452637, 18.017822265625], [-14.281304359436035, 18.018800735473633], [-14.281384468078613, 18.019018173217773], [-14.281168937683105, 18.01859474182129], [-14.281270980834961, 18.01873207092285], [-14.28165054321289, 18.0197811126709], [-14.281399726867676, 18.019346237182617], [-14.281190872192383, 18.019001007080078], [-14.28104019165039, 18.018665313720703], [-14.282087326049805, 18.019790649414062], [-12.830848693847656, 16.392436981201172], [-12.830978393554688, 16.39268684387207], [-12.831143379211426, 16.39279556274414], [-12.830594062805176, 16.392005920410156], [-12.830960273742676, 16.392545700073242], [-12.830878257751465, 16.392568588256836], [-12.831084251403809, 16.392837524414062], [-12.83143424987793, 16.39324378967285], [-12.831892013549805, 16.393953323364258], [-12.831977844238281, 16.394084930419922], [-12.830859184265137, 16.39264488220215]]","[1.0, 1.0, 1.0, 1.0, 1.0, 1.0, 1.0, 1.0, 1.0, 1.0, 1.0, 1.0, 1.0, 1.0, 1.0, 1.0, 1.0, 1.0, 1.0, 1.0, 1.0, 1.0, 1.0, 1.0, 1.0, 1.0, 1.0, 1.0, 1.0, 1.0, 1.0]",aigvd_common1000,0,,1.0,zkWV9iWp4-c_8_0to311.mp4,F:\MEngDatasets\AIGVDBench\videos\Real\Real\videos\zkWV9iWp4-c_8_0to311.mp4,test,0,real,Real,,Real,Real,1,False
real_00387,0,"[[-13.615396499633789, 18.871713638305664], [-13.615814208984375, 18.872346878051758], [-13.61573314666748, 18.872289657592773], [-13.616106033325195, 18.872787475585938], [-13.615762710571289, 18.87229347229004], [-13.61639404296875, 18.873111724853516], [-13.616093635559082, 18.872695922851562], [-13.615523338317871, 18.871938705444336], [-13.615071296691895, 18.87129020690918], [-13.615195274353027, 18.87142562866211], [-13.615825653076172, 18.872297286987305], [-13.615643501281738, 18.872055053710938], [-13.615626335144043, 18.872114181518555], [-13.615002632141113, 18.87126922607422], [-13.6163969039917, 18.873205184936523], [-13.616565704345703, 18.873394012451172], [-13.616532325744629, 18.873321533203125], [-13.615701675415039, 18.872188568115234], [-13.615986824035645, 18.872560501098633], [-13.615806579589844, 18.87232208251953], [-10.117090225219727, 15.45596981048584], [-10.117227554321289, 15.456204414367676], [-10.116939544677734, 15.455808639526367], [-10.116750717163086, 15.455546379089355], [-10.117148399353027, 15.456270217895508], [-10.117488861083984, 15.456826210021973], [-10.117542266845703, 15.456831932067871], [-10.11744213104248, 15.456751823425293], [-10.11730670928955, 15.456527709960938], [-10.11718463897705, 15.456317901611328], [-10.117030143737793, 15.455894470214844], [-10.117166519165039, 15.456025123596191], [-10.117170333862305, 15.456177711486816], [-10.116779327392578, 15.455507278442383], [-10.117044448852539, 15.456033706665039], [-10.117401123046875, 15.456653594970703], [-10.117419242858887, 15.456603050231934], [-10.117528915405273, 15.456893920898438]]","[1.0, 1.0, 1.0, 1.0, 1.0, 1.0, 1.0, 1.0, 1.0, 1.0, 1.0, 1.0, 1.0, 1.0, 1.0, 1.0, 1.0, 1.0, 1.0, 1.0, 1.0, 1.0, 1.0, 1.0, 1.0, 1.0, 1.0, 1.0, 1.0, 1.0, 1.0, 1.0, 1.0, 1.0, 1.0, 1.0, 1.0, 1.0]",aigvd_common1000,0,,1.0,W4AOdOhERY0_9_0to388.mp4,F:\MEngDatasets\AIGVDBench\videos\Real\Real\videos\W4AOdOhERY0_9_0to388.mp4,test,0,real,Real,,Real,Real,1,False
real_00388,0,"[[-1.0740010738372803, 1.3594214916229248], [-1.073971152305603, 1.3594146966934204], [-1.0743021965026855, 1.3598341941833496], [-1.0749702453613281, 1.3606297969818115], [-1.0753463506698608, 1.3611048460006714], [-1.0750597715377808, 1.3607487678527832], [-1.0746428966522217, 1.3602286577224731], [-1.0738811492919922, 1.3592863082885742], [-1.0741453170776367, 1.3596136569976807], [-1.07405686378479, 1.3595129251480103], [-1.0737550258636475, 1.359144687652588], [-1.0733098983764648, 1.3586148023605347], [-1.0728428363800049, 1.3580626249313354], [-1.0724600553512573, 1.3576023578643799], [-1.0725910663604736, 1.357762098312378], [-1.0731356143951416, 1.3584256172180176], [-1.0727709531784058, 1.3579719066619873], [-1.073651909828186, 1.3590329885482788], [-1.0737452507019043, 1.3591434955596924], [-1.0731496810913086, 1.3583829402923584], [-6.52573823928833, 8.992894172668457], [-6.525457382202148, 8.992536544799805], [-6.524744510650635, 8.991661071777344], [-6.524628639221191, 8.99154281616211], [-6.525726795196533, 8.992924690246582]]","[0.9193407297134399, 0.9193379878997803, 0.9193935990333557, 0.9195020198822021, 0.919564962387085, 0.919517457485199, 0.9194481372833252, 0.9193217754364014, 0.9193655848503113, 0.9193515777587891, 0.9193019270896912, 0.9192295670509338, 0.9191538691520691, 0.9190912246704102, 0.9191127419471741, 0.9192026257514954, 0.9191417694091797, 0.9192860126495361, 0.9193010926246643, 0.9192003607749939, 0.9999997615814209, 0.9999997615814209, 0.9999997615814209, 0.9999997615814209, 0.9999997615814209]",aigvd_common1000,0,,0.9193379878997803,nnyRZotnPSU_29_0to256.mp4,F:\MEngDatasets\AIGVDBench\videos\Real\Real\videos\nnyRZotnPSU_29_0to256.mp4,test,0,real,Real,,Real,Real,1,False
real_00389,0,"[[-11.564507484436035, 15.221336364746094], [-11.564522743225098, 15.221234321594238], [-11.564326286315918, 15.220895767211914], [-11.563947677612305, 15.220563888549805], [-11.564054489135742, 15.220690727233887], [-11.563992500305176, 15.220623016357422], [-11.564023971557617, 15.220650672912598], [-11.563950538635254, 15.220488548278809], [-11.56335735321045, 15.21945858001709], [-11.563450813293457, 15.219646453857422], [-11.562417030334473, 15.218393325805664], [-11.563642501831055, 15.219924926757812], [-11.563579559326172, 15.219786643981934]]","[1.0, 1.0, 1.0, 1.0, 1.0, 1.0, 1.0, 1.0, 1.0, 1.0, 1.0, 1.0, 1.0]",aigvd_common1000,0,,1.0,4fsKk2b4leY_3_0to131.mp4,F:\MEngDatasets\AIGVDBench\videos\Real\Real\videos\4fsKk2b4leY_3_0to131.mp4,test,0,real,Real,,Real,Real,1,False
real_00390,0,"[[-7.330024719238281, 9.064875602722168], [-7.330101490020752, 9.064986228942871], [-7.330235958099365, 9.065149307250977], [-7.3294267654418945, 9.064180374145508], [-7.3292131423950195, 9.063862800598145], [-7.329745292663574, 9.064423561096191], [-7.329265117645264, 9.063904762268066], [-7.330410003662109, 9.06535816192627], [-7.331005096435547, 9.066070556640625], [-7.330780982971191, 9.065837860107422], [-7.331129550933838, 9.066307067871094]]","[0.9999998807907104, 0.9999998807907104, 0.9999998807907104, 0.9999998807907104, 0.9999998807907104, 0.9999998807907104, 0.9999998807907104, 0.9999998807907104, 0.9999998807907104, 0.9999998807907104, 0.9999998807907104]",aigvd_common1000,0,,0.9999998807907104,_ax0ZLp5mJw_220_0to111.mp4,F:\MEngDatasets\AIGVDBench\videos\Real\Real\videos\_ax0ZLp5mJw_220_0to111.mp4,test,0,real,Real,,Real,Real,1,False
real_00391,0,"[[-14.989310264587402, 20.142683029174805], [-14.989387512207031, 20.142818450927734], [-14.989521980285645, 20.14301300048828], [-14.98947811126709, 20.142948150634766], [-14.98921012878418, 20.142425537109375], [-14.988969802856445, 20.14212989807129], [-14.989246368408203, 20.142606735229492], [-14.989482879638672, 20.143001556396484], [-14.989550590515137, 20.14310646057129]]","[1.0, 1.0, 1.0, 1.0, 1.0, 1.0, 1.0, 1.0, 1.0]",aigvd_common1000,0,,1.0,Lz6KoxGDNjQ_5_125to244.mp4,F:\MEngDatasets\AIGVDBench\videos\Real\Real\videos\Lz6KoxGDNjQ_5_125to244.mp4,test,0,real,Real,,Real,Real,1,False
real_00392,0,"[[-10.759930610656738, 15.567675590515137], [-10.760138511657715, 15.567691802978516], [-10.759550094604492, 15.566797256469727], [-10.758393287658691, 15.564684867858887], [-10.758708000183105, 15.565285682678223], [-10.759614944458008, 15.56689167022705], [-10.758583068847656, 15.56502628326416], [-10.759875297546387, 15.567073822021484], [-10.760610580444336, 15.568018913269043], [-10.760696411132812, 15.568178176879883], [-10.760342597961426, 15.567949295043945], [-10.75971794128418, 15.567193031311035]]","[1.0, 1.0, 1.0, 1.0, 1.0, 1.0, 1.0, 1.0, 1.0, 1.0, 1.0, 1.0]",aigvd_common1000,0,,1.0,_AwZc_Mglvg_5_0to124.mp4,F:\MEngDatasets\AIGVDBench\videos\Real\Real\videos\_AwZc_Mglvg_5_0to124.mp4,test,0,real,Real,,Real,Real,1,False
real_00393,0,"[[-10.965315818786621, 14.00805950164795], [-10.965758323669434, 14.008716583251953], [-10.96622085571289, 14.009156227111816], [-10.965947151184082, 14.008439064025879], [-10.965486526489258, 14.007782936096191], [-10.966115951538086, 14.009063720703125], [-10.9659423828125, 14.008858680725098], [-10.966322898864746, 14.009532928466797]]","[1.0, 1.0, 1.0, 1.0, 1.0, 1.0, 1.0, 1.0]",aigvd_common1000,0,,1.0,QWwT3zUM8CM_38_20to122.mp4,F:\MEngDatasets\AIGVDBench\videos\Real\Real\videos\QWwT3zUM8CM_38_20to122.mp4,test,0,real,Real,,Real,Real,1,False
real_00394,0,"[[-6.003703594207764, 8.127310752868652], [-6.003674507141113, 8.127306938171387], [-6.003936290740967, 8.128111839294434], [-6.0039262771606445, 8.127532005310059], [-6.0036749839782715, 8.12686824798584], [-6.003018379211426, 8.12604808807373], [-6.003030776977539, 8.126150131225586], [-6.003175258636475, 8.126440048217773], [-6.003607749938965, 8.126752853393555], [-6.0041656494140625, 8.127974510192871], [-6.003973007202148, 8.127604484558105], [-6.0038676261901855, 8.127392768859863], [-6.0039963722229, 8.12761402130127], [-6.004133224487305, 8.127668380737305], [-6.004204273223877, 8.127860069274902], [-6.0040740966796875, 8.127477645874023]]","[0.9999992847442627, 0.9999992847442627, 0.9999992847442627, 0.9999992847442627, 0.9999992847442627, 0.9999992847442627, 0.9999992847442627, 0.9999992847442627, 0.9999992847442627, 0.9999992847442627, 0.9999992847442627, 0.9999992847442627, 0.9999992847442627, 0.9999992847442627, 0.9999992847442627, 0.9999992847442627]",aigvd_common1000,0,,0.9999992847442627,906-6KTOWq8_1_23to209.mp4,F:\MEngDatasets\AIGVDBench\videos\Real\Real\videos\906-6KTOWq8_1_23to209.mp4,test,0,real,Real,,Real,Real,1,False
real_00395,0,"[[-9.854378700256348, 12.043656349182129], [-9.854621887207031, 12.043962478637695], [-9.855088233947754, 12.044750213623047], [-9.854806900024414, 12.044392585754395], [-9.854519844055176, 12.044004440307617], [-9.854496955871582, 12.043906211853027], [-9.854815483093262, 12.044282913208008], [-9.854757308959961, 12.044122695922852], [-9.856025695800781, 12.045812606811523], [-9.855294227600098, 12.044864654541016], [-9.855112075805664, 12.044766426086426], [-9.8554048538208, 12.045136451721191], [-9.855677604675293, 12.045496940612793], [-9.85501480102539, 12.044650077819824], [-9.855072021484375, 12.044719696044922], [-9.855237007141113, 12.044886589050293], [-9.855019569396973, 12.044573783874512], [-9.854923248291016, 12.04443073272705], [-9.855170249938965, 12.044816017150879], [-9.855852127075195, 12.045754432678223], [-9.32412052154541, 12.417226791381836], [-9.323202133178711, 12.416067123413086], [-9.322932243347168, 12.415724754333496], [-9.322763442993164, 12.415449142456055], [-9.323884963989258, 12.416914939880371], [-9.322882652282715, 12.41565990447998]]","[1.0, 1.0, 1.0, 1.0, 1.0, 1.0, 1.0, 1.0, 1.0, 1.0, 1.0, 1.0, 1.0, 1.0, 1.0, 1.0, 1.0, 1.0, 1.0, 1.0, 1.0, 1.0, 1.0, 1.0, 1.0, 1.0]",aigvd_common1000,0,,1.0,Hxc1AXTUzA4_19_0to264.mp4,F:\MEngDatasets\AIGVDBench\videos\Real\Real\videos\Hxc1AXTUzA4_19_0to264.mp4,test,0,real,Real,,Real,Real,1,False
real_00396,0,"[[-13.365490913391113, 17.48308753967285], [-13.365517616271973, 17.48308563232422], [-13.36563777923584, 17.483274459838867], [-13.365748405456543, 17.483505249023438], [-13.365650177001953, 17.483272552490234], [-13.365467071533203, 17.482913970947266], [-13.365887641906738, 17.48394775390625], [-13.366206169128418, 17.48478889465332], [-13.365824699401855, 17.48390769958496], [-13.36586856842041, 17.484031677246094], [-13.365859031677246, 17.48406219482422], [-13.366374015808105, 17.485069274902344], [-13.366449356079102, 17.485288619995117], [-13.366467475891113, 17.48549461364746], [-13.366286277770996, 17.485258102416992], [-13.36633014678955, 17.485239028930664], [-13.366438865661621, 17.485525131225586], [-13.366141319274902, 17.484970092773438], [-13.365893363952637, 17.484487533569336], [-13.365234375, 17.4832706451416]]","[1.0, 1.0, 1.0, 1.0, 1.0, 1.0, 1.0, 1.0, 1.0, 1.0, 1.0, 1.0, 1.0, 1.0, 1.0, 1.0, 1.0, 1.0, 1.0, 1.0]",aigvd_common1000,0,,1.0,5lqsl8B5n8s_11_0to226.mp4,F:\MEngDatasets\AIGVDBench\videos\Real\Real\videos\5lqsl8B5n8s_11_0to226.mp4,test,0,real,Real,,Real,Real,1,False
real_00397,0,"[[-5.915156841278076, 7.3405914306640625], [-5.914074420928955, 7.339270114898682], [-5.914653778076172, 7.339982032775879], [-5.915452003479004, 7.341011047363281], [-5.915946006774902, 7.341604709625244], [-5.915389060974121, 7.340913772583008], [-5.915084362030029, 7.340553283691406], [-5.915154933929443, 7.340643405914307], [-5.915250301361084, 7.340740203857422], [-5.915234088897705, 7.340746879577637], [-5.915255069732666, 7.3407511711120605], [-5.915486812591553, 7.34105110168457], [-5.915271759033203, 7.340764999389648], [-5.914897441864014, 7.340321063995361]]","[0.9999982118606567, 0.9999982118606567, 0.9999982118606567, 0.9999982118606567, 0.9999982118606567, 0.9999982118606567, 0.9999982118606567, 0.9999982118606567, 0.9999982118606567, 0.9999982118606567, 0.9999982118606567, 0.9999982118606567, 0.9999982118606567, 0.9999982118606567]",aigvd_common1000,0,,0.9999982118606567,Ju4B2liOmoc_5_0to148.mp4,F:\MEngDatasets\AIGVDBench\videos\Real\Real\videos\Ju4B2liOmoc_5_0to148.mp4,test,0,real,Real,,Real,Real,1,False
real_00398,0,"[[-11.80692195892334, 15.94446086883545], [-11.806650161743164, 15.944131851196289], [-11.806676864624023, 15.944172859191895], [-11.806427001953125, 15.943735122680664], [-11.806422233581543, 15.943693161010742], [-11.806297302246094, 15.943489074707031], [-11.805671691894531, 15.94250774383545], [-11.80477237701416, 15.941088676452637], [-11.80422592163086, 15.940237998962402], [-11.804119110107422, 15.940086364746094], [-11.804076194763184, 15.940006256103516]]","[1.0, 1.0, 1.0, 1.0, 1.0, 1.0, 1.0, 1.0, 1.0, 1.0, 1.0]",aigvd_common1000,0,,1.0,QKh-B4_yL2w_22_0to115.mp4,F:\MEngDatasets\AIGVDBench\videos\Real\Real\videos\QKh-B4_yL2w_22_0to115.mp4,test,0,real,Real,,Real,Real,1,False
real_00399,0,"[[-14.484655380249023, 20.080612182617188], [-14.484700202941895, 20.080787658691406], [-14.484391212463379, 20.08034324645996], [-14.48412036895752, 20.080015182495117], [-14.484111785888672, 20.07993507385254], [-14.484607696533203, 20.080608367919922], [-14.483651161193848, 20.079133987426758], [-14.482555389404297, 20.077537536621094], [-14.483271598815918, 20.07855796813965], [-14.48414134979248, 20.07997703552246], [-14.48433780670166, 20.080270767211914], [-14.484941482543945, 20.081003189086914], [-14.483757019042969, 20.079145431518555], [-14.484428405761719, 20.080224990844727], [-14.484600067138672, 20.08049964904785], [-14.484758377075195, 20.080698013305664], [-14.483935356140137, 20.07938003540039], [-14.4841890335083, 20.079923629760742], [-14.482658386230469, 20.07770347595215], [-14.4828462600708, 20.077777862548828], [-18.249080657958984, 24.333232879638672], [-18.24839973449707, 24.332103729248047]]","[1.0, 1.0, 1.0, 1.0, 1.0, 1.0, 1.0, 1.0, 1.0, 1.0, 1.0, 1.0, 1.0, 1.0, 1.0, 1.0, 1.0, 1.0, 1.0, 1.0, 1.0, 1.0]",aigvd_common1000,0,,1.0,aUo5thn2Ci4_41_0to222.mp4,F:\MEngDatasets\AIGVDBench\videos\Real\Real\videos\aUo5thn2Ci4_41_0to222.mp4,test,0,real,Real,,Real,Real,1,False
real_00400,0,"[[-9.698817253112793, 14.722756385803223], [-9.698709487915039, 14.722641944885254], [-9.698596000671387, 14.722722053527832], [-9.698813438415527, 14.723053932189941], [-9.69948959350586, 14.723998069763184], [-9.699673652648926, 14.724305152893066], [-9.69901180267334, 14.723349571228027], [-9.698863983154297, 14.723215103149414]]","[1.0, 1.0, 1.0, 1.0, 1.0, 1.0, 1.0, 1.0]",aigvd_common1000,0,,1.0,2hD4C48zkgs_42_92to197.mp4,F:\MEngDatasets\AIGVDBench\videos\Real\Real\videos\2hD4C48zkgs_42_92to197.mp4,test,0,real,Real,,Real,Real,1,False
real_00401,0,"[[-15.80923080444336, 19.927085876464844], [-15.809202194213867, 19.92711639404297], [-15.809146881103516, 19.927122116088867], [-15.809027671813965, 19.926958084106445], [-15.808964729309082, 19.926856994628906], [-15.809061050415039, 19.926923751831055], [-15.809093475341797, 19.926916122436523], [-15.809544563293457, 19.92759895324707], [-15.809501647949219, 19.927446365356445], [-15.809536933898926, 19.927465438842773], [-15.809572219848633, 19.927536010742188], [-15.80947494506836, 19.927473068237305], [-15.809568405151367, 19.927534103393555], [-15.80968189239502, 19.927539825439453], [-15.80968952178955, 19.9273681640625], [-15.809636116027832, 19.927167892456055], [-15.809597969055176, 19.927053451538086], [-15.809385299682617, 19.926925659179688], [-15.809295654296875, 19.927053451538086], [-15.809288024902344, 19.92703628540039]]","[1.0, 1.0, 1.0, 1.0, 1.0, 1.0, 1.0, 1.0, 1.0, 1.0, 1.0, 1.0, 1.0, 1.0, 1.0, 1.0, 1.0, 1.0, 1.0, 1.0]",aigvd_common1000,0,,1.0,Q7gVhxcSvrM_12_16to237.mp4,F:\MEngDatasets\AIGVDBench\videos\Real\Real\videos\Q7gVhxcSvrM_12_16to237.mp4,test,0,real,Real,,Real,Real,1,False
real_00402,0,"[[-13.766338348388672, 17.65004539489746], [-13.766214370727539, 17.64983558654785], [-13.76595401763916, 17.649431228637695], [-13.765814781188965, 17.64922332763672], [-13.765714645385742, 17.64899444580078], [-13.765769958496094, 17.649120330810547], [-13.76606273651123, 17.649677276611328], [-13.766264915466309, 17.650068283081055], [-13.766403198242188, 17.650341033935547], [-13.766616821289062, 17.65070915222168]]","[1.0, 1.0, 1.0, 1.0, 1.0, 1.0, 1.0, 1.0, 1.0, 1.0]",aigvd_common1000,0,,1.0,xXtMJhCcm0E_61_0to105.mp4,F:\MEngDatasets\AIGVDBench\videos\Real\Real\videos\xXtMJhCcm0E_61_0to105.mp4,test,0,real,Real,,Real,Real,1,False
real_00403,0,"[[-7.309091091156006, 8.567830085754395], [-7.308945178985596, 8.567634582519531], [-7.308676719665527, 8.567255020141602], [-7.3089470863342285, 8.567625999450684], [-7.309027194976807, 8.567729949951172], [-7.308619022369385, 8.567193984985352], [-7.308987617492676, 8.567679405212402], [-7.308878421783447, 8.567517280578613], [-7.3089189529418945, 8.567567825317383], [-7.309185981750488, 8.567967414855957], [-7.309206962585449, 8.56799602508545], [-7.309263229370117, 8.568037986755371]]","[0.9999998807907104, 0.9999998807907104, 0.9999998807907104, 0.9999998807907104, 0.9999998807907104, 0.9999998807907104, 0.9999998807907104, 0.9999998807907104, 0.9999998807907104, 0.9999998807907104, 0.9999998807907104, 0.9999998807907104]",aigvd_common1000,0,,0.9999998807907104,d-slobcQTVs_28_92to241.mp4,F:\MEngDatasets\AIGVDBench\videos\Real\Real\videos\d-slobcQTVs_28_92to241.mp4,test,0,real,Real,,Real,Real,1,False
real_00404,0,"[[-8.041722297668457, 10.423578262329102], [-8.042648315429688, 10.424966812133789], [-8.04279613494873, 10.425134658813477], [-8.041972160339355, 10.423940658569336], [-8.041390419006348, 10.423121452331543], [-8.041250228881836, 10.42288875579834], [-8.041546821594238, 10.423361778259277], [-8.040873527526855, 10.422310829162598], [-8.040489196777344, 10.421733856201172], [-8.04105281829834, 10.422561645507812]]","[1.0, 1.0, 1.0, 1.0, 1.0, 1.0, 1.0, 1.0, 1.0, 1.0]",aigvd_common1000,0,,1.0,z2j45k0DrhQ_22_153to280.mp4,F:\MEngDatasets\AIGVDBench\videos\Real\Real\videos\z2j45k0DrhQ_22_153to280.mp4,test,0,real,Real,,Real,Real,1,False
real_00405,0,"[[-5.039296627044678, 5.567996978759766], [-5.038919448852539, 5.567494869232178], [-5.038623332977295, 5.567134857177734], [-5.03860330581665, 5.567097187042236], [-5.037379264831543, 5.565491199493408], [-5.037800312042236, 5.566088676452637], [-5.037735939025879, 5.565997123718262], [-5.037730693817139, 5.565920352935791], [-5.038230895996094, 5.566532611846924], [-5.0382561683654785, 5.5665717124938965], [-5.038116931915283, 5.566346645355225]]","[0.999975323677063, 0.9999752044677734, 0.9999752044677734, 0.9999752044677734, 0.9999752044677734, 0.9999752044677734, 0.9999752044677734, 0.9999752044677734, 0.9999752044677734, 0.9999752044677734, 0.9999752044677734]",aigvd_common1000,0,,0.9999752044677734,7XUtfvFFwKg_3_0to110.mp4,F:\MEngDatasets\AIGVDBench\videos\Real\Real\videos\7XUtfvFFwKg_3_0to110.mp4,test,0,real,Real,,Real,Real,1,False
real_00406,0,"[[-16.310977935791016, 21.364107131958008], [-16.310457229614258, 21.363332748413086], [-16.3104305267334, 21.3633975982666], [-16.310396194458008, 21.363187789916992], [-16.310367584228516, 21.363197326660156], [-16.30961036682129, 21.362144470214844], [-16.309524536132812, 21.36171531677246], [-16.310413360595703, 21.36280632019043], [-16.310081481933594, 21.36220359802246], [-16.31097412109375, 21.363712310791016], [-16.309242248535156, 21.360952377319336], [-16.310134887695312, 21.362260818481445], [-16.31137466430664, 21.364389419555664], [-16.31147003173828, 21.364574432373047], [-16.311025619506836, 21.363862991333008], [-16.310691833496094, 21.363290786743164], [-16.31085205078125, 21.363718032836914], [-16.31031036376953, 21.363075256347656], [-16.310808181762695, 21.3638973236084], [-16.310625076293945, 21.363740921020508], [-14.965925216674805, 18.741640090942383], [-14.96593952178955, 18.741662979125977], [-14.965941429138184, 18.741670608520508], [-14.965836524963379, 18.741514205932617], [-14.965835571289062, 18.74148178100586], [-14.965760231018066, 18.741369247436523], [-14.965779304504395, 18.74138069152832], [-14.965789794921875, 18.74138832092285], [-14.965803146362305, 18.74140739440918], [-14.965874671936035, 18.741518020629883], [-14.965828895568848, 18.741445541381836], [-14.965855598449707, 18.741487503051758], [-14.965899467468262, 18.741554260253906], [-14.965951919555664, 18.74163246154785], [-14.965909004211426, 18.7415828704834], [-14.96581745147705, 18.7414608001709], [-14.965644836425781, 18.741291046142578], [-14.965773582458496, 18.741451263427734], [-14.9660062789917, 18.741668701171875], [-14.966057777404785, 18.741710662841797], [-17.282567977905273, 21.055034637451172], [-17.282161712646484, 21.054594039916992], [-17.282499313354492, 21.054935455322266], [-17.28240203857422, 21.054872512817383], [-17.282546997070312, 21.055118560791016], [-17.282392501831055, 21.05483627319336], [-17.282102584838867, 21.054462432861328], [-17.282024383544922, 21.054405212402344], [-17.282054901123047, 21.054550170898438], [-17.282066345214844, 21.054553985595703], [-17.28214454650879, 21.054555892944336], [-17.282133102416992, 21.054500579833984], [-17.282535552978516, 21.05504035949707], [-17.2823429107666, 21.054794311523438], [-17.28217887878418, 21.054533004760742], [-17.2822322845459, 21.05465316772461], [-17.28215980529785, 21.054540634155273], [-17.282073974609375, 21.054365158081055], [-17.282058715820312, 21.054401397705078], [-17.28244400024414, 21.05481719970703], [-15.081968307495117, 18.618045806884766], [-15.081892967224121, 18.617956161499023], [-15.081982612609863, 18.61804962158203], [-15.081826210021973, 18.617849349975586], [-15.081805229187012, 18.617801666259766], [-15.081680297851562, 18.617624282836914], [-15.081469535827637, 18.61741828918457], [-15.08153247833252, 18.61750602722168], [-15.081734657287598, 18.617753982543945], [-15.081708908081055, 18.61771583557129], [-15.08186149597168, 18.617807388305664], [-15.082815170288086, 18.61902618408203], [-15.083003997802734, 18.61923599243164], [-15.08310604095459, 18.619417190551758], [-15.082671165466309, 18.618886947631836], [-15.08273983001709, 18.618986129760742], [-15.082046508789062, 18.61809730529785], [-15.082257270812988, 18.61835289001465], [-15.081689834594727, 18.617576599121094], [-15.080653190612793, 18.616193771362305], [-16.22808265686035, 22.297813415527344], [-16.22818946838379, 22.297962188720703], [-16.228240966796875, 22.297985076904297], [-16.22763442993164, 22.297252655029297], [-16.226654052734375, 22.295778274536133], [-16.22455596923828, 22.292570114135742], [-16.226715087890625, 22.295793533325195], [-16.22757339477539, 22.297130584716797], [-16.227493286132812, 22.297056198120117], [-16.227468490600586, 22.29702377319336], [-16.22722625732422, 22.29690170288086], [-16.226877212524414, 22.296661376953125], [-16.227008819580078, 22.296810150146484], [-16.22713279724121, 22.296972274780273], [-16.226865768432617, 22.296567916870117], [-16.227062225341797, 22.29662322998047], [-16.22705078125, 22.296552658081055], [-16.22661781311035, 22.296001434326172], [-16.224178314208984, 22.29237174987793], [-16.222949981689453, 22.290864944458008], [-16.783388137817383, 20.052677154541016], [-16.78494644165039, 20.054494857788086], [-16.78525733947754, 20.054853439331055], [-16.785120010375977, 20.054716110229492], [-16.78441047668457, 20.053932189941406], [-16.785198211669922, 20.054784774780273], [-16.7852783203125, 20.05491065979004], [-16.78493309020996, 20.054500579833984], [-16.785552978515625, 20.055212020874023], [-16.785491943359375, 20.055147171020508], [-16.785377502441406, 20.055009841918945], [-16.785295486450195, 20.054941177368164], [-16.785072326660156, 20.054662704467773], [-16.78533172607422, 20.05496597290039], [-16.785171508789062, 20.054758071899414], [-16.785137176513672, 20.05473518371582], [-16.785003662109375, 20.05458641052246], [-16.785106658935547, 20.054729461669922], [-16.785232543945312, 20.05487823486328], [-16.785297393798828, 20.05494499206543], [-11.628064155578613, 15.621292114257812], [-11.6279935836792, 15.621209144592285], [-11.62798023223877, 15.621231079101562], [-11.628183364868164, 15.621482849121094], [-11.628156661987305, 15.621454238891602], [-11.628167152404785, 15.621460914611816], [-11.628066062927246, 15.621271133422852], [-11.62829875946045, 15.621419906616211], [-11.62831974029541, 15.62143325805664], [-11.628376960754395, 15.621481895446777], [-11.628324508666992, 15.621403694152832], [-11.62822437286377, 15.621322631835938], [-11.628483772277832, 15.621658325195312], [-11.628485679626465, 15.621662139892578], [-11.628519058227539, 15.621711730957031], [-11.628344535827637, 15.621514320373535], [-11.628392219543457, 15.621589660644531], [-11.628575325012207, 15.621800422668457], [-11.628247261047363, 15.621366500854492], [-11.627762794494629, 15.620725631713867], [-10.697622299194336, 15.01917839050293], [-10.697193145751953, 15.018726348876953], [-10.698473930358887, 15.020079612731934], [-10.698649406433105, 15.020268440246582], [-10.698583602905273, 15.020204544067383], [-10.698424339294434, 15.020035743713379], [-10.698822021484375, 15.020455360412598], [-10.698735237121582, 15.020356178283691], [-10.698681831359863, 15.020308494567871], [-10.698821067810059, 15.020454406738281]]","[1.0, 1.0, 1.0, 1.0, 1.0, 1.0, 1.0, 1.0, 1.0, 1.0, 1.0, 1.0, 1.0, 1.0, 1.0, 1.0, 1.0, 1.0, 1.0, 1.0, 1.0, 1.0, 1.0, 1.0, 1.0, 1.0, 1.0, 1.0, 1.0, 1.0, 1.0, 1.0, 1.0, 1.0, 1.0, 1.0, 1.0, 1.0, 1.0, 1.0, 1.0, 1.0, 1.0, 1.0, 1.0, 1.0, 1.0, 1.0, 1.0, 1.0, 1.0, 1.0, 1.0, 1.0, 1.0, 1.0, 1.0, 1.0, 1.0, 1.0, 1.0, 1.0, 1.0, 1.0, 1.0, 1.0, 1.0, 1.0, 1.0, 1.0, 1.0, 1.0, 1.0, 1.0, 1.0, 1.0, 1.0, 1.0, 1.0, 1.0, 1.0, 1.0, 1.0, 1.0, 1.0, 1.0, 1.0, 1.0, 1.0, 1.0, 1.0, 1.0, 1.0, 1.0, 1.0, 1.0, 1.0, 1.0, 1.0, 1.0, 1.0, 1.0, 1.0, 1.0, 1.0, 1.0, 1.0, 1.0, 1.0, 1.0, 1.0, 1.0, 1.0, 1.0, 1.0, 1.0, 1.0, 1.0, 1.0, 1.0, 1.0, 1.0, 1.0, 1.0, 1.0, 1.0, 1.0, 1.0, 1.0, 1.0, 1.0, 1.0, 1.0, 1.0, 1.0, 1.0, 1.0, 1.0, 1.0, 1.0, 1.0, 1.0, 1.0, 1.0, 1.0, 1.0, 1.0, 1.0, 1.0, 1.0]",aigvd_common1000,0,,1.0,UYqtFwLZXRc_2_0to1505.mp4,F:\MEngDatasets\AIGVDBench\videos\Real\Real\videos\UYqtFwLZXRc_2_0to1505.mp4,test,0,real,Real,,Real,Real,1,False
real_00407,0,"[[-16.607419967651367, 24.94562339782715], [-16.607419967651367, 24.945634841918945], [-16.607372283935547, 24.945528030395508], [-16.607357025146484, 24.945484161376953], [-16.60736083984375, 24.94550895690918], [-16.607345581054688, 24.945466995239258], [-16.607330322265625, 24.94541358947754], [-16.607315063476562, 24.945409774780273], [-16.60730743408203, 24.945384979248047], [-16.607267379760742, 24.945293426513672], [-16.60721778869629, 24.945205688476562], [-16.607154846191406, 24.945138931274414], [-16.60715103149414, 24.945119857788086], [-16.60720443725586, 24.945261001586914], [-16.607263565063477, 24.945335388183594], [-16.607236862182617, 24.94524383544922]]","[1.0, 1.0, 1.0, 1.0, 1.0, 1.0, 1.0, 1.0, 1.0, 1.0, 1.0, 1.0, 1.0, 1.0, 1.0, 1.0]",aigvd_common1000,0,,1.0,jKd6Edd0noc_72_24to205.mp4,F:\MEngDatasets\AIGVDBench\videos\Real\Real\videos\jKd6Edd0noc_72_24to205.mp4,test,0,real,Real,,Real,Real,1,False
real_00408,0,"[[-9.4054594039917, 13.031800270080566], [-9.404845237731934, 13.030943870544434], [-9.405665397644043, 13.032126426696777], [-9.406021118164062, 13.032654762268066], [-9.406179428100586, 13.032917976379395], [-9.405455589294434, 13.031839370727539], [-9.404025077819824, 13.02981185913086], [-9.40433406829834, 13.030339241027832], [-9.403656959533691, 13.029329299926758], [-9.40438175201416, 13.030383110046387], [-9.40373706817627, 13.029498100280762], [-9.404618263244629, 13.030762672424316], [-9.404285430908203, 13.030254364013672]]","[1.0, 1.0, 1.0, 1.0, 1.0, 1.0, 1.0, 1.0, 1.0, 1.0, 1.0, 1.0, 1.0]",aigvd_common1000,0,,1.0,riCmfzb2kZI_4_16to174.mp4,F:\MEngDatasets\AIGVDBench\videos\Real\Real\videos\riCmfzb2kZI_4_16to174.mp4,test,0,real,Real,,Real,Real,1,False
real_00409,0,"[[-21.398921966552734, 27.238765716552734], [-21.398765563964844, 27.23843765258789], [-21.398391723632812, 27.237747192382812], [-21.39812660217285, 27.237327575683594], [-21.39832305908203, 27.237672805786133], [-21.398056030273438, 27.237197875976562], [-21.398128509521484, 27.237550735473633], [-21.3984375, 27.238142013549805], [-21.398611068725586, 27.238441467285156], [-21.39862823486328, 27.238357543945312], [-21.398391723632812, 27.237722396850586], [-21.398283004760742, 27.23746681213379], [-21.39852523803711, 27.237850189208984], [-21.39866065979004, 27.238080978393555], [-21.398283004760742, 27.237258911132812], [-21.397668838500977, 27.236005783081055], [-21.39698028564453, 27.234594345092773], [-21.396516799926758, 27.23370361328125]]","[1.0, 1.0, 1.0, 1.0, 1.0, 1.0, 1.0, 1.0, 1.0, 1.0, 1.0, 1.0, 1.0, 1.0, 1.0, 1.0, 1.0, 1.0]",aigvd_common1000,0,,1.0,hClEBob9veQ_9_133to340.mp4,F:\MEngDatasets\AIGVDBench\videos\Real\Real\videos\hClEBob9veQ_9_133to340.mp4,test,0,real,Real,,Real,Real,1,False
real_00410,0,"[[-19.12824249267578, 27.20461654663086], [-19.128082275390625, 27.204408645629883], [-19.127822875976562, 27.203731536865234], [-19.12717628479004, 27.202354431152344], [-19.127002716064453, 27.201793670654297], [-19.12691307067871, 27.20162010192871], [-19.12669563293457, 27.20128631591797], [-19.126731872558594, 27.201255798339844], [-19.12607765197754, 27.2001895904541], [-19.126117706298828, 27.200775146484375], [-19.126720428466797, 27.201871871948242], [-19.125961303710938, 27.20075798034668], [-19.12629508972168, 27.2012996673584], [-19.126291275024414, 27.201385498046875], [-19.125648498535156, 27.200355529785156], [-19.124910354614258, 27.199005126953125], [-19.125457763671875, 27.199613571166992], [-19.124889373779297, 27.198532104492188]]","[1.0, 1.0, 1.0, 1.0, 1.0, 1.0, 1.0, 1.0, 1.0, 1.0, 1.0, 1.0, 1.0, 1.0, 1.0, 1.0, 1.0, 1.0]",aigvd_common1000,0,,1.0,af8sNYbdBRo_15_0to187.mp4,F:\MEngDatasets\AIGVDBench\videos\Real\Real\videos\af8sNYbdBRo_15_0to187.mp4,test,0,real,Real,,Real,Real,1,False
real_00411,0,"[[-10.974649429321289, 12.989660263061523], [-10.974379539489746, 12.98905086517334], [-10.974763870239258, 12.989828109741211], [-10.974119186401367, 12.988653182983398], [-10.973855972290039, 12.988237380981445], [-10.973723411560059, 12.9879150390625], [-10.973878860473633, 12.988142967224121], [-10.973877906799316, 12.988141059875488], [-10.974588394165039, 12.98929500579834], [-10.97404956817627, 12.988205909729004], [-10.974422454833984, 12.98882007598877], [-10.974574089050293, 12.98898696899414], [-10.974343299865723, 12.988525390625], [-10.974281311035156, 12.988377571105957], [-10.973944664001465, 12.988001823425293], [-10.97417163848877, 12.988469123840332]]","[1.0, 1.0, 1.0, 1.0, 1.0, 1.0, 1.0, 1.0, 1.0, 1.0, 1.0, 1.0, 1.0, 1.0, 1.0, 1.0]",aigvd_common1000,0,,1.0,7xalOoH4Wjg_4_0to162.mp4,F:\MEngDatasets\AIGVDBench\videos\Real\Real\videos\7xalOoH4Wjg_4_0to162.mp4,test,0,real,Real,,Real,Real,1,False
real_00412,0,"[[-13.441694259643555, 18.24171257019043], [-13.44189167022705, 18.242015838623047], [-13.441621780395508, 18.241371154785156], [-13.441701889038086, 18.24147605895996], [-13.441561698913574, 18.241121292114258], [-13.441703796386719, 18.241609573364258], [-13.441603660583496, 18.241472244262695], [-13.4415864944458, 18.241409301757812], [-13.441691398620605, 18.241615295410156], [-13.441590309143066, 18.241487503051758], [-13.441680908203125, 18.24148941040039], [-13.441426277160645, 18.241199493408203], [-13.441615104675293, 18.24148178100586], [-13.441564559936523, 18.241392135620117], [-13.441646575927734, 18.241594314575195], [-13.441649436950684, 18.24160385131836], [-13.44161319732666, 18.241485595703125], [-13.44160270690918, 18.241443634033203], [-13.441654205322266, 18.241609573364258], [-13.441702842712402, 18.241695404052734], [-9.239592552185059, 13.797178268432617], [-9.239739418029785, 13.797423362731934], [-9.239749908447266, 13.797446250915527], [-9.239795684814453, 13.797507286071777], [-9.239714622497559, 13.797351837158203], [-9.239824295043945, 13.797558784484863], [-9.239758491516113, 13.797443389892578], [-9.239727973937988, 13.797370910644531], [-9.239812850952148, 13.79749870300293], [-9.239677429199219, 13.79729175567627], [-9.239526748657227, 13.797052383422852], [-9.2396821975708, 13.797297477722168], [-9.23978042602539, 13.797451972961426], [-9.23988151550293, 13.797623634338379], [-9.239925384521484, 13.797672271728516], [-9.23988151550293, 13.797592163085938], [-9.239917755126953, 13.79765510559082], [-9.239704132080078, 13.797303199768066], [-9.239425659179688, 13.796902656555176], [-9.239242553710938, 13.796601295471191], [-12.97789192199707, 18.343727111816406], [-12.978638648986816, 18.344947814941406], [-12.978135108947754, 18.344114303588867], [-12.979031562805176, 18.345500946044922], [-12.97736930847168, 18.343111038208008], [-12.978312492370605, 18.34463882446289], [-12.978413581848145, 18.34482192993164], [-12.97854995727539, 18.344999313354492], [-12.97881031036377, 18.345500946044922]]","[1.0, 1.0, 1.0, 1.0, 1.0, 1.0, 1.0, 1.0, 1.0, 1.0, 1.0, 1.0, 1.0, 1.0, 1.0, 1.0, 1.0, 1.0, 1.0, 1.0, 1.0, 1.0, 1.0, 1.0, 1.0, 1.0, 1.0, 1.0, 1.0, 1.0, 1.0, 1.0, 1.0, 1.0, 1.0, 1.0, 1.0, 1.0, 1.0, 1.0, 1.0, 1.0, 1.0, 1.0, 1.0, 1.0, 1.0, 1.0, 1.0]",aigvd_common1000,0,,1.0,Vh2cObLYHJ8_13_0to496.mp4,F:\MEngDatasets\AIGVDBench\videos\Real\Real\videos\Vh2cObLYHJ8_13_0to496.mp4,test,0,real,Real,,Real,Real,1,False
real_00413,0,"[[-8.086445808410645, 11.248291969299316], [-8.08667278289795, 11.248647689819336], [-8.086735725402832, 11.248665809631348], [-8.087359428405762, 11.249628067016602], [-8.086922645568848, 11.249066352844238], [-8.086387634277344, 11.248204231262207], [-8.086541175842285, 11.248236656188965], [-8.08638858795166, 11.248031616210938], [-8.085755348205566, 11.247095108032227], [-8.086642265319824, 11.2483549118042], [-8.086281776428223, 11.247714042663574], [-8.0858736038208, 11.247174263000488], [-8.085952758789062, 11.247451782226562], [-8.085759162902832, 11.24710464477539], [-8.085526466369629, 11.246748924255371], [-8.085904121398926, 11.247300148010254], [-8.086037635803223, 11.24744701385498], [-8.086106300354004, 11.247465133666992], [-8.085773468017578, 11.247035026550293], [-8.086421012878418, 11.247978210449219], [-8.718104362487793, 10.739494323730469], [-8.717753410339355, 10.73905086517334], [-8.71703052520752, 10.737832069396973], [-8.717530250549316, 10.738598823547363], [-8.717679023742676, 10.738718032836914], [-8.717528343200684, 10.738421440124512], [-8.717568397521973, 10.73848819732666], [-8.717581748962402, 10.738615989685059], [-8.717276573181152, 10.737983703613281], [-8.717690467834473, 10.738605499267578], [-8.71798324584961, 10.73928451538086], [-8.71767520904541, 10.738677024841309], [-8.717453956604004, 10.738125801086426], [-8.717231750488281, 10.737807273864746], [-8.717304229736328, 10.738143920898438], [-8.717920303344727, 10.73931884765625], [-8.718094825744629, 10.739617347717285], [-8.71765422821045, 10.738670349121094], [-8.7174711227417, 10.738269805908203], [-8.717328071594238, 10.738053321838379], [-10.323115348815918, 14.255942344665527], [-10.323225021362305, 14.256118774414062], [-10.323798179626465, 14.257030487060547], [-10.323864936828613, 14.257325172424316], [-10.323620796203613, 14.256930351257324], [-10.323286056518555, 14.256447792053223], [-10.323235511779785, 14.256417274475098], [-10.323698043823242, 14.257025718688965], [-10.323904991149902, 14.257319450378418], [-10.323798179626465, 14.257170677185059], [-10.323973655700684, 14.25748348236084], [-10.32373332977295, 14.25706672668457], [-10.324169158935547, 14.25780963897705], [-10.323917388916016, 14.257407188415527], [-10.32382869720459, 14.257293701171875], [-10.324132919311523, 14.257784843444824], [-10.323600769042969, 14.256890296936035], [-10.324625968933105, 14.258674621582031], [-10.3239164352417, 14.257493019104004], [-10.324019432067871, 14.257650375366211], [-10.496007919311523, 14.377131462097168], [-10.49606704711914, 14.377341270446777], [-10.496527671813965, 14.378122329711914], [-10.49666976928711, 14.378361701965332], [-10.496489524841309, 14.378042221069336], [-10.496562004089355, 14.378181457519531], [-10.496156692504883, 14.377445220947266], [-10.49636173248291, 14.377774238586426], [-10.496208190917969, 14.377572059631348], [-10.496374130249023, 14.377839088439941], [-10.496233940124512, 14.377613067626953], [-10.4963960647583, 14.377923011779785], [-10.496498107910156, 14.378095626831055], [-10.49600887298584, 14.377263069152832], [-10.495945930480957, 14.377141952514648], [-10.496095657348633, 14.37738037109375], [-10.496073722839355, 14.377364158630371], [-10.496167182922363, 14.377523422241211], [-10.496010780334473, 14.377283096313477], [-10.496491432189941, 14.37805461883545], [-9.918792724609375, 14.253803253173828], [-9.918376922607422, 14.252840995788574], [-9.91850757598877, 14.253129005432129], [-9.91854190826416, 14.253151893615723], [-9.918214797973633, 14.25239372253418], [-9.918225288391113, 14.252386093139648], [-9.918206214904785, 14.252431869506836], [-9.91828441619873, 14.25251293182373], [-9.91762924194336, 14.25119686126709], [-9.917752265930176, 14.251626968383789], [-9.918047904968262, 14.251830101013184], [-9.917829513549805, 14.251534461975098], [-9.917679786682129, 14.250858306884766], [-9.917923927307129, 14.251507759094238], [-9.918766021728516, 14.25341796875], [-9.918452262878418, 14.252691268920898], [-9.917824745178223, 14.251510620117188], [-9.918312072753906, 14.252551078796387], [-9.918205261230469, 14.252348899841309], [-9.918251991271973, 14.252520561218262], [-8.0204439163208, 11.738992691040039], [-8.020426750183105, 11.73900318145752], [-8.020570755004883, 11.739253997802734], [-8.020530700683594, 11.739136695861816], [-8.02047348022461, 11.73903751373291], [-8.02048397064209, 11.739099502563477], [-8.020588874816895, 11.739285469055176], [-8.020774841308594, 11.739747047424316], [-8.020699501037598, 11.739818572998047], [-8.020928382873535, 11.7400541305542], [-8.021114349365234, 11.74032974243164], [-8.020637512207031, 11.739191055297852], [-8.021546363830566, 11.740874290466309], [-8.01993179321289, 11.73790454864502], [-8.019981384277344, 11.738128662109375], [-8.020832061767578, 11.739907264709473], [-8.022098541259766, 11.741839408874512], [-8.022214889526367, 11.74207878112793], [-8.021721839904785, 11.741540908813477], [-8.021255493164062, 11.740720748901367], [-12.502413749694824, 17.04821014404297], [-12.500564575195312, 17.04530143737793], [-12.501167297363281, 17.046092987060547], [-12.498688697814941, 17.0417423248291], [-12.498533248901367, 17.0417423248291], [-12.497681617736816, 17.040483474731445], [-12.497553825378418, 17.040332794189453], [-12.497597694396973, 17.040517807006836], [-12.498442649841309, 17.041677474975586], [-12.497773170471191, 17.04068946838379], [-12.4982328414917, 17.041166305541992], [-12.50023078918457, 17.044408798217773], [-12.500222206115723, 17.044647216796875], [-12.500163078308105, 17.044593811035156], [-12.500361442565918, 17.044931411743164], [-12.50106430053711, 17.045940399169922], [-12.50178050994873, 17.04736328125], [-12.501540184020996, 17.046871185302734], [-12.501303672790527, 17.04631233215332], [-12.499871253967285, 17.043611526489258], [-9.850095748901367, 13.998025894165039], [-9.850190162658691, 13.998371124267578]]","[1.0, 1.0, 1.0, 1.0, 1.0, 1.0, 1.0, 1.0, 1.0, 1.0, 1.0, 1.0, 1.0, 1.0, 1.0, 1.0, 1.0, 1.0, 1.0, 1.0, 1.0, 1.0, 1.0, 1.0, 1.0, 1.0, 1.0, 1.0, 1.0, 1.0, 1.0, 1.0, 1.0, 1.0, 1.0, 1.0, 1.0, 1.0, 1.0, 1.0, 1.0, 1.0, 1.0, 1.0, 1.0, 1.0, 1.0, 1.0, 1.0, 1.0, 1.0, 1.0, 1.0, 1.0, 1.0, 1.0, 1.0, 1.0, 1.0, 1.0, 1.0, 1.0, 1.0, 1.0, 1.0, 1.0, 1.0, 1.0, 1.0, 1.0, 1.0, 1.0, 1.0, 1.0, 1.0, 1.0, 1.0, 1.0, 1.0, 1.0, 1.0, 1.0, 1.0, 1.0, 1.0, 1.0, 1.0, 1.0, 1.0, 1.0, 1.0, 1.0, 1.0, 1.0, 1.0, 1.0, 1.0, 1.0, 1.0, 1.0, 1.0, 1.0, 1.0, 1.0, 1.0, 1.0, 1.0, 1.0, 1.0, 1.0, 1.0, 1.0, 1.0, 1.0, 1.0, 1.0, 1.0, 1.0, 1.0, 1.0, 1.0, 1.0, 1.0, 1.0, 1.0, 1.0, 1.0, 1.0, 1.0, 1.0, 1.0, 1.0, 1.0, 1.0, 1.0, 1.0, 1.0, 1.0, 1.0, 1.0, 1.0, 1.0]",aigvd_common1000,0,,1.0,3-h1C9ak67E_2_0to1423.mp4,F:\MEngDatasets\AIGVDBench\videos\Real\Real\videos\3-h1C9ak67E_2_0to1423.mp4,test,0,real,Real,,Real,Real,1,False
real_00414,0,"[[-11.373612403869629, 15.065145492553711], [-11.373367309570312, 15.064783096313477], [-11.373133659362793, 15.064456939697266], [-11.373231887817383, 15.06455135345459], [-11.37319564819336, 15.064444541931152], [-11.37325382232666, 15.064566612243652], [-11.373283386230469, 15.064674377441406], [-11.373905181884766, 15.065970420837402], [-11.37378978729248, 15.065688133239746], [-11.373390197753906, 15.065126419067383], [-11.37321949005127, 15.064850807189941]]","[1.0, 1.0, 1.0, 1.0, 1.0, 1.0, 1.0, 1.0, 1.0, 1.0, 1.0]",aigvd_common1000,0,,1.0,1SsRvQvzN8Y_9_0to118.mp4,F:\MEngDatasets\AIGVDBench\videos\Real\Real\videos\1SsRvQvzN8Y_9_0to118.mp4,test,0,real,Real,,Real,Real,1,False
real_00415,0,"[[-2.9925076961517334, 3.706554651260376], [-2.9918835163116455, 3.7057387828826904], [-2.9913694858551025, 3.704995632171631], [-2.9916903972625732, 3.7054286003112793], [-2.991887331008911, 3.7057292461395264], [-2.9923408031463623, 3.7063686847686768], [-2.9934043884277344, 3.7077019214630127], [-2.9934113025665283, 3.7077085971832275], [-2.99299955368042, 3.707176685333252], [-2.9931235313415527, 3.7073676586151123], [-2.9931671619415283, 3.707435369491577], [-2.9931867122650146, 3.7074623107910156], [-2.993354320526123, 3.7077348232269287], [-2.993178606033325, 3.70747971534729], [-2.9929039478302, 3.7071101665496826], [-2.9926464557647705, 3.706721067428589]]","[0.9987694621086121, 0.9987677335739136, 0.9987661838531494, 0.9987671375274658, 0.9987677335739136, 0.9987689852714539, 0.9987719655036926, 0.9987719655036926, 0.9987707734107971, 0.9987711310386658, 0.9987713694572449, 0.9987713694572449, 0.9987719655036926, 0.9987713694572449, 0.9987706542015076, 0.9987698197364807]",aigvd_common1000,0,,0.9987677335739136,-fW7LrHAyHg_35_120to303.mp4,F:\MEngDatasets\AIGVDBench\videos\Real\Real\videos\-fW7LrHAyHg_35_120to303.mp4,test,0,real,Real,,Real,Real,1,False
real_00416,0,"[[-6.160493850708008, 7.952388286590576], [-6.160573482513428, 7.952425956726074], [-6.1603498458862305, 7.951979637145996], [-6.160432815551758, 7.952207088470459], [-6.160463809967041, 7.952363014221191], [-6.160617828369141, 7.952587127685547], [-6.160574436187744, 7.952488899230957], [-6.16056489944458, 7.952476501464844], [-6.160543918609619, 7.952449798583984], [-6.16048526763916, 7.952315330505371], [-6.1604413986206055, 7.95215368270874], [-6.160403728485107, 7.952157974243164], [-6.160577297210693, 7.952479839324951], [-6.160457611083984, 7.952206134796143], [-6.160212516784668, 7.951809883117676], [-6.160292625427246, 7.951988697052002], [-6.16020393371582, 7.951898574829102], [-6.160233020782471, 7.95188045501709]]","[0.9999992847442627, 0.9999992847442627, 0.9999992847442627, 0.9999992847442627, 0.9999992847442627, 0.9999992847442627, 0.9999992847442627, 0.9999992847442627, 0.9999992847442627, 0.9999992847442627, 0.9999992847442627, 0.9999992847442627, 0.9999992847442627, 0.9999992847442627, 0.9999992847442627, 0.9999992847442627, 0.9999992847442627, 0.9999992847442627]",aigvd_common1000,0,,0.9999992847442627,cpSjuQ_ZJvY_4_0to181.mp4,F:\MEngDatasets\AIGVDBench\videos\Real\Real\videos\cpSjuQ_ZJvY_4_0to181.mp4,test,0,real,Real,,Real,Real,1,False
real_00417,0,"[[-17.409452438354492, 23.10961151123047], [-17.409162521362305, 23.10923194885254], [-17.409683227539062, 23.109994888305664], [-17.40906524658203, 23.10907554626465], [-17.40920639038086, 23.109251022338867], [-17.409238815307617, 23.109371185302734], [-17.408885955810547, 23.10880470275879], [-17.408981323242188, 23.10894012451172], [-17.408933639526367, 23.10883903503418]]","[1.0, 1.0, 1.0, 1.0, 1.0, 1.0, 1.0, 1.0, 1.0]",aigvd_common1000,0,,1.0,HVXLuHNVdzk_43_94to205.mp4,F:\MEngDatasets\AIGVDBench\videos\Real\Real\videos\HVXLuHNVdzk_43_94to205.mp4,test,0,real,Real,,Real,Real,1,False
real_00418,0,"[[-2.2902891635894775, 2.748063564300537], [-2.290276050567627, 2.7480521202087402], [-2.2902965545654297, 2.74807071685791], [-2.2903597354888916, 2.7481260299682617], [-2.2903788089752197, 2.7481391429901123], [-2.2906689643859863, 2.748389959335327], [-2.2907819747924805, 2.7484867572784424], [-2.2908778190612793, 2.7485692501068115], [-2.2907586097717285, 2.748464822769165], [-2.2911689281463623, 2.7488198280334473], [-2.290903329849243, 2.748586654663086], [-2.2906296253204346, 2.748349189758301], [-2.290480852127075, 2.7482213973999023], [-2.2904675006866455, 2.7482104301452637], [-2.290783405303955, 2.748483896255493], [-2.2910163402557373, 2.7486886978149414], [-2.2907204627990723, 2.7484309673309326], [-2.290912628173828, 2.7485976219177246], [-2.29099178314209, 2.748663902282715], [-2.290807008743286, 2.748507022857666], [-7.951565265655518, 10.516105651855469], [-7.951816082000732, 10.516584396362305], [-7.951849460601807, 10.516608238220215], [-7.9517035484313965, 10.516303062438965], [-7.951627254486084, 10.516143798828125], [-7.9517598152160645, 10.51636791229248], [-7.95172643661499, 10.51632022857666], [-7.952131748199463, 10.517029762268066], [-7.951752662658691, 10.516327857971191], [-7.951609134674072, 10.516083717346191], [-7.951815605163574, 10.516411781311035], [-7.952066421508789, 10.51684284210205], [-7.952030181884766, 10.51677417755127], [-7.951989650726318, 10.516698837280273], [-7.951969623565674, 10.516642570495605], [-7.951840400695801, 10.516430854797363], [-7.951928615570068, 10.516568183898926], [-7.951773643493652, 10.51627254486084], [-7.95176362991333, 10.516250610351562], [-7.951632022857666, 10.516040802001953], [-7.246851444244385, 8.870075225830078], [-7.2470011711120605, 8.870288848876953], [-7.2473368644714355, 8.870795249938965], [-7.247105121612549, 8.870465278625488], [-7.24681282043457, 8.870048522949219], [-7.246705055236816, 8.869941711425781], [-7.2469563484191895, 8.870302200317383], [-7.247444152832031, 8.870977401733398], [-7.246994495391846, 8.870344161987305], [-7.247035980224609, 8.870386123657227], [-7.2466349601745605, 8.869829177856445], [-7.2464070320129395, 8.869522094726562], [-7.246719837188721, 8.869988441467285], [-7.2467451095581055, 8.87000560760498], [-7.246709823608398, 8.870002746582031], [-7.246467590332031, 8.869626998901367], [-7.246492385864258, 8.869669914245605], [-7.246798515319824, 8.870100021362305], [-7.247072696685791, 8.870482444763184], [-7.247068405151367, 8.870515823364258], [-6.158210277557373, 7.458940505981445], [-6.158981800079346, 7.459825038909912], [-6.158766269683838, 7.459598541259766], [-6.158586025238037, 7.459386825561523], [-6.158544540405273, 7.459321975708008], [-6.158077716827393, 7.458792686462402], [-6.157669544219971, 7.458307266235352], [-6.157415866851807, 7.458032608032227], [-6.1580305099487305, 7.458790302276611], [-6.158361434936523, 7.459159851074219], [-6.158606052398682, 7.459412574768066], [-6.15834379196167, 7.459147930145264], [-6.1588544845581055, 7.459733963012695], [-6.158544063568115, 7.459444999694824], [-6.158086776733398, 7.458882808685303], [-6.157855987548828, 7.458550453186035], [-6.158163070678711, 7.459023475646973], [-6.158182144165039, 7.459036350250244], [-6.158427715301514, 7.459278106689453], [-6.1582722663879395, 7.4591145515441895], [-2.9894697666168213, 4.527670860290527], [-2.9894490242004395, 4.527646541595459], [-2.989509344100952, 4.52770471572876], [-2.98957896232605, 4.527768611907959], [-2.989964723587036, 4.5282392501831055], [-2.990061044692993, 4.528350830078125], [-2.989696502685547, 4.527907848358154], [-2.989553451538086, 4.527742385864258], [-2.9893829822540283, 4.527527809143066], [-2.9895613193511963, 4.52775239944458], [-2.9897916316986084, 4.52802848815918], [-2.9897186756134033, 4.527940273284912], [-2.989722967147827, 4.527950286865234], [-2.9899914264678955, 4.528294086456299], [-2.98991322517395, 4.528171539306641], [-2.98978590965271, 4.528024673461914], [-2.9896504878997803, 4.52785062789917], [-2.9898223876953125, 4.528060436248779], [-2.9896016120910645, 4.527801036834717], [-2.9893486499786377, 4.527542591094971], [-5.540728569030762, 7.448451995849609], [-5.5407891273498535, 7.448556900024414], [-5.541003227233887, 7.44883394241333], [-5.5412068367004395, 7.44912576675415], [-5.541084289550781, 7.4489426612854], [-5.540725231170654, 7.448308944702148], [-5.5406904220581055, 7.448245048522949], [-5.540349006652832, 7.4476752281188965], [-5.540297031402588, 7.447645664215088], [-5.540346145629883, 7.4477314949035645], [-5.540412425994873, 7.447833061218262], [-5.540323257446289, 7.447674751281738], [-5.5402679443359375, 7.447616100311279], [-5.5402750968933105, 7.4476399421691895], [-5.540431976318359, 7.447834014892578], [-5.540586948394775, 7.448088645935059], [-5.540452480316162, 7.44787073135376], [-5.540482044219971, 7.447976112365723], [-5.5404253005981445, 7.447815895080566], [-5.5404052734375, 7.447740077972412], [4.053001880645752, -2.907632350921631], [4.052902698516846, -2.9075281620025635], [4.0529937744140625, -2.9076225757598877], [4.05325174331665, -2.907895088195801], [4.053071022033691, -2.9077038764953613], [4.052990913391113, -2.9076266288757324], [4.052867412567139, -2.90749454498291], [4.052674293518066, -2.907288074493408], [4.052907466888428, -2.9075357913970947], [4.052800178527832, -2.9074182510375977], [4.052825450897217, -2.907440662384033], [4.052929878234863, -2.907555103302002], [4.053094387054443, -2.907733678817749], [4.052818775177002, -2.9074363708496094], [4.05228853225708, -2.90688157081604], [4.052408695220947, -2.9070088863372803], [4.052958011627197, -2.907588481903076], [4.053277969360352, -2.907923460006714], [4.052501678466797, -2.907104969024658], [4.052854537963867, -2.9074866771698], [-8.332534790039062, 10.560551643371582], [-8.333535194396973, 10.562352180480957], [-8.333708763122559, 10.562678337097168], [-8.333525657653809, 10.56225299835205], [-8.33272647857666, 10.56086254119873], [-8.333908081054688, 10.562976837158203], [-8.333917617797852, 10.562975883483887], [-8.3338041305542, 10.562784194946289], [-8.333785057067871, 10.562644004821777], [-8.334014892578125, 10.56301498413086], [-8.334306716918945, 10.563591957092285], [-8.333019256591797, 10.561389923095703], [-8.332402229309082, 10.560426712036133], [-8.33227252960205, 10.56014633178711]]","[0.9935573935508728, 0.9935571551322937, 0.9935575127601624, 0.9935582280158997, 0.9935584664344788, 0.993561863899231, 0.9935632944107056, 0.9935643076896667, 0.9935629367828369, 0.9935678839683533, 0.9935646653175354, 0.9935613870620728, 0.9935595989227295, 0.9935593605041504, 0.993563175201416, 0.9935659766197205, 0.9935624599456787, 0.993564784526825, 0.9935657382011414, 0.9935635328292847, 1.0, 1.0, 1.0, 1.0, 1.0, 1.0, 1.0, 1.0, 1.0, 1.0, 1.0, 1.0, 1.0, 1.0, 1.0, 1.0, 1.0, 1.0, 1.0, 1.0, 0.9999998807907104, 0.9999998807907104, 0.9999998807907104, 0.9999998807907104, 0.9999998807907104, 0.9999998807907104, 0.9999998807907104, 0.9999998807907104, 0.9999998807907104, 0.9999998807907104, 0.9999998807907104, 0.9999998807907104, 0.9999998807907104, 0.9999998807907104, 0.9999998807907104, 0.9999998807907104, 0.9999998807907104, 0.9999998807907104, 0.9999998807907104, 0.9999998807907104, 0.9999988079071045, 0.9999988079071045, 0.9999988079071045, 0.9999988079071045, 0.9999988079071045, 0.9999988079071045, 0.9999988079071045, 0.9999988079071045, 0.9999988079071045, 0.9999988079071045, 0.9999988079071045, 0.9999988079071045, 0.9999988079071045, 0.9999988079071045, 0.9999988079071045, 0.9999988079071045, 0.9999988079071045, 0.9999988079071045, 0.9999988079071045, 0.9999988079071045, 0.9994565844535828, 0.9994565844535828, 0.9994567036628723, 0.9994567036628723, 0.9994571805000305, 0.9994572997093201, 0.9994568228721619, 0.9994567036628723, 0.9994564652442932, 0.9994567036628723, 0.9994569420814514, 0.9994569420814514, 0.9994569420814514, 0.9994571805000305, 0.9994571805000305, 0.9994569420814514, 0.9994568228721619, 0.999457061290741, 0.9994567036628723, 0.9994564652442932, 0.9999977350234985, 0.9999977350234985, 0.9999977350234985, 0.9999977350234985, 0.9999977350234985, 0.9999977350234985, 0.9999977350234985, 0.9999977350234985, 0.9999977350234985, 0.9999977350234985, 0.9999977350234985, 0.9999977350234985, 0.9999977350234985, 0.9999977350234985, 0.9999977350234985, 0.9999977350234985, 0.9999977350234985, 0.9999977350234985, 0.9999977350234985, 0.9999977350234985, 0.0009475959232077003, 0.0009477884159423411, 0.0009476132108829916, 0.0009471109951846302, 0.000947462918702513, 0.0009476117556914687, 0.0009478537831455469, 0.0009482322493568063, 0.0009477766579948366, 0.0009479896980337799, 0.0009479445870965719, 0.00094773736782372, 0.0009474127436988056, 0.0009479548898525536, 0.0009489829535596073, 0.0009487487841397524, 0.0009476791601628065, 0.0009470589575357735, 0.0009485693299211562, 0.0009478732827119529, 1.0, 1.0, 1.0, 1.0, 1.0, 1.0, 1.0, 1.0, 1.0, 1.0, 1.0, 1.0, 1.0, 1.0]",aigvd_common1000,0,,0.9935571551322937,enNDRuuH1Dw_8_0to1541.mp4,F:\MEngDatasets\AIGVDBench\videos\Real\Real\videos\enNDRuuH1Dw_8_0to1541.mp4,test,0,real,Real,,Real,Real,1,False
real_00419,0,"[[-14.500014305114746, 20.303998947143555], [-14.500710487365723, 20.305288314819336], [-14.50070571899414, 20.305282592773438], [-14.50071907043457, 20.3053035736084], [-14.500555992126465, 20.305009841918945], [-14.500160217285156, 20.304306030273438], [-14.49877643585205, 20.301816940307617], [-14.499567985534668, 20.303197860717773], [-14.498777389526367, 20.301767349243164], [-14.49752140045166, 20.299518585205078], [-14.498451232910156, 20.301240921020508], [-14.499983787536621, 20.30396842956543], [-14.500666618347168, 20.305187225341797], [-14.500649452209473, 20.305160522460938], [-14.500638961791992, 20.305145263671875], [-14.500648498535156, 20.30516815185547], [-14.500603675842285, 20.30512046813965], [-14.500604629516602, 20.305133819580078], [-14.500596046447754, 20.30512046813965], [-14.50061321258545, 20.30514907836914], [-13.13582706451416, 15.791753768920898], [-13.13584041595459, 15.791769027709961], [-13.135879516601562, 15.791821479797363], [-13.135868072509766, 15.791808128356934], [-13.135848999023438, 15.791786193847656], [-13.13582706451416, 15.791753768920898], [-13.135823249816895, 15.791751861572266], [-13.135821342468262, 15.791749000549316], [-13.135807037353516, 15.791729927062988], [-13.135788917541504, 15.791703224182129], [-13.135775566101074, 15.79168701171875], [-13.13577938079834, 15.791688919067383], [-13.135870933532715, 15.791857719421387], [-13.135848999023438, 15.791807174682617], [-13.135836601257324, 15.79178524017334], [-13.135851860046387, 15.791793823242188], [-13.135865211486816, 15.791814804077148], [-13.135869979858398, 15.791823387145996], [-13.135866165161133, 15.791821479797363], [-13.135859489440918, 15.791808128356934], [-13.38914966583252, 18.05449867248535], [-13.38915729522705, 18.05451011657715], [-13.389153480529785, 18.05451011657715], [-13.389132499694824, 18.054466247558594], [-13.389130592346191, 18.054460525512695], [-13.389128684997559, 18.054458618164062], [-13.38908863067627, 18.05439567565918], [-13.389060020446777, 18.05436897277832], [-13.388911247253418, 18.054162979125977], [-13.388965606689453, 18.054296493530273], [-13.38923454284668, 18.054702758789062], [-13.38677978515625, 18.05064582824707], [-13.387068748474121, 18.05103302001953], [-13.387425422668457, 18.05165672302246], [-13.387624740600586, 18.05204200744629], [-13.388083457946777, 18.052839279174805], [-13.388361930847168, 18.05332374572754], [-13.38787841796875, 18.052385330200195], [-13.387289047241211, 18.05148696899414], [-13.387199401855469, 18.05132484436035], [-14.528081893920898, 18.316593170166016], [-14.527527809143066, 18.315645217895508], [-14.527449607849121, 18.315462112426758], [-14.528417587280273, 18.316946029663086], [-14.530216217041016, 18.319992065429688], [-14.530282020568848, 18.320053100585938], [-14.530289649963379, 18.320066452026367], [-14.53027629852295, 18.32004737854004], [-14.530052185058594, 18.31987190246582], [-14.528929710388184, 18.31789207458496], [-14.529648780822754, 18.319005966186523], [-14.528775215148926, 18.317581176757812], [-14.528107643127441, 18.31649398803711], [-14.527547836303711, 18.315603256225586], [-14.526795387268066, 18.31444549560547], [-14.527134895324707, 18.315019607543945], [-14.52810287475586, 18.316476821899414], [-14.529950141906738, 18.31953239440918], [-14.529678344726562, 18.319101333618164], [-14.528385162353516, 18.317031860351562], [-13.747679710388184, 19.905864715576172], [-13.748496055603027, 19.906726837158203], [-13.748896598815918, 19.907155990600586], [-13.74890422821045, 19.907182693481445], [-13.748827934265137, 19.90709686279297], [-13.74388313293457, 19.901700973510742], [-13.745749473571777, 19.90374183654785], [-13.748190879821777, 19.906414031982422], [-13.747612953186035, 19.90578269958496], [-13.747685432434082, 19.905866622924805], [-13.748043060302734, 19.90625], [-13.749068260192871, 19.90736198425293], [-13.749007225036621, 19.90730094909668], [-13.745453834533691, 19.903427124023438], [-13.746111869812012, 19.904130935668945], [-13.747807502746582, 19.905942916870117], [-13.748331069946289, 19.906471252441406], [-13.748367309570312, 19.90650177001953], [-13.748357772827148, 19.906494140625], [-13.748356819152832, 19.906496047973633], [-11.599337577819824, 15.415000915527344], [-11.599736213684082, 15.415596961975098], [-11.59934139251709, 15.415010452270508], [-11.599325180053711, 15.414989471435547], [-11.599328994750977, 15.41499137878418], [-11.599319458007812, 15.41497802734375], [-11.599311828613281, 15.414966583251953], [-11.599555015563965, 15.415446281433105], [-11.59925651550293, 15.41490650177002], [-11.599249839782715, 15.41489315032959], [-11.599250793457031, 15.414899826049805], [-11.599249839782715, 15.414896965026855], [-11.599262237548828, 15.414956092834473], [-11.599308013916016, 15.415046691894531], [-11.599495887756348, 15.415335655212402], [-11.598494529724121, 15.413033485412598], [-11.597455024719238, 15.411252975463867], [-11.599422454833984, 15.415118217468262], [-11.59926986694336, 15.41491413116455], [-11.5994234085083, 15.415221214294434], [-13.614018440246582, 18.60746192932129], [-13.613779067993164, 18.606996536254883], [-13.613739967346191, 18.6069393157959], [-13.61373519897461, 18.606935501098633], [-13.61372184753418, 18.606914520263672], [-13.613712310791016, 18.606882095336914], [-13.61375617980957, 18.606977462768555], [-13.613741874694824, 18.6069393157959], [-13.613810539245605, 18.60704803466797], [-13.613802909851074, 18.607040405273438], [-13.613805770874023, 18.607040405273438], [-13.613794326782227, 18.607025146484375], [-13.6138916015625, 18.607234954833984], [-13.614352226257324, 18.607837677001953], [-13.613826751708984, 18.606473922729492], [-13.614410400390625, 18.607879638671875], [-13.614280700683594, 18.607725143432617], [-13.613849639892578, 18.607152938842773], [-13.61374568939209, 18.60653305053711], [-13.613411903381348, 18.605600357055664], [-11.811233520507812, 15.256016731262207], [-11.811957359313965, 15.258580207824707], [-11.81135082244873, 15.257747650146484], [-11.811361312866211, 15.257758140563965], [-11.811328887939453, 15.257699966430664], [-11.811320304870605, 15.257675170898438], [-11.811245918273926, 15.257534980773926], [-11.810662269592285, 15.25594711303711]]","[1.0, 1.0, 1.0, 1.0, 1.0, 1.0, 1.0, 1.0, 1.0, 1.0, 1.0, 1.0, 1.0, 1.0, 1.0, 1.0, 1.0, 1.0, 1.0, 1.0, 1.0, 1.0, 1.0, 1.0, 1.0, 1.0, 1.0, 1.0, 1.0, 1.0, 1.0, 1.0, 1.0, 1.0, 1.0, 1.0, 1.0, 1.0, 1.0, 1.0, 1.0, 1.0, 1.0, 1.0, 1.0, 1.0, 1.0, 1.0, 1.0, 1.0, 1.0, 1.0, 1.0, 1.0, 1.0, 1.0, 1.0, 1.0, 1.0, 1.0, 1.0, 1.0, 1.0, 1.0, 1.0, 1.0, 1.0, 1.0, 1.0, 1.0, 1.0, 1.0, 1.0, 1.0, 1.0, 1.0, 1.0, 1.0, 1.0, 1.0, 1.0, 1.0, 1.0, 1.0, 1.0, 1.0, 1.0, 1.0, 1.0, 1.0, 1.0, 1.0, 1.0, 1.0, 1.0, 1.0, 1.0, 1.0, 1.0, 1.0, 1.0, 1.0, 1.0, 1.0, 1.0, 1.0, 1.0, 1.0, 1.0, 1.0, 1.0, 1.0, 1.0, 1.0, 1.0, 1.0, 1.0, 1.0, 1.0, 1.0, 1.0, 1.0, 1.0, 1.0, 1.0, 1.0, 1.0, 1.0, 1.0, 1.0, 1.0, 1.0, 1.0, 1.0, 1.0, 1.0, 1.0, 1.0, 1.0, 1.0, 1.0, 1.0, 1.0, 1.0, 1.0, 1.0, 1.0, 1.0]",aigvd_common1000,0,,1.0,hWFbU-uAnSU_2_0to1480.mp4,F:\MEngDatasets\AIGVDBench\videos\Real\Real\videos\hWFbU-uAnSU_2_0to1480.mp4,test,0,real,Real,,Real,Real,1,False
real_00420,0,"[[-11.172780990600586, 14.130916595458984], [-11.173050880432129, 14.13145923614502], [-11.173965454101562, 14.133474349975586], [-11.173545837402344, 14.13296890258789], [-11.173564910888672, 14.133025169372559], [-11.173535346984863, 14.132970809936523], [-11.173468589782715, 14.132859230041504], [-11.173102378845215, 14.132197380065918], [-11.173131942749023, 14.13186264038086], [-11.173194885253906, 14.131476402282715], [-11.173128128051758, 14.131369590759277], [-11.1735200881958, 14.13213062286377], [-11.172857284545898, 14.130958557128906]]","[1.0, 1.0, 1.0, 1.0, 1.0, 1.0, 1.0, 1.0, 1.0, 1.0, 1.0, 1.0, 1.0]",aigvd_common1000,0,,1.0,k2R_EtCkV8U_46_105to264.mp4,F:\MEngDatasets\AIGVDBench\videos\Real\Real\videos\k2R_EtCkV8U_46_105to264.mp4,test,0,real,Real,,Real,Real,1,False
real_00421,0,"[[-14.385095596313477, 19.59166717529297], [-14.385191917419434, 19.591867446899414], [-14.38532829284668, 19.592205047607422], [-14.385802268981934, 19.593196868896484], [-14.385702133178711, 19.593046188354492], [-14.38560962677002, 19.592864990234375], [-14.385397911071777, 19.592426300048828], [-14.385141372680664, 19.591894149780273], [-14.3851957321167, 19.592012405395508], [-14.385024070739746, 19.591676712036133]]","[1.0, 1.0, 1.0, 1.0, 1.0, 1.0, 1.0, 1.0, 1.0, 1.0]",aigvd_common1000,0,,1.0,ZU7vDFnZ9d8_64_0to105.mp4,F:\MEngDatasets\AIGVDBench\videos\Real\Real\videos\ZU7vDFnZ9d8_64_0to105.mp4,test,0,real,Real,,Real,Real,1,False
real_00422,0,"[[-9.356661796569824, 12.243515968322754], [-9.356667518615723, 12.243524551391602], [-9.356586456298828, 12.243441581726074], [-9.356637954711914, 12.243511199951172], [-9.356669425964355, 12.24356460571289], [-9.356649398803711, 12.243517875671387], [-9.356447219848633, 12.243258476257324], [-9.356136322021484, 12.242814064025879], [-9.356030464172363, 12.242690086364746], [-9.356059074401855, 12.242749214172363], [-9.355982780456543, 12.242632865905762]]","[1.0, 1.0, 1.0, 1.0, 1.0, 1.0, 1.0, 1.0, 1.0, 1.0, 1.0]",aigvd_common1000,0,,1.0,0G4XFfTqh3M_0_321to456.mp4,F:\MEngDatasets\AIGVDBench\videos\Real\Real\videos\0G4XFfTqh3M_0_321to456.mp4,test,0,real,Real,,Real,Real,1,False
real_00423,0,"[[2.62577223777771, -2.813518524169922], [2.625885248184204, -2.813596248626709], [2.6259210109710693, -2.8136250972747803], [2.625966787338257, -2.8136465549468994], [2.6259171962738037, -2.813612222671509], [2.6260361671447754, -2.8136863708496094], [2.625969648361206, -2.813650369644165], [2.6260457038879395, -2.8136849403381348], [2.626155138015747, -2.8137543201446533], [2.6262471675872803, -2.8138136863708496], [2.6262333393096924, -2.8137989044189453]]","[0.004323784727603197, 0.004322964232414961, 0.004322686232626438, 0.00432239705696702, 0.004322758410125971, 0.0043219272047281265, 0.004322368651628494, 0.004321892745792866, 0.004321122542023659, 0.0043204729445278645, 0.004320595879107714]",aigvd_common1000,0,,0.004322964232414961,86-iDJ2LNxw_3_25to161.mp4,F:\MEngDatasets\AIGVDBench\videos\Real\Real\videos\86-iDJ2LNxw_3_25to161.mp4,test,0,real,Real,,Real,Real,0,True
real_00424,0,"[[3.5162112712860107, -3.7110848426818848], [3.516153335571289, -3.7110302448272705], [3.5158801078796387, -3.710772752761841], [3.5157880783081055, -3.7106857299804688], [3.5156493186950684, -3.7105541229248047], [3.5157713890075684, -3.7106704711914062], [3.5158486366271973, -3.7107443809509277], [3.5157830715179443, -3.710681676864624], [3.5157313346862793, -3.710632085800171], [3.515549659729004, -3.7104599475860596], [3.5159037113189697, -3.710796356201172], [3.515789270401001, -3.7106871604919434], [3.515777826309204, -3.7106773853302]]","[0.0007259553531184793, 0.0007260369602590799, 0.0007264217711053789, 0.0007265519816428423, 0.0007267481996677816, 0.0007265751482918859, 0.000726465426851064, 0.0007265585009008646, 0.000726632250007242, 0.000726889178622514, 0.0007263877778314054, 0.0007265498861670494, 0.0007265654858201742]",aigvd_common1000,0,,0.0007260369602590799,lnLiNNgN980_27_0to137.mp4,F:\MEngDatasets\AIGVDBench\videos\Real\Real\videos\lnLiNNgN980_27_0to137.mp4,test,0,real,Real,,Real,Real,0,True
real_00425,0,"[[-4.420073986053467, 4.947266578674316], [-4.420100688934326, 4.947315216064453], [-4.420080661773682, 4.947277545928955], [-4.420139789581299, 4.947366237640381], [-4.419973850250244, 4.947147846221924], [-4.42012357711792, 4.947343349456787], [-4.420261859893799, 4.947499752044678], [-4.420538902282715, 4.9478254318237305], [-4.4202775955200195, 4.947502136230469], [-4.420262336730957, 4.947514533996582], [-4.4202704429626465, 4.947509765625], [-4.4202046394348145, 4.947452545166016]]","[0.9999145269393921, 0.9999145269393921, 0.9999145269393921, 0.9999145269393921, 0.9999145269393921, 0.9999145269393921, 0.9999145269393921, 0.9999146461486816, 0.9999145269393921, 0.9999145269393921, 0.9999145269393921, 0.9999145269393921]",aigvd_common1000,0,,0.9999145269393921,NDOQWsDH-tQ_0_0to125.mp4,F:\MEngDatasets\AIGVDBench\videos\Real\Real\videos\NDOQWsDH-tQ_0_0to125.mp4,test,0,real,Real,,Real,Real,1,False
real_00426,0,"[[-12.389386177062988, 15.575796127319336], [-12.391059875488281, 15.57806396484375], [-12.389863014221191, 15.576419830322266], [-12.390317916870117, 15.577055931091309], [-12.390298843383789, 15.576983451843262], [-12.391142845153809, 15.578109741210938], [-12.39024829864502, 15.576915740966797], [-12.390580177307129, 15.577380180358887], [-12.389840126037598, 15.57645320892334], [-12.389973640441895, 15.576638221740723], [-12.390107154846191, 15.576775550842285]]","[1.0, 1.0, 1.0, 1.0, 1.0, 1.0, 1.0, 1.0, 1.0, 1.0, 1.0]",aigvd_common1000,0,,1.0,8CLy3EPC5nI_22_114to246.mp4,F:\MEngDatasets\AIGVDBench\videos\Real\Real\videos\8CLy3EPC5nI_22_114to246.mp4,test,0,real,Real,,Real,Real,1,False
real_00427,0,"[[-14.358546257019043, 18.642778396606445], [-14.3585844039917, 18.64287757873535], [-14.357434272766113, 18.641130447387695], [-14.356986045837402, 18.640371322631836], [-14.357965469360352, 18.641908645629883], [-14.358274459838867, 18.642335891723633], [-14.35805606842041, 18.64200210571289], [-14.358084678649902, 18.642053604125977], [-14.358169555664062, 18.642175674438477]]","[1.0, 1.0, 1.0, 1.0, 1.0, 1.0, 1.0, 1.0, 1.0]",aigvd_common1000,0,,1.0,g4tld6ppv7Q_2_86to197.mp4,F:\MEngDatasets\AIGVDBench\videos\Real\Real\videos\g4tld6ppv7Q_2_86to197.mp4,test,0,real,Real,,Real,Real,1,False
real_00428,0,"[[-2.7433834075927734, 4.4191412925720215], [-2.743475914001465, 4.41922664642334], [-2.7438037395477295, 4.419736385345459], [-2.7437026500701904, 4.419586658477783], [-2.7434194087982178, 4.4191765785217285], [-2.743352174758911, 4.419105529785156], [-2.743422269821167, 4.419215202331543], [-2.743337869644165, 4.419036865234375], [-2.7433316707611084, 4.419106960296631], [-2.743591547012329, 4.419479846954346], [-2.7433722019195557, 4.4191575050354], [-2.7433488368988037, 4.4191365242004395], [-2.7436020374298096, 4.419493675231934], [-2.743412971496582, 4.419214248657227], [-2.7433176040649414, 4.419106483459473], [-2.7430367469787598, 4.418613433837891], [-2.742997169494629, 4.418576717376709], [-2.743222951889038, 4.4189605712890625], [-2.743211507797241, 4.4189958572387695], [-2.743055582046509, 4.418752670288086], [0.8713781833648682, -0.9069570302963257], [0.8713930249214172, -0.9069732427597046], [0.8713677525520325, -0.9069492816925049], [0.8712939620018005, -0.9068682789802551], [0.8713593482971191, -0.9069420099258423], [0.8713621497154236, -0.9069446325302124], [0.8714138865470886, -0.9070010185241699], [0.8714029788970947, -0.906985878944397], [0.8713728189468384, -0.9069504141807556], [0.8714224100112915, -0.9070058465003967], [0.8713209629058838, -0.9068958163261414], [0.8713716268539429, -0.9069514274597168], [0.8713293075561523, -0.9069098234176636], [0.8713645339012146, -0.9069443941116333], [0.871425986289978, -0.9070115089416504], [0.8713650107383728, -0.9069452285766602], [0.8714884519577026, -0.9070796966552734], [0.8714163303375244, -0.9070025682449341], [0.8713487386703491, -0.906928539276123], [0.8713809251785278, -0.9069632291793823], [-2.548410415649414, 4.038001537322998], [-2.548435688018799, 4.03801155090332], [-2.548513174057007, 4.038092613220215], [-2.548801898956299, 4.038517475128174], [-2.548523187637329, 4.038159370422363], [-2.5484206676483154, 4.038015842437744], [-2.548417329788208, 4.038004398345947], [-2.54860520362854, 4.038257598876953], [-2.5483767986297607, 4.037930011749268], [-2.548421621322632, 4.038010120391846], [-2.5483782291412354, 4.037918567657471], [-2.5482687950134277, 4.037768363952637], [-2.5483107566833496, 4.037827014923096], [-2.548530101776123, 4.038125514984131], [-2.548440456390381, 4.037999153137207], [-2.548426866531372, 4.038007736206055], [-2.548701524734497, 4.038411617279053], [-2.5485262870788574, 4.0381669998168945], [-2.5484235286712646, 4.0380096435546875], [-2.548464298248291, 4.0380330085754395], [-1.0326825380325317, 2.2577521800994873], [-1.0325514078140259, 2.2574055194854736], [-1.032589077949524, 2.2575149536132812], [-1.0325273275375366, 2.257453441619873], [-1.0326924324035645, 2.257657766342163], [-1.0324610471725464, 2.2573964595794678], [-1.032604694366455, 2.257538318634033], [-1.032442331314087, 2.2573273181915283], [-1.0325309038162231, 2.257462739944458], [-1.032548189163208, 2.257502555847168], [-1.0324369668960571, 2.2572596073150635], [-1.0323399305343628, 2.2571470737457275]]","[0.9992254972457886, 0.9992256164550781, 0.9992263317108154, 0.9992260932922363, 0.9992254972457886, 0.9992254972457886, 0.9992256164550781, 0.999225378036499, 0.999225378036499, 0.9992259740829468, 0.9992254972457886, 0.9992254972457886, 0.9992259740829468, 0.9992256164550781, 0.999225378036499, 0.9992247819900513, 0.9992247819900513, 0.9992252588272095, 0.9992252588272095, 0.9992249011993408, 0.14450883865356445, 0.14450497925281525, 0.14451107382774353, 0.14453020691871643, 0.14451302587985992, 0.144512340426445, 0.14449897408485413, 0.1445022076368332, 0.14451031386852264, 0.1444973349571228, 0.14452345669269562, 0.14451032876968384, 0.14452071487903595, 0.14451207220554352, 0.14449617266654968, 0.1445118933916092, 0.14448003470897675, 0.14449848234653473, 0.1445159912109375, 0.14450770616531372, 0.9986228942871094, 0.9986230134963989, 0.998623251914978, 0.9986242055892944, 0.998623251914978, 0.9986230134963989, 0.9986228942871094, 0.9986234903335571, 0.9986227750778198, 0.9986230134963989, 0.9986227750778198, 0.9986224174499512, 0.9986225366592407, 0.998623251914978, 0.9986230134963989, 0.9986230134963989, 0.9986238479614258, 0.9986233711242676, 0.9986230134963989, 0.9986230134963989, 0.9640992283821106, 0.9640827178955078, 0.9640877842903137, 0.9640834927558899, 0.9640962481498718, 0.9640792608261108, 0.9640891551971436, 0.9640761613845825, 0.9640839099884033, 0.9640859365463257, 0.9640735983848572, 0.9640664458274841]",aigvd_common1000,0,,0.9992256164550781,dPYYWy1mmpY_2_528to1275.mp4,F:\MEngDatasets\AIGVDBench\videos\Real\Real\videos\dPYYWy1mmpY_2_528to1275.mp4,test,0,real,Real,,Real,Real,1,False
real_00429,0,"[[-15.23301887512207, 19.70560073852539], [-15.231624603271484, 19.703876495361328], [-15.231058120727539, 19.70332908630371], [-15.231974601745605, 19.704221725463867], [-15.23015308380127, 19.700641632080078], [-15.230644226074219, 19.70145606994629], [-15.230713844299316, 19.702253341674805], [-15.230695724487305, 19.70265769958496], [-15.230487823486328, 19.70213508605957], [-15.230971336364746, 19.702497482299805], [-15.230792999267578, 19.702138900756836], [-15.230550765991211, 19.701814651489258], [-15.231270790100098, 19.702951431274414], [-15.229310035705566, 19.699867248535156], [-15.230998039245605, 19.702672958374023], [-15.231600761413574, 19.703401565551758]]","[1.0, 1.0, 1.0, 1.0, 1.0, 1.0, 1.0, 1.0, 1.0, 1.0, 1.0, 1.0, 1.0, 1.0, 1.0, 1.0]",aigvd_common1000,0,,1.0,qUNVSfQNbdk_73_119to300.mp4,F:\MEngDatasets\AIGVDBench\videos\Real\Real\videos\qUNVSfQNbdk_73_119to300.mp4,test,0,real,Real,,Real,Real,1,False
real_00430,0,"[[-9.55370044708252, 11.435606002807617], [-9.553977966308594, 11.436029434204102], [-9.553691864013672, 11.435622215270996], [-9.553312301635742, 11.435096740722656], [-9.553143501281738, 11.43480110168457], [-9.553313255310059, 11.435072898864746], [-9.553101539611816, 11.434877395629883], [-9.553343772888184, 11.43515396118164], [-9.55341911315918, 11.435224533081055], [-9.553345680236816, 11.435121536254883], [-9.553196907043457, 11.434940338134766], [-9.553325653076172, 11.435132026672363], [-9.55345630645752, 11.43541145324707], [-9.55298137664795, 11.434735298156738], [-9.552840232849121, 11.434439659118652], [-9.553518295288086, 11.435447692871094], [-9.553067207336426, 11.434776306152344], [-9.553133964538574, 11.434921264648438], [-9.553108215332031, 11.434868812561035], [-9.553430557250977, 11.435259819030762], [-3.318418025970459, 4.564244270324707], [-3.3182406425476074, 4.564054012298584], [-3.3179943561553955, 4.563761234283447], [-3.3182284832000732, 4.564030647277832], [-3.31815767288208, 4.5639424324035645], [-3.3177733421325684, 4.563488006591797], [-3.317913770675659, 4.563662528991699], [-3.317436695098877, 4.563125133514404], [-3.317732572555542, 4.563467502593994], [-3.3177967071533203, 4.563549995422363], [-3.317643404006958, 4.563351631164551], [-3.318085193634033, 4.563876152038574], [-3.3185622692108154, 4.564417362213135], [-3.318345308303833, 4.56416130065918], [-3.3179357051849365, 4.563678741455078], [-3.3177545070648193, 4.5634989738464355], [-3.3176705837249756, 4.563388824462891], [-3.31746506690979, 4.56312894821167], [-3.3173255920410156, 4.563000202178955], [-3.3177552223205566, 4.563499450683594], [-6.670130252838135, 7.376364707946777], [-6.669798851013184, 7.375911235809326], [-6.669893741607666, 7.376009464263916]]","[1.0, 1.0, 1.0, 1.0, 1.0, 1.0, 1.0, 1.0, 1.0, 1.0, 1.0, 1.0, 1.0, 1.0, 1.0, 1.0, 1.0, 1.0, 1.0, 1.0, 0.9996229410171509, 0.9996227025985718, 0.9996225833892822, 0.9996227025985718, 0.9996227025985718, 0.9996223449707031, 0.9996224641799927, 0.999622106552124, 0.9996223449707031, 0.9996223449707031, 0.9996222257614136, 0.9996225833892822, 0.9996230602264404, 0.9996228218078613, 0.9996224641799927, 0.9996223449707031, 0.9996223449707031, 0.999622106552124, 0.9996219873428345, 0.9996223449707031, 0.9999991655349731, 0.9999991655349731, 0.9999991655349731]",aigvd_common1000,0,,1.0,CX7_yAPGIgE_15_0to433.mp4,F:\MEngDatasets\AIGVDBench\videos\Real\Real\videos\CX7_yAPGIgE_15_0to433.mp4,test,0,real,Real,,Real,Real,1,False
real_00431,0,"[[-9.61264705657959, 11.597466468811035], [-9.612435340881348, 11.597155570983887], [-9.612492561340332, 11.59742259979248], [-9.612618446350098, 11.597454071044922], [-9.612311363220215, 11.596920013427734], [-9.612357139587402, 11.597179412841797], [-9.612457275390625, 11.59733772277832], [-9.61242961883545, 11.597235679626465], [-9.612732887268066, 11.597713470458984], [-9.612242698669434, 11.596968650817871], [-9.612846374511719, 11.597991943359375], [-9.612589836120605, 11.597492218017578], [-9.612211227416992, 11.596796989440918], [-9.612678527832031, 11.597545623779297], [-9.612167358398438, 11.596875190734863], [-9.612245559692383, 11.597060203552246], [-9.61264419555664, 11.597769737243652], [-9.612217903137207, 11.597024917602539], [-9.61231517791748, 11.597043991088867], [-9.612791061401367, 11.597749710083008], [-9.59915542602539, 11.719435691833496], [-9.59858512878418, 11.718694686889648], [-9.599258422851562, 11.719571113586426], [-9.59984016418457, 11.720370292663574], [-9.599836349487305, 11.7204008102417], [-9.59987735748291, 11.720385551452637], [-9.598448753356934, 11.718533515930176], [-9.598745346069336, 11.718888282775879], [-9.59969425201416, 11.720114707946777], [-9.599822044372559, 11.720263481140137], [-9.599480628967285, 11.719799995422363], [-9.599954605102539, 11.720441818237305], [-9.599653244018555, 11.72012996673584], [-9.59948444366455, 11.719902992248535], [-9.60018539428711, 11.72077465057373], [-9.599465370178223, 11.719839096069336], [-9.599557876586914, 11.719978332519531], [-9.598677635192871, 11.718830108642578], [-9.598221778869629, 11.718222618103027], [-9.598971366882324, 11.719216346740723], [-9.025777816772461, 11.874610900878906], [-9.025790214538574, 11.87470531463623], [-9.027774810791016, 11.877812385559082], [-9.026656150817871, 11.876022338867188], [-9.026528358459473, 11.87570858001709], [-9.026881217956543, 11.876160621643066], [-9.0264253616333, 11.875619888305664], [-9.026808738708496, 11.876288414001465], [-9.026446342468262, 11.8758544921875], [-9.026864051818848, 11.876399993896484], [-9.026656150817871, 11.876078605651855], [-9.026763916015625, 11.876235008239746], [-9.026606559753418, 11.876091957092285], [-9.026358604431152, 11.875651359558105], [-9.026442527770996, 11.8757963180542], [-9.026433944702148, 11.87582015991211], [-9.026617050170898, 11.876072883605957], [-9.026301383972168, 11.875567436218262], [-9.026339530944824, 11.875628471374512], [-9.026232719421387, 11.875452041625977], [-6.5307230949401855, 8.524978637695312], [-6.530711650848389, 8.524906158447266], [-6.530559062957764, 8.524675369262695], [-6.530876636505127, 8.525126457214355], [-6.530986309051514, 8.525337219238281], [-6.530836582183838, 8.525060653686523], [-6.531085968017578, 8.52548599243164], [-6.530990123748779, 8.525311470031738], [-6.530993461608887, 8.525341987609863], [-6.530616760253906, 8.524737358093262], [-6.531260967254639, 8.525551795959473], [-6.5312981605529785, 8.525632858276367], [-6.530735015869141, 8.524924278259277], [-6.530989646911621, 8.525247573852539], [-6.53070592880249, 8.5248441696167], [-6.530855178833008, 8.52507495880127], [-6.530970573425293, 8.525214195251465], [-6.53109884262085, 8.52540111541748], [-6.531682014465332, 8.526296615600586], [-6.531453609466553, 8.526034355163574], [-5.16324520111084, 6.264586448669434], [-5.1639628410339355, 6.265387535095215], [-5.1637444496154785, 6.265152454376221], [-5.164613723754883, 6.266119480133057], [-5.163158893585205, 6.264461040496826], [-5.163061141967773, 6.264373779296875], [-5.162793159484863, 6.264078140258789], [-5.163173675537109, 6.264530181884766]]","[1.0, 1.0, 1.0, 1.0, 1.0, 1.0, 1.0, 1.0, 1.0, 1.0, 1.0, 1.0, 1.0, 1.0, 1.0, 1.0, 1.0, 1.0, 1.0, 1.0, 1.0, 1.0, 1.0, 1.0, 1.0, 1.0, 1.0, 1.0, 1.0, 1.0, 1.0, 1.0, 1.0, 1.0, 1.0, 1.0, 1.0, 1.0, 1.0, 1.0, 1.0, 1.0, 1.0, 1.0, 1.0, 1.0, 1.0, 1.0, 1.0, 1.0, 1.0, 1.0, 1.0, 1.0, 1.0, 1.0, 1.0, 1.0, 1.0, 1.0, 0.9999997615814209, 0.9999997615814209, 0.9999997615814209, 0.9999997615814209, 0.9999997615814209, 0.9999997615814209, 0.9999997615814209, 0.9999997615814209, 0.9999997615814209, 0.9999997615814209, 0.9999997615814209, 0.9999997615814209, 0.9999997615814209, 0.9999997615814209, 0.9999997615814209, 0.9999997615814209, 0.9999997615814209, 0.9999997615814209, 0.9999997615814209, 0.9999997615814209, 0.9999891519546509, 0.9999891519546509, 0.9999891519546509, 0.9999891519546509, 0.9999891519546509, 0.9999891519546509, 0.9999891519546509, 0.9999891519546509]",aigvd_common1000,0,,1.0,0BaVZOa_gi4_3_19to925.mp4,F:\MEngDatasets\AIGVDBench\videos\Real\Real\videos\0BaVZOa_gi4_3_19to925.mp4,test,0,real,Real,,Real,Real,1,False
real_00432,0,"[[-20.209461212158203, 23.823345184326172], [-20.209148406982422, 23.82277488708496], [-20.20958137512207, 23.82356834411621], [-20.210054397583008, 23.82439613342285], [-20.209983825683594, 23.824247360229492], [-20.209924697875977, 23.824113845825195], [-20.209884643554688, 23.82408905029297], [-20.20968246459961, 23.823760986328125], [-20.210155487060547, 23.82463836669922], [-20.209897994995117, 23.82426643371582], [-20.210498809814453, 23.825294494628906], [-20.2106876373291, 23.825563430786133], [-20.210979461669922, 23.826120376586914], [-20.210826873779297, 23.825794219970703], [-20.210813522338867, 23.82575225830078], [-20.210844039916992, 23.825838088989258], [-20.210918426513672, 23.826017379760742], [-20.21051025390625, 23.825300216674805], [-20.210861206054688, 23.82587242126465], [-20.21065330505371, 23.825441360473633], [-16.816497802734375, 21.317323684692383], [-16.816438674926758, 21.317115783691406], [-16.816917419433594, 21.317928314208984], [-16.81715965270996, 21.318361282348633], [-16.81672477722168, 21.317739486694336], [-16.81684112548828, 21.317956924438477], [-16.817058563232422, 21.31821632385254], [-16.817073822021484, 21.318134307861328], [-16.816425323486328, 21.3170166015625], [-16.81622886657715, 21.316701889038086], [-16.81604766845703, 21.316425323486328], [-16.81610679626465, 21.3165340423584], [-16.81659507751465, 21.317468643188477]]","[1.0, 1.0, 1.0, 1.0, 1.0, 1.0, 1.0, 1.0, 1.0, 1.0, 1.0, 1.0, 1.0, 1.0, 1.0, 1.0, 1.0, 1.0, 1.0, 1.0, 1.0, 1.0, 1.0, 1.0, 1.0, 1.0, 1.0, 1.0, 1.0, 1.0, 1.0, 1.0, 1.0]",aigvd_common1000,0,,1.0,y3vyO-025CI_3_0to339.mp4,F:\MEngDatasets\AIGVDBench\videos\Real\Real\videos\y3vyO-025CI_3_0to339.mp4,test,0,real,Real,,Real,Real,1,False
real_00433,0,"[[-8.940103530883789, 13.171005249023438], [-8.940567016601562, 13.171660423278809], [-8.940245628356934, 13.171231269836426], [-8.940788269042969, 13.171825408935547], [-8.9414701461792, 13.172898292541504], [-8.942188262939453, 13.17405891418457], [-8.941818237304688, 13.173501968383789], [-8.941069602966309, 13.172390937805176], [-8.940997123718262, 13.172121047973633], [-8.93997573852539, 13.170900344848633], [-8.94052791595459, 13.171548843383789], [-8.940443992614746, 13.17136001586914], [-8.940711975097656, 13.171829223632812], [-8.939872741699219, 13.170597076416016], [-8.941277503967285, 13.172578811645508], [-8.942166328430176, 13.173860549926758], [-8.941637992858887, 13.173069953918457], [-8.942903518676758, 13.175115585327148], [-8.94372272491455, 13.176697731018066], [-8.943251609802246, 13.17581558227539], [-9.252326965332031, 13.56112289428711], [-9.251738548278809, 13.560311317443848]]","[1.0, 1.0, 1.0, 1.0, 1.0, 1.0, 1.0, 1.0, 1.0, 1.0, 1.0, 1.0, 1.0, 1.0, 1.0, 1.0, 1.0, 1.0, 1.0, 1.0, 1.0, 1.0]",aigvd_common1000,0,,1.0,36xeuI0F6Ro_0_0to221.mp4,F:\MEngDatasets\AIGVDBench\videos\Real\Real\videos\36xeuI0F6Ro_0_0to221.mp4,test,0,real,Real,,Real,Real,1,False
real_00434,0,"[[-10.672295570373535, 14.668147087097168], [-10.672595024108887, 14.668622016906738], [-10.671883583068848, 14.667603492736816], [-10.672062873840332, 14.66787338256836], [-10.672117233276367, 14.668009757995605], [-10.672086715698242, 14.667874336242676], [-10.67144775390625, 14.666918754577637], [-10.670828819274902, 14.666086196899414], [-10.671171188354492, 14.666716575622559], [-10.67037582397461, 14.665459632873535], [-10.67056941986084, 14.665692329406738], [-10.670496940612793, 14.665514945983887], [-10.671687126159668, 14.6673583984375], [-10.671076774597168, 14.666398048400879], [-10.67109489440918, 14.666497230529785], [-10.67133617401123, 14.666950225830078], [-10.673282623291016, 14.669918060302734], [-10.67348575592041, 14.670405387878418], [-10.67358684539795, 14.670581817626953]]","[1.0, 1.0, 1.0, 1.0, 1.0, 1.0, 1.0, 1.0, 1.0, 1.0, 1.0, 1.0, 1.0, 1.0, 1.0, 1.0, 1.0, 1.0, 1.0]",aigvd_common1000,0,,1.0,3ebhqmMWg14_0_0to199.mp4,F:\MEngDatasets\AIGVDBench\videos\Real\Real\videos\3ebhqmMWg14_0_0to199.mp4,test,0,real,Real,,Real,Real,1,False
real_00435,0,"[[-13.872233390808105, 18.324810028076172], [-13.872234344482422, 18.324810028076172], [-13.872206687927246, 18.32479476928711], [-13.872224807739258, 18.32482147216797], [-13.872251510620117, 18.32487678527832], [-13.872230529785156, 18.32486343383789], [-13.872247695922852, 18.324874877929688], [-13.872279167175293, 18.324920654296875]]","[1.0, 1.0, 1.0, 1.0, 1.0, 1.0, 1.0, 1.0]",aigvd_common1000,0,,1.0,ZTvi-PzwLWo_9_92to197.mp4,F:\MEngDatasets\AIGVDBench\videos\Real\Real\videos\ZTvi-PzwLWo_9_92to197.mp4,test,0,real,Real,,Real,Real,1,False
real_00436,0,"[[-16.19927215576172, 18.94551658630371], [-16.199220657348633, 18.945301055908203], [-16.19906234741211, 18.945056915283203], [-16.198997497558594, 18.945030212402344], [-16.1987361907959, 18.944623947143555], [-16.19888687133789, 18.944765090942383], [-16.19917869567871, 18.9453067779541], [-16.19923973083496, 18.945226669311523], [-16.198711395263672, 18.94449234008789], [-16.19855308532715, 18.944374084472656], [-16.198366165161133, 18.944076538085938], [-16.198562622070312, 18.94440460205078], [-16.19854164123535, 18.944347381591797], [-16.19862937927246, 18.944475173950195], [-16.198673248291016, 18.94457244873047], [-16.198665618896484, 18.94456672668457], [-16.198657989501953, 18.944543838500977], [-16.19866943359375, 18.94457244873047], [-16.198684692382812, 18.944583892822266], [-16.198665618896484, 18.94455909729004], [-12.491732597351074, 14.608468055725098], [-12.491666793823242, 14.608399391174316], [-12.491877555847168, 14.608651161193848]]","[1.0, 1.0, 1.0, 1.0, 1.0, 1.0, 1.0, 1.0, 1.0, 1.0, 1.0, 1.0, 1.0, 1.0, 1.0, 1.0, 1.0, 1.0, 1.0, 1.0, 1.0, 1.0, 1.0]",aigvd_common1000,0,,1.0,lU3ymKSqYVU_19_0to232.mp4,F:\MEngDatasets\AIGVDBench\videos\Real\Real\videos\lU3ymKSqYVU_19_0to232.mp4,test,0,real,Real,,Real,Real,1,False
real_00437,0,"[[-13.748432159423828, 21.513803482055664], [-13.748696327209473, 21.514616012573242], [-13.748638153076172, 21.51445198059082], [-13.748250961303711, 21.513641357421875], [-13.74836540222168, 21.513757705688477], [-13.748590469360352, 21.514183044433594], [-13.748543739318848, 21.514245986938477], [-13.748397827148438, 21.513952255249023], [-13.748762130737305, 21.514724731445312], [-13.748910903930664, 21.514999389648438], [-13.749150276184082, 21.51552391052246], [-13.748405456542969, 21.513856887817383], [-13.749177932739258, 21.515417098999023], [-13.748793601989746, 21.514793395996094], [-13.74838924407959, 21.513830184936523], [-13.748775482177734, 21.514646530151367], [-13.74897575378418, 21.515172958374023], [-13.748486518859863, 21.513938903808594], [-13.748069763183594, 21.51311683654785], [-13.748298645019531, 21.513643264770508]]","[1.0, 1.0, 1.0, 1.0, 1.0, 1.0, 1.0, 1.0, 1.0, 1.0, 1.0, 1.0, 1.0, 1.0, 1.0, 1.0, 1.0, 1.0, 1.0, 1.0]",aigvd_common1000,0,,1.0,tbM2MAepv0M_11_0to221.mp4,F:\MEngDatasets\AIGVDBench\videos\Real\Real\videos\tbM2MAepv0M_11_0to221.mp4,test,0,real,Real,,Real,Real,1,False
real_00438,0,"[[-11.940887451171875, 15.690352439880371], [-11.940938949584961, 15.69040584564209], [-11.941245079040527, 15.69084644317627], [-11.941146850585938, 15.690718650817871], [-11.94105052947998, 15.690564155578613], [-11.940861701965332, 15.690340995788574], [-11.940998077392578, 15.690542221069336], [-11.940842628479004, 15.690314292907715], [-11.940467834472656, 15.689781188964844], [-11.940537452697754, 15.689870834350586], [-11.940606117248535, 15.689966201782227], [-11.940499305725098, 15.689840316772461], [-11.94071102142334, 15.690119743347168]]","[1.0, 1.0, 1.0, 1.0, 1.0, 1.0, 1.0, 1.0, 1.0, 1.0, 1.0, 1.0, 1.0]",aigvd_common1000,0,,1.0,-tEvQoxGlYY_35_0to136.mp4,F:\MEngDatasets\AIGVDBench\videos\Real\Real\videos\-tEvQoxGlYY_35_0to136.mp4,test,0,real,Real,,Real,Real,1,False
real_00439,0,"[[1.3739346265792847, -2.460891008377075], [1.3742008209228516, -2.4611332416534424], [1.3741204738616943, -2.461061954498291], [1.374105453491211, -2.4610488414764404], [1.3741638660430908, -2.46110200881958], [1.3741034269332886, -2.4610469341278076], [1.3742626905441284, -2.4611923694610596], [1.3740507364273071, -2.460996627807617]]","[0.0211481973528862, 0.021137673407793045, 0.0211408119648695, 0.02114139497280121, 0.021139085292816162, 0.021141476929187775, 0.021135173738002777, 0.021143609657883644]",aigvd_common1000,0,,0.021137673407793045,3j_xaxMEuzA_3_0to104.mp4,F:\MEngDatasets\AIGVDBench\videos\Real\Real\videos\3j_xaxMEuzA_3_0to104.mp4,test,0,real,Real,,Real,Real,0,True
real_00440,0,"[[-12.309639930725098, 17.139589309692383], [-12.309873580932617, 17.13991928100586], [-12.309794425964355, 17.139816284179688], [-12.309645652770996, 17.13960838317871], [-12.30974006652832, 17.139787673950195], [-12.309794425964355, 17.139921188354492], [-12.309481620788574, 17.139415740966797], [-12.309442520141602, 17.139331817626953], [-12.309462547302246, 17.139326095581055], [-12.309457778930664, 17.139333724975586], [-12.309540748596191, 17.139446258544922], [-12.30964469909668, 17.139633178710938], [-12.309597969055176, 17.139549255371094], [-12.309426307678223, 17.13929557800293], [-12.309433937072754, 17.139320373535156], [-12.309869766235352, 17.14003562927246]]","[1.0, 1.0, 1.0, 1.0, 1.0, 1.0, 1.0, 1.0, 1.0, 1.0, 1.0, 1.0, 1.0, 1.0, 1.0, 1.0]",aigvd_common1000,0,,1.0,JFnvP9FAy20_38_0to164.mp4,F:\MEngDatasets\AIGVDBench\videos\Real\Real\videos\JFnvP9FAy20_38_0to164.mp4,test,0,real,Real,,Real,Real,1,False
real_00441,0,"[[-6.285700798034668, 9.522327423095703], [-6.285370826721191, 9.521678924560547], [-6.284887313842773, 9.521026611328125], [-6.2848896980285645, 9.521020889282227], [-6.284895896911621, 9.521037101745605], [-6.284853458404541, 9.520992279052734], [-6.28488302230835, 9.521031379699707], [-6.284874439239502, 9.52105712890625], [-6.284977912902832, 9.521248817443848], [-6.285001277923584, 9.521246910095215], [-6.285140514373779, 9.521439552307129], [-6.285432815551758, 9.521857261657715], [-6.285409927368164, 9.521918296813965], [-6.284890651702881, 9.521103858947754], [-6.284812927246094, 9.520915031433105], [-6.284950256347656, 9.521122932434082]]","[0.9999998807907104, 0.9999998807907104, 0.9999998807907104, 0.9999998807907104, 0.9999998807907104, 0.9999998807907104, 0.9999998807907104, 0.9999998807907104, 0.9999998807907104, 0.9999998807907104, 0.9999998807907104, 0.9999998807907104, 0.9999998807907104, 0.9999998807907104, 0.9999998807907104, 0.9999998807907104]",aigvd_common1000,0,,0.9999998807907104,Vclh_WXAFWo_30_0to188.mp4,F:\MEngDatasets\AIGVDBench\videos\Real\Real\videos\Vclh_WXAFWo_30_0to188.mp4,test,0,real,Real,,Real,Real,1,False
real_00442,0,"[[-0.23795334994792938, 0.15389618277549744], [-0.23791421949863434, 0.1538560539484024], [-0.2381097376346588, 0.1540447473526001], [-0.23824597895145416, 0.1541772186756134], [-0.23823072016239166, 0.15416060388088226], [-0.23849347233772278, 0.1544150859117508], [-0.23832567036151886, 0.1542527973651886], [-0.2382134646177292, 0.15414585173130035], [-0.23811088502407074, 0.15404698252677917], [-0.238105908036232, 0.15404179692268372], [-0.23807726800441742, 0.15401436388492584], [-0.23817934095859528, 0.1541135460138321], [-0.2382667064666748, 0.15419675409793854], [-0.23824405670166016, 0.1541745811700821], [-0.2381611317396164, 0.1540946066379547], [-0.2379866987466812, 0.15392638742923737]]","[0.5967278480529785, 0.5967087745666504, 0.596801221370697, 0.5968659520149231, 0.5968582034111023, 0.5969826579093933, 0.5969032645225525, 0.5968505144119263, 0.5968020558357239, 0.5967996120452881, 0.5967860817909241, 0.5968345403671265, 0.5968756079673767, 0.5968647599220276, 0.5968255996704102, 0.596743106842041]",aigvd_common1000,0,,0.5967087745666504,IMlAZsNPvYw_16_0to166.mp4,F:\MEngDatasets\AIGVDBench\videos\Real\Real\videos\IMlAZsNPvYw_16_0to166.mp4,test,0,real,Real,,Real,Real,1,False
real_00443,0,"[[-16.005578994750977, 21.28278350830078], [-16.006088256835938, 21.283662796020508], [-16.00536346435547, 21.28236198425293], [-16.005277633666992, 21.282318115234375], [-16.00537872314453, 21.282426834106445], [-16.005979537963867, 21.28357696533203], [-16.005462646484375, 21.2825870513916], [-16.00417709350586, 21.280441284179688], [-16.003767013549805, 21.279651641845703]]","[1.0, 1.0, 1.0, 1.0, 1.0, 1.0, 1.0, 1.0, 1.0]",aigvd_common1000,0,,1.0,8WBd6K_CJXE_189_126to243.mp4,F:\MEngDatasets\AIGVDBench\videos\Real\Real\videos\8WBd6K_CJXE_189_126to243.mp4,test,0,real,Real,,Real,Real,1,False
real_00444,0,"[[-10.064839363098145, 14.393528938293457], [-10.064620971679688, 14.393166542053223], [-10.064784049987793, 14.393385887145996], [-10.064814567565918, 14.393468856811523], [-10.0652437210083, 14.394355773925781], [-10.064983367919922, 14.393830299377441], [-10.064934730529785, 14.393632888793945], [-10.064969062805176, 14.393829345703125], [-10.065196990966797, 14.39414119720459], [-10.06545639038086, 14.394740104675293], [-10.06535816192627, 14.394489288330078]]","[1.0, 1.0, 1.0, 1.0, 1.0, 1.0, 1.0, 1.0, 1.0, 1.0, 1.0]",aigvd_common1000,0,,1.0,36wnadZbpyo_0_26to163.mp4,F:\MEngDatasets\AIGVDBench\videos\Real\Real\videos\36wnadZbpyo_0_26to163.mp4,test,0,real,Real,,Real,Real,1,False
real_00445,0,"[[-6.010972023010254, 8.699943542480469], [-6.010076999664307, 8.698506355285645], [-6.009609699249268, 8.697786331176758], [-6.010143280029297, 8.698676109313965], [-6.010658264160156, 8.699464797973633], [-6.009522914886475, 8.697664260864258], [-6.0097432136535645, 8.697965621948242], [-6.0102763175964355, 8.698871612548828], [-6.010156154632568, 8.698686599731445], [-6.009096622467041, 8.696977615356445], [-6.00941276550293, 8.697466850280762], [-6.01029634475708, 8.698954582214355], [-6.010042667388916, 8.698601722717285]]","[0.9999996423721313, 0.9999996423721313, 0.9999996423721313, 0.9999996423721313, 0.9999996423721313, 0.9999996423721313, 0.9999996423721313, 0.9999996423721313, 0.9999996423721313, 0.9999996423721313, 0.9999996423721313, 0.9999996423721313, 0.9999996423721313]",aigvd_common1000,0,,0.9999996423721313,9DtKXbiWwtE_81_0to130.mp4,F:\MEngDatasets\AIGVDBench\videos\Real\Real\videos\9DtKXbiWwtE_81_0to130.mp4,test,0,real,Real,,Real,Real,1,False
real_00446,0,"[[-13.428729057312012, 17.711671829223633], [-13.429015159606934, 17.71217918395996], [-13.428990364074707, 17.712158203125], [-13.429038047790527, 17.71240997314453], [-13.428869247436523, 17.71211051940918], [-13.428893089294434, 17.71212387084961], [-13.429433822631836, 17.713226318359375], [-13.42983627319336, 17.713993072509766], [-13.429756164550781, 17.713869094848633], [-13.429791450500488, 17.714143753051758], [-13.42959213256836, 17.713903427124023], [-13.429505348205566, 17.713743209838867], [-13.42913818359375, 17.713115692138672]]","[1.0, 1.0, 1.0, 1.0, 1.0, 1.0, 1.0, 1.0, 1.0, 1.0, 1.0, 1.0, 1.0]",aigvd_common1000,0,,1.0,pv97fCP13SE_40_46to197.mp4,F:\MEngDatasets\AIGVDBench\videos\Real\Real\videos\pv97fCP13SE_40_46to197.mp4,test,0,real,Real,,Real,Real,1,False
real_00447,0,"[[1.9594203233718872, -2.0180039405822754], [1.9595205783843994, -2.018120765686035], [1.9601930379867554, -2.018960475921631], [1.9604946374893188, -2.0193071365356445], [1.9601231813430786, -2.01883864402771], [1.9603694677352905, -2.019153594970703], [1.9604521989822388, -2.019253730773926], [1.9602419137954712, -2.0190255641937256], [1.9599438905715942, -2.0186612606048584], [1.959633231163025, -2.0182716846466064], [1.959427833557129, -2.0180630683898926], [1.9600814580917358, -2.0189151763916016], [1.9604495763778687, -2.0193886756896973], [1.960580825805664, -2.0195364952087402], [1.960469365119934, -2.0193793773651123], [1.9602004289627075, -2.0190367698669434]]","[0.018389329314231873, 0.01838541030883789, 0.01835813745856285, 0.018346460536122322, 0.018361592665314674, 0.01835147850215435, 0.01834818720817566, 0.01835608296096325, 0.01836802065372467, 0.018380656838417053, 0.01838812604546547, 0.018360963091254234, 0.018345801159739494, 0.01834077760577202, 0.018345611169934273, 0.01835663430392742]",aigvd_common1000,0,,0.01838541030883789,om5Jf1eMy6w_2_0to165.mp4,F:\MEngDatasets\AIGVDBench\videos\Real\Real\videos\om5Jf1eMy6w_2_0to165.mp4,test,0,real,Real,,Real,Real,0,True
real_00448,0,"[[1.5042327642440796, -1.8423312902450562], [1.5042282342910767, -1.8423187732696533], [1.5041860342025757, -1.842312216758728], [1.5040514469146729, -1.8422439098358154], [1.5041090250015259, -1.8422678709030151], [1.5043567419052124, -1.842394232749939], [1.5042508840560913, -1.8423407077789307], [1.50413978099823, -1.8422925472259521], [1.5041875839233398, -1.8423160314559937], [1.5043790340423584, -1.8423994779586792], [1.5045415163040161, -1.8424737453460693], [1.5045207738876343, -1.8424628973007202], [1.5044680833816528, -1.8424456119537354], [1.5043061971664429, -1.842379093170166], [1.504133701324463, -1.842301368713379], [1.5041745901107788, -1.842323660850525], [1.5043375492095947, -1.8424078226089478], [1.5044480562210083, -1.8424527645111084], [1.5045669078826904, -1.8425192832946777], [1.5042318105697632, -1.842398762702942], [-7.055384159088135, 8.944519996643066], [-7.0556464195251465, 8.944830894470215], [-7.0561652183532715, 8.945549011230469], [-7.055985927581787, 8.945313453674316], [-7.054645538330078, 8.943504333496094], [-7.054656028747559, 8.943531036376953], [-7.054527759552002, 8.943414688110352]]","[0.034007858484983444, 0.034008417278528214, 0.03401002287864685, 0.0340166874229908, 0.034014008939266205, 0.03400171548128128, 0.034006960690021515, 0.034012190997600555, 0.034009840339422226, 0.03400081768631935, 0.033993031829595566, 0.033994078636169434, 0.03399636968970299, 0.03400387242436409, 0.034012097865343094, 0.03401002287864685, 0.034001898020505905, 0.03399679437279701, 0.033990710973739624, 0.034005675464868546, 0.9999998807907104, 0.9999998807907104, 0.9999998807907104, 0.9999998807907104, 0.9999998807907104, 0.9999998807907104, 0.9999998807907104]",aigvd_common1000,0,,0.034008417278528214,_YJTbDMIVys_27_0to272.mp4,F:\MEngDatasets\AIGVDBench\videos\Real\Real\videos\_YJTbDMIVys_27_0to272.mp4,test,0,real,Real,,Real,Real,0,True
real_00449,0,"[[-11.519797325134277, 15.346015930175781], [-11.519700050354004, 15.345844268798828], [-11.519725799560547, 15.345947265625], [-11.51980209350586, 15.346159934997559], [-11.519634246826172, 15.34559154510498], [-11.519859313964844, 15.34605598449707], [-11.520057678222656, 15.34645938873291], [-11.519975662231445, 15.34640884399414], [-11.519646644592285, 15.34560489654541], [-11.519889831542969, 15.346000671386719], [-11.5201997756958, 15.346558570861816], [-11.520224571228027, 15.346686363220215], [-11.520267486572266, 15.346857070922852], [-11.520004272460938, 15.346470832824707], [-11.520060539245605, 15.346590995788574]]","[1.0, 1.0, 1.0, 1.0, 1.0, 1.0, 1.0, 1.0, 1.0, 1.0, 1.0, 1.0, 1.0, 1.0, 1.0]",aigvd_common1000,0,,1.0,uNGXuJl297c_25_0to156.mp4,F:\MEngDatasets\AIGVDBench\videos\Real\Real\videos\uNGXuJl297c_25_0to156.mp4,test,0,real,Real,,Real,Real,1,False
real_00450,0,"[[-17.69137954711914, 25.98918914794922], [-17.691438674926758, 25.989328384399414], [-17.691810607910156, 25.98982048034668], [-17.69137191772461, 25.98919677734375], [-17.69194984436035, 25.990095138549805], [-17.69213104248047, 25.990331649780273], [-17.691036224365234, 25.98870277404785], [-17.691146850585938, 25.9888973236084], [-17.69161605834961, 25.9896297454834], [-17.69189453125, 25.990219116210938], [-17.691814422607422, 25.99024200439453]]","[1.0, 1.0, 1.0, 1.0, 1.0, 1.0, 1.0, 1.0, 1.0, 1.0, 1.0]",aigvd_common1000,0,,1.0,dX2S7MxxtN0_25_0to118.mp4,F:\MEngDatasets\AIGVDBench\videos\Real\Real\videos\dX2S7MxxtN0_25_0to118.mp4,test,0,real,Real,,Real,Real,1,False
real_00451,0,"[[-7.436935901641846, 9.341358184814453], [-7.4367170333862305, 9.340988159179688], [-7.436797618865967, 9.34117317199707], [-7.436655044555664, 9.340991020202637], [-7.437561511993408, 9.342499732971191], [-7.436792850494385, 9.341257095336914], [-7.436826229095459, 9.341228485107422], [-7.436838626861572, 9.341323852539062], [-7.436728000640869, 9.341227531433105], [-7.437045574188232, 9.341667175292969], [-7.436291217803955, 9.34052562713623], [-7.436123371124268, 9.340229034423828], [-7.437158584594727, 9.341867446899414], [-7.436749458312988, 9.340940475463867], [-7.437097072601318, 9.341581344604492], [-7.4366455078125, 9.340953826904297], [-7.437906265258789, 9.343058586120605], [-7.437129020690918, 9.341713905334473], [-7.437393665313721, 9.342175483703613], [-7.436581611633301, 9.340910911560059], [-8.387121200561523, 12.000457763671875], [-8.388038635253906, 12.001853942871094], [-8.38728141784668, 12.000659942626953], [-8.388006210327148, 12.001765251159668], [-8.388025283813477, 12.001768112182617], [-8.387675285339355, 12.00111198425293], [-8.387547492980957, 12.001012802124023], [-8.387045860290527, 12.000264167785645], [-8.388046264648438, 12.001775741577148], [-8.388191223144531, 12.001983642578125], [-8.3875150680542, 12.001051902770996], [-8.387910842895508, 12.001506805419922], [-8.387648582458496, 12.001296043395996], [-8.38804817199707, 12.001839637756348], [-8.387903213500977, 12.001420021057129], [-8.387127876281738, 12.000357627868652], [-8.387955665588379, 12.001686096191406], [-8.387882232666016, 12.00161075592041], [-8.387752532958984, 12.001489639282227], [-8.388317108154297, 12.002416610717773], [-12.925633430480957, 16.78213119506836], [-12.925477981567383, 16.781848907470703], [-12.926072120666504, 16.782869338989258], [-12.925792694091797, 16.782381057739258], [-12.925856590270996, 16.78244972229004], [-12.926592826843262, 16.78356170654297], [-12.92667293548584, 16.78371810913086], [-12.926217079162598, 16.782867431640625], [-12.926098823547363, 16.782726287841797], [-12.925442695617676, 16.781543731689453], [-12.925152778625488, 16.781278610229492], [-12.925058364868164, 16.781129837036133], [-12.92479419708252, 16.78074836730957], [-12.92480754852295, 16.780752182006836], [-12.925103187561035, 16.781217575073242], [-12.92599105834961, 16.782604217529297], [-12.92565631866455, 16.782005310058594], [-12.926032066345215, 16.782567977905273], [-12.925810813903809, 16.78223991394043], [-12.925631523132324, 16.78190803527832], [-8.460539817810059, 10.90373706817627], [-8.459824562072754, 10.902697563171387], [-8.459766387939453, 10.9026460647583], [-8.45980453491211, 10.902678489685059], [-8.459922790527344, 10.902853965759277], [-8.460458755493164, 10.903626441955566], [-8.460381507873535, 10.903457641601562], [-8.460494041442871, 10.903667449951172], [-8.460043907165527, 10.902860641479492], [-8.460296630859375, 10.903339385986328], [-8.460370063781738, 10.903396606445312], [-8.460386276245117, 10.903487205505371], [-8.459678649902344, 10.902493476867676], [-8.459929466247559, 10.902942657470703], [-8.460003852844238, 10.90305233001709], [-8.460563659667969, 10.903904914855957], [-8.460824966430664, 10.904326438903809], [-8.46052074432373, 10.903820037841797], [-8.46005630493164, 10.903059005737305], [-8.45991325378418, 10.902823448181152], [-12.506364822387695, 17.819761276245117], [-12.506534576416016, 17.820035934448242], [-12.50651741027832, 17.819995880126953], [-12.506572723388672, 17.82012367248535], [-12.506814002990723, 17.82048225402832], [-12.507979393005371, 17.82221031188965], [-12.506637573242188, 17.820024490356445], [-12.506389617919922, 17.8195858001709], [-12.506997108459473, 17.820632934570312], [-12.506561279296875, 17.820068359375], [-12.506474494934082, 17.81998634338379], [-12.506665229797363, 17.820280075073242], [-12.506060600280762, 17.819332122802734], [-12.506924629211426, 17.82063102722168], [-12.50638484954834, 17.819734573364258], [-12.506872177124023, 17.820478439331055], [-12.506125450134277, 17.819377899169922], [-12.506500244140625, 17.81995964050293], [-12.505617141723633, 17.818639755249023], [-12.505600929260254, 17.818674087524414], [-11.617461204528809, 17.927366256713867], [-11.618247032165527, 17.928503036499023], [-11.618062973022461, 17.928165435791016], [-11.618233680725098, 17.92851448059082], [-11.618062973022461, 17.92819595336914], [-11.617907524108887, 17.927793502807617], [-11.617773056030273, 17.92768096923828], [-11.618171691894531, 17.928443908691406], [-11.617925643920898, 17.927936553955078], [-11.61808967590332, 17.9283504486084], [-11.618277549743652, 17.92887306213379], [-11.617619514465332, 17.927642822265625], [-11.617547035217285, 17.92759132385254], [-11.617756843566895, 17.92794418334961], [-11.618622779846191, 17.929292678833008], [-11.618717193603516, 17.92938804626465], [-11.618678092956543, 17.92932891845703], [-11.618313789367676, 17.92864227294922], [-11.618136405944824, 17.928407669067383], [-11.617650032043457, 17.92741584777832], [-9.345878601074219, 12.366412162780762], [-9.346166610717773, 12.366899490356445], [-9.34659481048584, 12.367466926574707], [-9.346699714660645, 12.367655754089355], [-9.347375869750977, 12.368626594543457], [-9.346868515014648, 12.367870330810547], [-9.34677791595459, 12.367775917053223], [-9.346665382385254, 12.367644309997559], [-9.345681190490723, 12.366147994995117], [-9.346270561218262, 12.367008209228516], [-9.346630096435547, 12.367562294006348]]","[1.0, 1.0, 1.0, 1.0, 1.0, 1.0, 1.0, 1.0, 1.0, 1.0, 1.0, 1.0, 1.0, 1.0, 1.0, 1.0, 1.0, 1.0, 1.0, 1.0, 1.0, 1.0, 1.0, 1.0, 1.0, 1.0, 1.0, 1.0, 1.0, 1.0, 1.0, 1.0, 1.0, 1.0, 1.0, 1.0, 1.0, 1.0, 1.0, 1.0, 1.0, 1.0, 1.0, 1.0, 1.0, 1.0, 1.0, 1.0, 1.0, 1.0, 1.0, 1.0, 1.0, 1.0, 1.0, 1.0, 1.0, 1.0, 1.0, 1.0, 1.0, 1.0, 1.0, 1.0, 1.0, 1.0, 1.0, 1.0, 1.0, 1.0, 1.0, 1.0, 1.0, 1.0, 1.0, 1.0, 1.0, 1.0, 1.0, 1.0, 1.0, 1.0, 1.0, 1.0, 1.0, 1.0, 1.0, 1.0, 1.0, 1.0, 1.0, 1.0, 1.0, 1.0, 1.0, 1.0, 1.0, 1.0, 1.0, 1.0, 1.0, 1.0, 1.0, 1.0, 1.0, 1.0, 1.0, 1.0, 1.0, 1.0, 1.0, 1.0, 1.0, 1.0, 1.0, 1.0, 1.0, 1.0, 1.0, 1.0, 1.0, 1.0, 1.0, 1.0, 1.0, 1.0, 1.0, 1.0, 1.0, 1.0, 1.0]",aigvd_common1000,0,,1.0,hhwYTSuBuZY_13_0to1311.mp4,F:\MEngDatasets\AIGVDBench\videos\Real\Real\videos\hhwYTSuBuZY_13_0to1311.mp4,test,0,real,Real,,Real,Real,1,False
real_00452,0,"[[-13.231429100036621, 17.965822219848633], [-13.230963706970215, 17.965560913085938], [-13.230916023254395, 17.965763092041016], [-13.230470657348633, 17.965391159057617], [-13.230674743652344, 17.96595001220703], [-13.230437278747559, 17.965526580810547], [-13.230645179748535, 17.96571922302246], [-13.230923652648926, 17.96612548828125]]","[1.0, 1.0, 1.0, 1.0, 1.0, 1.0, 1.0, 1.0]",aigvd_common1000,0,,1.0,HlRfdCWGMzI_22_114to219.mp4,F:\MEngDatasets\AIGVDBench\videos\Real\Real\videos\HlRfdCWGMzI_22_114to219.mp4,test,0,real,Real,,Real,Real,1,False
real_00453,0,"[[-9.223965644836426, 11.486332893371582], [-9.223886489868164, 11.486186981201172], [-9.224215507507324, 11.486495971679688], [-9.22397232055664, 11.486226081848145], [-9.224202156066895, 11.486665725708008], [-9.224385261535645, 11.486912727355957], [-9.224335670471191, 11.486868858337402], [-9.224377632141113, 11.486953735351562], [-9.224365234375, 11.486955642700195], [-9.225314140319824, 11.488300323486328], [-9.225278854370117, 11.488226890563965], [-9.225311279296875, 11.48824405670166], [-9.224935531616211, 11.487655639648438], [-9.224821090698242, 11.48741340637207], [-9.224804878234863, 11.487503051757812], [-9.225014686584473, 11.487825393676758], [-9.224906921386719, 11.487772941589355], [-9.2244873046875, 11.487166404724121], [-9.224791526794434, 11.487536430358887], [-9.224843978881836, 11.487459182739258], [-6.53036642074585, 7.941014289855957], [-6.530635833740234, 7.9413862228393555], [-6.53122091293335, 7.942169189453125], [-6.530937194824219, 7.941854000091553], [-6.5313873291015625, 7.942429542541504]]","[1.0, 1.0, 1.0, 1.0, 1.0, 1.0, 1.0, 1.0, 1.0, 1.0, 1.0, 1.0, 1.0, 1.0, 1.0, 1.0, 1.0, 1.0, 1.0, 1.0, 0.9999995231628418, 0.9999995231628418, 0.9999995231628418, 0.9999995231628418, 0.9999995231628418]",aigvd_common1000,0,,1.0,ofurWzQTGeI_94_342to615.mp4,F:\MEngDatasets\AIGVDBench\videos\Real\Real\videos\ofurWzQTGeI_94_342to615.mp4,test,0,real,Real,,Real,Real,1,False
real_00454,0,"[[-9.564209938049316, 11.90475845336914], [-9.564858436584473, 11.905539512634277], [-9.563634872436523, 11.904145240783691], [-9.563462257385254, 11.903952598571777], [-9.563374519348145, 11.903841972351074], [-9.563389778137207, 11.903863906860352], [-9.564056396484375, 11.904579162597656], [-9.563586235046387, 11.9039945602417], [-9.563594818115234, 11.904021263122559], [-9.56369686126709, 11.904163360595703], [-9.563718795776367, 11.904160499572754], [-9.563397407531738, 11.90372085571289], [-9.563353538513184, 11.903657913208008], [-9.563547134399414, 11.903889656066895], [-9.563491821289062, 11.903837203979492]]","[1.0, 1.0, 1.0, 1.0, 1.0, 1.0, 1.0, 1.0, 1.0, 1.0, 1.0, 1.0, 1.0, 1.0, 1.0]",aigvd_common1000,0,,1.0,JFuanBMh6ko_1_0to154.mp4,F:\MEngDatasets\AIGVDBench\videos\Real\Real\videos\JFuanBMh6ko_1_0to154.mp4,test,0,real,Real,,Real,Real,1,False
real_00455,0,"[[2.524928569793701, -3.501786708831787], [2.524813175201416, -3.501666784286499], [2.5247132778167725, -3.501567840576172], [2.5248992443084717, -3.501750946044922], [2.524768352508545, -3.5016233921051025], [2.524625301361084, -3.5014796257019043], [2.524907350540161, -3.5017621517181396], [2.524824619293213, -3.501683473587036], [2.5249550342559814, -3.5018129348754883], [2.524803400039673, -3.501657724380493], [2.5247464179992676, -3.5015995502471924], [2.5244719982147217, -3.5013222694396973], [2.5246987342834473, -3.5015556812286377], [2.5244300365448, -3.501286506652832], [2.5245602130889893, -3.5014071464538574], [2.524509906768799, -3.501364231109619], [2.5246870517730713, -3.501539707183838], [2.5247631072998047, -3.5016233921051025], [2.524754047393799, -3.50160551071167], [2.5241167545318604, -3.5009608268737793], [5.921194553375244, -6.480264663696289], [5.921282768249512, -6.480284690856934], [5.921241760253906, -6.480261325836182], [5.921227931976318, -6.480253219604492], [5.921217441558838, -6.480273723602295], [5.921173572540283, -6.480255603790283], [5.9211201667785645, -6.480238437652588], [5.921071529388428, -6.48024845123291], [5.921207427978516, -6.480267524719238], [5.921193599700928, -6.480255126953125], [5.921181678771973, -6.480244159698486], [5.921237468719482, -6.4802632331848145], [5.921217918395996, -6.4802350997924805], [5.921220779418945, -6.480230331420898], [5.921276569366455, -6.480220794677734], [5.92125129699707, -6.48026180267334], [5.921189785003662, -6.480234622955322], [5.921134948730469, -6.480233669281006], [5.921061038970947, -6.480173587799072], [5.920961856842041, -6.480195045471191], [13.370532035827637, -14.081746101379395], [13.370625495910645, -14.081592559814453], [13.370606422424316, -14.081583976745605], [13.370648384094238, -14.081467628479004], [13.370601654052734, -14.081560134887695], [13.3705415725708, -14.081847190856934], [13.370594024658203, -14.081775665283203], [13.370677947998047, -14.08154582977295], [13.370594024658203, -14.081591606140137], [13.370650291442871, -14.081698417663574], [13.370753288269043, -14.081415176391602], [13.370699882507324, -14.081470489501953], [13.370661735534668, -14.081385612487793], [13.370757102966309, -14.081351280212402], [13.370699882507324, -14.081618309020996], [13.370628356933594, -14.081890106201172], [13.370558738708496, -14.08201789855957], [13.370597839355469, -14.081927299499512], [13.370678901672363, -14.081581115722656], [13.37063217163086, -14.08167839050293], [12.341876983642578, -13.704439163208008], [12.341822624206543, -13.704432487487793], [12.341675758361816, -13.704319953918457], [12.341036796569824, -13.703938484191895], [12.341331481933594, -13.704092979431152], [12.341436386108398, -13.704158782958984], [12.341344833374023, -13.704171180725098], [12.341511726379395, -13.704265594482422], [12.341480255126953, -13.704233169555664], [12.341336250305176, -13.704163551330566], [12.341126441955566, -13.704083442687988], [12.340641021728516, -13.703929901123047], [12.340616226196289, -13.703895568847656], [12.340977668762207, -13.704075813293457], [12.341069221496582, -13.704087257385254], [12.340981483459473, -13.70405101776123], [12.340882301330566, -13.704010009765625], [12.340980529785156, -13.704061508178711], [12.340938568115234, -13.704042434692383], [12.340914726257324, -13.704020500183105], [9.542946815490723, -9.439526557922363], [9.54301929473877, -9.439560890197754], [9.542946815490723, -9.439528465270996], [9.54279613494873, -9.439444541931152], [9.542925834655762, -9.4395170211792], [9.542790412902832, -9.439410209655762], [9.542704582214355, -9.439373970031738], [9.542826652526855, -9.43945026397705], [9.543118476867676, -9.439634323120117], [9.543304443359375, -9.439760208129883], [9.543126106262207, -9.4396390914917], [9.54285717010498, -9.439452171325684], [9.54263973236084, -9.439309120178223], [9.542872428894043, -9.439473152160645], [9.543057441711426, -9.43960189819336], [9.543230056762695, -9.439709663391113], [9.543313980102539, -9.439757347106934], [9.542932510375977, -9.43952465057373], [9.542706489562988, -9.439377784729004]]","[0.002407597843557596, 0.002408163622021675, 0.002408639993518591, 0.0024077536072582006, 0.002408374333754182, 0.0024090642109513283, 0.0024077079724520445, 0.0024080949369817972, 0.0024074718821793795, 0.0024082085583359003, 0.0024084842298179865, 0.002409811597317457, 0.002408704487606883, 0.002409997396171093, 0.0024093943648040295, 0.0024096190463751554, 0.0024087708443403244, 0.0024083880707621574, 0.0024084525648504496, 0.0024115340784192085, 4.112568149139406e-06, 4.112121132493485e-06, 4.112387614441104e-06, 4.112474016437773e-06, 4.1124349081655964e-06, 4.112690021429444e-06, 4.112979695491958e-06, 4.113140221306821e-06, 4.112501756026177e-06, 4.112607712158933e-06, 4.112701844860567e-06, 4.11239579989342e-06, 4.112591796001652e-06, 4.112599526706617e-06, 4.112411716050701e-06, 4.11234441344277e-06, 4.112709120818181e-06, 4.112936494493624e-06, 4.113489922019653e-06, 4.113807335670572e-06, 1.1957133417075938e-12, 1.1957864169340193e-12, 1.1958182924778904e-12, 1.1959071970560342e-12, 1.1958524448463237e-12, 1.1955810690425506e-12, 1.1956038372881728e-12, 1.1957773096357704e-12, 1.1958228461270148e-12, 1.1956289907785744e-12, 1.195845614372637e-12, 1.1958410607235126e-12, 1.1959893795807086e-12, 1.1959164127745003e-12, 1.1956655283917872e-12, 1.1954260281318851e-12, 1.1953576149748013e-12, 1.1954169208336363e-12, 1.1957362183734332e-12, 1.195674635690036e-12, 4.877852028545293e-12, 4.878149967302292e-12, 4.879415448078017e-12, 4.8843967065392846e-12, 4.882198811895222e-12, 4.881370047754574e-12, 4.881752120600158e-12, 4.880485772462695e-12, 4.880792818517943e-12, 4.881835821007874e-12, 4.883251355364271e-12, 4.886372556578422e-12, 4.886661388037172e-12, 4.88401506737457e-12, 4.8835124312474054e-12, 4.884117416059652e-12, 4.884806968641353e-12, 4.88407101220667e-12, 4.884368950963669e-12, 4.88459273029207e-12, 5.701860317230967e-09, 5.701251470924262e-09, 5.7018492150007205e-09, 5.703187255789999e-09, 5.702034400201228e-09, 5.703415517643862e-09, 5.7041118495249066e-09, 5.702980310218209e-09, 5.7002615960755065e-09, 5.698490124217415e-09, 5.7001967590508684e-09, 5.702795569106911e-09, 5.704851702148517e-09, 5.702589067624331e-09, 5.700805161268363e-09, 5.699196226061076e-09, 5.698457261615886e-09, 5.701958016857134e-09, 5.704078986923378e-09]",aigvd_common1000,0,,0.002408163622021675,549hAQCHF7c_2_0to990.mp4,F:\MEngDatasets\AIGVDBench\videos\Real\Real\videos\549hAQCHF7c_2_0to990.mp4,test,0,real,Real,,Real,Real,0,True
real_00456,0,"[[-4.004560947418213, 4.8339314460754395], [-4.004452705383301, 4.833816051483154], [-4.004795074462891, 4.834170341491699], [-4.004952430725098, 4.8343505859375], [-4.004444599151611, 4.83380126953125], [-4.004672050476074, 4.834020614624023], [-4.004514694213867, 4.83385705947876], [-4.004566669464111, 4.833921432495117], [-4.004479885101318, 4.833847999572754], [-4.00410795211792, 4.833452224731445], [-4.004927158355713, 4.834301471710205]]","[0.9998549222946167, 0.9998549222946167, 0.9998550415039062, 0.9998550415039062, 0.9998549222946167, 0.9998550415039062, 0.9998549222946167, 0.9998549222946167, 0.9998549222946167, 0.9998548030853271, 0.9998550415039062]",aigvd_common1000,0,,0.9998549222946167,8Ie8de9eq3Y_10_0to111.mp4,F:\MEngDatasets\AIGVDBench\videos\Real\Real\videos\8Ie8de9eq3Y_10_0to111.mp4,test,0,real,Real,,Real,Real,1,False
real_00457,0,"[[-13.340409278869629, 18.10453987121582], [-13.340368270874023, 18.104408264160156], [-13.340495109558105, 18.104646682739258], [-13.340217590332031, 18.104106903076172], [-13.34036922454834, 18.104455947875977], [-13.340306282043457, 18.104360580444336], [-13.340601921081543, 18.10497283935547], [-13.34007740020752, 18.10395050048828], [-13.33957576751709, 18.103097915649414], [-13.339710235595703, 18.103391647338867], [-13.339770317077637, 18.103559494018555], [-13.339844703674316, 18.103605270385742], [-13.340182304382324, 18.104055404663086], [-13.340428352355957, 18.10446548461914], [-13.339646339416504, 18.10289192199707], [-13.340818405151367, 18.10479164123535], [-13.340659141540527, 18.10487174987793], [-13.340245246887207, 18.10428810119629], [-13.339863777160645, 18.103721618652344]]","[1.0, 1.0, 1.0, 1.0, 1.0, 1.0, 1.0, 1.0, 1.0, 1.0, 1.0, 1.0, 1.0, 1.0, 1.0, 1.0, 1.0, 1.0, 1.0]",aigvd_common1000,0,,1.0,kKRh1p2XX3k_59_67to287.mp4,F:\MEngDatasets\AIGVDBench\videos\Real\Real\videos\kKRh1p2XX3k_59_67to287.mp4,test,0,real,Real,,Real,Real,1,False
real_00458,0,"[[-12.611639022827148, 16.628406524658203], [-12.612253189086914, 16.629413604736328], [-12.61247730255127, 16.62963104248047], [-12.611722946166992, 16.628368377685547], [-12.611663818359375, 16.628278732299805], [-12.612037658691406, 16.6289005279541], [-12.612447738647461, 16.62938690185547], [-12.612539291381836, 16.629589080810547], [-12.612174034118652, 16.629018783569336], [-12.611831665039062, 16.628555297851562], [-12.611539840698242, 16.627981185913086], [-12.611401557922363, 16.627803802490234], [-12.611093521118164, 16.627368927001953], [-12.611502647399902, 16.628061294555664], [-12.611620903015137, 16.628324508666992]]","[1.0, 1.0, 1.0, 1.0, 1.0, 1.0, 1.0, 1.0, 1.0, 1.0, 1.0, 1.0, 1.0, 1.0, 1.0]",aigvd_common1000,0,,1.0,o2Fgk14mBKs_12_85to262.mp4,F:\MEngDatasets\AIGVDBench\videos\Real\Real\videos\o2Fgk14mBKs_12_85to262.mp4,test,0,real,Real,,Real,Real,1,False
real_00459,0,"[[-3.509758472442627, 5.397092819213867], [-3.5096962451934814, 5.3968505859375], [-3.509639024734497, 5.396661281585693], [-3.509718418121338, 5.397024154663086], [-3.509791612625122, 5.397153377532959], [-3.509906530380249, 5.397331714630127], [-3.509874105453491, 5.397303104400635], [-3.510042905807495, 5.397542953491211], [-3.5100560188293457, 5.397691249847412], [-3.510063886642456, 5.397607326507568], [-3.510348320007324, 5.398245334625244], [-3.510429859161377, 5.398411750793457], [-3.5103704929351807, 5.398311614990234], [-3.510368585586548, 5.3983025550842285], [-3.5104095935821533, 5.398386478424072], [-3.510559558868408, 5.398624897003174], [-3.5104219913482666, 5.398369312286377]]","[0.9998645782470703, 0.9998644590377808, 0.9998644590377808, 0.9998645782470703, 0.9998645782470703, 0.9998645782470703, 0.9998645782470703, 0.9998646974563599, 0.9998646974563599, 0.9998646974563599, 0.9998648166656494, 0.9998648166656494, 0.9998648166656494, 0.9998648166656494, 0.9998648166656494, 0.9998648166656494, 0.9998648166656494]",aigvd_common1000,0,,0.9998644590377808,IDKbioWJe0U_9_0to198.mp4,F:\MEngDatasets\AIGVDBench\videos\Real\Real\videos\IDKbioWJe0U_9_0to198.mp4,test,0,real,Real,,Real,Real,1,False
real_00460,0,"[[-11.223894119262695, 14.5902099609375], [-11.223822593688965, 14.590094566345215], [-11.22365665435791, 14.589896202087402], [-11.22341537475586, 14.58947467803955], [-11.223719596862793, 14.590004920959473], [-11.224550247192383, 14.591219902038574], [-11.224783897399902, 14.591585159301758], [-11.225668907165527, 14.593085289001465], [-11.22520923614502, 14.592399597167969], [-11.225106239318848, 14.592171669006348]]","[1.0, 1.0, 1.0, 1.0, 1.0, 1.0, 1.0, 1.0, 1.0, 1.0]",aigvd_common1000,0,,1.0,JtpcTe859CU_16_0to107.mp4,F:\MEngDatasets\AIGVDBench\videos\Real\Real\videos\JtpcTe859CU_16_0to107.mp4,test,0,real,Real,,Real,Real,1,False
real_00461,0,"[[-11.243301391601562, 16.755992889404297], [-11.243416786193848, 16.756183624267578], [-11.24325180053711, 16.75593376159668], [-11.243237495422363, 16.755929946899414], [-11.243243217468262, 16.755931854248047], [-11.243471145629883, 16.756223678588867], [-11.243611335754395, 16.756404876708984], [-11.243032455444336, 16.75556755065918], [-11.242874145507812, 16.7553768157959], [-11.2430419921875, 16.755578994750977], [-11.243266105651855, 16.755905151367188], [-11.24341106414795, 16.756113052368164], [-11.243002891540527, 16.755502700805664], [-11.24300479888916, 16.755537033081055], [-11.24315357208252, 16.7557430267334], [-11.243327140808105, 16.7559757232666], [-11.243412971496582, 16.756103515625], [-11.243307113647461, 16.755958557128906], [-11.243331909179688, 16.756010055541992], [-11.243058204650879, 16.75558090209961], [-11.888731956481934, 15.96636962890625], [-11.889211654663086, 15.966854095458984], [-11.889586448669434, 15.967227935791016]]","[1.0, 1.0, 1.0, 1.0, 1.0, 1.0, 1.0, 1.0, 1.0, 1.0, 1.0, 1.0, 1.0, 1.0, 1.0, 1.0, 1.0, 1.0, 1.0, 1.0, 1.0, 1.0, 1.0]",aigvd_common1000,0,,1.0,KgrTKtOqcA0_6_66to318.mp4,F:\MEngDatasets\AIGVDBench\videos\Real\Real\videos\KgrTKtOqcA0_6_66to318.mp4,test,0,real,Real,,Real,Real,1,False
real_00462,0,"[[-18.216392517089844, 23.670846939086914], [-18.216598510742188, 23.670988082885742], [-18.217130661010742, 23.671756744384766], [-18.2183895111084, 23.673648834228516], [-18.215951919555664, 23.670019149780273], [-18.216678619384766, 23.671117782592773], [-18.217864990234375, 23.67299461364746], [-18.218326568603516, 23.6738224029541], [-18.218290328979492, 23.673906326293945], [-18.21747398376465, 23.672664642333984], [-18.217483520507812, 23.672605514526367], [-18.21765899658203, 23.67294692993164], [-18.217578887939453, 23.672826766967773], [-18.217670440673828, 23.67295265197754]]","[1.0, 1.0, 1.0, 1.0, 1.0, 1.0, 1.0, 1.0, 1.0, 1.0, 1.0, 1.0, 1.0, 1.0]",aigvd_common1000,0,,1.0,DJRDbSDG1GU_53_0to148.mp4,F:\MEngDatasets\AIGVDBench\videos\Real\Real\videos\DJRDbSDG1GU_53_0to148.mp4,test,0,real,Real,,Real,Real,1,False
real_00463,0,"[[-13.703059196472168, 17.118484497070312], [-13.703201293945312, 17.11866569519043], [-13.704198837280273, 17.119916915893555], [-13.704428672790527, 17.120174407958984], [-13.703742027282715, 17.119295120239258], [-13.702568054199219, 17.117820739746094], [-13.702010154724121, 17.117115020751953], [-13.701712608337402, 17.116771697998047], [-13.702592849731445, 17.1179141998291], [-13.70230770111084, 17.11756706237793], [-13.702177047729492, 17.11742401123047]]","[1.0, 1.0, 1.0, 1.0, 1.0, 1.0, 1.0, 1.0, 1.0, 1.0, 1.0]",aigvd_common1000,0,,1.0,nhskgJQ5XMU_202_0to114.mp4,F:\MEngDatasets\AIGVDBench\videos\Real\Real\videos\nhskgJQ5XMU_202_0to114.mp4,test,0,real,Real,,Real,Real,1,False
real_00464,0,"[[-11.514993667602539, 15.15819263458252], [-11.515405654907227, 15.158656120300293], [-11.515396118164062, 15.158713340759277], [-11.515642166137695, 15.159102439880371], [-11.5161714553833, 15.160086631774902], [-11.515857696533203, 15.159748077392578], [-11.515867233276367, 15.159759521484375], [-11.515971183776855, 15.15993595123291], [-11.51585578918457, 15.159725189208984], [-11.515896797180176, 15.159789085388184], [-11.515961647033691, 15.160012245178223], [-11.516026496887207, 15.160171508789062], [-11.516085624694824, 15.160332679748535], [-11.516044616699219, 15.16028118133545], [-11.516097068786621, 15.16041088104248], [-11.515902519226074, 15.160093307495117]]","[1.0, 1.0, 1.0, 1.0, 1.0, 1.0, 1.0, 1.0, 1.0, 1.0, 1.0, 1.0, 1.0, 1.0, 1.0, 1.0]",aigvd_common1000,0,,1.0,rkP0vK1plbU_20_0to162.mp4,F:\MEngDatasets\AIGVDBench\videos\Real\Real\videos\rkP0vK1plbU_20_0to162.mp4,test,0,real,Real,,Real,Real,1,False
real_00465,0,"[[-14.510315895080566, 20.4176082611084], [-14.510268211364746, 20.417707443237305], [-14.510223388671875, 20.41775131225586], [-14.510085105895996, 20.417551040649414], [-14.51009750366211, 20.41755485534668], [-14.510245323181152, 20.417823791503906], [-14.510357856750488, 20.418052673339844], [-14.510433197021484, 20.41818618774414], [-14.510446548461914, 20.418264389038086], [-14.510554313659668, 20.41845703125]]","[1.0, 1.0, 1.0, 1.0, 1.0, 1.0, 1.0, 1.0, 1.0, 1.0]",aigvd_common1000,0,,1.0,EfU4Nt-EUcU_16_0to104.mp4,F:\MEngDatasets\AIGVDBench\videos\Real\Real\videos\EfU4Nt-EUcU_16_0to104.mp4,test,0,real,Real,,Real,Real,1,False
real_00466,0,"[[-12.212339401245117, 15.844846725463867], [-12.212639808654785, 15.845267295837402], [-12.212786674499512, 15.845413208007812], [-12.211894035339355, 15.844254493713379], [-12.210382461547852, 15.842181205749512], [-12.211994171142578, 15.844612121582031], [-12.211767196655273, 15.844267845153809], [-12.211995124816895, 15.844610214233398], [-12.210700035095215, 15.842599868774414], [-12.210302352905273, 15.841983795166016]]","[1.0, 1.0, 1.0, 1.0, 1.0, 1.0, 1.0, 1.0, 1.0, 1.0]",aigvd_common1000,0,,1.0,A7jwsYPnrSk_30_0to109.mp4,F:\MEngDatasets\AIGVDBench\videos\Real\Real\videos\A7jwsYPnrSk_30_0to109.mp4,test,0,real,Real,,Real,Real,1,False
real_00467,0,"[[-12.034902572631836, 17.20540428161621], [-12.035025596618652, 17.205656051635742], [-12.035087585449219, 17.205751419067383], [-12.03509521484375, 17.205759048461914], [-12.035099983215332, 17.205778121948242], [-12.035072326660156, 17.205724716186523], [-12.035038948059082, 17.205663681030273], [-12.034992218017578, 17.20551109313965], [-12.035103797912598, 17.205684661865234], [-12.035139083862305, 17.20574188232422], [-12.035094261169434, 17.205646514892578], [-12.035120964050293, 17.205652236938477], [-12.035120964050293, 17.205638885498047], [-12.035189628601074, 17.205812454223633], [-12.035045623779297, 17.205751419067383], [-12.035192489624023, 17.205944061279297], [-12.03512191772461, 17.205821990966797], [-12.035170555114746, 17.205835342407227], [-12.035138130187988, 17.205808639526367], [-12.035017013549805, 17.205669403076172], [-15.472685813903809, 23.147783279418945], [-15.472841262817383, 23.148052215576172], [-15.47276496887207, 23.147945404052734], [-15.472638130187988, 23.14773178100586]]","[1.0, 1.0, 1.0, 1.0, 1.0, 1.0, 1.0, 1.0, 1.0, 1.0, 1.0, 1.0, 1.0, 1.0, 1.0, 1.0, 1.0, 1.0, 1.0, 1.0, 1.0, 1.0, 1.0, 1.0]",aigvd_common1000,0,,1.0,0NIGyLAVV8M_209_27to290.mp4,F:\MEngDatasets\AIGVDBench\videos\Real\Real\videos\0NIGyLAVV8M_209_27to290.mp4,test,0,real,Real,,Real,Real,1,False
real_00468,0,"[[-8.965622901916504, 12.909440040588379], [-8.96567153930664, 12.909506797790527], [-8.964170455932617, 12.907489776611328], [-8.962400436401367, 12.90520191192627], [-8.961840629577637, 12.9044189453125], [-8.96277141571045, 12.905661582946777], [-8.963988304138184, 12.907147407531738], [-8.965147972106934, 12.908610343933105], [-8.967020988464355, 12.91130256652832], [-8.96738052368164, 12.91179370880127], [-8.967123985290527, 12.911479949951172], [-8.966304779052734, 12.91032600402832]]","[1.0, 1.0, 1.0, 1.0, 1.0, 1.0, 1.0, 1.0, 1.0, 1.0, 1.0, 1.0]",aigvd_common1000,0,,1.0,u9CMrLbY5S8_44_44to190.mp4,F:\MEngDatasets\AIGVDBench\videos\Real\Real\videos\u9CMrLbY5S8_44_44to190.mp4,test,0,real,Real,,Real,Real,1,False
real_00469,0,"[[-19.55862045288086, 22.840072631835938], [-19.55914306640625, 22.840837478637695], [-19.558881759643555, 22.840450286865234], [-19.558286666870117, 22.83963394165039], [-19.558349609375, 22.839792251586914], [-19.55805015563965, 22.83927345275879], [-19.557056427001953, 22.837562561035156], [-19.557626724243164, 22.83847999572754], [-19.557493209838867, 22.838401794433594], [-19.558120727539062, 22.839412689208984], [-19.55805778503418, 22.839372634887695], [-19.55711555480957, 22.837879180908203], [-19.557634353637695, 22.83879280090332], [-19.557863235473633, 22.839086532592773], [-19.558616638183594, 22.840158462524414]]","[1.0, 1.0, 1.0, 1.0, 1.0, 1.0, 1.0, 1.0, 1.0, 1.0, 1.0, 1.0, 1.0, 1.0, 1.0]",aigvd_common1000,0,,1.0,OPMa5Y-ABaA_14_0to154.mp4,F:\MEngDatasets\AIGVDBench\videos\Real\Real\videos\OPMa5Y-ABaA_14_0to154.mp4,test,0,real,Real,,Real,Real,1,False
real_00470,0,"[[-6.5261969566345215, 8.868265151977539], [-6.526096820831299, 8.86804485321045], [-6.525031089782715, 8.866386413574219], [-6.525548934936523, 8.867210388183594], [-6.5257568359375, 8.867586135864258], [-6.525749683380127, 8.86760139465332], [-6.525869369506836, 8.867789268493652], [-6.526033401489258, 8.867964744567871], [-6.5261077880859375, 8.868087768554688], [-6.526072978973389, 8.868103981018066], [-6.526269435882568, 8.868433952331543], [-6.526491165161133, 8.86876392364502], [-6.526186466217041, 8.868223190307617], [-6.526022911071777, 8.867956161499023], [-6.525876522064209, 8.867783546447754], [-6.526039123535156, 8.86799430847168], [-6.526309013366699, 8.868414878845215], [-6.5259318351745605, 8.867843627929688], [-6.526125907897949, 8.868179321289062], [-6.52625846862793, 8.86828327178955]]","[0.9999997615814209, 0.9999997615814209, 0.9999997615814209, 0.9999997615814209, 0.9999997615814209, 0.9999997615814209, 0.9999997615814209, 0.9999997615814209, 0.9999997615814209, 0.9999997615814209, 0.9999997615814209, 0.9999997615814209, 0.9999997615814209, 0.9999997615814209, 0.9999997615814209, 0.9999997615814209, 0.9999997615814209, 0.9999997615814209, 0.9999997615814209, 0.9999997615814209]",aigvd_common1000,0,,0.9999997615814209,MTV8_vY9VuU_7_0to204.mp4,F:\MEngDatasets\AIGVDBench\videos\Real\Real\videos\MTV8_vY9VuU_7_0to204.mp4,test,0,real,Real,,Real,Real,1,False
real_00471,0,"[[-7.596123695373535, 9.22844409942627], [-7.595510959625244, 9.22752571105957], [-7.595734119415283, 9.227896690368652], [-7.5957560539245605, 9.227909088134766], [-7.596090793609619, 9.228373527526855], [-7.596444606781006, 9.228960037231445], [-7.5959367752075195, 9.228253364562988], [-7.595894813537598, 9.228180885314941], [-7.596602916717529, 9.22914981842041]]","[1.0, 1.0, 1.0, 1.0, 1.0, 1.0, 1.0, 1.0, 1.0]",aigvd_common1000,0,,1.0,wcY6nDp_HzM_58_22to134.mp4,F:\MEngDatasets\AIGVDBench\videos\Real\Real\videos\wcY6nDp_HzM_58_22to134.mp4,test,0,real,Real,,Real,Real,1,False
real_00472,0,"[[-17.61690330505371, 22.904760360717773], [-17.61661148071289, 22.90424346923828], [-17.616830825805664, 22.90481948852539], [-17.61687660217285, 22.904787063598633], [-17.61667823791504, 22.904481887817383], [-17.616962432861328, 22.904966354370117], [-17.616872787475586, 22.904808044433594], [-17.6168155670166, 22.904674530029297], [-17.61674690246582, 22.904558181762695], [-17.616802215576172, 22.904640197753906], [-17.616830825805664, 22.904687881469727]]","[1.0, 1.0, 1.0, 1.0, 1.0, 1.0, 1.0, 1.0, 1.0, 1.0, 1.0]",aigvd_common1000,0,,1.0,X2zqiX6yL3I_91_0to114.mp4,F:\MEngDatasets\AIGVDBench\videos\Real\Real\videos\X2zqiX6yL3I_91_0to114.mp4,test,0,real,Real,,Real,Real,1,False
real_00473,0,"[[-9.721061706542969, 11.244576454162598], [-9.721166610717773, 11.244712829589844], [-9.721020698547363, 11.244534492492676], [-9.721094131469727, 11.244624137878418], [-9.721015930175781, 11.244504928588867], [-9.720961570739746, 11.244439125061035], [-9.721166610717773, 11.244720458984375], [-9.72120475769043, 11.244736671447754], [-9.721190452575684, 11.244750022888184], [-9.721111297607422, 11.244620323181152], [-9.720991134643555, 11.244473457336426], [-9.721105575561523, 11.244622230529785]]","[1.0, 1.0, 1.0, 1.0, 1.0, 1.0, 1.0, 1.0, 1.0, 1.0, 1.0, 1.0]",aigvd_common1000,0,,1.0,wSwpV85OXNs_139_0to124.mp4,F:\MEngDatasets\AIGVDBench\videos\Real\Real\videos\wSwpV85OXNs_139_0to124.mp4,test,0,real,Real,,Real,Real,1,False
real_00474,0,"[[-14.678719520568848, 19.25026512145996], [-14.678800582885742, 19.250383377075195], [-14.678549766540527, 19.250022888183594], [-14.679121017456055, 19.250873565673828], [-14.679258346557617, 19.250993728637695], [-14.678326606750488, 19.249765396118164], [-14.677899360656738, 19.249189376831055], [-14.678638458251953, 19.250173568725586], [-14.678423881530762, 19.24991798400879], [-14.677960395812988, 19.249238967895508], [-14.677963256835938, 19.249174118041992], [-14.678535461425781, 19.249996185302734], [-14.678853034973145, 19.250436782836914], [-14.678132057189941, 19.24948501586914], [-14.678515434265137, 19.249963760375977], [-14.679079055786133, 19.250743865966797], [-14.679413795471191, 19.251197814941406], [-14.679282188415527, 19.25101661682129], [-14.678838729858398, 19.25049591064453], [-14.679286003112793, 19.251127243041992], [-15.545825004577637, 21.388256072998047], [-15.545758247375488, 21.388120651245117], [-15.545926094055176, 21.388248443603516], [-15.545475959777832, 21.387537002563477], [-15.544878005981445, 21.386690139770508], [-15.544842720031738, 21.38672637939453], [-15.545736312866211, 21.387969970703125], [-15.545633316040039, 21.387845993041992], [-15.545269966125488, 21.387340545654297], [-15.547259330749512, 21.390151977539062], [-15.546640396118164, 21.3892765045166], [-15.546126365661621, 21.38860511779785], [-15.54642391204834, 21.389062881469727], [-15.546263694763184, 21.38873863220215], [-15.546141624450684, 21.388668060302734], [-15.54650592803955, 21.389175415039062], [-15.546327590942383, 21.388898849487305], [-15.545292854309082, 21.38735008239746], [-15.545040130615234, 21.386991500854492], [-15.548306465148926, 21.391761779785156]]","[1.0, 1.0, 1.0, 1.0, 1.0, 1.0, 1.0, 1.0, 1.0, 1.0, 1.0, 1.0, 1.0, 1.0, 1.0, 1.0, 1.0, 1.0, 1.0, 1.0, 1.0, 1.0, 1.0, 1.0, 1.0, 1.0, 1.0, 1.0, 1.0, 1.0, 1.0, 1.0, 1.0, 1.0, 1.0, 1.0, 1.0, 1.0, 1.0, 1.0]",aigvd_common1000,0,,1.0,3-TF4iCcNbg_9_16to446.mp4,F:\MEngDatasets\AIGVDBench\videos\Real\Real\videos\3-TF4iCcNbg_9_16to446.mp4,test,0,real,Real,,Real,Real,1,False
real_00475,0,"[[-5.462588787078857, 8.501311302185059], [-5.46274995803833, 8.501523971557617], [-5.462658405303955, 8.50140380859375], [-5.462525844573975, 8.501219749450684], [-5.462369441986084, 8.501022338867188], [-5.462073802947998, 8.500663757324219], [-5.461988925933838, 8.500530242919922], [-5.462194919586182, 8.500801086425781], [-5.46204948425293, 8.500617980957031], [-5.462286949157715, 8.5009126663208], [-5.462152004241943, 8.500727653503418], [-5.4620585441589355, 8.50061321258545], [-5.461902141571045, 8.500421524047852], [-5.461820602416992, 8.50032901763916], [-5.461735248565674, 8.500216484069824], [-5.46160888671875, 8.500046730041504], [-5.461759567260742, 8.500219345092773], [-5.461852073669434, 8.500360488891602], [-5.461766242980957, 8.500232696533203], [-5.462055206298828, 8.50062370300293], [-6.992900371551514, 9.593419075012207], [-6.992920398712158, 9.593448638916016], [-6.9929938316345215, 9.593531608581543], [-6.99309778213501, 9.593648910522461], [-6.992608547210693, 9.592909812927246], [-6.993155479431152, 9.593585014343262]]","[0.9999991655349731, 0.9999991655349731, 0.9999991655349731, 0.9999991655349731, 0.9999991655349731, 0.9999991655349731, 0.9999991655349731, 0.9999991655349731, 0.9999991655349731, 0.9999991655349731, 0.9999991655349731, 0.9999991655349731, 0.9999991655349731, 0.9999991655349731, 0.9999991655349731, 0.9999991655349731, 0.9999991655349731, 0.9999991655349731, 0.9999991655349731, 0.9999991655349731, 0.9999998807907104, 0.9999998807907104, 0.9999998807907104, 0.9999998807907104, 0.9999998807907104, 0.9999998807907104]",aigvd_common1000,0,,0.9999991655349731,50KDhKUOrqI_57_294to582.mp4,F:\MEngDatasets\AIGVDBench\videos\Real\Real\videos\50KDhKUOrqI_57_294to582.mp4,test,0,real,Real,,Real,Real,1,False
real_00476,0,"[[2.783888339996338, -3.5195798873901367], [2.7841787338256836, -3.5198686122894287], [2.784029245376587, -3.519721031188965], [2.784167528152466, -3.5198588371276855], [2.7853317260742188, -3.5210046768188477], [2.78548264503479, -3.5211377143859863], [2.78533673286438, -3.520996570587158], [2.783900022506714, -3.5195870399475098]]","[0.0018266044789925218, 0.0018255483591929078, 0.0018260907381772995, 0.0018255867762491107, 0.001821382436901331, 0.0018208659021183848, 0.0018213876755908132, 0.001826570718549192]",aigvd_common1000,0,,0.0018255483591929078,SGKXbHR2Atg_7_0to104.mp4,F:\MEngDatasets\AIGVDBench\videos\Real\Real\videos\SGKXbHR2Atg_7_0to104.mp4,test,0,real,Real,,Real,Real,0,True
real_00477,0,"[[-24.525907516479492, 28.85506820678711], [-24.5262451171875, 28.8557071685791], [-24.52676773071289, 28.856674194335938], [-24.52735710144043, 28.857757568359375], [-24.528615951538086, 28.859546661376953], [-24.52841567993164, 28.859018325805664], [-24.5286865234375, 28.859600067138672], [-24.52789306640625, 28.858598709106445], [-24.526824951171875, 28.8566951751709], [-24.526315689086914, 28.855735778808594], [-24.52695083618164, 28.856678009033203], [-24.52655029296875, 28.856107711791992], [-24.526500701904297, 28.85616111755371], [-24.526784896850586, 28.85663604736328], [-24.526756286621094, 28.85662078857422], [-24.526702880859375, 28.856534957885742], [-24.526737213134766, 28.85658836364746], [-24.526351928710938, 28.855884552001953], [-24.52598762512207, 28.855249404907227], [-24.52598762512207, 28.855222702026367], [-21.08536148071289, 24.801416397094727], [-21.085979461669922, 24.802412033081055], [-21.086162567138672, 24.802583694458008], [-21.086355209350586, 24.80290412902832], [-21.0864200592041, 24.80307960510254], [-21.087068557739258, 24.804136276245117], [-21.087650299072266, 24.804887771606445], [-21.08737564086914, 24.804529190063477], [-21.087928771972656, 24.80521583557129], [-21.0872859954834, 24.804380416870117], [-21.087074279785156, 24.80405616760254], [-21.087053298950195, 24.80399513244629], [-21.087764739990234, 24.805057525634766], [-21.087446212768555, 24.804609298706055], [-21.086862564086914, 24.8038330078125], [-21.08656120300293, 24.803361892700195], [-21.08649253845215, 24.80327796936035], [-21.087480545043945, 24.804786682128906], [-21.08765983581543, 24.80495262145996], [-21.0882511138916, 24.805683135986328], [-12.987442016601562, 16.480224609375], [-12.986879348754883, 16.479537963867188], [-12.98515510559082, 16.477163314819336], [-12.984465599060059, 16.476215362548828], [-12.984067916870117, 16.475624084472656], [-12.98481559753418, 16.47665023803711], [-12.985507011413574, 16.47764015197754], [-12.98587703704834, 16.478191375732422], [-12.985986709594727, 16.478370666503906], [-12.986170768737793, 16.47864532470703], [-12.986363410949707, 16.478870391845703], [-12.985535621643066, 16.477752685546875], [-12.98569393157959, 16.477874755859375], [-12.985467910766602, 16.477537155151367], [-12.985064506530762, 16.476978302001953], [-12.985122680664062, 16.477115631103516], [-12.985541343688965, 16.477773666381836], [-12.986732482910156, 16.479351043701172], [-12.986008644104004, 16.478412628173828], [-12.9857759475708, 16.47806739807129], [-19.730361938476562, 22.932565689086914], [-19.730188369750977, 22.932249069213867], [-19.72968101501465, 22.931432723999023], [-19.729774475097656, 22.931575775146484], [-19.730030059814453, 22.931974411010742], [-19.73021125793457, 22.93225860595703], [-19.730432510375977, 22.932607650756836], [-19.730728149414062, 22.93304443359375], [-19.730695724487305, 22.933046340942383], [-19.730695724487305, 22.93303680419922], [-19.730754852294922, 22.93306541442871], [-19.730358123779297, 22.932531356811523], [-19.730178833007812, 22.932275772094727], [-19.729904174804688, 22.93183135986328], [-19.729534149169922, 22.931230545043945], [-19.729372024536133, 22.93097496032715], [-19.729398727416992, 22.931015014648438], [-19.729373931884766, 22.930971145629883], [-19.729602813720703, 22.931352615356445], [-19.7305965423584, 22.93277359008789], [-18.715803146362305, 22.62692642211914], [-18.716310501098633, 22.62783432006836], [-18.716840744018555, 22.628673553466797], [-18.716474533081055, 22.62801170349121], [-18.716650009155273, 22.6282901763916], [-18.716304779052734, 22.62788200378418], [-18.716388702392578, 22.627994537353516], [-18.716352462768555, 22.62800407409668], [-18.716068267822266, 22.627424240112305], [-18.715402603149414, 22.626314163208008], [-18.715730667114258, 22.626785278320312], [-18.717267990112305, 22.62893295288086], [-18.717288970947266, 22.62897491455078], [-18.71683692932129, 22.62833595275879], [-18.716625213623047, 22.628202438354492], [-18.716733932495117, 22.628387451171875], [-18.716371536254883, 22.627859115600586], [-18.71651840209961, 22.628028869628906], [-18.71639633178711, 22.627944946289062], [-18.71631622314453, 22.627832412719727], [-16.638275146484375, 19.632402420043945], [-16.63804817199707, 19.63201332092285], [-16.637752532958984, 19.631505966186523], [-16.637630462646484, 19.631296157836914], [-16.638029098510742, 19.631969451904297], [-16.638385772705078, 19.632572174072266], [-16.63813591003418, 19.63219451904297], [-16.637971878051758, 19.631868362426758], [-16.639598846435547, 19.633989334106445], [-16.639631271362305, 19.634008407592773], [-16.63881492614746, 19.632917404174805], [-16.63844871520996, 19.63260841369629], [-16.638141632080078, 19.631877899169922], [-16.638561248779297, 19.632543563842773], [-16.638126373291016, 19.63210105895996], [-16.638126373291016, 19.632083892822266], [-16.638286590576172, 19.63236427307129], [-16.63829231262207, 19.632402420043945], [-16.639026641845703, 19.633567810058594], [-16.638479232788086, 19.632701873779297], [-20.012868881225586, 23.454187393188477], [-20.012331008911133, 23.45335578918457], [-20.012042999267578, 23.452922821044922], [-20.012765884399414, 23.453998565673828], [-20.0125675201416, 23.453805923461914], [-20.012527465820312, 23.453763961791992], [-20.012229919433594, 23.453296661376953], [-20.012834548950195, 23.45413589477539], [-20.013042449951172, 23.454492568969727], [-20.014366149902344, 23.45644187927246], [-20.013832092285156, 23.45557975769043], [-20.014270782470703, 23.456254959106445], [-20.013526916503906, 23.455291748046875], [-20.012861251831055, 23.454195022583008], [-20.012876510620117, 23.454221725463867], [-20.012802124023438, 23.454116821289062], [-20.01333999633789, 23.455007553100586], [-20.013906478881836, 23.455907821655273], [-20.01314926147461, 23.454687118530273], [-20.013051986694336, 23.454465866088867], [-19.39635467529297, 24.02025032043457], [-19.397249221801758, 24.021705627441406], [-19.397356033325195, 24.02192497253418], [-19.39681053161621, 24.020938873291016], [-19.396697998046875, 24.020891189575195], [-19.397327423095703, 24.02178192138672]]","[1.0, 1.0, 1.0, 1.0, 1.0, 1.0, 1.0, 1.0, 1.0, 1.0, 1.0, 1.0, 1.0, 1.0, 1.0, 1.0, 1.0, 1.0, 1.0, 1.0, 1.0, 1.0, 1.0, 1.0, 1.0, 1.0, 1.0, 1.0, 1.0, 1.0, 1.0, 1.0, 1.0, 1.0, 1.0, 1.0, 1.0, 1.0, 1.0, 1.0, 1.0, 1.0, 1.0, 1.0, 1.0, 1.0, 1.0, 1.0, 1.0, 1.0, 1.0, 1.0, 1.0, 1.0, 1.0, 1.0, 1.0, 1.0, 1.0, 1.0, 1.0, 1.0, 1.0, 1.0, 1.0, 1.0, 1.0, 1.0, 1.0, 1.0, 1.0, 1.0, 1.0, 1.0, 1.0, 1.0, 1.0, 1.0, 1.0, 1.0, 1.0, 1.0, 1.0, 1.0, 1.0, 1.0, 1.0, 1.0, 1.0, 1.0, 1.0, 1.0, 1.0, 1.0, 1.0, 1.0, 1.0, 1.0, 1.0, 1.0, 1.0, 1.0, 1.0, 1.0, 1.0, 1.0, 1.0, 1.0, 1.0, 1.0, 1.0, 1.0, 1.0, 1.0, 1.0, 1.0, 1.0, 1.0, 1.0, 1.0, 1.0, 1.0, 1.0, 1.0, 1.0, 1.0, 1.0, 1.0, 1.0, 1.0, 1.0, 1.0, 1.0, 1.0, 1.0, 1.0, 1.0, 1.0, 1.0, 1.0, 1.0, 1.0, 1.0, 1.0, 1.0, 1.0]",aigvd_common1000,0,,1.0,2zf8uvZBL44_0_0to1461.mp4,F:\MEngDatasets\AIGVDBench\videos\Real\Real\videos\2zf8uvZBL44_0_0to1461.mp4,test,0,real,Real,,Real,Real,1,False
real_00478,0,"[[-14.350116729736328, 19.651086807250977], [-14.352225303649902, 19.654869079589844], [-14.353907585144043, 19.65814971923828], [-14.353757858276367, 19.657926559448242], [-14.353435516357422, 19.6573486328125], [-14.352978706359863, 19.656543731689453], [-14.352546691894531, 19.655736923217773], [-14.352334022521973, 19.65530776977539], [-14.351977348327637, 19.654708862304688], [-14.351758003234863, 19.654417037963867], [-14.351348876953125, 19.653711318969727], [-14.350983619689941, 19.65313720703125], [-14.35084056854248, 19.652929306030273], [-14.351006507873535, 19.653230667114258], [-14.351305961608887, 19.653738021850586]]","[1.0, 1.0, 1.0, 1.0, 1.0, 1.0, 1.0, 1.0, 1.0, 1.0, 1.0, 1.0, 1.0, 1.0, 1.0]",aigvd_common1000,0,,1.0,mzInI2iwql0_1_0to155.mp4,F:\MEngDatasets\AIGVDBench\videos\Real\Real\videos\mzInI2iwql0_1_0to155.mp4,test,0,real,Real,,Real,Real,1,False
real_00479,0,"[[-6.99735164642334, 10.335949897766113], [-6.997274398803711, 10.33580207824707], [-6.9974870681762695, 10.336155891418457], [-6.997495174407959, 10.336163520812988], [-6.997376441955566, 10.336069107055664], [-6.997331142425537, 10.33603286743164], [-6.997398376464844, 10.336133003234863], [-6.997317314147949, 10.335962295532227], [-6.997361660003662, 10.336014747619629], [-6.997235298156738, 10.335826873779297]]","[1.0, 1.0, 1.0, 1.0, 1.0, 1.0, 1.0, 1.0, 1.0, 1.0]",aigvd_common1000,0,,1.0,ZsxlTeh1BIo_42_20to148.mp4,F:\MEngDatasets\AIGVDBench\videos\Real\Real\videos\ZsxlTeh1BIo_42_20to148.mp4,test,0,real,Real,,Real,Real,1,False
real_00480,0,"[[-17.96389389038086, 24.134479522705078], [-17.96346092224121, 24.13381004333496], [-17.96346664428711, 24.13383674621582], [-17.9644775390625, 24.135345458984375], [-17.964447021484375, 24.135217666625977], [-17.96455955505371, 24.135149002075195], [-17.964731216430664, 24.1346378326416], [-17.964357376098633, 24.133726119995117], [-17.964214324951172, 24.1337833404541], [-17.964380264282227, 24.134096145629883], [-17.965103149414062, 24.135560989379883], [-17.96575927734375, 24.13663101196289], [-17.965633392333984, 24.136356353759766], [-17.964916229248047, 24.135101318359375], [-17.96492576599121, 24.134849548339844], [-17.964990615844727, 24.13489532470703], [-17.964981079101562, 24.13493537902832], [-17.96506690979004, 24.135133743286133], [-17.965288162231445, 24.135822296142578], [-17.96539306640625, 24.136178970336914], [-12.670169830322266, 16.312076568603516], [-12.669079780578613, 16.30995750427246], [-12.669371604919434, 16.310495376586914], [-12.669844627380371, 16.31147575378418], [-12.669649124145508, 16.311079025268555], [-12.669610977172852, 16.310970306396484], [-12.670104026794434, 16.311861038208008], [-12.670112609863281, 16.311830520629883], [-12.670024871826172, 16.311553955078125], [-12.669506072998047, 16.31055450439453], [-12.669142723083496, 16.31037139892578], [-12.669032096862793, 16.3104305267334], [-12.669239044189453, 16.310522079467773], [-12.66942310333252, 16.310510635375977], [-12.6692533493042, 16.310075759887695], [-12.669621467590332, 16.3105411529541], [-12.669862747192383, 16.311113357543945], [-12.669504165649414, 16.31039810180664]]","[1.0, 1.0, 1.0, 1.0, 1.0, 1.0, 1.0, 1.0, 1.0, 1.0, 1.0, 1.0, 1.0, 1.0, 1.0, 1.0, 1.0, 1.0, 1.0, 1.0, 1.0, 1.0, 1.0, 1.0, 1.0, 1.0, 1.0, 1.0, 1.0, 1.0, 1.0, 1.0, 1.0, 1.0, 1.0, 1.0, 1.0, 1.0]",aigvd_common1000,0,,1.0,FT7EyOI4OpU_7_0to381.mp4,F:\MEngDatasets\AIGVDBench\videos\Real\Real\videos\FT7EyOI4OpU_7_0to381.mp4,test,0,real,Real,,Real,Real,1,False
real_00481,0,"[[-11.616050720214844, 18.194032669067383], [-11.61625862121582, 18.194351196289062], [-11.616117477416992, 18.194055557250977], [-11.616238594055176, 18.194210052490234], [-11.616324424743652, 18.19432258605957], [-11.616432189941406, 18.194597244262695], [-11.616703033447266, 18.19502830505371], [-11.616629600524902, 18.194679260253906], [-11.616369247436523, 18.193984985351562], [-11.616588592529297, 18.194307327270508], [-11.616384506225586, 18.194398880004883], [-11.616096496582031, 18.194046020507812], [-11.616052627563477, 18.1939640045166], [-11.616150856018066, 18.194128036499023], [-11.616351127624512, 18.194522857666016], [-11.61623764038086, 18.1943416595459], [-11.616654396057129, 18.195035934448242], [-11.616884231567383, 18.19538688659668], [-11.615983963012695, 18.193687438964844], [-11.615633010864258, 18.193023681640625], [-14.472524642944336, 20.06683349609375]]","[1.0, 1.0, 1.0, 1.0, 1.0, 1.0, 1.0, 1.0, 1.0, 1.0, 1.0, 1.0, 1.0, 1.0, 1.0, 1.0, 1.0, 1.0, 1.0, 1.0, 1.0]",aigvd_common1000,0,,1.0,uD1qsJjHi14_6_0to210.mp4,F:\MEngDatasets\AIGVDBench\videos\Real\Real\videos\uD1qsJjHi14_6_0to210.mp4,test,0,real,Real,,Real,Real,1,False
real_00482,0,"[[-9.893959045410156, 12.22474193572998], [-9.89462661743164, 12.22561264038086], [-9.894745826721191, 12.225859642028809], [-9.894548416137695, 12.225637435913086], [-9.894351959228516, 12.225435256958008], [-9.895010948181152, 12.226414680480957], [-9.8954496383667, 12.22697639465332], [-9.895238876342773, 12.226611137390137], [-9.895308494567871, 12.226667404174805], [-9.895153045654297, 12.226451873779297], [-9.894575119018555, 12.22553825378418], [-9.894612312316895, 12.2256498336792], [-9.894490242004395, 12.225500106811523], [-9.894781112670898, 12.225882530212402], [-9.894339561462402, 12.22514820098877]]","[1.0, 1.0, 1.0, 1.0, 1.0, 1.0, 1.0, 1.0, 1.0, 1.0, 1.0, 1.0, 1.0, 1.0, 1.0]",aigvd_common1000,0,,1.0,3Ym6Ip3M3fQ_39_45to225.mp4,F:\MEngDatasets\AIGVDBench\videos\Real\Real\videos\3Ym6Ip3M3fQ_39_45to225.mp4,test,0,real,Real,,Real,Real,1,False
real_00483,0,"[[-11.002683639526367, 12.702287673950195], [-11.002717018127441, 12.70232105255127], [-11.002694129943848, 12.702296257019043], [-11.002723693847656, 12.70233154296875], [-11.002714157104492, 12.702315330505371], [-11.002686500549316, 12.702278137207031], [-11.002747535705566, 12.702366828918457], [-11.002464294433594, 12.70202350616455], [-11.002495765686035, 12.70206069946289], [-11.00266170501709, 12.702261924743652]]","[1.0, 1.0, 1.0, 1.0, 1.0, 1.0, 1.0, 1.0, 1.0, 1.0]",aigvd_common1000,0,,1.0,NwGuCTHwXaY_24_17to144.mp4,F:\MEngDatasets\AIGVDBench\videos\Real\Real\videos\NwGuCTHwXaY_24_17to144.mp4,test,0,real,Real,,Real,Real,1,False
real_00484,0,"[[-16.373886108398438, 22.427946090698242], [-16.373672485351562, 22.427642822265625], [-16.374217987060547, 22.428335189819336], [-16.374494552612305, 22.428808212280273], [-16.37560272216797, 22.43083381652832], [-16.377065658569336, 22.433349609375], [-16.37476348876953, 22.42972755432129], [-16.37691307067871, 22.43321418762207], [-16.373477935791016, 22.427335739135742]]","[1.0, 1.0, 1.0, 1.0, 1.0, 1.0, 1.0, 1.0, 1.0]",aigvd_common1000,0,,1.0,wcPaoCqMtMc_50_30to141.mp4,F:\MEngDatasets\AIGVDBench\videos\Real\Real\videos\wcPaoCqMtMc_50_30to141.mp4,test,0,real,Real,,Real,Real,1,False
real_00485,0,"[[6.942984104156494, -8.82137393951416], [6.943020820617676, -8.82139778137207], [6.942945957183838, -8.8213472366333], [6.9430413246154785, -8.821420669555664], [6.94308614730835, -8.821452140808105], [6.943040370941162, -8.821413040161133], [6.942981243133545, -8.821378707885742], [6.942880153656006, -8.821300506591797], [6.942915439605713, -8.821331024169922], [6.9431538581848145, -8.821494102478027], [6.943081855773926, -8.821441650390625], [6.943105220794678, -8.821466445922852], [6.943166255950928, -8.821499824523926], [6.94289493560791, -8.821307182312012], [6.943020343780518, -8.821399688720703], [6.943020820617676, -8.821401596069336], [6.942966461181641, -8.821367263793945]]","[1.4243805424030143e-07, 1.4242949930576287e-07, 1.424472912958663e-07, 1.4242338863823534e-07, 1.424125173343782e-07, 1.424244686631937e-07, 1.4243778423406184e-07, 1.4246332113998506e-07, 1.4245408408442017e-07, 1.4239677170735376e-07, 1.4241454948660248e-07, 1.4240762880035618e-07, 1.4239432744034275e-07, 1.4246033686049486e-07, 1.4242935719721572e-07, 1.424289592932837e-07, 1.424415927431255e-07]",aigvd_common1000,0,,1.4242949930576287e-07,LJGo6Nla1L8_7_0to198.mp4,F:\MEngDatasets\AIGVDBench\videos\Real\Real\videos\LJGo6Nla1L8_7_0to198.mp4,test,0,real,Real,,Real,Real,0,True
real_00486,0,"[[-13.293760299682617, 19.5867919921875], [-13.293601989746094, 19.586580276489258], [-13.293444633483887, 19.586151123046875], [-13.292386054992676, 19.584091186523438], [-13.29296875, 19.585290908813477], [-13.293091773986816, 19.585582733154297], [-13.292452812194824, 19.58418846130371], [-13.292166709899902, 19.583526611328125], [-13.292341232299805, 19.583778381347656], [-13.292624473571777, 19.58428382873535], [-13.292913436889648, 19.584802627563477], [-13.292667388916016, 19.584365844726562], [-13.29273509979248, 19.584495544433594], [-13.292276382446289, 19.58342933654785], [-13.29210090637207, 19.583152770996094], [-13.292019844055176, 19.583019256591797], [-13.29195785522461, 19.582956314086914]]","[1.0, 1.0, 1.0, 1.0, 1.0, 1.0, 1.0, 1.0, 1.0, 1.0, 1.0, 1.0, 1.0, 1.0, 1.0, 1.0, 1.0]",aigvd_common1000,0,,1.0,TzndBGp5IcI_359_0to171.mp4,F:\MEngDatasets\AIGVDBench\videos\Real\Real\videos\TzndBGp5IcI_359_0to171.mp4,test,0,real,Real,,Real,Real,1,False
real_00487,0,"[[4.516455173492432, -5.2858195304870605], [4.516707420349121, -5.28605318069458], [4.515701770782471, -5.285129070281982], [4.5161004066467285, -5.285497665405273], [4.5156941413879395, -5.285120010375977], [4.516467094421387, -5.285835266113281], [4.515721797943115, -5.285148620605469], [4.515689849853516, -5.285116195678711], [4.515848636627197, -5.285262107849121], [4.51652193069458, -5.285881042480469], [4.516642093658447, -5.285991668701172], [4.516117572784424, -5.2855072021484375], [4.516563415527344, -5.285919666290283], [4.516551971435547, -5.285907745361328], [4.516665458679199, -5.286013126373291], [4.516774654388428, -5.28611421585083], [4.517045497894287, -5.286365032196045], [4.51693058013916, -5.286259174346924], [4.517176151275635, -5.2864837646484375], [4.516833782196045, -5.286169528961182], [14.805282592773438, -14.868247985839844], [14.805182456970215, -14.8682279586792], [14.80460262298584, -14.867891311645508], [14.803997993469238, -14.86742115020752], [14.804059028625488, -14.867403984069824], [14.804387092590332, -14.867656707763672], [14.80468463897705, -14.867935180664062], [14.804795265197754, -14.868058204650879], [14.805211067199707, -14.868334770202637], [14.805153846740723, -14.868314743041992], [14.805573463439941, -14.868590354919434], [14.804963111877441, -14.86823844909668], [14.805383682250977, -14.868440628051758], [14.805761337280273, -14.868623733520508], [14.806159973144531, -14.868913650512695], [14.80599594116211, -14.86881160736084], [14.805107116699219, -14.868311882019043], [14.805112838745117, -14.868339538574219], [14.805614471435547, -14.868639945983887], [14.805264472961426, -14.868425369262695], [6.882157325744629, -6.799569129943848], [6.881573677062988, -6.798984050750732], [6.881726264953613, -6.799134254455566], [6.881761074066162, -6.799167633056641], [6.8817572593688965, -6.799164772033691], [6.882406711578369, -6.7998247146606445], [6.882675647735596, -6.8000993728637695], [6.882795333862305, -6.800224304199219], [6.882305145263672, -6.79973840713501], [6.882676601409912, -6.800107002258301], [6.882690906524658, -6.800124645233154], [6.882425308227539, -6.799862384796143], [6.882596015930176, -6.800034999847412], [6.882956027984619, -6.8003926277160645], [6.8824076652526855, -6.799833297729492], [6.882316589355469, -6.799734592437744], [6.8821797370910645, -6.799593925476074], [6.882348537445068, -6.799769401550293], [6.8822712898254395, -6.799689292907715], [6.882220268249512, -6.799637794494629], [-1.5211516618728638, 2.0950047969818115], [-1.5214886665344238, 2.095440149307251], [-1.521368145942688, 2.0953168869018555], [-1.5212059020996094, 2.095113754272461], [-1.5210124254226685, 2.094837188720703], [-1.5210591554641724, 2.094897747039795], [-1.5208791494369507, 2.0946452617645264], [-1.5208759307861328, 2.0946130752563477], [-1.5213606357574463, 2.095280170440674], [-1.521198034286499, 2.0950684547424316], [-1.5211303234100342, 2.0949792861938477], [-1.5213282108306885, 2.0952556133270264], [-1.5209436416625977, 2.0947418212890625], [-1.5213021039962769, 2.095210075378418], [-1.521241545677185, 2.0951361656188965], [-1.521156668663025, 2.095026969909668], [-1.5209288597106934, 2.0947296619415283], [-1.5212842226028442, 2.0951836109161377], [-1.5219472646713257, 2.0960750579833984], [-1.5219420194625854, 2.0960965156555176], [-2.24532413482666, 3.930638551712036], [-2.2449772357940674, 3.9301881790161133], [-2.2448649406433105, 3.930039405822754], [-2.2444229125976562, 3.9294724464416504], [-2.2450692653656006, 3.9303059577941895], [-2.244941234588623, 3.930142641067505], [-2.244964838027954, 3.9301271438598633], [-2.2452216148376465, 3.9304769039154053], [-2.245610475540161, 3.930999279022217], [-2.2457492351531982, 3.931177854537964], [-2.2456283569335938, 3.9310405254364014], [-2.2453956604003906, 3.930751085281372], [-2.2452986240386963, 3.9305551052093506], [-2.2447686195373535, 3.929921865463257], [-2.245195150375366, 3.930483341217041], [-2.245767831802368, 3.9312520027160645], [-2.245654821395874, 3.9310977458953857], [-2.245659589767456, 3.9311015605926514], [-2.2455997467041016, 3.931030750274658], [-2.245816230773926, 3.9312524795532227], [-3.431248426437378, 4.555681228637695], [-3.4310696125030518, 4.555502891540527], [-3.430673599243164, 4.555092811584473], [-3.4305405616760254, 4.554955005645752], [-3.430224657058716, 4.5546040534973145], [-3.4299864768981934, 4.554346561431885], [-3.431108236312866, 4.555535316467285], [-3.4316887855529785, 4.556146144866943], [-3.4314889907836914, 4.555931091308594], [-3.4314041137695312, 4.555844306945801], [-3.430793046951294, 4.5551958084106445], [-3.430832862854004, 4.555233478546143], [-3.431389093399048, 4.555823802947998], [-3.43102765083313, 4.555445671081543], [-3.4306607246398926, 4.555059432983398], [-3.431650400161743, 4.556103706359863], [-3.4317634105682373, 4.556224346160889], [-3.4318127632141113, 4.5562744140625], [-3.4320266246795654, 4.5564961433410645], [-3.4322011470794678, 4.556684970855713], [4.40672492980957, -5.299682140350342], [4.406867980957031, -5.2997026443481445], [4.407342433929443, -5.29971981048584], [4.407206058502197, -5.299748420715332], [4.407215118408203, -5.299744129180908], [4.407275199890137, -5.299740791320801], [4.406927108764648, -5.299721717834473], [4.407169342041016, -5.299772262573242], [4.407240867614746, -5.2997565269470215], [4.407083034515381, -5.299762725830078], [4.4072346687316895, -5.299820899963379], [4.407379627227783, -5.299867630004883], [4.407406330108643, -5.299896717071533]]","[5.5322547268588096e-05, 5.529564805328846e-05, 5.540247730095871e-05, 5.5360014812322333e-05, 5.5403430451406166e-05, 5.532101567951031e-05, 5.540025813388638e-05, 5.540385245694779e-05, 5.5386946769431233e-05, 5.531547503778711e-05, 5.5302709370153025e-05, 5.5358537792926654e-05, 5.531104761757888e-05, 5.531231363420375e-05, 5.5300180974882096e-05, 5.528857946046628e-05, 5.525974847842008e-05, 5.527192115550861e-05, 5.5246004194486886e-05, 5.528224937734194e-05, 1.2970282129137062e-13, 1.297184066976001e-13, 1.2983746564866616e-13, 1.2997696181068358e-13, 1.2997126974927803e-13, 1.2989593125081744e-13, 1.2982112130091594e-13, 1.2979066877239626e-13, 1.2970082906987868e-13, 1.2971073596722976e-13, 1.29620706529332e-13, 1.2974537622664067e-13, 1.296647251375349e-13, 1.295920429343969e-13, 1.2950284020065567e-13, 1.29537168751942e-13, 1.297171734176289e-13, 1.2971295858168336e-13, 1.2960883451554328e-13, 1.296820317147132e-13, 1.1431445727794198e-06, 1.144481984738377e-06, 1.1441348988228128e-06, 1.1440563412179472e-06, 1.1440650951044518e-06, 1.1425669299569563e-06, 1.1419460861361586e-06, 1.1416673260100652e-06, 1.1427828212617896e-06, 1.141937332249654e-06, 1.1419002703405567e-06, 1.142503720075183e-06, 1.1421116141718812e-06, 1.141291704698233e-06, 1.1425561297073727e-06, 1.1427739536884474e-06, 1.1430901167841512e-06, 1.1426976698203362e-06, 1.1428764992160723e-06, 1.1429941650931141e-06, 0.9738180637359619, 0.9738378524780273, 0.9738315939903259, 0.9738222360610962, 0.9738102555274963, 0.973812997341156, 0.9738020300865173, 0.9738010764122009, 0.97383052110672, 0.9738208651542664, 0.9738169312477112, 0.9738290309906006, 0.9738060832023621, 0.9738272428512573, 0.9738237261772156, 0.973818838596344, 0.9738053679466248, 0.9738261103630066, 0.9738656282424927, 0.9738661050796509, 0.9979255199432373, 0.9979238510131836, 0.9979233145713806, 0.9979212880134583, 0.9979242086410522, 0.9979236125946045, 0.997923731803894, 0.9979249238967896, 0.9979268312454224, 0.9979275465011597, 0.9979269504547119, 0.997925877571106, 0.9979252815246582, 0.997922956943512, 0.9979249238967896, 0.9979276657104492, 0.9979270696640015, 0.997927188873291, 0.9979268312454224, 0.9979277849197388, 0.9996602535247803, 0.9996601343154907, 0.9996598958969116, 0.9996597766876221, 0.999659538269043, 0.9996594190597534, 0.9996601343154907, 0.9996604919433594, 0.9996603727340698, 0.9996603727340698, 0.9996598958969116, 0.9996598958969116, 0.9996603727340698, 0.9996601343154907, 0.9996597766876221, 0.9996604919433594, 0.9996606111526489, 0.9996606111526489, 0.9996607303619385, 0.999660849571228, 6.088836380513385e-05, 6.08784393989481e-05, 6.084854976506904e-05, 6.0855043557239696e-05, 6.085481436457485e-05, 6.085133645683527e-05, 6.087367728468962e-05, 6.085585482651368e-05, 6.085249697207473e-05, 6.0861661040689796e-05, 6.084889537305571e-05, 6.0837293858639896e-05, 6.083387052058242e-05]",aigvd_common1000,0,,5.529564805328846e-05,n6vXpIlCJAE_5_0to1336.mp4,F:\MEngDatasets\AIGVDBench\videos\Real\Real\videos\n6vXpIlCJAE_5_0to1336.mp4,test,0,real,Real,,Real,Real,0,True
real_00488,0,"[[-11.289325714111328, 15.52974796295166], [-11.289670944213867, 15.530240058898926], [-11.289319038391113, 15.529780387878418], [-11.28902530670166, 15.529446601867676], [-11.28864574432373, 15.528841018676758], [-11.289319038391113, 15.529738426208496], [-11.288817405700684, 15.528998374938965], [-11.28878402709961, 15.529004096984863], [-11.289116859436035, 15.529412269592285], [-11.289063453674316, 15.529313087463379], [-11.289186477661133, 15.529473304748535], [-11.28957748413086, 15.53005313873291], [-11.288888931274414, 15.529047012329102], [-11.288689613342285, 15.528815269470215], [-11.28924560546875, 15.529611587524414], [-11.289464950561523, 15.529961585998535], [-11.28965950012207, 15.530233383178711], [-11.289597511291504, 15.530179977416992], [-11.290275573730469, 15.531134605407715], [-11.289190292358398, 15.529546737670898], [-21.641311645507812, 29.709806442260742], [-21.641639709472656, 29.71023941040039], [-21.641435623168945, 29.71004295349121], [-21.641239166259766, 29.709613800048828], [-21.641311645507812, 29.709819793701172], [-21.64142417907715, 29.71000099182129], [-21.641605377197266, 29.710237503051758], [-21.641258239746094, 29.709728240966797], [-21.641260147094727, 29.709728240966797], [-21.641576766967773, 29.710222244262695], [-21.64139747619629, 29.709884643554688], [-21.64158058166504, 29.710081100463867], [-21.641252517700195, 29.7096004486084], [-21.64076042175293, 29.708688735961914], [-21.641210556030273, 29.70963478088379], [-21.64134407043457, 29.709861755371094], [-21.64105796813965, 29.70934295654297], [-21.641313552856445, 29.709749221801758], [-21.64088249206543, 29.70905876159668], [-21.641145706176758, 29.7098388671875], [-11.449614524841309, 17.802656173706055], [-11.449634552001953, 17.8024959564209], [-11.450304985046387, 17.80347442626953], [-11.450440406799316, 17.80374526977539], [-11.450615882873535, 17.803863525390625], [-11.449851036071777, 17.802825927734375], [-11.449931144714355, 17.802812576293945], [-11.449906349182129, 17.802885055541992], [-11.449735641479492, 17.802688598632812], [-11.44973373413086, 17.802757263183594], [-11.45015811920166, 17.803333282470703], [-11.451247215270996, 17.805177688598633], [-11.45026683807373, 17.8035831451416], [-11.44987964630127, 17.80293083190918], [-11.449666976928711, 17.802614212036133], [-11.449965476989746, 17.802963256835938], [-11.449638366699219, 17.802555084228516], [-11.449576377868652, 17.80244255065918], [-11.449835777282715, 17.802907943725586], [-11.450226783752441, 17.803430557250977], [-16.389358520507812, 23.756629943847656]]","[1.0, 1.0, 1.0, 1.0, 1.0, 1.0, 1.0, 1.0, 1.0, 1.0, 1.0, 1.0, 1.0, 1.0, 1.0, 1.0, 1.0, 1.0, 1.0, 1.0, 1.0, 1.0, 1.0, 1.0, 1.0, 1.0, 1.0, 1.0, 1.0, 1.0, 1.0, 1.0, 1.0, 1.0, 1.0, 1.0, 1.0, 1.0, 1.0, 1.0, 1.0, 1.0, 1.0, 1.0, 1.0, 1.0, 1.0, 1.0, 1.0, 1.0, 1.0, 1.0, 1.0, 1.0, 1.0, 1.0, 1.0, 1.0, 1.0, 1.0, 1.0]",aigvd_common1000,0,,1.0,nEFenj7hi4Y_5_0to637.mp4,F:\MEngDatasets\AIGVDBench\videos\Real\Real\videos\nEFenj7hi4Y_5_0to637.mp4,test,0,real,Real,,Real,Real,1,False
real_00489,0,"[[-5.203019142150879, 6.73832368850708], [-5.2026190757751465, 6.737672805786133], [-5.202333450317383, 6.737104415893555], [-5.202206611633301, 6.736813545227051], [-5.202855587005615, 6.73797082901001], [-5.202319622039795, 6.737094879150391], [-5.202386856079102, 6.737215995788574], [-5.2026262283325195, 6.737692832946777], [-5.202791213989258, 6.7378973960876465], [-5.202653884887695, 6.737902641296387]]","[0.9999934434890747, 0.9999934434890747, 0.9999934434890747, 0.9999934434890747, 0.9999934434890747, 0.9999934434890747, 0.9999934434890747, 0.9999934434890747, 0.9999934434890747, 0.9999934434890747]",aigvd_common1000,0,,0.9999934434890747,J0htRZc7Vew_4_24to147.mp4,F:\MEngDatasets\AIGVDBench\videos\Real\Real\videos\J0htRZc7Vew_4_24to147.mp4,test,0,real,Real,,Real,Real,1,False
real_00490,0,"[[-0.622604250907898, 1.120398998260498], [-0.6223301887512207, 1.1200778484344482], [-0.6226124167442322, 1.1204019784927368], [-0.6223580241203308, 1.120118498802185], [-0.6219515800476074, 1.1196480989456177], [-0.6226028203964233, 1.1203750371932983], [-0.622450590133667, 1.1202107667922974], [-0.6224112510681152, 1.120173454284668], [-0.6223336458206177, 1.120086908340454], [-0.6226615905761719, 1.1204570531845093]]","[0.8510681986808777, 0.8509926199913025, 0.8510695695877075, 0.8510013818740845, 0.8508901596069336, 0.851064920425415, 0.851024866104126, 0.8510150909423828, 0.8509942889213562, 0.8510828018188477]",aigvd_common1000,0,,0.8509926199913025,8418w-jd_Fg_20_0to106.mp4,F:\MEngDatasets\AIGVDBench\videos\Real\Real\videos\8418w-jd_Fg_20_0to106.mp4,test,0,real,Real,,Real,Real,1,False
real_00491,0,"[[-9.979822158813477, 13.785356521606445], [-9.979684829711914, 13.785122871398926], [-9.980175971984863, 13.785815238952637], [-9.98171329498291, 13.788277626037598], [-9.981858253479004, 13.788474082946777], [-9.981313705444336, 13.787637710571289], [-9.981376647949219, 13.787814140319824], [-9.981598854064941, 13.788043022155762], [-9.981646537780762, 13.78813362121582], [-9.981290817260742, 13.787591934204102], [-9.981891632080078, 13.78848648071289], [-9.982026100158691, 13.788683891296387], [-9.981158256530762, 13.78735637664795], [-9.98202896118164, 13.788617134094238], [-9.98159408569336, 13.788212776184082], [-9.981749534606934, 13.788409233093262], [-9.982574462890625, 13.789623260498047], [-9.98258113861084, 13.789645195007324], [-9.982061386108398, 13.788934707641602], [-9.982102394104004, 13.788983345031738], [-13.677962303161621, 18.08530044555664], [-13.67769718170166, 18.08494758605957], [-13.677632331848145, 18.084903717041016], [-13.677271842956543, 18.084457397460938], [-13.6760835647583, 18.083005905151367], [-13.675213813781738, 18.08205223083496]]","[1.0, 1.0, 1.0, 1.0, 1.0, 1.0, 1.0, 1.0, 1.0, 1.0, 1.0, 1.0, 1.0, 1.0, 1.0, 1.0, 1.0, 1.0, 1.0, 1.0, 1.0, 1.0, 1.0, 1.0, 1.0, 1.0]",aigvd_common1000,0,,1.0,Cwv7zcFgVzY_18_0to265.mp4,F:\MEngDatasets\AIGVDBench\videos\Real\Real\videos\Cwv7zcFgVzY_18_0to265.mp4,test,0,real,Real,,Real,Real,1,False
real_00492,0,"[[-14.593257904052734, 19.777677536010742], [-14.593006134033203, 19.777301788330078], [-14.593360900878906, 19.77781867980957], [-14.593811988830566, 19.77840805053711], [-14.593880653381348, 19.77841567993164], [-14.594428062438965, 19.779216766357422], [-14.594789505004883, 19.77985382080078], [-14.594581604003906, 19.77960968017578], [-14.594771385192871, 19.77992057800293], [-14.594949722290039, 19.780128479003906]]","[1.0, 1.0, 1.0, 1.0, 1.0, 1.0, 1.0, 1.0, 1.0, 1.0]",aigvd_common1000,0,,1.0,Dbz52u3Ikcg_12_19to140.mp4,F:\MEngDatasets\AIGVDBench\videos\Real\Real\videos\Dbz52u3Ikcg_12_19to140.mp4,test,0,real,Real,,Real,Real,1,False
real_00493,0,"[[-3.1405882835388184, 3.8013265132904053], [-3.1405093669891357, 3.801170825958252], [-3.1404531002044678, 3.801036834716797], [-3.1404099464416504, 3.8009517192840576], [-3.1404149532318115, 3.800961971282959], [-3.1404201984405518, 3.8009700775146484], [-3.140434503555298, 3.8009917736053467], [-3.1404576301574707, 3.8010506629943848], [-3.140505790710449, 3.80112886428833], [-3.14046311378479, 3.8010640144348145], [-3.140444278717041, 3.8010141849517822], [-3.1405131816864014, 3.8011598587036133], [-3.140540361404419, 3.8011984825134277], [-3.140475273132324, 3.8010971546173096], [-3.140439987182617, 3.8010618686676025], [-3.1404385566711426, 3.801056385040283], [-3.1404855251312256, 3.801140308380127], [-3.140393018722534, 3.800995349884033], [-3.1404082775115967, 3.8010199069976807], [-3.140418529510498, 3.8010168075561523], [-8.084554672241211, 10.992660522460938], [-8.084564208984375, 10.992679595947266], [-8.08446979522705, 10.992565155029297], [-8.084877967834473, 10.993072509765625], [-8.085022926330566, 10.993245124816895], [-8.085168838500977, 10.993430137634277], [-8.085043907165527, 10.993281364440918], [-8.084592819213867, 10.992713928222656], [-8.084551811218262, 10.99265193939209], [-8.084800720214844, 10.992961883544922], [-8.084546089172363, 10.992632865905762], [-8.0846529006958, 10.992766380310059], [-8.084673881530762, 10.992793083190918], [-8.084704399108887, 10.992846488952637], [-8.084656715393066, 10.992807388305664], [-8.084805488586426, 10.992979049682617], [-8.084761619567871, 10.992910385131836], [-8.084753036499023, 10.992901802062988], [-8.084492683410645, 10.992571830749512], [-8.084532737731934, 10.992623329162598], [-9.783132553100586, 11.361364364624023], [-9.782981872558594, 11.361169815063477], [-9.78307819366455, 11.361300468444824], [-9.783206939697266, 11.361474990844727], [-9.783020973205566, 11.361247062683105], [-9.783045768737793, 11.361278533935547], [-9.783208847045898, 11.361469268798828], [-9.783256530761719, 11.36152458190918], [-9.782994270324707, 11.361210823059082], [-9.78291130065918, 11.36110782623291], [-9.783001899719238, 11.361227989196777], [-9.782904624938965, 11.361111640930176], [-9.783073425292969, 11.361311912536621], [-9.783065795898438, 11.361299514770508], [-9.783123970031738, 11.36136531829834], [-9.783188819885254, 11.361449241638184], [-9.783218383789062, 11.361477851867676], [-9.783163070678711, 11.361420631408691], [-9.783357620239258, 11.361654281616211], [-9.783539772033691, 11.361860275268555], [-8.966987609863281, 10.938672065734863], [-8.966842651367188, 10.938456535339355], [-8.966773986816406, 10.938342094421387], [-8.966791152954102, 10.938365936279297], [-8.966794967651367, 10.938366889953613]]","[0.9990345239639282, 0.9990342855453491, 0.9990341663360596, 0.99903404712677, 0.99903404712677, 0.99903404712677, 0.99903404712677, 0.9990341663360596, 0.9990342855453491, 0.9990341663360596, 0.99903404712677, 0.9990342855453491, 0.9990344047546387, 0.9990341663360596, 0.9990341663360596, 0.9990341663360596, 0.9990342855453491, 0.99903404712677, 0.99903404712677, 0.99903404712677, 1.0, 1.0, 1.0, 1.0, 1.0, 1.0, 1.0, 1.0, 1.0, 1.0, 1.0, 1.0, 1.0, 1.0, 1.0, 1.0, 1.0, 1.0, 1.0, 1.0, 1.0, 1.0, 1.0, 1.0, 1.0, 1.0, 1.0, 1.0, 1.0, 1.0, 1.0, 1.0, 1.0, 1.0, 1.0, 1.0, 1.0, 1.0, 1.0, 1.0, 1.0, 1.0, 1.0, 1.0, 1.0]",aigvd_common1000,0,,0.9990342855453491,c5AwstOsjtg_3_847to1518.mp4,F:\MEngDatasets\AIGVDBench\videos\Real\Real\videos\c5AwstOsjtg_3_847to1518.mp4,test,0,real,Real,,Real,Real,1,False
real_00494,0,"[[-12.634027481079102, 16.177331924438477], [-12.633997917175293, 16.177303314208984], [-12.63406753540039, 16.17740821838379], [-12.634055137634277, 16.17739486694336], [-12.634041786193848, 16.177370071411133], [-12.633996963500977, 16.177297592163086], [-12.634016990661621, 16.17732048034668], [-12.634026527404785, 16.177335739135742], [-12.634037017822266, 16.177343368530273], [-12.634031295776367, 16.177331924438477], [-12.633993148803711, 16.177284240722656], [-12.633999824523926, 16.17728614807129], [-12.633991241455078, 16.17727279663086], [-12.63403034210205, 16.17731475830078], [-12.633986473083496, 16.17725372314453], [-12.633964538574219, 16.177223205566406], [-12.633967399597168, 16.177221298217773]]","[1.0, 1.0, 1.0, 1.0, 1.0, 1.0, 1.0, 1.0, 1.0, 1.0, 1.0, 1.0, 1.0, 1.0, 1.0, 1.0, 1.0]",aigvd_common1000,0,,1.0,iUxEjC-H82E_12_19to211.mp4,F:\MEngDatasets\AIGVDBench\videos\Real\Real\videos\iUxEjC-H82E_12_19to211.mp4,test,0,real,Real,,Real,Real,1,False
real_00495,0,"[[-8.227218627929688, 12.964189529418945], [-8.22784423828125, 12.96491527557373], [-8.227971076965332, 12.964978218078613], [-8.226075172424316, 12.962517738342285], [-8.226710319519043, 12.963347434997559], [-8.224933624267578, 12.96092414855957], [-8.222251892089844, 12.957294464111328], [-8.221785545349121, 12.956682205200195], [-8.221888542175293, 12.956818580627441], [-8.22263240814209, 12.957788467407227], [-8.223553657531738, 12.959046363830566]]","[1.0, 1.0, 1.0, 1.0, 1.0, 1.0, 1.0, 1.0, 1.0, 1.0, 1.0]",aigvd_common1000,0,,1.0,02M4tj70Ju0_20_0to116.mp4,F:\MEngDatasets\AIGVDBench\videos\Real\Real\videos\02M4tj70Ju0_20_0to116.mp4,test,0,real,Real,,Real,Real,1,False
real_00496,0,"[[-7.115288734436035, 10.69296932220459], [-7.115149021148682, 10.69275188446045], [-7.115176200866699, 10.692809104919434], [-7.115245342254639, 10.692940711975098], [-7.115330219268799, 10.693042755126953], [-7.11541223526001, 10.693181037902832], [-7.115569591522217, 10.693509101867676], [-7.117044448852539, 10.696111679077148], [-7.116278648376465, 10.69488525390625], [-7.115748882293701, 10.69384479522705], [-7.116207122802734, 10.694695472717285], [-7.116541385650635, 10.695335388183594], [-7.116562366485596, 10.695343971252441], [-7.116469860076904, 10.695094108581543], [-7.116878509521484, 10.695878982543945], [-7.117114543914795, 10.696317672729492], [-7.117160320281982, 10.696471214294434], [-7.11765718460083, 10.697341918945312], [-7.117849826812744, 10.69764518737793], [-7.11752986907959, 10.697093963623047], [-6.686420440673828, 9.186558723449707]]","[1.0, 1.0, 1.0, 1.0, 1.0, 1.0, 1.0, 1.0, 1.0, 1.0, 1.0, 1.0, 1.0, 1.0, 1.0, 1.0, 1.0, 1.0, 1.0, 1.0, 0.9999998807907104]",aigvd_common1000,0,,1.0,wxKZ4N2rP-M_35_0to218.mp4,F:\MEngDatasets\AIGVDBench\videos\Real\Real\videos\wxKZ4N2rP-M_35_0to218.mp4,test,0,real,Real,,Real,Real,1,False
real_00497,0,"[[-6.898714542388916, 8.764845848083496], [-6.898753643035889, 8.764891624450684], [-6.898550033569336, 8.764580726623535], [-6.898353576660156, 8.76427936553955], [-6.898097038269043, 8.763842582702637], [-6.898261070251465, 8.764098167419434], [-6.899104595184326, 8.765419006347656], [-6.898784160614014, 8.764902114868164], [-6.8982439041137695, 8.76406478881836], [-6.899345397949219, 8.765789031982422], [-6.8988471031188965, 8.765021324157715], [-6.898416996002197, 8.764419555664062], [-6.898841857910156, 8.765005111694336]]","[0.9999998807907104, 0.9999998807907104, 0.9999998807907104, 0.9999998807907104, 0.9999998807907104, 0.9999998807907104, 0.9999998807907104, 0.9999998807907104, 0.9999998807907104, 0.9999998807907104, 0.9999998807907104, 0.9999998807907104, 0.9999998807907104]",aigvd_common1000,0,,0.9999998807907104,pmhn8wnIXD0_25_23to178.mp4,F:\MEngDatasets\AIGVDBench\videos\Real\Real\videos\pmhn8wnIXD0_25_23to178.mp4,test,0,real,Real,,Real,Real,1,False
real_00498,0,"[[4.2595720291137695, -4.616141319274902], [4.259612083435059, -4.616172790527344], [4.259663105010986, -4.616213798522949], [4.259701251983643, -4.616249084472656], [4.2597880363464355, -4.616325378417969], [4.259828567504883, -4.616360187530518], [4.25978946685791, -4.6163249015808105], [4.259735107421875, -4.616281032562256], [4.259512424468994, -4.616090774536133]]","[0.00013972239685244858, 0.0001397123996866867, 0.0001396994775859639, 0.00013968934945296496, 0.00013966643018648028, 0.00013965604011900723, 0.00013966643018648028, 0.00013968002167530358, 0.00013973783643450588]",aigvd_common1000,0,,0.0001397123996866867,PNBoSIO7DS4_14_283to398.mp4,F:\MEngDatasets\AIGVDBench\videos\Real\Real\videos\PNBoSIO7DS4_14_283to398.mp4,test,0,real,Real,,Real,Real,0,True
real_00499,0,"[[-3.042628526687622, 3.752915620803833], [-3.0429139137268066, 3.7532520294189453], [-3.04304575920105, 3.7534241676330566], [-3.0432467460632324, 3.753657817840576], [-3.042703866958618, 3.75300669670105], [-3.042483329772949, 3.7527544498443604], [-3.042649745941162, 3.752948045730591], [-3.042738676071167, 3.7530550956726074], [-3.0424985885620117, 3.7527761459350586], [-3.042248487472534, 3.7524545192718506], [-3.0429298877716064, 3.7532637119293213], [-3.0429275035858154, 3.75325608253479], [-3.0429420471191406, 3.7532799243927], [-3.0430009365081787, 3.753347396850586], [-3.043065071105957, 3.753429412841797], [-3.0430989265441895, 3.7534754276275635], [-3.043124198913574, 3.7535006999969482], [-3.043034553527832, 3.75338077545166], [-3.0429186820983887, 3.753237724304199], [-3.0430798530578613, 3.7534265518188477], [-7.873116970062256, 9.431346893310547], [-7.873551845550537, 9.431882858276367], [-7.8742146492004395, 9.432640075683594], [-7.874154567718506, 9.43256950378418], [-7.8741936683654785, 9.43262767791748], [-7.874252796173096, 9.432700157165527], [-7.874308109283447, 9.432764053344727], [-7.87433385848999, 9.432798385620117], [-7.874370098114014, 9.432841300964355], [-7.874368190765381, 9.432836532592773], [-7.874404430389404, 9.432877540588379], [-7.874078273773193, 9.432497024536133], [-7.87293004989624, 9.431150436401367], [-7.8740949630737305, 9.432524681091309], [-7.874011516571045, 9.432425498962402], [-7.87399435043335, 9.432404518127441], [-7.874012470245361, 9.43242073059082], [-7.874022006988525, 9.432435989379883], [-7.873086452484131, 9.43129825592041], [-7.871452808380127, 9.42919635772705], [-9.487695693969727, 12.641730308532715], [-9.488259315490723, 12.64295482635498], [-9.488286972045898, 12.642990112304688], [-9.488310813903809, 12.64302921295166], [-9.48882007598877, 12.643396377563477], [-9.487480163574219, 12.640902519226074], [-9.487834930419922, 12.64154052734375], [-9.487760543823242, 12.641433715820312]]","[0.9988824725151062, 0.9988831877708435, 0.9988835453987122, 0.9988840222358704, 0.9988827109336853, 0.9988821148872375, 0.9988825917243958, 0.9988828301429749, 0.9988822340965271, 0.9988815188407898, 0.9988831877708435, 0.9988831877708435, 0.9988833069801331, 0.9988834261894226, 0.9988835453987122, 0.9988836646080017, 0.9988836646080017, 0.9988834261894226, 0.9988831877708435, 0.9988835453987122, 1.0, 1.0, 1.0, 1.0, 1.0, 1.0, 1.0, 1.0, 1.0, 1.0, 1.0, 1.0, 1.0, 1.0, 1.0, 1.0, 1.0, 1.0, 1.0, 1.0, 1.0, 1.0, 1.0, 1.0, 1.0, 1.0, 1.0, 1.0]",aigvd_common1000,0,,0.9988831877708435,hrIO6_fBc6A_27_0to488.mp4,F:\MEngDatasets\AIGVDBench\videos\Real\Real\videos\hrIO6_fBc6A_27_0to488.mp4,test,0,real,Real,,Real,Real,1,False
real_00500,0,"[[-9.395456314086914, 11.050627708435059], [-9.396101951599121, 11.051584243774414], [-9.39621353149414, 11.051775932312012], [-9.396060943603516, 11.051514625549316], [-9.395330429077148, 11.05043888092041], [-9.395487785339355, 11.050700187683105], [-9.395492553710938, 11.05069637298584], [-9.395613670349121, 11.050969123840332], [-9.395875930786133, 11.051371574401855], [-9.396190643310547, 11.051772117614746], [-9.39588451385498, 11.05132007598877]]","[1.0, 1.0, 1.0, 1.0, 1.0, 1.0, 1.0, 1.0, 1.0, 1.0, 1.0]",aigvd_common1000,0,,1.0,Bxu9BH_q-78_316_0to110.mp4,F:\MEngDatasets\AIGVDBench\videos\Real\Real\videos\Bxu9BH_q-78_316_0to110.mp4,test,0,real,Real,,Real,Real,1,False
