mmdet_id,y_true_raw,pred_raw,score_raw,dataset_class,y_true,pred_from_repo,score_fake,video_id,path,split,label,label_name,source_type,task_type,generator,generator_id,pred_label,correct
fake_00001,1,"[[-8.466708183288574, 14.002875328063965], [-8.468924522399902, 14.00708293914795], [-8.469574928283691, 14.008195877075195]]","[1.0, 1.0, 1.0]",genvidbench_common1000,1,,1.0,50KDhKUOrqI_57_294to582.mp4,F:\MEngDatasets\AIGVDBench\videos\OpenSource\I2V\EasyAnimate\videos\50KDhKUOrqI_57_294to582.mp4,test,1,fake,OpenSource,I2V,EasyAnimate,OpenSource_I2V_EasyAnimate,1,True
fake_00002,1,"[-15.333930015563965, 18.522354125976562]",1.0,genvidbench_common1000,1,,1.0,bG8EwSG8Hh4_1_0to149.mp4,F:\MEngDatasets\AIGVDBench\videos\OpenSource\T2V\EasyAnimate\videos\bG8EwSG8Hh4_1_0to149.mp4,test,1,fake,OpenSource,T2V,EasyAnimate,OpenSource_T2V_EasyAnimate,1,True
fake_00003,1,"[-12.9599027633667, 18.035442352294922]",1.0,genvidbench_common1000,1,,1.0,eENFTG4UQsI_3_337to522.mp4,F:\MEngDatasets\AIGVDBench\videos\OpenSource\T2V\EasyAnimate\videos\eENFTG4UQsI_3_337to522.mp4,test,1,fake,OpenSource,T2V,EasyAnimate,OpenSource_T2V_EasyAnimate,1,True
fake_00004,1,"[-21.028669357299805, 28.173385620117188]",1.0,genvidbench_common1000,1,,1.0,smJlYSVS9Ds_340_112to226.mp4,F:\MEngDatasets\AIGVDBench\videos\OpenSource\T2V\AccVideo\videos\smJlYSVS9Ds_340_112to226.mp4,test,1,fake,OpenSource,T2V,AccVideo,OpenSource_T2V_AccVideo,1,True
fake_00005,1,"[-5.715303897857666, 7.46863317489624]",0.9999980926513672,genvidbench_common1000,1,,0.9999980926513672,4cvgTuAaMDM_1_0to181.mp4,F:\MEngDatasets\AIGVDBench\videos\OpenSource\T2V\AnimateDiff\home\lma\Benchmark\bench\opensource\T2V\AnimateDiff\videos\4cvgTuAaMDM_1_0to181.mp4,test,1,fake,OpenSource,T2V,AnimateDiff,OpenSource_T2V_AnimateDiff,1,True
fake_00006,1,"[-12.809769630432129, 17.616243362426758]",1.0,genvidbench_common1000,1,,1.0,HlRfdCWGMzI_22_114to219.mp4,F:\MEngDatasets\AIGVDBench\videos\OpenSource\I2V\VideoCrafter\videos\HlRfdCWGMzI_22_114to219.mp4,test,1,fake,OpenSource,I2V,VideoCrafter,OpenSource_I2V_VideoCrafter,1,True
fake_00007,1,"[[-2.3529629707336426, 3.430084228515625], [-2.353203296661377, 3.4303276538848877], [-2.3533935546875, 3.430523157119751]]","[0.9969301819801331, 0.9969315528869629, 0.9969327449798584]",genvidbench_common1000,1,,0.9969315528869629,nhskgJQ5XMU_202_0to114.mp4,F:\MEngDatasets\AIGVDBench\videos\OpenSource\I2V\EasyAnimate\videos\nhskgJQ5XMU_202_0to114.mp4,test,1,fake,OpenSource,I2V,EasyAnimate,OpenSource_I2V_EasyAnimate,1,True
fake_00008,1,"[-4.739853382110596, 5.445907115936279]",0.999962329864502,genvidbench_common1000,1,,0.999962329864502,W5R52mgaBgk_13_85to215.mp4,F:\MEngDatasets\AIGVDBench\videos\OpenSource\T2V\Pyramid-Flow\videos\W5R52mgaBgk_13_85to215.mp4,test,1,fake,OpenSource,T2V,Pyramid-Flow,OpenSource_T2V_Pyramid-Flow,1,True
fake_00009,1,"[[-14.327911376953125, 18.4912166595459], [-14.327672958374023, 18.49087905883789], [-14.327194213867188, 18.49022674560547], [-14.327224731445312, 18.490230560302734], [-14.32719612121582, 18.490163803100586], [-14.327045440673828, 18.48996353149414]]","[1.0, 1.0, 1.0, 1.0, 1.0, 1.0]",genvidbench_common1000,1,,1.0,0BPQnk47p6M_2_55to191.mp4,F:\MEngDatasets\AIGVDBench\videos\OpenSource\T2V\LTX\videos\0BPQnk47p6M_2_55to191.mp4,test,1,fake,OpenSource,T2V,LTX,OpenSource_T2V_LTX,1,True
fake_00010,1,"[-17.96259307861328, 23.646759033203125]",1.0,genvidbench_common1000,1,,1.0,0BPQnk47p6M_2_55to191.mp4,F:\MEngDatasets\AIGVDBench\videos\OpenSource\I2V\VideoCrafter\videos\0BPQnk47p6M_2_55to191.mp4,test,1,fake,OpenSource,I2V,VideoCrafter,OpenSource_I2V_VideoCrafter,1,True
fake_00011,1,"[-12.841936111450195, 17.376001358032227]",1.0,genvidbench_common1000,1,,1.0,QRYsvqSzYuE_43_455to1014.mp4,F:\MEngDatasets\AIGVDBench\videos\OpenSource\V2V\Cogvideox1.5\videos\QRYsvqSzYuE_43_455to1014.mp4,test,1,fake,OpenSource,V2V,Cogvideox1.5,OpenSource_V2V_Cogvideox1.5,1,True
fake_00012,1,"[-14.873221397399902, 20.731300354003906]",1.0,genvidbench_common1000,1,,1.0,nhskgJQ5XMU_202_0to114.mp4,F:\MEngDatasets\AIGVDBench\videos\OpenSource\T2V\Wan2.1\videos\nhskgJQ5XMU_202_0to114.mp4,test,1,fake,OpenSource,T2V,Wan2.1,OpenSource_T2V_Wan2.1,1,True
fake_00013,1,"[-5.075817108154297, 7.78260612487793]",0.9999973773956299,genvidbench_common1000,1,,0.9999973773956299,jet4_Hc5j8I_13_0to109.mp4,F:\MEngDatasets\AIGVDBench\videos\OpenSource\T2V\RepVideo\videos\jet4_Hc5j8I_13_0to109.mp4,test,1,fake,OpenSource,T2V,RepVideo,OpenSource_T2V_RepVideo,1,True
fake_00014,1,"[-9.673890113830566, 14.08460807800293]",1.0,genvidbench_common1000,1,,1.0,7TCW9wOxAWk_48_0to214.mp4,F:\MEngDatasets\AIGVDBench\videos\OpenSource\T2V\RepVideo\videos\7TCW9wOxAWk_48_0to214.mp4,test,1,fake,OpenSource,T2V,RepVideo,OpenSource_T2V_RepVideo,1,True
fake_00015,1,"[[-11.310014724731445, 16.6084041595459], [-11.310260772705078, 16.60877227783203], [-11.310428619384766, 16.60903549194336], [-11.310460090637207, 16.609098434448242], [-11.310553550720215, 16.609233856201172], [-11.310481071472168, 16.60911750793457]]","[1.0, 1.0, 1.0, 1.0, 1.0, 1.0]",genvidbench_common1000,1,,1.0,0BPQnk47p6M_2_55to191.mp4,F:\MEngDatasets\AIGVDBench\videos\OpenSource\T2V\HunyuanVideo\videos\0BPQnk47p6M_2_55to191.mp4,test,1,fake,OpenSource,T2V,HunyuanVideo,OpenSource_T2V_HunyuanVideo,1,True
fake_00016,1,"[[-7.891942501068115, 10.635769844055176], [-7.8921074867248535, 10.636038780212402], [-7.892113208770752, 10.636039733886719]]","[1.0, 1.0, 1.0]",genvidbench_common1000,1,,1.0,jet4_Hc5j8I_13_0to109.mp4,F:\MEngDatasets\AIGVDBench\videos\OpenSource\I2V\LTX\videos\jet4_Hc5j8I_13_0to109.mp4,test,1,fake,OpenSource,I2V,LTX,OpenSource_I2V_LTX,1,True
fake_00017,1,"[[-8.815072059631348, 13.991950988769531], [-8.815238952636719, 13.99219799041748], [-8.815190315246582, 13.992141723632812]]","[1.0, 1.0, 1.0]",genvidbench_common1000,1,,1.0,o82SKvbybvY_14_104to700.mp4,F:\MEngDatasets\AIGVDBench\videos\OpenSource\I2V\LTX\videos\o82SKvbybvY_14_104to700.mp4,test,1,fake,OpenSource,I2V,LTX,OpenSource_I2V_LTX,1,True
fake_00018,1,"[-9.205180168151855, 11.93220043182373]",1.0,genvidbench_common1000,1,,1.0,0BPQnk47p6M_2_55to191.mp4,F:\MEngDatasets\AIGVDBench\videos\OpenSource\V2V\LTX\videos\0BPQnk47p6M_2_55to191.mp4,test,1,fake,OpenSource,V2V,LTX,OpenSource_V2V_LTX,1,True
fake_00019,1,"[-9.05777645111084, 12.559103965759277]",1.0,genvidbench_common1000,1,,1.0,o82SKvbybvY_14_104to700.mp4,F:\MEngDatasets\AIGVDBench\videos\OpenSource\T2V\VideoCrafter\videos\o82SKvbybvY_14_104to700.mp4,test,1,fake,OpenSource,T2V,VideoCrafter,OpenSource_T2V_VideoCrafter,1,True
fake_00020,1,"[-7.13456916809082, 10.687956809997559]",1.0,genvidbench_common1000,1,,1.0,EHRI1gr4zik_3_323to481.mp4,F:\MEngDatasets\AIGVDBench\videos\OpenSource\T2V\Wan2.1\videos\EHRI1gr4zik_3_323to481.mp4,test,1,fake,OpenSource,T2V,Wan2.1,OpenSource_T2V_Wan2.1,1,True
fake_00021,1,"[[-13.66585636138916, 17.01469612121582], [-13.664860725402832, 17.013463973999023]]","[1.0, 1.0]",genvidbench_common1000,1,,1.0,50KDhKUOrqI_57_294to582.mp4,F:\MEngDatasets\AIGVDBench\videos\OpenSource\I2V\SVD\videos\50KDhKUOrqI_57_294to582.mp4,test,1,fake,OpenSource,I2V,SVD,OpenSource_I2V_SVD,1,True
fake_00022,1,"[-20.725831985473633, 30.742643356323242]",1.0,genvidbench_common1000,1,,1.0,bG8EwSG8Hh4_1_0to149.mp4,F:\MEngDatasets\AIGVDBench\videos\OpenSource\T2V\AnimateDiff\home\lma\Benchmark\bench\opensource\T2V\AnimateDiff\videos\bG8EwSG8Hh4_1_0to149.mp4,test,1,fake,OpenSource,T2V,AnimateDiff,OpenSource_T2V_AnimateDiff,1,True
fake_00023,1,"[[-7.504117488861084, 11.34276294708252], [-7.50413179397583, 11.342795372009277]]","[1.0, 1.0]",genvidbench_common1000,1,,1.0,W5R52mgaBgk_13_85to215.mp4,F:\MEngDatasets\AIGVDBench\videos\OpenSource\I2V\SEINE\videos\W5R52mgaBgk_13_85to215.mp4,test,1,fake,OpenSource,I2V,SEINE,OpenSource_I2V_SEINE,1,True
fake_00024,1,"[-6.495790958404541, 9.579780578613281]",0.9999998807907104,genvidbench_common1000,1,,0.9999998807907104,HlRfdCWGMzI_22_114to219.mp4,F:\MEngDatasets\AIGVDBench\videos\OpenSource\T2V\VideoCrafter\videos\HlRfdCWGMzI_22_114to219.mp4,test,1,fake,OpenSource,T2V,VideoCrafter,OpenSource_T2V_VideoCrafter,1,True
fake_00025,1,"[-16.978864669799805, 23.289762496948242]",1.0,genvidbench_common1000,1,,1.0,jet4_Hc5j8I_13_0to109.mp4,F:\MEngDatasets\AIGVDBench\videos\OpenSource\V2V\Cogvideox1.5\videos\jet4_Hc5j8I_13_0to109.mp4,test,1,fake,OpenSource,V2V,Cogvideox1.5,OpenSource_V2V_Cogvideox1.5,1,True
fake_00026,1,"[-12.242366790771484, 16.481416702270508]",1.0,genvidbench_common1000,1,,1.0,jet4_Hc5j8I_13_0to109.mp4,F:\MEngDatasets\AIGVDBench\videos\OpenSource\T2V\VideoCrafter\videos\jet4_Hc5j8I_13_0to109.mp4,test,1,fake,OpenSource,T2V,VideoCrafter,OpenSource_T2V_VideoCrafter,1,True
fake_00027,1,"[[-18.715803146362305, 30.140064239501953], [-18.716245651245117, 30.140729904174805]]","[1.0, 1.0]",genvidbench_common1000,1,,1.0,HlRfdCWGMzI_22_114to219.mp4,F:\MEngDatasets\AIGVDBench\videos\OpenSource\I2V\SVD\videos\HlRfdCWGMzI_22_114to219.mp4,test,1,fake,OpenSource,I2V,SVD,OpenSource_I2V_SVD,1,True
fake_00028,1,"[-16.352832794189453, 20.327638626098633]",1.0,genvidbench_common1000,1,,1.0,bG8EwSG8Hh4_1_0to149.mp4,F:\MEngDatasets\AIGVDBench\videos\OpenSource\T2V\Open-Sora\videos\bG8EwSG8Hh4_1_0to149.mp4,test,1,fake,OpenSource,T2V,Open-Sora,OpenSource_T2V_Open-Sora,1,True
fake_00029,1,"[[-8.853679656982422, 11.815613746643066], [-8.853995323181152, 11.815960884094238]]","[1.0, 1.0]",genvidbench_common1000,1,,1.0,02M4tj70Ju0_20_0to116.mp4,F:\MEngDatasets\AIGVDBench\videos\OpenSource\I2V\Pyramid-Flow\videos\02M4tj70Ju0_20_0to116.mp4,test,1,fake,OpenSource,I2V,Pyramid-Flow,OpenSource_I2V_Pyramid-Flow,1,True
fake_00030,1,"[3.3408381938934326, -4.589395999908447]",0.0003595729358494282,genvidbench_common1000,1,,0.0003595729358494282,Vh2cObLYHJ8_13_0to496.mp4,F:\MEngDatasets\AIGVDBench\videos\OpenSource\T2V\RepVideo\videos\Vh2cObLYHJ8_13_0to496.mp4,test,1,fake,OpenSource,T2V,RepVideo,OpenSource_T2V_RepVideo,0,False
fake_00031,1,"[[-15.373612403869629, 22.31987190246582], [-15.374037742614746, 22.320714950561523]]","[1.0, 1.0]",genvidbench_common1000,1,,1.0,4cvgTuAaMDM_1_0to181.mp4,F:\MEngDatasets\AIGVDBench\videos\OpenSource\I2V\SEINE\videos\4cvgTuAaMDM_1_0to181.mp4,test,1,fake,OpenSource,I2V,SEINE,OpenSource_I2V_SEINE,1,True
fake_00032,1,"[[-8.594925880432129, 12.451597213745117], [-8.594550132751465, 12.451065063476562]]","[1.0, 1.0]",genvidbench_common1000,1,,1.0,90u26k64J9A_14_0to144.mp4,F:\MEngDatasets\AIGVDBench\videos\OpenSource\I2V\SVD\videos\90u26k64J9A_14_0to144.mp4,test,1,fake,OpenSource,I2V,SVD,OpenSource_I2V_SVD,1,True
fake_00033,1,"[-19.30978775024414, 25.223888397216797]",1.0,genvidbench_common1000,1,,1.0,02M4tj70Ju0_20_0to116.mp4,F:\MEngDatasets\AIGVDBench\videos\OpenSource\T2V\LTX\videos\02M4tj70Ju0_20_0to116.mp4,test,1,fake,OpenSource,T2V,LTX,OpenSource_T2V_LTX,1,True
fake_00034,1,"[[0.9984313249588013, -0.9377368688583374], [0.998422384262085, -0.937728762626648], [0.998342752456665, -0.9376531839370728]]","[0.12606942653656006, 0.12607130408287048, 0.12608841061592102]",genvidbench_common1000,1,,0.12607130408287048,90u26k64J9A_14_0to144.mp4,F:\MEngDatasets\AIGVDBench\videos\OpenSource\I2V\LTX\videos\90u26k64J9A_14_0to144.mp4,test,1,fake,OpenSource,I2V,LTX,OpenSource_I2V_LTX,0,False
fake_00035,1,"[[-16.945735931396484, 24.198366165161133], [-16.94540023803711, 24.197736740112305]]","[1.0, 1.0]",genvidbench_common1000,1,,1.0,Vh2cObLYHJ8_13_0to496.mp4,F:\MEngDatasets\AIGVDBench\videos\OpenSource\I2V\SVD\videos\Vh2cObLYHJ8_13_0to496.mp4,test,1,fake,OpenSource,I2V,SVD,OpenSource_I2V_SVD,1,True
fake_00036,1,"[-12.981400489807129, 15.409842491149902]",1.0,genvidbench_common1000,1,,1.0,90u26k64J9A_14_0to144.mp4,F:\MEngDatasets\AIGVDBench\videos\OpenSource\T2V\AnimateDiff\home\lma\Benchmark\bench\opensource\T2V\AnimateDiff\videos\90u26k64J9A_14_0to144.mp4,test,1,fake,OpenSource,T2V,AnimateDiff,OpenSource_T2V_AnimateDiff,1,True
fake_00037,1,"[-16.392162322998047, 25.028642654418945]",1.0,genvidbench_common1000,1,,1.0,bG8EwSG8Hh4_1_0to149.mp4,F:\MEngDatasets\AIGVDBench\videos\OpenSource\T2V\AccVideo\videos\bG8EwSG8Hh4_1_0to149.mp4,test,1,fake,OpenSource,T2V,AccVideo,OpenSource_T2V_AccVideo,1,True
fake_00038,1,"[-14.782567977905273, 18.701154708862305]",1.0,genvidbench_common1000,1,,1.0,gcgj6G8r-IQ_28_24to180.mp4,F:\MEngDatasets\AIGVDBench\videos\OpenSource\T2V\Pyramid-Flow\videos\gcgj6G8r-IQ_28_24to180.mp4,test,1,fake,OpenSource,T2V,Pyramid-Flow,OpenSource_T2V_Pyramid-Flow,1,True
fake_00039,1,"[[-11.523995399475098, 16.539901733398438], [-11.523931503295898, 16.539766311645508], [-11.523932456970215, 16.53968048095703]]","[1.0, 1.0, 1.0]",genvidbench_common1000,1,,1.0,xPcAfdYCj5k_136_0to424.mp4,F:\MEngDatasets\AIGVDBench\videos\OpenSource\I2V\LTX\videos\xPcAfdYCj5k_136_0to424.mp4,test,1,fake,OpenSource,I2V,LTX,OpenSource_I2V_LTX,1,True
fake_00040,1,"[[-19.665945053100586, 25.991939544677734], [-19.6650333404541, 25.991037368774414]]","[1.0, 1.0]",genvidbench_common1000,1,,1.0,eENFTG4UQsI_3_337to522.mp4,F:\MEngDatasets\AIGVDBench\videos\OpenSource\I2V\SEINE\videos\eENFTG4UQsI_3_337to522.mp4,test,1,fake,OpenSource,I2V,SEINE,OpenSource_I2V_SEINE,1,True
fake_00041,1,"[-17.10993194580078, 23.160737991333008]",1.0,genvidbench_common1000,1,,1.0,gcgj6G8r-IQ_28_24to180.mp4,F:\MEngDatasets\AIGVDBench\videos\OpenSource\T2V\EasyAnimate\videos\gcgj6G8r-IQ_28_24to180.mp4,test,1,fake,OpenSource,T2V,EasyAnimate,OpenSource_T2V_EasyAnimate,1,True
fake_00042,1,"[-6.245842933654785, 8.708758354187012]",0.9999996423721313,genvidbench_common1000,1,,0.9999996423721313,o82SKvbybvY_14_104to700.mp4,F:\MEngDatasets\AIGVDBench\videos\OpenSource\T2V\AccVideo\videos\o82SKvbybvY_14_104to700.mp4,test,1,fake,OpenSource,T2V,AccVideo,OpenSource_T2V_AccVideo,1,True
fake_00043,1,"[[-11.842592239379883, 15.217881202697754], [-11.842798233032227, 15.218236923217773]]","[1.0, 1.0]",genvidbench_common1000,1,,1.0,y3vyO-025CI_3_0to339.mp4,F:\MEngDatasets\AIGVDBench\videos\OpenSource\I2V\SEINE\videos\y3vyO-025CI_3_0to339.mp4,test,1,fake,OpenSource,I2V,SEINE,OpenSource_I2V_SEINE,1,True
fake_00044,1,"[-4.820127964019775, 7.126511573791504]",0.9999935626983643,genvidbench_common1000,1,,0.9999935626983643,Vh2cObLYHJ8_13_0to496.mp4,F:\MEngDatasets\AIGVDBench\videos\OpenSource\T2V\AnimateDiff\home\lma\Benchmark\bench\opensource\T2V\AnimateDiff\videos\Vh2cObLYHJ8_13_0to496.mp4,test,1,fake,OpenSource,T2V,AnimateDiff,OpenSource_T2V_AnimateDiff,1,True
fake_00045,1,"[[-8.154787063598633, 13.524144172668457], [-8.15473747253418, 13.524065017700195], [-8.154742240905762, 13.52405071258545]]","[1.0, 1.0, 1.0]",genvidbench_common1000,1,,1.0,QRYsvqSzYuE_43_455to1014.mp4,F:\MEngDatasets\AIGVDBench\videos\OpenSource\I2V\LTX\videos\QRYsvqSzYuE_43_455to1014.mp4,test,1,fake,OpenSource,I2V,LTX,OpenSource_I2V_LTX,1,True
fake_00046,1,"[-11.032512664794922, 15.6331787109375]",1.0,genvidbench_common1000,1,,1.0,QRYsvqSzYuE_43_455to1014.mp4,F:\MEngDatasets\AIGVDBench\videos\OpenSource\V2V\LTX\videos\QRYsvqSzYuE_43_455to1014.mp4,test,1,fake,OpenSource,V2V,LTX,OpenSource_V2V_LTX,1,True
fake_00047,1,"[-5.489617824554443, 7.600205421447754]",0.9999979734420776,genvidbench_common1000,1,,0.9999979734420776,y3vyO-025CI_3_0to339.mp4,F:\MEngDatasets\AIGVDBench\videos\OpenSource\T2V\Cogvideox1.5\videos\y3vyO-025CI_3_0to339.mp4,test,1,fake,OpenSource,T2V,Cogvideox1.5,OpenSource_T2V_Cogvideox1.5,1,True
fake_00048,1,"[[-9.768105506896973, 12.16237735748291], [-9.768105506896973, 12.162363052368164], [-9.768353462219238, 12.162672996520996], [-9.768482208251953, 12.162819862365723], [-9.767901420593262, 12.16215705871582], [-9.767741203308105, 12.162027359008789]]","[1.0, 1.0, 1.0, 1.0, 1.0, 1.0]",genvidbench_common1000,1,,1.0,4cvgTuAaMDM_1_0to181.mp4,F:\MEngDatasets\AIGVDBench\videos\OpenSource\T2V\HunyuanVideo\videos\4cvgTuAaMDM_1_0to181.mp4,test,1,fake,OpenSource,T2V,HunyuanVideo,OpenSource_T2V_HunyuanVideo,1,True
fake_00049,1,"[[-7.870704174041748, 11.175525665283203], [-7.870575428009033, 11.175307273864746], [-7.870541095733643, 11.175277709960938]]","[1.0, 1.0, 1.0]",genvidbench_common1000,1,,1.0,EHRI1gr4zik_3_323to481.mp4,F:\MEngDatasets\AIGVDBench\videos\OpenSource\I2V\EasyAnimate\videos\EHRI1gr4zik_3_323to481.mp4,test,1,fake,OpenSource,I2V,EasyAnimate,OpenSource_I2V_EasyAnimate,1,True
fake_00050,1,"[[-21.009593963623047, 28.84117317199707], [-21.0093994140625, 28.84099769592285]]","[1.0, 1.0]",genvidbench_common1000,1,,1.0,bG8EwSG8Hh4_1_0to149.mp4,F:\MEngDatasets\AIGVDBench\videos\OpenSource\T2V\IPOC\videos\bG8EwSG8Hh4_1_0to149.mp4,test,1,fake,OpenSource,T2V,IPOC,OpenSource_T2V_IPOC,1,True
fake_00051,1,"[[-9.85944652557373, 12.312652587890625], [-9.859639167785645, 12.312910079956055], [-9.859685897827148, 12.312963485717773], [-9.859930992126465, 12.31329345703125], [-9.859945297241211, 12.313326835632324], [-9.85996150970459, 12.313356399536133]]","[1.0, 1.0, 1.0, 1.0, 1.0, 1.0]",genvidbench_common1000,1,,1.0,y3vyO-025CI_3_0to339.mp4,F:\MEngDatasets\AIGVDBench\videos\OpenSource\T2V\HunyuanVideo\videos\y3vyO-025CI_3_0to339.mp4,test,1,fake,OpenSource,T2V,HunyuanVideo,OpenSource_T2V_HunyuanVideo,1,True
fake_00052,1,"[-13.859809875488281, 17.95199203491211]",1.0,genvidbench_common1000,1,,1.0,HlRfdCWGMzI_22_114to219.mp4,F:\MEngDatasets\AIGVDBench\videos\OpenSource\T2V\Open-Sora\videos\HlRfdCWGMzI_22_114to219.mp4,test,1,fake,OpenSource,T2V,Open-Sora,OpenSource_T2V_Open-Sora,1,True
fake_00053,1,"[-9.632067680358887, 12.772732734680176]",1.0,genvidbench_common1000,1,,1.0,gcgj6G8r-IQ_28_24to180.mp4,F:\MEngDatasets\AIGVDBench\videos\OpenSource\T2V\Cogvideox1.5\videos\gcgj6G8r-IQ_28_24to180.mp4,test,1,fake,OpenSource,T2V,Cogvideox1.5,OpenSource_T2V_Cogvideox1.5,1,True
fake_00054,1,"[-6.020922660827637, 8.110665321350098]",0.9999992847442627,genvidbench_common1000,1,,0.9999992847442627,0BPQnk47p6M_2_55to191.mp4,F:\MEngDatasets\AIGVDBench\videos\OpenSource\T2V\Wan2.1\videos\0BPQnk47p6M_2_55to191.mp4,test,1,fake,OpenSource,T2V,Wan2.1,OpenSource_T2V_Wan2.1,1,True
fake_00055,1,"[-15.250382423400879, 23.744306564331055]",1.0,genvidbench_common1000,1,,1.0,smJlYSVS9Ds_340_112to226.mp4,F:\MEngDatasets\AIGVDBench\videos\OpenSource\I2V\VideoCrafter\videos\smJlYSVS9Ds_340_112to226.mp4,test,1,fake,OpenSource,I2V,VideoCrafter,OpenSource_I2V_VideoCrafter,1,True
fake_00056,1,"[-9.883996963500977, 14.61230754852295]",1.0,genvidbench_common1000,1,,1.0,vUVwNN47Uv0_7_1227to1461.mp4,F:\MEngDatasets\AIGVDBench\videos\OpenSource\I2V\VideoCrafter\videos\vUVwNN47Uv0_7_1227to1461.mp4,test,1,fake,OpenSource,I2V,VideoCrafter,OpenSource_I2V_VideoCrafter,1,True
fake_00057,1,"[[-8.165390968322754, 11.128987312316895], [-8.166723251342773, 11.131397247314453], [-8.166991233825684, 11.131900787353516]]","[1.0, 1.0, 1.0]",genvidbench_common1000,1,,1.0,Vh2cObLYHJ8_13_0to496.mp4,F:\MEngDatasets\AIGVDBench\videos\OpenSource\I2V\Pyramid-Flow\videos\Vh2cObLYHJ8_13_0to496.mp4,test,1,fake,OpenSource,I2V,Pyramid-Flow,OpenSource_I2V_Pyramid-Flow,1,True
fake_00058,1,"[-15.695015907287598, 20.985652923583984]",1.0,genvidbench_common1000,1,,1.0,W5R52mgaBgk_13_85to215.mp4,F:\MEngDatasets\AIGVDBench\videos\OpenSource\V2V\Cogvideox1.5\videos\W5R52mgaBgk_13_85to215.mp4,test,1,fake,OpenSource,V2V,Cogvideox1.5,OpenSource_V2V_Cogvideox1.5,1,True
fake_00059,1,"[-16.091978073120117, 24.252124786376953]",1.0,genvidbench_common1000,1,,1.0,90u26k64J9A_14_0to144.mp4,F:\MEngDatasets\AIGVDBench\videos\OpenSource\T2V\VideoCrafter\videos\90u26k64J9A_14_0to144.mp4,test,1,fake,OpenSource,T2V,VideoCrafter,OpenSource_T2V_VideoCrafter,1,True
fake_00060,1,"[[-10.650971412658691, 16.76715850830078], [-10.651412010192871, 16.767906188964844], [-10.65121078491211, 16.76752471923828]]","[1.0, 1.0, 1.0]",genvidbench_common1000,1,,1.0,4cvgTuAaMDM_1_0to181.mp4,F:\MEngDatasets\AIGVDBench\videos\OpenSource\I2V\LTX\videos\4cvgTuAaMDM_1_0to181.mp4,test,1,fake,OpenSource,I2V,LTX,OpenSource_I2V_LTX,1,True
fake_00061,1,"[-14.772871017456055, 18.35347557067871]",1.0,genvidbench_common1000,1,,1.0,QRYsvqSzYuE_43_455to1014.mp4,F:\MEngDatasets\AIGVDBench\videos\OpenSource\T2V\LTX\videos\QRYsvqSzYuE_43_455to1014.mp4,test,1,fake,OpenSource,T2V,LTX,OpenSource_T2V_LTX,1,True
fake_00062,1,"[-13.201358795166016, 17.048372268676758]",1.0,genvidbench_common1000,1,,1.0,smJlYSVS9Ds_340_112to226.mp4,F:\MEngDatasets\AIGVDBench\videos\OpenSource\V2V\LTX\videos\smJlYSVS9Ds_340_112to226.mp4,test,1,fake,OpenSource,V2V,LTX,OpenSource_V2V_LTX,1,True
fake_00063,1,"[-10.447447776794434, 13.792203903198242]",1.0,genvidbench_common1000,1,,1.0,gcgj6G8r-IQ_28_24to180.mp4,F:\MEngDatasets\AIGVDBench\videos\OpenSource\T2V\LTX\videos\gcgj6G8r-IQ_28_24to180.mp4,test,1,fake,OpenSource,T2V,LTX,OpenSource_T2V_LTX,1,True
fake_00064,1,"[-13.719155311584473, 16.51111602783203]",1.0,genvidbench_common1000,1,,1.0,4cvgTuAaMDM_1_0to181.mp4,F:\MEngDatasets\AIGVDBench\videos\OpenSource\V2V\LTX\videos\4cvgTuAaMDM_1_0to181.mp4,test,1,fake,OpenSource,V2V,LTX,OpenSource_V2V_LTX,1,True
fake_00065,1,"[[-8.722455978393555, 11.63908576965332], [-8.722551345825195, 11.63913631439209], [-8.722322463989258, 11.638880729675293]]","[1.0, 1.0, 1.0]",genvidbench_common1000,1,,1.0,W5R52mgaBgk_13_85to215.mp4,F:\MEngDatasets\AIGVDBench\videos\OpenSource\I2V\LTX\videos\W5R52mgaBgk_13_85to215.mp4,test,1,fake,OpenSource,I2V,LTX,OpenSource_I2V_LTX,1,True
fake_00066,1,"[-13.720882415771484, 19.380704879760742]",1.0,genvidbench_common1000,1,,1.0,90u26k64J9A_14_0to144.mp4,F:\MEngDatasets\AIGVDBench\videos\OpenSource\T2V\RepVideo\videos\90u26k64J9A_14_0to144.mp4,test,1,fake,OpenSource,T2V,RepVideo,OpenSource_T2V_RepVideo,1,True
fake_00067,1,"[-12.623672485351562, 17.43857765197754]",1.0,genvidbench_common1000,1,,1.0,nhskgJQ5XMU_202_0to114.mp4,F:\MEngDatasets\AIGVDBench\videos\OpenSource\T2V\Cogvideox1.5\videos\nhskgJQ5XMU_202_0to114.mp4,test,1,fake,OpenSource,T2V,Cogvideox1.5,OpenSource_T2V_Cogvideox1.5,1,True
fake_00068,1,"[[-7.706225395202637, 9.893523216247559], [-7.706398010253906, 9.893869400024414], [-7.70632791519165, 9.893756866455078]]","[1.0, 1.0, 1.0]",genvidbench_common1000,1,,1.0,W5R52mgaBgk_13_85to215.mp4,F:\MEngDatasets\AIGVDBench\videos\OpenSource\I2V\Pyramid-Flow\videos\W5R52mgaBgk_13_85to215.mp4,test,1,fake,OpenSource,I2V,Pyramid-Flow,OpenSource_I2V_Pyramid-Flow,1,True
fake_00069,1,"[[-7.971009254455566, 9.738306999206543], [-7.970609188079834, 9.737824440002441]]","[1.0, 1.0]",genvidbench_common1000,1,,1.0,7TCW9wOxAWk_48_0to214.mp4,F:\MEngDatasets\AIGVDBench\videos\OpenSource\I2V\SEINE\videos\7TCW9wOxAWk_48_0to214.mp4,test,1,fake,OpenSource,I2V,SEINE,OpenSource_I2V_SEINE,1,True
fake_00070,1,"[-14.022669792175293, 20.60000991821289]",1.0,genvidbench_common1000,1,,1.0,90u26k64J9A_14_0to144.mp4,F:\MEngDatasets\AIGVDBench\videos\OpenSource\T2V\Pyramid-Flow\videos\90u26k64J9A_14_0to144.mp4,test,1,fake,OpenSource,T2V,Pyramid-Flow,OpenSource_T2V_Pyramid-Flow,1,True
fake_00071,1,"[[-16.705951690673828, 26.049333572387695], [-16.705873489379883, 26.049179077148438], [-16.705917358398438, 26.049339294433594], [-16.706172943115234, 26.049863815307617], [-16.7061767578125, 26.049869537353516], [-16.705886840820312, 26.04928970336914]]","[1.0, 1.0, 1.0, 1.0, 1.0, 1.0]",genvidbench_common1000,1,,1.0,NWYRv_MKaA8_10_24to132.mp4,F:\MEngDatasets\AIGVDBench\videos\OpenSource\T2V\LTX\videos\NWYRv_MKaA8_10_24to132.mp4,test,1,fake,OpenSource,T2V,LTX,OpenSource_T2V_LTX,1,True
fake_00072,1,"[[-14.086907386779785, 19.731473922729492], [-14.086724281311035, 19.731130599975586]]","[1.0, 1.0]",genvidbench_common1000,1,,1.0,jet4_Hc5j8I_13_0to109.mp4,F:\MEngDatasets\AIGVDBench\videos\OpenSource\I2V\SEINE\videos\jet4_Hc5j8I_13_0to109.mp4,test,1,fake,OpenSource,I2V,SEINE,OpenSource_I2V_SEINE,1,True
fake_00073,1,"[-10.49061107635498, 13.218582153320312]",1.0,genvidbench_common1000,1,,1.0,jet4_Hc5j8I_13_0to109.mp4,F:\MEngDatasets\AIGVDBench\videos\OpenSource\T2V\Open-Sora\videos\jet4_Hc5j8I_13_0to109.mp4,test,1,fake,OpenSource,T2V,Open-Sora,OpenSource_T2V_Open-Sora,1,True
fake_00074,1,"[-11.93519115447998, 16.50779914855957]",1.0,genvidbench_common1000,1,,1.0,02M4tj70Ju0_20_0to116.mp4,F:\MEngDatasets\AIGVDBench\videos\OpenSource\V2V\LTX\videos\02M4tj70Ju0_20_0to116.mp4,test,1,fake,OpenSource,V2V,LTX,OpenSource_V2V_LTX,1,True
fake_00075,1,"[[-8.494304656982422, 13.112579345703125], [-8.494380950927734, 13.112702369689941], [-8.493494033813477, 13.11109447479248]]","[1.0, 1.0, 1.0]",genvidbench_common1000,1,,1.0,Vh2cObLYHJ8_13_0to496.mp4,F:\MEngDatasets\AIGVDBench\videos\OpenSource\I2V\LTX\videos\Vh2cObLYHJ8_13_0to496.mp4,test,1,fake,OpenSource,I2V,LTX,OpenSource_I2V_LTX,1,True
fake_00076,1,"[-12.384450912475586, 16.240407943725586]",1.0,genvidbench_common1000,1,,1.0,50KDhKUOrqI_57_294to582.mp4,F:\MEngDatasets\AIGVDBench\videos\OpenSource\T2V\Cogvideox1.5\videos\50KDhKUOrqI_57_294to582.mp4,test,1,fake,OpenSource,T2V,Cogvideox1.5,OpenSource_T2V_Cogvideox1.5,1,True
fake_00077,1,"[-19.64154624938965, 27.3773250579834]",1.0,genvidbench_common1000,1,,1.0,xPcAfdYCj5k_136_0to424.mp4,F:\MEngDatasets\AIGVDBench\videos\OpenSource\T2V\RepVideo\videos\xPcAfdYCj5k_136_0to424.mp4,test,1,fake,OpenSource,T2V,RepVideo,OpenSource_T2V_RepVideo,1,True
fake_00078,1,"[-5.771319389343262, 8.120970726013184]",0.9999990463256836,genvidbench_common1000,1,,0.9999990463256836,y3vyO-025CI_3_0to339.mp4,F:\MEngDatasets\AIGVDBench\videos\OpenSource\T2V\VideoCrafter\videos\y3vyO-025CI_3_0to339.mp4,test,1,fake,OpenSource,T2V,VideoCrafter,OpenSource_T2V_VideoCrafter,1,True
fake_00079,1,"[[-16.97495460510254, 22.49127197265625], [-16.974933624267578, 22.491235733032227], [-16.97492790222168, 22.49123191833496], [-16.97494888305664, 22.49125862121582], [-16.974925994873047, 22.49121856689453], [-16.974918365478516, 22.491207122802734]]","[1.0, 1.0, 1.0, 1.0, 1.0, 1.0]",genvidbench_common1000,1,,1.0,smJlYSVS9Ds_340_112to226.mp4,F:\MEngDatasets\AIGVDBench\videos\OpenSource\T2V\LTX\videos\smJlYSVS9Ds_340_112to226.mp4,test,1,fake,OpenSource,T2V,LTX,OpenSource_T2V_LTX,1,True
fake_00080,1,"[-19.678178787231445, 28.39777374267578]",1.0,genvidbench_common1000,1,,1.0,EHRI1gr4zik_3_323to481.mp4,F:\MEngDatasets\AIGVDBench\videos\OpenSource\T2V\LTX\videos\EHRI1gr4zik_3_323to481.mp4,test,1,fake,OpenSource,T2V,LTX,OpenSource_T2V_LTX,1,True
fake_00081,1,"[-13.440537452697754, 21.23944664001465]",1.0,genvidbench_common1000,1,,1.0,xPcAfdYCj5k_136_0to424.mp4,F:\MEngDatasets\AIGVDBench\videos\OpenSource\I2V\VideoCrafter\videos\xPcAfdYCj5k_136_0to424.mp4,test,1,fake,OpenSource,I2V,VideoCrafter,OpenSource_I2V_VideoCrafter,1,True
fake_00082,1,"[-9.379408836364746, 14.342019081115723]",1.0,genvidbench_common1000,1,,1.0,o82SKvbybvY_14_104to700.mp4,F:\MEngDatasets\AIGVDBench\videos\OpenSource\V2V\LTX\videos\o82SKvbybvY_14_104to700.mp4,test,1,fake,OpenSource,V2V,LTX,OpenSource_V2V_LTX,1,True
fake_00083,1,"[-1.8112913370132446, 3.0140585899353027]",0.9920401573181152,genvidbench_common1000,1,,0.9920401573181152,gcgj6G8r-IQ_28_24to180.mp4,F:\MEngDatasets\AIGVDBench\videos\OpenSource\T2V\Wan2.1\videos\gcgj6G8r-IQ_28_24to180.mp4,test,1,fake,OpenSource,T2V,Wan2.1,OpenSource_T2V_Wan2.1,1,True
fake_00084,1,"[-15.916678428649902, 20.535247802734375]",1.0,genvidbench_common1000,1,,1.0,EHRI1gr4zik_3_323to481.mp4,F:\MEngDatasets\AIGVDBench\videos\OpenSource\T2V\AnimateDiff\home\lma\Benchmark\bench\opensource\T2V\AnimateDiff\videos\EHRI1gr4zik_3_323to481.mp4,test,1,fake,OpenSource,T2V,AnimateDiff,OpenSource_T2V_AnimateDiff,1,True
fake_00085,1,"[-5.967234134674072, 8.02507209777832]",0.9999991655349731,genvidbench_common1000,1,,0.9999991655349731,W5R52mgaBgk_13_85to215.mp4,F:\MEngDatasets\AIGVDBench\videos\OpenSource\T2V\RepVideo\videos\W5R52mgaBgk_13_85to215.mp4,test,1,fake,OpenSource,T2V,RepVideo,OpenSource_T2V_RepVideo,1,True
fake_00086,1,"[[-23.900842666625977, 28.9304256439209], [-23.901229858398438, 28.93086051940918]]","[1.0, 1.0]",genvidbench_common1000,1,,1.0,02M4tj70Ju0_20_0to116.mp4,F:\MEngDatasets\AIGVDBench\videos\OpenSource\I2V\SEINE\videos\02M4tj70Ju0_20_0to116.mp4,test,1,fake,OpenSource,I2V,SEINE,OpenSource_I2V_SEINE,1,True
fake_00087,1,"[[-12.25600528717041, 14.641518592834473], [-12.255881309509277, 14.641337394714355], [-12.255590438842773, 14.640776634216309], [-12.255583763122559, 14.640692710876465], [-12.25539779663086, 14.6403169631958], [-12.25539493560791, 14.640314102172852]]","[1.0, 1.0, 1.0, 1.0, 1.0, 1.0]",genvidbench_common1000,1,,1.0,90u26k64J9A_14_0to144.mp4,F:\MEngDatasets\AIGVDBench\videos\OpenSource\T2V\HunyuanVideo\videos\90u26k64J9A_14_0to144.mp4,test,1,fake,OpenSource,T2V,HunyuanVideo,OpenSource_T2V_HunyuanVideo,1,True
fake_00088,1,"[-18.524351119995117, 24.375349044799805]",1.0,genvidbench_common1000,1,,1.0,jet4_Hc5j8I_13_0to109.mp4,F:\MEngDatasets\AIGVDBench\videos\OpenSource\I2V\VideoCrafter\videos\jet4_Hc5j8I_13_0to109.mp4,test,1,fake,OpenSource,I2V,VideoCrafter,OpenSource_I2V_VideoCrafter,1,True
fake_00089,1,"[-14.172770500183105, 17.83979034423828]",1.0,genvidbench_common1000,1,,1.0,NWYRv_MKaA8_10_24to132.mp4,F:\MEngDatasets\AIGVDBench\videos\OpenSource\T2V\AccVideo\videos\NWYRv_MKaA8_10_24to132.mp4,test,1,fake,OpenSource,T2V,AccVideo,OpenSource_T2V_AccVideo,1,True
fake_00090,1,"[-11.815947532653809, 14.015860557556152]",1.0,genvidbench_common1000,1,,1.0,eENFTG4UQsI_3_337to522.mp4,F:\MEngDatasets\AIGVDBench\videos\OpenSource\T2V\Pyramid-Flow\videos\eENFTG4UQsI_3_337to522.mp4,test,1,fake,OpenSource,T2V,Pyramid-Flow,OpenSource_T2V_Pyramid-Flow,1,True
fake_00091,1,"[-12.528631210327148, 17.061710357666016]",1.0,genvidbench_common1000,1,,1.0,xPcAfdYCj5k_136_0to424.mp4,F:\MEngDatasets\AIGVDBench\videos\OpenSource\T2V\AccVideo\videos\xPcAfdYCj5k_136_0to424.mp4,test,1,fake,OpenSource,T2V,AccVideo,OpenSource_T2V_AccVideo,1,True
fake_00092,1,"[-17.06951141357422, 21.331239700317383]",1.0,genvidbench_common1000,1,,1.0,y3vyO-025CI_3_0to339.mp4,F:\MEngDatasets\AIGVDBench\videos\OpenSource\T2V\AnimateDiff\home\lma\Benchmark\bench\opensource\T2V\AnimateDiff\videos\y3vyO-025CI_3_0to339.mp4,test,1,fake,OpenSource,T2V,AnimateDiff,OpenSource_T2V_AnimateDiff,1,True
fake_00093,1,"[-18.908761978149414, 28.31116485595703]",1.0,genvidbench_common1000,1,,1.0,y3vyO-025CI_3_0to339.mp4,F:\MEngDatasets\AIGVDBench\videos\OpenSource\V2V\LTX\videos\y3vyO-025CI_3_0to339.mp4,test,1,fake,OpenSource,V2V,LTX,OpenSource_V2V_LTX,1,True
fake_00094,1,"[[-11.125382423400879, 13.907307624816895], [-11.12545108795166, 13.907444953918457], [-11.125551223754883, 13.907594680786133], [-11.125444412231445, 13.907429695129395], [-11.125481605529785, 13.907452583312988], [-11.12552547454834, 13.90749454498291]]","[1.0, 1.0, 1.0, 1.0, 1.0, 1.0]",genvidbench_common1000,1,,1.0,o82SKvbybvY_14_104to700.mp4,F:\MEngDatasets\AIGVDBench\videos\OpenSource\T2V\LTX\videos\o82SKvbybvY_14_104to700.mp4,test,1,fake,OpenSource,T2V,LTX,OpenSource_T2V_LTX,1,True
fake_00095,1,"[-16.38954734802246, 24.722360610961914]",1.0,genvidbench_common1000,1,,1.0,o82SKvbybvY_14_104to700.mp4,F:\MEngDatasets\AIGVDBench\videos\OpenSource\T2V\AnimateDiff\home\lma\Benchmark\bench\opensource\T2V\AnimateDiff\videos\o82SKvbybvY_14_104to700.mp4,test,1,fake,OpenSource,T2V,AnimateDiff,OpenSource_T2V_AnimateDiff,1,True
fake_00096,1,"[-8.313788414001465, 10.452531814575195]",1.0,genvidbench_common1000,1,,1.0,02M4tj70Ju0_20_0to116.mp4,F:\MEngDatasets\AIGVDBench\videos\OpenSource\T2V\AccVideo\videos\02M4tj70Ju0_20_0to116.mp4,test,1,fake,OpenSource,T2V,AccVideo,OpenSource_T2V_AccVideo,1,True
fake_00097,1,"[[-11.85482120513916, 17.182226181030273], [-11.854567527770996, 17.181737899780273], [-11.85470962524414, 17.181943893432617]]","[1.0, 1.0, 1.0]",genvidbench_common1000,1,,1.0,HlRfdCWGMzI_22_114to219.mp4,F:\MEngDatasets\AIGVDBench\videos\OpenSource\I2V\LTX\videos\HlRfdCWGMzI_22_114to219.mp4,test,1,fake,OpenSource,I2V,LTX,OpenSource_I2V_LTX,1,True
fake_00098,1,"[-18.756324768066406, 26.499338150024414]",1.0,genvidbench_common1000,1,,1.0,02M4tj70Ju0_20_0to116.mp4,F:\MEngDatasets\AIGVDBench\videos\OpenSource\T2V\Open-Sora\videos\02M4tj70Ju0_20_0to116.mp4,test,1,fake,OpenSource,T2V,Open-Sora,OpenSource_T2V_Open-Sora,1,True
fake_00099,1,"[-5.511569023132324, 6.881045818328857]",0.9999958276748657,genvidbench_common1000,1,,0.9999958276748657,90u26k64J9A_14_0to144.mp4,F:\MEngDatasets\AIGVDBench\videos\OpenSource\T2V\Wan2.1\videos\90u26k64J9A_14_0to144.mp4,test,1,fake,OpenSource,T2V,Wan2.1,OpenSource_T2V_Wan2.1,1,True
fake_00100,1,"[-11.354222297668457, 14.890758514404297]",1.0,genvidbench_common1000,1,,1.0,jet4_Hc5j8I_13_0to109.mp4,F:\MEngDatasets\AIGVDBench\videos\OpenSource\T2V\EasyAnimate\videos\jet4_Hc5j8I_13_0to109.mp4,test,1,fake,OpenSource,T2V,EasyAnimate,OpenSource_T2V_EasyAnimate,1,True
fake_00101,1,"[-11.130671501159668, 15.778548240661621]",1.0,genvidbench_common1000,1,,1.0,QRYsvqSzYuE_43_455to1014.mp4,F:\MEngDatasets\AIGVDBench\videos\OpenSource\T2V\Wan2.1\videos\QRYsvqSzYuE_43_455to1014.mp4,test,1,fake,OpenSource,T2V,Wan2.1,OpenSource_T2V_Wan2.1,1,True
fake_00102,1,"[-2.535217523574829, 3.786616325378418]",0.998206615447998,genvidbench_common1000,1,,0.998206615447998,Vh2cObLYHJ8_13_0to496.mp4,F:\MEngDatasets\AIGVDBench\videos\OpenSource\T2V\Open-Sora\videos\Vh2cObLYHJ8_13_0to496.mp4,test,1,fake,OpenSource,T2V,Open-Sora,OpenSource_T2V_Open-Sora,1,True
fake_00103,1,"[-14.654619216918945, 24.08013916015625]",1.0,genvidbench_common1000,1,,1.0,jty7y2KedUE_23_0to259.mp4,F:\MEngDatasets\AIGVDBench\videos\OpenSource\T2V\AccVideo\videos\jty7y2KedUE_23_0to259.mp4,test,1,fake,OpenSource,T2V,AccVideo,OpenSource_T2V_AccVideo,1,True
fake_00104,1,"[[-5.719038009643555, 6.77409553527832], [-5.719015598297119, 6.774071216583252]]","[0.9999963045120239, 0.9999963045120239]",genvidbench_common1000,1,,0.9999963045120239,nhskgJQ5XMU_202_0to114.mp4,F:\MEngDatasets\AIGVDBench\videos\OpenSource\I2V\SVD\videos\nhskgJQ5XMU_202_0to114.mp4,test,1,fake,OpenSource,I2V,SVD,OpenSource_I2V_SVD,1,True
fake_00105,1,"[[-6.507093906402588, 8.940291404724121], [-6.507218360900879, 8.94049072265625], [-6.507113456726074, 8.940340042114258]]","[0.9999997615814209, 0.9999997615814209, 0.9999997615814209]",genvidbench_common1000,1,,0.9999997615814209,smJlYSVS9Ds_340_112to226.mp4,F:\MEngDatasets\AIGVDBench\videos\OpenSource\I2V\LTX\videos\smJlYSVS9Ds_340_112to226.mp4,test,1,fake,OpenSource,I2V,LTX,OpenSource_I2V_LTX,1,True
fake_00106,1,"[-17.98937225341797, 22.64750862121582]",1.0,genvidbench_common1000,1,,1.0,02M4tj70Ju0_20_0to116.mp4,F:\MEngDatasets\AIGVDBench\videos\OpenSource\T2V\AnimateDiff\home\lma\Benchmark\bench\opensource\T2V\AnimateDiff\videos\02M4tj70Ju0_20_0to116.mp4,test,1,fake,OpenSource,T2V,AnimateDiff,OpenSource_T2V_AnimateDiff,1,True
fake_00107,1,"[[-16.16763687133789, 21.86956214904785], [-16.16755485534668, 21.869314193725586], [-16.167552947998047, 21.86917495727539]]","[1.0, 1.0, 1.0]",genvidbench_common1000,1,,1.0,r03AuoH00eM_5_399to542.mp4,F:\MEngDatasets\AIGVDBench\videos\OpenSource\I2V\Pyramid-Flow\videos\r03AuoH00eM_5_399to542.mp4,test,1,fake,OpenSource,I2V,Pyramid-Flow,OpenSource_I2V_Pyramid-Flow,1,True
fake_00108,1,"[-14.394707679748535, 19.710487365722656]",1.0,genvidbench_common1000,1,,1.0,0BPQnk47p6M_2_55to191.mp4,F:\MEngDatasets\AIGVDBench\videos\OpenSource\T2V\Open-Sora\videos\0BPQnk47p6M_2_55to191.mp4,test,1,fake,OpenSource,T2V,Open-Sora,OpenSource_T2V_Open-Sora,1,True
fake_00109,1,"[[-12.494311332702637, 15.653217315673828], [-12.494044303894043, 15.652873992919922]]","[1.0, 1.0]",genvidbench_common1000,1,,1.0,50KDhKUOrqI_57_294to582.mp4,F:\MEngDatasets\AIGVDBench\videos\OpenSource\I2V\SEINE\videos\50KDhKUOrqI_57_294to582.mp4,test,1,fake,OpenSource,I2V,SEINE,OpenSource_I2V_SEINE,1,True
fake_00110,1,"[-8.756503105163574, 13.034693717956543]",1.0,genvidbench_common1000,1,,1.0,xPcAfdYCj5k_136_0to424.mp4,F:\MEngDatasets\AIGVDBench\videos\OpenSource\T2V\VideoCrafter\videos\xPcAfdYCj5k_136_0to424.mp4,test,1,fake,OpenSource,T2V,VideoCrafter,OpenSource_T2V_VideoCrafter,1,True
fake_00111,1,"[-14.796063423156738, 17.757761001586914]",1.0,genvidbench_common1000,1,,1.0,jet4_Hc5j8I_13_0to109.mp4,F:\MEngDatasets\AIGVDBench\videos\OpenSource\T2V\LTX\videos\jet4_Hc5j8I_13_0to109.mp4,test,1,fake,OpenSource,T2V,LTX,OpenSource_T2V_LTX,1,True
fake_00112,1,"[-10.852904319763184, 14.22298812866211]",1.0,genvidbench_common1000,1,,1.0,NWYRv_MKaA8_10_24to132.mp4,F:\MEngDatasets\AIGVDBench\videos\OpenSource\T2V\Wan2.1\videos\NWYRv_MKaA8_10_24to132.mp4,test,1,fake,OpenSource,T2V,Wan2.1,OpenSource_T2V_Wan2.1,1,True
fake_00113,1,"[-10.235166549682617, 11.216841697692871]",1.0,genvidbench_common1000,1,,1.0,o82SKvbybvY_14_104to700.mp4,F:\MEngDatasets\AIGVDBench\videos\OpenSource\T2V\Open-Sora\videos\o82SKvbybvY_14_104to700.mp4,test,1,fake,OpenSource,T2V,Open-Sora,OpenSource_T2V_Open-Sora,1,True
fake_00114,1,"[-9.946066856384277, 13.995893478393555]",1.0,genvidbench_common1000,1,,1.0,guL5esGDFbk_11_0to163.mp4,F:\MEngDatasets\AIGVDBench\videos\OpenSource\T2V\AccVideo\videos\guL5esGDFbk_11_0to163.mp4,test,1,fake,OpenSource,T2V,AccVideo,OpenSource_T2V_AccVideo,1,True
fake_00115,1,"[-12.369185447692871, 16.996002197265625]",1.0,genvidbench_common1000,1,,1.0,y3vyO-025CI_3_0to339.mp4,F:\MEngDatasets\AIGVDBench\videos\OpenSource\T2V\AccVideo\videos\y3vyO-025CI_3_0to339.mp4,test,1,fake,OpenSource,T2V,AccVideo,OpenSource_T2V_AccVideo,1,True
fake_00116,1,"[-4.920943260192871, 8.258282661437988]",0.9999980926513672,genvidbench_common1000,1,,0.9999980926513672,r03AuoH00eM_5_399to542.mp4,F:\MEngDatasets\AIGVDBench\videos\OpenSource\T2V\VideoCrafter\videos\r03AuoH00eM_5_399to542.mp4,test,1,fake,OpenSource,T2V,VideoCrafter,OpenSource_T2V_VideoCrafter,1,True
fake_00117,1,"[-7.7635016441345215, 9.584505081176758]",1.0,genvidbench_common1000,1,,1.0,7TCW9wOxAWk_48_0to214.mp4,F:\MEngDatasets\AIGVDBench\videos\OpenSource\T2V\Cogvideox1.5\videos\7TCW9wOxAWk_48_0to214.mp4,test,1,fake,OpenSource,T2V,Cogvideox1.5,OpenSource_T2V_Cogvideox1.5,1,True
fake_00118,1,"[-5.514459133148193, 6.768375396728516]",0.9999953508377075,genvidbench_common1000,1,,0.9999953508377075,W5R52mgaBgk_13_85to215.mp4,F:\MEngDatasets\AIGVDBench\videos\OpenSource\T2V\EasyAnimate\videos\W5R52mgaBgk_13_85to215.mp4,test,1,fake,OpenSource,T2V,EasyAnimate,OpenSource_T2V_EasyAnimate,1,True
fake_00119,1,"[-16.804521560668945, 20.689271926879883]",1.0,genvidbench_common1000,1,,1.0,NWYRv_MKaA8_10_24to132.mp4,F:\MEngDatasets\AIGVDBench\videos\OpenSource\V2V\LTX\videos\NWYRv_MKaA8_10_24to132.mp4,test,1,fake,OpenSource,V2V,LTX,OpenSource_V2V_LTX,1,True
fake_00120,1,"[-9.423450469970703, 14.00004768371582]",1.0,genvidbench_common1000,1,,1.0,50KDhKUOrqI_57_294to582.mp4,F:\MEngDatasets\AIGVDBench\videos\OpenSource\T2V\RepVideo\videos\50KDhKUOrqI_57_294to582.mp4,test,1,fake,OpenSource,T2V,RepVideo,OpenSource_T2V_RepVideo,1,True
fake_00121,1,"[[-12.063581466674805, 13.349541664123535], [-12.063425064086914, 13.349335670471191], [-12.0634765625, 13.349397659301758]]","[1.0, 1.0, 1.0]",genvidbench_common1000,1,,1.0,vUVwNN47Uv0_7_1227to1461.mp4,F:\MEngDatasets\AIGVDBench\videos\OpenSource\I2V\LTX\videos\vUVwNN47Uv0_7_1227to1461.mp4,test,1,fake,OpenSource,I2V,LTX,OpenSource_I2V_LTX,1,True
fake_00122,1,"[-8.484051704406738, 13.425798416137695]",1.0,genvidbench_common1000,1,,1.0,Vh2cObLYHJ8_13_0to496.mp4,F:\MEngDatasets\AIGVDBench\videos\OpenSource\T2V\VideoCrafter\videos\Vh2cObLYHJ8_13_0to496.mp4,test,1,fake,OpenSource,T2V,VideoCrafter,OpenSource_T2V_VideoCrafter,1,True
fake_00123,1,"[[-14.623371124267578, 19.355642318725586], [-14.6231689453125, 19.355358123779297], [-14.62321662902832, 19.355398178100586]]","[1.0, 1.0, 1.0]",genvidbench_common1000,1,,1.0,0BPQnk47p6M_2_55to191.mp4,F:\MEngDatasets\AIGVDBench\videos\OpenSource\I2V\LTX\videos\0BPQnk47p6M_2_55to191.mp4,test,1,fake,OpenSource,I2V,LTX,OpenSource_I2V_LTX,1,True
fake_00124,1,"[-12.211348533630371, 16.499618530273438]",1.0,genvidbench_common1000,1,,1.0,vUVwNN47Uv0_7_1227to1461.mp4,F:\MEngDatasets\AIGVDBench\videos\OpenSource\V2V\LTX\videos\vUVwNN47Uv0_7_1227to1461.mp4,test,1,fake,OpenSource,V2V,LTX,OpenSource_V2V_LTX,1,True
fake_00125,1,"[[-14.637368202209473, 18.44267463684082], [-14.637556076049805, 18.442955017089844]]","[1.0, 1.0]",genvidbench_common1000,1,,1.0,NWYRv_MKaA8_10_24to132.mp4,F:\MEngDatasets\AIGVDBench\videos\OpenSource\I2V\SEINE\videos\NWYRv_MKaA8_10_24to132.mp4,test,1,fake,OpenSource,I2V,SEINE,OpenSource_I2V_SEINE,1,True
fake_00126,1,"[-11.144415855407715, 15.582797050476074]",1.0,genvidbench_common1000,1,,1.0,nhskgJQ5XMU_202_0to114.mp4,F:\MEngDatasets\AIGVDBench\videos\OpenSource\V2V\Cogvideox1.5\videos\nhskgJQ5XMU_202_0to114.mp4,test,1,fake,OpenSource,V2V,Cogvideox1.5,OpenSource_V2V_Cogvideox1.5,1,True
fake_00127,1,"[[-5.650393486022949, 7.830740928649902], [-5.649639129638672, 7.829558849334717], [-5.649775505065918, 7.829761981964111]]","[0.9999985694885254, 0.9999985694885254, 0.9999985694885254]",genvidbench_common1000,1,,0.9999985694885254,y3vyO-025CI_3_0to339.mp4,F:\MEngDatasets\AIGVDBench\videos\OpenSource\I2V\EasyAnimate\videos\y3vyO-025CI_3_0to339.mp4,test,1,fake,OpenSource,I2V,EasyAnimate,OpenSource_I2V_EasyAnimate,1,True
fake_00128,1,"[[-16.207752227783203, 20.814077377319336], [-16.207761764526367, 20.814083099365234], [-16.207752227783203, 20.814077377319336], [-16.207740783691406, 20.814054489135742], [-16.20773696899414, 20.814044952392578], [-16.207881927490234, 20.814346313476562]]","[1.0, 1.0, 1.0, 1.0, 1.0, 1.0]",genvidbench_common1000,1,,1.0,jet4_Hc5j8I_13_0to109.mp4,F:\MEngDatasets\AIGVDBench\videos\OpenSource\T2V\IPOC\videos\jet4_Hc5j8I_13_0to109.mp4,test,1,fake,OpenSource,T2V,IPOC,OpenSource_T2V_IPOC,1,True
fake_00129,1,"[-9.378560066223145, 11.401333808898926]",1.0,genvidbench_common1000,1,,1.0,gcgj6G8r-IQ_28_24to180.mp4,F:\MEngDatasets\AIGVDBench\videos\OpenSource\V2V\LTX\videos\gcgj6G8r-IQ_28_24to180.mp4,test,1,fake,OpenSource,V2V,LTX,OpenSource_V2V_LTX,1,True
fake_00130,1,"[[-8.786441802978516, 12.9630708694458], [-8.786345481872559, 12.962926864624023], [-8.786362648010254, 12.962944030761719], [-8.786639213562012, 12.963332176208496], [-8.786845207214355, 12.963754653930664], [-8.78667163848877, 12.963495254516602]]","[1.0, 1.0, 1.0, 1.0, 1.0, 1.0]",genvidbench_common1000,1,,1.0,y3vyO-025CI_3_0to339.mp4,F:\MEngDatasets\AIGVDBench\videos\OpenSource\T2V\IPOC\videos\y3vyO-025CI_3_0to339.mp4,test,1,fake,OpenSource,T2V,IPOC,OpenSource_T2V_IPOC,1,True
fake_00131,1,"[-17.499082565307617, 22.596586227416992]",1.0,genvidbench_common1000,1,,1.0,vUVwNN47Uv0_7_1227to1461.mp4,F:\MEngDatasets\AIGVDBench\videos\OpenSource\T2V\RepVideo\videos\vUVwNN47Uv0_7_1227to1461.mp4,test,1,fake,OpenSource,T2V,RepVideo,OpenSource_T2V_RepVideo,1,True
fake_00132,1,"[[-9.16894817352295, 13.186156272888184], [-9.168662071228027, 13.185669898986816], [-9.16865062713623, 13.185601234436035]]","[1.0, 1.0, 1.0]",genvidbench_common1000,1,,1.0,vUVwNN47Uv0_7_1227to1461.mp4,F:\MEngDatasets\AIGVDBench\videos\OpenSource\I2V\EasyAnimate\videos\vUVwNN47Uv0_7_1227to1461.mp4,test,1,fake,OpenSource,I2V,EasyAnimate,OpenSource_I2V_EasyAnimate,1,True
fake_00133,1,"[-9.548720359802246, 13.89489459991455]",1.0,genvidbench_common1000,1,,1.0,gcgj6G8r-IQ_28_24to180.mp4,F:\MEngDatasets\AIGVDBench\videos\OpenSource\T2V\VideoCrafter\videos\gcgj6G8r-IQ_28_24to180.mp4,test,1,fake,OpenSource,T2V,VideoCrafter,OpenSource_T2V_VideoCrafter,1,True
fake_00134,1,"[3.341149091720581, -3.0600321292877197]",0.0016568460268899798,genvidbench_common1000,1,,0.0016568460268899798,EHRI1gr4zik_3_323to481.mp4,F:\MEngDatasets\AIGVDBench\videos\OpenSource\T2V\VideoCrafter\videos\EHRI1gr4zik_3_323to481.mp4,test,1,fake,OpenSource,T2V,VideoCrafter,OpenSource_T2V_VideoCrafter,0,False
fake_00135,1,"[-12.43358039855957, 15.755980491638184]",1.0,genvidbench_common1000,1,,1.0,jty7y2KedUE_23_0to259.mp4,F:\MEngDatasets\AIGVDBench\videos\OpenSource\T2V\EasyAnimate\videos\jty7y2KedUE_23_0to259.mp4,test,1,fake,OpenSource,T2V,EasyAnimate,OpenSource_T2V_EasyAnimate,1,True
fake_00136,1,"[-21.794612884521484, 27.718647003173828]",1.0,genvidbench_common1000,1,,1.0,xPcAfdYCj5k_136_0to424.mp4,F:\MEngDatasets\AIGVDBench\videos\OpenSource\T2V\Pyramid-Flow\videos\xPcAfdYCj5k_136_0to424.mp4,test,1,fake,OpenSource,T2V,Pyramid-Flow,OpenSource_T2V_Pyramid-Flow,1,True
fake_00137,1,"[[-13.086470603942871, 18.982072830200195], [-13.08642864227295, 18.982036590576172]]","[1.0, 1.0]",genvidbench_common1000,1,,1.0,QRYsvqSzYuE_43_455to1014.mp4,F:\MEngDatasets\AIGVDBench\videos\OpenSource\T2V\IPOC\videos\QRYsvqSzYuE_43_455to1014.mp4,test,1,fake,OpenSource,T2V,IPOC,OpenSource_T2V_IPOC,1,True
fake_00138,1,"[-15.977649688720703, 20.996341705322266]",1.0,genvidbench_common1000,1,,1.0,jty7y2KedUE_23_0to259.mp4,F:\MEngDatasets\AIGVDBench\videos\OpenSource\I2V\VideoCrafter\videos\jty7y2KedUE_23_0to259.mp4,test,1,fake,OpenSource,I2V,VideoCrafter,OpenSource_I2V_VideoCrafter,1,True
fake_00139,1,"[-4.590267181396484, 6.443361282348633]",0.9999839067459106,genvidbench_common1000,1,,0.9999839067459106,NWYRv_MKaA8_10_24to132.mp4,F:\MEngDatasets\AIGVDBench\videos\OpenSource\T2V\VideoCrafter\videos\NWYRv_MKaA8_10_24to132.mp4,test,1,fake,OpenSource,T2V,VideoCrafter,OpenSource_T2V_VideoCrafter,1,True
fake_00140,1,"[[-2.809649705886841, 4.1243510246276855], [-2.8098347187042236, 4.124696731567383], [-2.8102827072143555, 4.12539005279541]]","[0.999026894569397, 0.9990273714065552, 0.9990284442901611]",genvidbench_common1000,1,,0.9990273714065552,QRYsvqSzYuE_43_455to1014.mp4,F:\MEngDatasets\AIGVDBench\videos\OpenSource\I2V\EasyAnimate\videos\QRYsvqSzYuE_43_455to1014.mp4,test,1,fake,OpenSource,I2V,EasyAnimate,OpenSource_I2V_EasyAnimate,1,True
fake_00141,1,"[[-9.45133113861084, 11.383294105529785], [-9.451546669006348, 11.383634567260742]]","[1.0, 1.0]",genvidbench_common1000,1,,1.0,4cvgTuAaMDM_1_0to181.mp4,F:\MEngDatasets\AIGVDBench\videos\OpenSource\I2V\SVD\videos\4cvgTuAaMDM_1_0to181.mp4,test,1,fake,OpenSource,I2V,SVD,OpenSource_I2V_SVD,1,True
fake_00142,1,"[[-16.534196853637695, 24.898696899414062], [-16.534196853637695, 24.898700714111328], [-16.534208297729492, 24.898691177368164], [-16.534225463867188, 24.898712158203125], [-16.534225463867188, 24.89870262145996], [-16.53419303894043, 24.89865493774414]]","[1.0, 1.0, 1.0, 1.0, 1.0, 1.0]",genvidbench_common1000,1,,1.0,7TCW9wOxAWk_48_0to214.mp4,F:\MEngDatasets\AIGVDBench\videos\OpenSource\T2V\IPOC\videos\7TCW9wOxAWk_48_0to214.mp4,test,1,fake,OpenSource,T2V,IPOC,OpenSource_T2V_IPOC,1,True
fake_00143,1,"[[-12.65187931060791, 14.164743423461914], [-12.65173053741455, 14.164473533630371]]","[1.0, 1.0]",genvidbench_common1000,1,,1.0,bG8EwSG8Hh4_1_0to149.mp4,F:\MEngDatasets\AIGVDBench\videos\OpenSource\I2V\SEINE\videos\bG8EwSG8Hh4_1_0to149.mp4,test,1,fake,OpenSource,I2V,SEINE,OpenSource_I2V_SEINE,1,True
fake_00144,1,"[[-8.91122055053711, 12.033612251281738], [-8.911243438720703, 12.033646583557129], [-8.911216735839844, 12.033611297607422], [-8.911267280578613, 12.033684730529785], [-8.911231994628906, 12.033631324768066], [-8.911227226257324, 12.033625602722168]]","[1.0, 1.0, 1.0, 1.0, 1.0, 1.0]",genvidbench_common1000,1,,1.0,EHRI1gr4zik_3_323to481.mp4,F:\MEngDatasets\AIGVDBench\videos\OpenSource\T2V\IPOC\videos\EHRI1gr4zik_3_323to481.mp4,test,1,fake,OpenSource,T2V,IPOC,OpenSource_T2V_IPOC,1,True
fake_00145,1,"[-15.104437828063965, 19.035125732421875]",1.0,genvidbench_common1000,1,,1.0,90u26k64J9A_14_0to144.mp4,F:\MEngDatasets\AIGVDBench\videos\OpenSource\T2V\Cogvideox1.5\videos\90u26k64J9A_14_0to144.mp4,test,1,fake,OpenSource,T2V,Cogvideox1.5,OpenSource_T2V_Cogvideox1.5,1,True
fake_00146,1,"[-12.587119102478027, 18.36822509765625]",1.0,genvidbench_common1000,1,,1.0,NWYRv_MKaA8_10_24to132.mp4,F:\MEngDatasets\AIGVDBench\videos\OpenSource\V2V\Cogvideox1.5\videos\NWYRv_MKaA8_10_24to132.mp4,test,1,fake,OpenSource,V2V,Cogvideox1.5,OpenSource_V2V_Cogvideox1.5,1,True
fake_00147,1,"[-11.188809394836426, 16.12006378173828]",1.0,genvidbench_common1000,1,,1.0,50KDhKUOrqI_57_294to582.mp4,F:\MEngDatasets\AIGVDBench\videos\OpenSource\T2V\Wan2.1\videos\50KDhKUOrqI_57_294to582.mp4,test,1,fake,OpenSource,T2V,Wan2.1,OpenSource_T2V_Wan2.1,1,True
fake_00148,1,"[[-13.274127960205078, 19.647117614746094], [-13.274553298950195, 19.64775848388672], [-13.274297714233398, 19.64731788635254], [-13.274194717407227, 19.647171020507812], [-13.27450180053711, 19.647663116455078], [-13.274335861206055, 19.64740562438965]]","[1.0, 1.0, 1.0, 1.0, 1.0, 1.0]",genvidbench_common1000,1,,1.0,50KDhKUOrqI_57_294to582.mp4,F:\MEngDatasets\AIGVDBench\videos\OpenSource\T2V\IPOC\videos\50KDhKUOrqI_57_294to582.mp4,test,1,fake,OpenSource,T2V,IPOC,OpenSource_T2V_IPOC,1,True
fake_00149,1,"[[-5.63422155380249, 9.309805870056152], [-5.6342244148254395, 9.309816360473633], [-5.634026050567627, 9.309457778930664]]","[0.9999996423721313, 0.9999996423721313, 0.9999996423721313]",genvidbench_common1000,1,,0.9999996423721313,HlRfdCWGMzI_22_114to219.mp4,F:\MEngDatasets\AIGVDBench\videos\OpenSource\I2V\EasyAnimate\videos\HlRfdCWGMzI_22_114to219.mp4,test,1,fake,OpenSource,I2V,EasyAnimate,OpenSource_I2V_EasyAnimate,1,True
fake_00150,1,"[-6.786003112792969, 8.817954063415527]",0.9999998807907104,genvidbench_common1000,1,,0.9999998807907104,smJlYSVS9Ds_340_112to226.mp4,F:\MEngDatasets\AIGVDBench\videos\OpenSource\T2V\Wan2.1\videos\smJlYSVS9Ds_340_112to226.mp4,test,1,fake,OpenSource,T2V,Wan2.1,OpenSource_T2V_Wan2.1,1,True
fake_00151,1,"[[-20.37939453125, 31.884445190429688], [-20.37953758239746, 31.885334014892578], [-20.380355834960938, 31.886842727661133]]","[1.0, 1.0, 1.0]",genvidbench_common1000,1,,1.0,gcgj6G8r-IQ_28_24to180.mp4,F:\MEngDatasets\AIGVDBench\videos\OpenSource\I2V\LTX\videos\gcgj6G8r-IQ_28_24to180.mp4,test,1,fake,OpenSource,I2V,LTX,OpenSource_I2V_LTX,1,True
fake_00152,1,"[[-14.937379837036133, 22.06627655029297], [-14.93919849395752, 22.06837272644043]]","[1.0, 1.0]",genvidbench_common1000,1,,1.0,4cvgTuAaMDM_1_0to181.mp4,F:\MEngDatasets\AIGVDBench\videos\OpenSource\T2V\IPOC\videos\4cvgTuAaMDM_1_0to181.mp4,test,1,fake,OpenSource,T2V,IPOC,OpenSource_T2V_IPOC,1,True
fake_00153,1,"[-11.086647987365723, 17.15732192993164]",1.0,genvidbench_common1000,1,,1.0,jet4_Hc5j8I_13_0to109.mp4,F:\MEngDatasets\AIGVDBench\videos\OpenSource\T2V\Wan2.1\videos\jet4_Hc5j8I_13_0to109.mp4,test,1,fake,OpenSource,T2V,Wan2.1,OpenSource_T2V_Wan2.1,1,True
fake_00154,1,"[[1.2906193733215332, -0.34277430176734924], [1.2893940210342407, -0.34147346019744873]]","[0.16336600482463837, 0.1637115478515625]",genvidbench_common1000,1,,0.1637115478515625,HlRfdCWGMzI_22_114to219.mp4,F:\MEngDatasets\AIGVDBench\videos\OpenSource\I2V\SEINE\videos\HlRfdCWGMzI_22_114to219.mp4,test,1,fake,OpenSource,I2V,SEINE,OpenSource_I2V_SEINE,0,False
fake_00155,1,"[-9.401530265808105, 13.264126777648926]",1.0,genvidbench_common1000,1,,1.0,W5R52mgaBgk_13_85to215.mp4,F:\MEngDatasets\AIGVDBench\videos\OpenSource\T2V\Wan2.1\videos\W5R52mgaBgk_13_85to215.mp4,test,1,fake,OpenSource,T2V,Wan2.1,OpenSource_T2V_Wan2.1,1,True
fake_00156,1,"[[-5.667898178100586, 5.996392726898193], [-5.667889595031738, 5.996383190155029]]","[0.9999914169311523, 0.9999914169311523]",genvidbench_common1000,1,,0.9999914169311523,90u26k64J9A_14_0to144.mp4,F:\MEngDatasets\AIGVDBench\videos\OpenSource\I2V\Pyramid-Flow\videos\90u26k64J9A_14_0to144.mp4,test,1,fake,OpenSource,I2V,Pyramid-Flow,OpenSource_I2V_Pyramid-Flow,1,True
fake_00157,1,"[[-9.352277755737305, 12.048788070678711], [-9.352090835571289, 12.0484619140625]]","[1.0, 1.0]",genvidbench_common1000,1,,1.0,vUVwNN47Uv0_7_1227to1461.mp4,F:\MEngDatasets\AIGVDBench\videos\OpenSource\I2V\SEINE\videos\vUVwNN47Uv0_7_1227to1461.mp4,test,1,fake,OpenSource,I2V,SEINE,OpenSource_I2V_SEINE,1,True
fake_00158,1,"[[-15.468796730041504, 21.071741104125977], [-15.468964576721191, 21.071962356567383], [-15.468873977661133, 21.071805953979492]]","[1.0, 1.0, 1.0]",genvidbench_common1000,1,,1.0,guL5esGDFbk_11_0to163.mp4,F:\MEngDatasets\AIGVDBench\videos\OpenSource\I2V\LTX\videos\guL5esGDFbk_11_0to163.mp4,test,1,fake,OpenSource,I2V,LTX,OpenSource_I2V_LTX,1,True
fake_00159,1,"[[-17.178016662597656, 24.903104782104492], [-17.177629470825195, 24.902681350708008]]","[1.0, 1.0]",genvidbench_common1000,1,,1.0,jty7y2KedUE_23_0to259.mp4,F:\MEngDatasets\AIGVDBench\videos\OpenSource\I2V\SEINE\videos\jty7y2KedUE_23_0to259.mp4,test,1,fake,OpenSource,I2V,SEINE,OpenSource_I2V_SEINE,1,True
fake_00160,1,"[-12.676977157592773, 15.023041725158691]",1.0,genvidbench_common1000,1,,1.0,r03AuoH00eM_5_399to542.mp4,F:\MEngDatasets\AIGVDBench\videos\OpenSource\T2V\Cogvideox1.5\videos\r03AuoH00eM_5_399to542.mp4,test,1,fake,OpenSource,T2V,Cogvideox1.5,OpenSource_T2V_Cogvideox1.5,1,True
fake_00161,1,"[-13.607842445373535, 18.775114059448242]",1.0,genvidbench_common1000,1,,1.0,4cvgTuAaMDM_1_0to181.mp4,F:\MEngDatasets\AIGVDBench\videos\OpenSource\T2V\EasyAnimate\videos\4cvgTuAaMDM_1_0to181.mp4,test,1,fake,OpenSource,T2V,EasyAnimate,OpenSource_T2V_EasyAnimate,1,True
fake_00162,1,"[-19.340097427368164, 25.155427932739258]",1.0,genvidbench_common1000,1,,1.0,4cvgTuAaMDM_1_0to181.mp4,F:\MEngDatasets\AIGVDBench\videos\OpenSource\I2V\VideoCrafter\videos\4cvgTuAaMDM_1_0to181.mp4,test,1,fake,OpenSource,I2V,VideoCrafter,OpenSource_I2V_VideoCrafter,1,True
fake_00163,1,"[[-15.033248901367188, 18.604957580566406], [-15.032949447631836, 18.604562759399414]]","[1.0, 1.0]",genvidbench_common1000,1,,1.0,o82SKvbybvY_14_104to700.mp4,F:\MEngDatasets\AIGVDBench\videos\OpenSource\T2V\IPOC\videos\o82SKvbybvY_14_104to700.mp4,test,1,fake,OpenSource,T2V,IPOC,OpenSource_T2V_IPOC,1,True
fake_00164,1,"[[-16.306991577148438, 23.077219009399414], [-16.307268142700195, 23.077781677246094], [-16.307273864746094, 23.077844619750977]]","[1.0, 1.0, 1.0]",genvidbench_common1000,1,,1.0,jty7y2KedUE_23_0to259.mp4,F:\MEngDatasets\AIGVDBench\videos\OpenSource\I2V\EasyAnimate\videos\jty7y2KedUE_23_0to259.mp4,test,1,fake,OpenSource,I2V,EasyAnimate,OpenSource_I2V_EasyAnimate,1,True
fake_00165,1,"[-13.730592727661133, 19.620222091674805]",1.0,genvidbench_common1000,1,,1.0,0BPQnk47p6M_2_55to191.mp4,F:\MEngDatasets\AIGVDBench\videos\OpenSource\T2V\Cogvideox1.5\videos\0BPQnk47p6M_2_55to191.mp4,test,1,fake,OpenSource,T2V,Cogvideox1.5,OpenSource_T2V_Cogvideox1.5,1,True
fake_00166,1,"[-18.759456634521484, 23.59000587463379]",1.0,genvidbench_common1000,1,,1.0,4cvgTuAaMDM_1_0to181.mp4,F:\MEngDatasets\AIGVDBench\videos\OpenSource\T2V\Cogvideox1.5\videos\4cvgTuAaMDM_1_0to181.mp4,test,1,fake,OpenSource,T2V,Cogvideox1.5,OpenSource_T2V_Cogvideox1.5,1,True
fake_00167,1,"[-18.20619773864746, 25.930068969726562]",1.0,genvidbench_common1000,1,,1.0,EHRI1gr4zik_3_323to481.mp4,F:\MEngDatasets\AIGVDBench\videos\OpenSource\T2V\Cogvideox1.5\videos\EHRI1gr4zik_3_323to481.mp4,test,1,fake,OpenSource,T2V,Cogvideox1.5,OpenSource_T2V_Cogvideox1.5,1,True
fake_00168,1,"[-8.400497436523438, 11.949455261230469]",1.0,genvidbench_common1000,1,,1.0,Vh2cObLYHJ8_13_0to496.mp4,F:\MEngDatasets\AIGVDBench\videos\OpenSource\I2V\VideoCrafter\videos\Vh2cObLYHJ8_13_0to496.mp4,test,1,fake,OpenSource,I2V,VideoCrafter,OpenSource_I2V_VideoCrafter,1,True
fake_00169,1,"[-11.276886940002441, 15.135310173034668]",1.0,genvidbench_common1000,1,,1.0,jty7y2KedUE_23_0to259.mp4,F:\MEngDatasets\AIGVDBench\videos\OpenSource\T2V\Cogvideox1.5\videos\jty7y2KedUE_23_0to259.mp4,test,1,fake,OpenSource,T2V,Cogvideox1.5,OpenSource_T2V_Cogvideox1.5,1,True
fake_00170,1,"[[-9.367908477783203, 13.684046745300293], [-9.367816925048828, 13.683929443359375], [-9.368426322937012, 13.684812545776367]]","[1.0, 1.0, 1.0]",genvidbench_common1000,1,,1.0,EHRI1gr4zik_3_323to481.mp4,F:\MEngDatasets\AIGVDBench\videos\OpenSource\I2V\LTX\videos\EHRI1gr4zik_3_323to481.mp4,test,1,fake,OpenSource,I2V,LTX,OpenSource_I2V_LTX,1,True
fake_00171,1,"[-5.982749938964844, 8.579339027404785]",0.9999995231628418,genvidbench_common1000,1,,0.9999995231628418,EHRI1gr4zik_3_323to481.mp4,F:\MEngDatasets\AIGVDBench\videos\OpenSource\T2V\Pyramid-Flow\videos\EHRI1gr4zik_3_323to481.mp4,test,1,fake,OpenSource,T2V,Pyramid-Flow,OpenSource_T2V_Pyramid-Flow,1,True
fake_00172,1,"[[-13.868532180786133, 19.915987014770508], [-13.868349075317383, 19.915441513061523], [-13.8685884475708, 19.91584014892578]]","[1.0, 1.0, 1.0]",genvidbench_common1000,1,,1.0,r03AuoH00eM_5_399to542.mp4,F:\MEngDatasets\AIGVDBench\videos\OpenSource\I2V\LTX\videos\r03AuoH00eM_5_399to542.mp4,test,1,fake,OpenSource,I2V,LTX,OpenSource_I2V_LTX,1,True
fake_00173,1,"[[-11.153817176818848, 17.973543167114258], [-11.153664588928223, 17.97323989868164], [-11.153660774230957, 17.973234176635742]]","[1.0, 1.0, 1.0]",genvidbench_common1000,1,,1.0,o82SKvbybvY_14_104to700.mp4,F:\MEngDatasets\AIGVDBench\videos\OpenSource\I2V\Pyramid-Flow\videos\o82SKvbybvY_14_104to700.mp4,test,1,fake,OpenSource,I2V,Pyramid-Flow,OpenSource_I2V_Pyramid-Flow,1,True
fake_00174,1,"[-9.491199493408203, 11.802369117736816]",1.0,genvidbench_common1000,1,,1.0,4cvgTuAaMDM_1_0to181.mp4,F:\MEngDatasets\AIGVDBench\videos\OpenSource\T2V\VideoCrafter\videos\4cvgTuAaMDM_1_0to181.mp4,test,1,fake,OpenSource,T2V,VideoCrafter,OpenSource_T2V_VideoCrafter,1,True
fake_00175,1,"[-12.640406608581543, 17.593412399291992]",1.0,genvidbench_common1000,1,,1.0,y3vyO-025CI_3_0to339.mp4,F:\MEngDatasets\AIGVDBench\videos\OpenSource\T2V\Wan2.1\videos\y3vyO-025CI_3_0to339.mp4,test,1,fake,OpenSource,T2V,Wan2.1,OpenSource_T2V_Wan2.1,1,True
fake_00176,1,"[-5.0372443199157715, 6.448537826538086]",0.9999897480010986,genvidbench_common1000,1,,0.9999897480010986,02M4tj70Ju0_20_0to116.mp4,F:\MEngDatasets\AIGVDBench\videos\OpenSource\T2V\RepVideo\videos\02M4tj70Ju0_20_0to116.mp4,test,1,fake,OpenSource,T2V,RepVideo,OpenSource_T2V_RepVideo,1,True
fake_00177,1,"[[-7.504568576812744, 8.694287300109863], [-7.504687309265137, 8.694408416748047]]","[0.9999998807907104, 0.9999998807907104]",genvidbench_common1000,1,,0.9999998807907104,guL5esGDFbk_11_0to163.mp4,F:\MEngDatasets\AIGVDBench\videos\OpenSource\I2V\SEINE\videos\guL5esGDFbk_11_0to163.mp4,test,1,fake,OpenSource,I2V,SEINE,OpenSource_I2V_SEINE,1,True
fake_00178,1,"[[-9.057642936706543, 14.224456787109375], [-9.05760669708252, 14.224390983581543], [-9.057633399963379, 14.224492073059082], [-9.057640075683594, 14.224516868591309], [-9.057668685913086, 14.224566459655762], [-9.057565689086914, 14.224409103393555]]","[1.0, 1.0, 1.0, 1.0, 1.0, 1.0]",genvidbench_common1000,1,,1.0,QRYsvqSzYuE_43_455to1014.mp4,F:\MEngDatasets\AIGVDBench\videos\OpenSource\T2V\HunyuanVideo\videos\QRYsvqSzYuE_43_455to1014.mp4,test,1,fake,OpenSource,T2V,HunyuanVideo,OpenSource_T2V_HunyuanVideo,1,True
fake_00179,1,"[-22.394174575805664, 28.134756088256836]",1.0,genvidbench_common1000,1,,1.0,o82SKvbybvY_14_104to700.mp4,F:\MEngDatasets\AIGVDBench\videos\OpenSource\T2V\Pyramid-Flow\videos\o82SKvbybvY_14_104to700.mp4,test,1,fake,OpenSource,T2V,Pyramid-Flow,OpenSource_T2V_Pyramid-Flow,1,True
fake_00180,1,"[-9.048832893371582, 12.176292419433594]",1.0,genvidbench_common1000,1,,1.0,guL5esGDFbk_11_0to163.mp4,F:\MEngDatasets\AIGVDBench\videos\OpenSource\T2V\Cogvideox1.5\videos\guL5esGDFbk_11_0to163.mp4,test,1,fake,OpenSource,T2V,Cogvideox1.5,OpenSource_T2V_Cogvideox1.5,1,True
fake_00181,1,"[-9.206604957580566, 10.873449325561523]",1.0,genvidbench_common1000,1,,1.0,02M4tj70Ju0_20_0to116.mp4,F:\MEngDatasets\AIGVDBench\videos\OpenSource\T2V\EasyAnimate\videos\02M4tj70Ju0_20_0to116.mp4,test,1,fake,OpenSource,T2V,EasyAnimate,OpenSource_T2V_EasyAnimate,1,True
fake_00182,1,"[-9.150646209716797, 11.883451461791992]",1.0,genvidbench_common1000,1,,1.0,smJlYSVS9Ds_340_112to226.mp4,F:\MEngDatasets\AIGVDBench\videos\OpenSource\T2V\VideoCrafter\videos\smJlYSVS9Ds_340_112to226.mp4,test,1,fake,OpenSource,T2V,VideoCrafter,OpenSource_T2V_VideoCrafter,1,True
fake_00183,1,"[[-20.01626205444336, 26.54375648498535], [-20.01500701904297, 26.54197120666504]]","[1.0, 1.0]",genvidbench_common1000,1,,1.0,nhskgJQ5XMU_202_0to114.mp4,F:\MEngDatasets\AIGVDBench\videos\OpenSource\T2V\LTX\videos\nhskgJQ5XMU_202_0to114.mp4,test,1,fake,OpenSource,T2V,LTX,OpenSource_T2V_LTX,1,True
fake_00184,1,"[[-11.430829048156738, 18.1400203704834], [-11.43065071105957, 18.139646530151367], [-11.430789947509766, 18.139888763427734], [-11.43075180053711, 18.139848709106445], [-11.430978775024414, 18.140348434448242], [-11.4306001663208, 18.139751434326172]]","[1.0, 1.0, 1.0, 1.0, 1.0, 1.0]",genvidbench_common1000,1,,1.0,90u26k64J9A_14_0to144.mp4,F:\MEngDatasets\AIGVDBench\videos\OpenSource\T2V\IPOC\videos\90u26k64J9A_14_0to144.mp4,test,1,fake,OpenSource,T2V,IPOC,OpenSource_T2V_IPOC,1,True
fake_00185,1,"[-2.097885847091675, 3.619732618331909]",0.9967232346534729,genvidbench_common1000,1,,0.9967232346534729,QRYsvqSzYuE_43_455to1014.mp4,F:\MEngDatasets\AIGVDBench\videos\OpenSource\T2V\VideoCrafter\videos\QRYsvqSzYuE_43_455to1014.mp4,test,1,fake,OpenSource,T2V,VideoCrafter,OpenSource_T2V_VideoCrafter,1,True
fake_00186,1,"[[-10.475411415100098, 13.556305885314941], [-10.475223541259766, 13.555974960327148], [-10.475050926208496, 13.55572509765625]]","[1.0, 1.0, 1.0]",genvidbench_common1000,1,,1.0,NWYRv_MKaA8_10_24to132.mp4,F:\MEngDatasets\AIGVDBench\videos\OpenSource\I2V\EasyAnimate\videos\NWYRv_MKaA8_10_24to132.mp4,test,1,fake,OpenSource,I2V,EasyAnimate,OpenSource_I2V_EasyAnimate,1,True
fake_00187,1,"[-10.224617958068848, 13.079041481018066]",1.0,genvidbench_common1000,1,,1.0,eENFTG4UQsI_3_337to522.mp4,F:\MEngDatasets\AIGVDBench\videos\OpenSource\V2V\LTX\videos\eENFTG4UQsI_3_337to522.mp4,test,1,fake,OpenSource,V2V,LTX,OpenSource_V2V_LTX,1,True
fake_00188,1,"[[-10.831790924072266, 14.047515869140625], [-10.831805229187012, 14.047540664672852], [-10.831786155700684, 14.047520637512207], [-10.831855773925781, 14.04760456085205], [-10.831843376159668, 14.047586441040039], [-10.83186149597168, 14.04760456085205]]","[1.0, 1.0, 1.0, 1.0, 1.0, 1.0]",genvidbench_common1000,1,,1.0,jet4_Hc5j8I_13_0to109.mp4,F:\MEngDatasets\AIGVDBench\videos\OpenSource\T2V\HunyuanVideo\videos\jet4_Hc5j8I_13_0to109.mp4,test,1,fake,OpenSource,T2V,HunyuanVideo,OpenSource_T2V_HunyuanVideo,1,True
fake_00189,1,"[-4.274324893951416, 5.908872604370117]",0.9999622106552124,genvidbench_common1000,1,,0.9999622106552124,50KDhKUOrqI_57_294to582.mp4,F:\MEngDatasets\AIGVDBench\videos\OpenSource\T2V\AnimateDiff\home\lma\Benchmark\bench\opensource\T2V\AnimateDiff\videos\50KDhKUOrqI_57_294to582.mp4,test,1,fake,OpenSource,T2V,AnimateDiff,OpenSource_T2V_AnimateDiff,1,True
fake_00190,1,"[[-15.783279418945312, 22.076932907104492], [-15.783588409423828, 22.07744026184082]]","[1.0, 1.0]",genvidbench_common1000,1,,1.0,nhskgJQ5XMU_202_0to114.mp4,F:\MEngDatasets\AIGVDBench\videos\OpenSource\I2V\SEINE\videos\nhskgJQ5XMU_202_0to114.mp4,test,1,fake,OpenSource,I2V,SEINE,OpenSource_I2V_SEINE,1,True
fake_00191,1,"[[-11.271980285644531, 16.150800704956055], [-11.271204948425293, 16.149099349975586]]","[1.0, 1.0]",genvidbench_common1000,1,,1.0,r03AuoH00eM_5_399to542.mp4,F:\MEngDatasets\AIGVDBench\videos\OpenSource\T2V\HunyuanVideo\videos\r03AuoH00eM_5_399to542.mp4,test,1,fake,OpenSource,T2V,HunyuanVideo,OpenSource_T2V_HunyuanVideo,1,True
fake_00192,1,"[-12.752514839172363, 15.378185272216797]",1.0,genvidbench_common1000,1,,1.0,EHRI1gr4zik_3_323to481.mp4,F:\MEngDatasets\AIGVDBench\videos\OpenSource\V2V\LTX\videos\EHRI1gr4zik_3_323to481.mp4,test,1,fake,OpenSource,V2V,LTX,OpenSource_V2V_LTX,1,True
fake_00193,1,"[[-14.777311325073242, 21.33552360534668], [-14.777473449707031, 21.335988998413086], [-14.777405738830566, 21.335947036743164]]","[1.0, 1.0, 1.0]",genvidbench_common1000,1,,1.0,y3vyO-025CI_3_0to339.mp4,F:\MEngDatasets\AIGVDBench\videos\OpenSource\I2V\LTX\videos\y3vyO-025CI_3_0to339.mp4,test,1,fake,OpenSource,I2V,LTX,OpenSource_I2V_LTX,1,True
fake_00194,1,"[[-11.123629570007324, 14.980480194091797], [-11.123310089111328, 14.979700088500977], [-11.123305320739746, 14.979464530944824]]","[1.0, 1.0, 1.0]",genvidbench_common1000,1,,1.0,jty7y2KedUE_23_0to259.mp4,F:\MEngDatasets\AIGVDBench\videos\OpenSource\I2V\LTX\videos\jty7y2KedUE_23_0to259.mp4,test,1,fake,OpenSource,I2V,LTX,OpenSource_I2V_LTX,1,True
fake_00195,1,"[[-16.82854461669922, 22.309762954711914], [-16.828332901000977, 22.309532165527344]]","[1.0, 1.0]",genvidbench_common1000,1,,1.0,xPcAfdYCj5k_136_0to424.mp4,F:\MEngDatasets\AIGVDBench\videos\OpenSource\I2V\SVD\videos\xPcAfdYCj5k_136_0to424.mp4,test,1,fake,OpenSource,I2V,SVD,OpenSource_I2V_SVD,1,True
fake_00196,1,"[-6.963324546813965, 10.63504409790039]",1.0,genvidbench_common1000,1,,1.0,vUVwNN47Uv0_7_1227to1461.mp4,F:\MEngDatasets\AIGVDBench\videos\OpenSource\T2V\AnimateDiff\home\lma\Benchmark\bench\opensource\T2V\AnimateDiff\videos\vUVwNN47Uv0_7_1227to1461.mp4,test,1,fake,OpenSource,T2V,AnimateDiff,OpenSource_T2V_AnimateDiff,1,True
fake_00197,1,"[-5.962889194488525, 9.315852165222168]",0.9999997615814209,genvidbench_common1000,1,,0.9999997615814209,HlRfdCWGMzI_22_114to219.mp4,F:\MEngDatasets\AIGVDBench\videos\OpenSource\T2V\Wan2.1\videos\HlRfdCWGMzI_22_114to219.mp4,test,1,fake,OpenSource,T2V,Wan2.1,OpenSource_T2V_Wan2.1,1,True
fake_00198,1,"[[-14.309588432312012, 18.82045555114746], [-14.310239791870117, 18.8211612701416], [-14.30994701385498, 18.820642471313477]]","[1.0, 1.0, 1.0]",genvidbench_common1000,1,,1.0,r03AuoH00eM_5_399to542.mp4,F:\MEngDatasets\AIGVDBench\videos\OpenSource\I2V\EasyAnimate\videos\r03AuoH00eM_5_399to542.mp4,test,1,fake,OpenSource,I2V,EasyAnimate,OpenSource_I2V_EasyAnimate,1,True
fake_00199,1,"[[-11.879741668701172, 19.50243377685547], [-11.879694938659668, 19.502368927001953], [-11.879687309265137, 19.502384185791016]]","[1.0, 1.0, 1.0]",genvidbench_common1000,1,,1.0,gcgj6G8r-IQ_28_24to180.mp4,F:\MEngDatasets\AIGVDBench\videos\OpenSource\I2V\EasyAnimate\videos\gcgj6G8r-IQ_28_24to180.mp4,test,1,fake,OpenSource,I2V,EasyAnimate,OpenSource_I2V_EasyAnimate,1,True
fake_00200,1,"[-11.02099609375, 14.191314697265625]",1.0,genvidbench_common1000,1,,1.0,02M4tj70Ju0_20_0to116.mp4,F:\MEngDatasets\AIGVDBench\videos\OpenSource\T2V\VideoCrafter\videos\02M4tj70Ju0_20_0to116.mp4,test,1,fake,OpenSource,T2V,VideoCrafter,OpenSource_T2V_VideoCrafter,1,True
fake_00201,1,"[[-9.600104331970215, 14.573990821838379], [-9.59976863861084, 14.573479652404785]]","[1.0, 1.0]",genvidbench_common1000,1,,1.0,jty7y2KedUE_23_0to259.mp4,F:\MEngDatasets\AIGVDBench\videos\OpenSource\T2V\IPOC\videos\jty7y2KedUE_23_0to259.mp4,test,1,fake,OpenSource,T2V,IPOC,OpenSource_T2V_IPOC,1,True
fake_00202,1,"[-9.851020812988281, 11.884428024291992]",1.0,genvidbench_common1000,1,,1.0,90u26k64J9A_14_0to144.mp4,F:\MEngDatasets\AIGVDBench\videos\OpenSource\T2V\LTX\videos\90u26k64J9A_14_0to144.mp4,test,1,fake,OpenSource,T2V,LTX,OpenSource_T2V_LTX,1,True
fake_00203,1,"[-16.60305404663086, 20.806772232055664]",1.0,genvidbench_common1000,1,,1.0,smJlYSVS9Ds_340_112to226.mp4,F:\MEngDatasets\AIGVDBench\videos\OpenSource\T2V\Cogvideox1.5\videos\smJlYSVS9Ds_340_112to226.mp4,test,1,fake,OpenSource,T2V,Cogvideox1.5,OpenSource_T2V_Cogvideox1.5,1,True
fake_00204,1,"[-11.069269180297852, 13.588491439819336]",1.0,genvidbench_common1000,1,,1.0,r03AuoH00eM_5_399to542.mp4,F:\MEngDatasets\AIGVDBench\videos\OpenSource\T2V\AnimateDiff\home\lma\Benchmark\bench\opensource\T2V\AnimateDiff\videos\r03AuoH00eM_5_399to542.mp4,test,1,fake,OpenSource,T2V,AnimateDiff,OpenSource_T2V_AnimateDiff,1,True
fake_00205,1,"[-13.740863800048828, 16.70939826965332]",1.0,genvidbench_common1000,1,,1.0,r03AuoH00eM_5_399to542.mp4,F:\MEngDatasets\AIGVDBench\videos\OpenSource\T2V\Open-Sora\videos\r03AuoH00eM_5_399to542.mp4,test,1,fake,OpenSource,T2V,Open-Sora,OpenSource_T2V_Open-Sora,1,True
fake_00206,1,"[[-7.256031036376953, 10.562212944030762], [-7.255855083465576, 10.561720848083496], [-7.255876064300537, 10.561750411987305]]","[1.0, 1.0, 1.0]",genvidbench_common1000,1,,1.0,xPcAfdYCj5k_136_0to424.mp4,F:\MEngDatasets\AIGVDBench\videos\OpenSource\I2V\EasyAnimate\videos\xPcAfdYCj5k_136_0to424.mp4,test,1,fake,OpenSource,I2V,EasyAnimate,OpenSource_I2V_EasyAnimate,1,True
fake_00207,1,"[-9.907010078430176, 12.400045394897461]",1.0,genvidbench_common1000,1,,1.0,eENFTG4UQsI_3_337to522.mp4,F:\MEngDatasets\AIGVDBench\videos\OpenSource\T2V\Cogvideox1.5\videos\eENFTG4UQsI_3_337to522.mp4,test,1,fake,OpenSource,T2V,Cogvideox1.5,OpenSource_T2V_Cogvideox1.5,1,True
fake_00208,1,"[[-11.955211639404297, 16.70477867126465], [-11.95495891571045, 16.704425811767578]]","[1.0, 1.0]",genvidbench_common1000,1,,1.0,xPcAfdYCj5k_136_0to424.mp4,F:\MEngDatasets\AIGVDBench\videos\OpenSource\I2V\Pyramid-Flow\videos\xPcAfdYCj5k_136_0to424.mp4,test,1,fake,OpenSource,I2V,Pyramid-Flow,OpenSource_I2V_Pyramid-Flow,1,True
fake_00209,1,"[-12.524051666259766, 16.67072105407715]",1.0,genvidbench_common1000,1,,1.0,nhskgJQ5XMU_202_0to114.mp4,F:\MEngDatasets\AIGVDBench\videos\OpenSource\I2V\VideoCrafter\videos\nhskgJQ5XMU_202_0to114.mp4,test,1,fake,OpenSource,I2V,VideoCrafter,OpenSource_I2V_VideoCrafter,1,True
fake_00210,1,"[-14.469710350036621, 20.272554397583008]",1.0,genvidbench_common1000,1,,1.0,jty7y2KedUE_23_0to259.mp4,F:\MEngDatasets\AIGVDBench\videos\OpenSource\T2V\RepVideo\videos\jty7y2KedUE_23_0to259.mp4,test,1,fake,OpenSource,T2V,RepVideo,OpenSource_T2V_RepVideo,1,True
fake_00211,1,"[[-14.163531303405762, 22.49739646911621], [-14.163541793823242, 22.497406005859375]]","[1.0, 1.0]",genvidbench_common1000,1,,1.0,eENFTG4UQsI_3_337to522.mp4,F:\MEngDatasets\AIGVDBench\videos\OpenSource\I2V\SVD\videos\eENFTG4UQsI_3_337to522.mp4,test,1,fake,OpenSource,I2V,SVD,OpenSource_I2V_SVD,1,True
fake_00212,1,"[[-6.620254039764404, 7.7352752685546875], [-6.620273113250732, 7.735299587249756]]","[0.9999994039535522, 0.9999994039535522]",genvidbench_common1000,1,,0.9999994039535522,EHRI1gr4zik_3_323to481.mp4,F:\MEngDatasets\AIGVDBench\videos\OpenSource\I2V\Pyramid-Flow\videos\EHRI1gr4zik_3_323to481.mp4,test,1,fake,OpenSource,I2V,Pyramid-Flow,OpenSource_I2V_Pyramid-Flow,1,True
fake_00213,1,"[-9.652074813842773, 14.72877025604248]",1.0,genvidbench_common1000,1,,1.0,02M4tj70Ju0_20_0to116.mp4,F:\MEngDatasets\AIGVDBench\videos\OpenSource\V2V\Cogvideox1.5\videos\02M4tj70Ju0_20_0to116.mp4,test,1,fake,OpenSource,V2V,Cogvideox1.5,OpenSource_V2V_Cogvideox1.5,1,True
fake_00214,1,"[-2.3796582221984863, 2.922389030456543]",0.9950432777404785,genvidbench_common1000,1,,0.9950432777404785,4cvgTuAaMDM_1_0to181.mp4,F:\MEngDatasets\AIGVDBench\videos\OpenSource\T2V\AccVideo\videos\4cvgTuAaMDM_1_0to181.mp4,test,1,fake,OpenSource,T2V,AccVideo,OpenSource_T2V_AccVideo,1,True
fake_00215,1,"[[-6.263442039489746, 8.743006706237793], [-6.263424873352051, 8.74293327331543], [-6.263419151306152, 8.74294662475586]]","[0.9999996423721313, 0.9999996423721313, 0.9999996423721313]",genvidbench_common1000,1,,0.9999996423721313,02M4tj70Ju0_20_0to116.mp4,F:\MEngDatasets\AIGVDBench\videos\OpenSource\I2V\LTX\videos\02M4tj70Ju0_20_0to116.mp4,test,1,fake,OpenSource,I2V,LTX,OpenSource_I2V_LTX,1,True
fake_00216,1,"[[-4.592877388000488, 7.361483573913574], [-4.592872619628906, 7.361480236053467]]","[0.9999935626983643, 0.9999935626983643]",genvidbench_common1000,1,,0.9999935626983643,r03AuoH00eM_5_399to542.mp4,F:\MEngDatasets\AIGVDBench\videos\OpenSource\I2V\SEINE\videos\r03AuoH00eM_5_399to542.mp4,test,1,fake,OpenSource,I2V,SEINE,OpenSource_I2V_SEINE,1,True
fake_00217,1,"[-13.107889175415039, 18.8084774017334]",1.0,genvidbench_common1000,1,,1.0,7TCW9wOxAWk_48_0to214.mp4,F:\MEngDatasets\AIGVDBench\videos\OpenSource\I2V\VideoCrafter\videos\7TCW9wOxAWk_48_0to214.mp4,test,1,fake,OpenSource,I2V,VideoCrafter,OpenSource_I2V_VideoCrafter,1,True
fake_00218,1,"[-14.62295150756836, 22.749719619750977]",1.0,genvidbench_common1000,1,,1.0,eENFTG4UQsI_3_337to522.mp4,F:\MEngDatasets\AIGVDBench\videos\OpenSource\T2V\AccVideo\videos\eENFTG4UQsI_3_337to522.mp4,test,1,fake,OpenSource,T2V,AccVideo,OpenSource_T2V_AccVideo,1,True
fake_00219,1,"[-11.086407661437988, 16.781055450439453]",1.0,genvidbench_common1000,1,,1.0,QRYsvqSzYuE_43_455to1014.mp4,F:\MEngDatasets\AIGVDBench\videos\OpenSource\T2V\AccVideo\videos\QRYsvqSzYuE_43_455to1014.mp4,test,1,fake,OpenSource,T2V,AccVideo,OpenSource_T2V_AccVideo,1,True
fake_00220,1,"[[-7.625499725341797, 9.601112365722656], [-7.625500679016113, 9.601088523864746]]","[1.0, 1.0]",genvidbench_common1000,1,,1.0,smJlYSVS9Ds_340_112to226.mp4,F:\MEngDatasets\AIGVDBench\videos\OpenSource\I2V\SEINE\videos\smJlYSVS9Ds_340_112to226.mp4,test,1,fake,OpenSource,I2V,SEINE,OpenSource_I2V_SEINE,1,True
fake_00221,1,"[-13.694435119628906, 18.5216064453125]",1.0,genvidbench_common1000,1,,1.0,QRYsvqSzYuE_43_455to1014.mp4,F:\MEngDatasets\AIGVDBench\videos\OpenSource\T2V\Pyramid-Flow\videos\QRYsvqSzYuE_43_455to1014.mp4,test,1,fake,OpenSource,T2V,Pyramid-Flow,OpenSource_T2V_Pyramid-Flow,1,True
fake_00222,1,"[-15.828691482543945, 21.12872886657715]",1.0,genvidbench_common1000,1,,1.0,W5R52mgaBgk_13_85to215.mp4,F:\MEngDatasets\AIGVDBench\videos\OpenSource\I2V\VideoCrafter\videos\W5R52mgaBgk_13_85to215.mp4,test,1,fake,OpenSource,I2V,VideoCrafter,OpenSource_I2V_VideoCrafter,1,True
fake_00223,1,"[4.538970947265625, -5.356400489807129]",5.040491305408068e-05,genvidbench_common1000,1,,5.040491305408068e-05,smJlYSVS9Ds_340_112to226.mp4,F:\MEngDatasets\AIGVDBench\videos\OpenSource\T2V\RepVideo\videos\smJlYSVS9Ds_340_112to226.mp4,test,1,fake,OpenSource,T2V,RepVideo,OpenSource_T2V_RepVideo,0,False
fake_00224,1,"[-3.481839418411255, 4.6744279861450195]",0.999713122844696,genvidbench_common1000,1,,0.999713122844696,vUVwNN47Uv0_7_1227to1461.mp4,F:\MEngDatasets\AIGVDBench\videos\OpenSource\T2V\AccVideo\videos\vUVwNN47Uv0_7_1227to1461.mp4,test,1,fake,OpenSource,T2V,AccVideo,OpenSource_T2V_AccVideo,1,True
fake_00225,1,"[[-6.3613715171813965, 9.02159309387207], [-6.360751628875732, 9.020713806152344]]","[0.9999997615814209, 0.9999997615814209]",genvidbench_common1000,1,,0.9999997615814209,QRYsvqSzYuE_43_455to1014.mp4,F:\MEngDatasets\AIGVDBench\videos\OpenSource\I2V\SEINE\videos\QRYsvqSzYuE_43_455to1014.mp4,test,1,fake,OpenSource,I2V,SEINE,OpenSource_I2V_SEINE,1,True
fake_00226,1,"[-10.197136878967285, 13.801079750061035]",1.0,genvidbench_common1000,1,,1.0,0BPQnk47p6M_2_55to191.mp4,F:\MEngDatasets\AIGVDBench\videos\OpenSource\V2V\Cogvideox1.5\videos\0BPQnk47p6M_2_55to191.mp4,test,1,fake,OpenSource,V2V,Cogvideox1.5,OpenSource_V2V_Cogvideox1.5,1,True
fake_00227,1,"[[-8.872931480407715, 12.304049491882324], [-8.874738693237305, 12.306429862976074], [-8.87313175201416, 12.304213523864746]]","[1.0, 1.0, 1.0]",genvidbench_common1000,1,,1.0,NWYRv_MKaA8_10_24to132.mp4,F:\MEngDatasets\AIGVDBench\videos\OpenSource\I2V\LTX\videos\NWYRv_MKaA8_10_24to132.mp4,test,1,fake,OpenSource,I2V,LTX,OpenSource_I2V_LTX,1,True
fake_00228,1,"[-9.473459243774414, 10.606926918029785]",1.0,genvidbench_common1000,1,,1.0,guL5esGDFbk_11_0to163.mp4,F:\MEngDatasets\AIGVDBench\videos\OpenSource\T2V\Wan2.1\videos\guL5esGDFbk_11_0to163.mp4,test,1,fake,OpenSource,T2V,Wan2.1,OpenSource_T2V_Wan2.1,1,True
fake_00229,1,"[-3.8191001415252686, 5.767746448516846]",0.9999313354492188,genvidbench_common1000,1,,0.9999313354492188,nhskgJQ5XMU_202_0to114.mp4,F:\MEngDatasets\AIGVDBench\videos\OpenSource\V2V\LTX\videos\nhskgJQ5XMU_202_0to114.mp4,test,1,fake,OpenSource,V2V,LTX,OpenSource_V2V_LTX,1,True
fake_00230,1,"[-9.065312385559082, 12.821778297424316]",1.0,genvidbench_common1000,1,,1.0,50KDhKUOrqI_57_294to582.mp4,F:\MEngDatasets\AIGVDBench\videos\OpenSource\T2V\VideoCrafter\videos\50KDhKUOrqI_57_294to582.mp4,test,1,fake,OpenSource,T2V,VideoCrafter,OpenSource_T2V_VideoCrafter,1,True
fake_00231,1,"[-12.742806434631348, 17.631298065185547]",1.0,genvidbench_common1000,1,,1.0,7TCW9wOxAWk_48_0to214.mp4,F:\MEngDatasets\AIGVDBench\videos\OpenSource\T2V\Wan2.1\videos\7TCW9wOxAWk_48_0to214.mp4,test,1,fake,OpenSource,T2V,Wan2.1,OpenSource_T2V_Wan2.1,1,True
fake_00232,1,"[[0.9459284543991089, -1.228171467781067], [0.9466012716293335, -1.2286806106567383]]","[0.10210056602954865, 0.10199223458766937]",genvidbench_common1000,1,,0.10199223458766937,guL5esGDFbk_11_0to163.mp4,F:\MEngDatasets\AIGVDBench\videos\OpenSource\I2V\SVD\videos\guL5esGDFbk_11_0to163.mp4,test,1,fake,OpenSource,I2V,SVD,OpenSource_I2V_SVD,0,False
fake_00233,1,"[[-6.86071252822876, 8.920485496520996], [-6.860932350158691, 8.920952796936035]]","[0.9999998807907104, 0.9999998807907104]",genvidbench_common1000,1,,0.9999998807907104,xPcAfdYCj5k_136_0to424.mp4,F:\MEngDatasets\AIGVDBench\videos\OpenSource\I2V\SEINE\videos\xPcAfdYCj5k_136_0to424.mp4,test,1,fake,OpenSource,I2V,SEINE,OpenSource_I2V_SEINE,1,True
fake_00234,1,"[[-13.197182655334473, 17.317100524902344], [-13.196284294128418, 17.31570053100586]]","[1.0, 1.0]",genvidbench_common1000,1,,1.0,0BPQnk47p6M_2_55to191.mp4,F:\MEngDatasets\AIGVDBench\videos\OpenSource\I2V\SVD\videos\0BPQnk47p6M_2_55to191.mp4,test,1,fake,OpenSource,I2V,SVD,OpenSource_I2V_SVD,1,True
fake_00235,1,"[[-12.522634506225586, 15.718745231628418], [-12.522843360900879, 15.719008445739746], [-12.522306442260742, 15.718282699584961]]","[1.0, 1.0, 1.0]",genvidbench_common1000,1,,1.0,7TCW9wOxAWk_48_0to214.mp4,F:\MEngDatasets\AIGVDBench\videos\OpenSource\I2V\LTX\videos\7TCW9wOxAWk_48_0to214.mp4,test,1,fake,OpenSource,I2V,LTX,OpenSource_I2V_LTX,1,True
fake_00236,1,"[-4.222332954406738, 5.068641185760498]",0.9999077320098877,genvidbench_common1000,1,,0.9999077320098877,HlRfdCWGMzI_22_114to219.mp4,F:\MEngDatasets\AIGVDBench\videos\OpenSource\T2V\RepVideo\videos\HlRfdCWGMzI_22_114to219.mp4,test,1,fake,OpenSource,T2V,RepVideo,OpenSource_T2V_RepVideo,1,True
fake_00237,1,"[[-18.081295013427734, 24.673662185668945], [-18.079683303833008, 24.671794891357422]]","[1.0, 1.0]",genvidbench_common1000,1,,1.0,EHRI1gr4zik_3_323to481.mp4,F:\MEngDatasets\AIGVDBench\videos\OpenSource\I2V\SEINE\videos\EHRI1gr4zik_3_323to481.mp4,test,1,fake,OpenSource,I2V,SEINE,OpenSource_I2V_SEINE,1,True
fake_00238,1,"[[-18.00811004638672, 24.957195281982422], [-18.00812339782715, 24.95718002319336]]","[1.0, 1.0]",genvidbench_common1000,1,,1.0,jty7y2KedUE_23_0to259.mp4,F:\MEngDatasets\AIGVDBench\videos\OpenSource\T2V\HunyuanVideo\videos\jty7y2KedUE_23_0to259.mp4,test,1,fake,OpenSource,T2V,HunyuanVideo,OpenSource_T2V_HunyuanVideo,1,True
fake_00239,1,"[-4.4473557472229, 5.081549167633057]",0.999927282333374,genvidbench_common1000,1,,0.999927282333374,02M4tj70Ju0_20_0to116.mp4,F:\MEngDatasets\AIGVDBench\videos\OpenSource\T2V\Pyramid-Flow\videos\02M4tj70Ju0_20_0to116.mp4,test,1,fake,OpenSource,T2V,Pyramid-Flow,OpenSource_T2V_Pyramid-Flow,1,True
fake_00240,1,"[-7.10177755355835, 9.024520874023438]",0.9999998807907104,genvidbench_common1000,1,,0.9999998807907104,r03AuoH00eM_5_399to542.mp4,F:\MEngDatasets\AIGVDBench\videos\OpenSource\T2V\RepVideo\videos\r03AuoH00eM_5_399to542.mp4,test,1,fake,OpenSource,T2V,RepVideo,OpenSource_T2V_RepVideo,1,True
fake_00241,1,"[-17.670822143554688, 26.33510971069336]",1.0,genvidbench_common1000,1,,1.0,guL5esGDFbk_11_0to163.mp4,F:\MEngDatasets\AIGVDBench\videos\OpenSource\T2V\AnimateDiff\home\lma\Benchmark\bench\opensource\T2V\AnimateDiff\videos\guL5esGDFbk_11_0to163.mp4,test,1,fake,OpenSource,T2V,AnimateDiff,OpenSource_T2V_AnimateDiff,1,True
fake_00242,1,"[-6.226052284240723, 8.465287208557129]",0.9999996423721313,genvidbench_common1000,1,,0.9999996423721313,0BPQnk47p6M_2_55to191.mp4,F:\MEngDatasets\AIGVDBench\videos\OpenSource\T2V\VideoCrafter\videos\0BPQnk47p6M_2_55to191.mp4,test,1,fake,OpenSource,T2V,VideoCrafter,OpenSource_T2V_VideoCrafter,1,True
fake_00243,1,"[[-11.228743553161621, 14.720328330993652], [-11.229025840759277, 14.720784187316895], [-11.229226112365723, 14.720986366271973], [-11.229548454284668, 14.721528053283691], [-11.229591369628906, 14.721600532531738], [-11.229898452758789, 14.722050666809082]]","[1.0, 1.0, 1.0, 1.0, 1.0, 1.0]",genvidbench_common1000,1,,1.0,xPcAfdYCj5k_136_0to424.mp4,F:\MEngDatasets\AIGVDBench\videos\OpenSource\T2V\IPOC\videos\xPcAfdYCj5k_136_0to424.mp4,test,1,fake,OpenSource,T2V,IPOC,OpenSource_T2V_IPOC,1,True
fake_00244,1,"[-19.56058692932129, 24.945531845092773]",1.0,genvidbench_common1000,1,,1.0,smJlYSVS9Ds_340_112to226.mp4,F:\MEngDatasets\AIGVDBench\videos\OpenSource\V2V\Cogvideox1.5\videos\smJlYSVS9Ds_340_112to226.mp4,test,1,fake,OpenSource,V2V,Cogvideox1.5,OpenSource_V2V_Cogvideox1.5,1,True
fake_00245,1,"[-17.64267921447754, 22.246946334838867]",1.0,genvidbench_common1000,1,,1.0,W5R52mgaBgk_13_85to215.mp4,F:\MEngDatasets\AIGVDBench\videos\OpenSource\T2V\AnimateDiff\home\lma\Benchmark\bench\opensource\T2V\AnimateDiff\videos\W5R52mgaBgk_13_85to215.mp4,test,1,fake,OpenSource,T2V,AnimateDiff,OpenSource_T2V_AnimateDiff,1,True
fake_00246,1,"[-16.496089935302734, 21.49390411376953]",1.0,genvidbench_common1000,1,,1.0,jty7y2KedUE_23_0to259.mp4,F:\MEngDatasets\AIGVDBench\videos\OpenSource\V2V\Cogvideox1.5\videos\jty7y2KedUE_23_0to259.mp4,test,1,fake,OpenSource,V2V,Cogvideox1.5,OpenSource_V2V_Cogvideox1.5,1,True
fake_00247,1,"[-12.099466323852539, 15.451967239379883]",1.0,genvidbench_common1000,1,,1.0,HlRfdCWGMzI_22_114to219.mp4,F:\MEngDatasets\AIGVDBench\videos\OpenSource\T2V\HunyuanVideo\videos\HlRfdCWGMzI_22_114to219.mp4,test,1,fake,OpenSource,T2V,HunyuanVideo,OpenSource_T2V_HunyuanVideo,1,True
fake_00248,1,"[[-9.439146995544434, 14.207969665527344], [-9.4391508102417, 14.207977294921875], [-9.43918514251709, 14.20803451538086]]","[1.0, 1.0, 1.0]",genvidbench_common1000,1,,1.0,nhskgJQ5XMU_202_0to114.mp4,F:\MEngDatasets\AIGVDBench\videos\OpenSource\I2V\LTX\videos\nhskgJQ5XMU_202_0to114.mp4,test,1,fake,OpenSource,I2V,LTX,OpenSource_I2V_LTX,1,True
fake_00249,1,"[[-19.843338012695312, 26.85401153564453], [-19.84330177307129, 26.853912353515625], [-19.8436279296875, 26.854393005371094], [-19.84378433227539, 26.854642868041992], [-19.84374237060547, 26.85455894470215], [-19.84363555908203, 26.854265213012695]]","[1.0, 1.0, 1.0, 1.0, 1.0, 1.0]",genvidbench_common1000,1,,1.0,7TCW9wOxAWk_48_0to214.mp4,F:\MEngDatasets\AIGVDBench\videos\OpenSource\T2V\HunyuanVideo\videos\7TCW9wOxAWk_48_0to214.mp4,test,1,fake,OpenSource,T2V,HunyuanVideo,OpenSource_T2V_HunyuanVideo,1,True
fake_00250,1,"[-18.5003719329834, 22.771453857421875]",1.0,genvidbench_common1000,1,,1.0,7TCW9wOxAWk_48_0to214.mp4,F:\MEngDatasets\AIGVDBench\videos\OpenSource\V2V\LTX\videos\7TCW9wOxAWk_48_0to214.mp4,test,1,fake,OpenSource,V2V,LTX,OpenSource_V2V_LTX,1,True
fake_00251,1,"[-14.778846740722656, 20.08817481994629]",1.0,genvidbench_common1000,1,,1.0,gcgj6G8r-IQ_28_24to180.mp4,F:\MEngDatasets\AIGVDBench\videos\OpenSource\T2V\AccVideo\videos\gcgj6G8r-IQ_28_24to180.mp4,test,1,fake,OpenSource,T2V,AccVideo,OpenSource_T2V_AccVideo,1,True
fake_00252,1,"[-19.866703033447266, 29.294527053833008]",1.0,genvidbench_common1000,1,,1.0,0BPQnk47p6M_2_55to191.mp4,F:\MEngDatasets\AIGVDBench\videos\OpenSource\T2V\Pyramid-Flow\videos\0BPQnk47p6M_2_55to191.mp4,test,1,fake,OpenSource,T2V,Pyramid-Flow,OpenSource_T2V_Pyramid-Flow,1,True
fake_00253,1,"[[-11.135308265686035, 15.416838645935059], [-11.135544776916504, 15.41717529296875], [-11.135443687438965, 15.417037963867188]]","[1.0, 1.0, 1.0]",genvidbench_common1000,1,,1.0,HlRfdCWGMzI_22_114to219.mp4,F:\MEngDatasets\AIGVDBench\videos\OpenSource\I2V\Pyramid-Flow\videos\HlRfdCWGMzI_22_114to219.mp4,test,1,fake,OpenSource,I2V,Pyramid-Flow,OpenSource_I2V_Pyramid-Flow,1,True
fake_00254,1,"[-8.52062702178955, 12.865344047546387]",1.0,genvidbench_common1000,1,,1.0,7TCW9wOxAWk_48_0to214.mp4,F:\MEngDatasets\AIGVDBench\videos\OpenSource\T2V\Open-Sora\videos\7TCW9wOxAWk_48_0to214.mp4,test,1,fake,OpenSource,T2V,Open-Sora,OpenSource_T2V_Open-Sora,1,True
fake_00255,1,"[-13.641744613647461, 18.775598526000977]",1.0,genvidbench_common1000,1,,1.0,guL5esGDFbk_11_0to163.mp4,F:\MEngDatasets\AIGVDBench\videos\OpenSource\I2V\VideoCrafter\videos\guL5esGDFbk_11_0to163.mp4,test,1,fake,OpenSource,I2V,VideoCrafter,OpenSource_I2V_VideoCrafter,1,True
fake_00256,1,"[[-16.190366744995117, 22.065237045288086], [-16.190763473510742, 22.06585121154785], [-16.190555572509766, 22.065587997436523]]","[1.0, 1.0, 1.0]",genvidbench_common1000,1,,1.0,7TCW9wOxAWk_48_0to214.mp4,F:\MEngDatasets\AIGVDBench\videos\OpenSource\I2V\Pyramid-Flow\videos\7TCW9wOxAWk_48_0to214.mp4,test,1,fake,OpenSource,I2V,Pyramid-Flow,OpenSource_I2V_Pyramid-Flow,1,True
fake_00257,1,"[[-6.625579357147217, 8.263317108154297], [-6.625512599945068, 8.26318073272705]]","[0.9999996423721313, 0.9999996423721313]",genvidbench_common1000,1,,0.9999996423721313,EHRI1gr4zik_3_323to481.mp4,F:\MEngDatasets\AIGVDBench\videos\OpenSource\I2V\SVD\videos\EHRI1gr4zik_3_323to481.mp4,test,1,fake,OpenSource,I2V,SVD,OpenSource_I2V_SVD,1,True
fake_00258,1,"[-6.30623722076416, 7.99567985534668]",0.9999994039535522,genvidbench_common1000,1,,0.9999994039535522,vUVwNN47Uv0_7_1227to1461.mp4,F:\MEngDatasets\AIGVDBench\videos\OpenSource\T2V\Open-Sora\videos\vUVwNN47Uv0_7_1227to1461.mp4,test,1,fake,OpenSource,T2V,Open-Sora,OpenSource_T2V_Open-Sora,1,True
fake_00259,1,"[-6.850411415100098, 9.0723295211792]",0.9999998807907104,genvidbench_common1000,1,,0.9999998807907104,guL5esGDFbk_11_0to163.mp4,F:\MEngDatasets\AIGVDBench\videos\OpenSource\T2V\EasyAnimate\videos\guL5esGDFbk_11_0to163.mp4,test,1,fake,OpenSource,T2V,EasyAnimate,OpenSource_T2V_EasyAnimate,1,True
fake_00260,1,"[-12.283856391906738, 18.604032516479492]",1.0,genvidbench_common1000,1,,1.0,xPcAfdYCj5k_136_0to424.mp4,F:\MEngDatasets\AIGVDBench\videos\OpenSource\T2V\Wan2.1\videos\xPcAfdYCj5k_136_0to424.mp4,test,1,fake,OpenSource,T2V,Wan2.1,OpenSource_T2V_Wan2.1,1,True
fake_00261,1,"[[-4.855231761932373, 6.14265775680542], [-4.854607105255127, 6.141897678375244], [-4.854362964630127, 6.1416239738464355]]","[0.9999833106994629, 0.9999831914901733, 0.9999831914901733]",genvidbench_common1000,1,,0.9999831914901733,bG8EwSG8Hh4_1_0to149.mp4,F:\MEngDatasets\AIGVDBench\videos\OpenSource\I2V\EasyAnimate\videos\bG8EwSG8Hh4_1_0to149.mp4,test,1,fake,OpenSource,I2V,EasyAnimate,OpenSource_I2V_EasyAnimate,1,True
fake_00262,1,"[-9.103358268737793, 12.091731071472168]",1.0,genvidbench_common1000,1,,1.0,NWYRv_MKaA8_10_24to132.mp4,F:\MEngDatasets\AIGVDBench\videos\OpenSource\T2V\Open-Sora\videos\NWYRv_MKaA8_10_24to132.mp4,test,1,fake,OpenSource,T2V,Open-Sora,OpenSource_T2V_Open-Sora,1,True
fake_00263,1,"[[-12.874770164489746, 18.162626266479492], [-12.874495506286621, 18.162273406982422]]","[1.0, 1.0]",genvidbench_common1000,1,,1.0,gcgj6G8r-IQ_28_24to180.mp4,F:\MEngDatasets\AIGVDBench\videos\OpenSource\I2V\SEINE\videos\gcgj6G8r-IQ_28_24to180.mp4,test,1,fake,OpenSource,I2V,SEINE,OpenSource_I2V_SEINE,1,True
fake_00264,1,"[-16.488073348999023, 21.751657485961914]",1.0,genvidbench_common1000,1,,1.0,xPcAfdYCj5k_136_0to424.mp4,F:\MEngDatasets\AIGVDBench\videos\OpenSource\T2V\AnimateDiff\home\lma\Benchmark\bench\opensource\T2V\AnimateDiff\videos\xPcAfdYCj5k_136_0to424.mp4,test,1,fake,OpenSource,T2V,AnimateDiff,OpenSource_T2V_AnimateDiff,1,True
fake_00265,1,"[-14.9970121383667, 20.140621185302734]",1.0,genvidbench_common1000,1,,1.0,nhskgJQ5XMU_202_0to114.mp4,F:\MEngDatasets\AIGVDBench\videos\OpenSource\T2V\Pyramid-Flow\videos\nhskgJQ5XMU_202_0to114.mp4,test,1,fake,OpenSource,T2V,Pyramid-Flow,OpenSource_T2V_Pyramid-Flow,1,True
fake_00266,1,"[-11.920462608337402, 15.182461738586426]",1.0,genvidbench_common1000,1,,1.0,bG8EwSG8Hh4_1_0to149.mp4,F:\MEngDatasets\AIGVDBench\videos\OpenSource\T2V\VideoCrafter\videos\bG8EwSG8Hh4_1_0to149.mp4,test,1,fake,OpenSource,T2V,VideoCrafter,OpenSource_T2V_VideoCrafter,1,True
fake_00267,1,"[-7.308058261871338, 10.875941276550293]",1.0,genvidbench_common1000,1,,1.0,jet4_Hc5j8I_13_0to109.mp4,F:\MEngDatasets\AIGVDBench\videos\OpenSource\V2V\LTX\videos\jet4_Hc5j8I_13_0to109.mp4,test,1,fake,OpenSource,V2V,LTX,OpenSource_V2V_LTX,1,True
fake_00268,1,"[-16.305912017822266, 21.3925724029541]",1.0,genvidbench_common1000,1,,1.0,W5R52mgaBgk_13_85to215.mp4,F:\MEngDatasets\AIGVDBench\videos\OpenSource\T2V\Open-Sora\videos\W5R52mgaBgk_13_85to215.mp4,test,1,fake,OpenSource,T2V,Open-Sora,OpenSource_T2V_Open-Sora,1,True
fake_00269,1,"[-18.009859085083008, 23.936094284057617]",1.0,genvidbench_common1000,1,,1.0,0BPQnk47p6M_2_55to191.mp4,F:\MEngDatasets\AIGVDBench\videos\OpenSource\T2V\EasyAnimate\videos\0BPQnk47p6M_2_55to191.mp4,test,1,fake,OpenSource,T2V,EasyAnimate,OpenSource_T2V_EasyAnimate,1,True
fake_00270,1,"[-17.87184715270996, 23.800655364990234]",1.0,genvidbench_common1000,1,,1.0,NWYRv_MKaA8_10_24to132.mp4,F:\MEngDatasets\AIGVDBench\videos\OpenSource\T2V\AnimateDiff\home\lma\Benchmark\bench\opensource\T2V\AnimateDiff\videos\NWYRv_MKaA8_10_24to132.mp4,test,1,fake,OpenSource,T2V,AnimateDiff,OpenSource_T2V_AnimateDiff,1,True
fake_00271,1,"[-13.86877727508545, 18.757619857788086]",1.0,genvidbench_common1000,1,,1.0,gcgj6G8r-IQ_28_24to180.mp4,F:\MEngDatasets\AIGVDBench\videos\OpenSource\V2V\Cogvideox1.5\videos\gcgj6G8r-IQ_28_24to180.mp4,test,1,fake,OpenSource,V2V,Cogvideox1.5,OpenSource_V2V_Cogvideox1.5,1,True
fake_00272,1,"[[-10.391676902770996, 14.483996391296387], [-10.391756057739258, 14.48410701751709], [-10.39182186126709, 14.484199523925781], [-10.391793251037598, 14.484151840209961], [-10.391702651977539, 14.48401927947998], [-10.391687393188477, 14.48399543762207]]","[1.0, 1.0, 1.0, 1.0, 1.0, 1.0]",genvidbench_common1000,1,,1.0,0BPQnk47p6M_2_55to191.mp4,F:\MEngDatasets\AIGVDBench\videos\OpenSource\T2V\IPOC\videos\0BPQnk47p6M_2_55to191.mp4,test,1,fake,OpenSource,T2V,IPOC,OpenSource_T2V_IPOC,1,True
fake_00273,1,"[-12.722789764404297, 18.4871883392334]",1.0,genvidbench_common1000,1,,1.0,o82SKvbybvY_14_104to700.mp4,F:\MEngDatasets\AIGVDBench\videos\OpenSource\T2V\Wan2.1\videos\o82SKvbybvY_14_104to700.mp4,test,1,fake,OpenSource,T2V,Wan2.1,OpenSource_T2V_Wan2.1,1,True
fake_00274,1,"[[-3.0041279792785645, 3.3412415981292725], [-3.004373788833618, 3.3415346145629883]]","[0.9982482194900513, 0.9982491731643677]",genvidbench_common1000,1,,0.9982491731643677,NWYRv_MKaA8_10_24to132.mp4,F:\MEngDatasets\AIGVDBench\videos\OpenSource\I2V\VideoCrafter\videos\NWYRv_MKaA8_10_24to132.mp4,test,1,fake,OpenSource,I2V,VideoCrafter,OpenSource_I2V_VideoCrafter,1,True
fake_00275,1,"[[-17.15269660949707, 21.976606369018555], [-17.152664184570312, 21.976560592651367], [-17.152666091918945, 21.9765682220459], [-17.15264892578125, 21.976533889770508], [-17.152713775634766, 21.976625442504883], [-17.152698516845703, 21.976600646972656]]","[1.0, 1.0, 1.0, 1.0, 1.0, 1.0]",genvidbench_common1000,1,,1.0,W5R52mgaBgk_13_85to215.mp4,F:\MEngDatasets\AIGVDBench\videos\OpenSource\T2V\LTX\videos\W5R52mgaBgk_13_85to215.mp4,test,1,fake,OpenSource,T2V,LTX,OpenSource_T2V_LTX,1,True
fake_00276,1,"[[-11.908880233764648, 16.88068962097168], [-11.908987045288086, 16.88080406188965], [-11.908102035522461, 16.879119873046875], [-11.908044815063477, 16.878948211669922], [-11.90795612335205, 16.878793716430664], [-11.90773868560791, 16.878355026245117]]","[1.0, 1.0, 1.0, 1.0, 1.0, 1.0]",genvidbench_common1000,1,,1.0,eENFTG4UQsI_3_337to522.mp4,F:\MEngDatasets\AIGVDBench\videos\OpenSource\T2V\IPOC\videos\eENFTG4UQsI_3_337to522.mp4,test,1,fake,OpenSource,T2V,IPOC,OpenSource_T2V_IPOC,1,True
fake_00277,1,"[[-6.186934947967529, 8.018088340759277], [-6.187000751495361, 8.018195152282715], [-6.186980724334717, 8.018145561218262], [-6.186932563781738, 8.018058776855469], [-6.1869378089904785, 8.018033981323242], [-6.186929225921631, 8.018019676208496]]","[0.9999992847442627, 0.9999992847442627, 0.9999992847442627, 0.9999992847442627, 0.9999992847442627, 0.9999992847442627]",genvidbench_common1000,1,,0.9999992847442627,7TCW9wOxAWk_48_0to214.mp4,F:\MEngDatasets\AIGVDBench\videos\OpenSource\T2V\LTX\videos\7TCW9wOxAWk_48_0to214.mp4,test,1,fake,OpenSource,T2V,LTX,OpenSource_T2V_LTX,1,True
fake_00278,1,"[[-10.226638793945312, 13.768820762634277], [-10.226680755615234, 13.76891040802002], [-10.226642608642578, 13.768815040588379]]","[1.0, 1.0, 1.0]",genvidbench_common1000,1,,1.0,bG8EwSG8Hh4_1_0to149.mp4,F:\MEngDatasets\AIGVDBench\videos\OpenSource\I2V\LTX\videos\bG8EwSG8Hh4_1_0to149.mp4,test,1,fake,OpenSource,I2V,LTX,OpenSource_I2V_LTX,1,True
fake_00279,1,"[[-18.294979095458984, 22.65048599243164], [-18.294830322265625, 22.650293350219727]]","[1.0, 1.0]",genvidbench_common1000,1,,1.0,02M4tj70Ju0_20_0to116.mp4,F:\MEngDatasets\AIGVDBench\videos\OpenSource\I2V\SVD\videos\02M4tj70Ju0_20_0to116.mp4,test,1,fake,OpenSource,I2V,SVD,OpenSource_I2V_SVD,1,True
fake_00280,1,"[-15.834789276123047, 21.692426681518555]",1.0,genvidbench_common1000,1,,1.0,4cvgTuAaMDM_1_0to181.mp4,F:\MEngDatasets\AIGVDBench\videos\OpenSource\T2V\Open-Sora\videos\4cvgTuAaMDM_1_0to181.mp4,test,1,fake,OpenSource,T2V,Open-Sora,OpenSource_T2V_Open-Sora,1,True
fake_00281,1,"[-10.659687995910645, 14.643153190612793]",1.0,genvidbench_common1000,1,,1.0,90u26k64J9A_14_0to144.mp4,F:\MEngDatasets\AIGVDBench\videos\OpenSource\T2V\AccVideo\videos\90u26k64J9A_14_0to144.mp4,test,1,fake,OpenSource,T2V,AccVideo,OpenSource_T2V_AccVideo,1,True
fake_00282,1,"[[-14.166657447814941, 21.893360137939453], [-14.16671371459961, 21.893587112426758], [-14.166451454162598, 21.89315414428711], [-14.1664400100708, 21.89305305480957], [-14.16651439666748, 21.893186569213867], [-14.166827201843262, 21.893522262573242]]","[1.0, 1.0, 1.0, 1.0, 1.0, 1.0]",genvidbench_common1000,1,,1.0,Vh2cObLYHJ8_13_0to496.mp4,F:\MEngDatasets\AIGVDBench\videos\OpenSource\T2V\HunyuanVideo\videos\Vh2cObLYHJ8_13_0to496.mp4,test,1,fake,OpenSource,T2V,HunyuanVideo,OpenSource_T2V_HunyuanVideo,1,True
fake_00283,1,"[-8.652388572692871, 12.063765525817871]",1.0,genvidbench_common1000,1,,1.0,7TCW9wOxAWk_48_0to214.mp4,F:\MEngDatasets\AIGVDBench\videos\OpenSource\T2V\Pyramid-Flow\videos\7TCW9wOxAWk_48_0to214.mp4,test,1,fake,OpenSource,T2V,Pyramid-Flow,OpenSource_T2V_Pyramid-Flow,1,True
fake_00284,1,"[[-9.953264236450195, 12.894330024719238], [-9.953164100646973, 12.894216537475586]]","[1.0, 1.0]",genvidbench_common1000,1,,1.0,o82SKvbybvY_14_104to700.mp4,F:\MEngDatasets\AIGVDBench\videos\OpenSource\I2V\SVD\videos\o82SKvbybvY_14_104to700.mp4,test,1,fake,OpenSource,I2V,SVD,OpenSource_I2V_SVD,1,True
fake_00285,1,"[[-4.401398658752441, 5.524898529052734], [-4.402111053466797, 5.52580451965332]]","[0.9999511241912842, 0.9999512434005737]",genvidbench_common1000,1,,0.9999512434005737,vUVwNN47Uv0_7_1227to1461.mp4,F:\MEngDatasets\AIGVDBench\videos\OpenSource\I2V\Pyramid-Flow\videos\vUVwNN47Uv0_7_1227to1461.mp4,test,1,fake,OpenSource,I2V,Pyramid-Flow,OpenSource_I2V_Pyramid-Flow,1,True
fake_00286,1,"[-15.803659439086914, 19.350406646728516]",1.0,genvidbench_common1000,1,,1.0,xPcAfdYCj5k_136_0to424.mp4,F:\MEngDatasets\AIGVDBench\videos\OpenSource\T2V\EasyAnimate\videos\xPcAfdYCj5k_136_0to424.mp4,test,1,fake,OpenSource,T2V,EasyAnimate,OpenSource_T2V_EasyAnimate,1,True
fake_00287,1,"[-9.743387222290039, 15.58841323852539]",1.0,genvidbench_common1000,1,,1.0,r03AuoH00eM_5_399to542.mp4,F:\MEngDatasets\AIGVDBench\videos\OpenSource\T2V\AccVideo\videos\r03AuoH00eM_5_399to542.mp4,test,1,fake,OpenSource,T2V,AccVideo,OpenSource_T2V_AccVideo,1,True
fake_00288,1,"[-17.065778732299805, 26.382719039916992]",1.0,genvidbench_common1000,1,,1.0,y3vyO-025CI_3_0to339.mp4,F:\MEngDatasets\AIGVDBench\videos\OpenSource\V2V\Cogvideox1.5\videos\y3vyO-025CI_3_0to339.mp4,test,1,fake,OpenSource,V2V,Cogvideox1.5,OpenSource_V2V_Cogvideox1.5,1,True
fake_00289,1,"[[-13.15967845916748, 16.748550415039062], [-13.159505844116211, 16.748403549194336]]","[1.0, 1.0]",genvidbench_common1000,1,,1.0,gcgj6G8r-IQ_28_24to180.mp4,F:\MEngDatasets\AIGVDBench\videos\OpenSource\I2V\SVD\videos\gcgj6G8r-IQ_28_24to180.mp4,test,1,fake,OpenSource,I2V,SVD,OpenSource_I2V_SVD,1,True
fake_00290,1,"[[-7.712095260620117, 10.974884986877441], [-7.712780952453613, 10.97570514678955]]","[1.0, 1.0]",genvidbench_common1000,1,,1.0,jty7y2KedUE_23_0to259.mp4,F:\MEngDatasets\AIGVDBench\videos\OpenSource\I2V\SVD\videos\jty7y2KedUE_23_0to259.mp4,test,1,fake,OpenSource,I2V,SVD,OpenSource_I2V_SVD,1,True
fake_00291,1,"[[-17.780805587768555, 23.95198631286621], [-17.779399871826172, 23.9504451751709], [-17.778478622436523, 23.94944953918457], [-17.779024124145508, 23.95002555847168], [-17.778766632080078, 23.94973373413086], [-17.779298782348633, 23.950300216674805]]","[1.0, 1.0, 1.0, 1.0, 1.0, 1.0]",genvidbench_common1000,1,,1.0,W5R52mgaBgk_13_85to215.mp4,F:\MEngDatasets\AIGVDBench\videos\OpenSource\T2V\HunyuanVideo\videos\W5R52mgaBgk_13_85to215.mp4,test,1,fake,OpenSource,T2V,HunyuanVideo,OpenSource_T2V_HunyuanVideo,1,True
fake_00292,1,"[-17.172521591186523, 19.796171188354492]",1.0,genvidbench_common1000,1,,1.0,bG8EwSG8Hh4_1_0to149.mp4,F:\MEngDatasets\AIGVDBench\videos\OpenSource\T2V\Cogvideox1.5\videos\bG8EwSG8Hh4_1_0to149.mp4,test,1,fake,OpenSource,T2V,Cogvideox1.5,OpenSource_T2V_Cogvideox1.5,1,True
fake_00293,1,"[1.5922456979751587, -1.9067014455795288]",0.029342202469706535,genvidbench_common1000,1,,0.029342202469706535,QRYsvqSzYuE_43_455to1014.mp4,F:\MEngDatasets\AIGVDBench\videos\OpenSource\T2V\Cogvideox1.5\videos\QRYsvqSzYuE_43_455to1014.mp4,test,1,fake,OpenSource,T2V,Cogvideox1.5,OpenSource_T2V_Cogvideox1.5,0,False
fake_00294,1,"[-13.9158296585083, 21.308635711669922]",1.0,genvidbench_common1000,1,,1.0,smJlYSVS9Ds_340_112to226.mp4,F:\MEngDatasets\AIGVDBench\videos\OpenSource\T2V\AnimateDiff\home\lma\Benchmark\bench\opensource\T2V\AnimateDiff\videos\smJlYSVS9Ds_340_112to226.mp4,test,1,fake,OpenSource,T2V,AnimateDiff,OpenSource_T2V_AnimateDiff,1,True
fake_00295,1,"[-11.545527458190918, 14.278825759887695]",1.0,genvidbench_common1000,1,,1.0,Vh2cObLYHJ8_13_0to496.mp4,F:\MEngDatasets\AIGVDBench\videos\OpenSource\V2V\LTX\videos\Vh2cObLYHJ8_13_0to496.mp4,test,1,fake,OpenSource,V2V,LTX,OpenSource_V2V_LTX,1,True
fake_00296,1,"[[-10.196454048156738, 12.255578994750977], [-10.196464538574219, 12.255583763122559], [-10.196385383605957, 12.255457878112793]]","[1.0, 1.0, 1.0]",genvidbench_common1000,1,,1.0,90u26k64J9A_14_0to144.mp4,F:\MEngDatasets\AIGVDBench\videos\OpenSource\I2V\EasyAnimate\videos\90u26k64J9A_14_0to144.mp4,test,1,fake,OpenSource,I2V,EasyAnimate,OpenSource_I2V_EasyAnimate,1,True
fake_00297,1,"[-8.973689079284668, 11.400097846984863]",1.0,genvidbench_common1000,1,,1.0,W5R52mgaBgk_13_85to215.mp4,F:\MEngDatasets\AIGVDBench\videos\OpenSource\V2V\LTX\videos\W5R52mgaBgk_13_85to215.mp4,test,1,fake,OpenSource,V2V,LTX,OpenSource_V2V_LTX,1,True
fake_00298,1,"[-1.6696312427520752, 2.8279309272766113]",0.988986611366272,genvidbench_common1000,1,,0.988986611366272,W5R52mgaBgk_13_85to215.mp4,F:\MEngDatasets\AIGVDBench\videos\OpenSource\T2V\VideoCrafter\videos\W5R52mgaBgk_13_85to215.mp4,test,1,fake,OpenSource,T2V,VideoCrafter,OpenSource_T2V_VideoCrafter,1,True
fake_00299,1,"[-7.983261585235596, 11.40938949584961]",1.0,genvidbench_common1000,1,,1.0,HlRfdCWGMzI_22_114to219.mp4,F:\MEngDatasets\AIGVDBench\videos\OpenSource\T2V\Pyramid-Flow\videos\HlRfdCWGMzI_22_114to219.mp4,test,1,fake,OpenSource,T2V,Pyramid-Flow,OpenSource_T2V_Pyramid-Flow,1,True
fake_00300,1,"[[-9.907222747802734, 13.5072660446167], [-9.907184600830078, 13.507180213928223], [-9.907233238220215, 13.507269859313965]]","[1.0, 1.0, 1.0]",genvidbench_common1000,1,,1.0,0BPQnk47p6M_2_55to191.mp4,F:\MEngDatasets\AIGVDBench\videos\OpenSource\I2V\EasyAnimate\videos\0BPQnk47p6M_2_55to191.mp4,test,1,fake,OpenSource,I2V,EasyAnimate,OpenSource_I2V_EasyAnimate,1,True
fake_00301,1,"[-14.128511428833008, 19.319021224975586]",1.0,genvidbench_common1000,1,,1.0,50KDhKUOrqI_57_294to582.mp4,F:\MEngDatasets\AIGVDBench\videos\OpenSource\V2V\Cogvideox1.5\videos\50KDhKUOrqI_57_294to582.mp4,test,1,fake,OpenSource,V2V,Cogvideox1.5,OpenSource_V2V_Cogvideox1.5,1,True
fake_00302,1,"[-14.261247634887695, 17.583078384399414]",1.0,genvidbench_common1000,1,,1.0,eENFTG4UQsI_3_337to522.mp4,F:\MEngDatasets\AIGVDBench\videos\OpenSource\T2V\Wan2.1\videos\eENFTG4UQsI_3_337to522.mp4,test,1,fake,OpenSource,T2V,Wan2.1,OpenSource_T2V_Wan2.1,1,True
fake_00303,1,"[[-7.924389839172363, 10.380706787109375], [-7.924296855926514, 10.380544662475586], [-7.924235820770264, 10.380443572998047]]","[1.0, 1.0, 1.0]",genvidbench_common1000,1,,1.0,eENFTG4UQsI_3_337to522.mp4,F:\MEngDatasets\AIGVDBench\videos\OpenSource\I2V\EasyAnimate\videos\eENFTG4UQsI_3_337to522.mp4,test,1,fake,OpenSource,I2V,EasyAnimate,OpenSource_I2V_EasyAnimate,1,True
fake_00304,1,"[-4.758584976196289, 7.346674919128418]",0.9999945163726807,genvidbench_common1000,1,,0.9999945163726807,o82SKvbybvY_14_104to700.mp4,F:\MEngDatasets\AIGVDBench\videos\OpenSource\V2V\Cogvideox1.5\videos\o82SKvbybvY_14_104to700.mp4,test,1,fake,OpenSource,V2V,Cogvideox1.5,OpenSource_V2V_Cogvideox1.5,1,True
fake_00305,1,"[-8.839570999145508, 13.44950008392334]",1.0,genvidbench_common1000,1,,1.0,xPcAfdYCj5k_136_0to424.mp4,F:\MEngDatasets\AIGVDBench\videos\OpenSource\T2V\Cogvideox1.5\videos\xPcAfdYCj5k_136_0to424.mp4,test,1,fake,OpenSource,T2V,Cogvideox1.5,OpenSource_T2V_Cogvideox1.5,1,True
fake_00306,1,"[-5.5671706199646, 6.862465858459473]",0.9999959468841553,genvidbench_common1000,1,,0.9999959468841553,o82SKvbybvY_14_104to700.mp4,F:\MEngDatasets\AIGVDBench\videos\OpenSource\T2V\RepVideo\videos\o82SKvbybvY_14_104to700.mp4,test,1,fake,OpenSource,T2V,RepVideo,OpenSource_T2V_RepVideo,1,True
fake_00307,1,"[-14.022613525390625, 19.570087432861328]",1.0,genvidbench_common1000,1,,1.0,Vh2cObLYHJ8_13_0to496.mp4,F:\MEngDatasets\AIGVDBench\videos\OpenSource\V2V\Cogvideox1.5\videos\Vh2cObLYHJ8_13_0to496.mp4,test,1,fake,OpenSource,V2V,Cogvideox1.5,OpenSource_V2V_Cogvideox1.5,1,True
fake_00308,1,"[-13.706056594848633, 20.15818214416504]",1.0,genvidbench_common1000,1,,1.0,HlRfdCWGMzI_22_114to219.mp4,F:\MEngDatasets\AIGVDBench\videos\OpenSource\V2V\Cogvideox1.5\videos\HlRfdCWGMzI_22_114to219.mp4,test,1,fake,OpenSource,V2V,Cogvideox1.5,OpenSource_V2V_Cogvideox1.5,1,True
fake_00309,1,"[-7.225841045379639, 7.795581817626953]",0.9999996423721313,genvidbench_common1000,1,,0.9999996423721313,eENFTG4UQsI_3_337to522.mp4,F:\MEngDatasets\AIGVDBench\videos\OpenSource\V2V\Cogvideox1.5\videos\eENFTG4UQsI_3_337to522.mp4,test,1,fake,OpenSource,V2V,Cogvideox1.5,OpenSource_V2V_Cogvideox1.5,1,True
fake_00310,1,"[-12.503700256347656, 15.71514892578125]",1.0,genvidbench_common1000,1,,1.0,90u26k64J9A_14_0to144.mp4,F:\MEngDatasets\AIGVDBench\videos\OpenSource\V2V\Cogvideox1.5\videos\90u26k64J9A_14_0to144.mp4,test,1,fake,OpenSource,V2V,Cogvideox1.5,OpenSource_V2V_Cogvideox1.5,1,True
fake_00311,1,"[-12.50972843170166, 14.87000560760498]",1.0,genvidbench_common1000,1,,1.0,NWYRv_MKaA8_10_24to132.mp4,F:\MEngDatasets\AIGVDBench\videos\OpenSource\T2V\Pyramid-Flow\videos\NWYRv_MKaA8_10_24to132.mp4,test,1,fake,OpenSource,T2V,Pyramid-Flow,OpenSource_T2V_Pyramid-Flow,1,True
fake_00312,1,"[-0.5977201461791992, 0.9496572613716125]",0.8245345950126648,genvidbench_common1000,1,,0.8245345950126648,Vh2cObLYHJ8_13_0to496.mp4,F:\MEngDatasets\AIGVDBench\videos\OpenSource\T2V\Cogvideox1.5\videos\Vh2cObLYHJ8_13_0to496.mp4,test,1,fake,OpenSource,T2V,Cogvideox1.5,OpenSource_T2V_Cogvideox1.5,1,True
fake_00313,1,"[-20.60355567932129, 26.06399917602539]",1.0,genvidbench_common1000,1,,1.0,gcgj6G8r-IQ_28_24to180.mp4,F:\MEngDatasets\AIGVDBench\videos\OpenSource\T2V\Open-Sora\videos\gcgj6G8r-IQ_28_24to180.mp4,test,1,fake,OpenSource,T2V,Open-Sora,OpenSource_T2V_Open-Sora,1,True
fake_00314,1,"[-13.204782485961914, 16.945852279663086]",1.0,genvidbench_common1000,1,,1.0,Vh2cObLYHJ8_13_0to496.mp4,F:\MEngDatasets\AIGVDBench\videos\OpenSource\T2V\Pyramid-Flow\videos\Vh2cObLYHJ8_13_0to496.mp4,test,1,fake,OpenSource,T2V,Pyramid-Flow,OpenSource_T2V_Pyramid-Flow,1,True
fake_00315,1,"[-13.483427047729492, 18.777231216430664]",1.0,genvidbench_common1000,1,,1.0,y3vyO-025CI_3_0to339.mp4,F:\MEngDatasets\AIGVDBench\videos\OpenSource\T2V\Pyramid-Flow\videos\y3vyO-025CI_3_0to339.mp4,test,1,fake,OpenSource,T2V,Pyramid-Flow,OpenSource_T2V_Pyramid-Flow,1,True
fake_00316,1,"[[-8.22517204284668, 12.606568336486816], [-8.225078582763672, 12.606446266174316], [-8.225046157836914, 12.60644817352295]]","[1.0, 1.0, 1.0]",genvidbench_common1000,1,,1.0,4cvgTuAaMDM_1_0to181.mp4,F:\MEngDatasets\AIGVDBench\videos\OpenSource\I2V\EasyAnimate\videos\4cvgTuAaMDM_1_0to181.mp4,test,1,fake,OpenSource,I2V,EasyAnimate,OpenSource_I2V_EasyAnimate,1,True
fake_00317,1,"[-8.545815467834473, 11.453165054321289]",1.0,genvidbench_common1000,1,,1.0,vUVwNN47Uv0_7_1227to1461.mp4,F:\MEngDatasets\AIGVDBench\videos\OpenSource\V2V\Cogvideox1.5\videos\vUVwNN47Uv0_7_1227to1461.mp4,test,1,fake,OpenSource,V2V,Cogvideox1.5,OpenSource_V2V_Cogvideox1.5,1,True
fake_00318,1,"[-21.47278594970703, 30.928373336791992]",1.0,genvidbench_common1000,1,,1.0,guL5esGDFbk_11_0to163.mp4,F:\MEngDatasets\AIGVDBench\videos\OpenSource\T2V\Open-Sora\videos\guL5esGDFbk_11_0to163.mp4,test,1,fake,OpenSource,T2V,Open-Sora,OpenSource_T2V_Open-Sora,1,True
fake_00319,1,"[[-20.99109649658203, 30.33333396911621], [-20.990842819213867, 30.333086013793945]]","[1.0, 1.0]",genvidbench_common1000,1,,1.0,Vh2cObLYHJ8_13_0to496.mp4,F:\MEngDatasets\AIGVDBench\videos\OpenSource\I2V\SEINE\videos\Vh2cObLYHJ8_13_0to496.mp4,test,1,fake,OpenSource,I2V,SEINE,OpenSource_I2V_SEINE,1,True
fake_00320,1,"[-14.011683464050293, 19.41431999206543]",1.0,genvidbench_common1000,1,,1.0,xPcAfdYCj5k_136_0to424.mp4,F:\MEngDatasets\AIGVDBench\videos\OpenSource\V2V\Cogvideox1.5\videos\xPcAfdYCj5k_136_0to424.mp4,test,1,fake,OpenSource,V2V,Cogvideox1.5,OpenSource_V2V_Cogvideox1.5,1,True
fake_00321,1,"[-3.2963969707489014, 5.150165557861328]",0.9997853636741638,genvidbench_common1000,1,,0.9997853636741638,7TCW9wOxAWk_48_0to214.mp4,F:\MEngDatasets\AIGVDBench\videos\OpenSource\T2V\VideoCrafter\videos\7TCW9wOxAWk_48_0to214.mp4,test,1,fake,OpenSource,T2V,VideoCrafter,OpenSource_T2V_VideoCrafter,1,True
fake_00322,1,"[[-13.802528381347656, 17.730436325073242], [-13.802763938903809, 17.730627059936523]]","[1.0, 1.0]",genvidbench_common1000,1,,1.0,HlRfdCWGMzI_22_114to219.mp4,F:\MEngDatasets\AIGVDBench\videos\OpenSource\T2V\LTX\videos\HlRfdCWGMzI_22_114to219.mp4,test,1,fake,OpenSource,T2V,LTX,OpenSource_T2V_LTX,1,True
fake_00323,1,"[-10.76102352142334, 16.564041137695312]",1.0,genvidbench_common1000,1,,1.0,xPcAfdYCj5k_136_0to424.mp4,F:\MEngDatasets\AIGVDBench\videos\OpenSource\V2V\LTX\videos\xPcAfdYCj5k_136_0to424.mp4,test,1,fake,OpenSource,V2V,LTX,OpenSource_V2V_LTX,1,True
fake_00324,1,"[[-21.83345603942871, 31.006786346435547], [-21.834333419799805, 31.008380889892578], [-21.83490753173828, 31.009593963623047], [-21.8349609375, 31.009761810302734], [-21.834806442260742, 31.009740829467773], [-21.835308074951172, 31.010496139526367]]","[1.0, 1.0, 1.0, 1.0, 1.0, 1.0]",genvidbench_common1000,1,,1.0,guL5esGDFbk_11_0to163.mp4,F:\MEngDatasets\AIGVDBench\videos\OpenSource\T2V\HunyuanVideo\videos\guL5esGDFbk_11_0to163.mp4,test,1,fake,OpenSource,T2V,HunyuanVideo,OpenSource_T2V_HunyuanVideo,1,True
fake_00325,1,"[-12.269951820373535, 18.33687973022461]",1.0,genvidbench_common1000,1,,1.0,nhskgJQ5XMU_202_0to114.mp4,F:\MEngDatasets\AIGVDBench\videos\OpenSource\T2V\AnimateDiff\home\lma\Benchmark\bench\opensource\T2V\AnimateDiff\videos\nhskgJQ5XMU_202_0to114.mp4,test,1,fake,OpenSource,T2V,AnimateDiff,OpenSource_T2V_AnimateDiff,1,True
fake_00326,1,"[-11.622998237609863, 15.017646789550781]",1.0,genvidbench_common1000,1,,1.0,NWYRv_MKaA8_10_24to132.mp4,F:\MEngDatasets\AIGVDBench\videos\OpenSource\T2V\HunyuanVideo\videos\NWYRv_MKaA8_10_24to132.mp4,test,1,fake,OpenSource,T2V,HunyuanVideo,OpenSource_T2V_HunyuanVideo,1,True
fake_00327,1,"[[-11.032696723937988, 14.377350807189941], [-11.03273868560791, 14.377391815185547]]","[1.0, 1.0]",genvidbench_common1000,1,,1.0,0BPQnk47p6M_2_55to191.mp4,F:\MEngDatasets\AIGVDBench\videos\OpenSource\I2V\SEINE\videos\0BPQnk47p6M_2_55to191.mp4,test,1,fake,OpenSource,I2V,SEINE,OpenSource_I2V_SEINE,1,True
fake_00328,1,"[[-12.361041069030762, 17.22156524658203], [-12.358465194702148, 17.217975616455078], [-12.357710838317871, 17.216758728027344], [-12.357203483581543, 17.21603012084961], [-12.356890678405762, 17.215625762939453], [-12.35642147064209, 17.214975357055664]]","[1.0, 1.0, 1.0, 1.0, 1.0, 1.0]",genvidbench_common1000,1,,1.0,guL5esGDFbk_11_0to163.mp4,F:\MEngDatasets\AIGVDBench\videos\OpenSource\T2V\IPOC\videos\guL5esGDFbk_11_0to163.mp4,test,1,fake,OpenSource,T2V,IPOC,OpenSource_T2V_IPOC,1,True
fake_00329,1,"[-14.423890113830566, 17.946706771850586]",1.0,genvidbench_common1000,1,,1.0,EHRI1gr4zik_3_323to481.mp4,F:\MEngDatasets\AIGVDBench\videos\OpenSource\T2V\AccVideo\videos\EHRI1gr4zik_3_323to481.mp4,test,1,fake,OpenSource,T2V,AccVideo,OpenSource_T2V_AccVideo,1,True
fake_00330,1,"[-9.88685417175293, 14.146108627319336]",1.0,genvidbench_common1000,1,,1.0,02M4tj70Ju0_20_0to116.mp4,F:\MEngDatasets\AIGVDBench\videos\OpenSource\T2V\Wan2.1\videos\02M4tj70Ju0_20_0to116.mp4,test,1,fake,OpenSource,T2V,Wan2.1,OpenSource_T2V_Wan2.1,1,True
fake_00331,1,"[-17.395280838012695, 24.789932250976562]",1.0,genvidbench_common1000,1,,1.0,7TCW9wOxAWk_48_0to214.mp4,F:\MEngDatasets\AIGVDBench\videos\OpenSource\T2V\AccVideo\videos\7TCW9wOxAWk_48_0to214.mp4,test,1,fake,OpenSource,T2V,AccVideo,OpenSource_T2V_AccVideo,1,True
fake_00332,1,"[-16.891475677490234, 27.315340042114258]",1.0,genvidbench_common1000,1,,1.0,xPcAfdYCj5k_136_0to424.mp4,F:\MEngDatasets\AIGVDBench\videos\OpenSource\T2V\Open-Sora\videos\xPcAfdYCj5k_136_0to424.mp4,test,1,fake,OpenSource,T2V,Open-Sora,OpenSource_T2V_Open-Sora,1,True
fake_00333,1,"[[-15.881839752197266, 25.64663314819336], [-15.881800651550293, 25.646562576293945]]","[1.0, 1.0]",genvidbench_common1000,1,,1.0,bG8EwSG8Hh4_1_0to149.mp4,F:\MEngDatasets\AIGVDBench\videos\OpenSource\T2V\HunyuanVideo\videos\bG8EwSG8Hh4_1_0to149.mp4,test,1,fake,OpenSource,T2V,HunyuanVideo,OpenSource_T2V_HunyuanVideo,1,True
fake_00334,1,"[[-7.061730861663818, 8.8627347946167], [-7.0620436668396, 8.863192558288574], [-7.062089920043945, 8.863272666931152], [-7.062277793884277, 8.863532066345215], [-7.06240701675415, 8.863716125488281], [-7.062138557434082, 8.86331558227539]]","[0.9999998807907104, 0.9999998807907104, 0.9999998807907104, 0.9999998807907104, 0.9999998807907104, 0.9999998807907104]",genvidbench_common1000,1,,0.9999998807907104,r03AuoH00eM_5_399to542.mp4,F:\MEngDatasets\AIGVDBench\videos\OpenSource\T2V\LTX\videos\r03AuoH00eM_5_399to542.mp4,test,1,fake,OpenSource,T2V,LTX,OpenSource_T2V_LTX,1,True
fake_00335,1,"[-10.553256034851074, 13.4219388961792]",1.0,genvidbench_common1000,1,,1.0,HlRfdCWGMzI_22_114to219.mp4,F:\MEngDatasets\AIGVDBench\videos\OpenSource\T2V\AccVideo\videos\HlRfdCWGMzI_22_114to219.mp4,test,1,fake,OpenSource,T2V,AccVideo,OpenSource_T2V_AccVideo,1,True
fake_00336,1,"[-5.292934417724609, 6.786124229431152]",0.9999942779541016,genvidbench_common1000,1,,0.9999942779541016,50KDhKUOrqI_57_294to582.mp4,F:\MEngDatasets\AIGVDBench\videos\OpenSource\T2V\EasyAnimate\videos\50KDhKUOrqI_57_294to582.mp4,test,1,fake,OpenSource,T2V,EasyAnimate,OpenSource_T2V_EasyAnimate,1,True
fake_00337,1,"[[-22.238523483276367, 26.516199111938477], [-22.237262725830078, 26.5141544342041]]","[1.0, 1.0]",genvidbench_common1000,1,,1.0,50KDhKUOrqI_57_294to582.mp4,F:\MEngDatasets\AIGVDBench\videos\OpenSource\I2V\Pyramid-Flow\videos\50KDhKUOrqI_57_294to582.mp4,test,1,fake,OpenSource,I2V,Pyramid-Flow,OpenSource_I2V_Pyramid-Flow,1,True
fake_00338,1,"[[-12.424406051635742, 15.412920951843262], [-12.423911094665527, 15.412250518798828]]","[1.0, 1.0]",genvidbench_common1000,1,,1.0,QRYsvqSzYuE_43_455to1014.mp4,F:\MEngDatasets\AIGVDBench\videos\OpenSource\I2V\SVD\videos\QRYsvqSzYuE_43_455to1014.mp4,test,1,fake,OpenSource,I2V,SVD,OpenSource_I2V_SVD,1,True
fake_00339,1,"[-13.814552307128906, 18.023591995239258]",1.0,genvidbench_common1000,1,,1.0,r03AuoH00eM_5_399to542.mp4,F:\MEngDatasets\AIGVDBench\videos\OpenSource\T2V\EasyAnimate\videos\r03AuoH00eM_5_399to542.mp4,test,1,fake,OpenSource,T2V,EasyAnimate,OpenSource_T2V_EasyAnimate,1,True
fake_00340,1,"[-15.190333366394043, 22.393142700195312]",1.0,genvidbench_common1000,1,,1.0,gcgj6G8r-IQ_28_24to180.mp4,F:\MEngDatasets\AIGVDBench\videos\OpenSource\T2V\RepVideo\videos\gcgj6G8r-IQ_28_24to180.mp4,test,1,fake,OpenSource,T2V,RepVideo,OpenSource_T2V_RepVideo,1,True
fake_00341,1,"[[-13.244629859924316, 17.5903377532959], [-13.244723320007324, 17.590524673461914]]","[1.0, 1.0]",genvidbench_common1000,1,,1.0,smJlYSVS9Ds_340_112to226.mp4,F:\MEngDatasets\AIGVDBench\videos\OpenSource\I2V\SVD\videos\smJlYSVS9Ds_340_112to226.mp4,test,1,fake,OpenSource,I2V,SVD,OpenSource_I2V_SVD,1,True
fake_00342,1,"[[-12.455541610717773, 14.851563453674316], [-12.455801963806152, 14.851927757263184], [-12.455965042114258, 14.85216236114502], [-12.45609188079834, 14.852372169494629], [-12.45595645904541, 14.852178573608398], [-12.456001281738281, 14.852231979370117]]","[1.0, 1.0, 1.0, 1.0, 1.0, 1.0]",genvidbench_common1000,1,,1.0,nhskgJQ5XMU_202_0to114.mp4,F:\MEngDatasets\AIGVDBench\videos\OpenSource\T2V\IPOC\videos\nhskgJQ5XMU_202_0to114.mp4,test,1,fake,OpenSource,T2V,IPOC,OpenSource_T2V_IPOC,1,True
fake_00343,1,"[0.17949533462524414, 0.21603567898273468]",0.50913405418396,genvidbench_common1000,1,,0.50913405418396,eENFTG4UQsI_3_337to522.mp4,F:\MEngDatasets\AIGVDBench\videos\OpenSource\I2V\VideoCrafter\videos\eENFTG4UQsI_3_337to522.mp4,test,1,fake,OpenSource,I2V,VideoCrafter,OpenSource_I2V_VideoCrafter,1,True
fake_00344,1,"[-5.467416286468506, 9.062626838684082]",0.9999995231628418,genvidbench_common1000,1,,0.9999995231628418,y3vyO-025CI_3_0to339.mp4,F:\MEngDatasets\AIGVDBench\videos\OpenSource\T2V\RepVideo\videos\y3vyO-025CI_3_0to339.mp4,test,1,fake,OpenSource,T2V,RepVideo,OpenSource_T2V_RepVideo,1,True
fake_00345,1,"[[-10.26921558380127, 12.92224407196045], [-10.269054412841797, 12.921980857849121], [-10.269189834594727, 12.922196388244629]]","[1.0, 1.0, 1.0]",genvidbench_common1000,1,,1.0,NWYRv_MKaA8_10_24to132.mp4,F:\MEngDatasets\AIGVDBench\videos\OpenSource\I2V\Pyramid-Flow\videos\NWYRv_MKaA8_10_24to132.mp4,test,1,fake,OpenSource,I2V,Pyramid-Flow,OpenSource_I2V_Pyramid-Flow,1,True
fake_00346,1,"[-4.785651683807373, 6.796878814697266]",0.999990701675415,genvidbench_common1000,1,,0.999990701675415,0BPQnk47p6M_2_55to191.mp4,F:\MEngDatasets\AIGVDBench\videos\OpenSource\T2V\RepVideo\videos\0BPQnk47p6M_2_55to191.mp4,test,1,fake,OpenSource,T2V,RepVideo,OpenSource_T2V_RepVideo,1,True
fake_00347,1,"[-20.960222244262695, 28.270936965942383]",1.0,genvidbench_common1000,1,,1.0,02M4tj70Ju0_20_0to116.mp4,F:\MEngDatasets\AIGVDBench\videos\OpenSource\T2V\Cogvideox1.5\videos\02M4tj70Ju0_20_0to116.mp4,test,1,fake,OpenSource,T2V,Cogvideox1.5,OpenSource_T2V_Cogvideox1.5,1,True
fake_00348,1,"[-16.345409393310547, 25.19234275817871]",1.0,genvidbench_common1000,1,,1.0,jty7y2KedUE_23_0to259.mp4,F:\MEngDatasets\AIGVDBench\videos\OpenSource\T2V\Wan2.1\videos\jty7y2KedUE_23_0to259.mp4,test,1,fake,OpenSource,T2V,Wan2.1,OpenSource_T2V_Wan2.1,1,True
fake_00349,1,"[-15.764724731445312, 19.731792449951172]",1.0,genvidbench_common1000,1,,1.0,y3vyO-025CI_3_0to339.mp4,F:\MEngDatasets\AIGVDBench\videos\OpenSource\T2V\EasyAnimate\videos\y3vyO-025CI_3_0to339.mp4,test,1,fake,OpenSource,T2V,EasyAnimate,OpenSource_T2V_EasyAnimate,1,True
fake_00350,1,"[-10.982499122619629, 15.382842063903809]",1.0,genvidbench_common1000,1,,1.0,W5R52mgaBgk_13_85to215.mp4,F:\MEngDatasets\AIGVDBench\videos\OpenSource\T2V\AccVideo\videos\W5R52mgaBgk_13_85to215.mp4,test,1,fake,OpenSource,T2V,AccVideo,OpenSource_T2V_AccVideo,1,True
fake_00351,1,"[-18.876890182495117, 26.737009048461914]",1.0,genvidbench_common1000,1,,1.0,4cvgTuAaMDM_1_0to181.mp4,F:\MEngDatasets\AIGVDBench\videos\OpenSource\T2V\Pyramid-Flow\videos\4cvgTuAaMDM_1_0to181.mp4,test,1,fake,OpenSource,T2V,Pyramid-Flow,OpenSource_T2V_Pyramid-Flow,1,True
fake_00352,1,"[[-18.486177444458008, 22.79208755493164], [-18.4859619140625, 22.79155158996582]]","[1.0, 1.0]",genvidbench_common1000,1,,1.0,7TCW9wOxAWk_48_0to214.mp4,F:\MEngDatasets\AIGVDBench\videos\OpenSource\I2V\SVD\videos\7TCW9wOxAWk_48_0to214.mp4,test,1,fake,OpenSource,I2V,SVD,OpenSource_I2V_SVD,1,True
fake_00353,1,"[-7.441660404205322, 8.980730056762695]",0.9999998807907104,genvidbench_common1000,1,,0.9999998807907104,7TCW9wOxAWk_48_0to214.mp4,F:\MEngDatasets\AIGVDBench\videos\OpenSource\V2V\Cogvideox1.5\videos\7TCW9wOxAWk_48_0to214.mp4,test,1,fake,OpenSource,V2V,Cogvideox1.5,OpenSource_V2V_Cogvideox1.5,1,True
fake_00354,1,"[[1.2083405256271362, -1.2167741060256958], [1.2082935571670532, -1.216729998588562]]","[0.0812775194644928, 0.08128431439399719]",genvidbench_common1000,1,,0.08128431439399719,W5R52mgaBgk_13_85to215.mp4,F:\MEngDatasets\AIGVDBench\videos\OpenSource\I2V\SVD\videos\W5R52mgaBgk_13_85to215.mp4,test,1,fake,OpenSource,I2V,SVD,OpenSource_I2V_SVD,0,False
fake_00355,1,"[-6.241753101348877, 8.424956321716309]",0.9999995231628418,genvidbench_common1000,1,,0.9999995231628418,r03AuoH00eM_5_399to542.mp4,F:\MEngDatasets\AIGVDBench\videos\OpenSource\T2V\Wan2.1\videos\r03AuoH00eM_5_399to542.mp4,test,1,fake,OpenSource,T2V,Wan2.1,OpenSource_T2V_Wan2.1,1,True
fake_00356,1,"[[-14.879561424255371, 21.024612426757812], [-14.879732131958008, 21.0249080657959], [-14.87944507598877, 21.024456024169922], [-14.87948226928711, 21.02446746826172], [-14.879380226135254, 21.024229049682617], [-14.879446029663086, 21.024351119995117]]","[1.0, 1.0, 1.0, 1.0, 1.0, 1.0]",genvidbench_common1000,1,,1.0,eENFTG4UQsI_3_337to522.mp4,F:\MEngDatasets\AIGVDBench\videos\OpenSource\T2V\HunyuanVideo\videos\eENFTG4UQsI_3_337to522.mp4,test,1,fake,OpenSource,T2V,HunyuanVideo,OpenSource_T2V_HunyuanVideo,1,True
fake_00357,1,"[-17.29082489013672, 23.377931594848633]",1.0,genvidbench_common1000,1,,1.0,jty7y2KedUE_23_0to259.mp4,F:\MEngDatasets\AIGVDBench\videos\OpenSource\T2V\VideoCrafter\videos\jty7y2KedUE_23_0to259.mp4,test,1,fake,OpenSource,T2V,VideoCrafter,OpenSource_T2V_VideoCrafter,1,True
fake_00358,1,"[-19.842357635498047, 27.13153076171875]",1.0,genvidbench_common1000,1,,1.0,smJlYSVS9Ds_340_112to226.mp4,F:\MEngDatasets\AIGVDBench\videos\OpenSource\T2V\Open-Sora\videos\smJlYSVS9Ds_340_112to226.mp4,test,1,fake,OpenSource,T2V,Open-Sora,OpenSource_T2V_Open-Sora,1,True
fake_00359,1,"[-12.007200241088867, 18.85535430908203]",1.0,genvidbench_common1000,1,,1.0,bG8EwSG8Hh4_1_0to149.mp4,F:\MEngDatasets\AIGVDBench\videos\OpenSource\T2V\RepVideo\videos\bG8EwSG8Hh4_1_0to149.mp4,test,1,fake,OpenSource,T2V,RepVideo,OpenSource_T2V_RepVideo,1,True
fake_00360,1,"[-8.292681694030762, 13.560870170593262]",1.0,genvidbench_common1000,1,,1.0,bG8EwSG8Hh4_1_0to149.mp4,F:\MEngDatasets\AIGVDBench\videos\OpenSource\I2V\VideoCrafter\videos\bG8EwSG8Hh4_1_0to149.mp4,test,1,fake,OpenSource,I2V,VideoCrafter,OpenSource_I2V_VideoCrafter,1,True
fake_00361,1,"[[-17.109020233154297, 20.70505142211914], [-17.109237670898438, 20.7054500579834], [-17.108627319335938, 20.704448699951172], [-17.10905647277832, 20.705142974853516], [-17.108776092529297, 20.70467185974121], [-17.108606338500977, 20.704362869262695]]","[1.0, 1.0, 1.0, 1.0, 1.0, 1.0]",genvidbench_common1000,1,,1.0,W5R52mgaBgk_13_85to215.mp4,F:\MEngDatasets\AIGVDBench\videos\OpenSource\T2V\IPOC\videos\W5R52mgaBgk_13_85to215.mp4,test,1,fake,OpenSource,T2V,IPOC,OpenSource_T2V_IPOC,1,True
fake_00362,1,"[[-14.273991584777832, 18.128232955932617], [-14.273945808410645, 18.128135681152344], [-14.273534774780273, 18.12764549255371], [-14.273399353027344, 18.127500534057617], [-14.273293495178223, 18.12729835510254], [-14.273914337158203, 18.128204345703125]]","[1.0, 1.0, 1.0, 1.0, 1.0, 1.0]",genvidbench_common1000,1,,1.0,02M4tj70Ju0_20_0to116.mp4,F:\MEngDatasets\AIGVDBench\videos\OpenSource\T2V\HunyuanVideo\videos\02M4tj70Ju0_20_0to116.mp4,test,1,fake,OpenSource,T2V,HunyuanVideo,OpenSource_T2V_HunyuanVideo,1,True
fake_00363,1,"[-15.54590129852295, 19.611536026000977]",1.0,genvidbench_common1000,1,,1.0,smJlYSVS9Ds_340_112to226.mp4,F:\MEngDatasets\AIGVDBench\videos\OpenSource\T2V\EasyAnimate\videos\smJlYSVS9Ds_340_112to226.mp4,test,1,fake,OpenSource,T2V,EasyAnimate,OpenSource_T2V_EasyAnimate,1,True
fake_00364,1,"[-1.8459687232971191, 2.7914929389953613]",0.990410566329956,genvidbench_common1000,1,,0.990410566329956,nhskgJQ5XMU_202_0to114.mp4,F:\MEngDatasets\AIGVDBench\videos\OpenSource\T2V\VideoCrafter\videos\nhskgJQ5XMU_202_0to114.mp4,test,1,fake,OpenSource,T2V,VideoCrafter,OpenSource_T2V_VideoCrafter,1,True
fake_00365,1,"[-16.267213821411133, 21.686262130737305]",1.0,genvidbench_common1000,1,,1.0,gcgj6G8r-IQ_28_24to180.mp4,F:\MEngDatasets\AIGVDBench\videos\OpenSource\I2V\VideoCrafter\videos\gcgj6G8r-IQ_28_24to180.mp4,test,1,fake,OpenSource,I2V,VideoCrafter,OpenSource_I2V_VideoCrafter,1,True
fake_00366,1,"[1.0330348014831543, -0.43369579315185547]",0.18744005262851715,genvidbench_common1000,1,,0.18744005262851715,eENFTG4UQsI_3_337to522.mp4,F:\MEngDatasets\AIGVDBench\videos\OpenSource\T2V\VideoCrafter\videos\eENFTG4UQsI_3_337to522.mp4,test,1,fake,OpenSource,T2V,VideoCrafter,OpenSource_T2V_VideoCrafter,0,False
fake_00367,1,"[[-14.179991722106934, 18.43368148803711], [-14.179900169372559, 18.43354034423828], [-14.179764747619629, 18.433406829833984], [-14.179813385009766, 18.433330535888672], [-14.17950439453125, 18.43278694152832], [-14.179609298706055, 18.433061599731445]]","[1.0, 1.0, 1.0, 1.0, 1.0, 1.0]",genvidbench_common1000,1,,1.0,o82SKvbybvY_14_104to700.mp4,F:\MEngDatasets\AIGVDBench\videos\OpenSource\T2V\HunyuanVideo\videos\o82SKvbybvY_14_104to700.mp4,test,1,fake,OpenSource,T2V,HunyuanVideo,OpenSource_T2V_HunyuanVideo,1,True
fake_00368,1,"[[-13.404022216796875, 19.95743751525879], [-13.403715133666992, 19.95720100402832]]","[1.0, 1.0]",genvidbench_common1000,1,,1.0,jty7y2KedUE_23_0to259.mp4,F:\MEngDatasets\AIGVDBench\videos\OpenSource\T2V\LTX\videos\jty7y2KedUE_23_0to259.mp4,test,1,fake,OpenSource,T2V,LTX,OpenSource_T2V_LTX,1,True
fake_00369,1,"[-5.801818370819092, 7.169124126434326]",0.999997615814209,genvidbench_common1000,1,,0.999997615814209,vUVwNN47Uv0_7_1227to1461.mp4,F:\MEngDatasets\AIGVDBench\videos\OpenSource\T2V\VideoCrafter\videos\vUVwNN47Uv0_7_1227to1461.mp4,test,1,fake,OpenSource,T2V,VideoCrafter,OpenSource_T2V_VideoCrafter,1,True
fake_00370,1,"[[-14.921834945678711, 17.911663055419922], [-14.921360969543457, 17.910770416259766]]","[1.0, 1.0]",genvidbench_common1000,1,,1.0,jet4_Hc5j8I_13_0to109.mp4,F:\MEngDatasets\AIGVDBench\videos\OpenSource\I2V\SVD\videos\jet4_Hc5j8I_13_0to109.mp4,test,1,fake,OpenSource,I2V,SVD,OpenSource_I2V_SVD,1,True
fake_00371,1,"[-11.174577713012695, 13.53338623046875]",1.0,genvidbench_common1000,1,,1.0,jet4_Hc5j8I_13_0to109.mp4,F:\MEngDatasets\AIGVDBench\videos\OpenSource\T2V\Pyramid-Flow\videos\jet4_Hc5j8I_13_0to109.mp4,test,1,fake,OpenSource,T2V,Pyramid-Flow,OpenSource_T2V_Pyramid-Flow,1,True
fake_00372,1,"[[-10.354326248168945, 15.079557418823242], [-10.354479789733887, 15.07990550994873], [-10.354449272155762, 15.079907417297363], [-10.353826522827148, 15.078750610351562], [-10.353706359863281, 15.078536033630371], [-10.35367488861084, 15.078499794006348]]","[1.0, 1.0, 1.0, 1.0, 1.0, 1.0]",genvidbench_common1000,1,,1.0,smJlYSVS9Ds_340_112to226.mp4,F:\MEngDatasets\AIGVDBench\videos\OpenSource\T2V\HunyuanVideo\videos\smJlYSVS9Ds_340_112to226.mp4,test,1,fake,OpenSource,T2V,HunyuanVideo,OpenSource_T2V_HunyuanVideo,1,True
fake_00373,1,"[-14.267183303833008, 23.30698013305664]",1.0,genvidbench_common1000,1,,1.0,EHRI1gr4zik_3_323to481.mp4,F:\MEngDatasets\AIGVDBench\videos\OpenSource\V2V\Cogvideox1.5\videos\EHRI1gr4zik_3_323to481.mp4,test,1,fake,OpenSource,V2V,Cogvideox1.5,OpenSource_V2V_Cogvideox1.5,1,True
fake_00374,1,"[[-12.47435188293457, 15.563365936279297], [-12.474305152893066, 15.563289642333984], [-12.474287986755371, 15.56324291229248]]","[1.0, 1.0, 1.0]",genvidbench_common1000,1,,1.0,W5R52mgaBgk_13_85to215.mp4,F:\MEngDatasets\AIGVDBench\videos\OpenSource\I2V\EasyAnimate\videos\W5R52mgaBgk_13_85to215.mp4,test,1,fake,OpenSource,I2V,EasyAnimate,OpenSource_I2V_EasyAnimate,1,True
fake_00375,1,"[-16.114538192749023, 22.513219833374023]",1.0,genvidbench_common1000,1,,1.0,vUVwNN47Uv0_7_1227to1461.mp4,F:\MEngDatasets\AIGVDBench\videos\OpenSource\T2V\LTX\videos\vUVwNN47Uv0_7_1227to1461.mp4,test,1,fake,OpenSource,T2V,LTX,OpenSource_T2V_LTX,1,True
fake_00376,1,"[-8.354121208190918, 10.588924407958984]",1.0,genvidbench_common1000,1,,1.0,gcgj6G8r-IQ_28_24to180.mp4,F:\MEngDatasets\AIGVDBench\videos\OpenSource\T2V\AnimateDiff\home\lma\Benchmark\bench\opensource\T2V\AnimateDiff\videos\gcgj6G8r-IQ_28_24to180.mp4,test,1,fake,OpenSource,T2V,AnimateDiff,OpenSource_T2V_AnimateDiff,1,True
fake_00377,1,"[-14.903260231018066, 18.809545516967773]",1.0,genvidbench_common1000,1,,1.0,vUVwNN47Uv0_7_1227to1461.mp4,F:\MEngDatasets\AIGVDBench\videos\OpenSource\T2V\Pyramid-Flow\videos\vUVwNN47Uv0_7_1227to1461.mp4,test,1,fake,OpenSource,T2V,Pyramid-Flow,OpenSource_T2V_Pyramid-Flow,1,True
fake_00378,1,"[[-13.891554832458496, 17.582117080688477], [-13.892610549926758, 17.583301544189453]]","[1.0, 1.0]",genvidbench_common1000,1,,1.0,r03AuoH00eM_5_399to542.mp4,F:\MEngDatasets\AIGVDBench\videos\OpenSource\I2V\SVD\videos\r03AuoH00eM_5_399to542.mp4,test,1,fake,OpenSource,I2V,SVD,OpenSource_I2V_SVD,1,True
fake_00379,1,"[-11.055044174194336, 14.750581741333008]",1.0,genvidbench_common1000,1,,1.0,50KDhKUOrqI_57_294to582.mp4,F:\MEngDatasets\AIGVDBench\videos\OpenSource\T2V\AccVideo\videos\50KDhKUOrqI_57_294to582.mp4,test,1,fake,OpenSource,T2V,AccVideo,OpenSource_T2V_AccVideo,1,True
fake_00380,1,"[-12.84133243560791, 17.22052574157715]",1.0,genvidbench_common1000,1,,1.0,jty7y2KedUE_23_0to259.mp4,F:\MEngDatasets\AIGVDBench\videos\OpenSource\V2V\LTX\videos\jty7y2KedUE_23_0to259.mp4,test,1,fake,OpenSource,V2V,LTX,OpenSource_V2V_LTX,1,True
fake_00381,1,"[-12.914255142211914, 17.468172073364258]",1.0,genvidbench_common1000,1,,1.0,90u26k64J9A_14_0to144.mp4,F:\MEngDatasets\AIGVDBench\videos\OpenSource\T2V\Open-Sora\videos\90u26k64J9A_14_0to144.mp4,test,1,fake,OpenSource,T2V,Open-Sora,OpenSource_T2V_Open-Sora,1,True
fake_00382,1,"[[-13.656232833862305, 17.533527374267578], [-13.656028747558594, 17.533227920532227], [-13.65581226348877, 17.532869338989258], [-13.655726432800293, 17.532804489135742], [-13.655531883239746, 17.532546997070312], [-13.655656814575195, 17.53272819519043]]","[1.0, 1.0, 1.0, 1.0, 1.0, 1.0]",genvidbench_common1000,1,,1.0,smJlYSVS9Ds_340_112to226.mp4,F:\MEngDatasets\AIGVDBench\videos\OpenSource\T2V\IPOC\videos\smJlYSVS9Ds_340_112to226.mp4,test,1,fake,OpenSource,T2V,IPOC,OpenSource_T2V_IPOC,1,True
fake_00383,1,"[-3.7937729358673096, 5.153901100158691]",0.9998699426651001,genvidbench_common1000,1,,0.9998699426651001,HlRfdCWGMzI_22_114to219.mp4,F:\MEngDatasets\AIGVDBench\videos\OpenSource\T2V\AnimateDiff\home\lma\Benchmark\bench\opensource\T2V\AnimateDiff\videos\HlRfdCWGMzI_22_114to219.mp4,test,1,fake,OpenSource,T2V,AnimateDiff,OpenSource_T2V_AnimateDiff,1,True
fake_00384,1,"[-15.904877662658691, 21.787372589111328]",1.0,genvidbench_common1000,1,,1.0,QRYsvqSzYuE_43_455to1014.mp4,F:\MEngDatasets\AIGVDBench\videos\OpenSource\I2V\VideoCrafter\videos\QRYsvqSzYuE_43_455to1014.mp4,test,1,fake,OpenSource,I2V,VideoCrafter,OpenSource_I2V_VideoCrafter,1,True
fake_00385,1,"[1.809227466583252, -1.9586261510849]",0.02257995866239071,genvidbench_common1000,1,,0.02257995866239071,QRYsvqSzYuE_43_455to1014.mp4,F:\MEngDatasets\AIGVDBench\videos\OpenSource\T2V\RepVideo\videos\QRYsvqSzYuE_43_455to1014.mp4,test,1,fake,OpenSource,T2V,RepVideo,OpenSource_T2V_RepVideo,0,False
fake_00386,1,"[-9.812061309814453, 12.973950386047363]",1.0,genvidbench_common1000,1,,1.0,W5R52mgaBgk_13_85to215.mp4,F:\MEngDatasets\AIGVDBench\videos\OpenSource\T2V\Cogvideox1.5\videos\W5R52mgaBgk_13_85to215.mp4,test,1,fake,OpenSource,T2V,Cogvideox1.5,OpenSource_T2V_Cogvideox1.5,1,True
fake_00387,1,"[-9.91735553741455, 12.002387046813965]",1.0,genvidbench_common1000,1,,1.0,vUVwNN47Uv0_7_1227to1461.mp4,F:\MEngDatasets\AIGVDBench\videos\OpenSource\T2V\EasyAnimate\videos\vUVwNN47Uv0_7_1227to1461.mp4,test,1,fake,OpenSource,T2V,EasyAnimate,OpenSource_T2V_EasyAnimate,1,True
fake_00388,1,"[-5.705514907836914, 7.409420013427734]",0.9999979734420776,genvidbench_common1000,1,,0.9999979734420776,o82SKvbybvY_14_104to700.mp4,F:\MEngDatasets\AIGVDBench\videos\OpenSource\I2V\VideoCrafter\videos\o82SKvbybvY_14_104to700.mp4,test,1,fake,OpenSource,I2V,VideoCrafter,OpenSource_I2V_VideoCrafter,1,True
fake_00389,1,"[-14.787278175354004, 19.788375854492188]",1.0,genvidbench_common1000,1,,1.0,r03AuoH00eM_5_399to542.mp4,F:\MEngDatasets\AIGVDBench\videos\OpenSource\I2V\VideoCrafter\videos\r03AuoH00eM_5_399to542.mp4,test,1,fake,OpenSource,I2V,VideoCrafter,OpenSource_I2V_VideoCrafter,1,True
fake_00390,1,"[-12.517671585083008, 17.28610610961914]",1.0,genvidbench_common1000,1,,1.0,4cvgTuAaMDM_1_0to181.mp4,F:\MEngDatasets\AIGVDBench\videos\OpenSource\V2V\Cogvideox1.5\videos\4cvgTuAaMDM_1_0to181.mp4,test,1,fake,OpenSource,V2V,Cogvideox1.5,OpenSource_V2V_Cogvideox1.5,1,True
fake_00391,1,"[-16.18992805480957, 21.382740020751953]",1.0,genvidbench_common1000,1,,1.0,y3vyO-025CI_3_0to339.mp4,F:\MEngDatasets\AIGVDBench\videos\OpenSource\T2V\LTX\videos\y3vyO-025CI_3_0to339.mp4,test,1,fake,OpenSource,T2V,LTX,OpenSource_T2V_LTX,1,True
fake_00392,1,"[[-11.837748527526855, 16.98802947998047], [-11.837733268737793, 16.987804412841797], [-11.837892532348633, 16.988201141357422]]","[1.0, 1.0, 1.0]",genvidbench_common1000,1,,1.0,guL5esGDFbk_11_0to163.mp4,F:\MEngDatasets\AIGVDBench\videos\OpenSource\I2V\EasyAnimate\videos\guL5esGDFbk_11_0to163.mp4,test,1,fake,OpenSource,I2V,EasyAnimate,OpenSource_I2V_EasyAnimate,1,True
fake_00393,1,"[-16.86232566833496, 22.85838508605957]",1.0,genvidbench_common1000,1,,1.0,y3vyO-025CI_3_0to339.mp4,F:\MEngDatasets\AIGVDBench\videos\OpenSource\I2V\VideoCrafter\videos\y3vyO-025CI_3_0to339.mp4,test,1,fake,OpenSource,I2V,VideoCrafter,OpenSource_I2V_VideoCrafter,1,True
fake_00394,1,"[-10.229572296142578, 12.330096244812012]",1.0,genvidbench_common1000,1,,1.0,bG8EwSG8Hh4_1_0to149.mp4,F:\MEngDatasets\AIGVDBench\videos\OpenSource\V2V\LTX\videos\bG8EwSG8Hh4_1_0to149.mp4,test,1,fake,OpenSource,V2V,LTX,OpenSource_V2V_LTX,1,True
fake_00395,1,"[-8.981159210205078, 13.633410453796387]",1.0,genvidbench_common1000,1,,1.0,4cvgTuAaMDM_1_0to181.mp4,F:\MEngDatasets\AIGVDBench\videos\OpenSource\T2V\Wan2.1\videos\4cvgTuAaMDM_1_0to181.mp4,test,1,fake,OpenSource,T2V,Wan2.1,OpenSource_T2V_Wan2.1,1,True
fake_00396,1,"[-2.5481770038604736, 2.696948289871216]",0.9947545528411865,genvidbench_common1000,1,,0.9947545528411865,guL5esGDFbk_11_0to163.mp4,F:\MEngDatasets\AIGVDBench\videos\OpenSource\T2V\VideoCrafter\videos\guL5esGDFbk_11_0to163.mp4,test,1,fake,OpenSource,T2V,VideoCrafter,OpenSource_T2V_VideoCrafter,1,True
fake_00397,1,"[[-3.046905517578125, 5.445456504821777], [-3.0465309619903564, 5.445003986358643]]","[0.9997950196266174, 0.9997949004173279]",genvidbench_common1000,1,,0.9997949004173279,vUVwNN47Uv0_7_1227to1461.mp4,F:\MEngDatasets\AIGVDBench\videos\OpenSource\I2V\SVD\videos\vUVwNN47Uv0_7_1227to1461.mp4,test,1,fake,OpenSource,I2V,SVD,OpenSource_I2V_SVD,1,True
fake_00398,1,"[-5.452350616455078, 8.994183540344238]",0.9999995231628418,genvidbench_common1000,1,,0.9999995231628418,guL5esGDFbk_11_0to163.mp4,F:\MEngDatasets\AIGVDBench\videos\OpenSource\T2V\Pyramid-Flow\videos\guL5esGDFbk_11_0to163.mp4,test,1,fake,OpenSource,T2V,Pyramid-Flow,OpenSource_T2V_Pyramid-Flow,1,True
fake_00399,1,"[[-10.619218826293945, 15.048821449279785], [-10.619123458862305, 15.048700332641602], [-10.618812561035156, 15.048152923583984], [-10.618846893310547, 15.048133850097656], [-10.619037628173828, 15.048348426818848], [-10.61892032623291, 15.048096656799316]]","[1.0, 1.0, 1.0, 1.0, 1.0, 1.0]",genvidbench_common1000,1,,1.0,4cvgTuAaMDM_1_0to181.mp4,F:\MEngDatasets\AIGVDBench\videos\OpenSource\T2V\LTX\videos\4cvgTuAaMDM_1_0to181.mp4,test,1,fake,OpenSource,T2V,LTX,OpenSource_T2V_LTX,1,True
fake_00400,1,"[-9.343976974487305, 14.306057929992676]",1.0,genvidbench_common1000,1,,1.0,02M4tj70Ju0_20_0to116.mp4,F:\MEngDatasets\AIGVDBench\videos\OpenSource\I2V\VideoCrafter\videos\02M4tj70Ju0_20_0to116.mp4,test,1,fake,OpenSource,I2V,VideoCrafter,OpenSource_I2V_VideoCrafter,1,True
fake_00401,1,"[-10.243033409118652, 10.019231796264648]",1.0,genvidbench_common1000,1,,1.0,50KDhKUOrqI_57_294to582.mp4,F:\MEngDatasets\AIGVDBench\videos\OpenSource\T2V\Open-Sora\videos\50KDhKUOrqI_57_294to582.mp4,test,1,fake,OpenSource,T2V,Open-Sora,OpenSource_T2V_Open-Sora,1,True
fake_00402,1,"[[-9.51730728149414, 11.994111061096191], [-9.516524314880371, 11.992792129516602], [-9.51669692993164, 11.993124008178711]]","[1.0, 1.0, 1.0]",genvidbench_common1000,1,,1.0,jty7y2KedUE_23_0to259.mp4,F:\MEngDatasets\AIGVDBench\videos\OpenSource\I2V\Pyramid-Flow\videos\jty7y2KedUE_23_0to259.mp4,test,1,fake,OpenSource,I2V,Pyramid-Flow,OpenSource_I2V_Pyramid-Flow,1,True
fake_00403,1,"[-14.512314796447754, 20.97312355041504]",1.0,genvidbench_common1000,1,,1.0,r03AuoH00eM_5_399to542.mp4,F:\MEngDatasets\AIGVDBench\videos\OpenSource\V2V\Cogvideox1.5\videos\r03AuoH00eM_5_399to542.mp4,test,1,fake,OpenSource,V2V,Cogvideox1.5,OpenSource_V2V_Cogvideox1.5,1,True
fake_00404,1,"[[-6.728107929229736, 8.728102684020996], [-6.7282843589782715, 8.72834587097168]]","[0.9999997615814209, 0.9999997615814209]",genvidbench_common1000,1,,0.9999997615814209,o82SKvbybvY_14_104to700.mp4,F:\MEngDatasets\AIGVDBench\videos\OpenSource\I2V\SEINE\videos\o82SKvbybvY_14_104to700.mp4,test,1,fake,OpenSource,I2V,SEINE,OpenSource_I2V_SEINE,1,True
fake_00405,1,"[[-9.866002082824707, 13.886115074157715], [-9.866155624389648, 13.886323928833008], [-9.866108894348145, 13.886202812194824], [-9.866143226623535, 13.886252403259277], [-9.866373062133789, 13.886643409729004], [-9.86620807647705, 13.886393547058105]]","[1.0, 1.0, 1.0, 1.0, 1.0, 1.0]",genvidbench_common1000,1,,1.0,02M4tj70Ju0_20_0to116.mp4,F:\MEngDatasets\AIGVDBench\videos\OpenSource\T2V\IPOC\videos\02M4tj70Ju0_20_0to116.mp4,test,1,fake,OpenSource,T2V,IPOC,OpenSource_T2V_IPOC,1,True
fake_00406,1,"[-13.12558364868164, 18.471006393432617]",1.0,genvidbench_common1000,1,,1.0,QRYsvqSzYuE_43_455to1014.mp4,F:\MEngDatasets\AIGVDBench\videos\OpenSource\T2V\AnimateDiff\home\lma\Benchmark\bench\opensource\T2V\AnimateDiff\videos\QRYsvqSzYuE_43_455to1014.mp4,test,1,fake,OpenSource,T2V,AnimateDiff,OpenSource_T2V_AnimateDiff,1,True
fake_00407,1,"[[-5.248063087463379, 5.441780090332031], [-5.248162746429443, 5.441939830780029], [-5.248185634613037, 5.441970348358154]]","[0.9999772310256958, 0.9999772310256958, 0.9999772310256958]",genvidbench_common1000,1,,0.9999772310256958,jet4_Hc5j8I_13_0to109.mp4,F:\MEngDatasets\AIGVDBench\videos\OpenSource\I2V\EasyAnimate\videos\jet4_Hc5j8I_13_0to109.mp4,test,1,fake,OpenSource,I2V,EasyAnimate,OpenSource_I2V_EasyAnimate,1,True
fake_00408,1,"[[-10.375828742980957, 13.5490140914917], [-10.375843048095703, 13.549060821533203], [-10.375760078430176, 13.548848152160645]]","[1.0, 1.0, 1.0]",genvidbench_common1000,1,,1.0,eENFTG4UQsI_3_337to522.mp4,F:\MEngDatasets\AIGVDBench\videos\OpenSource\I2V\LTX\videos\eENFTG4UQsI_3_337to522.mp4,test,1,fake,OpenSource,I2V,LTX,OpenSource_I2V_LTX,1,True
fake_00409,1,"[-18.169178009033203, 24.718135833740234]",1.0,genvidbench_common1000,1,,1.0,Vh2cObLYHJ8_13_0to496.mp4,F:\MEngDatasets\AIGVDBench\videos\OpenSource\T2V\AccVideo\videos\Vh2cObLYHJ8_13_0to496.mp4,test,1,fake,OpenSource,T2V,AccVideo,OpenSource_T2V_AccVideo,1,True
fake_00410,1,"[-11.599910736083984, 16.557132720947266]",1.0,genvidbench_common1000,1,,1.0,eENFTG4UQsI_3_337to522.mp4,F:\MEngDatasets\AIGVDBench\videos\OpenSource\T2V\RepVideo\videos\eENFTG4UQsI_3_337to522.mp4,test,1,fake,OpenSource,T2V,RepVideo,OpenSource_T2V_RepVideo,1,True
fake_00411,1,"[-13.89670467376709, 15.621443748474121]",1.0,genvidbench_common1000,1,,1.0,r03AuoH00eM_5_399to542.mp4,F:\MEngDatasets\AIGVDBench\videos\OpenSource\T2V\Pyramid-Flow\videos\r03AuoH00eM_5_399to542.mp4,test,1,fake,OpenSource,T2V,Pyramid-Flow,OpenSource_T2V_Pyramid-Flow,1,True
fake_00412,1,"[-23.899934768676758, 31.26947021484375]",1.0,genvidbench_common1000,1,,1.0,EHRI1gr4zik_3_323to481.mp4,F:\MEngDatasets\AIGVDBench\videos\OpenSource\T2V\Open-Sora\videos\EHRI1gr4zik_3_323to481.mp4,test,1,fake,OpenSource,T2V,Open-Sora,OpenSource_T2V_Open-Sora,1,True
fake_00413,1,"[-8.097799301147461, 12.568099975585938]",1.0,genvidbench_common1000,1,,1.0,vUVwNN47Uv0_7_1227to1461.mp4,F:\MEngDatasets\AIGVDBench\videos\OpenSource\T2V\Wan2.1\videos\vUVwNN47Uv0_7_1227to1461.mp4,test,1,fake,OpenSource,T2V,Wan2.1,OpenSource_T2V_Wan2.1,1,True
fake_00414,1,"[-11.197413444519043, 14.667317390441895]",1.0,genvidbench_common1000,1,,1.0,7TCW9wOxAWk_48_0to214.mp4,F:\MEngDatasets\AIGVDBench\videos\OpenSource\T2V\EasyAnimate\videos\7TCW9wOxAWk_48_0to214.mp4,test,1,fake,OpenSource,T2V,EasyAnimate,OpenSource_T2V_EasyAnimate,1,True
fake_00415,1,"[[-17.547603607177734, 24.00038719177246], [-17.547279357910156, 23.999988555908203]]","[1.0, 1.0]",genvidbench_common1000,1,,1.0,nhskgJQ5XMU_202_0to114.mp4,F:\MEngDatasets\AIGVDBench\videos\OpenSource\I2V\Pyramid-Flow\videos\nhskgJQ5XMU_202_0to114.mp4,test,1,fake,OpenSource,I2V,Pyramid-Flow,OpenSource_I2V_Pyramid-Flow,1,True
fake_00416,1,"[-10.710963249206543, 16.941083908081055]",1.0,genvidbench_common1000,1,,1.0,90u26k64J9A_14_0to144.mp4,F:\MEngDatasets\AIGVDBench\videos\OpenSource\T2V\EasyAnimate\videos\90u26k64J9A_14_0to144.mp4,test,1,fake,OpenSource,T2V,EasyAnimate,OpenSource_T2V_EasyAnimate,1,True
fake_00417,1,"[[-14.376519203186035, 18.52410888671875], [-14.38086223602295, 18.52870750427246]]","[1.0, 1.0]",genvidbench_common1000,1,,1.0,jet4_Hc5j8I_13_0to109.mp4,F:\MEngDatasets\AIGVDBench\videos\OpenSource\I2V\Pyramid-Flow\videos\jet4_Hc5j8I_13_0to109.mp4,test,1,fake,OpenSource,I2V,Pyramid-Flow,OpenSource_I2V_Pyramid-Flow,1,True
fake_00418,1,"[-21.253511428833008, 28.365158081054688]",1.0,genvidbench_common1000,1,,1.0,eENFTG4UQsI_3_337to522.mp4,F:\MEngDatasets\AIGVDBench\videos\OpenSource\T2V\AnimateDiff\home\lma\Benchmark\bench\opensource\T2V\AnimateDiff\videos\eENFTG4UQsI_3_337to522.mp4,test,1,fake,OpenSource,T2V,AnimateDiff,OpenSource_T2V_AnimateDiff,1,True
fake_00419,1,"[[-13.525259017944336, 16.93938446044922], [-13.525148391723633, 16.939271926879883], [-13.525344848632812, 16.939687728881836]]","[1.0, 1.0, 1.0]",genvidbench_common1000,1,,1.0,4cvgTuAaMDM_1_0to181.mp4,F:\MEngDatasets\AIGVDBench\videos\OpenSource\I2V\Pyramid-Flow\videos\4cvgTuAaMDM_1_0to181.mp4,test,1,fake,OpenSource,I2V,Pyramid-Flow,OpenSource_I2V_Pyramid-Flow,1,True
fake_00420,1,"[10.286224365234375, -9.985116958618164]",1.5713331746880499e-09,genvidbench_common1000,1,,1.5713331746880499e-09,nhskgJQ5XMU_202_0to114.mp4,F:\MEngDatasets\AIGVDBench\videos\OpenSource\T2V\RepVideo\videos\nhskgJQ5XMU_202_0to114.mp4,test,1,fake,OpenSource,T2V,RepVideo,OpenSource_T2V_RepVideo,0,False
fake_00421,1,"[[-13.980703353881836, 19.970308303833008], [-13.983619689941406, 19.97403335571289], [-13.985279083251953, 19.976158142089844], [-13.98527717590332, 19.976192474365234], [-13.984951972961426, 19.97576332092285], [-13.982680320739746, 19.972803115844727]]","[1.0, 1.0, 1.0, 1.0, 1.0, 1.0]",genvidbench_common1000,1,,1.0,vUVwNN47Uv0_7_1227to1461.mp4,F:\MEngDatasets\AIGVDBench\videos\OpenSource\T2V\IPOC\videos\vUVwNN47Uv0_7_1227to1461.mp4,test,1,fake,OpenSource,T2V,IPOC,OpenSource_T2V_IPOC,1,True
fake_00422,1,"[[-2.0666937828063965, 3.342525005340576], [-2.0666232109069824, 3.3424482345581055], [-2.066542625427246, 3.342355966567993], [-2.0665578842163086, 3.3423757553100586], [-2.0666098594665527, 3.342442035675049], [-2.06670880317688, 3.3425660133361816]]","[0.9955447912216187, 0.9955441355705261, 0.9955434203147888, 0.9955435395240784, 0.9955441355705261, 0.9955450296401978]",genvidbench_common1000,1,,0.9955441355705261,gcgj6G8r-IQ_28_24to180.mp4,F:\MEngDatasets\AIGVDBench\videos\OpenSource\T2V\HunyuanVideo\videos\gcgj6G8r-IQ_28_24to180.mp4,test,1,fake,OpenSource,T2V,HunyuanVideo,OpenSource_T2V_HunyuanVideo,1,True
fake_00423,1,"[1.1812735795974731, -1.3056186437606812]",0.0767822116613388,genvidbench_common1000,1,,0.0767822116613388,QRYsvqSzYuE_43_455to1014.mp4,F:\MEngDatasets\AIGVDBench\videos\OpenSource\T2V\Open-Sora\videos\QRYsvqSzYuE_43_455to1014.mp4,test,1,fake,OpenSource,T2V,Open-Sora,OpenSource_T2V_Open-Sora,0,False
fake_00424,1,"[[-14.80663013458252, 24.11797523498535], [-14.80700397491455, 24.11853790283203]]","[1.0, 1.0]",genvidbench_common1000,1,,1.0,xPcAfdYCj5k_136_0to424.mp4,F:\MEngDatasets\AIGVDBench\videos\OpenSource\T2V\HunyuanVideo\videos\xPcAfdYCj5k_136_0to424.mp4,test,1,fake,OpenSource,T2V,HunyuanVideo,OpenSource_T2V_HunyuanVideo,1,True
fake_00425,1,"[-18.29425621032715, 26.410005569458008]",1.0,genvidbench_common1000,1,,1.0,90u26k64J9A_14_0to144.mp4,F:\MEngDatasets\AIGVDBench\videos\OpenSource\I2V\VideoCrafter\videos\90u26k64J9A_14_0to144.mp4,test,1,fake,OpenSource,I2V,VideoCrafter,OpenSource_I2V_VideoCrafter,1,True
fake_00426,1,"[-3.132816791534424, 4.345494747161865]",0.9994351267814636,genvidbench_common1000,1,,0.9994351267814636,Vh2cObLYHJ8_13_0to496.mp4,F:\MEngDatasets\AIGVDBench\videos\OpenSource\T2V\Wan2.1\videos\Vh2cObLYHJ8_13_0to496.mp4,test,1,fake,OpenSource,T2V,Wan2.1,OpenSource_T2V_Wan2.1,1,True
fake_00427,1,"[[-16.259185791015625, 19.600584030151367], [-16.258913040161133, 19.600584030151367]]","[1.0, 1.0]",genvidbench_common1000,1,,1.0,bG8EwSG8Hh4_1_0to149.mp4,F:\MEngDatasets\AIGVDBench\videos\OpenSource\I2V\SVD\videos\bG8EwSG8Hh4_1_0to149.mp4,test,1,fake,OpenSource,I2V,SVD,OpenSource_I2V_SVD,1,True
fake_00428,1,"[-13.825213432312012, 17.926616668701172]",1.0,genvidbench_common1000,1,,1.0,nhskgJQ5XMU_202_0to114.mp4,F:\MEngDatasets\AIGVDBench\videos\OpenSource\T2V\EasyAnimate\videos\nhskgJQ5XMU_202_0to114.mp4,test,1,fake,OpenSource,T2V,EasyAnimate,OpenSource_T2V_EasyAnimate,1,True
fake_00429,1,"[[-0.7289794087409973, 1.2933791875839233], [-0.7289878129959106, 1.2933930158615112], [-0.7290669679641724, 1.293484091758728]]","[0.8831247091293335, 0.8831270337104797, 0.8831444978713989]",genvidbench_common1000,1,,0.8831270337104797,50KDhKUOrqI_57_294to582.mp4,F:\MEngDatasets\AIGVDBench\videos\OpenSource\I2V\LTX\videos\50KDhKUOrqI_57_294to582.mp4,test,1,fake,OpenSource,I2V,LTX,OpenSource_I2V_LTX,1,True
fake_00430,1,"[-14.31485652923584, 18.440937042236328]",1.0,genvidbench_common1000,1,,1.0,NWYRv_MKaA8_10_24to132.mp4,F:\MEngDatasets\AIGVDBench\videos\OpenSource\T2V\EasyAnimate\videos\NWYRv_MKaA8_10_24to132.mp4,test,1,fake,OpenSource,T2V,EasyAnimate,OpenSource_T2V_EasyAnimate,1,True
fake_00431,1,"[-8.826122283935547, 13.58273696899414]",1.0,genvidbench_common1000,1,,1.0,7TCW9wOxAWk_48_0to214.mp4,F:\MEngDatasets\AIGVDBench\videos\OpenSource\T2V\AnimateDiff\home\lma\Benchmark\bench\opensource\T2V\AnimateDiff\videos\7TCW9wOxAWk_48_0to214.mp4,test,1,fake,OpenSource,T2V,AnimateDiff,OpenSource_T2V_AnimateDiff,1,True
fake_00432,1,"[[-8.929122924804688, 12.556855201721191], [-8.929098129272461, 12.556808471679688], [-8.9290189743042, 12.556678771972656], [-8.928983688354492, 12.556636810302734], [-8.928933143615723, 12.55656909942627], [-8.928703308105469, 12.556241035461426]]","[1.0, 1.0, 1.0, 1.0, 1.0, 1.0]",genvidbench_common1000,1,,1.0,Vh2cObLYHJ8_13_0to496.mp4,F:\MEngDatasets\AIGVDBench\videos\OpenSource\T2V\LTX\videos\Vh2cObLYHJ8_13_0to496.mp4,test,1,fake,OpenSource,T2V,LTX,OpenSource_T2V_LTX,1,True
fake_00433,1,"[-17.161788940429688, 22.36614227294922]",1.0,genvidbench_common1000,1,,1.0,o82SKvbybvY_14_104to700.mp4,F:\MEngDatasets\AIGVDBench\videos\OpenSource\T2V\EasyAnimate\videos\o82SKvbybvY_14_104to700.mp4,test,1,fake,OpenSource,T2V,EasyAnimate,OpenSource_T2V_EasyAnimate,1,True
fake_00434,1,"[[-20.526527404785156, 30.041337966918945], [-20.526752471923828, 30.04167366027832]]","[1.0, 1.0]",genvidbench_common1000,1,,1.0,QRYsvqSzYuE_43_455to1014.mp4,F:\MEngDatasets\AIGVDBench\videos\OpenSource\I2V\Pyramid-Flow\videos\QRYsvqSzYuE_43_455to1014.mp4,test,1,fake,OpenSource,I2V,Pyramid-Flow,OpenSource_I2V_Pyramid-Flow,1,True
fake_00435,1,"[[-12.954917907714844, 18.950321197509766], [-12.955143928527832, 18.950590133666992], [-12.9550199508667, 18.9504337310791]]","[1.0, 1.0, 1.0]",genvidbench_common1000,1,,1.0,o82SKvbybvY_14_104to700.mp4,F:\MEngDatasets\AIGVDBench\videos\OpenSource\I2V\EasyAnimate\videos\o82SKvbybvY_14_104to700.mp4,test,1,fake,OpenSource,I2V,EasyAnimate,OpenSource_I2V_EasyAnimate,1,True
fake_00436,1,"[[-13.69482135772705, 18.3454532623291], [-13.694748878479004, 18.34534454345703], [-13.694697380065918, 18.34524917602539], [-13.694831848144531, 18.345470428466797], [-13.69477653503418, 18.345388412475586], [-13.69472599029541, 18.34530258178711]]","[1.0, 1.0, 1.0, 1.0, 1.0, 1.0]",genvidbench_common1000,1,,1.0,Vh2cObLYHJ8_13_0to496.mp4,F:\MEngDatasets\AIGVDBench\videos\OpenSource\T2V\IPOC\videos\Vh2cObLYHJ8_13_0to496.mp4,test,1,fake,OpenSource,T2V,IPOC,OpenSource_T2V_IPOC,1,True
fake_00437,1,"[-10.101137161254883, 13.104668617248535]",1.0,genvidbench_common1000,1,,1.0,y3vyO-025CI_3_0to339.mp4,F:\MEngDatasets\AIGVDBench\videos\OpenSource\T2V\Open-Sora\videos\y3vyO-025CI_3_0to339.mp4,test,1,fake,OpenSource,T2V,Open-Sora,OpenSource_T2V_Open-Sora,1,True
fake_00438,1,"[-8.524811744689941, 12.144291877746582]",1.0,genvidbench_common1000,1,,1.0,guL5esGDFbk_11_0to163.mp4,F:\MEngDatasets\AIGVDBench\videos\OpenSource\T2V\RepVideo\videos\guL5esGDFbk_11_0to163.mp4,test,1,fake,OpenSource,T2V,RepVideo,OpenSource_T2V_RepVideo,1,True
fake_00439,1,"[[-13.417576789855957, 18.39325714111328], [-13.417597770690918, 18.393156051635742]]","[1.0, 1.0]",genvidbench_common1000,1,,1.0,EHRI1gr4zik_3_323to481.mp4,F:\MEngDatasets\AIGVDBench\videos\OpenSource\T2V\HunyuanVideo\videos\EHRI1gr4zik_3_323to481.mp4,test,1,fake,OpenSource,T2V,HunyuanVideo,OpenSource_T2V_HunyuanVideo,1,True
fake_00440,1,"[-11.517958641052246, 16.623451232910156]",1.0,genvidbench_common1000,1,,1.0,jet4_Hc5j8I_13_0to109.mp4,F:\MEngDatasets\AIGVDBench\videos\OpenSource\T2V\AccVideo\videos\jet4_Hc5j8I_13_0to109.mp4,test,1,fake,OpenSource,T2V,AccVideo,OpenSource_T2V_AccVideo,1,True
fake_00441,1,"[[-12.739859580993652, 17.131181716918945], [-12.739819526672363, 17.131452560424805]]","[1.0, 1.0]",genvidbench_common1000,1,,1.0,90u26k64J9A_14_0to144.mp4,F:\MEngDatasets\AIGVDBench\videos\OpenSource\I2V\SEINE\videos\90u26k64J9A_14_0to144.mp4,test,1,fake,OpenSource,I2V,SEINE,OpenSource_I2V_SEINE,1,True
fake_00442,1,"[-14.406822204589844, 20.68859100341797]",1.0,genvidbench_common1000,1,,1.0,EHRI1gr4zik_3_323to481.mp4,F:\MEngDatasets\AIGVDBench\videos\OpenSource\I2V\VideoCrafter\videos\EHRI1gr4zik_3_323to481.mp4,test,1,fake,OpenSource,I2V,VideoCrafter,OpenSource_I2V_VideoCrafter,1,True
fake_00443,1,"[-10.779845237731934, 14.196634292602539]",1.0,genvidbench_common1000,1,,1.0,HlRfdCWGMzI_22_114to219.mp4,F:\MEngDatasets\AIGVDBench\videos\OpenSource\V2V\LTX\videos\HlRfdCWGMzI_22_114to219.mp4,test,1,fake,OpenSource,V2V,LTX,OpenSource_V2V_LTX,1,True
fake_00444,1,"[[-4.747559070587158, 6.087251663208008], [-4.74835205078125, 6.088401794433594], [-4.747812271118164, 6.087706089019775]]","[0.9999803304672241, 0.9999803304672241, 0.9999803304672241]",genvidbench_common1000,1,,0.9999803304672241,02M4tj70Ju0_20_0to116.mp4,F:\MEngDatasets\AIGVDBench\videos\OpenSource\I2V\EasyAnimate\videos\02M4tj70Ju0_20_0to116.mp4,test,1,fake,OpenSource,I2V,EasyAnimate,OpenSource_I2V_EasyAnimate,1,True
fake_00445,1,"[-7.837669849395752, 10.926033020019531]",1.0,genvidbench_common1000,1,,1.0,nhskgJQ5XMU_202_0to114.mp4,F:\MEngDatasets\AIGVDBench\videos\OpenSource\T2V\Open-Sora\videos\nhskgJQ5XMU_202_0to114.mp4,test,1,fake,OpenSource,T2V,Open-Sora,OpenSource_T2V_Open-Sora,1,True
fake_00446,1,"[-12.262932777404785, 16.7615909576416]",1.0,genvidbench_common1000,1,,1.0,bG8EwSG8Hh4_1_0to149.mp4,F:\MEngDatasets\AIGVDBench\videos\OpenSource\V2V\Cogvideox1.5\videos\bG8EwSG8Hh4_1_0to149.mp4,test,1,fake,OpenSource,V2V,Cogvideox1.5,OpenSource_V2V_Cogvideox1.5,1,True
fake_00447,1,"[[-12.330791473388672, 18.58942413330078], [-12.331286430358887, 18.590164184570312], [-12.331428527832031, 18.590364456176758], [-12.33256721496582, 18.592226028442383], [-12.333298683166504, 18.593494415283203], [-12.333358764648438, 18.593584060668945]]","[1.0, 1.0, 1.0, 1.0, 1.0, 1.0]",genvidbench_common1000,1,,1.0,bG8EwSG8Hh4_1_0to149.mp4,F:\MEngDatasets\AIGVDBench\videos\OpenSource\T2V\LTX\videos\bG8EwSG8Hh4_1_0to149.mp4,test,1,fake,OpenSource,T2V,LTX,OpenSource_T2V_LTX,1,True
fake_00448,1,"[[-14.15128231048584, 20.462446212768555], [-14.151101112365723, 20.462156295776367], [-14.15108871459961, 20.46214485168457], [-14.150964736938477, 20.461986541748047], [-14.150914192199707, 20.461898803710938], [-14.150919914245605, 20.46187973022461]]","[1.0, 1.0, 1.0, 1.0, 1.0, 1.0]",genvidbench_common1000,1,,1.0,nhskgJQ5XMU_202_0to114.mp4,F:\MEngDatasets\AIGVDBench\videos\OpenSource\T2V\HunyuanVideo\videos\nhskgJQ5XMU_202_0to114.mp4,test,1,fake,OpenSource,T2V,HunyuanVideo,OpenSource_T2V_HunyuanVideo,1,True
fake_00449,1,"[[-9.782607078552246, 12.264618873596191], [-9.78250789642334, 12.264500617980957]]","[1.0, 1.0]",genvidbench_common1000,1,,1.0,gcgj6G8r-IQ_28_24to180.mp4,F:\MEngDatasets\AIGVDBench\videos\OpenSource\T2V\IPOC\videos\gcgj6G8r-IQ_28_24to180.mp4,test,1,fake,OpenSource,T2V,IPOC,OpenSource_T2V_IPOC,1,True
fake_00450,1,"[-3.801191568374634, 5.650938034057617]",0.999921441078186,genvidbench_common1000,1,,0.999921441078186,4cvgTuAaMDM_1_0to181.mp4,F:\MEngDatasets\AIGVDBench\videos\OpenSource\T2V\RepVideo\videos\4cvgTuAaMDM_1_0to181.mp4,test,1,fake,OpenSource,T2V,RepVideo,OpenSource_T2V_RepVideo,1,True
fake_00451,1,"[-9.530582427978516, 12.10000228881836]",1.0,genvidbench_common1000,1,,1.0,QRYsvqSzYuE_43_455to1014.mp4,F:\MEngDatasets\AIGVDBench\videos\OpenSource\T2V\EasyAnimate\videos\QRYsvqSzYuE_43_455to1014.mp4,test,1,fake,OpenSource,T2V,EasyAnimate,OpenSource_T2V_EasyAnimate,1,True
fake_00452,1,"[-13.996110916137695, 21.237558364868164]",1.0,genvidbench_common1000,1,,1.0,vUVwNN47Uv0_7_1227to1461.mp4,F:\MEngDatasets\AIGVDBench\videos\OpenSource\T2V\Cogvideox1.5\videos\vUVwNN47Uv0_7_1227to1461.mp4,test,1,fake,OpenSource,T2V,Cogvideox1.5,OpenSource_T2V_Cogvideox1.5,1,True
fake_00453,1,"[-12.548124313354492, 18.72859764099121]",1.0,genvidbench_common1000,1,,1.0,jet4_Hc5j8I_13_0to109.mp4,F:\MEngDatasets\AIGVDBench\videos\OpenSource\T2V\Cogvideox1.5\videos\jet4_Hc5j8I_13_0to109.mp4,test,1,fake,OpenSource,T2V,Cogvideox1.5,OpenSource_T2V_Cogvideox1.5,1,True
fake_00454,1,"[-15.155608177185059, 22.239381790161133]",1.0,genvidbench_common1000,1,,1.0,HlRfdCWGMzI_22_114to219.mp4,F:\MEngDatasets\AIGVDBench\videos\OpenSource\T2V\Cogvideox1.5\videos\HlRfdCWGMzI_22_114to219.mp4,test,1,fake,OpenSource,T2V,Cogvideox1.5,OpenSource_T2V_Cogvideox1.5,1,True
fake_00455,1,"[3.4111075401306152, -3.956244945526123]",0.0006311393808573484,genvidbench_common1000,1,,0.0006311393808573484,HlRfdCWGMzI_22_114to219.mp4,F:\MEngDatasets\AIGVDBench\videos\OpenSource\T2V\EasyAnimate\videos\HlRfdCWGMzI_22_114to219.mp4,test,1,fake,OpenSource,T2V,EasyAnimate,OpenSource_T2V_EasyAnimate,0,False
fake_00456,1,"[-15.531035423278809, 23.194854736328125]",1.0,genvidbench_common1000,1,,1.0,50KDhKUOrqI_57_294to582.mp4,F:\MEngDatasets\AIGVDBench\videos\OpenSource\V2V\LTX\videos\50KDhKUOrqI_57_294to582.mp4,test,1,fake,OpenSource,V2V,LTX,OpenSource_V2V_LTX,1,True
fake_00457,1,"[-23.09044647216797, 29.096601486206055]",1.0,genvidbench_common1000,1,,1.0,eENFTG4UQsI_3_337to522.mp4,F:\MEngDatasets\AIGVDBench\videos\OpenSource\T2V\LTX\videos\eENFTG4UQsI_3_337to522.mp4,test,1,fake,OpenSource,T2V,LTX,OpenSource_T2V_LTX,1,True
fake_00458,1,"[-11.356049537658691, 14.286931991577148]",1.0,genvidbench_common1000,1,,1.0,bG8EwSG8Hh4_1_0to149.mp4,F:\MEngDatasets\AIGVDBench\videos\OpenSource\T2V\Pyramid-Flow\videos\bG8EwSG8Hh4_1_0to149.mp4,test,1,fake,OpenSource,T2V,Pyramid-Flow,OpenSource_T2V_Pyramid-Flow,1,True
fake_00459,1,"[[2.418541669845581, -3.01385498046875], [2.418574333190918, -3.013888359069824], [2.4185802936553955, -3.013890504837036]]","[0.004353566560894251, 0.004353280644863844, 0.004353245720267296]",genvidbench_common1000,1,,0.004353280644863844,guL5esGDFbk_11_0to163.mp4,F:\MEngDatasets\AIGVDBench\videos\OpenSource\I2V\Pyramid-Flow\videos\guL5esGDFbk_11_0to163.mp4,test,1,fake,OpenSource,I2V,Pyramid-Flow,OpenSource_I2V_Pyramid-Flow,0,False
fake_00460,1,"[-17.1207332611084, 21.976333618164062]",1.0,genvidbench_common1000,1,,1.0,Vh2cObLYHJ8_13_0to496.mp4,F:\MEngDatasets\AIGVDBench\videos\OpenSource\T2V\EasyAnimate\videos\Vh2cObLYHJ8_13_0to496.mp4,test,1,fake,OpenSource,T2V,EasyAnimate,OpenSource_T2V_EasyAnimate,1,True
fake_00461,1,"[-10.592724800109863, 13.833562850952148]",1.0,genvidbench_common1000,1,,1.0,o82SKvbybvY_14_104to700.mp4,F:\MEngDatasets\AIGVDBench\videos\OpenSource\T2V\Cogvideox1.5\videos\o82SKvbybvY_14_104to700.mp4,test,1,fake,OpenSource,T2V,Cogvideox1.5,OpenSource_T2V_Cogvideox1.5,1,True
fake_00462,1,"[-9.469803810119629, 13.859286308288574]",1.0,genvidbench_common1000,1,,1.0,50KDhKUOrqI_57_294to582.mp4,F:\MEngDatasets\AIGVDBench\videos\OpenSource\T2V\LTX\videos\50KDhKUOrqI_57_294to582.mp4,test,1,fake,OpenSource,T2V,LTX,OpenSource_T2V_LTX,1,True
fake_00463,1,"[[-19.07431983947754, 28.04361915588379], [-19.074325561523438, 28.04359245300293], [-19.07430648803711, 28.04354476928711], [-19.074289321899414, 28.04353904724121], [-19.07438087463379, 28.043704986572266], [-19.0743465423584, 28.043622970581055]]","[1.0, 1.0, 1.0, 1.0, 1.0, 1.0]",genvidbench_common1000,1,,1.0,50KDhKUOrqI_57_294to582.mp4,F:\MEngDatasets\AIGVDBench\videos\OpenSource\T2V\HunyuanVideo\videos\50KDhKUOrqI_57_294to582.mp4,test,1,fake,OpenSource,T2V,HunyuanVideo,OpenSource_T2V_HunyuanVideo,1,True
fake_00464,1,"[[-19.114627838134766, 22.7203426361084], [-19.115436553955078, 22.721540451049805]]","[1.0, 1.0]",genvidbench_common1000,1,,1.0,eENFTG4UQsI_3_337to522.mp4,F:\MEngDatasets\AIGVDBench\videos\OpenSource\I2V\Pyramid-Flow\videos\eENFTG4UQsI_3_337to522.mp4,test,1,fake,OpenSource,I2V,Pyramid-Flow,OpenSource_I2V_Pyramid-Flow,1,True
fake_00465,1,"[-6.918420314788818, 9.605649948120117]",0.9999998807907104,genvidbench_common1000,1,,0.9999998807907104,bG8EwSG8Hh4_1_0to149.mp4,F:\MEngDatasets\AIGVDBench\videos\OpenSource\T2V\Wan2.1\videos\bG8EwSG8Hh4_1_0to149.mp4,test,1,fake,OpenSource,T2V,Wan2.1,OpenSource_T2V_Wan2.1,1,True
fake_00466,1,"[-7.292083740234375, 11.164730072021484]",1.0,genvidbench_common1000,1,,1.0,r03AuoH00eM_5_399to542.mp4,F:\MEngDatasets\AIGVDBench\videos\OpenSource\V2V\LTX\videos\r03AuoH00eM_5_399to542.mp4,test,1,fake,OpenSource,V2V,LTX,OpenSource_V2V_LTX,1,True
fake_00467,1,"[[-7.872594833374023, 11.22482681274414], [-7.8723015785217285, 11.224244117736816], [-7.872189044952393, 11.224081993103027]]","[1.0, 1.0, 1.0]",genvidbench_common1000,1,,1.0,0BPQnk47p6M_2_55to191.mp4,F:\MEngDatasets\AIGVDBench\videos\OpenSource\I2V\Pyramid-Flow\videos\0BPQnk47p6M_2_55to191.mp4,test,1,fake,OpenSource,I2V,Pyramid-Flow,OpenSource_I2V_Pyramid-Flow,1,True
fake_00468,1,"[[-13.990396499633789, 16.286466598510742], [-13.990203857421875, 16.28597068786621], [-13.99012279510498, 16.285797119140625], [-13.99018383026123, 16.285879135131836], [-13.990373611450195, 16.28620719909668], [-13.99035930633545, 16.286165237426758]]","[1.0, 1.0, 1.0, 1.0, 1.0, 1.0]",genvidbench_common1000,1,,1.0,NWYRv_MKaA8_10_24to132.mp4,F:\MEngDatasets\AIGVDBench\videos\OpenSource\T2V\IPOC\videos\NWYRv_MKaA8_10_24to132.mp4,test,1,fake,OpenSource,T2V,IPOC,OpenSource_T2V_IPOC,1,True
fake_00469,1,"[[-10.836181640625, 13.471960067749023], [-10.836305618286133, 13.472002029418945], [-10.835744857788086, 13.471284866333008]]","[1.0, 1.0, 1.0]",genvidbench_common1000,1,,1.0,7TCW9wOxAWk_48_0to214.mp4,F:\MEngDatasets\AIGVDBench\videos\OpenSource\I2V\EasyAnimate\videos\7TCW9wOxAWk_48_0to214.mp4,test,1,fake,OpenSource,I2V,EasyAnimate,OpenSource_I2V_EasyAnimate,1,True
fake_00470,1,"[-8.688254356384277, 12.748820304870605]",1.0,genvidbench_common1000,1,,1.0,EHRI1gr4zik_3_323to481.mp4,F:\MEngDatasets\AIGVDBench\videos\OpenSource\T2V\RepVideo\videos\EHRI1gr4zik_3_323to481.mp4,test,1,fake,OpenSource,T2V,RepVideo,OpenSource_T2V_RepVideo,1,True
fake_00471,1,"[[-10.138906478881836, 14.52922534942627], [-10.138884544372559, 14.529196739196777]]","[1.0, 1.0]",genvidbench_common1000,1,,1.0,y3vyO-025CI_3_0to339.mp4,F:\MEngDatasets\AIGVDBench\videos\OpenSource\I2V\Pyramid-Flow\videos\y3vyO-025CI_3_0to339.mp4,test,1,fake,OpenSource,I2V,Pyramid-Flow,OpenSource_I2V_Pyramid-Flow,1,True
fake_00472,1,"[[-14.021272659301758, 21.88320541381836], [-14.021450996398926, 21.883520126342773], [-14.02135944366455, 21.883386611938477], [-14.021411895751953, 21.883493423461914], [-14.021391868591309, 21.88347053527832], [-14.021430015563965, 21.883527755737305]]","[1.0, 1.0, 1.0, 1.0, 1.0, 1.0]",genvidbench_common1000,1,,1.0,HlRfdCWGMzI_22_114to219.mp4,F:\MEngDatasets\AIGVDBench\videos\OpenSource\T2V\IPOC\videos\HlRfdCWGMzI_22_114to219.mp4,test,1,fake,OpenSource,T2V,IPOC,OpenSource_T2V_IPOC,1,True
fake_00473,1,"[[-14.674717903137207, 18.975116729736328], [-14.67436408996582, 18.974536895751953]]","[1.0, 1.0]",genvidbench_common1000,1,,1.0,NWYRv_MKaA8_10_24to132.mp4,F:\MEngDatasets\AIGVDBench\videos\OpenSource\I2V\SVD\videos\NWYRv_MKaA8_10_24to132.mp4,test,1,fake,OpenSource,I2V,SVD,OpenSource_I2V_SVD,1,True
fake_00474,1,"[-14.72371768951416, 24.799196243286133]",1.0,genvidbench_common1000,1,,1.0,eENFTG4UQsI_3_337to522.mp4,F:\MEngDatasets\AIGVDBench\videos\OpenSource\T2V\Open-Sora\videos\eENFTG4UQsI_3_337to522.mp4,test,1,fake,OpenSource,T2V,Open-Sora,OpenSource_T2V_Open-Sora,1,True
fake_00475,1,"[-12.26200008392334, 18.919431686401367]",1.0,genvidbench_common1000,1,,1.0,90u26k64J9A_14_0to144.mp4,F:\MEngDatasets\AIGVDBench\videos\OpenSource\V2V\LTX\videos\90u26k64J9A_14_0to144.mp4,test,1,fake,OpenSource,V2V,LTX,OpenSource_V2V_LTX,1,True
fake_00476,1,"[-9.44665241241455, 13.500960350036621]",1.0,genvidbench_common1000,1,,1.0,50KDhKUOrqI_57_294to582.mp4,F:\MEngDatasets\AIGVDBench\videos\OpenSource\I2V\VideoCrafter\videos\50KDhKUOrqI_57_294to582.mp4,test,1,fake,OpenSource,I2V,VideoCrafter,OpenSource_I2V_VideoCrafter,1,True
fake_00477,1,"[-18.991668701171875, 23.644287109375]",1.0,genvidbench_common1000,1,,1.0,xPcAfdYCj5k_136_0to424.mp4,F:\MEngDatasets\AIGVDBench\videos\OpenSource\T2V\LTX\videos\xPcAfdYCj5k_136_0to424.mp4,test,1,fake,OpenSource,T2V,LTX,OpenSource_T2V_LTX,1,True
fake_00478,1,"[-14.441596031188965, 19.799793243408203]",1.0,genvidbench_common1000,1,,1.0,guL5esGDFbk_11_0to163.mp4,F:\MEngDatasets\AIGVDBench\videos\OpenSource\V2V\LTX\videos\guL5esGDFbk_11_0to163.mp4,test,1,fake,OpenSource,V2V,LTX,OpenSource_V2V_LTX,1,True
fake_00479,1,"[[-3.9658353328704834, 4.907785415649414], [-3.9658710956573486, 4.907823085784912], [-3.9658453464508057, 4.907799243927002]]","[0.9998599290847778, 0.9998599290847778, 0.9998599290847778]",genvidbench_common1000,1,,0.9998599290847778,Vh2cObLYHJ8_13_0to496.mp4,F:\MEngDatasets\AIGVDBench\videos\OpenSource\I2V\EasyAnimate\videos\Vh2cObLYHJ8_13_0to496.mp4,test,1,fake,OpenSource,I2V,EasyAnimate,OpenSource_I2V_EasyAnimate,1,True
fake_00480,1,"[-17.34492301940918, 24.68592643737793]",1.0,genvidbench_common1000,1,,1.0,jty7y2KedUE_23_0to259.mp4,F:\MEngDatasets\AIGVDBench\videos\OpenSource\T2V\Open-Sora\videos\jty7y2KedUE_23_0to259.mp4,test,1,fake,OpenSource,T2V,Open-Sora,OpenSource_T2V_Open-Sora,1,True
fake_00481,1,"[[-13.212014198303223, 15.112580299377441], [-13.21216106414795, 15.112808227539062]]","[1.0, 1.0]",genvidbench_common1000,1,,1.0,gcgj6G8r-IQ_28_24to180.mp4,F:\MEngDatasets\AIGVDBench\videos\OpenSource\I2V\Pyramid-Flow\videos\gcgj6G8r-IQ_28_24to180.mp4,test,1,fake,OpenSource,I2V,Pyramid-Flow,OpenSource_I2V_Pyramid-Flow,1,True
fake_00482,1,"[-15.52663516998291, 21.24859046936035]",1.0,genvidbench_common1000,1,,1.0,NWYRv_MKaA8_10_24to132.mp4,F:\MEngDatasets\AIGVDBench\videos\OpenSource\T2V\RepVideo\videos\NWYRv_MKaA8_10_24to132.mp4,test,1,fake,OpenSource,T2V,RepVideo,OpenSource_T2V_RepVideo,1,True
fake_00483,1,"[[-14.4732666015625, 21.227201461791992], [-14.47330379486084, 21.227264404296875], [-14.473361015319824, 21.22736167907715]]","[1.0, 1.0, 1.0]",genvidbench_common1000,1,,1.0,bG8EwSG8Hh4_1_0to149.mp4,F:\MEngDatasets\AIGVDBench\videos\OpenSource\I2V\Pyramid-Flow\videos\bG8EwSG8Hh4_1_0to149.mp4,test,1,fake,OpenSource,I2V,Pyramid-Flow,OpenSource_I2V_Pyramid-Flow,1,True
fake_00484,1,"[-9.703207969665527, 16.135929107666016]",1.0,genvidbench_common1000,1,,1.0,0BPQnk47p6M_2_55to191.mp4,F:\MEngDatasets\AIGVDBench\videos\OpenSource\T2V\AnimateDiff\home\lma\Benchmark\bench\opensource\T2V\AnimateDiff\videos\0BPQnk47p6M_2_55to191.mp4,test,1,fake,OpenSource,T2V,AnimateDiff,OpenSource_T2V_AnimateDiff,1,True
fake_00485,1,"[[-14.98597526550293, 20.354684829711914], [-14.985881805419922, 20.354448318481445], [-14.98583698272705, 20.354299545288086], [-14.98620319366455, 20.355045318603516], [-14.986518859863281, 20.355470657348633], [-14.986434936523438, 20.355192184448242]]","[1.0, 1.0, 1.0, 1.0, 1.0, 1.0]",genvidbench_common1000,1,,1.0,r03AuoH00eM_5_399to542.mp4,F:\MEngDatasets\AIGVDBench\videos\OpenSource\T2V\IPOC\videos\r03AuoH00eM_5_399to542.mp4,test,1,fake,OpenSource,T2V,IPOC,OpenSource_T2V_IPOC,1,True
fake_00486,1,"[-5.612227439880371, 6.806371688842773]",0.9999959468841553,genvidbench_common1000,1,,0.9999959468841553,jet4_Hc5j8I_13_0to109.mp4,F:\MEngDatasets\AIGVDBench\videos\OpenSource\T2V\AnimateDiff\home\lma\Benchmark\bench\opensource\T2V\AnimateDiff\videos\jet4_Hc5j8I_13_0to109.mp4,test,1,fake,OpenSource,T2V,AnimateDiff,OpenSource_T2V_AnimateDiff,1,True
fake_00487,1,"[-15.26618480682373, 21.589982986450195]",1.0,genvidbench_common1000,1,,1.0,jty7y2KedUE_23_0to259.mp4,F:\MEngDatasets\AIGVDBench\videos\OpenSource\T2V\AnimateDiff\home\lma\Benchmark\bench\opensource\T2V\AnimateDiff\videos\jty7y2KedUE_23_0to259.mp4,test,1,fake,OpenSource,T2V,AnimateDiff,OpenSource_T2V_AnimateDiff,1,True
fake_00488,1,"[[-2.0188522338867188, 1.8580363988876343], [-2.018866539001465, 1.8580572605133057], [-2.018899917602539, 1.8580873012542725]]","[0.979705274105072, 0.9797059893608093, 0.9797072410583496]",genvidbench_common1000,1,,0.9797059893608093,smJlYSVS9Ds_340_112to226.mp4,F:\MEngDatasets\AIGVDBench\videos\OpenSource\I2V\EasyAnimate\videos\smJlYSVS9Ds_340_112to226.mp4,test,1,fake,OpenSource,I2V,EasyAnimate,OpenSource_I2V_EasyAnimate,1,True
fake_00489,1,"[[-6.660813808441162, 10.324515342712402], [-6.660799503326416, 10.324514389038086], [-6.660768508911133, 10.324446678161621]]","[1.0, 1.0, 1.0]",genvidbench_common1000,1,,1.0,smJlYSVS9Ds_340_112to226.mp4,F:\MEngDatasets\AIGVDBench\videos\OpenSource\I2V\Pyramid-Flow\videos\smJlYSVS9Ds_340_112to226.mp4,test,1,fake,OpenSource,I2V,Pyramid-Flow,OpenSource_I2V_Pyramid-Flow,1,True
fake_00490,1,"[-11.548404693603516, 14.903539657592773]",1.0,genvidbench_common1000,1,,1.0,jty7y2KedUE_23_0to259.mp4,F:\MEngDatasets\AIGVDBench\videos\OpenSource\T2V\Pyramid-Flow\videos\jty7y2KedUE_23_0to259.mp4,test,1,fake,OpenSource,T2V,Pyramid-Flow,OpenSource_T2V_Pyramid-Flow,1,True
fake_00491,1,"[-12.241893768310547, 13.45823860168457]",1.0,genvidbench_common1000,1,,1.0,EHRI1gr4zik_3_323to481.mp4,F:\MEngDatasets\AIGVDBench\videos\OpenSource\T2V\EasyAnimate\videos\EHRI1gr4zik_3_323to481.mp4,test,1,fake,OpenSource,T2V,EasyAnimate,OpenSource_T2V_EasyAnimate,1,True
fake_00492,1,"[-18.16010284423828, 26.048965454101562]",1.0,genvidbench_common1000,1,,1.0,guL5esGDFbk_11_0to163.mp4,F:\MEngDatasets\AIGVDBench\videos\OpenSource\V2V\Cogvideox1.5\videos\guL5esGDFbk_11_0to163.mp4,test,1,fake,OpenSource,V2V,Cogvideox1.5,OpenSource_V2V_Cogvideox1.5,1,True
fake_00493,1,"[[-15.529094696044922, 21.067363739013672], [-15.529252052307129, 21.067588806152344], [-15.52932071685791, 21.067628860473633], [-15.528851509094238, 21.067039489746094], [-15.529290199279785, 21.06781578063965], [-15.528960227966309, 21.067304611206055]]","[1.0, 1.0, 1.0, 1.0, 1.0, 1.0]",genvidbench_common1000,1,,1.0,guL5esGDFbk_11_0to163.mp4,F:\MEngDatasets\AIGVDBench\videos\OpenSource\T2V\LTX\videos\guL5esGDFbk_11_0to163.mp4,test,1,fake,OpenSource,T2V,LTX,OpenSource_T2V_LTX,1,True
fake_00494,1,"[[-15.957076072692871, 20.667966842651367], [-15.957289695739746, 20.668245315551758]]","[1.0, 1.0]",genvidbench_common1000,1,,1.0,vUVwNN47Uv0_7_1227to1461.mp4,F:\MEngDatasets\AIGVDBench\videos\OpenSource\T2V\HunyuanVideo\videos\vUVwNN47Uv0_7_1227to1461.mp4,test,1,fake,OpenSource,T2V,HunyuanVideo,OpenSource_T2V_HunyuanVideo,1,True
fake_00495,1,"[-20.347747802734375, 29.841432571411133]",1.0,genvidbench_common1000,1,,1.0,0BPQnk47p6M_2_55to191.mp4,F:\MEngDatasets\AIGVDBench\videos\OpenSource\T2V\AccVideo\videos\0BPQnk47p6M_2_55to191.mp4,test,1,fake,OpenSource,T2V,AccVideo,OpenSource_T2V_AccVideo,1,True
fake_00496,1,"[-24.10222816467285, 32.64544677734375]",1.0,genvidbench_common1000,1,,1.0,nhskgJQ5XMU_202_0to114.mp4,F:\MEngDatasets\AIGVDBench\videos\OpenSource\T2V\AccVideo\videos\nhskgJQ5XMU_202_0to114.mp4,test,1,fake,OpenSource,T2V,AccVideo,OpenSource_T2V_AccVideo,1,True
fake_00497,1,"[-15.946187019348145, 21.232419967651367]",1.0,genvidbench_common1000,1,,1.0,50KDhKUOrqI_57_294to582.mp4,F:\MEngDatasets\AIGVDBench\videos\OpenSource\T2V\Pyramid-Flow\videos\50KDhKUOrqI_57_294to582.mp4,test,1,fake,OpenSource,T2V,Pyramid-Flow,OpenSource_T2V_Pyramid-Flow,1,True
fake_00498,1,"[[-6.522120952606201, 8.545370101928711], [-6.522732257843018, 8.546353340148926]]","[0.9999997615814209, 0.9999997615814209]",genvidbench_common1000,1,,0.9999997615814209,y3vyO-025CI_3_0to339.mp4,F:\MEngDatasets\AIGVDBench\videos\OpenSource\I2V\SVD\videos\y3vyO-025CI_3_0to339.mp4,test,1,fake,OpenSource,I2V,SVD,OpenSource_I2V_SVD,1,True
fake_00499,1,"[-12.91234302520752, 19.540729522705078]",1.0,genvidbench_common1000,1,,1.0,NWYRv_MKaA8_10_24to132.mp4,F:\MEngDatasets\AIGVDBench\videos\OpenSource\T2V\Cogvideox1.5\videos\NWYRv_MKaA8_10_24to132.mp4,test,1,fake,OpenSource,T2V,Cogvideox1.5,OpenSource_T2V_Cogvideox1.5,1,True
fake_00500,1,"[-14.010234832763672, 19.21841812133789]",1.0,genvidbench_common1000,1,,1.0,smJlYSVS9Ds_340_112to226.mp4,F:\MEngDatasets\AIGVDBench\videos\OpenSource\T2V\Pyramid-Flow\videos\smJlYSVS9Ds_340_112to226.mp4,test,1,fake,OpenSource,T2V,Pyramid-Flow,OpenSource_T2V_Pyramid-Flow,1,True
real_00001,0,"[[-12.7549409866333, 16.199575424194336], [-12.754645347595215, 16.19900894165039], [-12.754758834838867, 16.199169158935547], [-12.755215644836426, 16.19975471496582], [-12.755997657775879, 16.201162338256836], [-12.756119728088379, 16.201120376586914]]","[1.0, 1.0, 1.0, 1.0, 1.0, 1.0]",genvidbench_common1000,0,,1.0,5Pthjtsl5fA_5_0to109.mp4,F:\MEngDatasets\AIGVDBench\videos\Real\Real\videos\5Pthjtsl5fA_5_0to109.mp4,test,0,real,Real,,Real,Real,1,False
real_00002,0,"[[-6.502564907073975, 8.18161392211914], [-6.502519607543945, 8.181596755981445], [-6.5021891593933105, 8.181066513061523], [-6.502125263214111, 8.180968284606934], [-6.501997947692871, 8.180752754211426], [-6.502627372741699, 8.181674003601074]]","[0.9999995231628418, 0.9999995231628418, 0.9999995231628418, 0.9999995231628418, 0.9999995231628418, 0.9999995231628418]",genvidbench_common1000,0,,0.9999995231628418,3fb8Akzz59s_21_170to294.mp4,F:\MEngDatasets\AIGVDBench\videos\Real\Real\videos\3fb8Akzz59s_21_170to294.mp4,test,0,real,Real,,Real,Real,1,False
real_00003,0,"[[-6.842209339141846, 10.560713768005371], [-6.842958450317383, 10.562032699584961], [-6.842960357666016, 10.562045097351074], [-6.841370105743408, 10.559468269348145], [-6.841119766235352, 10.559197425842285], [-6.841329574584961, 10.559338569641113]]","[1.0, 1.0, 1.0, 1.0, 1.0, 1.0]",genvidbench_common1000,0,,1.0,TikS17iZ8cM_57_0to383.mp4,F:\MEngDatasets\AIGVDBench\videos\Real\Real\videos\TikS17iZ8cM_57_0to383.mp4,test,0,real,Real,,Real,Real,1,False
real_00004,0,"[[-1.35400390625, 1.3274641036987305], [-1.353560447692871, 1.327008843421936], [-1.3533580303192139, 1.3268113136291504], [-1.3533583879470825, 1.3268089294433594], [-1.3535778522491455, 1.3270344734191895], [-1.3531721830368042, 1.3266223669052124]]","[0.9359241724014282, 0.9358702898025513, 0.9358462691307068, 0.935846209526062, 0.9358729124069214, 0.9358237385749817]",genvidbench_common1000,0,,0.9358702898025513,leGtOV0Z2lo_361_87to299.mp4,F:\MEngDatasets\AIGVDBench\videos\Real\Real\videos\leGtOV0Z2lo_361_87to299.mp4,test,0,real,Real,,Real,Real,1,False
real_00005,0,"[[-15.248892784118652, 21.707975387573242], [-15.24864673614502, 21.707805633544922], [-15.248650550842285, 21.70746612548828], [-15.248342514038086, 21.70708656311035], [-15.24866008758545, 21.70762825012207], [-15.24880599975586, 21.708026885986328]]","[1.0, 1.0, 1.0, 1.0, 1.0, 1.0]",genvidbench_common1000,0,,1.0,m3bEGpvIUVI_9_0to199.mp4,F:\MEngDatasets\AIGVDBench\videos\Real\Real\videos\m3bEGpvIUVI_9_0to199.mp4,test,0,real,Real,,Real,Real,1,False
real_00006,0,"[[-6.23297119140625, 7.475457191467285], [-6.235717296600342, 7.479152202606201], [-6.233368396759033, 7.475823402404785], [-6.232351779937744, 7.474457263946533], [-6.232694625854492, 7.474912643432617], [-6.231917381286621, 7.47384786605835]]","[0.999998927116394, 0.999998927116394, 0.999998927116394, 0.999998927116394, 0.999998927116394, 0.999998927116394]",genvidbench_common1000,0,,0.999998927116394,XvtyLeB6Fps_10_0to523.mp4,F:\MEngDatasets\AIGVDBench\videos\Real\Real\videos\XvtyLeB6Fps_10_0to523.mp4,test,0,real,Real,,Real,Real,1,False
real_00007,0,"[[-10.491098403930664, 14.620951652526855], [-10.49032974243164, 14.620014190673828], [-10.490550994873047, 14.620226860046387], [-10.490912437438965, 14.62075424194336], [-10.48967170715332, 14.619139671325684], [-10.491199493408203, 14.62100601196289]]","[1.0, 1.0, 1.0, 1.0, 1.0, 1.0]",genvidbench_common1000,0,,1.0,AkvMMfpXzzc_15_0to470.mp4,F:\MEngDatasets\AIGVDBench\videos\Real\Real\videos\AkvMMfpXzzc_15_0to470.mp4,test,0,real,Real,,Real,Real,1,False
real_00008,0,"[[-9.860252380371094, 14.287176132202148], [-9.860228538513184, 14.287147521972656], [-9.85998821258545, 14.286774635314941], [-9.860488891601562, 14.287507057189941], [-9.860570907592773, 14.28775691986084], [-9.860512733459473, 14.287677764892578]]","[1.0, 1.0, 1.0, 1.0, 1.0, 1.0]",genvidbench_common1000,0,,1.0,QvMiA9c88_c_19_0to295.mp4,F:\MEngDatasets\AIGVDBench\videos\Real\Real\videos\QvMiA9c88_c_19_0to295.mp4,test,0,real,Real,,Real,Real,1,False
real_00009,0,"[[-7.165277004241943, 9.325723648071289], [-7.1677937507629395, 9.3291597366333], [-7.167425155639648, 9.328313827514648], [-7.167736053466797, 9.328766822814941], [-7.168131351470947, 9.329410552978516], [-7.168065071105957, 9.329301834106445]]","[0.9999998807907104, 0.9999998807907104, 0.9999998807907104, 0.9999998807907104, 0.9999998807907104, 0.9999998807907104]",genvidbench_common1000,0,,0.9999998807907104,fXGmXiDv528_23_0to216.mp4,F:\MEngDatasets\AIGVDBench\videos\Real\Real\videos\fXGmXiDv528_23_0to216.mp4,test,0,real,Real,,Real,Real,1,False
real_00010,0,"[[-8.99769401550293, 9.745089530944824], [-8.997647285461426, 9.744956970214844], [-8.997554779052734, 9.744757652282715], [-8.99763011932373, 9.74493408203125], [-8.99768352508545, 9.74515438079834], [-8.99730110168457, 9.744603157043457]]","[1.0, 1.0, 1.0, 1.0, 1.0, 1.0]",genvidbench_common1000,0,,1.0,03vWwqYPf60_76_117to407.mp4,F:\MEngDatasets\AIGVDBench\videos\Real\Real\videos\03vWwqYPf60_76_117to407.mp4,test,0,real,Real,,Real,Real,1,False
real_00011,0,"[[5.017845153808594, -5.957190990447998], [5.017414569854736, -5.956964015960693], [5.017366886138916, -5.956949710845947], [5.018409729003906, -5.957413196563721], [5.01865291595459, -5.957580089569092], [5.018637657165527, -5.957564830780029]]","[1.7123586076195352e-05, 1.7134856534539722e-05, 1.7135918824351393e-05, 1.711013464955613e-05, 1.710312244540546e-05, 1.710364449536428e-05]",genvidbench_common1000,0,,1.7134856534539722e-05,XD_lwLkd6ls_12_32to416.mp4,F:\MEngDatasets\AIGVDBench\videos\Real\Real\videos\XD_lwLkd6ls_12_32to416.mp4,test,0,real,Real,,Real,Real,0,True
real_00012,0,"[[-6.02213716506958, 8.043074607849121], [-6.022088050842285, 8.043023109436035], [-6.022077560424805, 8.043011665344238], [-6.022054195404053, 8.042986869812012], [-6.024688720703125, 8.045761108398438], [-6.026554584503174, 8.047735214233398]]","[0.9999991655349731, 0.9999991655349731, 0.9999991655349731, 0.9999991655349731, 0.9999991655349731, 0.9999992847442627]",genvidbench_common1000,0,,0.9999991655349731,tmjVEZcnVxI_21_0to144.mp4,F:\MEngDatasets\AIGVDBench\videos\Real\Real\videos\tmjVEZcnVxI_21_0to144.mp4,test,0,real,Real,,Real,Real,1,False
real_00013,0,"[[-10.244431495666504, 14.08681583404541], [-10.244368553161621, 14.086753845214844], [-10.244368553161621, 14.086854934692383], [-10.243037223815918, 14.084633827209473], [-10.244025230407715, 14.08598518371582], [-10.244078636169434, 14.086243629455566]]","[1.0, 1.0, 1.0, 1.0, 1.0, 1.0]",genvidbench_common1000,0,,1.0,XpzM5ZpZNzs_39_0to127.mp4,F:\MEngDatasets\AIGVDBench\videos\Real\Real\videos\XpzM5ZpZNzs_39_0to127.mp4,test,0,real,Real,,Real,Real,1,False
real_00014,0,"[[0.7869717478752136, -0.44292163848876953], [0.7873616218566895, -0.44337791204452515], [0.7872172594070435, -0.4431862533092499], [0.7875183820724487, -0.4436073303222656], [0.7876456379890442, -0.4437849521636963], [0.7872733473777771, -0.4432903528213501]]","[0.22620005905628204, 0.22605200111865997, 0.2261108011007309, 0.22598446905612946, 0.22593113780021667, 0.22608277201652527]",genvidbench_common1000,0,,0.22605200111865997,8eVGlETNN0M_25_0to332.mp4,F:\MEngDatasets\AIGVDBench\videos\Real\Real\videos\8eVGlETNN0M_25_0to332.mp4,test,0,real,Real,,Real,Real,0,True
real_00015,0,"[[-8.498967170715332, 11.606754302978516], [-8.499213218688965, 11.607797622680664], [-8.49836254119873, 11.606616973876953], [-8.498865127563477, 11.607508659362793], [-8.498693466186523, 11.607205390930176], [-8.498523712158203, 11.606740951538086]]","[1.0, 1.0, 1.0, 1.0, 1.0, 1.0]",genvidbench_common1000,0,,1.0,DqRGHhsKBlQ_15_0to174.mp4,F:\MEngDatasets\AIGVDBench\videos\Real\Real\videos\DqRGHhsKBlQ_15_0to174.mp4,test,0,real,Real,,Real,Real,1,False
real_00016,0,"[[-14.066559791564941, 17.325876235961914], [-14.066227912902832, 17.3251953125], [-14.066253662109375, 17.325096130371094], [-14.06636905670166, 17.325220108032227], [-14.066285133361816, 17.325767517089844], [-14.066088676452637, 17.325645446777344]]","[1.0, 1.0, 1.0, 1.0, 1.0, 1.0]",genvidbench_common1000,0,,1.0,FKiVUq9dwpk_43_0to203.mp4,F:\MEngDatasets\AIGVDBench\videos\Real\Real\videos\FKiVUq9dwpk_43_0to203.mp4,test,0,real,Real,,Real,Real,1,False
real_00017,0,"[[-7.992409706115723, 10.896124839782715], [-7.9922919273376465, 10.895803451538086], [-7.992231845855713, 10.895666122436523], [-7.992590427398682, 10.895859718322754], [-7.992478847503662, 10.895913124084473], [-7.992038249969482, 10.8953857421875]]","[1.0, 1.0, 1.0, 1.0, 1.0, 1.0]",genvidbench_common1000,0,,1.0,wKnfWUW27ns_3_0to416.mp4,F:\MEngDatasets\AIGVDBench\videos\Real\Real\videos\wKnfWUW27ns_3_0to416.mp4,test,0,real,Real,,Real,Real,1,False
real_00018,0,"[[-8.25403881072998, 10.667652130126953], [-8.254150390625, 10.667805671691895], [-8.254338264465332, 10.668082237243652], [-8.254344940185547, 10.668086051940918], [-8.25422191619873, 10.667922973632812], [-8.254172325134277, 10.667862892150879]]","[1.0, 1.0, 1.0, 1.0, 1.0, 1.0]",genvidbench_common1000,0,,1.0,WPPARIBNRU8_25_0to170.mp4,F:\MEngDatasets\AIGVDBench\videos\Real\Real\videos\WPPARIBNRU8_25_0to170.mp4,test,0,real,Real,,Real,Real,1,False
real_00019,0,"[[7.573874473571777, -8.75534725189209], [7.573781490325928, -8.755300521850586], [7.573917865753174, -8.755367279052734], [7.573779582977295, -8.75531005859375], [7.573604106903076, -8.755221366882324], [7.573904991149902, -8.755369186401367]]","[8.096719028571897e-08, 8.097846659893548e-08, 8.096209569430357e-08, 8.097784132132801e-08, 8.099931392280268e-08, 8.096301939986006e-08]",genvidbench_common1000,0,,8.097846659893548e-08,bhZmvvGsTiY_8_0to185.mp4,F:\MEngDatasets\AIGVDBench\videos\Real\Real\videos\bhZmvvGsTiY_8_0to185.mp4,test,0,real,Real,,Real,Real,0,True
real_00020,0,"[[-6.307466506958008, 8.585566520690918], [-6.306342601776123, 8.58377456665039], [-6.306517601013184, 8.5839262008667], [-6.306996822357178, 8.584782600402832], [-6.30530309677124, 8.582324981689453], [-6.306087970733643, 8.583324432373047]]","[0.9999996423721313, 0.9999996423721313, 0.9999996423721313, 0.9999996423721313, 0.9999996423721313, 0.9999996423721313]",genvidbench_common1000,0,,0.9999996423721313,7pxFZkYiZKA_6_0to115.mp4,F:\MEngDatasets\AIGVDBench\videos\Real\Real\videos\7pxFZkYiZKA_6_0to115.mp4,test,0,real,Real,,Real,Real,1,False
real_00021,0,"[[-8.140840530395508, 11.644102096557617], [-8.142894744873047, 11.647292137145996], [-8.143178939819336, 11.647583961486816], [-8.141945838928223, 11.645496368408203], [-8.141562461853027, 11.645136833190918], [-8.14072322845459, 11.643651008605957]]","[1.0, 1.0, 1.0, 1.0, 1.0, 1.0]",genvidbench_common1000,0,,1.0,gW8RvUtToZ0_7_18to240.mp4,F:\MEngDatasets\AIGVDBench\videos\Real\Real\videos\gW8RvUtToZ0_7_18to240.mp4,test,0,real,Real,,Real,Real,1,False
real_00022,0,"[[-10.463359832763672, 14.263875007629395], [-10.46373176574707, 14.264519691467285], [-10.46483325958252, 14.266091346740723], [-10.467169761657715, 14.269590377807617], [-10.465530395507812, 14.267241477966309], [-10.464274406433105, 14.265412330627441]]","[1.0, 1.0, 1.0, 1.0, 1.0, 1.0]",genvidbench_common1000,0,,1.0,enNgq6wSUkw_16_0to270.mp4,F:\MEngDatasets\AIGVDBench\videos\Real\Real\videos\enNgq6wSUkw_16_0to270.mp4,test,0,real,Real,,Real,Real,1,False
real_00023,0,"[[-3.268181085586548, 5.103320121765137], [-3.2684390544891357, 5.103641510009766], [-3.2685911655426025, 5.103964805603027], [-3.2678112983703613, 5.102816104888916], [-3.267801284790039, 5.102806568145752], [-3.2679381370544434, 5.103055953979492]]","[0.9997686743736267, 0.9997687935829163, 0.9997689127922058, 0.9997684359550476, 0.9997684359550476, 0.9997685551643372]",genvidbench_common1000,0,,0.9997687935829163,MM1788iVsF8_1_0to148.mp4,F:\MEngDatasets\AIGVDBench\videos\Real\Real\videos\MM1788iVsF8_1_0to148.mp4,test,0,real,Real,,Real,Real,1,False
real_00024,0,"[[-3.2789382934570312, 4.599386215209961], [-3.2779314517974854, 4.597362041473389], [-3.278838634490967, 4.598908424377441], [-3.2789812088012695, 4.599411964416504], [-3.2782320976257324, 4.5981645584106445], [-3.278747797012329, 4.598512649536133]]","[0.9996212720870972, 0.9996200799942017, 0.9996210336685181, 0.9996212720870972, 0.9996205568313599, 0.999620795249939]",genvidbench_common1000,0,,0.9996200799942017,QRYsvqSzYuE_43_455to1014.mp4,F:\MEngDatasets\AIGVDBench\videos\Real\Real\videos\QRYsvqSzYuE_43_455to1014.mp4,test,0,real,Real,,Real,Real,1,False
real_00025,0,"[[-17.652374267578125, 24.35709571838379], [-17.652843475341797, 24.358684539794922], [-17.651731491088867, 24.355342864990234], [-17.65286636352539, 24.357833862304688], [-17.65310287475586, 24.358442306518555], [-17.652973175048828, 24.35923957824707]]","[1.0, 1.0, 1.0, 1.0, 1.0, 1.0]",genvidbench_common1000,0,,1.0,FlGiwUwMdEo_5_0to619.mp4,F:\MEngDatasets\AIGVDBench\videos\Real\Real\videos\FlGiwUwMdEo_5_0to619.mp4,test,0,real,Real,,Real,Real,1,False
real_00026,0,"[[-12.936460494995117, 16.669878005981445], [-12.93651294708252, 16.669967651367188], [-12.935404777526855, 16.66868782043457], [-12.934698104858398, 16.66786766052246], [-12.937201499938965, 16.67090606689453], [-12.939165115356445, 16.673145294189453]]","[1.0, 1.0, 1.0, 1.0, 1.0, 1.0]",genvidbench_common1000,0,,1.0,smJlYSVS9Ds_340_112to226.mp4,F:\MEngDatasets\AIGVDBench\videos\Real\Real\videos\smJlYSVS9Ds_340_112to226.mp4,test,0,real,Real,,Real,Real,1,False
real_00027,0,"[[-13.886234283447266, 17.860206604003906], [-13.88626766204834, 17.860315322875977], [-13.887389183044434, 17.86195945739746], [-13.888394355773926, 17.86358070373535], [-13.886312484741211, 17.860429763793945], [-13.885872840881348, 17.859609603881836]]","[1.0, 1.0, 1.0, 1.0, 1.0, 1.0]",genvidbench_common1000,0,,1.0,ljIFtQKRX6I_1_0to102.mp4,F:\MEngDatasets\AIGVDBench\videos\Real\Real\videos\ljIFtQKRX6I_1_0to102.mp4,test,0,real,Real,,Real,Real,1,False
real_00028,0,"[[-14.54973030090332, 19.249467849731445], [-14.550254821777344, 19.249980926513672], [-14.550212860107422, 19.24976921081543], [-14.55035400390625, 19.250030517578125], [-14.550250053405762, 19.25017547607422], [-14.549395561218262, 19.24886131286621]]","[1.0, 1.0, 1.0, 1.0, 1.0, 1.0]",genvidbench_common1000,0,,1.0,D4iNNhBSODA_4_0to115.mp4,F:\MEngDatasets\AIGVDBench\videos\Real\Real\videos\D4iNNhBSODA_4_0to115.mp4,test,0,real,Real,,Real,Real,1,False
real_00029,0,"[[-10.631813049316406, 14.383170127868652], [-10.632183074951172, 14.383644104003906], [-10.631551742553711, 14.383025169372559], [-10.630476951599121, 14.38092041015625], [-10.631056785583496, 14.38206672668457], [-10.63062572479248, 14.381549835205078]]","[1.0, 1.0, 1.0, 1.0, 1.0, 1.0]",genvidbench_common1000,0,,1.0,2OvJnvfYp34_7_46to173.mp4,F:\MEngDatasets\AIGVDBench\videos\Real\Real\videos\2OvJnvfYp34_7_46to173.mp4,test,0,real,Real,,Real,Real,1,False
real_00030,0,"[[-8.551996231079102, 9.336846351623535], [-8.55201244354248, 9.33686351776123], [-8.55187702178955, 9.336675643920898], [-8.551719665527344, 9.336474418640137], [-8.551715850830078, 9.336469650268555], [-8.551722526550293, 9.336481094360352]]","[1.0, 1.0, 1.0, 1.0, 1.0, 1.0]",genvidbench_common1000,0,,1.0,Rxbcg4_nUbU_2_73to196.mp4,F:\MEngDatasets\AIGVDBench\videos\Real\Real\videos\Rxbcg4_nUbU_2_73to196.mp4,test,0,real,Real,,Real,Real,1,False
real_00031,0,"[[-9.87954044342041, 15.531168937683105], [-9.87903881072998, 15.53048324584961], [-9.878578186035156, 15.529861450195312], [-9.878353118896484, 15.52962589263916], [-9.87800121307373, 15.52923583984375], [-9.878129005432129, 15.529401779174805]]","[1.0, 1.0, 1.0, 1.0, 1.0, 1.0]",genvidbench_common1000,0,,1.0,MVAJfvbmNpg_8_0to104.mp4,F:\MEngDatasets\AIGVDBench\videos\Real\Real\videos\MVAJfvbmNpg_8_0to104.mp4,test,0,real,Real,,Real,Real,1,False
real_00032,0,"[[-12.93974781036377, 16.808441162109375], [-12.939952850341797, 16.80855369567871], [-12.939997673034668, 16.808731079101562], [-12.93962574005127, 16.80837631225586], [-12.939122200012207, 16.80783462524414], [-12.939142227172852, 16.807865142822266]]","[1.0, 1.0, 1.0, 1.0, 1.0, 1.0]",genvidbench_common1000,0,,1.0,68BXnGOdJ34_53_93to260.mp4,F:\MEngDatasets\AIGVDBench\videos\Real\Real\videos\68BXnGOdJ34_53_93to260.mp4,test,0,real,Real,,Real,Real,1,False
real_00033,0,"[[-11.69821834564209, 14.956664085388184], [-11.698369979858398, 14.956613540649414], [-11.698481559753418, 14.95677375793457], [-11.698261260986328, 14.956348419189453], [-11.69839096069336, 14.956669807434082], [-11.698640823364258, 14.956921577453613]]","[1.0, 1.0, 1.0, 1.0, 1.0, 1.0]",genvidbench_common1000,0,,1.0,_TR4npFh6K8_83_0to438.mp4,F:\MEngDatasets\AIGVDBench\videos\Real\Real\videos\_TR4npFh6K8_83_0to438.mp4,test,0,real,Real,,Real,Real,1,False
real_00034,0,"[[-13.026416778564453, 18.681556701660156], [-13.0264253616333, 18.68157386779785], [-13.02624225616455, 18.681215286254883], [-13.026237487792969, 18.681211471557617], [-13.026726722717285, 18.68202781677246], [-13.026835441589355, 18.682218551635742]]","[1.0, 1.0, 1.0, 1.0, 1.0, 1.0]",genvidbench_common1000,0,,1.0,jqcy6k033fI_23_0to113.mp4,F:\MEngDatasets\AIGVDBench\videos\Real\Real\videos\jqcy6k033fI_23_0to113.mp4,test,0,real,Real,,Real,Real,1,False
real_00035,0,"[[-10.47531509399414, 13.863176345825195], [-10.473992347717285, 13.861556053161621], [-10.472822189331055, 13.860300064086914], [-10.47469425201416, 13.862969398498535], [-10.473361015319824, 13.861083030700684], [-10.47563362121582, 13.864397048950195]]","[1.0, 1.0, 1.0, 1.0, 1.0, 1.0]",genvidbench_common1000,0,,1.0,9YUwzwQ8mCY_0_778to912.mp4,F:\MEngDatasets\AIGVDBench\videos\Real\Real\videos\9YUwzwQ8mCY_0_778to912.mp4,test,0,real,Real,,Real,Real,1,False
real_00036,0,"[[-10.475316047668457, 13.863175392150879], [-10.47481632232666, 13.86253833770752], [-10.47286319732666, 13.860045433044434], [-10.472818374633789, 13.859959602355957], [-10.472801208496094, 13.85993480682373], [-10.472822189331055, 13.859962463378906]]","[1.0, 1.0, 1.0, 1.0, 1.0, 1.0]",genvidbench_common1000,0,,1.0,IMGYRIBZ-gk_90_0to109.mp4,F:\MEngDatasets\AIGVDBench\videos\Real\Real\videos\IMGYRIBZ-gk_90_0to109.mp4,test,0,real,Real,,Real,Real,1,False
real_00037,0,"[[-5.3064703941345215, 6.574937343597412], [-5.306207656860352, 6.57471227645874], [-5.306605815887451, 6.575301170349121], [-5.306260585784912, 6.574771404266357], [-5.306643486022949, 6.575506210327148], [-5.30644416809082, 6.575107097625732]]","[0.999993085861206, 0.999993085861206, 0.999993085861206, 0.999993085861206, 0.999993085861206, 0.999993085861206]",genvidbench_common1000,0,,0.999993085861206,LFMFJLMI9jU_2_19to695.mp4,F:\MEngDatasets\AIGVDBench\videos\Real\Real\videos\LFMFJLMI9jU_2_19to695.mp4,test,0,real,Real,,Real,Real,1,False
real_00038,0,"[[-5.139718532562256, 6.631150245666504], [-5.13971471786499, 6.631141662597656], [-5.139673233032227, 6.631095886230469], [-5.139665603637695, 6.6310858726501465], [-5.13970947265625, 6.6311354637146], [-5.139712810516357, 6.631135940551758]]","[0.9999922513961792, 0.9999922513961792, 0.9999922513961792, 0.9999922513961792, 0.9999922513961792, 0.9999922513961792]",genvidbench_common1000,0,,0.9999922513961792,ifrtA4XyoXU_10_0to267.mp4,F:\MEngDatasets\AIGVDBench\videos\Real\Real\videos\ifrtA4XyoXU_10_0to267.mp4,test,0,real,Real,,Real,Real,1,False
real_00039,0,"[[5.358218669891357, -5.622927188873291], [5.357720375061035, -5.622470378875732], [5.358679294586182, -5.623349666595459], [5.3585429191589355, -5.623223304748535], [5.358157634735107, -5.622869491577148], [5.357563495635986, -5.622326850891113]]","[1.701929431874305e-05, 1.7035563359968364e-05, 1.7004271285259165e-05, 1.700874781818129e-05, 1.7021306121023372e-05, 1.704066562524531e-05]",genvidbench_common1000,0,,1.7035563359968364e-05,GQPjdCtGHZg_11_0to132.mp4,F:\MEngDatasets\AIGVDBench\videos\Real\Real\videos\GQPjdCtGHZg_11_0to132.mp4,test,0,real,Real,,Real,Real,0,True
real_00040,0,"[[-12.489632606506348, 17.37178611755371], [-12.489474296569824, 17.371402740478516], [-12.489553451538086, 17.3716983795166], [-12.490249633789062, 17.37388038635254], [-12.4910249710083, 17.375579833984375], [-12.490945816040039, 17.37561798095703]]","[1.0, 1.0, 1.0, 1.0, 1.0, 1.0]",genvidbench_common1000,0,,1.0,klsbV5XLDc8_37_16to286.mp4,F:\MEngDatasets\AIGVDBench\videos\Real\Real\videos\klsbV5XLDc8_37_16to286.mp4,test,0,real,Real,,Real,Real,1,False
real_00041,0,"[[-14.85803508758545, 20.054933547973633], [-14.858022689819336, 20.05491828918457], [-14.85800838470459, 20.05489158630371], [-14.856709480285645, 20.0529842376709], [-14.855963706970215, 20.052064895629883], [-14.854528427124023, 20.04973602294922]]","[1.0, 1.0, 1.0, 1.0, 1.0, 1.0]",genvidbench_common1000,0,,1.0,o87SsbCZwFM_40_60to239.mp4,F:\MEngDatasets\AIGVDBench\videos\Real\Real\videos\o87SsbCZwFM_40_60to239.mp4,test,0,real,Real,,Real,Real,1,False
real_00042,0,"[[-7.8679375648498535, 12.379117012023926], [-7.867927074432373, 12.379189491271973], [-7.866976261138916, 12.377734184265137], [-7.866583824157715, 12.37704086303711], [-7.867594242095947, 12.37857437133789], [-7.866847991943359, 12.377556800842285]]","[1.0, 1.0, 1.0, 1.0, 1.0, 1.0]",genvidbench_common1000,0,,1.0,r8Y26Uq07Kw_0_0to167.mp4,F:\MEngDatasets\AIGVDBench\videos\Real\Real\videos\r8Y26Uq07Kw_0_0to167.mp4,test,0,real,Real,,Real,Real,1,False
real_00043,0,"[[-11.334981918334961, 14.590266227722168], [-11.335164070129395, 14.590197563171387], [-11.335613250732422, 14.591179847717285], [-11.336230278015137, 14.592236518859863], [-11.336061477661133, 14.591891288757324], [-11.335776329040527, 14.59156322479248]]","[1.0, 1.0, 1.0, 1.0, 1.0, 1.0]",genvidbench_common1000,0,,1.0,eCHK3-pWxIg_31_18to130.mp4,F:\MEngDatasets\AIGVDBench\videos\Real\Real\videos\eCHK3-pWxIg_31_18to130.mp4,test,0,real,Real,,Real,Real,1,False
real_00044,0,"[[-15.502790451049805, 20.53496742248535], [-15.503124237060547, 20.535316467285156], [-15.50364875793457, 20.535524368286133], [-15.503338813781738, 20.535057067871094], [-15.503678321838379, 20.535573959350586], [-15.504135131835938, 20.5362606048584]]","[1.0, 1.0, 1.0, 1.0, 1.0, 1.0]",genvidbench_common1000,0,,1.0,FYnm8Wwz514_10_0to103.mp4,F:\MEngDatasets\AIGVDBench\videos\Real\Real\videos\FYnm8Wwz514_10_0to103.mp4,test,0,real,Real,,Real,Real,1,False
real_00045,0,"[[-15.932337760925293, 20.47553062438965], [-15.931296348571777, 20.473901748657227], [-15.93288516998291, 20.476097106933594], [-15.931794166564941, 20.4747314453125], [-15.932211875915527, 20.475513458251953], [-15.93306827545166, 20.47654151916504]]","[1.0, 1.0, 1.0, 1.0, 1.0, 1.0]",genvidbench_common1000,0,,1.0,nz5H6BBlDeE_26_0to129.mp4,F:\MEngDatasets\AIGVDBench\videos\Real\Real\videos\nz5H6BBlDeE_26_0to129.mp4,test,0,real,Real,,Real,Real,1,False
real_00046,0,"[[-6.594180107116699, 11.06319522857666], [-6.594682216644287, 11.063867568969727], [-6.59489107131958, 11.06418228149414], [-6.594725131988525, 11.063918113708496], [-6.592362880706787, 11.060795783996582], [-6.589797496795654, 11.057394981384277]]","[1.0, 1.0, 1.0, 1.0, 1.0, 1.0]",genvidbench_common1000,0,,1.0,iGZMt8h2DUM_1_0to239.mp4,F:\MEngDatasets\AIGVDBench\videos\Real\Real\videos\iGZMt8h2DUM_1_0to239.mp4,test,0,real,Real,,Real,Real,1,False
real_00047,0,"[[-3.9508044719696045, 4.156624794006348], [-3.9511001110076904, 4.156961441040039], [-3.9507362842559814, 4.156532287597656], [-3.95078444480896, 4.156590461730957], [-3.950730562210083, 4.156512260437012], [-3.95088791847229, 4.156721591949463]]","[0.9996988773345947, 0.9996989965438843, 0.9996987581253052, 0.9996987581253052, 0.9996987581253052, 0.9996988773345947]",genvidbench_common1000,0,,0.9996989965438843,v-zRpfsZ7hc_65_0to154.mp4,F:\MEngDatasets\AIGVDBench\videos\Real\Real\videos\v-zRpfsZ7hc_65_0to154.mp4,test,0,real,Real,,Real,Real,1,False
real_00048,0,"[[-8.788966178894043, 12.034311294555664], [-8.78857135772705, 12.033835411071777], [-8.788578987121582, 12.033846855163574], [-8.788518905639648, 12.033769607543945], [-8.788516998291016, 12.033766746520996], [-8.788729667663574, 12.034049034118652]]","[1.0, 1.0, 1.0, 1.0, 1.0, 1.0]",genvidbench_common1000,0,,1.0,4onNa-MUai0_1_0to132.mp4,F:\MEngDatasets\AIGVDBench\videos\Real\Real\videos\4onNa-MUai0_1_0to132.mp4,test,0,real,Real,,Real,Real,1,False
real_00049,0,"[[-9.445394515991211, 11.609214782714844], [-9.445969581604004, 11.609888076782227], [-9.444537162780762, 11.607762336730957], [-9.445477485656738, 11.609253883361816], [-9.445652961730957, 11.609490394592285], [-9.445921897888184, 11.609740257263184]]","[1.0, 1.0, 1.0, 1.0, 1.0, 1.0]",genvidbench_common1000,0,,1.0,UZ1-1DrWesQ_15_679to830.mp4,F:\MEngDatasets\AIGVDBench\videos\Real\Real\videos\UZ1-1DrWesQ_15_679to830.mp4,test,0,real,Real,,Real,Real,1,False
real_00050,0,"[[0.38123875856399536, -0.34107860922813416], [0.3816765546798706, -0.3414883613586426], [0.3815857768058777, -0.3413919508457184], [0.38156580924987793, -0.3413729667663574], [0.3815908432006836, -0.3413964509963989], [0.38155680894851685, -0.34136465191841125]]","[0.32688289880752563, 0.3266964256763458, 0.3267376124858856, 0.3267461657524109, 0.3267355263233185, 0.3267499804496765]",genvidbench_common1000,0,,0.3266964256763458,Pm8YbDi80Kg_0_927to1111.mp4,F:\MEngDatasets\AIGVDBench\videos\Real\Real\videos\Pm8YbDi80Kg_0_927to1111.mp4,test,0,real,Real,,Real,Real,0,True
real_00051,0,"[[-6.113792896270752, 8.491914749145508], [-6.113773822784424, 8.491888046264648], [-6.114777088165283, 8.493191719055176], [-6.115030765533447, 8.493525505065918], [-6.115161418914795, 8.49382209777832], [-6.115457057952881, 8.494179725646973]]","[0.9999995231628418, 0.9999995231628418, 0.9999995231628418, 0.9999995231628418, 0.9999995231628418, 0.9999995231628418]",genvidbench_common1000,0,,0.9999995231628418,SzBj0CNP3pA_9_0to197.mp4,F:\MEngDatasets\AIGVDBench\videos\Real\Real\videos\SzBj0CNP3pA_9_0to197.mp4,test,0,real,Real,,Real,Real,1,False
real_00052,0,"[[-12.818219184875488, 17.03880500793457], [-12.818708419799805, 17.039653778076172], [-12.818678855895996, 17.039630889892578], [-12.818424224853516, 17.039234161376953], [-12.817326545715332, 17.037338256835938], [-12.817069053649902, 17.036861419677734]]","[1.0, 1.0, 1.0, 1.0, 1.0, 1.0]",genvidbench_common1000,0,,1.0,vNQR3ixE8AE_123_159to312.mp4,F:\MEngDatasets\AIGVDBench\videos\Real\Real\videos\vNQR3ixE8AE_123_159to312.mp4,test,0,real,Real,,Real,Real,1,False
real_00053,0,"[[-11.696703910827637, 16.213855743408203], [-11.696677207946777, 16.213714599609375], [-11.696635246276855, 16.213499069213867], [-11.695928573608398, 16.21236228942871], [-11.695481300354004, 16.21172332763672], [-11.695584297180176, 16.21183204650879]]","[1.0, 1.0, 1.0, 1.0, 1.0, 1.0]",genvidbench_common1000,0,,1.0,Zo80l_TCe0Q_4_560to698.mp4,F:\MEngDatasets\AIGVDBench\videos\Real\Real\videos\Zo80l_TCe0Q_4_560to698.mp4,test,0,real,Real,,Real,Real,1,False
real_00054,0,"[[-9.780280113220215, 12.256915092468262], [-9.7816801071167, 12.25890064239502], [-9.779769897460938, 12.256399154663086], [-9.780853271484375, 12.257915496826172], [-9.780384063720703, 12.257245063781738], [-9.78375244140625, 12.261740684509277]]","[1.0, 1.0, 1.0, 1.0, 1.0, 1.0]",genvidbench_common1000,0,,1.0,1wVS8h33ttU_39_0to112.mp4,F:\MEngDatasets\AIGVDBench\videos\Real\Real\videos\1wVS8h33ttU_39_0to112.mp4,test,0,real,Real,,Real,Real,1,False
real_00055,0,"[[-8.645101547241211, 12.858777046203613], [-8.64480972290039, 12.858366966247559], [-8.64455509185791, 12.857985496520996], [-8.64489459991455, 12.858468055725098], [-8.644655227661133, 12.85812759399414], [-8.644624710083008, 12.858100891113281]]","[1.0, 1.0, 1.0, 1.0, 1.0, 1.0]",genvidbench_common1000,0,,1.0,PB0z_PlnXcc_3_29to178.mp4,F:\MEngDatasets\AIGVDBench\videos\Real\Real\videos\PB0z_PlnXcc_3_29to178.mp4,test,0,real,Real,,Real,Real,1,False
real_00056,0,"[[-10.582684516906738, 13.633549690246582], [-10.582667350769043, 13.63353443145752], [-10.582561492919922, 13.633387565612793], [-10.582435607910156, 13.633150100708008], [-10.582375526428223, 13.63309383392334], [-10.582659721374512, 13.63353443145752]]","[1.0, 1.0, 1.0, 1.0, 1.0, 1.0]",genvidbench_common1000,0,,1.0,ehC6Qe9oXuA_9_22to155.mp4,F:\MEngDatasets\AIGVDBench\videos\Real\Real\videos\ehC6Qe9oXuA_9_22to155.mp4,test,0,real,Real,,Real,Real,1,False
real_00057,0,"[[-6.520040988922119, 8.4612455368042], [-6.520201206207275, 8.46157455444336], [-6.520222187042236, 8.461708068847656], [-6.520205497741699, 8.461703300476074], [-6.520130157470703, 8.461624145507812], [-6.520105838775635, 8.461255073547363]]","[0.9999996423721313, 0.9999996423721313, 0.9999996423721313, 0.9999996423721313, 0.9999996423721313, 0.9999996423721313]",genvidbench_common1000,0,,0.9999996423721313,Lf3oF-8fWfQ_35_0to137.mp4,F:\MEngDatasets\AIGVDBench\videos\Real\Real\videos\Lf3oF-8fWfQ_35_0to137.mp4,test,0,real,Real,,Real,Real,1,False
real_00058,0,"[[-8.494516372680664, 11.17898941040039], [-8.494168281555176, 11.17845344543457], [-8.494152069091797, 11.178421974182129], [-8.494128227233887, 11.17837905883789], [-8.494118690490723, 11.178353309631348], [-8.495333671569824, 11.18005657196045]]","[1.0, 1.0, 1.0, 1.0, 1.0, 1.0]",genvidbench_common1000,0,,1.0,n9vQahQYFgI_8_0to129.mp4,F:\MEngDatasets\AIGVDBench\videos\Real\Real\videos\n9vQahQYFgI_8_0to129.mp4,test,0,real,Real,,Real,Real,1,False
real_00059,0,"[[-9.561018943786621, 12.913668632507324], [-9.560544967651367, 12.9130859375], [-9.561473846435547, 12.914262771606445], [-9.560513496398926, 12.91303825378418], [-9.561461448669434, 12.91430377960205], [-9.56100845336914, 12.913771629333496]]","[1.0, 1.0, 1.0, 1.0, 1.0, 1.0]",genvidbench_common1000,0,,1.0,6rWfZUMp8fA_11_0to181.mp4,F:\MEngDatasets\AIGVDBench\videos\Real\Real\videos\6rWfZUMp8fA_11_0to181.mp4,test,0,real,Real,,Real,Real,1,False
real_00060,0,"[[-8.255556106567383, 11.363397598266602], [-8.25564956665039, 11.363592147827148], [-8.255683898925781, 11.36361026763916], [-8.255806922912598, 11.363890647888184], [-8.255846977233887, 11.363923072814941], [-8.255722999572754, 11.363659858703613]]","[1.0, 1.0, 1.0, 1.0, 1.0, 1.0]",genvidbench_common1000,0,,1.0,RsW5mXGVSTw_33_0to117.mp4,F:\MEngDatasets\AIGVDBench\videos\Real\Real\videos\RsW5mXGVSTw_33_0to117.mp4,test,0,real,Real,,Real,Real,1,False
real_00061,0,"[[-24.8294677734375, 35.32866668701172], [-24.82794189453125, 35.32639694213867], [-24.82852554321289, 35.32713317871094], [-24.827533721923828, 35.325748443603516], [-24.827922821044922, 35.32632064819336], [-24.827945709228516, 35.326385498046875]]","[1.0, 1.0, 1.0, 1.0, 1.0, 1.0]",genvidbench_common1000,0,,1.0,zHrMHdpfL-k_3_0to922.mp4,F:\MEngDatasets\AIGVDBench\videos\Real\Real\videos\zHrMHdpfL-k_3_0to922.mp4,test,0,real,Real,,Real,Real,1,False
real_00062,0,"[[-14.695412635803223, 18.173124313354492], [-14.695473670959473, 18.173110961914062], [-14.694828033447266, 18.17195701599121], [-14.694923400878906, 18.172231674194336], [-14.694730758666992, 18.171836853027344], [-14.694246292114258, 18.1707820892334]]","[1.0, 1.0, 1.0, 1.0, 1.0, 1.0]",genvidbench_common1000,0,,1.0,_icmM8z-QeM_16_0to230.mp4,F:\MEngDatasets\AIGVDBench\videos\Real\Real\videos\_icmM8z-QeM_16_0to230.mp4,test,0,real,Real,,Real,Real,1,False
real_00063,0,"[[-8.635385513305664, 11.201277732849121], [-8.635384559631348, 11.201301574707031], [-8.635363578796387, 11.20130443572998], [-8.635351181030273, 11.201214790344238], [-8.635406494140625, 11.201340675354004], [-8.635245323181152, 11.20106029510498]]","[1.0, 1.0, 1.0, 1.0, 1.0, 1.0]",genvidbench_common1000,0,,1.0,0udRm5E8Ft0_1_0to136.mp4,F:\MEngDatasets\AIGVDBench\videos\Real\Real\videos\0udRm5E8Ft0_1_0to136.mp4,test,0,real,Real,,Real,Real,1,False
real_00064,0,"[[-15.518762588500977, 18.42177963256836], [-15.519845008850098, 18.423664093017578], [-15.519068717956543, 18.422462463378906], [-15.519441604614258, 18.42299461364746], [-15.519948959350586, 18.423757553100586], [-15.521291732788086, 18.425670623779297]]","[1.0, 1.0, 1.0, 1.0, 1.0, 1.0]",genvidbench_common1000,0,,1.0,ZF44B91CSwU_10_20to167.mp4,F:\MEngDatasets\AIGVDBench\videos\Real\Real\videos\ZF44B91CSwU_10_20to167.mp4,test,0,real,Real,,Real,Real,1,False
real_00065,0,"[[-13.779027938842773, 21.024049758911133], [-13.779132843017578, 21.024608612060547], [-13.780172348022461, 21.026466369628906], [-13.77941608428955, 21.025053024291992], [-13.778947830200195, 21.024011611938477], [-13.780115127563477, 21.02585220336914]]","[1.0, 1.0, 1.0, 1.0, 1.0, 1.0]",genvidbench_common1000,0,,1.0,xrmweOOHFvc_23_0to1140.mp4,F:\MEngDatasets\AIGVDBench\videos\Real\Real\videos\xrmweOOHFvc_23_0to1140.mp4,test,0,real,Real,,Real,Real,1,False
real_00066,0,"[[-8.875699043273926, 10.661752700805664], [-8.875289916992188, 10.660518646240234], [-8.875338554382324, 10.660724639892578], [-8.874942779541016, 10.660008430480957], [-8.875319480895996, 10.660950660705566], [-8.875414848327637, 10.661547660827637]]","[1.0, 1.0, 1.0, 1.0, 1.0, 1.0]",genvidbench_common1000,0,,1.0,loOVcFRvCeE_32_45to195.mp4,F:\MEngDatasets\AIGVDBench\videos\Real\Real\videos\loOVcFRvCeE_32_45to195.mp4,test,0,real,Real,,Real,Real,1,False
real_00067,0,"[[-9.514638900756836, 13.15463638305664], [-9.515752792358398, 13.156207084655762], [-9.515824317932129, 13.157102584838867], [-9.515481948852539, 13.15671157836914], [-9.515704154968262, 13.156790733337402], [-9.51578426361084, 13.157419204711914]]","[1.0, 1.0, 1.0, 1.0, 1.0, 1.0]",genvidbench_common1000,0,,1.0,9j-LJj-OUDU_1_0to440.mp4,F:\MEngDatasets\AIGVDBench\videos\Real\Real\videos\9j-LJj-OUDU_1_0to440.mp4,test,0,real,Real,,Real,Real,1,False
real_00068,0,"[[4.268004417419434, -4.150279521942139], [4.268026828765869, -4.150318622589111], [4.268063545227051, -4.150362491607666], [4.268070697784424, -4.150369644165039], [4.268054485321045, -4.150352478027344], [4.26776123046875, -4.150001525878906]]","[0.00022074459411669523, 0.00022073091531638056, 0.00022071301646064967, 0.0002207100624218583, 0.00022071720741223544, 0.0002208595396950841]",genvidbench_common1000,0,,0.00022073091531638056,F1JDI5MSpjE_13_0to188.mp4,F:\MEngDatasets\AIGVDBench\videos\Real\Real\videos\F1JDI5MSpjE_13_0to188.mp4,test,0,real,Real,,Real,Real,0,True
real_00069,0,"[[-13.681264877319336, 18.308183670043945], [-13.68200397491455, 18.309463500976562], [-13.681674003601074, 18.308794021606445], [-13.681742668151855, 18.30897331237793], [-13.682662010192871, 18.310550689697266], [-13.681975364685059, 18.309476852416992]]","[1.0, 1.0, 1.0, 1.0, 1.0, 1.0]",genvidbench_common1000,0,,1.0,2F3iNVTXozM_35_0to624.mp4,F:\MEngDatasets\AIGVDBench\videos\Real\Real\videos\2F3iNVTXozM_35_0to624.mp4,test,0,real,Real,,Real,Real,1,False
real_00070,0,"[[-3.9030444622039795, 5.370465278625488], [-3.9033143520355225, 5.37083101272583], [-3.902894973754883, 5.370235443115234], [-3.902299642562866, 5.369327545166016], [-3.902264356613159, 5.369174957275391], [-3.902970552444458, 5.370401859283447]]","[0.999906063079834, 0.9999061822891235, 0.999906063079834, 0.9999059438705444, 0.9999059438705444, 0.999906063079834]",genvidbench_common1000,0,,0.9999061822891235,bVl9O8Qo3ug_72_0to139.mp4,F:\MEngDatasets\AIGVDBench\videos\Real\Real\videos\bVl9O8Qo3ug_72_0to139.mp4,test,0,real,Real,,Real,Real,1,False
real_00071,0,"[[-12.028095245361328, 16.84605598449707], [-12.028153419494629, 16.846132278442383], [-12.028037071228027, 16.8459529876709], [-12.02791690826416, 16.845754623413086], [-12.027952194213867, 16.84581756591797], [-12.028010368347168, 16.845884323120117]]","[1.0, 1.0, 1.0, 1.0, 1.0, 1.0]",genvidbench_common1000,0,,1.0,LXwI6j6eYRc_375_0to109.mp4,F:\MEngDatasets\AIGVDBench\videos\Real\Real\videos\LXwI6j6eYRc_375_0to109.mp4,test,0,real,Real,,Real,Real,1,False
real_00072,0,"[[-2.4540889263153076, 2.8769760131835938], [-2.45518159866333, 2.878286600112915], [-2.456127882003784, 2.8794569969177246], [-2.456096649169922, 2.8794186115264893], [-2.456267833709717, 2.8796284198760986], [-2.4560251235961914, 2.879347801208496]]","[0.9951843619346619, 0.9951959252357483, 0.9952059388160706, 0.9952056407928467, 0.9952074885368347, 0.9952050447463989]",genvidbench_common1000,0,,0.9951959252357483,9iTPbbb8Rkw_67_156to400.mp4,F:\MEngDatasets\AIGVDBench\videos\Real\Real\videos\9iTPbbb8Rkw_67_156to400.mp4,test,0,real,Real,,Real,Real,1,False
real_00073,0,"[[8.615045547485352, -9.939784049987793], [8.615045547485352, -9.939790725708008], [8.615043640136719, -9.939791679382324], [8.615047454833984, -9.939787864685059], [8.615036964416504, -9.93980884552002], [8.61503791809082, -9.93980884552002]]","[8.744607704613827e-09, 8.74454020305393e-09, 8.74454020305393e-09, 8.74454020305393e-09, 8.744456714282478e-09, 8.744440727070923e-09]",genvidbench_common1000,0,,8.74454020305393e-09,01ECJXvPQlQ_70_0to556.mp4,F:\MEngDatasets\AIGVDBench\videos\Real\Real\videos\01ECJXvPQlQ_70_0to556.mp4,test,0,real,Real,,Real,Real,0,True
real_00074,0,"[[-3.1430461406707764, 4.2940826416015625], [-3.142822265625, 4.293780326843262], [-3.1431007385253906, 4.2941789627075195], [-3.1435229778289795, 4.2947797775268555], [-3.143819570541382, 4.295166969299316], [-3.1429760456085205, 4.294060707092285]]","[0.9994113445281982, 0.9994111061096191, 0.9994114637374878, 0.9994120597839355, 0.9994125366210938, 0.9994113445281982]",genvidbench_common1000,0,,0.9994111061096191,5Z5BRmlwpAc_88_0to121.mp4,F:\MEngDatasets\AIGVDBench\videos\Real\Real\videos\5Z5BRmlwpAc_88_0to121.mp4,test,0,real,Real,,Real,Real,1,False
real_00075,0,"[[-5.260008811950684, 6.89019775390625], [-5.258294582366943, 6.888142108917236], [-5.257540225982666, 6.887269020080566], [-5.25801420211792, 6.887815475463867], [-5.256484031677246, 6.886026382446289], [-5.256528377532959, 6.886036396026611]]","[0.9999947547912598, 0.9999946355819702, 0.9999946355819702, 0.9999946355819702, 0.9999946355819702, 0.9999946355819702]",genvidbench_common1000,0,,0.9999946355819702,cclTlIvBJCI_53_49to264.mp4,F:\MEngDatasets\AIGVDBench\videos\Real\Real\videos\cclTlIvBJCI_53_49to264.mp4,test,0,real,Real,,Real,Real,1,False
real_00076,0,"[[1.387944221496582, -1.9864513874053955], [1.3879575729370117, -1.9864637851715088], [1.3881032466888428, -1.9866046905517578], [1.38798189163208, -1.9864858388900757], [1.3880292177200317, -1.9865309000015259], [1.3878977298736572, -1.986405849456787]]","[0.03310531750321388, 0.03310449421405792, 0.03309532254934311, 0.03310300409793854, 0.03310004994273186, 0.033108264207839966]",genvidbench_common1000,0,,0.03310449421405792,vRCA5Rf-Isc_1_0to109.mp4,F:\MEngDatasets\AIGVDBench\videos\Real\Real\videos\vRCA5Rf-Isc_1_0to109.mp4,test,0,real,Real,,Real,Real,0,True
real_00077,0,"[[2.0419626235961914, -1.8648582696914673], [2.0424325466156006, -1.8654192686080933], [2.042363405227661, -1.865336537361145], [2.042607545852661, -1.8656245470046997], [2.0422816276550293, -1.8652387857437134], [2.042534589767456, -1.865513563156128]]","[0.019708098843693733, 0.019688190892338753, 0.019691115245223045, 0.019680846482515335, 0.01969458907842636, 0.019684400409460068]",genvidbench_common1000,0,,0.019688190892338753,L58nCKZFfwM_15_0to221.mp4,F:\MEngDatasets\AIGVDBench\videos\Real\Real\videos\L58nCKZFfwM_15_0to221.mp4,test,0,real,Real,,Real,Real,0,True
real_00078,0,"[[-13.7711820602417, 19.012956619262695], [-13.76987075805664, 19.010713577270508], [-13.769259452819824, 19.009389877319336], [-13.769881248474121, 19.01082992553711], [-13.771171569824219, 19.013137817382812], [-13.770439147949219, 19.011938095092773]]","[1.0, 1.0, 1.0, 1.0, 1.0, 1.0]",genvidbench_common1000,0,,1.0,68hpMUdn5ZE_0_0to115.mp4,F:\MEngDatasets\AIGVDBench\videos\Real\Real\videos\68hpMUdn5ZE_0_0to115.mp4,test,0,real,Real,,Real,Real,1,False
real_00079,0,"[[0.6088506579399109, -1.0622462034225464], [0.6090239882469177, -1.062424898147583], [0.608792781829834, -1.0621659755706787], [0.6095542311668396, -1.0630217790603638], [0.6094789505004883, -1.0629401206970215], [0.609650194644928, -1.0631448030471802]]","[0.15827800333499908, 0.15823109447956085, 0.1582963764667511, 0.1580810546875, 0.1581019163131714, 0.15805187821388245]",genvidbench_common1000,0,,0.15823109447956085,TUWLm9fR2qY_17_0to102.mp4,F:\MEngDatasets\AIGVDBench\videos\Real\Real\videos\TUWLm9fR2qY_17_0to102.mp4,test,0,real,Real,,Real,Real,0,True
real_00080,0,"[[-6.029149532318115, 8.224302291870117], [-6.0280632972717285, 8.222455978393555], [-6.028095722198486, 8.222541809082031], [-6.0286126136779785, 8.223506927490234], [-6.028573989868164, 8.223431587219238], [-6.028726100921631, 8.223657608032227]]","[0.9999994039535522, 0.9999994039535522, 0.9999994039535522, 0.9999994039535522, 0.9999994039535522, 0.9999994039535522]",genvidbench_common1000,0,,0.9999994039535522,FVvUiMTYXJA_93_0to109.mp4,F:\MEngDatasets\AIGVDBench\videos\Real\Real\videos\FVvUiMTYXJA_93_0to109.mp4,test,0,real,Real,,Real,Real,1,False
real_00081,0,"[[-25.251813888549805, 34.80717086791992], [-25.251598358154297, 34.806396484375], [-25.249635696411133, 34.802371978759766], [-25.2495174407959, 34.80213928222656], [-25.24934959411621, 34.801876068115234], [-25.249324798583984, 34.80183029174805]]","[1.0, 1.0, 1.0, 1.0, 1.0, 1.0]",genvidbench_common1000,0,,1.0,_t3Y3Xp3-6w_18_0to134.mp4,F:\MEngDatasets\AIGVDBench\videos\Real\Real\videos\_t3Y3Xp3-6w_18_0to134.mp4,test,0,real,Real,,Real,Real,1,False
real_00082,0,"[[-10.615674018859863, 13.513653755187988], [-10.616528511047363, 13.515052795410156], [-10.616004943847656, 13.514240264892578], [-10.616230010986328, 13.514727592468262], [-10.615918159484863, 13.514086723327637], [-10.616289138793945, 13.514708518981934]]","[1.0, 1.0, 1.0, 1.0, 1.0, 1.0]",genvidbench_common1000,0,,1.0,r-DzbTILA-k_15_0to173.mp4,F:\MEngDatasets\AIGVDBench\videos\Real\Real\videos\r-DzbTILA-k_15_0to173.mp4,test,0,real,Real,,Real,Real,1,False
real_00083,0,"[[1.2412211894989014, -1.6186929941177368], [1.241013765335083, -1.6185108423233032], [1.2408727407455444, -1.618342638015747], [1.2404330968856812, -1.6178818941116333], [1.2395907640457153, -1.617013931274414], [1.2403172254562378, -1.6177599430084229]]","[0.05417109280824661, 0.05419105291366577, 0.05420692265033722, 0.054253093898296356, 0.054340921342372894, 0.054265301674604416]",genvidbench_common1000,0,,0.05419105291366577,bWfMuy56LmU_4_54to261.mp4,F:\MEngDatasets\AIGVDBench\videos\Real\Real\videos\bWfMuy56LmU_4_54to261.mp4,test,0,real,Real,,Real,Real,0,True
real_00084,0,"[[-4.863608360290527, 5.452817440032959], [-4.863787651062012, 5.453054428100586], [-4.863821983337402, 5.453068733215332], [-4.864075660705566, 5.453455448150635], [-4.863915920257568, 5.453245639801025], [-4.863535404205322, 5.452694892883301]]","[0.9999668598175049, 0.9999669790267944, 0.9999669790267944, 0.9999669790267944, 0.9999669790267944, 0.9999668598175049]",genvidbench_common1000,0,,0.9999669790267944,XdQO4o-tdBI_8_29to266.mp4,F:\MEngDatasets\AIGVDBench\videos\Real\Real\videos\XdQO4o-tdBI_8_29to266.mp4,test,0,real,Real,,Real,Real,1,False
real_00085,0,"[[-14.162348747253418, 20.00479507446289], [-14.162190437316895, 20.004789352416992], [-14.161834716796875, 20.0042724609375], [-14.16224193572998, 20.004709243774414], [-14.162606239318848, 20.005229949951172], [-14.162721633911133, 20.005414962768555]]","[1.0, 1.0, 1.0, 1.0, 1.0, 1.0]",genvidbench_common1000,0,,1.0,RiwfiO6Wh1I_4_0to117.mp4,F:\MEngDatasets\AIGVDBench\videos\Real\Real\videos\RiwfiO6Wh1I_4_0to117.mp4,test,0,real,Real,,Real,Real,1,False
real_00086,0,"[[-4.337370872497559, 5.740174293518066], [-4.336777210235596, 5.739266395568848], [-4.337005615234375, 5.739776611328125], [-4.335659503936768, 5.738164901733398], [-4.337844371795654, 5.740898609161377], [-4.339034557342529, 5.742371082305908]]","[0.9999580383300781, 0.9999579191207886, 0.9999579191207886, 0.999957799911499, 0.9999580383300781, 0.9999581575393677]",genvidbench_common1000,0,,0.9999579191207886,OXDxv3c5j1w_10_118to897.mp4,F:\MEngDatasets\AIGVDBench\videos\Real\Real\videos\OXDxv3c5j1w_10_118to897.mp4,test,0,real,Real,,Real,Real,1,False
real_00087,0,"[[-15.0289945602417, 20.676010131835938], [-15.030736923217773, 20.678606033325195], [-15.030548095703125, 20.678226470947266], [-15.02959156036377, 20.676664352416992], [-15.030261993408203, 20.677810668945312], [-15.031209945678711, 20.678955078125]]","[1.0, 1.0, 1.0, 1.0, 1.0, 1.0]",genvidbench_common1000,0,,1.0,Kx0UQf8-4Uc_7_0to195.mp4,F:\MEngDatasets\AIGVDBench\videos\Real\Real\videos\Kx0UQf8-4Uc_7_0to195.mp4,test,0,real,Real,,Real,Real,1,False
real_00088,0,"[[-7.720164775848389, 9.640996932983398], [-7.7185378074646, 9.63822078704834], [-7.71820592880249, 9.637601852416992], [-7.718282699584961, 9.63769245147705], [-7.720393657684326, 9.641328811645508], [-7.719665050506592, 9.640206336975098]]","[1.0, 1.0, 1.0, 1.0, 1.0, 1.0]",genvidbench_common1000,0,,1.0,nHoa0XBBQfA_5_0to185.mp4,F:\MEngDatasets\AIGVDBench\videos\Real\Real\videos\nHoa0XBBQfA_5_0to185.mp4,test,0,real,Real,,Real,Real,1,False
real_00089,0,"[[-10.474854469299316, 13.862947463989258], [-10.473919868469238, 13.86178970336914], [-10.473958015441895, 13.861835479736328], [-10.473970413208008, 13.86185359954834], [-10.473955154418945, 13.861836433410645], [-10.473949432373047, 13.861827850341797]]","[1.0, 1.0, 1.0, 1.0, 1.0, 1.0]",genvidbench_common1000,0,,1.0,5vTxKv9YCzA_85_58to274.mp4,F:\MEngDatasets\AIGVDBench\videos\Real\Real\videos\5vTxKv9YCzA_85_58to274.mp4,test,0,real,Real,,Real,Real,1,False
real_00090,0,"[[-11.850881576538086, 16.21468162536621], [-11.850292205810547, 16.213773727416992], [-11.852499961853027, 16.217269897460938], [-11.850146293640137, 16.213851928710938], [-11.850638389587402, 16.214506149291992], [-11.85194206237793, 16.216426849365234]]","[1.0, 1.0, 1.0, 1.0, 1.0, 1.0]",genvidbench_common1000,0,,1.0,d7ifb-aEW7Q_56_0to140.mp4,F:\MEngDatasets\AIGVDBench\videos\Real\Real\videos\d7ifb-aEW7Q_56_0to140.mp4,test,0,real,Real,,Real,Real,1,False
real_00091,0,"[[-13.131924629211426, 16.311765670776367], [-13.13036060333252, 16.30901336669922], [-13.13027572631836, 16.308837890625], [-13.130602836608887, 16.309398651123047], [-13.130696296691895, 16.30954360961914], [-13.130717277526855, 16.309572219848633]]","[1.0, 1.0, 1.0, 1.0, 1.0, 1.0]",genvidbench_common1000,0,,1.0,4HLv8_TO5IE_13_0to174.mp4,F:\MEngDatasets\AIGVDBench\videos\Real\Real\videos\4HLv8_TO5IE_13_0to174.mp4,test,0,real,Real,,Real,Real,1,False
real_00092,0,"[[-13.434858322143555, 18.686311721801758], [-13.434500694274902, 18.685697555541992], [-13.434771537780762, 18.686098098754883], [-13.434471130371094, 18.68560028076172], [-13.434621810913086, 18.685922622680664], [-13.434685707092285, 18.686044692993164]]","[1.0, 1.0, 1.0, 1.0, 1.0, 1.0]",genvidbench_common1000,0,,1.0,r8u-6wQdM-A_26_0to234.mp4,F:\MEngDatasets\AIGVDBench\videos\Real\Real\videos\r8u-6wQdM-A_26_0to234.mp4,test,0,real,Real,,Real,Real,1,False
real_00093,0,"[[-12.514307022094727, 15.861837387084961], [-12.513843536376953, 15.860751152038574], [-12.5147066116333, 15.862317085266113], [-12.516070365905762, 15.864742279052734], [-12.514154434204102, 15.861762046813965], [-12.51488208770752, 15.862799644470215]]","[1.0, 1.0, 1.0, 1.0, 1.0, 1.0]",genvidbench_common1000,0,,1.0,dgAFkFpHtFU_31_0to127.mp4,F:\MEngDatasets\AIGVDBench\videos\Real\Real\videos\dgAFkFpHtFU_31_0to127.mp4,test,0,real,Real,,Real,Real,1,False
real_00094,0,"[[-7.077826023101807, 9.933634757995605], [-7.077818393707275, 9.933506965637207], [-7.077820301055908, 9.933396339416504], [-7.077818870544434, 9.933466911315918], [-7.077693462371826, 9.933095932006836], [-7.077711582183838, 9.933374404907227]]","[1.0, 1.0, 1.0, 1.0, 1.0, 1.0]",genvidbench_common1000,0,,1.0,oTZsxZFAp70_2_133to366.mp4,F:\MEngDatasets\AIGVDBench\videos\Real\Real\videos\oTZsxZFAp70_2_133to366.mp4,test,0,real,Real,,Real,Real,1,False
real_00095,0,"[[-17.728851318359375, 24.357595443725586], [-17.727811813354492, 24.356189727783203], [-17.728546142578125, 24.357580184936523], [-17.7278995513916, 24.356576919555664], [-17.729949951171875, 24.35936737060547], [-17.729991912841797, 24.359649658203125]]","[1.0, 1.0, 1.0, 1.0, 1.0, 1.0]",genvidbench_common1000,0,,1.0,Am7nVGuKnS4_2_0to168.mp4,F:\MEngDatasets\AIGVDBench\videos\Real\Real\videos\Am7nVGuKnS4_2_0to168.mp4,test,0,real,Real,,Real,Real,1,False
real_00096,0,"[[-10.57080364227295, 13.596603393554688], [-10.570717811584473, 13.596393585205078], [-10.572115898132324, 13.598388671875], [-10.57264518737793, 13.599038124084473], [-10.572561264038086, 13.598939895629883], [-10.572436332702637, 13.5987548828125]]","[1.0, 1.0, 1.0, 1.0, 1.0, 1.0]",genvidbench_common1000,0,,1.0,ssZ-df_jhQ0_44_0to157.mp4,F:\MEngDatasets\AIGVDBench\videos\Real\Real\videos\ssZ-df_jhQ0_44_0to157.mp4,test,0,real,Real,,Real,Real,1,False
real_00097,0,"[[-1.5694202184677124, 2.355928421020508], [-1.5693626403808594, 2.355780601501465], [-1.5689129829406738, 2.3551437854766846], [-1.5688263177871704, 2.3550968170166016], [-1.56928551197052, 2.355687141418457], [-1.5690300464630127, 2.3553860187530518]]","[0.9806467294692993, 0.9806428551673889, 0.9806221723556519, 0.9806195497512817, 0.9806395173072815, 0.9806289672851562]",genvidbench_common1000,0,,0.9806428551673889,hzudjZ1dC7U_10_0to620.mp4,F:\MEngDatasets\AIGVDBench\videos\Real\Real\videos\hzudjZ1dC7U_10_0to620.mp4,test,0,real,Real,,Real,Real,1,False
real_00098,0,"[[-1.7459062337875366, 2.249879837036133], [-1.7459174394607544, 2.249873161315918], [-1.7468892335891724, 2.2510950565338135], [-1.7462656497955322, 2.2503085136413574], [-1.7453583478927612, 2.2491257190704346], [-1.7458081245422363, 2.2496955394744873]]","[0.9819391369819641, 0.9819392561912537, 0.9819781184196472, 0.9819532036781311, 0.981916069984436, 0.9819341897964478]",genvidbench_common1000,0,,0.9819392561912537,Jgegx5BH5xM_41_0to121.mp4,F:\MEngDatasets\AIGVDBench\videos\Real\Real\videos\Jgegx5BH5xM_41_0to121.mp4,test,0,real,Real,,Real,Real,1,False
real_00099,0,"[[-3.802757978439331, 4.4957098960876465], [-3.802067995071411, 4.494749546051025], [-3.802511692047119, 4.4953789710998535], [-3.803942918777466, 4.4973578453063965], [-3.8040308952331543, 4.4974751472473145], [-3.803942918777466, 4.497352123260498]]","[0.9997511506080627, 0.9997507929801941, 0.9997510313987732, 0.9997518658638, 0.9997518658638, 0.9997518658638]",genvidbench_common1000,0,,0.9997507929801941,dXQSmGV-y4I_2_0to132.mp4,F:\MEngDatasets\AIGVDBench\videos\Real\Real\videos\dXQSmGV-y4I_2_0to132.mp4,test,0,real,Real,,Real,Real,1,False
real_00100,0,"[[-10.04770278930664, 13.831271171569824], [-10.047365188598633, 13.83078670501709], [-10.046526908874512, 13.82944393157959], [-10.048303604125977, 13.832189559936523], [-10.049894332885742, 13.834552764892578], [-10.049955368041992, 13.834689140319824]]","[1.0, 1.0, 1.0, 1.0, 1.0, 1.0]",genvidbench_common1000,0,,1.0,HNad9oDp0uY_230_0to141.mp4,F:\MEngDatasets\AIGVDBench\videos\Real\Real\videos\HNad9oDp0uY_230_0to141.mp4,test,0,real,Real,,Real,Real,1,False
real_00101,0,"[[-0.6045565009117126, 0.9700281620025635], [-0.6045802235603333, 0.9700693488121033], [-0.605839729309082, 0.9714441895484924], [-0.6050212383270264, 0.9705326557159424], [-0.6049272418022156, 0.9704638719558716], [-0.6058043241500854, 0.9714007377624512]]","[0.8284362554550171, 0.8284454345703125, 0.8288195133209229, 0.8285738825798035, 0.8285508155822754, 0.8288083672523499]",genvidbench_common1000,0,,0.8284454345703125,IFLdH8tEzF0_0_0to813.mp4,F:\MEngDatasets\AIGVDBench\videos\Real\Real\videos\IFLdH8tEzF0_0_0to813.mp4,test,0,real,Real,,Real,Real,1,False
real_00102,0,"[[-7.214547157287598, 8.860410690307617], [-7.214221477508545, 8.859711647033691], [-7.214560031890869, 8.860208511352539], [-7.2146077156066895, 8.860333442687988], [-7.214548587799072, 8.85998821258545], [-7.214561939239502, 8.860072135925293]]","[0.9999998807907104, 0.9999998807907104, 0.9999998807907104, 0.9999998807907104, 0.9999998807907104, 0.9999998807907104]",genvidbench_common1000,0,,0.9999998807907104,GyhPEjXw1yA_5_0to107.mp4,F:\MEngDatasets\AIGVDBench\videos\Real\Real\videos\GyhPEjXw1yA_5_0to107.mp4,test,0,real,Real,,Real,Real,1,False
real_00103,0,"[[-20.914011001586914, 25.756622314453125], [-20.91489601135254, 25.75768280029297], [-20.915159225463867, 25.757999420166016], [-20.915119171142578, 25.757978439331055], [-20.91500473022461, 25.757827758789062], [-20.91511344909668, 25.758054733276367]]","[1.0, 1.0, 1.0, 1.0, 1.0, 1.0]",genvidbench_common1000,0,,1.0,V_9LGoLDPyY_10_0to595.mp4,F:\MEngDatasets\AIGVDBench\videos\Real\Real\videos\V_9LGoLDPyY_10_0to595.mp4,test,0,real,Real,,Real,Real,1,False
real_00104,0,"[[-9.387389183044434, 14.574728965759277], [-9.38749885559082, 14.574893951416016], [-9.388864517211914, 14.576963424682617], [-9.388371467590332, 14.57607364654541], [-9.388561248779297, 14.57650089263916], [-9.388204574584961, 14.576009750366211]]","[1.0, 1.0, 1.0, 1.0, 1.0, 1.0]",genvidbench_common1000,0,,1.0,b8SNtHukYiA_7_0to231.mp4,F:\MEngDatasets\AIGVDBench\videos\Real\Real\videos\b8SNtHukYiA_7_0to231.mp4,test,0,real,Real,,Real,Real,1,False
real_00105,0,"[[-15.49785327911377, 16.906362533569336], [-15.49764347076416, 16.906047821044922], [-15.497457504272461, 16.90577507019043], [-15.497513771057129, 16.905855178833008], [-15.497982025146484, 16.906553268432617], [-15.498024940490723, 16.906627655029297]]","[1.0, 1.0, 1.0, 1.0, 1.0, 1.0]",genvidbench_common1000,0,,1.0,LtXvZgnorTs_56_0to104.mp4,F:\MEngDatasets\AIGVDBench\videos\Real\Real\videos\LtXvZgnorTs_56_0to104.mp4,test,0,real,Real,,Real,Real,1,False
real_00106,0,"[[1.1174943447113037, -0.07440052926540375], [1.117614507675171, -0.07477480173110962], [1.1176996231079102, -0.07485781610012054], [1.1177653074264526, -0.0748681128025055], [1.1181367635726929, -0.07534821331501007], [1.1182781457901, -0.07550522685050964]]","[0.23292019963264465, 0.2328318953514099, 0.23280185461044312, 0.23278827965259552, 0.2326362282037735, 0.2325829565525055]",genvidbench_common1000,0,,0.2328318953514099,o82SKvbybvY_14_104to700.mp4,F:\MEngDatasets\AIGVDBench\videos\Real\Real\videos\o82SKvbybvY_14_104to700.mp4,test,0,real,Real,,Real,Real,0,True
real_00107,0,"[[-20.048553466796875, 25.41048240661621], [-20.047712326049805, 25.40867042541504], [-20.04791831970215, 25.40774154663086], [-20.048276901245117, 25.40825080871582], [-20.04788589477539, 25.407360076904297], [-20.047414779663086, 25.4067325592041]]","[1.0, 1.0, 1.0, 1.0, 1.0, 1.0]",genvidbench_common1000,0,,1.0,F_uI_R233XI_28_104to333.mp4,F:\MEngDatasets\AIGVDBench\videos\Real\Real\videos\F_uI_R233XI_28_104to333.mp4,test,0,real,Real,,Real,Real,1,False
real_00108,0,"[[-3.628209352493286, 4.615139961242676], [-3.6282081604003906, 4.615118026733398], [-3.6283650398254395, 4.615364074707031], [-3.6282477378845215, 4.6151652336120605], [-3.6282389163970947, 4.615167140960693], [-3.6283371448516846, 4.6152801513671875]]","[0.9997370839118958, 0.9997370839118958, 0.9997372031211853, 0.9997370839118958, 0.9997370839118958, 0.9997370839118958]",genvidbench_common1000,0,,0.9997370839118958,aIGHTfekBqE_169_0to103.mp4,F:\MEngDatasets\AIGVDBench\videos\Real\Real\videos\aIGHTfekBqE_169_0to103.mp4,test,0,real,Real,,Real,Real,1,False
real_00109,0,"[[-6.301828384399414, 8.431404113769531], [-6.3019185066223145, 8.431585311889648], [-6.302464008331299, 8.43232250213623], [-6.302667140960693, 8.432583808898926], [-6.3027167320251465, 8.432694435119629], [-6.302893161773682, 8.432957649230957]]","[0.9999996423721313, 0.9999996423721313, 0.9999996423721313, 0.9999996423721313, 0.9999996423721313, 0.9999996423721313]",genvidbench_common1000,0,,0.9999996423721313,2MhlyrpXayw_82_245to468.mp4,F:\MEngDatasets\AIGVDBench\videos\Real\Real\videos\2MhlyrpXayw_82_245to468.mp4,test,0,real,Real,,Real,Real,1,False
real_00110,0,"[[-12.234819412231445, 16.457996368408203], [-12.234115600585938, 16.45680046081543], [-12.23363971710205, 16.45619010925293], [-12.232877731323242, 16.45506477355957], [-12.232333183288574, 16.454242706298828], [-12.232344627380371, 16.454267501831055]]","[1.0, 1.0, 1.0, 1.0, 1.0, 1.0]",genvidbench_common1000,0,,1.0,YVxnWyjgdrU_1_0to104.mp4,F:\MEngDatasets\AIGVDBench\videos\Real\Real\videos\YVxnWyjgdrU_1_0to104.mp4,test,0,real,Real,,Real,Real,1,False
real_00111,0,"[[0.8579696416854858, -0.795468270778656], [0.8578097224235535, -0.795310378074646], [0.8582661151885986, -0.7957985401153564], [0.8581398725509644, -0.7956718802452087], [0.8585588932037354, -0.7961018681526184], [0.8582331538200378, -0.7957634925842285]]","[0.16064487397670746, 0.16068771481513977, 0.16056035459041595, 0.16059444844722748, 0.1604800522327423, 0.16056951880455017]",genvidbench_common1000,0,,0.16068771481513977,Mkioc1jHbfE_0_0to242.mp4,F:\MEngDatasets\AIGVDBench\videos\Real\Real\videos\Mkioc1jHbfE_0_0to242.mp4,test,0,real,Real,,Real,Real,0,True
real_00112,0,"[[-15.577142715454102, 18.488204956054688], [-15.577215194702148, 18.488304138183594], [-15.577025413513184, 18.488025665283203], [-15.577065467834473, 18.488075256347656], [-15.577040672302246, 18.488035202026367], [-15.577290534973145, 18.48836326599121]]","[1.0, 1.0, 1.0, 1.0, 1.0, 1.0]",genvidbench_common1000,0,,1.0,OcPIcSqetew_4_33to275.mp4,F:\MEngDatasets\AIGVDBench\videos\Real\Real\videos\OcPIcSqetew_4_33to275.mp4,test,0,real,Real,,Real,Real,1,False
real_00113,0,"[[-19.72378921508789, 28.269691467285156], [-19.723827362060547, 28.269651412963867], [-19.724546432495117, 28.270774841308594], [-19.722436904907227, 28.267160415649414], [-19.722110748291016, 28.266023635864258], [-19.723798751831055, 28.269197463989258]]","[1.0, 1.0, 1.0, 1.0, 1.0, 1.0]",genvidbench_common1000,0,,1.0,pmUgNlHem8A_11_0to133.mp4,F:\MEngDatasets\AIGVDBench\videos\Real\Real\videos\pmUgNlHem8A_11_0to133.mp4,test,0,real,Real,,Real,Real,1,False
real_00114,0,"[[-13.772869110107422, 22.216049194335938], [-13.77253532409668, 22.21553611755371], [-13.77195930480957, 22.21428871154785], [-13.773487091064453, 22.217254638671875], [-13.773812294006348, 22.21805763244629], [-13.773677825927734, 22.21771812438965]]","[1.0, 1.0, 1.0, 1.0, 1.0, 1.0]",genvidbench_common1000,0,,1.0,gUeQlJzk1KI_18_0to182.mp4,F:\MEngDatasets\AIGVDBench\videos\Real\Real\videos\gUeQlJzk1KI_18_0to182.mp4,test,0,real,Real,,Real,Real,1,False
real_00115,0,"[[-5.874563217163086, 11.325974464416504], [-5.874583721160889, 11.326279640197754], [-5.87489652633667, 11.327003479003906], [-5.875157833099365, 11.327044486999512], [-5.875150203704834, 11.32712459564209], [-5.875299453735352, 11.327797889709473]]","[1.0, 1.0, 1.0, 1.0, 1.0, 1.0]",genvidbench_common1000,0,,1.0,4cvgTuAaMDM_1_0to181.mp4,F:\MEngDatasets\AIGVDBench\videos\Real\Real\videos\4cvgTuAaMDM_1_0to181.mp4,test,0,real,Real,,Real,Real,1,False
real_00116,0,"[[-10.84103012084961, 13.463892936706543], [-10.840056419372559, 13.462393760681152], [-10.839783668518066, 13.461962699890137], [-10.837778091430664, 13.45945930480957], [-10.839009284973145, 13.461289405822754], [-10.838281631469727, 13.4600191116333]]","[1.0, 1.0, 1.0, 1.0, 1.0, 1.0]",genvidbench_common1000,0,,1.0,PHbEXJGZBEA_4_0to299.mp4,F:\MEngDatasets\AIGVDBench\videos\Real\Real\videos\PHbEXJGZBEA_4_0to299.mp4,test,0,real,Real,,Real,Real,1,False
real_00117,0,"[[-0.7270298600196838, 1.3114638328552246], [-0.7274647355079651, 1.3119618892669678], [-0.7280071973800659, 1.312578558921814], [-0.7285917401313782, 1.3132365942001343], [-0.7275101542472839, 1.3120478391647339], [-0.727767288684845, 1.3122657537460327]]","[0.8847798109054565, 0.8848748207092285, 0.8849928975105286, 0.8851193785667419, 0.8848882913589478, 0.8849366307258606]",genvidbench_common1000,0,,0.8848748207092285,K-yJX0ekkc4_18_0to171.mp4,F:\MEngDatasets\AIGVDBench\videos\Real\Real\videos\K-yJX0ekkc4_18_0to171.mp4,test,0,real,Real,,Real,Real,1,False
real_00118,0,"[[-10.086358070373535, 14.338332176208496], [-10.085880279541016, 14.337698936462402], [-10.085198402404785, 14.336377143859863], [-10.08565902709961, 14.336984634399414], [-10.08513355255127, 14.336156845092773], [-10.085503578186035, 14.336825370788574]]","[1.0, 1.0, 1.0, 1.0, 1.0, 1.0]",genvidbench_common1000,0,,1.0,m9ZSeb0n_1g_37_0to142.mp4,F:\MEngDatasets\AIGVDBench\videos\Real\Real\videos\m9ZSeb0n_1g_37_0to142.mp4,test,0,real,Real,,Real,Real,1,False
real_00119,0,"[[-13.081503868103027, 16.533720016479492], [-13.081501960754395, 16.533823013305664], [-13.08073616027832, 16.532276153564453], [-13.081475257873535, 16.533430099487305], [-13.08141040802002, 16.533302307128906], [-13.081583023071289, 16.5333251953125]]","[1.0, 1.0, 1.0, 1.0, 1.0, 1.0]",genvidbench_common1000,0,,1.0,UzC6wrrVAm4_20_30to430.mp4,F:\MEngDatasets\AIGVDBench\videos\Real\Real\videos\UzC6wrrVAm4_20_30to430.mp4,test,0,real,Real,,Real,Real,1,False
real_00120,0,"[[-12.812628746032715, 16.60363006591797], [-12.812386512756348, 16.603113174438477], [-12.812979698181152, 16.604206085205078], [-12.812764167785645, 16.60382652282715], [-12.813176155090332, 16.60464096069336], [-12.813693046569824, 16.605636596679688]]","[1.0, 1.0, 1.0, 1.0, 1.0, 1.0]",genvidbench_common1000,0,,1.0,xLkHEZTSeoU_22_18to143.mp4,F:\MEngDatasets\AIGVDBench\videos\Real\Real\videos\xLkHEZTSeoU_22_18to143.mp4,test,0,real,Real,,Real,Real,1,False
real_00121,0,"[[-7.318233966827393, 10.69702434539795], [-7.318946838378906, 10.698086738586426], [-7.318298816680908, 10.696808815002441], [-7.318608283996582, 10.697383880615234], [-7.318763732910156, 10.697676658630371], [-7.3185553550720215, 10.69722843170166]]","[1.0, 1.0, 1.0, 1.0, 1.0, 1.0]",genvidbench_common1000,0,,1.0,pY5vMP2zC98_0_0to181.mp4,F:\MEngDatasets\AIGVDBench\videos\Real\Real\videos\pY5vMP2zC98_0_0to181.mp4,test,0,real,Real,,Real,Real,1,False
real_00122,0,"[[-12.895576477050781, 17.653764724731445], [-12.895188331604004, 17.65278434753418], [-12.895286560058594, 17.6528263092041], [-12.893657684326172, 17.650636672973633], [-12.893616676330566, 17.650497436523438], [-12.893697738647461, 17.650623321533203]]","[1.0, 1.0, 1.0, 1.0, 1.0, 1.0]",genvidbench_common1000,0,,1.0,-SUfEy_6Q2k_23_96to594.mp4,F:\MEngDatasets\AIGVDBench\videos\Real\Real\videos\-SUfEy_6Q2k_23_96to594.mp4,test,0,real,Real,,Real,Real,1,False
real_00123,0,"[[-11.028246879577637, 12.046917915344238], [-11.030567169189453, 12.050004005432129], [-11.029845237731934, 12.049126625061035], [-11.02978515625, 12.048959732055664], [-11.030576705932617, 12.050054550170898], [-11.031732559204102, 12.051728248596191]]","[1.0, 1.0, 1.0, 1.0, 1.0, 1.0]",genvidbench_common1000,0,,1.0,dAoeNx2Qdh0_10_66to170.mp4,F:\MEngDatasets\AIGVDBench\videos\Real\Real\videos\dAoeNx2Qdh0_10_66to170.mp4,test,0,real,Real,,Real,Real,1,False
real_00124,0,"[[-7.214763641357422, 8.951455116271973], [-7.213316440582275, 8.949149131774902], [-7.212182521820068, 8.947373390197754], [-7.212039947509766, 8.947196960449219], [-7.2118306159973145, 8.946831703186035], [-7.212294578552246, 8.947508811950684]]","[0.9999998807907104, 0.9999998807907104, 0.9999998807907104, 0.9999998807907104, 0.9999998807907104, 0.9999998807907104]",genvidbench_common1000,0,,0.9999998807907104,etvI7eOGcBQ_4_0to577.mp4,F:\MEngDatasets\AIGVDBench\videos\Real\Real\videos\etvI7eOGcBQ_4_0to577.mp4,test,0,real,Real,,Real,Real,1,False
real_00125,0,"[[-11.730497360229492, 14.901878356933594], [-11.729033470153809, 14.900018692016602], [-11.730025291442871, 14.901457786560059], [-11.729447364807129, 14.90056037902832], [-11.728639602661133, 14.899724960327148], [-11.730362892150879, 14.902024269104004]]","[1.0, 1.0, 1.0, 1.0, 1.0, 1.0]",genvidbench_common1000,0,,1.0,q7bO_JMnLuk_28_0to136.mp4,F:\MEngDatasets\AIGVDBench\videos\Real\Real\videos\q7bO_JMnLuk_28_0to136.mp4,test,0,real,Real,,Real,Real,1,False
real_00126,0,"[[-16.85740852355957, 26.6176815032959], [-16.85823631286621, 26.618661880493164], [-16.858318328857422, 26.61901092529297], [-16.85735511779785, 26.61765480041504], [-16.858808517456055, 26.62033462524414], [-16.858448028564453, 26.619279861450195]]","[1.0, 1.0, 1.0, 1.0, 1.0, 1.0]",genvidbench_common1000,0,,1.0,guL5esGDFbk_11_0to163.mp4,F:\MEngDatasets\AIGVDBench\videos\Real\Real\videos\guL5esGDFbk_11_0to163.mp4,test,0,real,Real,,Real,Real,1,False
real_00127,0,"[[-4.18335485458374, 5.9124531745910645], [-4.183273792266846, 5.912351131439209], [-4.183315277099609, 5.91240119934082], [-4.183348655700684, 5.912445068359375], [-4.183207035064697, 5.912261009216309], [-4.183316230773926, 5.912415027618408]]","[0.9999587535858154, 0.9999587535858154, 0.9999587535858154, 0.9999587535858154, 0.9999587535858154, 0.9999587535858154]",genvidbench_common1000,0,,0.9999587535858154,Nd8y0oRy0e4_14_59to168.mp4,F:\MEngDatasets\AIGVDBench\videos\Real\Real\videos\Nd8y0oRy0e4_14_59to168.mp4,test,0,real,Real,,Real,Real,1,False
real_00128,0,"[[-5.449466705322266, 7.094773292541504], [-5.449277400970459, 7.094315052032471], [-5.4493303298950195, 7.094427585601807], [-5.449532985687256, 7.094547748565674], [-5.449279308319092, 7.093843936920166], [-5.449296474456787, 7.094118118286133]]","[0.9999964237213135, 0.9999964237213135, 0.9999964237213135, 0.9999964237213135, 0.9999964237213135, 0.9999964237213135]",genvidbench_common1000,0,,0.9999964237213135,t2e1xOcGpDc_47_24to178.mp4,F:\MEngDatasets\AIGVDBench\videos\Real\Real\videos\t2e1xOcGpDc_47_24to178.mp4,test,0,real,Real,,Real,Real,1,False
real_00129,0,"[[-3.4849672317504883, 4.719106674194336], [-3.4852969646453857, 4.71944522857666], [-3.4847662448883057, 4.718886375427246], [-3.484980821609497, 4.719107627868652], [-3.4846415519714355, 4.7187581062316895], [-3.4848225116729736, 4.718952178955078]]","[0.9997264742851257, 0.9997267127037048, 0.9997263550758362, 0.9997264742851257, 0.9997263550758362, 0.9997264742851257]",genvidbench_common1000,0,,0.9997267127037048,VpmmpSW8sBA_9_352to461.mp4,F:\MEngDatasets\AIGVDBench\videos\Real\Real\videos\VpmmpSW8sBA_9_352to461.mp4,test,0,real,Real,,Real,Real,1,False
real_00130,0,"[[-7.7282843589782715, 10.062882423400879], [-7.728008270263672, 10.062183380126953], [-7.727965831756592, 10.062152862548828], [-7.728417873382568, 10.063318252563477], [-7.727864742279053, 10.061779975891113], [-7.728120803833008, 10.062485694885254]]","[1.0, 1.0, 1.0, 1.0, 1.0, 1.0]",genvidbench_common1000,0,,1.0,DowgTXvI580_7_0to138.mp4,F:\MEngDatasets\AIGVDBench\videos\Real\Real\videos\DowgTXvI580_7_0to138.mp4,test,0,real,Real,,Real,Real,1,False
real_00131,0,"[[-12.987357139587402, 16.24200439453125], [-12.987224578857422, 16.241785049438477], [-12.987191200256348, 16.24172592163086], [-12.987641334533691, 16.24241828918457], [-12.987117767333984, 16.241727828979492], [-12.987265586853027, 16.241945266723633]]","[1.0, 1.0, 1.0, 1.0, 1.0, 1.0]",genvidbench_common1000,0,,1.0,bJ-ISoSXxD0_5_35to137.mp4,F:\MEngDatasets\AIGVDBench\videos\Real\Real\videos\bJ-ISoSXxD0_5_35to137.mp4,test,0,real,Real,,Real,Real,1,False
real_00132,0,"[[-2.0816810131073, 2.277954578399658], [-2.0818538665771484, 2.278134346008301], [-2.0819637775421143, 2.2782368659973145], [-2.081827163696289, 2.2781200408935547], [-2.0817267894744873, 2.278010368347168], [-2.081693172454834, 2.277982473373413]]","[0.9873782992362976, 0.987382709980011, 0.9873853921890259, 0.9873821139335632, 0.9873795509338379, 0.9873787760734558]",genvidbench_common1000,0,,0.987382709980011,rnS-H_4fjMk_53_0to131.mp4,F:\MEngDatasets\AIGVDBench\videos\Real\Real\videos\rnS-H_4fjMk_53_0to131.mp4,test,0,real,Real,,Real,Real,1,False
real_00133,0,"[[3.319082736968994, -4.551043510437012], [3.3188769817352295, -4.550845146179199], [3.319518566131592, -4.55144739151001], [3.3196754455566406, -4.551598072052002], [3.3195877075195312, -4.551514148712158], [3.3197925090789795, -4.551706314086914]]","[0.00038184027653187513, 0.00038199443952180445, 0.0003815198433585465, 0.0003814025840256363, 0.00038146806764416397, 0.0003813166404142976]",genvidbench_common1000,0,,0.00038199443952180445,dNBxy8VuvC4_17_0to108.mp4,F:\MEngDatasets\AIGVDBench\videos\Real\Real\videos\dNBxy8VuvC4_17_0to108.mp4,test,0,real,Real,,Real,Real,0,True
real_00134,0,"[[-16.293458938598633, 20.527650833129883], [-16.295005798339844, 20.530229568481445], [-16.295194625854492, 20.53072166442871], [-16.293222427368164, 20.527368545532227], [-16.29286766052246, 20.526954650878906], [-16.294445037841797, 20.529376983642578]]","[1.0, 1.0, 1.0, 1.0, 1.0, 1.0]",genvidbench_common1000,0,,1.0,IGOCCo_tTsQ_1_18to311.mp4,F:\MEngDatasets\AIGVDBench\videos\Real\Real\videos\IGOCCo_tTsQ_1_18to311.mp4,test,0,real,Real,,Real,Real,1,False
real_00135,0,"[[-15.59581470489502, 19.650997161865234], [-15.595824241638184, 19.651123046875], [-15.59562873840332, 19.65074348449707], [-15.595418930053711, 19.65044403076172], [-15.595131874084473, 19.650005340576172], [-15.595065116882324, 19.65022850036621]]","[1.0, 1.0, 1.0, 1.0, 1.0, 1.0]",genvidbench_common1000,0,,1.0,Gf5_NXL7ZUk_82_16to138.mp4,F:\MEngDatasets\AIGVDBench\videos\Real\Real\videos\Gf5_NXL7ZUk_82_16to138.mp4,test,0,real,Real,,Real,Real,1,False
real_00136,0,"[[-18.886945724487305, 25.006786346435547], [-18.887779235839844, 25.00840187072754], [-18.88739776611328, 25.00760269165039], [-18.888641357421875, 25.01023292541504], [-18.88832664489746, 25.010169982910156], [-18.888134002685547, 25.008939743041992]]","[1.0, 1.0, 1.0, 1.0, 1.0, 1.0]",genvidbench_common1000,0,,1.0,W5R52mgaBgk_13_85to215.mp4,F:\MEngDatasets\AIGVDBench\videos\Real\Real\videos\W5R52mgaBgk_13_85to215.mp4,test,0,real,Real,,Real,Real,1,False
real_00137,0,"[[-7.797746181488037, 9.450993537902832], [-7.797796249389648, 9.450947761535645], [-7.798028945922852, 9.451272964477539], [-7.7985711097717285, 9.452143669128418], [-7.798072338104248, 9.451492309570312], [-7.7979607582092285, 9.451379776000977]]","[1.0, 1.0, 1.0, 1.0, 1.0, 1.0]",genvidbench_common1000,0,,1.0,6TQAiymtBQg_9_27to154.mp4,F:\MEngDatasets\AIGVDBench\videos\Real\Real\videos\6TQAiymtBQg_9_27to154.mp4,test,0,real,Real,,Real,Real,1,False
real_00138,0,"[[-13.622207641601562, 17.159156799316406], [-13.622244834899902, 17.159194946289062], [-13.622387886047363, 17.15952491760254], [-13.622416496276855, 17.159523010253906], [-13.622175216674805, 17.159149169921875], [-13.622505187988281, 17.15945816040039]]","[1.0, 1.0, 1.0, 1.0, 1.0, 1.0]",genvidbench_common1000,0,,1.0,ochW9SHXtso_41_0to228.mp4,F:\MEngDatasets\AIGVDBench\videos\Real\Real\videos\ochW9SHXtso_41_0to228.mp4,test,0,real,Real,,Real,Real,1,False
real_00139,0,"[[-12.258612632751465, 15.415436744689941], [-12.25753116607666, 15.413966178894043], [-12.256165504455566, 15.411970138549805], [-12.257871627807617, 15.414332389831543], [-12.25799560546875, 15.414759635925293], [-12.258390426635742, 15.415404319763184]]","[1.0, 1.0, 1.0, 1.0, 1.0, 1.0]",genvidbench_common1000,0,,1.0,dUDS7EiZf7k_21_143to343.mp4,F:\MEngDatasets\AIGVDBench\videos\Real\Real\videos\dUDS7EiZf7k_21_143to343.mp4,test,0,real,Real,,Real,Real,1,False
real_00140,0,"[[-6.128988742828369, 6.765454292297363], [-6.128979206085205, 6.765467643737793], [-6.128544330596924, 6.7647385597229], [-6.128871440887451, 6.765303134918213], [-6.128843784332275, 6.765290260314941], [-6.128952503204346, 6.765433311462402]]","[0.9999974966049194, 0.9999974966049194, 0.9999974966049194, 0.9999974966049194, 0.9999974966049194, 0.9999974966049194]",genvidbench_common1000,0,,0.9999974966049194,XX2qUA41HME_42_0to183.mp4,F:\MEngDatasets\AIGVDBench\videos\Real\Real\videos\XX2qUA41HME_42_0to183.mp4,test,0,real,Real,,Real,Real,1,False
real_00141,0,"[[-10.472838401794434, 13.860311508178711], [-10.472189903259277, 13.859430313110352], [-10.47420883178711, 13.862139701843262], [-10.472649574279785, 13.860136032104492], [-10.473612785339355, 13.861456871032715], [-10.47288990020752, 13.860644340515137]]","[1.0, 1.0, 1.0, 1.0, 1.0, 1.0]",genvidbench_common1000,0,,1.0,m_uowp9xlpY_6_0to628.mp4,F:\MEngDatasets\AIGVDBench\videos\Real\Real\videos\m_uowp9xlpY_6_0to628.mp4,test,0,real,Real,,Real,Real,1,False
real_00142,0,"[[-9.181501388549805, 12.102920532226562], [-9.18179988861084, 12.103421211242676], [-9.181275367736816, 12.10191535949707], [-9.181010246276855, 12.101811408996582], [-9.181017875671387, 12.10214614868164], [-9.181123733520508, 12.102363586425781]]","[1.0, 1.0, 1.0, 1.0, 1.0, 1.0]",genvidbench_common1000,0,,1.0,jaO9L0MTRbU_17_45to170.mp4,F:\MEngDatasets\AIGVDBench\videos\Real\Real\videos\jaO9L0MTRbU_17_45to170.mp4,test,0,real,Real,,Real,Real,1,False
real_00143,0,"[[-5.228061199188232, 7.48020601272583], [-5.22806978225708, 7.480329990386963], [-5.227728366851807, 7.479663848876953], [-5.227835178375244, 7.479722023010254], [-5.227848052978516, 7.4797139167785645], [-5.227688312530518, 7.479485988616943]]","[0.9999970197677612, 0.9999970197677612, 0.9999970197677612, 0.9999970197677612, 0.9999970197677612, 0.9999970197677612]",genvidbench_common1000,0,,0.9999970197677612,VDEJIm93giE_6_0to276.mp4,F:\MEngDatasets\AIGVDBench\videos\Real\Real\videos\VDEJIm93giE_6_0to276.mp4,test,0,real,Real,,Real,Real,1,False
real_00144,0,"[[-0.3526914715766907, 0.4090495705604553], [-0.3552549481391907, 0.4117351472377777], [-0.35477757453918457, 0.41118520498275757], [-0.3535040020942688, 0.40985870361328125], [-0.3529576063156128, 0.4092801511287689], [-0.3539808988571167, 0.41031888127326965]]","[0.681731641292572, 0.6828693747520447, 0.6826468706130981, 0.6820833683013916, 0.6818394064903259, 0.6822865605354309]",genvidbench_common1000,0,,0.6828693747520447,SCxn-lNP3KQ_24_17to216.mp4,F:\MEngDatasets\AIGVDBench\videos\Real\Real\videos\SCxn-lNP3KQ_24_17to216.mp4,test,0,real,Real,,Real,Real,1,False
real_00145,0,"[[-3.594010829925537, 5.148069381713867], [-3.5947561264038086, 5.149011611938477], [-3.5948715209960938, 5.149131774902344], [-3.5951945781707764, 5.149547100067139], [-3.5940024852752686, 5.148098945617676], [-3.594024181365967, 5.148038864135742]]","[0.999840259552002, 0.999840497970581, 0.9998406171798706, 0.9998407363891602, 0.999840259552002, 0.999840259552002]",genvidbench_common1000,0,,0.999840497970581,IX-R6dEYWCs_17_0to517.mp4,F:\MEngDatasets\AIGVDBench\videos\Real\Real\videos\IX-R6dEYWCs_17_0to517.mp4,test,0,real,Real,,Real,Real,1,False
real_00146,0,"[[-3.5254147052764893, 5.218090534210205], [-3.5258147716522217, 5.2186994552612305], [-3.526272773742676, 5.21946382522583], [-3.52644944190979, 5.219699859619141], [-3.526470184326172, 5.219663619995117], [-3.5267913341522217, 5.220195293426514]]","[0.999840497970581, 0.9998406171798706, 0.9998408555984497, 0.9998409748077393, 0.9998409748077393, 0.9998410940170288]",genvidbench_common1000,0,,0.9998406171798706,oSz7b9vRxxg_43_257to492.mp4,F:\MEngDatasets\AIGVDBench\videos\Real\Real\videos\oSz7b9vRxxg_43_257to492.mp4,test,0,real,Real,,Real,Real,1,False
real_00147,0,"[[-6.02973747253418, 7.662768363952637], [-6.030069828033447, 7.663242816925049], [-6.029818058013916, 7.662948131561279], [-6.030140399932861, 7.663299083709717], [-6.029703140258789, 7.66275691986084], [-6.030084609985352, 7.663236618041992]]","[0.999998927116394, 0.999998927116394, 0.999998927116394, 0.999998927116394, 0.999998927116394, 0.999998927116394]",genvidbench_common1000,0,,0.999998927116394,4xSKhrsm3AM_9_170to456.mp4,F:\MEngDatasets\AIGVDBench\videos\Real\Real\videos\4xSKhrsm3AM_9_170to456.mp4,test,0,real,Real,,Real,Real,1,False
real_00148,0,"[[-9.26445484161377, 14.039742469787598], [-9.265851974487305, 14.041698455810547], [-9.266079902648926, 14.041611671447754], [-9.266075134277344, 14.04125690460205], [-9.266044616699219, 14.041223526000977], [-9.266072273254395, 14.041258811950684]]","[1.0, 1.0, 1.0, 1.0, 1.0, 1.0]",genvidbench_common1000,0,,1.0,abWRJCy3IPA_34_0to463.mp4,F:\MEngDatasets\AIGVDBench\videos\Real\Real\videos\abWRJCy3IPA_34_0to463.mp4,test,0,real,Real,,Real,Real,1,False
real_00149,0,"[[-19.569339752197266, 26.608184814453125], [-19.569866180419922, 26.609546661376953], [-19.570438385009766, 26.610118865966797], [-19.572664260864258, 26.613473892211914], [-19.572664260864258, 26.61372947692871], [-19.567556381225586, 26.606035232543945]]","[1.0, 1.0, 1.0, 1.0, 1.0, 1.0]",genvidbench_common1000,0,,1.0,r03AuoH00eM_5_399to542.mp4,F:\MEngDatasets\AIGVDBench\videos\Real\Real\videos\r03AuoH00eM_5_399to542.mp4,test,0,real,Real,,Real,Real,1,False
real_00150,0,"[[-14.005650520324707, 17.80061912536621], [-14.006194114685059, 17.80129623413086], [-14.006322860717773, 17.80145835876465], [-14.00559139251709, 17.80034828186035], [-14.00721263885498, 17.802215576171875], [-14.007624626159668, 17.80280876159668]]","[1.0, 1.0, 1.0, 1.0, 1.0, 1.0]",genvidbench_common1000,0,,1.0,OpamzmJN6Jk_17_0to345.mp4,F:\MEngDatasets\AIGVDBench\videos\Real\Real\videos\OpamzmJN6Jk_17_0to345.mp4,test,0,real,Real,,Real,Real,1,False
real_00151,0,"[[-11.748111724853516, 16.28215980529785], [-11.74769115447998, 16.2816219329834], [-11.747051239013672, 16.2806339263916], [-11.746487617492676, 16.279726028442383], [-11.745489120483398, 16.278078079223633], [-11.745918273925781, 16.279125213623047]]","[1.0, 1.0, 1.0, 1.0, 1.0, 1.0]",genvidbench_common1000,0,,1.0,27BG9R9vrZI_43_0to283.mp4,F:\MEngDatasets\AIGVDBench\videos\Real\Real\videos\27BG9R9vrZI_43_0to283.mp4,test,0,real,Real,,Real,Real,1,False
real_00152,0,"[[-11.2473783493042, 14.862919807434082], [-11.247376441955566, 14.862915992736816], [-11.247376441955566, 14.86291790008545], [-11.247376441955566, 14.8629150390625], [-11.24737548828125, 14.8629150390625], [-11.247376441955566, 14.8629150390625]]","[1.0, 1.0, 1.0, 1.0, 1.0, 1.0]",genvidbench_common1000,0,,1.0,NBELKvAWHsU_37_41to227.mp4,F:\MEngDatasets\AIGVDBench\videos\Real\Real\videos\NBELKvAWHsU_37_41to227.mp4,test,0,real,Real,,Real,Real,1,False
real_00153,0,"[[-9.449479103088379, 12.52397632598877], [-9.451550483703613, 12.526840209960938], [-9.45125961303711, 12.526448249816895], [-9.450024604797363, 12.524742126464844], [-9.451956748962402, 12.527355194091797], [-9.4515380859375, 12.52682876586914]]","[1.0, 1.0, 1.0, 1.0, 1.0, 1.0]",genvidbench_common1000,0,,1.0,IQlOhYM7uY4_4_0to242.mp4,F:\MEngDatasets\AIGVDBench\videos\Real\Real\videos\IQlOhYM7uY4_4_0to242.mp4,test,0,real,Real,,Real,Real,1,False
real_00154,0,"[[-11.064570426940918, 15.47716236114502], [-11.064444541931152, 15.477028846740723], [-11.064469337463379, 15.4772310256958], [-11.064374923706055, 15.477134704589844], [-11.064233779907227, 15.476981163024902], [-11.064116477966309, 15.476776123046875]]","[1.0, 1.0, 1.0, 1.0, 1.0, 1.0]",genvidbench_common1000,0,,1.0,GoKXJNYNtuc_26_0to127.mp4,F:\MEngDatasets\AIGVDBench\videos\Real\Real\videos\GoKXJNYNtuc_26_0to127.mp4,test,0,real,Real,,Real,Real,1,False
real_00155,0,"[[-12.47662353515625, 16.993301391601562], [-12.476520538330078, 16.993059158325195], [-12.476707458496094, 16.993282318115234], [-12.4765625, 16.993173599243164], [-12.476763725280762, 16.993444442749023], [-12.476730346679688, 16.993391036987305]]","[1.0, 1.0, 1.0, 1.0, 1.0, 1.0]",genvidbench_common1000,0,,1.0,-rXf8vEMpFI_16_456to659.mp4,F:\MEngDatasets\AIGVDBench\videos\Real\Real\videos\-rXf8vEMpFI_16_456to659.mp4,test,0,real,Real,,Real,Real,1,False
real_00156,0,"[[6.501850128173828, -9.342446327209473], [6.502000331878662, -9.34254264831543], [6.502305507659912, -9.34274673461914], [6.502486705780029, -9.342877388000488], [6.502325057983398, -9.342768669128418], [6.502260208129883, -9.342721939086914]]","[1.314950566211337e-07, 1.3146258481810946e-07, 1.3139565169240086e-07, 1.3135480969594937e-07, 1.313902657784638e-07, 1.314049313805299e-07]",genvidbench_common1000,0,,1.3146258481810946e-07,JwYPVbnqU-s_8_0to798.mp4,F:\MEngDatasets\AIGVDBench\videos\Real\Real\videos\JwYPVbnqU-s_8_0to798.mp4,test,0,real,Real,,Real,Real,0,True
real_00157,0,"[[3.6342833042144775, -4.594883918762207], [3.634589433670044, -4.595203399658203], [3.634115695953369, -4.594733238220215], [3.634061098098755, -4.594682693481445], [3.633957624435425, -4.5945658683776855], [3.6350209712982178, -4.595643520355225]]","[0.0002666873042471707, 0.0002665205975063145, 0.00026677202549763024, 0.00026680019800551236, 0.00026685898774303496, 0.00026628843625076115]",genvidbench_common1000,0,,0.0002665205975063145,FQDZEktkqvc_35_0to116.mp4,F:\MEngDatasets\AIGVDBench\videos\Real\Real\videos\FQDZEktkqvc_35_0to116.mp4,test,0,real,Real,,Real,Real,0,True
real_00158,0,"[[-8.726301193237305, 12.435821533203125], [-8.726462364196777, 12.43610954284668], [-8.726388931274414, 12.436023712158203], [-8.72582721710205, 12.435078620910645], [-8.72555923461914, 12.434654235839844], [-8.725947380065918, 12.435344696044922]]","[1.0, 1.0, 1.0, 1.0, 1.0, 1.0]",genvidbench_common1000,0,,1.0,1MCMHvAcrZg_26_0to135.mp4,F:\MEngDatasets\AIGVDBench\videos\Real\Real\videos\1MCMHvAcrZg_26_0to135.mp4,test,0,real,Real,,Real,Real,1,False
real_00159,0,"[[-8.047646522521973, 11.513805389404297], [-8.047429084777832, 11.513652801513672], [-8.048881530761719, 11.515334129333496], [-8.049234390258789, 11.515695571899414], [-8.050914764404297, 11.517560958862305], [-8.052041053771973, 11.518851280212402]]","[1.0, 1.0, 1.0, 1.0, 1.0, 1.0]",genvidbench_common1000,0,,1.0,IDUim1Cqloo_7_0to162.mp4,F:\MEngDatasets\AIGVDBench\videos\Real\Real\videos\IDUim1Cqloo_7_0to162.mp4,test,0,real,Real,,Real,Real,1,False
real_00160,0,"[[-11.181465148925781, 17.193174362182617], [-11.180686950683594, 17.192182540893555], [-11.180095672607422, 17.191381454467773], [-11.18021297454834, 17.191627502441406], [-11.180065155029297, 17.19131088256836], [-11.179891586303711, 17.19087791442871]]","[1.0, 1.0, 1.0, 1.0, 1.0, 1.0]",genvidbench_common1000,0,,1.0,v1EPNGKcbJQ_24_19to133.mp4,F:\MEngDatasets\AIGVDBench\videos\Real\Real\videos\v1EPNGKcbJQ_24_19to133.mp4,test,0,real,Real,,Real,Real,1,False
real_00161,0,"[[-14.881678581237793, 20.057668685913086], [-14.881710052490234, 20.057714462280273], [-14.88371753692627, 20.060791015625], [-14.884537696838379, 20.06192970275879], [-14.88487720489502, 20.062299728393555], [-14.884073257446289, 20.061038970947266]]","[1.0, 1.0, 1.0, 1.0, 1.0, 1.0]",genvidbench_common1000,0,,1.0,Q0gOJn0jekU_59_357to589.mp4,F:\MEngDatasets\AIGVDBench\videos\Real\Real\videos\Q0gOJn0jekU_59_357to589.mp4,test,0,real,Real,,Real,Real,1,False
real_00162,0,"[[0.4629198908805847, -0.2771027088165283], [0.4629923105239868, -0.2771080434322357], [0.462604820728302, -0.2764906585216522], [0.4623837471008301, -0.2762535512447357], [0.4617278575897217, -0.27563509345054626], [0.460534930229187, -0.2740932106971741]]","[0.3229992091655731, 0.32298219203948975, 0.323201984167099, 0.3233022093772888, 0.3235810399055481, 0.32417991757392883]",genvidbench_common1000,0,,0.32298219203948975,0qBtDxT6Wow_7_0to123.mp4,F:\MEngDatasets\AIGVDBench\videos\Real\Real\videos\0qBtDxT6Wow_7_0to123.mp4,test,0,real,Real,,Real,Real,0,True
real_00163,0,"[[-13.905570030212402, 16.19234848022461], [-13.907711029052734, 16.195140838623047], [-13.907258987426758, 16.194442749023438], [-13.907719612121582, 16.194974899291992], [-13.906387329101562, 16.19327163696289], [-13.905030250549316, 16.191551208496094]]","[1.0, 1.0, 1.0, 1.0, 1.0, 1.0]",genvidbench_common1000,0,,1.0,gpPbugLgG2Q_19_0to338.mp4,F:\MEngDatasets\AIGVDBench\videos\Real\Real\videos\gpPbugLgG2Q_19_0to338.mp4,test,0,real,Real,,Real,Real,1,False
real_00164,0,"[[-8.386998176574707, 9.951485633850098], [-8.387024879455566, 9.951534271240234], [-8.387165069580078, 9.951728820800781], [-8.3871488571167, 9.951700210571289], [-8.387331008911133, 9.951972961425781], [-8.387330055236816, 9.951908111572266]]","[1.0, 1.0, 1.0, 1.0, 1.0, 1.0]",genvidbench_common1000,0,,1.0,UNDddGy_NZ4_19_0to125.mp4,F:\MEngDatasets\AIGVDBench\videos\Real\Real\videos\UNDddGy_NZ4_19_0to125.mp4,test,0,real,Real,,Real,Real,1,False
real_00165,0,"[[-13.659703254699707, 17.76791763305664], [-13.659686088562012, 17.76788902282715], [-13.659693717956543, 17.767898559570312], [-13.65970516204834, 17.76791000366211], [-13.659590721130371, 17.768056869506836], [-13.65938663482666, 17.767681121826172]]","[1.0, 1.0, 1.0, 1.0, 1.0, 1.0]",genvidbench_common1000,0,,1.0,nuy5PIjuQ6k_95_0to203.mp4,F:\MEngDatasets\AIGVDBench\videos\Real\Real\videos\nuy5PIjuQ6k_95_0to203.mp4,test,0,real,Real,,Real,Real,1,False
real_00166,0,"[[-7.082756996154785, 8.881277084350586], [-7.08231258392334, 8.88066291809082], [-7.082006931304932, 8.880234718322754], [-7.082772731781006, 8.88124942779541], [-7.082146167755127, 8.880372047424316], [-7.082409858703613, 8.8807373046875]]","[0.9999998807907104, 0.9999998807907104, 0.9999998807907104, 0.9999998807907104, 0.9999998807907104, 0.9999998807907104]",genvidbench_common1000,0,,0.9999998807907104,jQ-ljwdpAEE_18_0to718.mp4,F:\MEngDatasets\AIGVDBench\videos\Real\Real\videos\jQ-ljwdpAEE_18_0to718.mp4,test,0,real,Real,,Real,Real,1,False
real_00167,0,"[[7.155269622802734, -7.8576979637146], [7.155438423156738, -7.8577399253845215], [7.155272960662842, -7.857685089111328], [7.1553874015808105, -7.857746601104736], [7.15523099899292, -7.857647895812988], [7.15535831451416, -7.857726097106934]]","[3.019608527665696e-07, 3.0189752919795865e-07, 3.0196372335922206e-07, 3.019107737145532e-07, 3.0198793865565676e-07, 3.019257235337136e-07]",genvidbench_common1000,0,,3.0189752919795865e-07,NWYRv_MKaA8_10_24to132.mp4,F:\MEngDatasets\AIGVDBench\videos\Real\Real\videos\NWYRv_MKaA8_10_24to132.mp4,test,0,real,Real,,Real,Real,0,True
real_00168,0,"[[-10.968254089355469, 14.683656692504883], [-10.967497825622559, 14.682941436767578], [-10.969482421875, 14.685523986816406], [-10.970381736755371, 14.687122344970703], [-10.970039367675781, 14.686741828918457], [-10.969910621643066, 14.686497688293457]]","[1.0, 1.0, 1.0, 1.0, 1.0, 1.0]",genvidbench_common1000,0,,1.0,ABp98mmiX8g_24_0to185.mp4,F:\MEngDatasets\AIGVDBench\videos\Real\Real\videos\ABp98mmiX8g_24_0to185.mp4,test,0,real,Real,,Real,Real,1,False
real_00169,0,"[[-8.31544017791748, 9.707503318786621], [-8.315750122070312, 9.707880973815918], [-8.316048622131348, 9.708290100097656], [-8.315250396728516, 9.707268714904785], [-8.315632820129395, 9.70776653289795], [-8.315398216247559, 9.707459449768066]]","[1.0, 1.0, 1.0, 1.0, 1.0, 1.0]",genvidbench_common1000,0,,1.0,Z92LMTR0fhw_27_0to371.mp4,F:\MEngDatasets\AIGVDBench\videos\Real\Real\videos\Z92LMTR0fhw_27_0to371.mp4,test,0,real,Real,,Real,Real,1,False
real_00170,0,"[[-4.318044662475586, 6.125817775726318], [-4.31813383102417, 6.125933647155762], [-4.317833423614502, 6.125558853149414], [-4.317556858062744, 6.125210762023926], [-4.317936897277832, 6.125676155090332], [-4.317223072052002, 6.1247711181640625]]","[0.9999709129333496, 0.9999709129333496, 0.9999709129333496, 0.9999707937240601, 0.9999709129333496, 0.9999707937240601]",genvidbench_common1000,0,,0.9999709129333496,wnPqGM9wqWg_10_0to172.mp4,F:\MEngDatasets\AIGVDBench\videos\Real\Real\videos\wnPqGM9wqWg_10_0to172.mp4,test,0,real,Real,,Real,Real,1,False
real_00171,0,"[[-9.140591621398926, 11.532814025878906], [-9.140612602233887, 11.532843589782715], [-9.140645980834961, 11.532880783081055], [-9.140583992004395, 11.532805442810059], [-9.14057445526123, 11.532793998718262], [-9.1405029296875, 11.532708168029785]]","[1.0, 1.0, 1.0, 1.0, 1.0, 1.0]",genvidbench_common1000,0,,1.0,KR62f4KtLdo_40_0to371.mp4,F:\MEngDatasets\AIGVDBench\videos\Real\Real\videos\KR62f4KtLdo_40_0to371.mp4,test,0,real,Real,,Real,Real,1,False
real_00172,0,"[[-9.769275665283203, 13.777304649353027], [-9.769281387329102, 13.777305603027344], [-9.769271850585938, 13.777262687683105], [-9.769245147705078, 13.777253150939941], [-9.769197463989258, 13.777114868164062], [-9.769238471984863, 13.777159690856934]]","[1.0, 1.0, 1.0, 1.0, 1.0, 1.0]",genvidbench_common1000,0,,1.0,RNFbU-LRIgg_13_0to134.mp4,F:\MEngDatasets\AIGVDBench\videos\Real\Real\videos\RNFbU-LRIgg_13_0to134.mp4,test,0,real,Real,,Real,Real,1,False
real_00173,0,"[[-10.412154197692871, 12.300070762634277], [-10.41268539428711, 12.300806999206543], [-10.412363052368164, 12.300345420837402], [-10.412229537963867, 12.300179481506348], [-10.412388801574707, 12.30040454864502], [-10.41231632232666, 12.300301551818848]]","[1.0, 1.0, 1.0, 1.0, 1.0, 1.0]",genvidbench_common1000,0,,1.0,qwQDOBqaXrU_60_54to254.mp4,F:\MEngDatasets\AIGVDBench\videos\Real\Real\videos\qwQDOBqaXrU_60_54to254.mp4,test,0,real,Real,,Real,Real,1,False
real_00174,0,"[[-12.769009590148926, 19.15948486328125], [-12.768738746643066, 19.158857345581055], [-12.768311500549316, 19.157835006713867], [-12.769417762756348, 19.16010093688965], [-12.769585609436035, 19.16057586669922], [-12.769060134887695, 19.15959930419922]]","[1.0, 1.0, 1.0, 1.0, 1.0, 1.0]",genvidbench_common1000,0,,1.0,3sN2lrkabII_75_0to194.mp4,F:\MEngDatasets\AIGVDBench\videos\Real\Real\videos\3sN2lrkabII_75_0to194.mp4,test,0,real,Real,,Real,Real,1,False
real_00175,0,"[[-14.002067565917969, 19.758159637451172], [-14.001886367797852, 19.758174896240234], [-14.0020112991333, 19.7579345703125], [-14.00217342376709, 19.758493423461914], [-14.001612663269043, 19.757678985595703], [-14.002365112304688, 19.758554458618164]]","[1.0, 1.0, 1.0, 1.0, 1.0, 1.0]",genvidbench_common1000,0,,1.0,5wWRP-YvHOo_18_99to221.mp4,F:\MEngDatasets\AIGVDBench\videos\Real\Real\videos\5wWRP-YvHOo_18_99to221.mp4,test,0,real,Real,,Real,Real,1,False
real_00176,0,"[[-8.524503707885742, 10.168383598327637], [-8.524673461914062, 10.168704986572266], [-8.524584770202637, 10.168540000915527], [-8.524626731872559, 10.168597221374512], [-8.524871826171875, 10.169049263000488], [-8.524831771850586, 10.16913890838623]]","[1.0, 1.0, 1.0, 1.0, 1.0, 1.0]",genvidbench_common1000,0,,1.0,X1lI_SIFsBI_12_87to238.mp4,F:\MEngDatasets\AIGVDBench\videos\Real\Real\videos\X1lI_SIFsBI_12_87to238.mp4,test,0,real,Real,,Real,Real,1,False
real_00177,0,"[[-7.9176411628723145, 9.860462188720703], [-7.9214558601379395, 9.865015029907227], [-7.9208245277404785, 9.864151000976562], [-7.9166579246521, 9.859396934509277], [-7.918939113616943, 9.862149238586426], [-7.915876388549805, 9.858473777770996]]","[1.0, 1.0, 1.0, 1.0, 1.0, 1.0]",genvidbench_common1000,0,,1.0,GOTo1I2YK4o_22_0to124.mp4,F:\MEngDatasets\AIGVDBench\videos\Real\Real\videos\GOTo1I2YK4o_22_0to124.mp4,test,0,real,Real,,Real,Real,1,False
real_00178,0,"[[-10.739752769470215, 15.109781265258789], [-10.739714622497559, 15.109758377075195], [-10.739809036254883, 15.109539985656738], [-10.73965072631836, 15.109528541564941], [-10.740067481994629, 15.110346794128418], [-10.740433692932129, 15.110947608947754]]","[1.0, 1.0, 1.0, 1.0, 1.0, 1.0]",genvidbench_common1000,0,,1.0,a2cOE_CBbX4_37_0to138.mp4,F:\MEngDatasets\AIGVDBench\videos\Real\Real\videos\a2cOE_CBbX4_37_0to138.mp4,test,0,real,Real,,Real,Real,1,False
real_00179,0,"[[-6.955218315124512, 7.233650207519531], [-6.95526647567749, 7.23369836807251], [-6.9552321434021, 7.233656883239746], [-6.95513916015625, 7.233535289764404], [-6.954954624176025, 7.233260154724121], [-6.954937934875488, 7.233237266540527]]","[0.9999992847442627, 0.9999992847442627, 0.9999992847442627, 0.9999992847442627, 0.9999992847442627, 0.9999992847442627]",genvidbench_common1000,0,,0.9999992847442627,Xp7Xpe5K4fw_143_0to138.mp4,F:\MEngDatasets\AIGVDBench\videos\Real\Real\videos\Xp7Xpe5K4fw_143_0to138.mp4,test,0,real,Real,,Real,Real,1,False
real_00180,0,"[[-8.436727523803711, 11.5374755859375], [-8.436643600463867, 11.5372896194458], [-8.435837745666504, 11.536165237426758], [-8.438155174255371, 11.53921890258789], [-8.438892364501953, 11.54017448425293], [-8.43563175201416, 11.53606128692627]]","[1.0, 1.0, 1.0, 1.0, 1.0, 1.0]",genvidbench_common1000,0,,1.0,JiMnA1Jos38_54_426to551.mp4,F:\MEngDatasets\AIGVDBench\videos\Real\Real\videos\JiMnA1Jos38_54_426to551.mp4,test,0,real,Real,,Real,Real,1,False
real_00181,0,"[[-8.525626182556152, 11.911275863647461], [-8.525300025939941, 11.910811424255371], [-8.525300025939941, 11.910825729370117], [-8.525429725646973, 11.910992622375488], [-8.524649620056152, 11.910027503967285], [-8.524619102478027, 11.909956932067871]]","[1.0, 1.0, 1.0, 1.0, 1.0, 1.0]",genvidbench_common1000,0,,1.0,8E_EqVsYfKk_13_28to160.mp4,F:\MEngDatasets\AIGVDBench\videos\Real\Real\videos\8E_EqVsYfKk_13_28to160.mp4,test,0,real,Real,,Real,Real,1,False
real_00182,0,"[[-0.007293812930583954, 0.06835979968309402], [-0.007045190781354904, 0.06805848330259323], [-0.007095701992511749, 0.06812157481908798], [-0.007641911506652832, 0.06879139691591263], [-0.007483579218387604, 0.06861704587936401], [-0.007976170629262924, 0.06920656561851501]]","[0.5189043879508972, 0.5187670588493347, 0.5187954306602478, 0.5190989971160889, 0.5190159678459167, 0.5192860960960388]",genvidbench_common1000,0,,0.5187670588493347,cVXOomRcwbc_23_0to706.mp4,F:\MEngDatasets\AIGVDBench\videos\Real\Real\videos\cVXOomRcwbc_23_0to706.mp4,test,0,real,Real,,Real,Real,1,False
real_00183,0,"[[-5.7657151222229, 9.362359046936035], [-5.7657551765441895, 9.362417221069336], [-5.76577615737915, 9.362430572509766], [-5.765769958496094, 9.36244010925293], [-5.765546798706055, 9.361981391906738], [-5.765442848205566, 9.361818313598633]]","[0.9999997615814209, 0.9999997615814209, 0.9999997615814209, 0.9999997615814209, 0.9999997615814209, 0.9999997615814209]",genvidbench_common1000,0,,0.9999997615814209,3ZMZsIn4B_U_2_0to109.mp4,F:\MEngDatasets\AIGVDBench\videos\Real\Real\videos\3ZMZsIn4B_U_2_0to109.mp4,test,0,real,Real,,Real,Real,1,False
real_00184,0,"[[-9.817627906799316, 12.404031753540039], [-9.81755542755127, 12.40400218963623], [-9.81842041015625, 12.405345916748047], [-9.818115234375, 12.404733657836914], [-9.817001342773438, 12.402995109558105], [-9.816922187805176, 12.402843475341797]]","[1.0, 1.0, 1.0, 1.0, 1.0, 1.0]",genvidbench_common1000,0,,1.0,s9R1LAyD1Xc_37_0to323.mp4,F:\MEngDatasets\AIGVDBench\videos\Real\Real\videos\s9R1LAyD1Xc_37_0to323.mp4,test,0,real,Real,,Real,Real,1,False
real_00185,0,"[[-10.889317512512207, 15.720070838928223], [-10.88931655883789, 15.72006893157959], [-10.889320373535156, 15.720077514648438], [-10.88931941986084, 15.720074653625488], [-10.889310836791992, 15.720022201538086], [-10.889313697814941, 15.720032691955566]]","[1.0, 1.0, 1.0, 1.0, 1.0, 1.0]",genvidbench_common1000,0,,1.0,gecJ4L9Iz0Q_19_0to110.mp4,F:\MEngDatasets\AIGVDBench\videos\Real\Real\videos\gecJ4L9Iz0Q_19_0to110.mp4,test,0,real,Real,,Real,Real,1,False
real_00186,0,"[[-8.452228546142578, 11.84686279296875], [-8.452764511108398, 11.849098205566406], [-8.452853202819824, 11.84937572479248], [-8.451913833618164, 11.847646713256836], [-8.45310115814209, 11.850021362304688], [-8.453383445739746, 11.850553512573242]]","[1.0, 1.0, 1.0, 1.0, 1.0, 1.0]",genvidbench_common1000,0,,1.0,8h2VzhXzW78_8_0to136.mp4,F:\MEngDatasets\AIGVDBench\videos\Real\Real\videos\8h2VzhXzW78_8_0to136.mp4,test,0,real,Real,,Real,Real,1,False
real_00187,0,"[[-14.903070449829102, 19.008277893066406], [-14.90184497833252, 19.006568908691406], [-14.898856163024902, 19.002355575561523], [-14.898777961730957, 19.002174377441406], [-14.900723457336426, 19.005006790161133], [-14.899959564208984, 19.003904342651367]]","[1.0, 1.0, 1.0, 1.0, 1.0, 1.0]",genvidbench_common1000,0,,1.0,_jybBErIEz0_0_0to158.mp4,F:\MEngDatasets\AIGVDBench\videos\Real\Real\videos\_jybBErIEz0_0_0to158.mp4,test,0,real,Real,,Real,Real,1,False
real_00188,0,"[[-6.817568302154541, 8.170770645141602], [-6.817854881286621, 8.171224594116211], [-6.8176960945129395, 8.170982360839844], [-6.818207263946533, 8.171700477600098], [-6.81936502456665, 8.173349380493164], [-6.819665431976318, 8.173731803894043]]","[0.9999996423721313, 0.9999996423721313, 0.9999996423721313, 0.9999996423721313, 0.9999996423721313, 0.9999996423721313]",genvidbench_common1000,0,,0.9999996423721313,nfn4QVJ7d24_12_49to303.mp4,F:\MEngDatasets\AIGVDBench\videos\Real\Real\videos\nfn4QVJ7d24_12_49to303.mp4,test,0,real,Real,,Real,Real,1,False
real_00189,0,"[[-9.441839218139648, 13.791278839111328], [-9.441361427307129, 13.790478706359863], [-9.442280769348145, 13.791764259338379], [-9.442059516906738, 13.791269302368164], [-9.44173526763916, 13.790996551513672], [-9.441421508789062, 13.79050064086914]]","[1.0, 1.0, 1.0, 1.0, 1.0, 1.0]",genvidbench_common1000,0,,1.0,59rVyli9rss_31_101to216.mp4,F:\MEngDatasets\AIGVDBench\videos\Real\Real\videos\59rVyli9rss_31_101to216.mp4,test,0,real,Real,,Real,Real,1,False
real_00190,0,"[[-6.965076923370361, 8.254451751708984], [-6.965089321136475, 8.25444221496582], [-6.96504545211792, 8.254396438598633], [-6.965030193328857, 8.254368782043457], [-6.965173721313477, 8.254528045654297], [-6.9649481773376465, 8.254250526428223]]","[0.9999997615814209, 0.9999997615814209, 0.9999997615814209, 0.9999997615814209, 0.9999997615814209, 0.9999997615814209]",genvidbench_common1000,0,,0.9999997615814209,9aMid-fqDDI_15_0to201.mp4,F:\MEngDatasets\AIGVDBench\videos\Real\Real\videos\9aMid-fqDDI_15_0to201.mp4,test,0,real,Real,,Real,Real,1,False
real_00191,0,"[[-3.2956557273864746, 3.930000066757202], [-3.295367956161499, 3.929673671722412], [-3.2958147525787354, 3.930189371109009], [-3.296421527862549, 3.930886745452881], [-3.2986605167388916, 3.933568239212036], [-3.2973649501800537, 3.9320614337921143]]","[0.999272882938385, 0.9992724061012268, 0.9992731213569641, 0.9992740750312805, 0.999277651309967, 0.9992756247520447]",genvidbench_common1000,0,,0.9992724061012268,AVyiv6eJWq0_11_0to104.mp4,F:\MEngDatasets\AIGVDBench\videos\Real\Real\videos\AVyiv6eJWq0_11_0to104.mp4,test,0,real,Real,,Real,Real,1,False
real_00192,0,"[[-1.3827511072158813, 2.824239730834961], [-1.3829567432403564, 2.824472427368164], [-1.3830121755599976, 2.824533224105835], [-1.3830294609069824, 2.824559211730957], [-1.3830196857452393, 2.8245468139648438], [-1.3830509185791016, 2.824585199356079]]","[0.9853273630142212, 0.9853336811065674, 0.9853354692459106, 0.9853360056877136, 0.9853357076644897, 0.9853367209434509]",genvidbench_common1000,0,,0.9853336811065674,a743JFvmp9k_2_26to157.mp4,F:\MEngDatasets\AIGVDBench\videos\Real\Real\videos\a743JFvmp9k_2_26to157.mp4,test,0,real,Real,,Real,Real,1,False
real_00193,0,"[[-3.870924472808838, 4.797464847564697], [-3.8707902431488037, 4.797287464141846], [-3.8705806732177734, 4.797013282775879], [-3.8698627948760986, 4.796152591705322], [-3.8705389499664307, 4.796968936920166], [-3.872161626815796, 4.798894882202148]]","[0.9998281002044678, 0.9998279809951782, 0.9998279809951782, 0.9998276233673096, 0.9998278617858887, 0.999828577041626]",genvidbench_common1000,0,,0.9998279809951782,vO3lAoKlsxY_43_0to200.mp4,F:\MEngDatasets\AIGVDBench\videos\Real\Real\videos\vO3lAoKlsxY_43_0to200.mp4,test,0,real,Real,,Real,Real,1,False
real_00194,0,"[[-8.6698579788208, 10.910652160644531], [-8.669853210449219, 10.910639762878418], [-8.66985034942627, 10.910611152648926], [-8.669622421264648, 10.910174369812012], [-8.669825553894043, 10.910481452941895], [-8.670029640197754, 10.910846710205078]]","[1.0, 1.0, 1.0, 1.0, 1.0, 1.0]",genvidbench_common1000,0,,1.0,cWn5vARbHB0_28_46to166.mp4,F:\MEngDatasets\AIGVDBench\videos\Real\Real\videos\cWn5vARbHB0_28_46to166.mp4,test,0,real,Real,,Real,Real,1,False
real_00195,0,"[[-7.894026756286621, 11.806600570678711], [-7.891858100891113, 11.803549766540527], [-7.891590118408203, 11.803105354309082], [-7.892408847808838, 11.804522514343262], [-7.892305850982666, 11.804341316223145], [-7.892960071563721, 11.805282592773438]]","[1.0, 1.0, 1.0, 1.0, 1.0, 1.0]",genvidbench_common1000,0,,1.0,jty7y2KedUE_23_0to259.mp4,F:\MEngDatasets\AIGVDBench\videos\Real\Real\videos\jty7y2KedUE_23_0to259.mp4,test,0,real,Real,,Real,Real,1,False
real_00196,0,"[[-8.406100273132324, 10.755803108215332], [-8.40351676940918, 10.752577781677246], [-8.406476020812988, 10.75640869140625], [-8.40292739868164, 10.752041816711426], [-8.403918266296387, 10.753218650817871], [-8.404031753540039, 10.753317832946777]]","[1.0, 1.0, 1.0, 1.0, 1.0, 1.0]",genvidbench_common1000,0,,1.0,hU-KE7VvDfM_21_67to381.mp4,F:\MEngDatasets\AIGVDBench\videos\Real\Real\videos\hU-KE7VvDfM_21_67to381.mp4,test,0,real,Real,,Real,Real,1,False
real_00197,0,"[[-17.695775985717773, 24.070640563964844], [-17.69662094116211, 24.071849822998047], [-17.697364807128906, 24.073287963867188], [-17.697240829467773, 24.0731258392334], [-17.695199966430664, 24.06975746154785], [-17.695053100585938, 24.06964874267578]]","[1.0, 1.0, 1.0, 1.0, 1.0, 1.0]",genvidbench_common1000,0,,1.0,p8ib7bXxYwc_4_655to814.mp4,F:\MEngDatasets\AIGVDBench\videos\Real\Real\videos\p8ib7bXxYwc_4_655to814.mp4,test,0,real,Real,,Real,Real,1,False
real_00198,0,"[[-9.404895782470703, 13.709226608276367], [-9.404778480529785, 13.709190368652344], [-9.404690742492676, 13.708945274353027], [-9.40511703491211, 13.709766387939453], [-9.405205726623535, 13.70992374420166], [-9.405226707458496, 13.709991455078125]]","[1.0, 1.0, 1.0, 1.0, 1.0, 1.0]",genvidbench_common1000,0,,1.0,VtXuGg0Qkro_82_0to197.mp4,F:\MEngDatasets\AIGVDBench\videos\Real\Real\videos\VtXuGg0Qkro_82_0to197.mp4,test,0,real,Real,,Real,Real,1,False
real_00199,0,"[[-7.624887943267822, 10.403193473815918], [-7.625332355499268, 10.403681755065918], [-7.6248345375061035, 10.40306568145752], [-7.625749588012695, 10.404175758361816], [-7.624673366546631, 10.40271282196045], [-7.624472141265869, 10.402398109436035]]","[1.0, 1.0, 1.0, 1.0, 1.0, 1.0]",genvidbench_common1000,0,,1.0,8nieamUmSEA_256_0to102.mp4,F:\MEngDatasets\AIGVDBench\videos\Real\Real\videos\8nieamUmSEA_256_0to102.mp4,test,0,real,Real,,Real,Real,1,False
real_00200,0,"[[-19.507347106933594, 24.683040618896484], [-19.509296417236328, 24.68584442138672], [-19.508846282958984, 24.684770584106445], [-19.50821304321289, 24.68446922302246], [-19.508270263671875, 24.684282302856445], [-19.50739288330078, 24.683582305908203]]","[1.0, 1.0, 1.0, 1.0, 1.0, 1.0]",genvidbench_common1000,0,,1.0,axKP6KBH49c_4_0to185.mp4,F:\MEngDatasets\AIGVDBench\videos\Real\Real\videos\axKP6KBH49c_4_0to185.mp4,test,0,real,Real,,Real,Real,1,False
real_00201,0,"[[-8.587995529174805, 12.613433837890625], [-8.587885856628418, 12.613297462463379], [-8.587702751159668, 12.612881660461426], [-8.587615966796875, 12.612747192382812], [-8.587411880493164, 12.612750053405762], [-8.587392807006836, 12.6127290725708]]","[1.0, 1.0, 1.0, 1.0, 1.0, 1.0]",genvidbench_common1000,0,,1.0,iWdkJPc7TV8_24_0to115.mp4,F:\MEngDatasets\AIGVDBench\videos\Real\Real\videos\iWdkJPc7TV8_24_0to115.mp4,test,0,real,Real,,Real,Real,1,False
real_00202,0,"[[-12.370926856994629, 18.01814079284668], [-12.371724128723145, 18.019681930541992], [-12.371874809265137, 18.019922256469727], [-12.371797561645508, 18.019933700561523], [-12.371611595153809, 18.019493103027344], [-12.371012687683105, 18.018959045410156]]","[1.0, 1.0, 1.0, 1.0, 1.0, 1.0]",genvidbench_common1000,0,,1.0,o2LQGDTAF0A_25_0to126.mp4,F:\MEngDatasets\AIGVDBench\videos\Real\Real\videos\o2LQGDTAF0A_25_0to126.mp4,test,0,real,Real,,Real,Real,1,False
real_00203,0,"[[-15.316925048828125, 21.013181686401367], [-15.315998077392578, 21.01202392578125], [-15.316868782043457, 21.013574600219727], [-15.31680965423584, 21.013338088989258], [-15.31739330291748, 21.01395606994629], [-15.31716537475586, 21.01355743408203]]","[1.0, 1.0, 1.0, 1.0, 1.0, 1.0]",genvidbench_common1000,0,,1.0,33aJsPSvRSk_56_74to478.mp4,F:\MEngDatasets\AIGVDBench\videos\Real\Real\videos\33aJsPSvRSk_56_74to478.mp4,test,0,real,Real,,Real,Real,1,False
real_00204,0,"[[-6.041987419128418, 8.76625919342041], [-6.042048931121826, 8.766243934631348], [-6.042250156402588, 8.766634941101074], [-6.042182922363281, 8.766522407531738], [-6.042171955108643, 8.766539573669434], [-6.042092800140381, 8.76636791229248]]","[0.9999996423721313, 0.9999996423721313, 0.9999996423721313, 0.9999996423721313, 0.9999996423721313, 0.9999996423721313]",genvidbench_common1000,0,,0.9999996423721313,0K-NUNgaM6Y_35_0to253.mp4,F:\MEngDatasets\AIGVDBench\videos\Real\Real\videos\0K-NUNgaM6Y_35_0to253.mp4,test,0,real,Real,,Real,Real,1,False
real_00205,0,"[[-4.674746990203857, 5.380255699157715], [-4.673990249633789, 5.379282474517822], [-4.674010276794434, 5.379266262054443], [-4.672938346862793, 5.377886772155762], [-4.672623634338379, 5.377506732940674], [-4.673001766204834, 5.37798547744751]]","[0.9999570846557617, 0.9999569654464722, 0.9999569654464722, 0.9999568462371826, 0.9999568462371826, 0.9999568462371826]",genvidbench_common1000,0,,0.9999569654464722,15jukZlAd-A_31_36to137.mp4,F:\MEngDatasets\AIGVDBench\videos\Real\Real\videos\15jukZlAd-A_31_36to137.mp4,test,0,real,Real,,Real,Real,1,False
real_00206,0,"[[-13.283300399780273, 17.93907356262207], [-13.283567428588867, 17.939470291137695], [-13.283907890319824, 17.940088272094727], [-13.283509254455566, 17.939237594604492], [-13.283574104309082, 17.939443588256836], [-13.284201622009277, 17.940711975097656]]","[1.0, 1.0, 1.0, 1.0, 1.0, 1.0]",genvidbench_common1000,0,,1.0,jcfvZocnrV8_29_55to259.mp4,F:\MEngDatasets\AIGVDBench\videos\Real\Real\videos\jcfvZocnrV8_29_55to259.mp4,test,0,real,Real,,Real,Real,1,False
real_00207,0,"[[-6.693033695220947, 8.381864547729492], [-6.693066120147705, 8.382017135620117], [-6.6934685707092285, 8.382548332214355], [-6.692998886108398, 8.38184642791748], [-6.692958831787109, 8.38190746307373], [-6.692783832550049, 8.381587028503418]]","[0.9999997615814209, 0.9999997615814209, 0.9999997615814209, 0.9999997615814209, 0.9999997615814209, 0.9999997615814209]",genvidbench_common1000,0,,0.9999997615814209,lePRQNJP0BU_29_0to1128.mp4,F:\MEngDatasets\AIGVDBench\videos\Real\Real\videos\lePRQNJP0BU_29_0to1128.mp4,test,0,real,Real,,Real,Real,1,False
real_00208,0,"[[-0.32317692041397095, 0.48513567447662354], [-0.324127197265625, 0.4862014055252075], [-0.32317227125167847, 0.4851387143135071], [-0.32306504249572754, 0.48502713441848755], [-0.3221919536590576, 0.48406627774238586], [-0.32312631607055664, 0.48508310317993164]]","[0.6917498111724854, 0.6921795010566711, 0.6917494535446167, 0.6917028427124023, 0.6913115382194519, 0.6917278170585632]",genvidbench_common1000,0,,0.6921795010566711,RlUIPfb_a7Y_2_0to1223.mp4,F:\MEngDatasets\AIGVDBench\videos\Real\Real\videos\RlUIPfb_a7Y_2_0to1223.mp4,test,0,real,Real,,Real,Real,1,False
real_00209,0,"[[-12.707148551940918, 15.3365478515625], [-12.706720352172852, 15.335732460021973], [-12.706412315368652, 15.335335731506348], [-12.707255363464355, 15.336701393127441], [-12.706778526306152, 15.335919380187988], [-12.7066011428833, 15.335769653320312]]","[1.0, 1.0, 1.0, 1.0, 1.0, 1.0]",genvidbench_common1000,0,,1.0,jet4_Hc5j8I_13_0to109.mp4,F:\MEngDatasets\AIGVDBench\videos\Real\Real\videos\jet4_Hc5j8I_13_0to109.mp4,test,0,real,Real,,Real,Real,1,False
real_00210,0,"[[-8.739120483398438, 13.063210487365723], [-8.739383697509766, 13.063830375671387], [-8.739278793334961, 13.063668251037598], [-8.739407539367676, 13.063849449157715], [-8.738872528076172, 13.06232738494873], [-8.738421440124512, 13.061173439025879]]","[1.0, 1.0, 1.0, 1.0, 1.0, 1.0]",genvidbench_common1000,0,,1.0,EFaSEk3e5f4_46_19to358.mp4,F:\MEngDatasets\AIGVDBench\videos\Real\Real\videos\EFaSEk3e5f4_46_19to358.mp4,test,0,real,Real,,Real,Real,1,False
real_00211,0,"[[-6.48248815536499, 8.268845558166504], [-6.4834818840026855, 8.270140647888184], [-6.483376979827881, 8.269902229309082], [-6.483242511749268, 8.269787788391113], [-6.483232021331787, 8.26978588104248], [-6.482595443725586, 8.2689790725708]]","[0.9999996423721313, 0.9999996423721313, 0.9999996423721313, 0.9999996423721313, 0.9999996423721313, 0.9999996423721313]",genvidbench_common1000,0,,0.9999996423721313,tdeP8cJicXA_14_0to136.mp4,F:\MEngDatasets\AIGVDBench\videos\Real\Real\videos\tdeP8cJicXA_14_0to136.mp4,test,0,real,Real,,Real,Real,1,False
real_00212,0,"[[-13.455451011657715, 17.25540542602539], [-13.455694198608398, 17.255796432495117], [-13.455137252807617, 17.254968643188477], [-13.455446243286133, 17.25545883178711], [-13.454981803894043, 17.254375457763672], [-13.454875946044922, 17.253807067871094]]","[1.0, 1.0, 1.0, 1.0, 1.0, 1.0]",genvidbench_common1000,0,,1.0,R-cKZCZctnM_21_411to660.mp4,F:\MEngDatasets\AIGVDBench\videos\Real\Real\videos\R-cKZCZctnM_21_411to660.mp4,test,0,real,Real,,Real,Real,1,False
real_00213,0,"[[-7.671061038970947, 11.490784645080566], [-7.670682430267334, 11.490220069885254], [-7.670466899871826, 11.48996353149414], [-7.6703386306762695, 11.489895820617676], [-7.671107769012451, 11.490761756896973], [-7.671838760375977, 11.4917631149292]]","[1.0, 1.0, 1.0, 1.0, 1.0, 1.0]",genvidbench_common1000,0,,1.0,Avh9ayHAH_U_3_17to131.mp4,F:\MEngDatasets\AIGVDBench\videos\Real\Real\videos\Avh9ayHAH_U_3_17to131.mp4,test,0,real,Real,,Real,Real,1,False
real_00214,0,"[-9.995342254638672, 12.406195640563965]",1.0,genvidbench_common1000,0,,1.0,zGeGtUCzNZU_1_58to390.mp4,F:\MEngDatasets\AIGVDBench\videos\Real\Real\videos\zGeGtUCzNZU_1_58to390.mp4,test,0,real,Real,,Real,Real,1,False
real_00215,0,"[[-19.631959915161133, 24.968278884887695], [-19.632455825805664, 24.969106674194336], [-19.632648468017578, 24.96927261352539], [-19.632518768310547, 24.969194412231445], [-19.632225036621094, 24.96879768371582], [-19.632043838500977, 24.96843910217285]]","[1.0, 1.0, 1.0, 1.0, 1.0, 1.0]",genvidbench_common1000,0,,1.0,xPcAfdYCj5k_136_0to424.mp4,F:\MEngDatasets\AIGVDBench\videos\Real\Real\videos\xPcAfdYCj5k_136_0to424.mp4,test,0,real,Real,,Real,Real,1,False
real_00216,0,"[[-9.411952018737793, 13.590789794921875], [-9.413158416748047, 13.592845916748047], [-9.413196563720703, 13.592934608459473], [-9.411632537841797, 13.590176582336426], [-9.411240577697754, 13.589652061462402], [-9.411728858947754, 13.58971118927002]]","[1.0, 1.0, 1.0, 1.0, 1.0, 1.0]",genvidbench_common1000,0,,1.0,trqDnLNRuSc_17_17to156.mp4,F:\MEngDatasets\AIGVDBench\videos\Real\Real\videos\trqDnLNRuSc_17_17to156.mp4,test,0,real,Real,,Real,Real,1,False
real_00217,0,"[[-6.382485866546631, 8.356965065002441], [-6.382368564605713, 8.356839179992676], [-6.382780075073242, 8.357394218444824], [-6.383370399475098, 8.358169555664062], [-6.3834547996521, 8.358295440673828], [-6.383296489715576, 8.358076095581055]]","[0.9999996423721313, 0.9999996423721313, 0.9999996423721313, 0.9999996423721313, 0.9999996423721313, 0.9999996423721313]",genvidbench_common1000,0,,0.9999996423721313,HMMCE4hivA4_56_102to217.mp4,F:\MEngDatasets\AIGVDBench\videos\Real\Real\videos\HMMCE4hivA4_56_102to217.mp4,test,0,real,Real,,Real,Real,1,False
real_00218,0,"[[-10.36939811706543, 13.167349815368652], [-10.369382858276367, 13.167409896850586], [-10.370678901672363, 13.168987274169922], [-10.371516227722168, 13.170430183410645], [-10.37267017364502, 13.17219066619873], [-10.372764587402344, 13.172247886657715]]","[1.0, 1.0, 1.0, 1.0, 1.0, 1.0]",genvidbench_common1000,0,,1.0,j57D2cpkKI0_8_24to215.mp4,F:\MEngDatasets\AIGVDBench\videos\Real\Real\videos\j57D2cpkKI0_8_24to215.mp4,test,0,real,Real,,Real,Real,1,False
real_00219,0,"[[7.4997358322143555, -8.31513500213623], [7.499051570892334, -8.314558982849121], [7.499268531799316, -8.314736366271973], [7.499701976776123, -8.315095901489258], [7.499812602996826, -8.315196990966797], [7.499695777893066, -8.315099716186523]]","[1.354218710503119e-07, 1.3559271394569805e-07, 1.355391958668406e-07, 1.354316907509201e-07, 1.3540302745695953e-07, 1.354320744439974e-07]",genvidbench_common1000,0,,1.3559271394569805e-07,oACmLZHF-qA_3_0to113.mp4,F:\MEngDatasets\AIGVDBench\videos\Real\Real\videos\oACmLZHF-qA_3_0to113.mp4,test,0,real,Real,,Real,Real,0,True
real_00220,0,"[[-4.304300785064697, 5.313398838043213], [-4.303921699523926, 5.312840938568115], [-4.304205894470215, 5.313221454620361], [-4.303836345672607, 5.312684059143066], [-4.304319381713867, 5.313369274139404], [-4.3045196533203125, 5.313658237457275]]","[0.9999334812164307, 0.9999333620071411, 0.9999334812164307, 0.9999333620071411, 0.9999334812164307, 0.9999334812164307]",genvidbench_common1000,0,,0.9999333620071411,AZPjrvFAbww_29_0to106.mp4,F:\MEngDatasets\AIGVDBench\videos\Real\Real\videos\AZPjrvFAbww_29_0to106.mp4,test,0,real,Real,,Real,Real,1,False
real_00221,0,"[[0.8259815573692322, -0.5843454599380493], [0.8258445858955383, -0.5840712189674377], [0.8255304098129272, -0.5836271047592163], [0.8253458738327026, -0.5833641886711121], [0.823917031288147, -0.5815627574920654], [0.8237706422805786, -0.581415593624115]]","[0.1961824893951416, 0.19624733924865723, 0.19636698067188263, 0.19643759727478027, 0.19694799184799194, 0.19699442386627197]",genvidbench_common1000,0,,0.19624733924865723,sQJdH2V_kdk_23_0to105.mp4,F:\MEngDatasets\AIGVDBench\videos\Real\Real\videos\sQJdH2V_kdk_23_0to105.mp4,test,0,real,Real,,Real,Real,0,True
real_00222,0,"[[-10.05112361907959, 14.22846508026123], [-10.051396369934082, 14.229080200195312], [-10.051253318786621, 14.22855281829834], [-10.051252365112305, 14.228867530822754], [-10.05131721496582, 14.22874641418457], [-10.051156997680664, 14.228455543518066]]","[1.0, 1.0, 1.0, 1.0, 1.0, 1.0]",genvidbench_common1000,0,,1.0,O_mFIGbNCyc_49_63to299.mp4,F:\MEngDatasets\AIGVDBench\videos\Real\Real\videos\O_mFIGbNCyc_49_63to299.mp4,test,0,real,Real,,Real,Real,1,False
real_00223,0,"[[-2.5663576126098633, 3.4730892181396484], [-2.565556287765503, 3.4722352027893066], [-2.564572811126709, 3.471209764480591], [-2.564802646636963, 3.471457004547119], [-2.5657799243927, 3.472511053085327], [-2.565239667892456, 3.4719300270080566]]","[0.9976227879524231, 0.9976188540458679, 0.9976141452789307, 0.9976152181625366, 0.9976200461387634, 0.9976173043251038]",genvidbench_common1000,0,,0.9976188540458679,Yn47rqiN76I_49_85to327.mp4,F:\MEngDatasets\AIGVDBench\videos\Real\Real\videos\Yn47rqiN76I_49_85to327.mp4,test,0,real,Real,,Real,Real,1,False
real_00224,0,"[[-12.083477973937988, 16.733917236328125], [-12.083503723144531, 16.733978271484375], [-12.083516120910645, 16.733957290649414], [-12.083531379699707, 16.733991622924805], [-12.083149909973145, 16.733259201049805], [-12.082756996154785, 16.73261833190918]]","[1.0, 1.0, 1.0, 1.0, 1.0, 1.0]",genvidbench_common1000,0,,1.0,xFOZpCz5f_E_10_0to223.mp4,F:\MEngDatasets\AIGVDBench\videos\Real\Real\videos\xFOZpCz5f_E_10_0to223.mp4,test,0,real,Real,,Real,Real,1,False
real_00225,0,"[[-15.208203315734863, 20.584409713745117], [-15.209095001220703, 20.585567474365234], [-15.2080659866333, 20.583507537841797], [-15.2072114944458, 20.58199691772461], [-15.20740032196045, 20.582508087158203], [-15.208148002624512, 20.583786010742188]]","[1.0, 1.0, 1.0, 1.0, 1.0, 1.0]",genvidbench_common1000,0,,1.0,h1MwFGecnGA_41_0to104.mp4,F:\MEngDatasets\AIGVDBench\videos\Real\Real\videos\h1MwFGecnGA_41_0to104.mp4,test,0,real,Real,,Real,Real,1,False
real_00226,0,"[[-15.541833877563477, 22.492799758911133], [-15.541204452514648, 22.491968154907227], [-15.540648460388184, 22.49128532409668], [-15.539711952209473, 22.489994049072266], [-15.540884971618652, 22.491575241088867], [-15.540190696716309, 22.490802764892578]]","[1.0, 1.0, 1.0, 1.0, 1.0, 1.0]",genvidbench_common1000,0,,1.0,ESHGxyt9GOE_18_0to125.mp4,F:\MEngDatasets\AIGVDBench\videos\Real\Real\videos\ESHGxyt9GOE_18_0to125.mp4,test,0,real,Real,,Real,Real,1,False
real_00227,0,"[[-11.136008262634277, 14.949320793151855], [-11.13603687286377, 14.949410438537598], [-11.135360717773438, 14.948084831237793], [-11.134268760681152, 14.94637680053711], [-11.135175704956055, 14.947519302368164], [-11.134912490844727, 14.946464538574219]]","[1.0, 1.0, 1.0, 1.0, 1.0, 1.0]",genvidbench_common1000,0,,1.0,bG8EwSG8Hh4_1_0to149.mp4,F:\MEngDatasets\AIGVDBench\videos\Real\Real\videos\bG8EwSG8Hh4_1_0to149.mp4,test,0,real,Real,,Real,Real,1,False
real_00228,0,"[[-5.317843914031982, 6.65462589263916], [-5.317837238311768, 6.654616355895996], [-5.316797733306885, 6.653522968292236], [-5.316453456878662, 6.6531829833984375], [-5.316280364990234, 6.6529951095581055], [-5.31621789932251, 6.652924537658691]]","[0.9999936819076538, 0.9999936819076538, 0.9999936819076538, 0.9999936819076538, 0.9999936819076538, 0.9999936819076538]",genvidbench_common1000,0,,0.9999936819076538,oEPyjAe0huc_1_568to1226.mp4,F:\MEngDatasets\AIGVDBench\videos\Real\Real\videos\oEPyjAe0huc_1_568to1226.mp4,test,0,real,Real,,Real,Real,1,False
real_00229,0,"[[-5.405551910400391, 6.935663223266602], [-5.405350685119629, 6.935403823852539], [-5.405217170715332, 6.935338497161865], [-5.404242038726807, 6.934207916259766], [-5.404467582702637, 6.9344706535339355], [-5.404541969299316, 6.934561252593994]]","[0.9999955892562866, 0.9999955892562866, 0.9999955892562866, 0.9999955892562866, 0.9999955892562866, 0.9999955892562866]",genvidbench_common1000,0,,0.9999955892562866,ONjRr1-mjfY_32_42to223.mp4,F:\MEngDatasets\AIGVDBench\videos\Real\Real\videos\ONjRr1-mjfY_32_42to223.mp4,test,0,real,Real,,Real,Real,1,False
real_00230,0,"[[-10.031620979309082, 14.263289451599121], [-10.03123950958252, 14.263018608093262], [-10.03217887878418, 14.264664649963379], [-10.03199577331543, 14.264524459838867], [-10.031423568725586, 14.263537406921387], [-10.029448509216309, 14.25969123840332]]","[1.0, 1.0, 1.0, 1.0, 1.0, 1.0]",genvidbench_common1000,0,,1.0,_WiwgIe4F1Q_9_94to267.mp4,F:\MEngDatasets\AIGVDBench\videos\Real\Real\videos\_WiwgIe4F1Q_9_94to267.mp4,test,0,real,Real,,Real,Real,1,False
real_00231,0,"[[-13.275195121765137, 18.110761642456055], [-13.275785446166992, 18.111980438232422], [-13.275715827941895, 18.11186981201172], [-13.275918960571289, 18.112525939941406], [-13.27560043334961, 18.11159896850586], [-13.275400161743164, 18.111499786376953]]","[1.0, 1.0, 1.0, 1.0, 1.0, 1.0]",genvidbench_common1000,0,,1.0,Sj28-ffTyO0_28_0to136.mp4,F:\MEngDatasets\AIGVDBench\videos\Real\Real\videos\Sj28-ffTyO0_28_0to136.mp4,test,0,real,Real,,Real,Real,1,False
real_00232,0,"[[-2.914457082748413, 3.701557159423828], [-2.9144234657287598, 3.701523780822754], [-2.914252519607544, 3.7012360095977783], [-2.914224863052368, 3.701174736022949], [-2.9139602184295654, 3.7007803916931152]]","[0.998663067817688, 0.9986629486083984, 0.9986623525619507, 0.9986622333526611, 0.9986612796783447]",genvidbench_common1000,0,,0.9986629486083984,Kuxxw41aRmk_46_0to235.mp4,F:\MEngDatasets\AIGVDBench\videos\Real\Real\videos\Kuxxw41aRmk_46_0to235.mp4,test,0,real,Real,,Real,Real,1,False
real_00233,0,"[[-15.394940376281738, 19.78670883178711], [-15.395090103149414, 19.787073135375977], [-15.394796371459961, 19.78679656982422], [-15.39478874206543, 19.786968231201172], [-15.394830703735352, 19.787076950073242], [-15.394783020019531, 19.786893844604492]]","[1.0, 1.0, 1.0, 1.0, 1.0, 1.0]",genvidbench_common1000,0,,1.0,aFBLBdZQHlo_3_0to160.mp4,F:\MEngDatasets\AIGVDBench\videos\Real\Real\videos\aFBLBdZQHlo_3_0to160.mp4,test,0,real,Real,,Real,Real,1,False
real_00234,0,"[[-5.428513050079346, 6.912304878234863], [-5.428378582000732, 6.912106990814209], [-5.428112983703613, 6.911619663238525], [-5.4275102615356445, 6.910958290100098], [-5.427597522735596, 6.911001205444336], [-5.4279327392578125, 6.911462783813477]]","[0.9999955892562866, 0.9999955892562866, 0.9999955892562866, 0.9999955892562866, 0.9999955892562866, 0.9999955892562866]",genvidbench_common1000,0,,0.9999955892562866,e2JMpgN21w8_66_0to130.mp4,F:\MEngDatasets\AIGVDBench\videos\Real\Real\videos\e2JMpgN21w8_66_0to130.mp4,test,0,real,Real,,Real,Real,1,False
real_00235,0,"[[-8.527934074401855, 10.921957969665527], [-8.528165817260742, 10.922240257263184], [-8.528613090515137, 10.922708511352539], [-8.528351783752441, 10.922324180603027], [-8.528470993041992, 10.922459602355957], [-8.528589248657227, 10.922595977783203]]","[1.0, 1.0, 1.0, 1.0, 1.0, 1.0]",genvidbench_common1000,0,,1.0,NscwPqLwLYo_76_0to115.mp4,F:\MEngDatasets\AIGVDBench\videos\Real\Real\videos\NscwPqLwLYo_76_0to115.mp4,test,0,real,Real,,Real,Real,1,False
real_00236,0,"[[-9.625216484069824, 11.917237281799316], [-9.623745918273926, 11.915704727172852], [-9.623600959777832, 11.915543556213379], [-9.62475299835205, 11.916783332824707], [-9.624082565307617, 11.916074752807617], [-9.624346733093262, 11.916350364685059]]","[1.0, 1.0, 1.0, 1.0, 1.0, 1.0]",genvidbench_common1000,0,,1.0,Lh0GNbIB_c8_39_0to186.mp4,F:\MEngDatasets\AIGVDBench\videos\Real\Real\videos\Lh0GNbIB_c8_39_0to186.mp4,test,0,real,Real,,Real,Real,1,False
real_00237,0,"[[-0.8744946122169495, 0.8286519646644592], [-0.8765334486961365, 0.8308579921722412], [-0.8771913647651672, 0.8314352035522461], [-0.8749093413352966, 0.8289840221405029], [-0.8762634992599487, 0.8304959535598755], [-0.8761506676673889, 0.8304100036621094]]","[0.8459452390670776, 0.846497654914856, 0.8466579914093018, 0.8460425138473511, 0.8464154601097107, 0.8463895916938782]",genvidbench_common1000,0,,0.846497654914856,1ihtBI15Jpc_10_0to249.mp4,F:\MEngDatasets\AIGVDBench\videos\Real\Real\videos\1ihtBI15Jpc_10_0to249.mp4,test,0,real,Real,,Real,Real,1,False
real_00238,0,"[[-9.256040573120117, 12.884603500366211], [-9.255958557128906, 12.88447380065918], [-9.255800247192383, 12.884218215942383], [-9.255688667297363, 12.884114265441895], [-9.255465507507324, 12.883755683898926], [-9.25545883178711, 12.883746147155762]]","[1.0, 1.0, 1.0, 1.0, 1.0, 1.0]",genvidbench_common1000,0,,1.0,QFCHkqBOTNg_6_92to212.mp4,F:\MEngDatasets\AIGVDBench\videos\Real\Real\videos\QFCHkqBOTNg_6_92to212.mp4,test,0,real,Real,,Real,Real,1,False
real_00239,0,"[[-2.5111401081085205, 4.629806995391846], [-2.511340379714966, 4.630251407623291], [-2.511530637741089, 4.630300045013428], [-2.511451005935669, 4.6301350593566895], [-2.5113840103149414, 4.63014554977417], [-2.511857748031616, 4.6308441162109375]]","[0.9992086291313171, 0.9992091059684753, 0.9992092847824097, 0.9992091059684753, 0.9992091059684753, 0.999210000038147]",genvidbench_common1000,0,,0.9992091059684753,t6vZbYAw0SU_17_162to270.mp4,F:\MEngDatasets\AIGVDBench\videos\Real\Real\videos\t6vZbYAw0SU_17_162to270.mp4,test,0,real,Real,,Real,Real,1,False
real_00240,0,"[[-11.335325241088867, 13.055563926696777], [-11.335245132446289, 13.05543041229248], [-11.335433959960938, 13.055706024169922], [-11.335323333740234, 13.05556869506836], [-11.33617877960205, 13.056608200073242], [-11.337101936340332, 13.057735443115234]]","[1.0, 1.0, 1.0, 1.0, 1.0, 1.0]",genvidbench_common1000,0,,1.0,HxOEbss9p_k_10_250to417.mp4,F:\MEngDatasets\AIGVDBench\videos\Real\Real\videos\HxOEbss9p_k_10_250to417.mp4,test,0,real,Real,,Real,Real,1,False
real_00241,0,"[[-17.73365020751953, 19.597074508666992], [-17.73405647277832, 19.598478317260742], [-17.734251022338867, 19.598989486694336], [-17.734298706054688, 19.59906005859375], [-17.73431396484375, 19.59908103942871], [-17.73426628112793, 19.599018096923828]]","[1.0, 1.0, 1.0, 1.0, 1.0, 1.0]",genvidbench_common1000,0,,1.0,9sFgt4rkLBg_29_0to526.mp4,F:\MEngDatasets\AIGVDBench\videos\Real\Real\videos\9sFgt4rkLBg_29_0to526.mp4,test,0,real,Real,,Real,Real,1,False
real_00242,0,"[[-6.534740924835205, 8.288662910461426], [-6.536399841308594, 8.290523529052734], [-6.5330963134765625, 8.286871910095215], [-6.53242301940918, 8.286107063293457], [-6.532362461090088, 8.28603458404541], [-6.53292989730835, 8.286652565002441]]","[0.9999996423721313, 0.9999996423721313, 0.9999996423721313, 0.9999996423721313, 0.9999996423721313, 0.9999996423721313]",genvidbench_common1000,0,,0.9999996423721313,1NAWrgZeMn8_2_0to387.mp4,F:\MEngDatasets\AIGVDBench\videos\Real\Real\videos\1NAWrgZeMn8_2_0to387.mp4,test,0,real,Real,,Real,Real,1,False
real_00243,0,"[[-9.237956047058105, 12.007462501525879], [-9.237910270690918, 12.007349967956543], [-9.237715721130371, 12.006832122802734], [-9.23790168762207, 12.007590293884277], [-9.238685607910156, 12.008563995361328], [-9.238131523132324, 12.00774097442627]]","[1.0, 1.0, 1.0, 1.0, 1.0, 1.0]",genvidbench_common1000,0,,1.0,3Ay4Sk7NRCY_22_0to156.mp4,F:\MEngDatasets\AIGVDBench\videos\Real\Real\videos\3Ay4Sk7NRCY_22_0to156.mp4,test,0,real,Real,,Real,Real,1,False
real_00244,0,"[[-11.194512367248535, 15.0072660446167], [-11.196026802062988, 15.009472846984863], [-11.19684886932373, 15.010489463806152], [-11.195867538452148, 15.009404182434082], [-11.195832252502441, 15.009387969970703], [-11.195828437805176, 15.00938606262207]]","[1.0, 1.0, 1.0, 1.0, 1.0, 1.0]",genvidbench_common1000,0,,1.0,RRXZGS60mqk_58_38to210.mp4,F:\MEngDatasets\AIGVDBench\videos\Real\Real\videos\RRXZGS60mqk_58_38to210.mp4,test,0,real,Real,,Real,Real,1,False
real_00245,0,"[[2.122288942337036, -2.031628370285034], [2.122344732284546, -2.031683921813965], [2.1220266819000244, -2.0312888622283936], [2.121493339538574, -2.0306811332702637], [2.1214792728424072, -2.0306763648986816], [2.121473789215088, -2.0306735038757324]]","[0.015460019931197166, 0.015458319336175919, 0.01546917948871851, 0.015486568212509155, 0.015486852265894413, 0.01548698265105486]",genvidbench_common1000,0,,0.015458319336175919,Ug-RhOvj8pI_0_0to1461.mp4,F:\MEngDatasets\AIGVDBench\videos\Real\Real\videos\Ug-RhOvj8pI_0_0to1461.mp4,test,0,real,Real,,Real,Real,0,True
real_00246,0,"[[4.901113510131836, -6.621634006500244], [4.900285243988037, -6.620788097381592], [4.900904655456543, -6.621433734893799], [4.901179790496826, -6.621717929840088], [4.900399208068848, -6.6208953857421875], [4.9004364013671875, -6.620924472808838]]","[9.90216631180374e-06, 9.918754585669376e-06, 9.906209925247822e-06, 9.900674740492832e-06, 9.916559974953998e-06, 9.915907867252827e-06]",genvidbench_common1000,0,,9.918754585669376e-06,Z7Z_qbVIbsc_1_19to140.mp4,F:\MEngDatasets\AIGVDBench\videos\Real\Real\videos\Z7Z_qbVIbsc_1_19to140.mp4,test,0,real,Real,,Real,Real,0,True
real_00247,0,"[[-12.428130149841309, 15.528754234313965], [-12.42850112915039, 15.529219627380371], [-12.428711891174316, 15.52933406829834], [-12.427898406982422, 15.528008460998535], [-12.427881240844727, 15.527885437011719], [-12.42790699005127, 15.527922630310059]]","[1.0, 1.0, 1.0, 1.0, 1.0, 1.0]",genvidbench_common1000,0,,1.0,tIfCwcRs_vE_34_0to264.mp4,F:\MEngDatasets\AIGVDBench\videos\Real\Real\videos\tIfCwcRs_vE_34_0to264.mp4,test,0,real,Real,,Real,Real,1,False
real_00248,0,"[[-14.864288330078125, 19.007753372192383], [-14.862509727478027, 19.00498390197754], [-14.86336612701416, 19.00658416748047], [-14.861952781677246, 19.003997802734375], [-14.864920616149902, 19.008209228515625], [-14.860712051391602, 19.002391815185547]]","[1.0, 1.0, 1.0, 1.0, 1.0, 1.0]",genvidbench_common1000,0,,1.0,NhHxwA3zLIM_39_0to744.mp4,F:\MEngDatasets\AIGVDBench\videos\Real\Real\videos\NhHxwA3zLIM_39_0to744.mp4,test,0,real,Real,,Real,Real,1,False
real_00249,0,"[[-10.145108222961426, 12.492120742797852], [-10.144733428955078, 12.491600036621094], [-10.145220756530762, 12.492018699645996], [-10.145037651062012, 12.491660118103027], [-10.147729873657227, 12.495111465454102], [-10.146088600158691, 12.493067741394043]]","[1.0, 1.0, 1.0, 1.0, 1.0, 1.0]",genvidbench_common1000,0,,1.0,0BPQnk47p6M_2_55to191.mp4,F:\MEngDatasets\AIGVDBench\videos\Real\Real\videos\0BPQnk47p6M_2_55to191.mp4,test,0,real,Real,,Real,Real,1,False
real_00250,0,"[[-10.308126449584961, 12.598464012145996], [-10.309347152709961, 12.600090980529785], [-10.310133934020996, 12.601095199584961], [-10.308656692504883, 12.598982810974121], [-10.310182571411133, 12.600944519042969], [-10.309922218322754, 12.600717544555664]]","[1.0, 1.0, 1.0, 1.0, 1.0, 1.0]",genvidbench_common1000,0,,1.0,ANAekpD8mDQ_28_55to547.mp4,F:\MEngDatasets\AIGVDBench\videos\Real\Real\videos\ANAekpD8mDQ_28_55to547.mp4,test,0,real,Real,,Real,Real,1,False
real_00251,0,"[[-6.153909683227539, 8.259997367858887], [-6.153133392333984, 8.258691787719727], [-6.152963161468506, 8.25844669342041], [-6.152890682220459, 8.258523941040039], [-6.153816223144531, 8.260165214538574], [-6.1528096199035645, 8.25826358795166]]","[0.9999994039535522, 0.9999994039535522, 0.9999994039535522, 0.9999994039535522, 0.9999994039535522, 0.9999994039535522]",genvidbench_common1000,0,,0.9999994039535522,CFXfSBR5Q9w_6_49to247.mp4,F:\MEngDatasets\AIGVDBench\videos\Real\Real\videos\CFXfSBR5Q9w_6_49to247.mp4,test,0,real,Real,,Real,Real,1,False
real_00252,0,"[[-7.4309306144714355, 11.467108726501465], [-7.430980205535889, 11.467164039611816], [-7.431549549102783, 11.468199729919434], [-7.432432651519775, 11.469639778137207], [-7.430403232574463, 11.46613597869873], [-7.430788993835449, 11.466951370239258]]","[1.0, 1.0, 1.0, 1.0, 1.0, 1.0]",genvidbench_common1000,0,,1.0,7fy-TO_tOd8_5_65to601.mp4,F:\MEngDatasets\AIGVDBench\videos\Real\Real\videos\7fy-TO_tOd8_5_65to601.mp4,test,0,real,Real,,Real,Real,1,False
real_00253,0,"[[-2.227987289428711, 3.123741388320923], [-2.2272119522094727, 3.122873067855835], [-2.2275302410125732, 3.1232385635375977], [-2.2279248237609863, 3.1236608028411865], [-2.2275032997131348, 3.1232082843780518], [-2.2266275882720947, 3.122270345687866]]","[0.9952823519706726, 0.9952746629714966, 0.9952778816223145, 0.9952817559242249, 0.9952776432037354, 0.9952691197395325]",genvidbench_common1000,0,,0.9952746629714966,t1TrCs897CI_58_0to246.mp4,F:\MEngDatasets\AIGVDBench\videos\Real\Real\videos\t1TrCs897CI_58_0to246.mp4,test,0,real,Real,,Real,Real,1,False
real_00254,0,"[[-12.022677421569824, 17.985029220581055], [-12.023062705993652, 17.985591888427734], [-12.023482322692871, 17.986127853393555], [-12.023493766784668, 17.986085891723633], [-12.024063110351562, 17.986915588378906], [-12.023964881896973, 17.98676109313965]]","[1.0, 1.0, 1.0, 1.0, 1.0, 1.0]",genvidbench_common1000,0,,1.0,WkM86Qbl-r8_3_0to111.mp4,F:\MEngDatasets\AIGVDBench\videos\Real\Real\videos\WkM86Qbl-r8_3_0to111.mp4,test,0,real,Real,,Real,Real,1,False
real_00255,0,"[[-9.645553588867188, 12.559561729431152], [-9.644661903381348, 12.558072090148926], [-9.643555641174316, 12.556075096130371], [-9.643264770507812, 12.55553913116455], [-9.643146514892578, 12.555198669433594], [-9.643109321594238, 12.555156707763672]]","[1.0, 1.0, 1.0, 1.0, 1.0, 1.0]",genvidbench_common1000,0,,1.0,S3aByfnJbGE_61_0to164.mp4,F:\MEngDatasets\AIGVDBench\videos\Real\Real\videos\S3aByfnJbGE_61_0to164.mp4,test,0,real,Real,,Real,Real,1,False
real_00256,0,"[[-18.66604995727539, 23.94554901123047], [-18.66696548461914, 23.946794509887695], [-18.66736602783203, 23.947092056274414], [-18.666473388671875, 23.94599151611328], [-18.666271209716797, 23.945833206176758], [-18.667081832885742, 23.946992874145508]]","[1.0, 1.0, 1.0, 1.0, 1.0, 1.0]",genvidbench_common1000,0,,1.0,RNH667QhwMU_14_0to144.mp4,F:\MEngDatasets\AIGVDBench\videos\Real\Real\videos\RNH667QhwMU_14_0to144.mp4,test,0,real,Real,,Real,Real,1,False
real_00257,0,"[[-3.217844247817993, 4.694446563720703], [-3.217949867248535, 4.694659233093262], [-3.217927932739258, 4.694567680358887], [-3.217479705810547, 4.694018363952637], [-3.2177236080169678, 4.694302082061768], [-3.217688798904419, 4.694259166717529]]","[0.9996339082717896, 0.9996340274810791, 0.9996340274810791, 0.9996336698532104, 0.9996337890625, 0.9996337890625]",genvidbench_common1000,0,,0.9996340274810791,dfu2UfqnXk4_1_94to284.mp4,F:\MEngDatasets\AIGVDBench\videos\Real\Real\videos\dfu2UfqnXk4_1_94to284.mp4,test,0,real,Real,,Real,Real,1,False
real_00258,0,"[[-5.885728359222412, 6.776706695556641], [-5.885105609893799, 6.775935649871826], [-5.884345054626465, 6.7749924659729], [-5.8848185539245605, 6.7756028175354], [-5.886807918548584, 6.778100967407227], [-5.886742115020752, 6.778022289276123]]","[0.9999967813491821, 0.9999967813491821, 0.9999967813491821, 0.9999967813491821, 0.9999967813491821, 0.9999967813491821]",genvidbench_common1000,0,,0.9999967813491821,a86X32mBO0o_104_0to103.mp4,F:\MEngDatasets\AIGVDBench\videos\Real\Real\videos\a86X32mBO0o_104_0to103.mp4,test,0,real,Real,,Real,Real,1,False
real_00259,0,"[[3.9317591190338135, -4.7439374923706055], [3.9318430423736572, -4.744004249572754], [3.9313838481903076, -4.743636131286621], [3.931398868560791, -4.743645668029785], [3.931462287902832, -4.74370002746582], [3.9317550659179688, -4.74393367767334]]","[0.00017065490828827024, 0.0001706291950540617, 0.0001707703195279464, 0.00017076608492061496, 0.00017074607603717595, 0.0001706562179606408]",genvidbench_common1000,0,,0.0001706291950540617,SNG9ILDuAyk_1_0to1374.mp4,F:\MEngDatasets\AIGVDBench\videos\Real\Real\videos\SNG9ILDuAyk_1_0to1374.mp4,test,0,real,Real,,Real,Real,0,True
real_00260,0,"[[-12.530967712402344, 15.136648178100586], [-12.530838012695312, 15.136455535888672], [-12.5298433303833, 15.134743690490723], [-12.5297269821167, 15.13422966003418], [-12.529641151428223, 15.134411811828613], [-12.528175354003906, 15.132265090942383]]","[1.0, 1.0, 1.0, 1.0, 1.0, 1.0]",genvidbench_common1000,0,,1.0,jmHXwoFzFJw_25_32to156.mp4,F:\MEngDatasets\AIGVDBench\videos\Real\Real\videos\jmHXwoFzFJw_25_32to156.mp4,test,0,real,Real,,Real,Real,1,False
real_00261,0,"[[-6.697697162628174, 8.411730766296387], [-6.699220180511475, 8.413829803466797], [-6.700065612792969, 8.414921760559082], [-6.69819974899292, 8.412549018859863], [-6.697616100311279, 8.411785125732422], [-6.698393821716309, 8.412429809570312]]","[0.9999997615814209, 0.9999997615814209, 0.9999997615814209, 0.9999997615814209, 0.9999997615814209, 0.9999997615814209]",genvidbench_common1000,0,,0.9999997615814209,ntBZJZo4Pt0_18_16to194.mp4,F:\MEngDatasets\AIGVDBench\videos\Real\Real\videos\ntBZJZo4Pt0_18_16to194.mp4,test,0,real,Real,,Real,Real,1,False
real_00262,0,"[[-8.648970603942871, 10.582789421081543], [-8.64869499206543, 10.582491874694824], [-8.648550987243652, 10.58225154876709], [-8.648653030395508, 10.582380294799805], [-8.649426460266113, 10.58355712890625], [-8.648934364318848, 10.582934379577637]]","[1.0, 1.0, 1.0, 1.0, 1.0, 1.0]",genvidbench_common1000,0,,1.0,lmwZughLY00_3_0to154.mp4,F:\MEngDatasets\AIGVDBench\videos\Real\Real\videos\lmwZughLY00_3_0to154.mp4,test,0,real,Real,,Real,Real,1,False
real_00263,0,"[[-13.452234268188477, 19.609344482421875], [-13.452237129211426, 19.609403610229492], [-13.451939582824707, 19.608665466308594], [-13.451144218444824, 19.607032775878906], [-13.451055526733398, 19.6069278717041], [-13.451189994812012, 19.607208251953125]]","[1.0, 1.0, 1.0, 1.0, 1.0, 1.0]",genvidbench_common1000,0,,1.0,D1CtTAPbHG0_2_0to1512.mp4,F:\MEngDatasets\AIGVDBench\videos\Real\Real\videos\D1CtTAPbHG0_2_0to1512.mp4,test,0,real,Real,,Real,Real,1,False
real_00264,0,"[[0.5741990804672241, -0.574303388595581], [0.5741819143295288, -0.5742871761322021], [0.5740886926651001, -0.5741813778877258], [0.5742729902267456, -0.5743756294250488], [0.5743826627731323, -0.574493944644928], [0.5743884444236755, -0.5745091438293457]]","[0.24076271057128906, 0.24076883494853973, 0.24080520868301392, 0.2407360076904297, 0.2406943440437317, 0.24069048464298248]",genvidbench_common1000,0,,0.24076883494853973,X3faHvP6oeM_78_0to154.mp4,F:\MEngDatasets\AIGVDBench\videos\Real\Real\videos\X3faHvP6oeM_78_0to154.mp4,test,0,real,Real,,Real,Real,0,True
real_00265,0,"[[-6.48009729385376, 7.9603447914123535], [-6.480019569396973, 7.960422039031982], [-6.4791646003723145, 7.958638668060303], [-6.479138374328613, 7.958497047424316], [-6.479903697967529, 7.9599504470825195], [-6.479658126831055, 7.959634304046631]]","[0.9999995231628418, 0.9999995231628418, 0.9999994039535522, 0.9999994039535522, 0.9999995231628418, 0.9999995231628418]",genvidbench_common1000,0,,0.9999995231628418,YUganaCXzlA_16_50to159.mp4,F:\MEngDatasets\AIGVDBench\videos\Real\Real\videos\YUganaCXzlA_16_50to159.mp4,test,0,real,Real,,Real,Real,1,False
real_00266,0,"[[-10.053923606872559, 13.484804153442383], [-10.05318546295166, 13.484180450439453], [-10.053191184997559, 13.484188079833984], [-10.053196907043457, 13.484198570251465], [-10.053159713745117, 13.484143257141113], [-10.053075790405273, 13.484010696411133]]","[1.0, 1.0, 1.0, 1.0, 1.0, 1.0]",genvidbench_common1000,0,,1.0,eENFTG4UQsI_3_337to522.mp4,F:\MEngDatasets\AIGVDBench\videos\Real\Real\videos\eENFTG4UQsI_3_337to522.mp4,test,0,real,Real,,Real,Real,1,False
real_00267,0,"[[-2.058759927749634, 3.0749073028564453], [-2.058974266052246, 3.075176239013672], [-2.0582311153411865, 3.074277400970459], [-2.059152603149414, 3.0752439498901367], [-2.059309244155884, 3.0754153728485107], [-2.0604541301727295, 3.076831579208374]]","[0.9941396713256836, 0.994142472743988, 0.994132936000824, 0.9941439032554626, 0.9941457509994507, 0.9941607117652893]",genvidbench_common1000,0,,0.994142472743988,mhC1bh5GnYY_58_38to276.mp4,F:\MEngDatasets\AIGVDBench\videos\Real\Real\videos\mhC1bh5GnYY_58_38to276.mp4,test,0,real,Real,,Real,Real,1,False
real_00268,0,"[[-3.817628860473633, 4.726059436798096], [-3.817674160003662, 4.726229190826416], [-3.8168609142303467, 4.725095272064209], [-3.8172125816345215, 4.725551605224609], [-3.818023920059204, 4.726567268371582], [-3.8187830448150635, 4.727450847625732]]","[0.9998052716255188, 0.9998052716255188, 0.9998049139976501, 0.9998051524162292, 0.9998055100440979, 0.999805748462677]",genvidbench_common1000,0,,0.9998052716255188,d0rEhcaKlSs_2_0to118.mp4,F:\MEngDatasets\AIGVDBench\videos\Real\Real\videos\d0rEhcaKlSs_2_0to118.mp4,test,0,real,Real,,Real,Real,1,False
real_00269,0,"[[-14.79819107055664, 21.496816635131836], [-14.798736572265625, 21.49778938293457], [-14.799017906188965, 21.49868392944336], [-14.798727989196777, 21.497777938842773], [-14.798213005065918, 21.496601104736328], [-14.7981538772583, 21.496450424194336]]","[1.0, 1.0, 1.0, 1.0, 1.0, 1.0]",genvidbench_common1000,0,,1.0,NDznxcukiUM_64_0to161.mp4,F:\MEngDatasets\AIGVDBench\videos\Real\Real\videos\NDznxcukiUM_64_0to161.mp4,test,0,real,Real,,Real,Real,1,False
real_00270,0,"[[-6.53740119934082, 8.684978485107422], [-6.537156105041504, 8.684735298156738], [-6.537169933319092, 8.684683799743652], [-6.537321090698242, 8.68481731414795], [-6.537291526794434, 8.684836387634277], [-6.5369391441345215, 8.684285163879395]]","[0.9999997615814209, 0.9999997615814209, 0.9999997615814209, 0.9999997615814209, 0.9999997615814209, 0.9999997615814209]",genvidbench_common1000,0,,0.9999997615814209,EHRI1gr4zik_3_323to481.mp4,F:\MEngDatasets\AIGVDBench\videos\Real\Real\videos\EHRI1gr4zik_3_323to481.mp4,test,0,real,Real,,Real,Real,1,False
real_00271,0,"[[-10.16000747680664, 12.496505737304688], [-10.159979820251465, 12.496485710144043], [-10.160831451416016, 12.497929573059082], [-10.162220001220703, 12.50024700164795], [-10.160928726196289, 12.498126029968262], [-10.160460472106934, 12.497474670410156]]","[1.0, 1.0, 1.0, 1.0, 1.0, 1.0]",genvidbench_common1000,0,,1.0,XKoYGXadgl0_25_0to126.mp4,F:\MEngDatasets\AIGVDBench\videos\Real\Real\videos\XKoYGXadgl0_25_0to126.mp4,test,0,real,Real,,Real,Real,1,False
real_00272,0,"[[3.1360599994659424, -3.916188955307007], [3.136188268661499, -3.916323184967041], [3.1358232498168945, -3.9159533977508545], [3.1361443996429443, -3.9162755012512207], [3.1361570358276367, -3.916287422180176], [3.1363236904144287, -3.916452169418335]]","[0.000864711997564882, 0.0008644854533486068, 0.0008651199750602245, 0.0008645644993521273, 0.0008645430207252502, 0.0008642569882795215]",genvidbench_common1000,0,,0.0008644854533486068,vP4LHRkhu-U_1_0to156.mp4,F:\MEngDatasets\AIGVDBench\videos\Real\Real\videos\vP4LHRkhu-U_1_0to156.mp4,test,0,real,Real,,Real,Real,0,True
real_00273,0,"[[-10.305011749267578, 14.636738777160645], [-10.305289268493652, 14.637238502502441], [-10.3047456741333, 14.636406898498535], [-10.30412769317627, 14.635516166687012], [-10.304582595825195, 14.63636589050293], [-10.304590225219727, 14.636378288269043]]","[1.0, 1.0, 1.0, 1.0, 1.0, 1.0]",genvidbench_common1000,0,,1.0,7DoM11yV_Qw_3_0to123.mp4,F:\MEngDatasets\AIGVDBench\videos\Real\Real\videos\7DoM11yV_Qw_3_0to123.mp4,test,0,real,Real,,Real,Real,1,False
real_00274,0,"[[-9.274067878723145, 12.07022762298584], [-9.274079322814941, 12.0702486038208], [-9.274078369140625, 12.0702543258667], [-9.274065017700195, 12.070235252380371], [-9.274086952209473, 12.07027530670166], [-9.274100303649902, 12.070287704467773]]","[1.0, 1.0, 1.0, 1.0, 1.0, 1.0]",genvidbench_common1000,0,,1.0,x96KZ2Gd2JY_21_0to126.mp4,F:\MEngDatasets\AIGVDBench\videos\Real\Real\videos\x96KZ2Gd2JY_21_0to126.mp4,test,0,real,Real,,Real,Real,1,False
real_00275,0,"[[-4.946078777313232, 6.31755256652832], [-4.946743965148926, 6.318511486053467], [-4.947230815887451, 6.319399356842041], [-4.946128845214844, 6.317765235900879], [-4.946186542510986, 6.317761421203613], [-4.947017192840576, 6.3190693855285645]]","[0.9999871253967285, 0.9999872446060181, 0.9999872446060181, 0.9999871253967285, 0.9999871253967285, 0.9999872446060181]",genvidbench_common1000,0,,0.9999872446060181,iFo7QhNnAmA_27_0to338.mp4,F:\MEngDatasets\AIGVDBench\videos\Real\Real\videos\iFo7QhNnAmA_27_0to338.mp4,test,0,real,Real,,Real,Real,1,False
real_00276,0,"[[-15.703330039978027, 19.691755294799805], [-15.703859329223633, 19.692752838134766], [-15.70352840423584, 19.69236946105957], [-15.703325271606445, 19.691633224487305], [-15.703293800354004, 19.6915225982666], [-15.704073905944824, 19.69317626953125]]","[1.0, 1.0, 1.0, 1.0, 1.0, 1.0]",genvidbench_common1000,0,,1.0,lofR-R_rFJ0_6_0to212.mp4,F:\MEngDatasets\AIGVDBench\videos\Real\Real\videos\lofR-R_rFJ0_6_0to212.mp4,test,0,real,Real,,Real,Real,1,False
real_00277,0,"[[-16.75498390197754, 21.9927978515625], [-16.755020141601562, 21.99278450012207], [-16.755714416503906, 21.993898391723633], [-16.75581169128418, 21.99418067932129], [-16.75656509399414, 21.995298385620117], [-16.756900787353516, 21.99527931213379]]","[1.0, 1.0, 1.0, 1.0, 1.0, 1.0]",genvidbench_common1000,0,,1.0,fJC-CDOx98M_39_55to350.mp4,F:\MEngDatasets\AIGVDBench\videos\Real\Real\videos\fJC-CDOx98M_39_55to350.mp4,test,0,real,Real,,Real,Real,1,False
real_00278,0,"[[-5.825557708740234, 7.230742931365967], [-5.824969291687012, 7.229912281036377], [-5.825443744659424, 7.230571269989014], [-5.825695991516113, 7.231017112731934], [-5.825638294219971, 7.230898380279541]]","[0.9999978542327881, 0.9999978542327881, 0.9999978542327881, 0.9999978542327881, 0.9999978542327881]",genvidbench_common1000,0,,0.9999978542327881,HXCmwiBewAs_63_0to212.mp4,F:\MEngDatasets\AIGVDBench\videos\Real\Real\videos\HXCmwiBewAs_63_0to212.mp4,test,0,real,Real,,Real,Real,1,False
real_00279,0,"[[-12.441308975219727, 14.571722984313965], [-12.44164752960205, 14.572370529174805], [-12.44143009185791, 14.571911811828613], [-12.441290855407715, 14.571691513061523], [-12.441398620605469, 14.571855545043945], [-12.440993309020996, 14.571002960205078]]","[1.0, 1.0, 1.0, 1.0, 1.0, 1.0]",genvidbench_common1000,0,,1.0,RLnAOn-rxTk_39_0to115.mp4,F:\MEngDatasets\AIGVDBench\videos\Real\Real\videos\RLnAOn-rxTk_39_0to115.mp4,test,0,real,Real,,Real,Real,1,False
real_00280,0,"[[-9.704143524169922, 12.11402416229248], [-9.704056739807129, 12.113842010498047], [-9.703386306762695, 12.112926483154297], [-9.702996253967285, 12.112326622009277], [-9.701807022094727, 12.110379219055176], [-9.701595306396484, 12.110121726989746]]","[1.0, 1.0, 1.0, 1.0, 1.0, 1.0]",genvidbench_common1000,0,,1.0,b_ZbXBgbuRA_15_41to155.mp4,F:\MEngDatasets\AIGVDBench\videos\Real\Real\videos\b_ZbXBgbuRA_15_41to155.mp4,test,0,real,Real,,Real,Real,1,False
real_00281,0,"[[-6.47921085357666, 8.427316665649414], [-6.480207920074463, 8.428560256958008], [-6.479955196380615, 8.428353309631348], [-6.479794025421143, 8.428025245666504], [-6.4766411781311035, 8.42404556274414], [-6.479994297027588, 8.42835807800293]]","[0.9999996423721313, 0.9999996423721313, 0.9999996423721313, 0.9999996423721313, 0.9999996423721313, 0.9999996423721313]",genvidbench_common1000,0,,0.9999996423721313,Q5XrVBAu_OA_5_87to205.mp4,F:\MEngDatasets\AIGVDBench\videos\Real\Real\videos\Q5XrVBAu_OA_5_87to205.mp4,test,0,real,Real,,Real,Real,1,False
real_00282,0,"[[-14.755261421203613, 20.38701820373535], [-14.754136085510254, 20.385438919067383], [-14.754315376281738, 20.38572120666504], [-14.753043174743652, 20.384265899658203], [-14.75414752960205, 20.385496139526367], [-14.754477500915527, 20.385780334472656]]","[1.0, 1.0, 1.0, 1.0, 1.0, 1.0]",genvidbench_common1000,0,,1.0,JZIEfgYvQio_37_106to215.mp4,F:\MEngDatasets\AIGVDBench\videos\Real\Real\videos\JZIEfgYvQio_37_106to215.mp4,test,0,real,Real,,Real,Real,1,False
real_00283,0,"[[-11.796889305114746, 14.1173095703125], [-11.796587944030762, 14.116851806640625], [-11.796629905700684, 14.116928100585938], [-11.79674243927002, 14.117049217224121], [-11.7968111038208, 14.117147445678711], [-11.796072006225586, 14.116145133972168]]","[1.0, 1.0, 1.0, 1.0, 1.0, 1.0]",genvidbench_common1000,0,,1.0,g-XIIG-_jsY_60_0to139.mp4,F:\MEngDatasets\AIGVDBench\videos\Real\Real\videos\g-XIIG-_jsY_60_0to139.mp4,test,0,real,Real,,Real,Real,1,False
real_00284,0,"[[-8.017457962036133, 10.813815116882324], [-8.017495155334473, 10.813886642456055], [-8.017369270324707, 10.81368350982666], [-8.017738342285156, 10.814072608947754], [-8.017600059509277, 10.813688278198242], [-8.017664909362793, 10.813838958740234]]","[1.0, 1.0, 1.0, 1.0, 1.0, 1.0]",genvidbench_common1000,0,,1.0,Amfrm2V_KO0_52_0to155.mp4,F:\MEngDatasets\AIGVDBench\videos\Real\Real\videos\Amfrm2V_KO0_52_0to155.mp4,test,0,real,Real,,Real,Real,1,False
real_00285,0,"[[-11.429555892944336, 12.98780632019043], [-11.429081916809082, 12.987122535705566], [-11.429337501525879, 12.987529754638672], [-11.429439544677734, 12.987706184387207], [-11.429631233215332, 12.98795223236084], [-11.429610252380371, 12.987897872924805]]","[1.0, 1.0, 1.0, 1.0, 1.0, 1.0]",genvidbench_common1000,0,,1.0,UghRV0LelPA_0_0to1092.mp4,F:\MEngDatasets\AIGVDBench\videos\Real\Real\videos\UghRV0LelPA_0_0to1092.mp4,test,0,real,Real,,Real,Real,1,False
real_00286,0,"[[-16.07038116455078, 20.050460815429688], [-16.07105255126953, 20.051105499267578], [-16.070825576782227, 20.05031394958496], [-16.070119857788086, 20.049163818359375], [-16.07073211669922, 20.05095863342285], [-16.070999145507812, 20.05141830444336]]","[1.0, 1.0, 1.0, 1.0, 1.0, 1.0]",genvidbench_common1000,0,,1.0,5q6XOGXMrJA_34_90to339.mp4,F:\MEngDatasets\AIGVDBench\videos\Real\Real\videos\5q6XOGXMrJA_34_90to339.mp4,test,0,real,Real,,Real,Real,1,False
real_00287,0,"[[-9.035998344421387, 11.256855964660645], [-9.036223411560059, 11.256904602050781], [-9.03609561920166, 11.256749153137207], [-9.035962104797363, 11.256394386291504], [-9.036038398742676, 11.256531715393066], [-9.036057472229004, 11.256616592407227]]","[1.0, 1.0, 1.0, 1.0, 1.0, 1.0]",genvidbench_common1000,0,,1.0,pv97fCP13SE_21_0to136.mp4,F:\MEngDatasets\AIGVDBench\videos\Real\Real\videos\pv97fCP13SE_21_0to136.mp4,test,0,real,Real,,Real,Real,1,False
real_00288,0,"[[-6.8576226234436035, 9.831524848937988], [-6.856710910797119, 9.829996109008789], [-6.857593536376953, 9.831230163574219], [-6.858123302459717, 9.83206844329834], [-6.8574676513671875, 9.831220626831055], [-6.858434200286865, 9.832658767700195]]","[1.0, 1.0, 1.0, 1.0, 1.0, 1.0]",genvidbench_common1000,0,,1.0,--5Uy5YZMjA_54_104to259.mp4,F:\MEngDatasets\AIGVDBench\videos\Real\Real\videos\--5Uy5YZMjA_54_104to259.mp4,test,0,real,Real,,Real,Real,1,False
real_00289,0,"[[-1.1130608320236206, 1.9314051866531372], [-1.1122194528579712, 1.9302608966827393], [-1.1126384735107422, 1.9308513402938843], [-1.112548828125, 1.9307929277420044], [-1.1123144626617432, 1.9304695129394531], [-1.1129628419876099, 1.9312249422073364]]","[0.9545429944992065, 0.9544568061828613, 0.954500675201416, 0.9544941186904907, 0.9544699192047119, 0.9545309543609619]",genvidbench_common1000,0,,0.9544568061828613,4j-MnvZg6rw_8_0to311.mp4,F:\MEngDatasets\AIGVDBench\videos\Real\Real\videos\4j-MnvZg6rw_8_0to311.mp4,test,0,real,Real,,Real,Real,1,False
real_00290,0,"[[-6.314757347106934, 7.924345016479492], [-6.31643533706665, 7.926933288574219], [-6.317209720611572, 7.928197383880615], [-6.315868854522705, 7.926093578338623], [-6.3167619705200195, 7.92744255065918], [-6.317808151245117, 7.928920745849609]]","[0.9999994039535522, 0.9999994039535522, 0.9999994039535522, 0.9999994039535522, 0.9999994039535522, 0.9999994039535522]",genvidbench_common1000,0,,0.9999994039535522,Cz3nSPKFNLM_81_26to293.mp4,F:\MEngDatasets\AIGVDBench\videos\Real\Real\videos\Cz3nSPKFNLM_81_26to293.mp4,test,0,real,Real,,Real,Real,1,False
real_00291,0,"[[-4.443960666656494, 6.775815963745117], [-4.445122241973877, 6.777273654937744], [-4.443676471710205, 6.775267601013184], [-4.443424701690674, 6.774958610534668], [-4.443114280700684, 6.774665832519531], [-4.442859649658203, 6.774252891540527]]","[0.9999866485595703, 0.9999866485595703, 0.9999865293502808, 0.9999865293502808, 0.9999865293502808, 0.9999865293502808]",genvidbench_common1000,0,,0.9999866485595703,Ql565KLE5Og_21_0to118.mp4,F:\MEngDatasets\AIGVDBench\videos\Real\Real\videos\Ql565KLE5Og_21_0to118.mp4,test,0,real,Real,,Real,Real,1,False
real_00292,0,"[[-3.670595169067383, 5.88271951675415], [-3.669832706451416, 5.881870269775391], [-3.6713309288024902, 5.883744239807129], [-3.671459674835205, 5.883944511413574], [-3.6710638999938965, 5.883342742919922], [-3.6711156368255615, 5.883415222167969]]","[0.9999290704727173, 0.9999289512634277, 0.9999291896820068, 0.9999291896820068, 0.9999290704727173, 0.9999290704727173]",genvidbench_common1000,0,,0.9999289512634277,yB5f_KE0lWk_20_0to705.mp4,F:\MEngDatasets\AIGVDBench\videos\Real\Real\videos\yB5f_KE0lWk_20_0to705.mp4,test,0,real,Real,,Real,Real,1,False
real_00293,0,"[[-5.536806583404541, 8.166796684265137], [-5.53641939163208, 8.16642951965332], [-5.53643274307251, 8.166458129882812], [-5.5361409187316895, 8.166149139404297], [-5.537468910217285, 8.167535781860352], [-5.536945819854736, 8.166972160339355]]","[0.999998927116394, 0.999998927116394, 0.999998927116394, 0.999998927116394, 0.999998927116394, 0.999998927116394]",genvidbench_common1000,0,,0.999998927116394,UImljzWeGh0_15_0to106.mp4,F:\MEngDatasets\AIGVDBench\videos\Real\Real\videos\UImljzWeGh0_15_0to106.mp4,test,0,real,Real,,Real,Real,1,False
real_00294,0,"[[-20.052410125732422, 26.57845687866211], [-20.05257797241211, 26.578718185424805], [-20.052732467651367, 26.579700469970703], [-20.053037643432617, 26.580554962158203], [-20.05259895324707, 26.57874298095703], [-20.052282333374023, 26.577733993530273]]","[1.0, 1.0, 1.0, 1.0, 1.0, 1.0]",genvidbench_common1000,0,,1.0,7u67Buew2tg_0_0to376.mp4,F:\MEngDatasets\AIGVDBench\videos\Real\Real\videos\7u67Buew2tg_0_0to376.mp4,test,0,real,Real,,Real,Real,1,False
real_00295,0,"[[-21.8674373626709, 28.448715209960938], [-21.86713409423828, 28.448049545288086], [-21.867305755615234, 28.44810676574707], [-21.867544174194336, 28.44851303100586], [-21.867572784423828, 28.448156356811523], [-21.86733055114746, 28.447994232177734]]","[1.0, 1.0, 1.0, 1.0, 1.0, 1.0]",genvidbench_common1000,0,,1.0,WeSUDLaxMhU_15_0to728.mp4,F:\MEngDatasets\AIGVDBench\videos\Real\Real\videos\WeSUDLaxMhU_15_0to728.mp4,test,0,real,Real,,Real,Real,1,False
real_00296,0,"[[-15.23645305633545, 20.60161781311035], [-15.235908508300781, 20.600210189819336], [-15.237068176269531, 20.602487564086914], [-15.236393928527832, 20.601247787475586], [-15.236672401428223, 20.60182762145996], [-15.236977577209473, 20.60235595703125]]","[1.0, 1.0, 1.0, 1.0, 1.0, 1.0]",genvidbench_common1000,0,,1.0,GDr_-UnTtJk_166_0to116.mp4,F:\MEngDatasets\AIGVDBench\videos\Real\Real\videos\GDr_-UnTtJk_166_0to116.mp4,test,0,real,Real,,Real,Real,1,False
real_00297,0,"[[-8.284232139587402, 11.250228881835938], [-8.284265518188477, 11.250319480895996], [-8.284299850463867, 11.250353813171387], [-8.283570289611816, 11.24866771697998], [-8.284492492675781, 11.250076293945312], [-8.28447151184082, 11.25048542022705]]","[1.0, 1.0, 1.0, 1.0, 1.0, 1.0]",genvidbench_common1000,0,,1.0,kN__dhihmTE_44_0to109.mp4,F:\MEngDatasets\AIGVDBench\videos\Real\Real\videos\kN__dhihmTE_44_0to109.mp4,test,0,real,Real,,Real,Real,1,False
real_00298,0,"[[-2.3441483974456787, 3.914708137512207], [-2.34405779838562, 3.91467022895813], [-2.345255136489868, 3.9165873527526855], [-2.3446977138519287, 3.9157087802886963], [-2.343928337097168, 3.9145607948303223], [-2.344270944595337, 3.915088176727295]]","[0.9980902075767517, 0.9980899691581726, 0.9980959296226501, 0.9980931878089905, 0.9980894923210144, 0.9980911612510681]",genvidbench_common1000,0,,0.9980899691581726,xHAnQq4NZQQ_8_21to284.mp4,F:\MEngDatasets\AIGVDBench\videos\Real\Real\videos\xHAnQq4NZQQ_8_21to284.mp4,test,0,real,Real,,Real,Real,1,False
real_00299,0,"[[-6.44429874420166, 9.496788024902344], [-6.444444179534912, 9.496992111206055], [-6.444611072540283, 9.497274398803711], [-6.4449262619018555, 9.497777938842773], [-6.444817066192627, 9.497632026672363], [-6.444627285003662, 9.497312545776367]]","[0.9999998807907104, 0.9999998807907104, 0.9999998807907104, 0.9999998807907104, 0.9999998807907104, 0.9999998807907104]",genvidbench_common1000,0,,0.9999998807907104,6ezWis4TNn8_139_77to244.mp4,F:\MEngDatasets\AIGVDBench\videos\Real\Real\videos\6ezWis4TNn8_139_77to244.mp4,test,0,real,Real,,Real,Real,1,False
real_00300,0,"[[-3.2610490322113037, 5.0427751541137695], [-3.260988473892212, 5.042590618133545], [-3.261082410812378, 5.0427632331848145], [-3.261354684829712, 5.043543815612793], [-3.2613935470581055, 5.043579578399658], [-3.261347532272339, 5.043492317199707]]","[0.9997524619102478, 0.9997524619102478, 0.9997524619102478, 0.9997527003288269, 0.9997528195381165, 0.9997527003288269]",genvidbench_common1000,0,,0.9997524619102478,4sa460KtMbM_2_0to1077.mp4,F:\MEngDatasets\AIGVDBench\videos\Real\Real\videos\4sa460KtMbM_2_0to1077.mp4,test,0,real,Real,,Real,Real,1,False
real_00301,0,"[[-4.8016438484191895, 6.094837188720703], [-4.8014326095581055, 6.094596862792969], [-4.801216125488281, 6.094322204589844], [-4.80097770690918, 6.094004154205322], [-4.801084518432617, 6.094150066375732], [-4.800948619842529, 6.093925476074219]]","[0.9999815225601196, 0.9999815225601196, 0.9999814033508301, 0.9999814033508301, 0.9999814033508301, 0.9999814033508301]",genvidbench_common1000,0,,0.9999815225601196,HPoXMfaRYwQ_26_0to580.mp4,F:\MEngDatasets\AIGVDBench\videos\Real\Real\videos\HPoXMfaRYwQ_26_0to580.mp4,test,0,real,Real,,Real,Real,1,False
real_00302,0,"[[-2.4414284229278564, 3.0354862213134766], [-2.441384792327881, 3.035461187362671], [-2.4413559436798096, 3.0354506969451904], [-2.4415740966796875, 3.0357062816619873], [-2.4414143562316895, 3.035524845123291], [-2.441610813140869, 3.035769462585449]]","[0.9958351850509644, 0.9958349466323853, 0.9958347082138062, 0.9958367347717285, 0.9958353042602539, 0.9958370923995972]",genvidbench_common1000,0,,0.9958349466323853,Ghcjnzv4ZjM_5_39to275.mp4,F:\MEngDatasets\AIGVDBench\videos\Real\Real\videos\Ghcjnzv4ZjM_5_39to275.mp4,test,0,real,Real,,Real,Real,1,False
real_00303,0,"[[-9.575644493103027, 14.019123077392578], [-9.575114250183105, 14.018353462219238], [-9.572442054748535, 14.014592170715332], [-9.572242736816406, 14.014172554016113], [-9.572781562805176, 14.01502513885498], [-9.572745323181152, 14.014936447143555]]","[1.0, 1.0, 1.0, 1.0, 1.0, 1.0]",genvidbench_common1000,0,,1.0,Q66yzo2mBBI_1_109to281.mp4,F:\MEngDatasets\AIGVDBench\videos\Real\Real\videos\Q66yzo2mBBI_1_109to281.mp4,test,0,real,Real,,Real,Real,1,False
real_00304,0,"[[-13.63017463684082, 17.934785842895508], [-13.630948066711426, 17.935964584350586], [-13.63096809387207, 17.93606185913086], [-13.631004333496094, 17.936107635498047], [-13.633212089538574, 17.939069747924805], [-13.634695053100586, 17.94141960144043]]","[1.0, 1.0, 1.0, 1.0, 1.0, 1.0]",genvidbench_common1000,0,,1.0,tFMtl2JgxIo_31_0to166.mp4,F:\MEngDatasets\AIGVDBench\videos\Real\Real\videos\tFMtl2JgxIo_31_0to166.mp4,test,0,real,Real,,Real,Real,1,False
real_00305,0,"[[-5.516573429107666, 8.181296348571777], [-5.516512870788574, 8.181089401245117], [-5.517300605773926, 8.182595252990723], [-5.517881393432617, 8.183745384216309], [-5.51702356338501, 8.182260513305664], [-5.5166544914245605, 8.18165111541748]]","[0.999998927116394, 0.999998927116394, 0.999998927116394, 0.999998927116394, 0.999998927116394, 0.999998927116394]",genvidbench_common1000,0,,0.999998927116394,B_Dh5QxGkrg_10_27to348.mp4,F:\MEngDatasets\AIGVDBench\videos\Real\Real\videos\B_Dh5QxGkrg_10_27to348.mp4,test,0,real,Real,,Real,Real,1,False
real_00306,0,"[[-10.877578735351562, 13.228545188903809], [-10.878098487854004, 13.229365348815918], [-10.878724098205566, 13.230245590209961], [-10.878239631652832, 13.229619979858398], [-10.878283500671387, 13.229737281799316], [-10.879302978515625, 13.23116397857666]]","[1.0, 1.0, 1.0, 1.0, 1.0, 1.0]",genvidbench_common1000,0,,1.0,_z-VHQyqbrw_7_160to373.mp4,F:\MEngDatasets\AIGVDBench\videos\Real\Real\videos\_z-VHQyqbrw_7_160to373.mp4,test,0,real,Real,,Real,Real,1,False
real_00307,0,"[[-12.353038787841797, 20.01825714111328], [-12.353049278259277, 20.018281936645508], [-12.35307502746582, 20.018312454223633], [-12.353076934814453, 20.018320083618164], [-12.353231430053711, 20.018592834472656], [-12.353161811828613, 20.018495559692383]]","[1.0, 1.0, 1.0, 1.0, 1.0, 1.0]",genvidbench_common1000,0,,1.0,HHuq1U0XgS8_36_0to136.mp4,F:\MEngDatasets\AIGVDBench\videos\Real\Real\videos\HHuq1U0XgS8_36_0to136.mp4,test,0,real,Real,,Real,Real,1,False
real_00308,0,"[[-6.265070915222168, 8.439326286315918], [-6.265334129333496, 8.439903259277344], [-6.265434741973877, 8.439955711364746], [-6.266451835632324, 8.441622734069824], [-6.268124580383301, 8.444405555725098], [-6.265137672424316, 8.439316749572754]]","[0.9999996423721313, 0.9999996423721313, 0.9999996423721313, 0.9999996423721313, 0.9999996423721313, 0.9999996423721313]",genvidbench_common1000,0,,0.9999996423721313,vUVwNN47Uv0_7_1227to1461.mp4,F:\MEngDatasets\AIGVDBench\videos\Real\Real\videos\vUVwNN47Uv0_7_1227to1461.mp4,test,0,real,Real,,Real,Real,1,False
real_00309,0,"[[-11.206538200378418, 14.976676940917969], [-11.206850051879883, 14.977251052856445], [-11.205941200256348, 14.975749015808105], [-11.205621719360352, 14.975065231323242], [-11.205731391906738, 14.975066184997559], [-11.206061363220215, 14.975762367248535]]","[1.0, 1.0, 1.0, 1.0, 1.0, 1.0]",genvidbench_common1000,0,,1.0,WXecl5wx3l8_1_93to475.mp4,F:\MEngDatasets\AIGVDBench\videos\Real\Real\videos\WXecl5wx3l8_1_93to475.mp4,test,0,real,Real,,Real,Real,1,False
real_00310,0,"[[-14.639609336853027, 21.630159378051758], [-14.639498710632324, 21.629962921142578], [-14.640287399291992, 21.631481170654297], [-14.641501426696777, 21.63336753845215], [-14.64298152923584, 21.63487434387207], [-14.640019416809082, 21.63067054748535]]","[1.0, 1.0, 1.0, 1.0, 1.0, 1.0]",genvidbench_common1000,0,,1.0,5A1hsAWgyp4_9_0to273.mp4,F:\MEngDatasets\AIGVDBench\videos\Real\Real\videos\5A1hsAWgyp4_9_0to273.mp4,test,0,real,Real,,Real,Real,1,False
real_00311,0,"[[-18.676252365112305, 24.139249801635742], [-18.675535202026367, 24.138011932373047], [-18.676761627197266, 24.14023780822754], [-18.676368713378906, 24.140016555786133], [-18.675376892089844, 24.138456344604492], [-18.676645278930664, 24.140321731567383]]","[1.0, 1.0, 1.0, 1.0, 1.0, 1.0]",genvidbench_common1000,0,,1.0,hSGYpeH1Kgs_19_58to420.mp4,F:\MEngDatasets\AIGVDBench\videos\Real\Real\videos\hSGYpeH1Kgs_19_58to420.mp4,test,0,real,Real,,Real,Real,1,False
real_00312,0,"[[-9.378406524658203, 11.172226905822754], [-9.378290176391602, 11.172060012817383], [-9.378439903259277, 11.172258377075195], [-9.378517150878906, 11.172358512878418], [-9.378561019897461, 11.172410011291504], [-9.378816604614258, 11.172711372375488]]","[1.0, 1.0, 1.0, 1.0, 1.0, 1.0]",genvidbench_common1000,0,,1.0,8KWGPcdr-a0_16_0to592.mp4,F:\MEngDatasets\AIGVDBench\videos\Real\Real\videos\8KWGPcdr-a0_16_0to592.mp4,test,0,real,Real,,Real,Real,1,False
real_00313,0,"[[-16.297679901123047, 19.831539154052734], [-16.297842025756836, 19.83163070678711], [-16.297929763793945, 19.831890106201172], [-16.29804039001465, 19.832334518432617], [-16.297679901123047, 19.83160400390625], [-16.297815322875977, 19.831918716430664]]","[1.0, 1.0, 1.0, 1.0, 1.0, 1.0]",genvidbench_common1000,0,,1.0,6KKaJWOOTbc_11_0to193.mp4,F:\MEngDatasets\AIGVDBench\videos\Real\Real\videos\6KKaJWOOTbc_11_0to193.mp4,test,0,real,Real,,Real,Real,1,False
real_00314,0,"[[2.434065580368042, -2.831279993057251], [2.434478998184204, -2.831714391708374], [2.432553768157959, -2.8297266960144043], [2.4285948276519775, -2.8256146907806396], [2.4318511486053467, -2.8289835453033447], [2.4330146312713623, -2.8301916122436523]]","[0.005141040310263634, 0.005136705935001373, 0.0051567405462265015, 0.005198311991989613, 0.0051641627214848995, 0.0051519921980798244]",genvidbench_common1000,0,,0.005136705935001373,zd-EAPpZI_A_56_0to111.mp4,F:\MEngDatasets\AIGVDBench\videos\Real\Real\videos\zd-EAPpZI_A_56_0to111.mp4,test,0,real,Real,,Real,Real,0,True
real_00315,0,"[[-19.68691635131836, 27.17928123474121], [-19.68856430053711, 27.18194007873535], [-19.6893367767334, 27.182952880859375], [-19.689870834350586, 27.183839797973633], [-19.68893051147461, 27.18169593811035], [-19.68903923034668, 27.18228530883789]]","[1.0, 1.0, 1.0, 1.0, 1.0, 1.0]",genvidbench_common1000,0,,1.0,90u26k64J9A_14_0to144.mp4,F:\MEngDatasets\AIGVDBench\videos\Real\Real\videos\90u26k64J9A_14_0to144.mp4,test,0,real,Real,,Real,Real,1,False
real_00316,0,"[[-15.440930366516113, 20.009933471679688], [-15.439422607421875, 20.007408142089844], [-15.439396858215332, 20.007394790649414], [-15.441180229187012, 20.010046005249023], [-15.441532135009766, 20.010759353637695], [-15.439587593078613, 20.008304595947266]]","[1.0, 1.0, 1.0, 1.0, 1.0, 1.0]",genvidbench_common1000,0,,1.0,e22MWfddMOk_40_492to713.mp4,F:\MEngDatasets\AIGVDBench\videos\Real\Real\videos\e22MWfddMOk_40_492to713.mp4,test,0,real,Real,,Real,Real,1,False
real_00317,0,"[[-8.265048027038574, 11.769577980041504], [-8.265061378479004, 11.769591331481934], [-8.265039443969727, 11.769558906555176], [-8.264981269836426, 11.769474029541016], [-8.26490306854248, 11.769299507141113], [-8.264229774475098, 11.768084526062012]]","[1.0, 1.0, 1.0, 1.0, 1.0, 1.0]",genvidbench_common1000,0,,1.0,QWSRMwWSuFs_13_0to106.mp4,F:\MEngDatasets\AIGVDBench\videos\Real\Real\videos\QWSRMwWSuFs_13_0to106.mp4,test,0,real,Real,,Real,Real,1,False
real_00318,0,"[[-9.21773624420166, 13.897557258605957], [-9.218688011169434, 13.898691177368164], [-9.217108726501465, 13.896599769592285], [-9.216949462890625, 13.896708488464355], [-9.218934059143066, 13.899246215820312], [-9.217434883117676, 13.897283554077148]]","[1.0, 1.0, 1.0, 1.0, 1.0, 1.0]",genvidbench_common1000,0,,1.0,Yucbqr3ANi0_19_0to209.mp4,F:\MEngDatasets\AIGVDBench\videos\Real\Real\videos\Yucbqr3ANi0_19_0to209.mp4,test,0,real,Real,,Real,Real,1,False
real_00319,0,"[[10.043219566345215, -10.86754322052002], [10.042659759521484, -10.867369651794434], [10.043316841125488, -10.867637634277344], [10.043364524841309, -10.867622375488281], [10.043524742126465, -10.867688179016113], [10.043037414550781, -10.867552757263184]]","[8.290316766412786e-10, 8.296390796580511e-10, 8.28873580882572e-10, 8.288450481508391e-10, 8.286585861938534e-10, 8.291740072330356e-10]",genvidbench_common1000,0,,8.296390796580511e-10,CmpJjeyTpfU_16_114to217.mp4,F:\MEngDatasets\AIGVDBench\videos\Real\Real\videos\CmpJjeyTpfU_16_114to217.mp4,test,0,real,Real,,Real,Real,0,True
real_00320,0,"[[-17.419940948486328, 19.856203079223633], [-17.418590545654297, 19.854324340820312], [-17.418956756591797, 19.854368209838867], [-17.419775009155273, 19.855552673339844], [-17.419239044189453, 19.85505485534668], [-17.420413970947266, 19.856830596923828]]","[1.0, 1.0, 1.0, 1.0, 1.0, 1.0]",genvidbench_common1000,0,,1.0,rd-zarq6T8Q_17_0to1180.mp4,F:\MEngDatasets\AIGVDBench\videos\Real\Real\videos\rd-zarq6T8Q_17_0to1180.mp4,test,0,real,Real,,Real,Real,1,False
real_00321,0,"[[-11.098352432250977, 15.857686042785645], [-11.098413467407227, 15.857773780822754], [-11.09833812713623, 15.857673645019531], [-11.098533630371094, 15.857950210571289], [-11.098541259765625, 15.857967376708984], [-11.098430633544922, 15.857804298400879]]","[1.0, 1.0, 1.0, 1.0, 1.0, 1.0]",genvidbench_common1000,0,,1.0,8YLy4kHzkdY_72_25to149.mp4,F:\MEngDatasets\AIGVDBench\videos\Real\Real\videos\8YLy4kHzkdY_72_25to149.mp4,test,0,real,Real,,Real,Real,1,False
real_00322,0,"[[1.30026113986969, -0.841886579990387], [1.2999815940856934, -0.8415405750274658], [1.3016053438186646, -0.8434011340141296], [1.301836609840393, -0.8436378240585327], [1.3022160530090332, -0.8439997434616089], [1.3026334047317505, -0.8444873094558716]]","[0.10506726801395416, 0.10512610524892807, 0.10479877144098282, 0.10475488007068634, 0.10468535870313644, 0.10460058599710464]",genvidbench_common1000,0,,0.10512610524892807,Hb9-kcCKO1s_39_0to111.mp4,F:\MEngDatasets\AIGVDBench\videos\Real\Real\videos\Hb9-kcCKO1s_39_0to111.mp4,test,0,real,Real,,Real,Real,0,True
real_00323,0,"[[-3.9419476985931396, 4.809884548187256], [-3.9426660537719727, 4.810808181762695], [-3.942289113998413, 4.81038761138916], [-3.9419124126434326, 4.809911251068115], [-3.941931962966919, 4.810002326965332], [-3.9419357776641846, 4.810031890869141]]","[0.9998418092727661, 0.9998420476913452, 0.9998419284820557, 0.9998418092727661, 0.9998418092727661, 0.9998418092727661]",genvidbench_common1000,0,,0.9998420476913452,LCj92toBBBE_3_0to145.mp4,F:\MEngDatasets\AIGVDBench\videos\Real\Real\videos\LCj92toBBBE_3_0to145.mp4,test,0,real,Real,,Real,Real,1,False
real_00324,0,"[[-9.407929420471191, 13.067907333374023], [-9.40800666809082, 13.068058967590332], [-9.407676696777344, 13.067643165588379], [-9.407683372497559, 13.067663192749023], [-9.40738296508789, 13.067161560058594], [-9.407432556152344, 13.067164421081543]]","[1.0, 1.0, 1.0, 1.0, 1.0, 1.0]",genvidbench_common1000,0,,1.0,XQR-c1MFjEE_14_0to280.mp4,F:\MEngDatasets\AIGVDBench\videos\Real\Real\videos\XQR-c1MFjEE_14_0to280.mp4,test,0,real,Real,,Real,Real,1,False
real_00325,0,"[[-7.959446907043457, 10.520689010620117], [-7.9593658447265625, 10.520622253417969], [-7.9597883224487305, 10.521211624145508], [-7.958413124084473, 10.519296646118164], [-7.957555294036865, 10.518112182617188], [-7.957401275634766, 10.517909049987793]]","[1.0, 1.0, 1.0, 1.0, 1.0, 1.0]",genvidbench_common1000,0,,1.0,XfKW1oVWluY_4_0to131.mp4,F:\MEngDatasets\AIGVDBench\videos\Real\Real\videos\XfKW1oVWluY_4_0to131.mp4,test,0,real,Real,,Real,Real,1,False
real_00326,0,"[[-15.576035499572754, 20.36533546447754], [-15.577134132385254, 20.366992950439453], [-15.577548027038574, 20.367507934570312], [-15.578264236450195, 20.36844825744629], [-15.577662467956543, 20.367589950561523], [-15.576949119567871, 20.366628646850586]]","[1.0, 1.0, 1.0, 1.0, 1.0, 1.0]",genvidbench_common1000,0,,1.0,gcgj6G8r-IQ_28_24to180.mp4,F:\MEngDatasets\AIGVDBench\videos\Real\Real\videos\gcgj6G8r-IQ_28_24to180.mp4,test,0,real,Real,,Real,Real,1,False
real_00327,0,"[[-9.688026428222656, 13.549484252929688], [-9.688146591186523, 13.549436569213867], [-9.68928050994873, 13.551318168640137], [-9.690194129943848, 13.552650451660156], [-9.689369201660156, 13.551337242126465], [-9.688404083251953, 13.549616813659668]]","[1.0, 1.0, 1.0, 1.0, 1.0, 1.0]",genvidbench_common1000,0,,1.0,w-NUjFCZsKM_6_0to101.mp4,F:\MEngDatasets\AIGVDBench\videos\Real\Real\videos\w-NUjFCZsKM_6_0to101.mp4,test,0,real,Real,,Real,Real,1,False
real_00328,0,"[[-8.316767692565918, 11.830303192138672], [-8.316837310791016, 11.83050537109375], [-8.317333221435547, 11.831315040588379], [-8.317317962646484, 11.831332206726074], [-8.31757926940918, 11.83173656463623], [-8.317741394042969, 11.831936836242676]]","[1.0, 1.0, 1.0, 1.0, 1.0, 1.0]",genvidbench_common1000,0,,1.0,urWboswP8pU_13_26to163.mp4,F:\MEngDatasets\AIGVDBench\videos\Real\Real\videos\urWboswP8pU_13_26to163.mp4,test,0,real,Real,,Real,Real,1,False
real_00329,0,"[[-13.806205749511719, 19.06785774230957], [-13.806742668151855, 19.06891441345215], [-13.807019233703613, 19.069433212280273], [-13.806878089904785, 19.069250106811523], [-13.80703067779541, 19.069589614868164], [-13.807168006896973, 19.069896697998047]]","[1.0, 1.0, 1.0, 1.0, 1.0, 1.0]",genvidbench_common1000,0,,1.0,DqGAK7Vi5Jc_28_0to306.mp4,F:\MEngDatasets\AIGVDBench\videos\Real\Real\videos\DqGAK7Vi5Jc_28_0to306.mp4,test,0,real,Real,,Real,Real,1,False
real_00330,0,"[[-6.620935916900635, 8.660277366638184], [-6.621075630187988, 8.660496711730957], [-6.62108850479126, 8.660516738891602], [-6.621248722076416, 8.660774230957031], [-6.620900630950928, 8.660470962524414], [-6.620885848999023, 8.660527229309082]]","[0.9999997615814209, 0.9999997615814209, 0.9999997615814209, 0.9999997615814209, 0.9999997615814209, 0.9999997615814209]",genvidbench_common1000,0,,0.9999997615814209,8ujniyn3tjg_15_0to235.mp4,F:\MEngDatasets\AIGVDBench\videos\Real\Real\videos\8ujniyn3tjg_15_0to235.mp4,test,0,real,Real,,Real,Real,1,False
real_00331,0,"[[-7.415189743041992, 11.460343360900879], [-7.41631555557251, 11.462124824523926], [-7.416481971740723, 11.462377548217773], [-7.416664123535156, 11.462666511535645], [-7.416591644287109, 11.462599754333496], [-7.416314125061035, 11.462091445922852]]","[1.0, 1.0, 1.0, 1.0, 1.0, 1.0]",genvidbench_common1000,0,,1.0,WG-gUJfXJrE_43_100to638.mp4,F:\MEngDatasets\AIGVDBench\videos\Real\Real\videos\WG-gUJfXJrE_43_100to638.mp4,test,0,real,Real,,Real,Real,1,False
real_00332,0,"[[-12.84467887878418, 16.69246482849121], [-12.844609260559082, 16.69215965270996], [-12.844165802001953, 16.690805435180664], [-12.844300270080566, 16.69161033630371], [-12.844367027282715, 16.691495895385742], [-12.84438419342041, 16.691621780395508]]","[1.0, 1.0, 1.0, 1.0, 1.0, 1.0]",genvidbench_common1000,0,,1.0,peZbzdef1Hs_8_0to315.mp4,F:\MEngDatasets\AIGVDBench\videos\Real\Real\videos\peZbzdef1Hs_8_0to315.mp4,test,0,real,Real,,Real,Real,1,False
real_00333,0,"[[-6.712971210479736, 8.330541610717773], [-6.713565349578857, 8.331399917602539], [-6.713474750518799, 8.331250190734863], [-6.714111804962158, 8.331951141357422], [-6.713653087615967, 8.331324577331543], [-6.713604927062988, 8.331313133239746]]","[0.9999997615814209, 0.9999997615814209, 0.9999997615814209, 0.9999997615814209, 0.9999997615814209, 0.9999997615814209]",genvidbench_common1000,0,,0.9999997615814209,cgexTg6KRsQ_179_29to182.mp4,F:\MEngDatasets\AIGVDBench\videos\Real\Real\videos\cgexTg6KRsQ_179_29to182.mp4,test,0,real,Real,,Real,Real,1,False
real_00334,0,"[[-10.66511058807373, 15.81062126159668], [-10.664594650268555, 15.809663772583008], [-10.664801597595215, 15.81009578704834], [-10.66573429107666, 15.811564445495605], [-10.667126655578613, 15.813669204711914], [-10.66511344909668, 15.810632705688477]]","[1.0, 1.0, 1.0, 1.0, 1.0, 1.0]",genvidbench_common1000,0,,1.0,0yt-RZwC4o4_157_25to153.mp4,F:\MEngDatasets\AIGVDBench\videos\Real\Real\videos\0yt-RZwC4o4_157_25to153.mp4,test,0,real,Real,,Real,Real,1,False
real_00335,0,"[[-13.37402057647705, 16.50290870666504], [-13.37817668914795, 16.509111404418945], [-13.376568794250488, 16.50687599182129], [-13.374882698059082, 16.50432777404785], [-13.374457359313965, 16.503494262695312], [-13.373855590820312, 16.502479553222656]]","[1.0, 1.0, 1.0, 1.0, 1.0, 1.0]",genvidbench_common1000,0,,1.0,5xn-IIkZ3fA_28_0to254.mp4,F:\MEngDatasets\AIGVDBench\videos\Real\Real\videos\5xn-IIkZ3fA_28_0to254.mp4,test,0,real,Real,,Real,Real,1,False
real_00336,0,"[[-13.803498268127441, 21.561986923217773], [-13.803666114807129, 21.562103271484375], [-13.803604125976562, 21.561981201171875], [-13.803762435913086, 21.562318801879883], [-13.80364990234375, 21.562135696411133], [-13.803788185119629, 21.562652587890625]]","[1.0, 1.0, 1.0, 1.0, 1.0, 1.0]",genvidbench_common1000,0,,1.0,0ojwJ00IxOM_5_96to472.mp4,F:\MEngDatasets\AIGVDBench\videos\Real\Real\videos\0ojwJ00IxOM_5_96to472.mp4,test,0,real,Real,,Real,Real,1,False
real_00337,0,"[[-6.577081203460693, 9.941191673278809], [-6.576808929443359, 9.940759658813477], [-6.576157569885254, 9.93942642211914], [-6.576572418212891, 9.93990421295166], [-6.575863361358643, 9.938860893249512], [-6.575535297393799, 9.938368797302246]]","[0.9999998807907104, 0.9999998807907104, 0.9999998807907104, 0.9999998807907104, 0.9999998807907104, 0.9999998807907104]",genvidbench_common1000,0,,0.9999998807907104,uUoQuaVcXu4_89_48to151.mp4,F:\MEngDatasets\AIGVDBench\videos\Real\Real\videos\uUoQuaVcXu4_89_48to151.mp4,test,0,real,Real,,Real,Real,1,False
real_00338,0,"[[-7.092642307281494, 9.279613494873047], [-7.09286642074585, 9.279739379882812], [-7.092453479766846, 9.278950691223145], [-7.092193603515625, 9.278674125671387], [-7.0928521156311035, 9.279949188232422], [-7.093245983123779, 9.280828475952148]]","[0.9999998807907104, 0.9999998807907104, 0.9999998807907104, 0.9999998807907104, 0.9999998807907104, 0.9999998807907104]",genvidbench_common1000,0,,0.9999998807907104,FQZcloAq5bo_11_27to169.mp4,F:\MEngDatasets\AIGVDBench\videos\Real\Real\videos\FQZcloAq5bo_11_27to169.mp4,test,0,real,Real,,Real,Real,1,False
real_00339,0,"[[-19.69997215270996, 28.49835968017578], [-19.697235107421875, 28.49131965637207], [-19.697786331176758, 28.492862701416016], [-19.698646545410156, 28.493932723999023], [-19.69867515563965, 28.49449348449707], [-19.698972702026367, 28.495201110839844]]","[1.0, 1.0, 1.0, 1.0, 1.0, 1.0]",genvidbench_common1000,0,,1.0,49t2UhE8UfA_415_0to131.mp4,F:\MEngDatasets\AIGVDBench\videos\Real\Real\videos\49t2UhE8UfA_415_0to131.mp4,test,0,real,Real,,Real,Real,1,False
real_00340,0,"[[-10.522828102111816, 12.251343727111816], [-10.522242546081543, 12.250587463378906], [-10.522021293640137, 12.250288009643555], [-10.521546363830566, 12.249654769897461], [-10.522211074829102, 12.250566482543945], [-10.522339820861816, 12.25064754486084]]","[1.0, 1.0, 1.0, 1.0, 1.0, 1.0]",genvidbench_common1000,0,,1.0,FcQuhewq7_c_10_565to788.mp4,F:\MEngDatasets\AIGVDBench\videos\Real\Real\videos\FcQuhewq7_c_10_565to788.mp4,test,0,real,Real,,Real,Real,1,False
real_00341,0,"[[-9.53066349029541, 11.046194076538086], [-9.530352592468262, 11.045668601989746], [-9.527633666992188, 11.041983604431152], [-9.529003143310547, 11.043645858764648], [-9.533211708068848, 11.048861503601074], [-9.533364295959473, 11.049066543579102]]","[1.0, 1.0, 1.0, 1.0, 1.0, 1.0]",genvidbench_common1000,0,,1.0,9WeoZZ5CcY8_35_0to439.mp4,F:\MEngDatasets\AIGVDBench\videos\Real\Real\videos\9WeoZZ5CcY8_35_0to439.mp4,test,0,real,Real,,Real,Real,1,False
real_00342,0,"[[-21.186962127685547, 28.818496704101562], [-21.18538475036621, 28.81619644165039], [-21.185302734375, 28.816015243530273], [-21.18537712097168, 28.81612777709961], [-21.18895721435547, 28.820972442626953], [-21.18509292602539, 28.815696716308594]]","[1.0, 1.0, 1.0, 1.0, 1.0, 1.0]",genvidbench_common1000,0,,1.0,2B9BLASX3YQ_27_0to157.mp4,F:\MEngDatasets\AIGVDBench\videos\Real\Real\videos\2B9BLASX3YQ_27_0to157.mp4,test,0,real,Real,,Real,Real,1,False
real_00343,0,"[[-21.90471649169922, 26.916202545166016], [-21.905303955078125, 26.917123794555664], [-21.907155990600586, 26.920372009277344], [-21.905296325683594, 26.917720794677734], [-21.905025482177734, 26.917627334594727], [-21.9056339263916, 26.918682098388672]]","[1.0, 1.0, 1.0, 1.0, 1.0, 1.0]",genvidbench_common1000,0,,1.0,LV3MODQ0IRs_9_22to142.mp4,F:\MEngDatasets\AIGVDBench\videos\Real\Real\videos\LV3MODQ0IRs_9_22to142.mp4,test,0,real,Real,,Real,Real,1,False
real_00344,0,"[[-6.681166172027588, 9.156294822692871], [-6.680485725402832, 9.15544605255127], [-6.680297374725342, 9.15522575378418], [-6.679948806762695, 9.15475082397461], [-6.680119514465332, 9.155035972595215]]","[0.9999998807907104, 0.9999998807907104, 0.9999998807907104, 0.9999998807907104, 0.9999998807907104]",genvidbench_common1000,0,,0.9999998807907104,R076_ORzIgM_1_0to303.mp4,F:\MEngDatasets\AIGVDBench\videos\Real\Real\videos\R076_ORzIgM_1_0to303.mp4,test,0,real,Real,,Real,Real,1,False
real_00345,0,"[[-10.623680114746094, 13.639737129211426], [-10.622841835021973, 13.638837814331055], [-10.621094703674316, 13.636183738708496], [-10.621044158935547, 13.63612174987793], [-10.620989799499512, 13.636051177978516], [-10.621089935302734, 13.636195182800293]]","[1.0, 1.0, 1.0, 1.0, 1.0, 1.0]",genvidbench_common1000,0,,1.0,7TxVWght5yw_4_0to296.mp4,F:\MEngDatasets\AIGVDBench\videos\Real\Real\videos\7TxVWght5yw_4_0to296.mp4,test,0,real,Real,,Real,Real,1,False
real_00346,0,"[[-9.880818367004395, 13.890719413757324], [-9.881769180297852, 13.892337799072266], [-9.882698059082031, 13.893880844116211], [-9.881298065185547, 13.891719818115234], [-9.881460189819336, 13.89216423034668], [-9.882514953613281, 13.893966674804688]]","[1.0, 1.0, 1.0, 1.0, 1.0, 1.0]",genvidbench_common1000,0,,1.0,PF7NpKG_S8g_2_56to408.mp4,F:\MEngDatasets\AIGVDBench\videos\Real\Real\videos\PF7NpKG_S8g_2_56to408.mp4,test,0,real,Real,,Real,Real,1,False
real_00347,0,"[[-13.940430641174316, 19.084705352783203], [-13.940645217895508, 19.085235595703125], [-13.940306663513184, 19.084598541259766], [-13.940388679504395, 19.0851993560791], [-13.94023323059082, 19.085033416748047], [-13.94002628326416, 19.084651947021484]]","[1.0, 1.0, 1.0, 1.0, 1.0, 1.0]",genvidbench_common1000,0,,1.0,UgUXeOJEmjQ_2_66to213.mp4,F:\MEngDatasets\AIGVDBench\videos\Real\Real\videos\UgUXeOJEmjQ_2_66to213.mp4,test,0,real,Real,,Real,Real,1,False
real_00348,0,"[[-4.53508996963501, 7.100826740264893], [-4.535078525543213, 7.1008195877075195], [-4.535098075866699, 7.10084342956543], [-4.536713123321533, 7.102924823760986], [-4.537792205810547, 7.104313850402832], [-4.537811756134033, 7.1043381690979]]","[0.9999911785125732, 0.9999911785125732, 0.9999911785125732, 0.9999911785125732, 0.9999911785125732, 0.9999911785125732]",genvidbench_common1000,0,,0.9999911785125732,ZVJ5oLS74mc_81_120to282.mp4,F:\MEngDatasets\AIGVDBench\videos\Real\Real\videos\ZVJ5oLS74mc_81_120to282.mp4,test,0,real,Real,,Real,Real,1,False
real_00349,0,"[[-3.7872254848480225, 6.136877536773682], [-3.7875940799713135, 6.137375831604004], [-3.787777900695801, 6.137534141540527], [-3.7879865169525146, 6.137938499450684], [-3.786759376525879, 6.136343002319336], [-3.7881929874420166, 6.138257026672363]]","[0.9999510049819946, 0.9999510049819946, 0.9999511241912842, 0.9999511241912842, 0.9999510049819946, 0.9999511241912842]",genvidbench_common1000,0,,0.9999510049819946,wyQ6oYCe4uA_27_0to175.mp4,F:\MEngDatasets\AIGVDBench\videos\Real\Real\videos\wyQ6oYCe4uA_27_0to175.mp4,test,0,real,Real,,Real,Real,1,False
real_00350,0,"[[-20.70521354675293, 28.265153884887695], [-20.70508575439453, 28.264890670776367], [-20.70636749267578, 28.267366409301758], [-20.705842971801758, 28.266836166381836], [-20.704166412353516, 28.263397216796875], [-20.70437240600586, 28.26390838623047]]","[1.0, 1.0, 1.0, 1.0, 1.0, 1.0]",genvidbench_common1000,0,,1.0,RidX1TOSQDg_19_21to218.mp4,F:\MEngDatasets\AIGVDBench\videos\Real\Real\videos\RidX1TOSQDg_19_21to218.mp4,test,0,real,Real,,Real,Real,1,False
real_00351,0,"[[-3.622441291809082, 5.676389694213867], [-3.622199058532715, 5.675853729248047], [-3.6219232082366943, 5.675381183624268], [-3.622692823410034, 5.676662445068359], [-3.622739791870117, 5.676738739013672], [-3.6219027042388916, 5.675052642822266]]","[0.999908447265625, 0.999908447265625, 0.9999083280563354, 0.9999085664749146, 0.9999085664749146, 0.9999083280563354]",genvidbench_common1000,0,,0.999908447265625,7TCW9wOxAWk_48_0to214.mp4,F:\MEngDatasets\AIGVDBench\videos\Real\Real\videos\7TCW9wOxAWk_48_0to214.mp4,test,0,real,Real,,Real,Real,1,False
real_00352,0,"[[-9.216501235961914, 13.312295913696289], [-9.216289520263672, 13.31201457977295], [-9.216313362121582, 13.312115669250488], [-9.216309547424316, 13.312085151672363], [-9.216442108154297, 13.312349319458008], [-9.216472625732422, 13.31245231628418]]","[1.0, 1.0, 1.0, 1.0, 1.0, 1.0]",genvidbench_common1000,0,,1.0,rgdTYAO41ZM_25_0to285.mp4,F:\MEngDatasets\AIGVDBench\videos\Real\Real\videos\rgdTYAO41ZM_25_0to285.mp4,test,0,real,Real,,Real,Real,1,False
real_00353,0,"[[-12.0923490524292, 16.749805450439453], [-12.09221363067627, 16.749553680419922], [-12.091773986816406, 16.748334884643555], [-12.09170913696289, 16.747859954833984], [-12.092183113098145, 16.748746871948242], [-12.092019081115723, 16.748395919799805]]","[1.0, 1.0, 1.0, 1.0, 1.0, 1.0]",genvidbench_common1000,0,,1.0,zBKLvi7AnQQ_145_0to106.mp4,F:\MEngDatasets\AIGVDBench\videos\Real\Real\videos\zBKLvi7AnQQ_145_0to106.mp4,test,0,real,Real,,Real,Real,1,False
real_00354,0,"[[-6.999441146850586, 11.520444869995117], [-7.000471591949463, 11.52200698852539], [-7.000198841094971, 11.52163028717041], [-6.999093532562256, 11.519861221313477], [-6.9988579750061035, 11.51940631866455], [-6.998951435089111, 11.519233703613281]]","[1.0, 1.0, 1.0, 1.0, 1.0, 1.0]",genvidbench_common1000,0,,1.0,gi3DWHw_Ufs_9_0to127.mp4,F:\MEngDatasets\AIGVDBench\videos\Real\Real\videos\gi3DWHw_Ufs_9_0to127.mp4,test,0,real,Real,,Real,Real,1,False
real_00355,0,"[[-12.485225677490234, 16.886877059936523], [-12.482605934143066, 16.88313865661621], [-12.485509872436523, 16.88718605041504], [-12.48290729522705, 16.883665084838867], [-12.483436584472656, 16.884363174438477], [-12.485239028930664, 16.88667106628418]]","[1.0, 1.0, 1.0, 1.0, 1.0, 1.0]",genvidbench_common1000,0,,1.0,l83gNISH_wE_26_46to148.mp4,F:\MEngDatasets\AIGVDBench\videos\Real\Real\videos\l83gNISH_wE_26_46to148.mp4,test,0,real,Real,,Real,Real,1,False
real_00356,0,"[[-17.154945373535156, 21.54740333557129], [-17.154041290283203, 21.545806884765625], [-17.153615951538086, 21.544933319091797], [-17.153827667236328, 21.545228958129883], [-17.153562545776367, 21.544830322265625], [-17.154855728149414, 21.547021865844727]]","[1.0, 1.0, 1.0, 1.0, 1.0, 1.0]",genvidbench_common1000,0,,1.0,31XudeRs0cI_66_0to150.mp4,F:\MEngDatasets\AIGVDBench\videos\Real\Real\videos\31XudeRs0cI_66_0to150.mp4,test,0,real,Real,,Real,Real,1,False
real_00357,0,"[[-7.501585483551025, 10.762280464172363], [-7.500764846801758, 10.761080741882324], [-7.501161098480225, 10.761520385742188], [-7.502136707305908, 10.762773513793945], [-7.50175142288208, 10.762256622314453], [-7.501153945922852, 10.76157283782959]]","[1.0, 1.0, 1.0, 1.0, 1.0, 1.0]",genvidbench_common1000,0,,1.0,WRQ-RSNImIM_3_0to123.mp4,F:\MEngDatasets\AIGVDBench\videos\Real\Real\videos\WRQ-RSNImIM_3_0to123.mp4,test,0,real,Real,,Real,Real,1,False
real_00358,0,"[[-13.987736701965332, 17.60010528564453], [-13.979509353637695, 17.588796615600586], [-13.978804588317871, 17.58775520324707], [-13.979696273803711, 17.588993072509766], [-13.9815673828125, 17.59149742126465], [-13.980692863464355, 17.590391159057617]]","[1.0, 1.0, 1.0, 1.0, 1.0, 1.0]",genvidbench_common1000,0,,1.0,9XyuVIYcDvg_77_0to148.mp4,F:\MEngDatasets\AIGVDBench\videos\Real\Real\videos\9XyuVIYcDvg_77_0to148.mp4,test,0,real,Real,,Real,Real,1,False
real_00359,0,"[[-3.0029823780059814, 4.22000789642334], [-3.0034019947052, 4.220591068267822], [-3.0032079219818115, 4.220311164855957], [-3.0038199424743652, 4.220985412597656], [-3.0037574768066406, 4.2208781242370605], [-3.003706455230713, 4.2208027839660645]]","[0.9992709755897522, 0.9992716908454895, 0.9992713332176208, 0.9992722868919373, 0.9992721676826477, 0.9992720484733582]",genvidbench_common1000,0,,0.9992716908454895,OFGnDcLXfo0_4_0to137.mp4,F:\MEngDatasets\AIGVDBench\videos\Real\Real\videos\OFGnDcLXfo0_4_0to137.mp4,test,0,real,Real,,Real,Real,1,False
real_00360,0,"[[2.0753161907196045, -2.588359832763672], [2.0749094486236572, -2.5879242420196533], [2.076958656311035, -2.5901575088500977], [2.077502965927124, -2.590830087661743], [2.078329563140869, -2.5917577743530273], [2.0782434940338135, -2.5916388034820557]]","[0.00934359896928072, 0.009351400658488274, 0.009311811998486519, 0.0093005932867527, 0.009284443221986294, 0.009286327287554741]",genvidbench_common1000,0,,0.009351400658488274,26oLlN0r43Y_23_0to113.mp4,F:\MEngDatasets\AIGVDBench\videos\Real\Real\videos\26oLlN0r43Y_23_0to113.mp4,test,0,real,Real,,Real,Real,0,True
real_00361,0,"[[-7.39786434173584, 11.079290390014648], [-7.3979291915893555, 11.079413414001465], [-7.397296905517578, 11.078509330749512], [-7.397337436676025, 11.07858657836914], [-7.397337436676025, 11.07858657836914], [-7.397297382354736, 11.078509330749512]]","[1.0, 1.0, 1.0, 1.0, 1.0, 1.0]",genvidbench_common1000,0,,1.0,Twqwaglkj0w_18_129to303.mp4,F:\MEngDatasets\AIGVDBench\videos\Real\Real\videos\Twqwaglkj0w_18_129to303.mp4,test,0,real,Real,,Real,Real,1,False
real_00362,0,"[[-15.71658706665039, 24.680627822875977], [-15.71678638458252, 24.681346893310547], [-15.717225074768066, 24.682138442993164], [-15.716862678527832, 24.68168067932129], [-15.716045379638672, 24.68003273010254], [-15.715819358825684, 24.679677963256836]]","[1.0, 1.0, 1.0, 1.0, 1.0, 1.0]",genvidbench_common1000,0,,1.0,Rl9aNRRRLes_0_0to270.mp4,F:\MEngDatasets\AIGVDBench\videos\Real\Real\videos\Rl9aNRRRLes_0_0to270.mp4,test,0,real,Real,,Real,Real,1,False
real_00363,0,"[[-4.095005512237549, 5.852187156677246], [-4.088426113128662, 5.845029830932617], [-4.088769912719727, 5.845415115356445], [-4.09226655960083, 5.8490891456604], [-4.0968451499938965, 5.854241371154785]]","[0.9999521970748901, 0.9999514818191528, 0.9999514818191528, 0.9999518394470215, 0.9999523162841797]",genvidbench_common1000,0,,0.9999514818191528,lf6pex8dvzY_4_59to474.mp4,F:\MEngDatasets\AIGVDBench\videos\Real\Real\videos\lf6pex8dvzY_4_59to474.mp4,test,0,real,Real,,Real,Real,1,False
real_00364,0,"[[-8.527588844299316, 10.478859901428223], [-8.52721881866455, 10.478425025939941], [-8.526883125305176, 10.478034019470215], [-8.527493476867676, 10.478788375854492], [-8.526060104370117, 10.477058410644531], [-8.526055335998535, 10.477042198181152]]","[1.0, 1.0, 1.0, 1.0, 1.0, 1.0]",genvidbench_common1000,0,,1.0,0xqq0sCP5zw_31_0to146.mp4,F:\MEngDatasets\AIGVDBench\videos\Real\Real\videos\0xqq0sCP5zw_31_0to146.mp4,test,0,real,Real,,Real,Real,1,False
real_00365,0,"[[-7.560891151428223, 10.755067825317383], [-7.560817241668701, 10.755019187927246], [-7.560840606689453, 10.755030632019043], [-7.5608696937561035, 10.755108833312988], [-7.561200141906738, 10.755633354187012], [-7.561111927032471, 10.755510330200195]]","[1.0, 1.0, 1.0, 1.0, 1.0, 1.0]",genvidbench_common1000,0,,1.0,m7V1i3jhomo_105_0to194.mp4,F:\MEngDatasets\AIGVDBench\videos\Real\Real\videos\m7V1i3jhomo_105_0to194.mp4,test,0,real,Real,,Real,Real,1,False
real_00366,0,"[[-14.872873306274414, 18.920150756835938], [-14.872011184692383, 18.9190731048584], [-14.872448921203613, 18.919771194458008], [-14.87234115600586, 18.919511795043945], [-14.871588706970215, 18.918561935424805], [-14.872331619262695, 18.91973114013672]]","[1.0, 1.0, 1.0, 1.0, 1.0, 1.0]",genvidbench_common1000,0,,1.0,3dD02kCEhsc_18_107to226.mp4,F:\MEngDatasets\AIGVDBench\videos\Real\Real\videos\3dD02kCEhsc_18_107to226.mp4,test,0,real,Real,,Real,Real,1,False
real_00367,0,"[[-12.982101440429688, 18.73799705505371], [-12.981108665466309, 18.73655128479004], [-12.982186317443848, 18.73827362060547], [-12.981929779052734, 18.73771095275879], [-12.981682777404785, 18.73740577697754], [-12.981430053710938, 18.736955642700195]]","[1.0, 1.0, 1.0, 1.0, 1.0, 1.0]",genvidbench_common1000,0,,1.0,Nkbw67bFRXo_10_30to345.mp4,F:\MEngDatasets\AIGVDBench\videos\Real\Real\videos\Nkbw67bFRXo_10_30to345.mp4,test,0,real,Real,,Real,Real,1,False
real_00368,0,"[[-13.403810501098633, 17.313106536865234], [-13.404376983642578, 17.313993453979492], [-13.404105186462402, 17.313657760620117], [-13.40411376953125, 17.313697814941406], [-13.40550422668457, 17.315656661987305], [-13.40611457824707, 17.316654205322266]]","[1.0, 1.0, 1.0, 1.0, 1.0, 1.0]",genvidbench_common1000,0,,1.0,Y7qCpUrDv1Y_45_0to163.mp4,F:\MEngDatasets\AIGVDBench\videos\Real\Real\videos\Y7qCpUrDv1Y_45_0to163.mp4,test,0,real,Real,,Real,Real,1,False
real_00369,0,"[[-14.19901180267334, 17.643474578857422], [-14.19881820678711, 17.643348693847656], [-14.198772430419922, 17.643516540527344], [-14.1990385055542, 17.64386558532715], [-14.198480606079102, 17.64314842224121], [-14.197378158569336, 17.641422271728516]]","[1.0, 1.0, 1.0, 1.0, 1.0, 1.0]",genvidbench_common1000,0,,1.0,vMZFya23iKw_5_24to304.mp4,F:\MEngDatasets\AIGVDBench\videos\Real\Real\videos\vMZFya23iKw_5_24to304.mp4,test,0,real,Real,,Real,Real,1,False
real_00370,0,"[[4.647592067718506, -5.054230690002441], [4.647552490234375, -5.05418062210083], [4.647581100463867, -5.054221153259277], [4.648385047912598, -5.0551910400390625], [4.648653507232666, -5.055508613586426], [4.648780345916748, -5.055675983428955]]","[6.116818258306012e-05, 6.117366865510121e-05, 6.116941221989691e-05, 6.10610077274032e-05, 6.1025206377962604e-05, 6.100728205638006e-05]",genvidbench_common1000,0,,6.117366865510121e-05,2v8cSbtddZA_5_0to128.mp4,F:\MEngDatasets\AIGVDBench\videos\Real\Real\videos\2v8cSbtddZA_5_0to128.mp4,test,0,real,Real,,Real,Real,0,True
real_00371,0,"[[4.058004856109619, -4.595446586608887], [4.058136463165283, -4.595560550689697], [4.058383464813232, -4.595770359039307], [4.0581536293029785, -4.595573902130127], [4.057833671569824, -4.595297336578369], [4.057998180389404, -4.5954389572143555]]","[0.00017449290317017585, 0.0001744501496432349, 0.00017437050701119006, 0.00017444483819417655, 0.0001745488407323137, 0.00017449556617066264]",genvidbench_common1000,0,,0.0001744501496432349,lQeVwW6IUH0_81_0to110.mp4,F:\MEngDatasets\AIGVDBench\videos\Real\Real\videos\lQeVwW6IUH0_81_0to110.mp4,test,0,real,Real,,Real,Real,0,True
real_00372,0,"[[-7.822187423706055, 10.519301414489746], [-7.8222503662109375, 10.519352912902832], [-7.822155475616455, 10.518949508666992], [-7.822141170501709, 10.51889705657959], [-7.82228422164917, 10.519021987915039], [-7.822404861450195, 10.519230842590332]]","[1.0, 1.0, 1.0, 1.0, 1.0, 1.0]",genvidbench_common1000,0,,1.0,e-cj2KueU0w_57_249to386.mp4,F:\MEngDatasets\AIGVDBench\videos\Real\Real\videos\e-cj2KueU0w_57_249to386.mp4,test,0,real,Real,,Real,Real,1,False
real_00373,0,"[[-8.78835391998291, 11.457223892211914], [-8.7882080078125, 11.456934928894043], [-8.787723541259766, 11.456016540527344], [-8.787623405456543, 11.455838203430176], [-8.78769588470459, 11.455964088439941], [-8.787676811218262, 11.455927848815918]]","[1.0, 1.0, 1.0, 1.0, 1.0, 1.0]",genvidbench_common1000,0,,1.0,csvw7Azxbf4_13_0to151.mp4,F:\MEngDatasets\AIGVDBench\videos\Real\Real\videos\csvw7Azxbf4_13_0to151.mp4,test,0,real,Real,,Real,Real,1,False
real_00374,0,"[[-9.115118026733398, 12.45035457611084], [-9.115120887756348, 12.450370788574219], [-9.118570327758789, 12.454428672790527], [-9.120039939880371, 12.456168174743652], [-9.120038986206055, 12.456168174743652], [-9.120038986206055, 12.456168174743652]]","[1.0, 1.0, 1.0, 1.0, 1.0, 1.0]",genvidbench_common1000,0,,1.0,y_4S3juFS3I_61_0to115.mp4,F:\MEngDatasets\AIGVDBench\videos\Real\Real\videos\y_4S3juFS3I_61_0to115.mp4,test,0,real,Real,,Real,Real,1,False
real_00375,0,"[[-12.179847717285156, 15.828757286071777], [-12.179460525512695, 15.828174591064453], [-12.17984390258789, 15.828755378723145], [-12.179410934448242, 15.828054428100586], [-12.179734230041504, 15.82856273651123], [-12.179183959960938, 15.82769775390625]]","[1.0, 1.0, 1.0, 1.0, 1.0, 1.0]",genvidbench_common1000,0,,1.0,3NzWDC2xIx8_8_0to140.mp4,F:\MEngDatasets\AIGVDBench\videos\Real\Real\videos\3NzWDC2xIx8_8_0to140.mp4,test,0,real,Real,,Real,Real,1,False
real_00376,0,"[[-9.857475280761719, 11.957261085510254], [-9.85806941986084, 11.95807933807373], [-9.857898712158203, 11.957887649536133], [-9.856428146362305, 11.95549201965332], [-9.856658935546875, 11.955937385559082], [-9.856687545776367, 11.955986022949219]]","[1.0, 1.0, 1.0, 1.0, 1.0, 1.0]",genvidbench_common1000,0,,1.0,tAyqv7qX1BA_109_0to153.mp4,F:\MEngDatasets\AIGVDBench\videos\Real\Real\videos\tAyqv7qX1BA_109_0to153.mp4,test,0,real,Real,,Real,Real,1,False
real_00377,0,"[[-9.734087944030762, 12.433638572692871], [-9.733489036560059, 12.432684898376465], [-9.733241081237793, 12.432297706604004], [-9.73183822631836, 12.430601119995117], [-9.731879234313965, 12.430628776550293], [-9.73328685760498, 12.43277359008789]]","[1.0, 1.0, 1.0, 1.0, 1.0, 1.0]",genvidbench_common1000,0,,1.0,hgpqnWcv7uw_71_19to447.mp4,F:\MEngDatasets\AIGVDBench\videos\Real\Real\videos\hgpqnWcv7uw_71_19to447.mp4,test,0,real,Real,,Real,Real,1,False
real_00378,0,"[[-4.012890815734863, 3.983031749725342], [-4.012945175170898, 3.9831087589263916], [-4.012720108032227, 3.9828450679779053], [-4.01273250579834, 3.9828600883483887], [-4.01289701461792, 3.983067750930786], [-4.012815475463867, 3.9829535484313965]]","[0.999663233757019, 0.9996633529663086, 0.9996631145477295, 0.999663233757019, 0.9996633529663086, 0.999663233757019]",genvidbench_common1000,0,,0.9996633529663086,J1lBHGzqoQA_13_0to102.mp4,F:\MEngDatasets\AIGVDBench\videos\Real\Real\videos\J1lBHGzqoQA_13_0to102.mp4,test,0,real,Real,,Real,Real,1,False
real_00379,0,"[[-11.42145824432373, 14.872196197509766], [-11.422343254089355, 14.87362289428711], [-11.422389030456543, 14.873594284057617], [-11.422357559204102, 14.873490333557129], [-11.422660827636719, 14.873906135559082], [-11.42223834991455, 14.873218536376953]]","[1.0, 1.0, 1.0, 1.0, 1.0, 1.0]",genvidbench_common1000,0,,1.0,ENIw1quFhGc_24_29to136.mp4,F:\MEngDatasets\AIGVDBench\videos\Real\Real\videos\ENIw1quFhGc_24_29to136.mp4,test,0,real,Real,,Real,Real,1,False
real_00380,0,"[[-13.465452194213867, 17.26168441772461], [-13.465147018432617, 17.261199951171875], [-13.46495246887207, 17.26092529296875], [-13.46589183807373, 17.262300491333008], [-13.468320846557617, 17.265827178955078], [-13.46817398071289, 17.265640258789062]]","[1.0, 1.0, 1.0, 1.0, 1.0, 1.0]",genvidbench_common1000,0,,1.0,lK9ytBrA5Bs_11_0to281.mp4,F:\MEngDatasets\AIGVDBench\videos\Real\Real\videos\lK9ytBrA5Bs_11_0to281.mp4,test,0,real,Real,,Real,Real,1,False
real_00381,0,"[[-15.260497093200684, 18.765474319458008], [-15.259881019592285, 18.7645206451416], [-15.259523391723633, 18.764019012451172], [-15.259568214416504, 18.76426887512207], [-15.259763717651367, 18.76453971862793], [-15.259647369384766, 18.764249801635742]]","[1.0, 1.0, 1.0, 1.0, 1.0, 1.0]",genvidbench_common1000,0,,1.0,r_nOiEVkhGM_6_64to735.mp4,F:\MEngDatasets\AIGVDBench\videos\Real\Real\videos\r_nOiEVkhGM_6_64to735.mp4,test,0,real,Real,,Real,Real,1,False
real_00382,0,"[[-4.723425388336182, 7.152222156524658], [-4.723546504974365, 7.152409076690674], [-4.723272323608398, 7.151844024658203], [-4.722999095916748, 7.151351451873779], [-4.7232890129089355, 7.151837348937988], [-4.723395347595215, 7.152148246765137]]","[0.999993085861206, 0.999993085861206, 0.999993085861206, 0.999993085861206, 0.999993085861206, 0.999993085861206]",genvidbench_common1000,0,,0.999993085861206,nDbgFCWpnNk_3_43to204.mp4,F:\MEngDatasets\AIGVDBench\videos\Real\Real\videos\nDbgFCWpnNk_3_43to204.mp4,test,0,real,Real,,Real,Real,1,False
real_00383,0,"[[-19.276277542114258, 26.016450881958008], [-19.27859878540039, 26.019880294799805], [-19.278385162353516, 26.01962661743164], [-19.276395797729492, 26.016727447509766], [-19.277193069458008, 26.017744064331055], [-19.279224395751953, 26.0207576751709]]","[1.0, 1.0, 1.0, 1.0, 1.0, 1.0]",genvidbench_common1000,0,,1.0,wylDl_NBMMk_3_0to262.mp4,F:\MEngDatasets\AIGVDBench\videos\Real\Real\videos\wylDl_NBMMk_3_0to262.mp4,test,0,real,Real,,Real,Real,1,False
real_00384,0,"[[-16.228092193603516, 22.192678451538086], [-16.227554321289062, 22.191843032836914], [-16.227249145507812, 22.191436767578125], [-16.22733497619629, 22.19148826599121], [-16.227537155151367, 22.191730499267578], [-16.22869300842285, 22.19350242614746]]","[1.0, 1.0, 1.0, 1.0, 1.0, 1.0]",genvidbench_common1000,0,,1.0,NPg_pFZLago_38_0to177.mp4,F:\MEngDatasets\AIGVDBench\videos\Real\Real\videos\NPg_pFZLago_38_0to177.mp4,test,0,real,Real,,Real,Real,1,False
real_00385,0,"[[-2.8555917739868164, 3.5458648204803467], [-2.8558785915374756, 3.546241044998169], [-2.8557746410369873, 3.5461392402648926], [-2.8563284873962402, 3.5467958450317383], [-2.855468511581421, 3.545720338821411], [-2.8558096885681152, 3.546110153198242]]","[0.9983435869216919, 0.9983446598052979, 0.9983443021774292, 0.9983463287353516, 0.9983431100845337, 0.9983444213867188]",genvidbench_common1000,0,,0.9983446598052979,a5tU973I35w_0_0to109.mp4,F:\MEngDatasets\AIGVDBench\videos\Real\Real\videos\a5tU973I35w_0_0to109.mp4,test,0,real,Real,,Real,Real,1,False
real_00386,0,"[[-15.148815155029297, 21.24265480041504], [-15.146018981933594, 21.239173889160156], [-15.14595890045166, 21.239059448242188], [-15.145954132080078, 21.239063262939453], [-15.146111488342285, 21.239471435546875], [-15.148643493652344, 21.242576599121094]]","[1.0, 1.0, 1.0, 1.0, 1.0, 1.0]",genvidbench_common1000,0,,1.0,zkWV9iWp4-c_8_0to311.mp4,F:\MEngDatasets\AIGVDBench\videos\Real\Real\videos\zkWV9iWp4-c_8_0to311.mp4,test,0,real,Real,,Real,Real,1,False
real_00387,0,"[[-10.957935333251953, 16.495622634887695], [-10.958060264587402, 16.495729446411133], [-10.956056594848633, 16.492237091064453], [-10.95678997039795, 16.493539810180664], [-10.957538604736328, 16.494735717773438], [-10.957863807678223, 16.495275497436523]]","[1.0, 1.0, 1.0, 1.0, 1.0, 1.0]",genvidbench_common1000,0,,1.0,W4AOdOhERY0_9_0to388.mp4,F:\MEngDatasets\AIGVDBench\videos\Real\Real\videos\W4AOdOhERY0_9_0to388.mp4,test,0,real,Real,,Real,Real,1,False
real_00388,0,"[[-9.5174560546875, 12.891855239868164], [-9.517250061035156, 12.891504287719727], [-9.517230987548828, 12.89153003692627], [-9.517005920410156, 12.89113998413086], [-9.517491340637207, 12.89193344116211], [-9.517607688903809, 12.892109870910645]]","[1.0, 1.0, 1.0, 1.0, 1.0, 1.0]",genvidbench_common1000,0,,1.0,nnyRZotnPSU_29_0to256.mp4,F:\MEngDatasets\AIGVDBench\videos\Real\Real\videos\nnyRZotnPSU_29_0to256.mp4,test,0,real,Real,,Real,Real,1,False
real_00389,0,"[[-16.863689422607422, 21.43197250366211], [-16.863004684448242, 21.43065643310547], [-16.86221694946289, 21.429502487182617], [-16.861974716186523, 21.42914581298828], [-16.862152099609375, 21.42986488342285], [-16.862855911254883, 21.431020736694336]]","[1.0, 1.0, 1.0, 1.0, 1.0, 1.0]",genvidbench_common1000,0,,1.0,4fsKk2b4leY_3_0to131.mp4,F:\MEngDatasets\AIGVDBench\videos\Real\Real\videos\4fsKk2b4leY_3_0to131.mp4,test,0,real,Real,,Real,Real,1,False
real_00390,0,"[[-6.3377461433410645, 8.984904289245605], [-6.337345123291016, 8.984335899353027], [-6.338080883026123, 8.98537540435791], [-6.337915897369385, 8.985097885131836], [-6.3378190994262695, 8.984971046447754], [-6.338873863220215, 8.986613273620605]]","[0.9999997615814209, 0.9999997615814209, 0.9999997615814209, 0.9999997615814209, 0.9999997615814209, 0.9999997615814209]",genvidbench_common1000,0,,0.9999997615814209,_ax0ZLp5mJw_220_0to111.mp4,F:\MEngDatasets\AIGVDBench\videos\Real\Real\videos\_ax0ZLp5mJw_220_0to111.mp4,test,0,real,Real,,Real,Real,1,False
real_00391,0,"[[-14.685673713684082, 19.631227493286133], [-14.6854887008667, 19.630962371826172], [-14.686408042907715, 19.632526397705078], [-14.68651294708252, 19.632776260375977], [-14.68645191192627, 19.63278579711914], [-14.686053276062012, 19.632171630859375]]","[1.0, 1.0, 1.0, 1.0, 1.0, 1.0]",genvidbench_common1000,0,,1.0,Lz6KoxGDNjQ_5_125to244.mp4,F:\MEngDatasets\AIGVDBench\videos\Real\Real\videos\Lz6KoxGDNjQ_5_125to244.mp4,test,0,real,Real,,Real,Real,1,False
real_00392,0,"[[-14.967771530151367, 18.21428871154785], [-14.9679594039917, 18.214584350585938], [-14.968214988708496, 18.214818954467773], [-14.96860408782959, 18.21519660949707], [-14.968328475952148, 18.214855194091797], [-14.968476295471191, 18.215116500854492]]","[1.0, 1.0, 1.0, 1.0, 1.0, 1.0]",genvidbench_common1000,0,,1.0,_AwZc_Mglvg_5_0to124.mp4,F:\MEngDatasets\AIGVDBench\videos\Real\Real\videos\_AwZc_Mglvg_5_0to124.mp4,test,0,real,Real,,Real,Real,1,False
real_00393,0,"[[-2.4571542739868164, 3.7445125579833984], [-2.457334518432617, 3.744790554046631], [-2.457059860229492, 3.7443625926971436], [-2.457260847091675, 3.7446556091308594], [-2.457244634628296, 3.7445785999298096], [-2.4572696685791016, 3.744671106338501]]","[0.9979780316352844, 0.9979789853096008, 0.9979775547981262, 0.9979785084724426, 0.9979783892631531, 0.9979786276817322]",genvidbench_common1000,0,,0.9979789853096008,QWwT3zUM8CM_38_20to122.mp4,F:\MEngDatasets\AIGVDBench\videos\Real\Real\videos\QWwT3zUM8CM_38_20to122.mp4,test,0,real,Real,,Real,Real,1,False
real_00394,0,"[[-7.69624137878418, 9.924445152282715], [-7.696020603179932, 9.924914360046387], [-7.696057319641113, 9.924546241760254], [-7.695511341094971, 9.923730850219727], [-7.695215225219727, 9.924385070800781], [-7.695537090301514, 9.923992156982422]]","[1.0, 1.0, 1.0, 1.0, 1.0, 1.0]",genvidbench_common1000,0,,1.0,906-6KTOWq8_1_23to209.mp4,F:\MEngDatasets\AIGVDBench\videos\Real\Real\videos\906-6KTOWq8_1_23to209.mp4,test,0,real,Real,,Real,Real,1,False
real_00395,0,"[[-5.660551071166992, 8.959973335266113], [-5.662005424499512, 8.961792945861816], [-5.661717891693115, 8.960732460021973], [-5.660409450531006, 8.958989143371582], [-5.659789562225342, 8.957985877990723], [-5.659677505493164, 8.957859992980957]]","[0.9999995231628418, 0.9999995231628418, 0.9999995231628418, 0.9999995231628418, 0.9999995231628418, 0.9999995231628418]",genvidbench_common1000,0,,0.9999995231628418,Hxc1AXTUzA4_19_0to264.mp4,F:\MEngDatasets\AIGVDBench\videos\Real\Real\videos\Hxc1AXTUzA4_19_0to264.mp4,test,0,real,Real,,Real,Real,1,False
real_00396,0,"[[-17.263349533081055, 22.10838508605957], [-17.259654998779297, 22.103090286254883], [-17.258758544921875, 22.10162353515625], [-17.25923728942871, 22.102495193481445], [-17.259111404418945, 22.102947235107422], [-17.260154724121094, 22.104347229003906]]","[1.0, 1.0, 1.0, 1.0, 1.0, 1.0]",genvidbench_common1000,0,,1.0,5lqsl8B5n8s_11_0to226.mp4,F:\MEngDatasets\AIGVDBench\videos\Real\Real\videos\5lqsl8B5n8s_11_0to226.mp4,test,0,real,Real,,Real,Real,1,False
real_00397,0,"[[-19.163330078125, 26.16298484802246], [-19.16395378112793, 26.16400146484375], [-19.163433074951172, 26.1632080078125], [-19.16303062438965, 26.162343978881836], [-19.162904739379883, 26.161651611328125], [-19.16368865966797, 26.1632022857666]]","[1.0, 1.0, 1.0, 1.0, 1.0, 1.0]",genvidbench_common1000,0,,1.0,Ju4B2liOmoc_5_0to148.mp4,F:\MEngDatasets\AIGVDBench\videos\Real\Real\videos\Ju4B2liOmoc_5_0to148.mp4,test,0,real,Real,,Real,Real,1,False
real_00398,0,"[[-9.658843994140625, 14.100726127624512], [-9.658856391906738, 14.100703239440918], [-9.658821105957031, 14.100639343261719], [-9.659055709838867, 14.10097599029541], [-9.659754753112793, 14.10205078125], [-9.659771919250488, 14.102100372314453]]","[1.0, 1.0, 1.0, 1.0, 1.0, 1.0]",genvidbench_common1000,0,,1.0,QKh-B4_yL2w_22_0to115.mp4,F:\MEngDatasets\AIGVDBench\videos\Real\Real\videos\QKh-B4_yL2w_22_0to115.mp4,test,0,real,Real,,Real,Real,1,False
real_00399,0,"[[-13.831191062927246, 18.40803337097168], [-13.831701278686523, 18.408519744873047], [-13.832755088806152, 18.409692764282227], [-13.832104682922363, 18.408931732177734], [-13.832032203674316, 18.408828735351562], [-13.832049369812012, 18.40886878967285]]","[1.0, 1.0, 1.0, 1.0, 1.0, 1.0]",genvidbench_common1000,0,,1.0,aUo5thn2Ci4_41_0to222.mp4,F:\MEngDatasets\AIGVDBench\videos\Real\Real\videos\aUo5thn2Ci4_41_0to222.mp4,test,0,real,Real,,Real,Real,1,False
real_00400,0,"[[-8.220772743225098, 11.513413429260254], [-8.221549987792969, 11.51436996459961], [-8.221883773803711, 11.514808654785156], [-8.222211837768555, 11.515267372131348], [-8.222332000732422, 11.515447616577148], [-8.222127914428711, 11.515202522277832]]","[1.0, 1.0, 1.0, 1.0, 1.0, 1.0]",genvidbench_common1000,0,,1.0,2hD4C48zkgs_42_92to197.mp4,F:\MEngDatasets\AIGVDBench\videos\Real\Real\videos\2hD4C48zkgs_42_92to197.mp4,test,0,real,Real,,Real,Real,1,False
real_00401,0,"[[-14.54240894317627, 21.9388484954834], [-14.544654846191406, 21.94314193725586], [-14.545475959777832, 21.944185256958008], [-14.540491104125977, 21.935958862304688], [-14.544919967651367, 21.9432315826416], [-14.545730590820312, 21.944616317749023]]","[1.0, 1.0, 1.0, 1.0, 1.0, 1.0]",genvidbench_common1000,0,,1.0,Q7gVhxcSvrM_12_16to237.mp4,F:\MEngDatasets\AIGVDBench\videos\Real\Real\videos\Q7gVhxcSvrM_12_16to237.mp4,test,0,real,Real,,Real,Real,1,False
real_00402,0,"[[-11.36579418182373, 15.11999797821045], [-11.365690231323242, 15.119991302490234], [-11.365506172180176, 15.119519233703613], [-11.365839958190918, 15.119269371032715], [-11.36551570892334, 15.11876106262207], [-11.366747856140137, 15.121871948242188]]","[1.0, 1.0, 1.0, 1.0, 1.0, 1.0]",genvidbench_common1000,0,,1.0,xXtMJhCcm0E_61_0to105.mp4,F:\MEngDatasets\AIGVDBench\videos\Real\Real\videos\xXtMJhCcm0E_61_0to105.mp4,test,0,real,Real,,Real,Real,1,False
real_00403,0,"[[-2.3753604888916016, 3.5039024353027344], [-2.3751564025878906, 3.5033724308013916], [-2.374802350997925, 3.5033416748046875], [-2.374718189239502, 3.5033788681030273], [-2.3745577335357666, 3.5030245780944824], [-2.3753111362457275, 3.5038604736328125]]","[0.9972109198570251, 0.9972088932991028, 0.9972078204154968, 0.9972077012062073, 0.9972062706947327, 0.997210681438446]",genvidbench_common1000,0,,0.9972088932991028,d-slobcQTVs_28_92to241.mp4,F:\MEngDatasets\AIGVDBench\videos\Real\Real\videos\d-slobcQTVs_28_92to241.mp4,test,0,real,Real,,Real,Real,1,False
real_00404,0,"[[-12.674982070922852, 15.694130897521973], [-12.674149513244629, 15.692975044250488], [-12.677021026611328, 15.696867942810059], [-12.675087928771973, 15.694168090820312], [-12.677356719970703, 15.697491645812988], [-12.676007270812988, 15.6954927444458]]","[1.0, 1.0, 1.0, 1.0, 1.0, 1.0]",genvidbench_common1000,0,,1.0,z2j45k0DrhQ_22_153to280.mp4,F:\MEngDatasets\AIGVDBench\videos\Real\Real\videos\z2j45k0DrhQ_22_153to280.mp4,test,0,real,Real,,Real,Real,1,False
real_00405,0,"[[-11.621196746826172, 13.722358703613281], [-11.621601104736328, 13.723160743713379], [-11.621289253234863, 13.722585678100586], [-11.620859146118164, 13.721807479858398], [-11.621284484863281, 13.72250747680664], [-11.621302604675293, 13.722575187683105]]","[1.0, 1.0, 1.0, 1.0, 1.0, 1.0]",genvidbench_common1000,0,,1.0,7XUtfvFFwKg_3_0to110.mp4,F:\MEngDatasets\AIGVDBench\videos\Real\Real\videos\7XUtfvFFwKg_3_0to110.mp4,test,0,real,Real,,Real,Real,1,False
real_00406,0,"[[-6.629183292388916, 8.123916625976562], [-6.629178047180176, 8.123908042907715], [-6.62917947769165, 8.123915672302246], [-6.629174709320068, 8.123909950256348], [-6.629178047180176, 8.12391471862793], [-6.629186153411865, 8.12392520904541]]","[0.9999996423721313, 0.9999996423721313, 0.9999996423721313, 0.9999996423721313, 0.9999996423721313, 0.9999996423721313]",genvidbench_common1000,0,,0.9999996423721313,UYqtFwLZXRc_2_0to1505.mp4,F:\MEngDatasets\AIGVDBench\videos\Real\Real\videos\UYqtFwLZXRc_2_0to1505.mp4,test,0,real,Real,,Real,Real,1,False
real_00407,0,"[[-15.144438743591309, 21.92438507080078], [-15.144373893737793, 21.924318313598633], [-15.144508361816406, 21.924453735351562], [-15.143454551696777, 21.923192977905273], [-15.145215034484863, 21.925724029541016], [-15.144330978393555, 21.924448013305664]]","[1.0, 1.0, 1.0, 1.0, 1.0, 1.0]",genvidbench_common1000,0,,1.0,jKd6Edd0noc_72_24to205.mp4,F:\MEngDatasets\AIGVDBench\videos\Real\Real\videos\jKd6Edd0noc_72_24to205.mp4,test,0,real,Real,,Real,Real,1,False
real_00408,0,"[[-14.32271957397461, 19.023115158081055], [-14.324260711669922, 19.026517868041992], [-14.324594497680664, 19.02701759338379], [-14.324369430541992, 19.02667999267578], [-14.324191093444824, 19.02618408203125], [-14.324051856994629, 19.026111602783203]]","[1.0, 1.0, 1.0, 1.0, 1.0, 1.0]",genvidbench_common1000,0,,1.0,riCmfzb2kZI_4_16to174.mp4,F:\MEngDatasets\AIGVDBench\videos\Real\Real\videos\riCmfzb2kZI_4_16to174.mp4,test,0,real,Real,,Real,Real,1,False
real_00409,0,"[[-4.107474327087402, 6.079554080963135], [-4.107367038726807, 6.079408645629883], [-4.107443332672119, 6.079505920410156], [-4.106644630432129, 6.078153133392334], [-4.106497764587402, 6.077877044677734], [-4.106435298919678, 6.07778263092041]]","[0.999962329864502, 0.999962329864502, 0.999962329864502, 0.9999622106552124, 0.9999622106552124, 0.9999622106552124]",genvidbench_common1000,0,,0.999962329864502,hClEBob9veQ_9_133to340.mp4,F:\MEngDatasets\AIGVDBench\videos\Real\Real\videos\hClEBob9veQ_9_133to340.mp4,test,0,real,Real,,Real,Real,1,False
real_00410,0,"[[-7.352664470672607, 10.941618919372559], [-7.352416515350342, 10.941214561462402], [-7.352513313293457, 10.941353797912598], [-7.35244083404541, 10.94127082824707], [-7.352550983428955, 10.941534042358398], [-7.353216648101807, 10.94275188446045]]","[1.0, 1.0, 1.0, 1.0, 1.0, 1.0]",genvidbench_common1000,0,,1.0,af8sNYbdBRo_15_0to187.mp4,F:\MEngDatasets\AIGVDBench\videos\Real\Real\videos\af8sNYbdBRo_15_0to187.mp4,test,0,real,Real,,Real,Real,1,False
real_00411,0,"[[-14.762197494506836, 19.537853240966797], [-14.762399673461914, 19.538314819335938], [-14.762524604797363, 19.538448333740234], [-14.761567115783691, 19.536752700805664], [-14.761370658874512, 19.536428451538086], [-14.761305809020996, 19.536312103271484]]","[1.0, 1.0, 1.0, 1.0, 1.0, 1.0]",genvidbench_common1000,0,,1.0,7xalOoH4Wjg_4_0to162.mp4,F:\MEngDatasets\AIGVDBench\videos\Real\Real\videos\7xalOoH4Wjg_4_0to162.mp4,test,0,real,Real,,Real,Real,1,False
real_00412,0,"[[-6.331506252288818, 9.413931846618652], [-6.330829620361328, 9.412911415100098], [-6.330831527709961, 9.412931442260742], [-6.331018447875977, 9.413317680358887], [-6.3306474685668945, 9.412914276123047], [-6.330794811248779, 9.412954330444336]]","[0.9999998807907104, 0.9999998807907104, 0.9999998807907104, 0.9999998807907104, 0.9999998807907104, 0.9999998807907104]",genvidbench_common1000,0,,0.9999998807907104,Vh2cObLYHJ8_13_0to496.mp4,F:\MEngDatasets\AIGVDBench\videos\Real\Real\videos\Vh2cObLYHJ8_13_0to496.mp4,test,0,real,Real,,Real,Real,1,False
real_00413,0,"[[-4.515280723571777, 5.724623203277588], [-4.514921188354492, 5.723881721496582], [-4.514571189880371, 5.723377227783203], [-4.515702724456787, 5.725322723388672], [-4.516031742095947, 5.725892543792725], [-4.514448165893555, 5.723289966583252]]","[0.9999642372131348, 0.9999642372131348, 0.9999642372131348, 0.9999643564224243, 0.9999643564224243, 0.9999642372131348]",genvidbench_common1000,0,,0.9999642372131348,3-h1C9ak67E_2_0to1423.mp4,F:\MEngDatasets\AIGVDBench\videos\Real\Real\videos\3-h1C9ak67E_2_0to1423.mp4,test,0,real,Real,,Real,Real,1,False
real_00414,0,"[[-7.54674768447876, 9.538883209228516], [-7.546937465667725, 9.539083480834961], [-7.546960830688477, 9.539093017578125], [-7.5460920333862305, 9.538137435913086], [-7.545503616333008, 9.537437438964844], [-7.5454421043396, 9.53737735748291]]","[1.0, 1.0, 1.0, 1.0, 1.0, 1.0]",genvidbench_common1000,0,,1.0,1SsRvQvzN8Y_9_0to118.mp4,F:\MEngDatasets\AIGVDBench\videos\Real\Real\videos\1SsRvQvzN8Y_9_0to118.mp4,test,0,real,Real,,Real,Real,1,False
real_00415,0,"[[-11.153934478759766, 19.36825180053711], [-11.15341854095459, 19.36675262451172], [-11.153409004211426, 19.367910385131836], [-11.153336524963379, 19.36781120300293], [-11.153388023376465, 19.367441177368164], [-11.152789115905762, 19.365615844726562]]","[1.0, 1.0, 1.0, 1.0, 1.0, 1.0]",genvidbench_common1000,0,,1.0,-fW7LrHAyHg_35_120to303.mp4,F:\MEngDatasets\AIGVDBench\videos\Real\Real\videos\-fW7LrHAyHg_35_120to303.mp4,test,0,real,Real,,Real,Real,1,False
real_00416,0,"[[-8.803380012512207, 11.432498931884766], [-8.803223609924316, 11.432299613952637], [-8.804062843322754, 11.433463096618652], [-8.803840637207031, 11.433280944824219], [-8.80210018157959, 11.4309720993042], [-8.802275657653809, 11.431037902832031]]","[1.0, 1.0, 1.0, 1.0, 1.0, 1.0]",genvidbench_common1000,0,,1.0,cpSjuQ_ZJvY_4_0to181.mp4,F:\MEngDatasets\AIGVDBench\videos\Real\Real\videos\cpSjuQ_ZJvY_4_0to181.mp4,test,0,real,Real,,Real,Real,1,False
real_00417,0,"[[-12.924673080444336, 14.593450546264648], [-12.923990249633789, 14.592560768127441], [-12.92174243927002, 14.589605331420898], [-12.920636177062988, 14.588109970092773], [-12.922832489013672, 14.590825080871582], [-12.921252250671387, 14.589191436767578]]","[1.0, 1.0, 1.0, 1.0, 1.0, 1.0]",genvidbench_common1000,0,,1.0,HVXLuHNVdzk_43_94to205.mp4,F:\MEngDatasets\AIGVDBench\videos\Real\Real\videos\HVXLuHNVdzk_43_94to205.mp4,test,0,real,Real,,Real,Real,1,False
real_00418,0,"[[-8.850204467773438, 11.603897094726562], [-8.848822593688965, 11.601645469665527], [-8.849224090576172, 11.602534294128418], [-8.849828720092773, 11.603675842285156], [-8.849848747253418, 11.60384750366211], [-8.850831031799316, 11.605155944824219]]","[1.0, 1.0, 1.0, 1.0, 1.0, 1.0]",genvidbench_common1000,0,,1.0,enNDRuuH1Dw_8_0to1541.mp4,F:\MEngDatasets\AIGVDBench\videos\Real\Real\videos\enNDRuuH1Dw_8_0to1541.mp4,test,0,real,Real,,Real,Real,1,False
real_00419,0,"[[-7.891857147216797, 10.319620132446289], [-7.890711307525635, 10.318038940429688], [-7.889510631561279, 10.316543579101562], [-7.890464782714844, 10.317745208740234], [-7.89072847366333, 10.318157196044922], [-7.890663146972656, 10.318024635314941]]","[1.0, 1.0, 1.0, 1.0, 1.0, 1.0]",genvidbench_common1000,0,,1.0,hWFbU-uAnSU_2_0to1480.mp4,F:\MEngDatasets\AIGVDBench\videos\Real\Real\videos\hWFbU-uAnSU_2_0to1480.mp4,test,0,real,Real,,Real,Real,1,False
real_00420,0,"[[2.7669851779937744, -3.5219404697418213], [2.766859769821167, -3.5217952728271484], [2.767392158508301, -3.5223467350006104], [2.7675540447235107, -3.5225131511688232], [2.767122268676758, -3.5220656394958496], [2.7669432163238525, -3.5218770503997803]]","[0.0018533124821260571, 0.0018538126023486257, 0.001851809211075306, 0.0018512019887566566, 0.0018528274958953261, 0.0018535074777901173]",genvidbench_common1000,0,,0.0018538126023486257,k2R_EtCkV8U_46_105to264.mp4,F:\MEngDatasets\AIGVDBench\videos\Real\Real\videos\k2R_EtCkV8U_46_105to264.mp4,test,0,real,Real,,Real,Real,0,True
real_00421,0,"[[-3.1257898807525635, 4.035378456115723], [-3.124075174331665, 4.033351421356201], [-3.1250460147857666, 4.034520626068115], [-3.1246140003204346, 4.033995628356934], [-3.1240217685699463, 4.03330135345459], [-3.124579668045044, 4.033974647521973]]","[0.9992244243621826, 0.9992215633392334, 0.9992232322692871, 0.9992225170135498, 0.9992214441299438, 0.9992223978042603]",genvidbench_common1000,0,,0.9992215633392334,ZU7vDFnZ9d8_64_0to105.mp4,F:\MEngDatasets\AIGVDBench\videos\Real\Real\videos\ZU7vDFnZ9d8_64_0to105.mp4,test,0,real,Real,,Real,Real,1,False
real_00422,0,"[[-5.846782207489014, 7.969852447509766], [-5.84671688079834, 7.969724178314209], [-5.846731662750244, 7.969735622406006], [-5.8467302322387695, 7.969730377197266], [-5.846707344055176, 7.969723224639893], [-5.846683979034424, 7.969686508178711]]","[0.9999990463256836, 0.9999990463256836, 0.9999990463256836, 0.9999990463256836, 0.9999990463256836, 0.9999990463256836]",genvidbench_common1000,0,,0.9999990463256836,0G4XFfTqh3M_0_321to456.mp4,F:\MEngDatasets\AIGVDBench\videos\Real\Real\videos\0G4XFfTqh3M_0_321to456.mp4,test,0,real,Real,,Real,Real,1,False
real_00423,0,"[[-12.269925117492676, 19.095813751220703], [-12.269935607910156, 19.095935821533203], [-12.270139694213867, 19.09629249572754], [-12.269712448120117, 19.095312118530273], [-12.269594192504883, 19.095335006713867], [-12.269635200500488, 19.095325469970703]]","[1.0, 1.0, 1.0, 1.0, 1.0, 1.0]",genvidbench_common1000,0,,1.0,86-iDJ2LNxw_3_25to161.mp4,F:\MEngDatasets\AIGVDBench\videos\Real\Real\videos\86-iDJ2LNxw_3_25to161.mp4,test,0,real,Real,,Real,Real,1,False
real_00424,0,"[[-14.602559089660645, 19.425493240356445], [-14.602314949035645, 19.42524528503418], [-14.602473258972168, 19.425806045532227], [-14.601492881774902, 19.424762725830078], [-14.602564811706543, 19.42662239074707], [-14.602156639099121, 19.42605209350586]]","[1.0, 1.0, 1.0, 1.0, 1.0, 1.0]",genvidbench_common1000,0,,1.0,lnLiNNgN980_27_0to137.mp4,F:\MEngDatasets\AIGVDBench\videos\Real\Real\videos\lnLiNNgN980_27_0to137.mp4,test,0,real,Real,,Real,Real,1,False
real_00425,0,"[[-6.1069488525390625, 8.190105438232422], [-6.107175350189209, 8.190531730651855], [-6.107204914093018, 8.190516471862793], [-6.107125282287598, 8.190409660339355], [-6.107180595397949, 8.190520286560059], [-6.107151985168457, 8.190526962280273]]","[0.9999994039535522, 0.9999994039535522, 0.9999994039535522, 0.9999994039535522, 0.9999994039535522, 0.9999994039535522]",genvidbench_common1000,0,,0.9999994039535522,NDOQWsDH-tQ_0_0to125.mp4,F:\MEngDatasets\AIGVDBench\videos\Real\Real\videos\NDOQWsDH-tQ_0_0to125.mp4,test,0,real,Real,,Real,Real,1,False
real_00426,0,"[[-12.242682456970215, 16.43947982788086], [-12.242161750793457, 16.438817977905273], [-12.24219036102295, 16.438907623291016], [-12.242621421813965, 16.43940544128418], [-12.24237060546875, 16.43903923034668], [-12.242630958557129, 16.43947982788086]]","[1.0, 1.0, 1.0, 1.0, 1.0, 1.0]",genvidbench_common1000,0,,1.0,8CLy3EPC5nI_22_114to246.mp4,F:\MEngDatasets\AIGVDBench\videos\Real\Real\videos\8CLy3EPC5nI_22_114to246.mp4,test,0,real,Real,,Real,Real,1,False
real_00427,0,"[[-13.524791717529297, 16.23847770690918], [-13.524605751037598, 16.23851203918457], [-13.524372100830078, 16.23912239074707], [-13.5245943069458, 16.239126205444336], [-13.52470874786377, 16.239408493041992], [-13.5247220993042, 16.239452362060547]]","[1.0, 1.0, 1.0, 1.0, 1.0, 1.0]",genvidbench_common1000,0,,1.0,g4tld6ppv7Q_2_86to197.mp4,F:\MEngDatasets\AIGVDBench\videos\Real\Real\videos\g4tld6ppv7Q_2_86to197.mp4,test,0,real,Real,,Real,Real,1,False
real_00428,0,"[[-0.30636167526245117, 0.3896521329879761], [-0.3064294457435608, 0.3897272050380707], [-0.3065564036369324, 0.38985157012939453], [-0.3063109517097473, 0.389566034078598], [-0.3063105344772339, 0.3895905911922455], [-0.30621200799942017, 0.38944900035858154]]","[0.6673033833503723, 0.6673350930213928, 0.6673908829689026, 0.6672729849815369, 0.6672783493995667, 0.6672250628471375]",genvidbench_common1000,0,,0.6673350930213928,dPYYWy1mmpY_2_528to1275.mp4,F:\MEngDatasets\AIGVDBench\videos\Real\Real\videos\dPYYWy1mmpY_2_528to1275.mp4,test,0,real,Real,,Real,Real,1,False
real_00429,0,"[[-6.300838947296143, 7.790266513824463], [-6.300845623016357, 7.790255546569824], [-6.30066442489624, 7.789953231811523], [-6.300439357757568, 7.78972053527832], [-6.300296783447266, 7.789547920227051], [-6.300352573394775, 7.789616584777832]]","[0.9999992847442627, 0.9999992847442627, 0.9999992847442627, 0.9999992847442627, 0.9999992847442627, 0.9999992847442627]",genvidbench_common1000,0,,0.9999992847442627,qUNVSfQNbdk_73_119to300.mp4,F:\MEngDatasets\AIGVDBench\videos\Real\Real\videos\qUNVSfQNbdk_73_119to300.mp4,test,0,real,Real,,Real,Real,1,False
real_00430,0,"[[-8.534979820251465, 10.67508316040039], [-8.534778594970703, 10.674723625183105], [-8.535106658935547, 10.675251007080078], [-8.534699440002441, 10.674651145935059], [-8.534911155700684, 10.674949645996094], [-8.534985542297363, 10.675064086914062]]","[1.0, 1.0, 1.0, 1.0, 1.0, 1.0]",genvidbench_common1000,0,,1.0,CX7_yAPGIgE_15_0to433.mp4,F:\MEngDatasets\AIGVDBench\videos\Real\Real\videos\CX7_yAPGIgE_15_0to433.mp4,test,0,real,Real,,Real,Real,1,False
real_00431,0,"[[-0.4579165577888489, 0.4982314109802246], [-0.4579104781150818, 0.49822479486465454], [-0.45794886350631714, 0.498268723487854], [-0.4579610228538513, 0.49828213453292847], [-0.4582675099372864, 0.49861496686935425], [-0.4587773084640503, 0.4991633892059326]]","[0.7223498821258545, 0.7223473191261292, 0.7223638892173767, 0.7223689556121826, 0.7224971652030945, 0.7227092981338501]",genvidbench_common1000,0,,0.7223473191261292,0BaVZOa_gi4_3_19to925.mp4,F:\MEngDatasets\AIGVDBench\videos\Real\Real\videos\0BaVZOa_gi4_3_19to925.mp4,test,0,real,Real,,Real,Real,1,False
real_00432,0,"[[-9.486687660217285, 11.473719596862793], [-9.486492156982422, 11.473259925842285], [-9.485822677612305, 11.472424507141113], [-9.486764907836914, 11.473794937133789], [-9.486455917358398, 11.473312377929688], [-9.486370086669922, 11.473236083984375]]","[1.0, 1.0, 1.0, 1.0, 1.0, 1.0]",genvidbench_common1000,0,,1.0,y3vyO-025CI_3_0to339.mp4,F:\MEngDatasets\AIGVDBench\videos\Real\Real\videos\y3vyO-025CI_3_0to339.mp4,test,0,real,Real,,Real,Real,1,False
real_00433,0,"[[-9.498933792114258, 11.792473793029785], [-9.500035285949707, 11.793999671936035], [-9.500060081481934, 11.793896675109863], [-9.499691009521484, 11.793366432189941], [-9.49952507019043, 11.793069839477539], [-9.499639511108398, 11.793096542358398]]","[1.0, 1.0, 1.0, 1.0, 1.0, 1.0]",genvidbench_common1000,0,,1.0,36xeuI0F6Ro_0_0to221.mp4,F:\MEngDatasets\AIGVDBench\videos\Real\Real\videos\36xeuI0F6Ro_0_0to221.mp4,test,0,real,Real,,Real,Real,1,False
real_00434,0,"[[-9.470283508300781, 12.62502384185791], [-9.47098159790039, 12.627663612365723], [-9.471476554870605, 12.628592491149902], [-9.472381591796875, 12.629562377929688], [-9.47260570526123, 12.629944801330566], [-9.472220420837402, 12.629276275634766]]","[1.0, 1.0, 1.0, 1.0, 1.0, 1.0]",genvidbench_common1000,0,,1.0,3ebhqmMWg14_0_0to199.mp4,F:\MEngDatasets\AIGVDBench\videos\Real\Real\videos\3ebhqmMWg14_0_0to199.mp4,test,0,real,Real,,Real,Real,1,False
real_00435,0,"[[-3.9561350345611572, 5.256511688232422], [-3.9562575817108154, 5.256662845611572], [-3.953636407852173, 5.253623962402344], [-3.953814744949341, 5.253839492797852], [-3.9541308879852295, 5.25421142578125], [-3.9541022777557373, 5.254180908203125]]","[0.999900221824646, 0.999900221824646, 0.9998997449874878, 0.9998997449874878, 0.9998997449874878, 0.9998997449874878]",genvidbench_common1000,0,,0.999900221824646,ZTvi-PzwLWo_9_92to197.mp4,F:\MEngDatasets\AIGVDBench\videos\Real\Real\videos\ZTvi-PzwLWo_9_92to197.mp4,test,0,real,Real,,Real,Real,1,False
real_00436,0,"[[0.24386297166347504, 0.6947699189186096], [0.24338461458683014, 0.6954622268676758], [0.2431115061044693, 0.6957994103431702], [0.24350889027118683, 0.6952582001686096], [0.24322830140590668, 0.6956542134284973], [0.24329529702663422, 0.6955698728561401]]","[0.6108548641204834, 0.6111330986022949, 0.6112781167030334, 0.6110550761222839, 0.6112158298492432, 0.6111798882484436]",genvidbench_common1000,0,,0.6111330986022949,lU3ymKSqYVU_19_0to232.mp4,F:\MEngDatasets\AIGVDBench\videos\Real\Real\videos\lU3ymKSqYVU_19_0to232.mp4,test,0,real,Real,,Real,Real,1,False
real_00437,0,"[[-13.849801063537598, 18.22451400756836], [-13.847427368164062, 18.221155166625977], [-13.84720516204834, 18.220767974853516], [-13.847420692443848, 18.221162796020508], [-13.84814167022705, 18.222166061401367], [-13.8490629196167, 18.223291397094727]]","[1.0, 1.0, 1.0, 1.0, 1.0, 1.0]",genvidbench_common1000,0,,1.0,tbM2MAepv0M_11_0to221.mp4,F:\MEngDatasets\AIGVDBench\videos\Real\Real\videos\tbM2MAepv0M_11_0to221.mp4,test,0,real,Real,,Real,Real,1,False
real_00438,0,"[[-13.34151840209961, 16.22403907775879], [-13.341543197631836, 16.224075317382812], [-13.342095375061035, 16.225032806396484], [-13.34220027923584, 16.225244522094727], [-13.341462135314941, 16.224035263061523], [-13.341120719909668, 16.223398208618164]]","[1.0, 1.0, 1.0, 1.0, 1.0, 1.0]",genvidbench_common1000,0,,1.0,-tEvQoxGlYY_35_0to136.mp4,F:\MEngDatasets\AIGVDBench\videos\Real\Real\videos\-tEvQoxGlYY_35_0to136.mp4,test,0,real,Real,,Real,Real,1,False
real_00439,0,"[[-8.39140796661377, 12.397242546081543], [-8.392356872558594, 12.398882865905762], [-8.394216537475586, 12.401914596557617], [-8.393528938293457, 12.400848388671875], [-8.392841339111328, 12.399861335754395], [-8.393027305603027, 12.400103569030762]]","[1.0, 1.0, 1.0, 1.0, 1.0, 1.0]",genvidbench_common1000,0,,1.0,3j_xaxMEuzA_3_0to104.mp4,F:\MEngDatasets\AIGVDBench\videos\Real\Real\videos\3j_xaxMEuzA_3_0to104.mp4,test,0,real,Real,,Real,Real,1,False
real_00440,0,"[[-11.851269721984863, 17.356271743774414], [-11.852602005004883, 17.358718872070312], [-11.854223251342773, 17.36140251159668], [-11.85317325592041, 17.35975456237793], [-11.853171348571777, 17.360280990600586], [-11.853852272033691, 17.361173629760742]]","[1.0, 1.0, 1.0, 1.0, 1.0, 1.0]",genvidbench_common1000,0,,1.0,JFnvP9FAy20_38_0to164.mp4,F:\MEngDatasets\AIGVDBench\videos\Real\Real\videos\JFnvP9FAy20_38_0to164.mp4,test,0,real,Real,,Real,Real,1,False
real_00441,0,"[[-2.670884132385254, 4.220306396484375], [-2.6710093021392822, 4.220432758331299], [-2.671010971069336, 4.220299243927002], [-2.6707518100738525, 4.219931125640869], [-2.6707985401153564, 4.219948768615723], [-2.670816659927368, 4.220006942749023]]","[0.9989842772483826, 0.9989845156669617, 0.9989843964576721, 0.9989838004112244, 0.9989838004112244, 0.9989839196205139]",genvidbench_common1000,0,,0.9989845156669617,Vclh_WXAFWo_30_0to188.mp4,F:\MEngDatasets\AIGVDBench\videos\Real\Real\videos\Vclh_WXAFWo_30_0to188.mp4,test,0,real,Real,,Real,Real,1,False
real_00442,0,"[[-7.3474931716918945, 11.134988784790039], [-7.347441673278809, 11.134917259216309], [-7.347764015197754, 11.135465621948242], [-7.347568035125732, 11.135177612304688], [-7.3465800285339355, 11.133637428283691], [-7.347003936767578, 11.13420581817627]]","[1.0, 1.0, 1.0, 1.0, 1.0, 1.0]",genvidbench_common1000,0,,1.0,IMlAZsNPvYw_16_0to166.mp4,F:\MEngDatasets\AIGVDBench\videos\Real\Real\videos\IMlAZsNPvYw_16_0to166.mp4,test,0,real,Real,,Real,Real,1,False
real_00443,0,"[[-7.14113712310791, 10.249229431152344], [-7.140848636627197, 10.248663902282715], [-7.140628814697266, 10.248186111450195], [-7.140100002288818, 10.2472505569458], [-7.140792369842529, 10.248555183410645], [-7.140878677368164, 10.248802185058594]]","[1.0, 1.0, 1.0, 1.0, 1.0, 1.0]",genvidbench_common1000,0,,1.0,8WBd6K_CJXE_189_126to243.mp4,F:\MEngDatasets\AIGVDBench\videos\Real\Real\videos\8WBd6K_CJXE_189_126to243.mp4,test,0,real,Real,,Real,Real,1,False
real_00444,0,"[[-13.309037208557129, 15.353655815124512], [-13.308778762817383, 15.353272438049316], [-13.30715274810791, 15.350788116455078], [-13.305021286010742, 15.347336769104004], [-13.30487060546875, 15.347060203552246], [-13.304831504821777, 15.347005844116211]]","[1.0, 1.0, 1.0, 1.0, 1.0, 1.0]",genvidbench_common1000,0,,1.0,36wnadZbpyo_0_26to163.mp4,F:\MEngDatasets\AIGVDBench\videos\Real\Real\videos\36wnadZbpyo_0_26to163.mp4,test,0,real,Real,,Real,Real,1,False
real_00445,0,"[[-6.221070289611816, 8.725701332092285], [-6.222232818603516, 8.727056503295898], [-6.22257137298584, 8.727447509765625], [-6.221149444580078, 8.725822448730469], [-6.220071315765381, 8.724581718444824], [-6.220056533813477, 8.724555015563965]]","[0.9999996423721313, 0.9999996423721313, 0.9999996423721313, 0.9999996423721313, 0.9999996423721313, 0.9999996423721313]",genvidbench_common1000,0,,0.9999996423721313,9DtKXbiWwtE_81_0to130.mp4,F:\MEngDatasets\AIGVDBench\videos\Real\Real\videos\9DtKXbiWwtE_81_0to130.mp4,test,0,real,Real,,Real,Real,1,False
real_00446,0,"[[-5.544404029846191, 6.833059787750244], [-5.544669151306152, 6.833401679992676], [-5.543607234954834, 6.831974506378174], [-5.543586254119873, 6.832062244415283], [-5.543408393859863, 6.831809043884277], [-5.5434088706970215, 6.831809997558594]]","[0.9999958276748657, 0.9999958276748657, 0.9999958276748657, 0.9999958276748657, 0.9999958276748657, 0.9999958276748657]",genvidbench_common1000,0,,0.9999958276748657,pv97fCP13SE_40_46to197.mp4,F:\MEngDatasets\AIGVDBench\videos\Real\Real\videos\pv97fCP13SE_40_46to197.mp4,test,0,real,Real,,Real,Real,1,False
real_00447,0,"[[-16.73305320739746, 21.772558212280273], [-16.73307991027832, 21.77226448059082], [-16.73362159729004, 21.773252487182617], [-16.733226776123047, 21.772958755493164], [-16.733192443847656, 21.77263641357422], [-16.732254028320312, 21.771333694458008]]","[1.0, 1.0, 1.0, 1.0, 1.0, 1.0]",genvidbench_common1000,0,,1.0,om5Jf1eMy6w_2_0to165.mp4,F:\MEngDatasets\AIGVDBench\videos\Real\Real\videos\om5Jf1eMy6w_2_0to165.mp4,test,0,real,Real,,Real,Real,1,False
real_00448,0,"[[-10.735495567321777, 14.875617980957031], [-10.73541259765625, 14.875484466552734], [-10.735506057739258, 14.875386238098145], [-10.735994338989258, 14.876372337341309], [-10.735859870910645, 14.876104354858398], [-10.735179901123047, 14.874957084655762]]","[1.0, 1.0, 1.0, 1.0, 1.0, 1.0]",genvidbench_common1000,0,,1.0,_YJTbDMIVys_27_0to272.mp4,F:\MEngDatasets\AIGVDBench\videos\Real\Real\videos\_YJTbDMIVys_27_0to272.mp4,test,0,real,Real,,Real,Real,1,False
real_00449,0,"[[-9.994515419006348, 12.911903381347656], [-9.993138313293457, 12.909903526306152], [-9.99572467803955, 12.91420841217041], [-9.994868278503418, 12.912870407104492], [-9.994283676147461, 12.912041664123535], [-9.994691848754883, 12.912614822387695]]","[1.0, 1.0, 1.0, 1.0, 1.0, 1.0]",genvidbench_common1000,0,,1.0,uNGXuJl297c_25_0to156.mp4,F:\MEngDatasets\AIGVDBench\videos\Real\Real\videos\uNGXuJl297c_25_0to156.mp4,test,0,real,Real,,Real,Real,1,False
real_00450,0,"[[-11.259203910827637, 16.44008445739746], [-11.260774612426758, 16.442764282226562], [-11.261282920837402, 16.443605422973633], [-11.263051986694336, 16.445913314819336], [-11.260907173156738, 16.442686080932617], [-11.261351585388184, 16.443147659301758]]","[1.0, 1.0, 1.0, 1.0, 1.0, 1.0]",genvidbench_common1000,0,,1.0,dX2S7MxxtN0_25_0to118.mp4,F:\MEngDatasets\AIGVDBench\videos\Real\Real\videos\dX2S7MxxtN0_25_0to118.mp4,test,0,real,Real,,Real,Real,1,False
real_00451,0,"[[0.7563961148262024, -0.7431663274765015], [0.7564370036125183, -0.7432058453559875], [0.7560381889343262, -0.7427442073822021], [0.7555654644966125, -0.7422409057617188], [0.7549141645431519, -0.7415827512741089], [0.7552796006202698, -0.7419511079788208]]","[0.1824907809495926, 0.18247881531715393, 0.18260720372200012, 0.18275295197963715, 0.18294857442378998, 0.18283891677856445]",genvidbench_common1000,0,,0.18247881531715393,hhwYTSuBuZY_13_0to1311.mp4,F:\MEngDatasets\AIGVDBench\videos\Real\Real\videos\hhwYTSuBuZY_13_0to1311.mp4,test,0,real,Real,,Real,Real,0,True
real_00452,0,"[[-7.2063117027282715, 10.500184059143066], [-7.20636510848999, 10.500358581542969], [-7.2069220542907715, 10.50121021270752], [-7.206469535827637, 10.500327110290527], [-7.20679235458374, 10.500951766967773], [-7.206515789031982, 10.500540733337402]]","[1.0, 1.0, 1.0, 1.0, 1.0, 1.0]",genvidbench_common1000,0,,1.0,HlRfdCWGMzI_22_114to219.mp4,F:\MEngDatasets\AIGVDBench\videos\Real\Real\videos\HlRfdCWGMzI_22_114to219.mp4,test,0,real,Real,,Real,Real,1,False
real_00453,0,"[[-11.858743667602539, 20.9895076751709], [-11.857489585876465, 20.98739242553711], [-11.857258796691895, 20.98703384399414], [-11.856522560119629, 20.985610961914062], [-11.861942291259766, 20.99570083618164], [-11.859392166137695, 20.990339279174805]]","[1.0, 1.0, 1.0, 1.0, 1.0, 1.0]",genvidbench_common1000,0,,1.0,ofurWzQTGeI_94_342to615.mp4,F:\MEngDatasets\AIGVDBench\videos\Real\Real\videos\ofurWzQTGeI_94_342to615.mp4,test,0,real,Real,,Real,Real,1,False
real_00454,0,"[[-10.740022659301758, 15.19392204284668], [-10.739837646484375, 15.193602561950684], [-10.739615440368652, 15.193265914916992], [-10.737253189086914, 15.189342498779297], [-10.739882469177246, 15.193438529968262], [-10.739750862121582, 15.193259239196777]]","[1.0, 1.0, 1.0, 1.0, 1.0, 1.0]",genvidbench_common1000,0,,1.0,JFuanBMh6ko_1_0to154.mp4,F:\MEngDatasets\AIGVDBench\videos\Real\Real\videos\JFuanBMh6ko_1_0to154.mp4,test,0,real,Real,,Real,Real,1,False
real_00455,0,"[[-9.385430335998535, 12.241567611694336], [-9.38621711730957, 12.242725372314453], [-9.387496948242188, 12.244403839111328], [-9.387774467468262, 12.244904518127441], [-9.387357711791992, 12.244257926940918], [-9.387490272521973, 12.244400024414062]]","[1.0, 1.0, 1.0, 1.0, 1.0, 1.0]",genvidbench_common1000,0,,1.0,549hAQCHF7c_2_0to990.mp4,F:\MEngDatasets\AIGVDBench\videos\Real\Real\videos\549hAQCHF7c_2_0to990.mp4,test,0,real,Real,,Real,Real,1,False
real_00456,0,"[[-11.33838176727295, 15.097007751464844], [-11.338325500488281, 15.096831321716309], [-11.341825485229492, 15.10191822052002], [-11.340008735656738, 15.099347114562988], [-11.338664054870605, 15.097362518310547], [-11.340398788452148, 15.099800109863281]]","[1.0, 1.0, 1.0, 1.0, 1.0, 1.0]",genvidbench_common1000,0,,1.0,8Ie8de9eq3Y_10_0to111.mp4,F:\MEngDatasets\AIGVDBench\videos\Real\Real\videos\8Ie8de9eq3Y_10_0to111.mp4,test,0,real,Real,,Real,Real,1,False
real_00457,0,"[[-0.7651366591453552, 1.284999132156372], [-0.7651521563529968, 1.2849764823913574], [-0.7656901478767395, 1.2854413986206055], [-0.7675716876983643, 1.2880576848983765], [-0.7682733535766602, 1.2890383005142212], [-0.7682624459266663, 1.2890324592590332]]","[0.8859613537788391, 0.885960578918457, 0.8860618472099304, 0.8865151405334473, 0.8866842985153198, 0.8866826295852661]",genvidbench_common1000,0,,0.885960578918457,kKRh1p2XX3k_59_67to287.mp4,F:\MEngDatasets\AIGVDBench\videos\Real\Real\videos\kKRh1p2XX3k_59_67to287.mp4,test,0,real,Real,,Real,Real,1,False
real_00458,0,"[[-2.385308265686035, 3.402998447418213], [-2.385356903076172, 3.4030747413635254], [-2.385366916656494, 3.4030914306640625], [-2.3853538036346436, 3.4030709266662598], [-2.385349750518799, 3.4030747413635254], [-2.3853671550750732, 3.4030983448028564]]","[0.9969461560249329, 0.9969466328620911, 0.9969466328620911, 0.9969465136528015, 0.9969465136528015, 0.9969466328620911]",genvidbench_common1000,0,,0.9969466328620911,o2Fgk14mBKs_12_85to262.mp4,F:\MEngDatasets\AIGVDBench\videos\Real\Real\videos\o2Fgk14mBKs_12_85to262.mp4,test,0,real,Real,,Real,Real,1,False
real_00459,0,"[[-12.700448989868164, 15.027571678161621], [-12.70054817199707, 15.027606010437012], [-12.700291633605957, 15.027151107788086], [-12.700390815734863, 15.026881217956543], [-12.700474739074707, 15.027018547058105], [-12.701615333557129, 15.029114723205566]]","[1.0, 1.0, 1.0, 1.0, 1.0, 1.0]",genvidbench_common1000,0,,1.0,IDKbioWJe0U_9_0to198.mp4,F:\MEngDatasets\AIGVDBench\videos\Real\Real\videos\IDKbioWJe0U_9_0to198.mp4,test,0,real,Real,,Real,Real,1,False
real_00460,0,"[[-9.866514205932617, 11.426892280578613], [-9.866250991821289, 11.426553726196289], [-9.86434268951416, 11.42369270324707], [-9.8637113571167, 11.422383308410645], [-9.864089965820312, 11.423257827758789], [-9.86376667022705, 11.42285442352295]]","[1.0, 1.0, 1.0, 1.0, 1.0, 1.0]",genvidbench_common1000,0,,1.0,JtpcTe859CU_16_0to107.mp4,F:\MEngDatasets\AIGVDBench\videos\Real\Real\videos\JtpcTe859CU_16_0to107.mp4,test,0,real,Real,,Real,Real,1,False
real_00461,0,"[[-12.565598487854004, 15.723254203796387], [-12.565800666809082, 15.723479270935059], [-12.565695762634277, 15.723288536071777], [-12.565695762634277, 15.72329330444336], [-12.565698623657227, 15.723298072814941], [-12.565633773803711, 15.72319507598877]]","[1.0, 1.0, 1.0, 1.0, 1.0, 1.0]",genvidbench_common1000,0,,1.0,KgrTKtOqcA0_6_66to318.mp4,F:\MEngDatasets\AIGVDBench\videos\Real\Real\videos\KgrTKtOqcA0_6_66to318.mp4,test,0,real,Real,,Real,Real,1,False
real_00462,0,"[[-13.044878959655762, 17.7567138671875], [-13.044323921203613, 17.75577735900879], [-13.044783592224121, 17.756101608276367], [-13.04482650756836, 17.75615882873535], [-13.047741889953613, 17.760669708251953], [-13.048847198486328, 17.762331008911133]]","[1.0, 1.0, 1.0, 1.0, 1.0, 1.0]",genvidbench_common1000,0,,1.0,DJRDbSDG1GU_53_0to148.mp4,F:\MEngDatasets\AIGVDBench\videos\Real\Real\videos\DJRDbSDG1GU_53_0to148.mp4,test,0,real,Real,,Real,Real,1,False
real_00463,0,"[[-15.440413475036621, 19.478139877319336], [-15.44039249420166, 19.47808265686035], [-15.439555168151855, 19.47667121887207], [-15.438302040100098, 19.474693298339844], [-15.438519477844238, 19.474809646606445], [-15.439019203186035, 19.474973678588867]]","[1.0, 1.0, 1.0, 1.0, 1.0, 1.0]",genvidbench_common1000,0,,1.0,nhskgJQ5XMU_202_0to114.mp4,F:\MEngDatasets\AIGVDBench\videos\Real\Real\videos\nhskgJQ5XMU_202_0to114.mp4,test,0,real,Real,,Real,Real,1,False
real_00464,0,"[[-10.473111152648926, 13.8605375289917], [-10.472046852111816, 13.859408378601074], [-10.473483085632324, 13.861308097839355], [-10.474120140075684, 13.862051010131836], [-10.474286079406738, 13.862427711486816], [-10.474446296691895, 13.86263656616211]]","[1.0, 1.0, 1.0, 1.0, 1.0, 1.0]",genvidbench_common1000,0,,1.0,rkP0vK1plbU_20_0to162.mp4,F:\MEngDatasets\AIGVDBench\videos\Real\Real\videos\rkP0vK1plbU_20_0to162.mp4,test,0,real,Real,,Real,Real,1,False
real_00465,0,"[[-9.24416446685791, 12.78104019165039], [-9.244593620300293, 12.78170394897461], [-9.243736267089844, 12.78045654296875], [-9.243122100830078, 12.779510498046875], [-9.243471145629883, 12.780036926269531]]","[1.0, 1.0, 1.0, 1.0, 1.0]",genvidbench_common1000,0,,1.0,EfU4Nt-EUcU_16_0to104.mp4,F:\MEngDatasets\AIGVDBench\videos\Real\Real\videos\EfU4Nt-EUcU_16_0to104.mp4,test,0,real,Real,,Real,Real,1,False
real_00466,0,"[[-5.264826774597168, 6.836854457855225], [-5.264919281005859, 6.837019443511963], [-5.264779567718506, 6.836668014526367], [-5.2649736404418945, 6.836856365203857], [-5.264673709869385, 6.836372375488281], [-5.2648186683654785, 6.836619853973389]]","[0.9999943971633911, 0.9999943971633911, 0.9999943971633911, 0.9999943971633911, 0.9999943971633911, 0.9999943971633911]",genvidbench_common1000,0,,0.9999943971633911,A7jwsYPnrSk_30_0to109.mp4,F:\MEngDatasets\AIGVDBench\videos\Real\Real\videos\A7jwsYPnrSk_30_0to109.mp4,test,0,real,Real,,Real,Real,1,False
real_00467,0,"[[-19.770326614379883, 28.016019821166992], [-19.770261764526367, 28.016393661499023], [-19.770198822021484, 28.016447067260742], [-19.76995086669922, 28.016265869140625], [-19.769805908203125, 28.016252517700195], [-19.7702579498291, 28.017799377441406]]","[1.0, 1.0, 1.0, 1.0, 1.0, 1.0]",genvidbench_common1000,0,,1.0,0NIGyLAVV8M_209_27to290.mp4,F:\MEngDatasets\AIGVDBench\videos\Real\Real\videos\0NIGyLAVV8M_209_27to290.mp4,test,0,real,Real,,Real,Real,1,False
real_00468,0,"[[0.5450611114501953, -0.36500948667526245], [0.5450483560562134, -0.3649918735027313], [0.544213593006134, -0.36411288380622864], [0.5441944599151611, -0.36414340138435364], [0.5441182851791382, -0.36404457688331604], [0.544050931930542, -0.3639736771583557]]","[0.2869853973388672, 0.28699159622192383, 0.2873423993587494, 0.28734010457992554, 0.28737595677375793, 0.28740423917770386]",genvidbench_common1000,0,,0.28699159622192383,u9CMrLbY5S8_44_44to190.mp4,F:\MEngDatasets\AIGVDBench\videos\Real\Real\videos\u9CMrLbY5S8_44_44to190.mp4,test,0,real,Real,,Real,Real,0,True
real_00469,0,"[[-11.803911209106445, 14.917228698730469], [-11.803837776184082, 14.917168617248535], [-11.802931785583496, 14.915787696838379], [-11.802922248840332, 14.915762901306152], [-11.802928924560547, 14.915754318237305], [-11.80335807800293, 14.915633201599121]]","[1.0, 1.0, 1.0, 1.0, 1.0, 1.0]",genvidbench_common1000,0,,1.0,OPMa5Y-ABaA_14_0to154.mp4,F:\MEngDatasets\AIGVDBench\videos\Real\Real\videos\OPMa5Y-ABaA_14_0to154.mp4,test,0,real,Real,,Real,Real,1,False
real_00470,0,"[[0.9618930220603943, -1.391863226890564], [0.96128249168396, -1.3911329507827759], [0.9615215063095093, -1.391432523727417], [0.9614733457565308, -1.3914077281951904], [0.9609731435775757, -1.3908072710037231], [0.9604312181472778, -1.3901820182800293]]","[0.08676767349243164, 0.08687396347522736, 0.08683126419782639, 0.0868370458483696, 0.08692436665296555, 0.08701705187559128]",genvidbench_common1000,0,,0.08687396347522736,MTV8_vY9VuU_7_0to204.mp4,F:\MEngDatasets\AIGVDBench\videos\Real\Real\videos\MTV8_vY9VuU_7_0to204.mp4,test,0,real,Real,,Real,Real,0,True
real_00471,0,"[[-0.8207097053527832, 1.0944005250930786], [-0.8209777474403381, 1.0946860313415527], [-0.8208850622177124, 1.0946093797683716], [-0.8201934099197388, 1.0938897132873535], [-0.820968747138977, 1.0946861505508423], [-0.8221812844276428, 1.0959182977676392]]","[0.8715921640396118, 0.8716540932655334, 0.8716351389884949, 0.8714771270751953, 0.8716530799865723, 0.8719263672828674]",genvidbench_common1000,0,,0.8716540932655334,wcY6nDp_HzM_58_22to134.mp4,F:\MEngDatasets\AIGVDBench\videos\Real\Real\videos\wcY6nDp_HzM_58_22to134.mp4,test,0,real,Real,,Real,Real,1,False
real_00472,0,"[[-9.971704483032227, 12.733283042907715], [-9.975071907043457, 12.737401962280273], [-9.974320411682129, 12.736519813537598], [-9.974184036254883, 12.736332893371582], [-9.973530769348145, 12.73547649383545], [-9.972115516662598, 12.733713150024414]]","[1.0, 1.0, 1.0, 1.0, 1.0, 1.0]",genvidbench_common1000,0,,1.0,X2zqiX6yL3I_91_0to114.mp4,F:\MEngDatasets\AIGVDBench\videos\Real\Real\videos\X2zqiX6yL3I_91_0to114.mp4,test,0,real,Real,,Real,Real,1,False
real_00473,0,"[[1.6641128063201904, -2.0100910663604736], [1.6641424894332886, -2.0101208686828613], [1.6638942956924438, -2.0098578929901123], [1.6638034582138062, -2.0097599029541016], [1.6638598442077637, -2.0098233222961426], [1.663544774055481, -2.009495258331299]]","[0.024741902947425842, 0.024740466848015785, 0.024752801284193993, 0.02475736103951931, 0.024754472076892853, 0.02477000653743744]",genvidbench_common1000,0,,0.024740466848015785,wSwpV85OXNs_139_0to124.mp4,F:\MEngDatasets\AIGVDBench\videos\Real\Real\videos\wSwpV85OXNs_139_0to124.mp4,test,0,real,Real,,Real,Real,0,True
real_00474,0,"[[-19.48426628112793, 26.780010223388672], [-19.48711395263672, 26.784530639648438], [-19.4851016998291, 26.78101921081543], [-19.48660659790039, 26.783794403076172], [-19.484420776367188, 26.77996063232422], [-19.485008239746094, 26.78080940246582]]","[1.0, 1.0, 1.0, 1.0, 1.0, 1.0]",genvidbench_common1000,0,,1.0,3-TF4iCcNbg_9_16to446.mp4,F:\MEngDatasets\AIGVDBench\videos\Real\Real\videos\3-TF4iCcNbg_9_16to446.mp4,test,0,real,Real,,Real,Real,1,False
real_00475,0,"[[-10.572744369506836, 13.687670707702637], [-10.573630332946777, 13.688886642456055], [-10.574189186096191, 13.689821243286133], [-10.572624206542969, 13.68760871887207], [-10.57314395904541, 13.688366889953613], [-10.57369327545166, 13.689143180847168]]","[1.0, 1.0, 1.0, 1.0, 1.0, 1.0]",genvidbench_common1000,0,,1.0,50KDhKUOrqI_57_294to582.mp4,F:\MEngDatasets\AIGVDBench\videos\Real\Real\videos\50KDhKUOrqI_57_294to582.mp4,test,0,real,Real,,Real,Real,1,False
real_00476,0,"[[-3.4341166019439697, 4.941871166229248], [-3.434077262878418, 4.94182825088501], [-3.4319567680358887, 4.938789367675781], [-3.4328079223632812, 4.9398345947265625], [-3.4326047897338867, 4.939549446105957], [-3.4327714443206787, 4.939743518829346]]","[0.9997697472572327, 0.9997697472572327, 0.9997685551643372, 0.9997689127922058, 0.9997687935829163, 0.9997689127922058]",genvidbench_common1000,0,,0.9997697472572327,SGKXbHR2Atg_7_0to104.mp4,F:\MEngDatasets\AIGVDBench\videos\Real\Real\videos\SGKXbHR2Atg_7_0to104.mp4,test,0,real,Real,,Real,Real,1,False
real_00477,0,"[[-13.939742088317871, 16.24765396118164], [-13.940285682678223, 16.248451232910156], [-13.940553665161133, 16.24882698059082], [-13.93980598449707, 16.24779510498047], [-13.939948081970215, 16.248010635375977], [-13.940430641174316, 16.248716354370117]]","[1.0, 1.0, 1.0, 1.0, 1.0, 1.0]",genvidbench_common1000,0,,1.0,2zf8uvZBL44_0_0to1461.mp4,F:\MEngDatasets\AIGVDBench\videos\Real\Real\videos\2zf8uvZBL44_0_0to1461.mp4,test,0,real,Real,,Real,Real,1,False
real_00478,0,"[[-18.711063385009766, 24.984481811523438], [-18.71162986755371, 24.985624313354492], [-18.711923599243164, 24.986120223999023], [-18.712142944335938, 24.986522674560547], [-18.710742950439453, 24.98430061340332], [-18.711769104003906, 24.985918045043945]]","[1.0, 1.0, 1.0, 1.0, 1.0, 1.0]",genvidbench_common1000,0,,1.0,mzInI2iwql0_1_0to155.mp4,F:\MEngDatasets\AIGVDBench\videos\Real\Real\videos\mzInI2iwql0_1_0to155.mp4,test,0,real,Real,,Real,Real,1,False
real_00479,0,"[[-10.224942207336426, 13.247474670410156], [-10.223135948181152, 13.245022773742676], [-10.222967147827148, 13.244965553283691], [-10.222661972045898, 13.244540214538574], [-10.22199535369873, 13.243426322937012], [-10.22240161895752, 13.244274139404297]]","[1.0, 1.0, 1.0, 1.0, 1.0, 1.0]",genvidbench_common1000,0,,1.0,ZsxlTeh1BIo_42_20to148.mp4,F:\MEngDatasets\AIGVDBench\videos\Real\Real\videos\ZsxlTeh1BIo_42_20to148.mp4,test,0,real,Real,,Real,Real,1,False
real_00480,0,"[[-4.89385461807251, 7.565860271453857], [-4.893904209136963, 7.565791606903076], [-4.893856048583984, 7.565822124481201], [-4.893768787384033, 7.565673828125], [-4.893768787384033, 7.565712928771973], [-4.893970012664795, 7.565982341766357]]","[0.9999960660934448, 0.9999960660934448, 0.9999960660934448, 0.9999960660934448, 0.9999960660934448, 0.9999960660934448]",genvidbench_common1000,0,,0.9999960660934448,FT7EyOI4OpU_7_0to381.mp4,F:\MEngDatasets\AIGVDBench\videos\Real\Real\videos\FT7EyOI4OpU_7_0to381.mp4,test,0,real,Real,,Real,Real,1,False
real_00481,0,"[[-2.274693489074707, 3.6062304973602295], [-2.2749524116516113, 3.606519937515259], [-2.2749929428100586, 3.6066174507141113], [-2.2749569416046143, 3.6065642833709717], [-2.275063991546631, 3.606693983078003], [-2.2748827934265137, 3.606480121612549]]","[0.9972155094146729, 0.997217059135437, 0.9972174167633057, 0.9972171783447266, 0.9972178936004639, 0.9972168207168579]",genvidbench_common1000,0,,0.997217059135437,uD1qsJjHi14_6_0to210.mp4,F:\MEngDatasets\AIGVDBench\videos\Real\Real\videos\uD1qsJjHi14_6_0to210.mp4,test,0,real,Real,,Real,Real,1,False
real_00482,0,"[[-12.015893936157227, 18.149545669555664], [-12.016044616699219, 18.149885177612305], [-12.016162872314453, 18.150007247924805], [-12.016399383544922, 18.1503849029541], [-12.016325950622559, 18.150291442871094], [-12.01565933227539, 18.149208068847656]]","[1.0, 1.0, 1.0, 1.0, 1.0, 1.0]",genvidbench_common1000,0,,1.0,3Ym6Ip3M3fQ_39_45to225.mp4,F:\MEngDatasets\AIGVDBench\videos\Real\Real\videos\3Ym6Ip3M3fQ_39_45to225.mp4,test,0,real,Real,,Real,Real,1,False
real_00483,0,"[[-5.548844814300537, 7.256650924682617], [-5.548895835876465, 7.256725311279297], [-5.549417972564697, 7.257316589355469], [-5.548943519592285, 7.2567853927612305], [-5.549419403076172, 7.257341384887695], [-5.548893451690674, 7.2567524909973145]]","[0.9999972581863403, 0.9999972581863403, 0.9999972581863403, 0.9999972581863403, 0.9999972581863403, 0.9999972581863403]",genvidbench_common1000,0,,0.9999972581863403,NwGuCTHwXaY_24_17to144.mp4,F:\MEngDatasets\AIGVDBench\videos\Real\Real\videos\NwGuCTHwXaY_24_17to144.mp4,test,0,real,Real,,Real,Real,1,False
real_00484,0,"[[-4.908298015594482, 6.064972877502441], [-4.908857822418213, 6.065764427185059], [-4.907942295074463, 6.064558982849121], [-4.9078192710876465, 6.064405918121338], [-4.9077019691467285, 6.064289093017578], [-4.907196044921875, 6.063625812530518]]","[0.9999828338623047, 0.9999828338623047, 0.9999828338623047, 0.9999828338623047, 0.9999828338623047, 0.9999828338623047]",genvidbench_common1000,0,,0.9999828338623047,wcPaoCqMtMc_50_30to141.mp4,F:\MEngDatasets\AIGVDBench\videos\Real\Real\videos\wcPaoCqMtMc_50_30to141.mp4,test,0,real,Real,,Real,Real,1,False
real_00485,0,"[[-4.781903266906738, 5.588624000549316], [-4.784123420715332, 5.591249942779541], [-4.7836689949035645, 5.590689659118652], [-4.782992839813232, 5.5898895263671875], [-4.781583309173584, 5.588196754455566], [-4.78013801574707, 5.586512088775635]]","[0.9999686479568481, 0.9999687671661377, 0.9999687671661377, 0.9999687671661377, 0.9999686479568481, 0.9999685287475586]",genvidbench_common1000,0,,0.9999687671661377,LJGo6Nla1L8_7_0to198.mp4,F:\MEngDatasets\AIGVDBench\videos\Real\Real\videos\LJGo6Nla1L8_7_0to198.mp4,test,0,real,Real,,Real,Real,1,False
real_00486,0,"[[-2.2356085777282715, 2.8986687660217285], [-2.235654592514038, 2.898737907409668], [-2.235577344894409, 2.898627758026123], [-2.235612630844116, 2.898679494857788], [-2.235598564147949, 2.898653507232666], [-2.2356252670288086, 2.898698091506958]]","[0.9941431879997253, 0.9941439032554626, 0.9941428303718567, 0.9941433072090149, 0.9941430687904358, 0.9941434264183044]",genvidbench_common1000,0,,0.9941439032554626,TzndBGp5IcI_359_0to171.mp4,F:\MEngDatasets\AIGVDBench\videos\Real\Real\videos\TzndBGp5IcI_359_0to171.mp4,test,0,real,Real,,Real,Real,1,False
real_00487,0,"[[-15.487751960754395, 20.5736141204834], [-15.487749099731445, 20.573551177978516], [-15.487835884094238, 20.57353401184082], [-15.489676475524902, 20.575904846191406], [-15.489272117614746, 20.575458526611328], [-15.48789119720459, 20.57356834411621]]","[1.0, 1.0, 1.0, 1.0, 1.0, 1.0]",genvidbench_common1000,0,,1.0,n6vXpIlCJAE_5_0to1336.mp4,F:\MEngDatasets\AIGVDBench\videos\Real\Real\videos\n6vXpIlCJAE_5_0to1336.mp4,test,0,real,Real,,Real,Real,1,False
real_00488,0,"[[-4.467858791351318, 7.497098922729492], [-4.469233989715576, 7.499047756195068], [-4.470174789428711, 7.500478267669678], [-4.469138145446777, 7.498722076416016], [-4.468642711639404, 7.498178005218506], [-4.468814849853516, 7.498497486114502]]","[0.9999936819076538, 0.9999936819076538, 0.9999936819076538, 0.9999936819076538, 0.9999936819076538, 0.9999936819076538]",genvidbench_common1000,0,,0.9999936819076538,nEFenj7hi4Y_5_0to637.mp4,F:\MEngDatasets\AIGVDBench\videos\Real\Real\videos\nEFenj7hi4Y_5_0to637.mp4,test,0,real,Real,,Real,Real,1,False
real_00489,0,"[[-10.46819019317627, 14.536711692810059], [-10.467973709106445, 14.536158561706543], [-10.467886924743652, 14.536206245422363], [-10.468337059020996, 14.536739349365234], [-10.469114303588867, 14.537798881530762], [-10.469023704528809, 14.537675857543945]]","[1.0, 1.0, 1.0, 1.0, 1.0, 1.0]",genvidbench_common1000,0,,1.0,J0htRZc7Vew_4_24to147.mp4,F:\MEngDatasets\AIGVDBench\videos\Real\Real\videos\J0htRZc7Vew_4_24to147.mp4,test,0,real,Real,,Real,Real,1,False
real_00490,0,"[[-7.3058977127075195, 9.504312515258789], [-7.305824279785156, 9.5042142868042], [-7.305659770965576, 9.50389575958252], [-7.3049845695495605, 9.502582550048828], [-7.305098056793213, 9.502768516540527], [-7.30510950088501, 9.502785682678223]]","[1.0, 1.0, 1.0, 1.0, 1.0, 1.0]",genvidbench_common1000,0,,1.0,8418w-jd_Fg_20_0to106.mp4,F:\MEngDatasets\AIGVDBench\videos\Real\Real\videos\8418w-jd_Fg_20_0to106.mp4,test,0,real,Real,,Real,Real,1,False
real_00491,0,"[[-13.843711853027344, 20.5611629486084], [-13.843711853027344, 20.561094284057617], [-13.84380054473877, 20.561309814453125], [-13.843722343444824, 20.561063766479492], [-13.843652725219727, 20.56095314025879], [-13.843716621398926, 20.561208724975586]]","[1.0, 1.0, 1.0, 1.0, 1.0, 1.0]",genvidbench_common1000,0,,1.0,Cwv7zcFgVzY_18_0to265.mp4,F:\MEngDatasets\AIGVDBench\videos\Real\Real\videos\Cwv7zcFgVzY_18_0to265.mp4,test,0,real,Real,,Real,Real,1,False
real_00492,0,"[[-16.206737518310547, 23.606332778930664], [-16.205461502075195, 23.604652404785156], [-16.20635414123535, 23.605688095092773], [-16.20608901977539, 23.6052303314209], [-16.206256866455078, 23.605382919311523], [-16.208593368530273, 23.60890007019043]]","[1.0, 1.0, 1.0, 1.0, 1.0, 1.0]",genvidbench_common1000,0,,1.0,Dbz52u3Ikcg_12_19to140.mp4,F:\MEngDatasets\AIGVDBench\videos\Real\Real\videos\Dbz52u3Ikcg_12_19to140.mp4,test,0,real,Real,,Real,Real,1,False
real_00493,0,"[[-14.440258979797363, 19.541866302490234], [-14.440330505371094, 19.542051315307617], [-14.439119338989258, 19.540456771850586], [-14.440970420837402, 19.5430908203125], [-14.44144058227539, 19.54383659362793], [-14.441615104675293, 19.544044494628906]]","[1.0, 1.0, 1.0, 1.0, 1.0, 1.0]",genvidbench_common1000,0,,1.0,c5AwstOsjtg_3_847to1518.mp4,F:\MEngDatasets\AIGVDBench\videos\Real\Real\videos\c5AwstOsjtg_3_847to1518.mp4,test,0,real,Real,,Real,Real,1,False
real_00494,0,"[[-23.818288803100586, 31.490957260131836], [-23.818382263183594, 31.491300582885742], [-23.817611694335938, 31.489992141723633], [-23.818649291992188, 31.490842819213867], [-23.818449020385742, 31.49058723449707], [-23.817996978759766, 31.49001121520996]]","[1.0, 1.0, 1.0, 1.0, 1.0, 1.0]",genvidbench_common1000,0,,1.0,iUxEjC-H82E_12_19to211.mp4,F:\MEngDatasets\AIGVDBench\videos\Real\Real\videos\iUxEjC-H82E_12_19to211.mp4,test,0,real,Real,,Real,Real,1,False
real_00495,0,"[[-7.749698162078857, 11.603890419006348], [-7.750154495239258, 11.605021476745605], [-7.749716758728027, 11.604174613952637], [-7.750676155090332, 11.605818748474121], [-7.75033712387085, 11.605040550231934], [-7.749392509460449, 11.603490829467773]]","[1.0, 1.0, 1.0, 1.0, 1.0, 1.0]",genvidbench_common1000,0,,1.0,02M4tj70Ju0_20_0to116.mp4,F:\MEngDatasets\AIGVDBench\videos\Real\Real\videos\02M4tj70Ju0_20_0to116.mp4,test,0,real,Real,,Real,Real,1,False
real_00496,0,"[[-9.471539497375488, 13.899691581726074], [-9.47087287902832, 13.89862060546875], [-9.471259117126465, 13.899094581604004], [-9.470969200134277, 13.899114608764648], [-9.47176742553711, 13.900193214416504], [-9.47192096710205, 13.900300025939941]]","[1.0, 1.0, 1.0, 1.0, 1.0, 1.0]",genvidbench_common1000,0,,1.0,wxKZ4N2rP-M_35_0to218.mp4,F:\MEngDatasets\AIGVDBench\videos\Real\Real\videos\wxKZ4N2rP-M_35_0to218.mp4,test,0,real,Real,,Real,Real,1,False
real_00497,0,"[[3.7107980251312256, -3.6177382469177246], [3.7108588218688965, -3.6178030967712402], [3.7109005451202393, -3.6178598403930664], [3.7109568119049072, -3.617917537689209], [3.710761070251465, -3.6177144050598145], [3.709744691848755, -3.6165971755981445]]","[0.0006561033078469336, 0.0006560207111760974, 0.0006559563335031271, 0.0006558813038282096, 0.0006561429472640157, 0.0006575436564162374]",genvidbench_common1000,0,,0.0006560207111760974,pmhn8wnIXD0_25_23to178.mp4,F:\MEngDatasets\AIGVDBench\videos\Real\Real\videos\pmhn8wnIXD0_25_23to178.mp4,test,0,real,Real,,Real,Real,0,True
real_00498,0,"[[-13.767746925354004, 16.54117774963379], [-13.76772403717041, 16.541175842285156], [-13.767752647399902, 16.541072845458984], [-13.767244338989258, 16.540224075317383], [-13.767205238342285, 16.540191650390625], [-13.76728343963623, 16.54029083251953]]","[1.0, 1.0, 1.0, 1.0, 1.0, 1.0]",genvidbench_common1000,0,,1.0,PNBoSIO7DS4_14_283to398.mp4,F:\MEngDatasets\AIGVDBench\videos\Real\Real\videos\PNBoSIO7DS4_14_283to398.mp4,test,0,real,Real,,Real,Real,1,False
real_00499,0,"[[-4.15464973449707, 5.42586088180542], [-4.1548380851745605, 5.426045894622803], [-4.154768466949463, 5.42594051361084], [-4.1546220779418945, 5.425793170928955], [-4.1549296379089355, 5.42630672454834], [-4.155013084411621, 5.426499366760254]]","[0.9999309778213501, 0.9999309778213501, 0.9999309778213501, 0.9999309778213501, 0.9999309778213501, 0.9999309778213501]",genvidbench_common1000,0,,0.9999309778213501,hrIO6_fBc6A_27_0to488.mp4,F:\MEngDatasets\AIGVDBench\videos\Real\Real\videos\hrIO6_fBc6A_27_0to488.mp4,test,0,real,Real,,Real,Real,1,False
real_00500,0,"[[-5.9749755859375, 7.957186222076416], [-5.975006580352783, 7.957333564758301], [-5.974319934844971, 7.956446170806885], [-5.9744648933410645, 7.95660924911499], [-5.974558353424072, 7.956716060638428], [-5.974308967590332, 7.956467628479004]]","[0.9999991655349731, 0.9999991655349731, 0.9999991655349731, 0.9999991655349731, 0.9999991655349731, 0.9999991655349731]",genvidbench_common1000,0,,0.9999991655349731,Bxu9BH_q-78_316_0to110.mp4,F:\MEngDatasets\AIGVDBench\videos\Real\Real\videos\Bxu9BH_q-78_316_0to110.mp4,test,0,real,Real,,Real,Real,1,False
