path,rel_path,label,label_name,pair,generator_id,benchmark,missing,content_path,target,y_true,raw_score_real_direction,fake_score,pred_best_threshold
F:\MEngDatasets\GenVidBench\GenVidBench\Pair1\vript\vript\-4-C3-Af7V8-Scene-001.mp4,Pair1\vript\vript\-4-C3-Af7V8-Scene-001.mp4,0,real,Pair1,vript,GenVidBench,False,D:\HaitongNi\MEngProject_SecondBench\02_D3\cache\frames\real\Pair1_vript_vript_-4-C3-Af7V8-Scene-001.mp4,0,0,2.5374856,-2.5374856,1
F:\MEngDatasets\GenVidBench\GenVidBench\Pair2\hd_vg_130m\hd_vg_130m\10945___EP24CfRpQyU.11_3.mp4,Pair2\hd_vg_130m\hd_vg_130m\10945___EP24CfRpQyU.11_3.mp4,0,real,Pair2,hd_vg_130m,GenVidBench,False,D:\HaitongNi\MEngProject_SecondBench\02_D3\cache\frames\real\Pair2_hd_vg_130m_hd_vg_130m_10945__EP24CfRpQyU.11_3.mp4,0,0,5.7130656,-5.7130656,0
F:\MEngDatasets\GenVidBench\GenVidBench\Pair2\hd_vg_130m\hd_vg_130m\01373___14ZZb-QvH5c.1_2.mp4,Pair2\hd_vg_130m\hd_vg_130m\01373___14ZZb-QvH5c.1_2.mp4,0,real,Pair2,hd_vg_130m,GenVidBench,False,D:\HaitongNi\MEngProject_SecondBench\02_D3\cache\frames\real\Pair2_hd_vg_130m_hd_vg_130m_01373__14ZZb-QvH5c.1_2.mp4,0,0,6.2295814,-6.2295814,0
F:\MEngDatasets\GenVidBench\GenVidBench\Pair1\vript\vript\3C-vozLC-IM-Scene-038.mp4,Pair1\vript\vript\3C-vozLC-IM-Scene-038.mp4,0,real,Pair1,vript,GenVidBench,False,D:\HaitongNi\MEngProject_SecondBench\02_D3\cache\frames\real\Pair1_vript_vript_3C-vozLC-IM-Scene-038.mp4,0,0,4.616112,-4.616112,0
F:\MEngDatasets\GenVidBench\GenVidBench\Pair1\vript\vript\-L_VVyillvU-Scene-033.mp4,Pair1\vript\vript\-L_VVyillvU-Scene-033.mp4,0,real,Pair1,vript,GenVidBench,False,D:\HaitongNi\MEngProject_SecondBench\02_D3\cache\frames\real\Pair1_vript_vript_-L_VVyillvU-Scene-033.mp4,0,0,4.011557,-4.011557,1
F:\MEngDatasets\GenVidBench\GenVidBench\Pair2\hd_vg_130m\hd_vg_130m\02086___2u4ZjOVLTqk.3_1.mp4,Pair2\hd_vg_130m\hd_vg_130m\02086___2u4ZjOVLTqk.3_1.mp4,0,real,Pair2,hd_vg_130m,GenVidBench,False,D:\HaitongNi\MEngProject_SecondBench\02_D3\cache\frames\real\Pair2_hd_vg_130m_hd_vg_130m_02086__2u4ZjOVLTqk.3_1.mp4,0,0,11.044762,-11.044762,0
F:\MEngDatasets\GenVidBench\GenVidBench\Pair1\vript\vript\-gdaWqydHzk-Scene-050.mp4,Pair1\vript\vript\-gdaWqydHzk-Scene-050.mp4,0,real,Pair1,vript,GenVidBench,False,D:\HaitongNi\MEngProject_SecondBench\02_D3\cache\frames\real\Pair1_vript_vript_-gdaWqydHzk-Scene-050.mp4,0,0,3.6305156,-3.6305156,1
F:\MEngDatasets\GenVidBench\GenVidBench\Pair2\hd_vg_130m\hd_vg_130m\10833___Gsuz6Vs9azY.2_1.mp4,Pair2\hd_vg_130m\hd_vg_130m\10833___Gsuz6Vs9azY.2_1.mp4,0,real,Pair2,hd_vg_130m,GenVidBench,False,D:\HaitongNi\MEngProject_SecondBench\02_D3\cache\frames\real\Pair2_hd_vg_130m_hd_vg_130m_10833__Gsuz6Vs9azY.2_1.mp4,0,0,2.0826712,-2.0826712,1
F:\MEngDatasets\GenVidBench\GenVidBench\Pair2\hd_vg_130m\hd_vg_130m\01407___-NIP2zgVsRY.0_3.mp4,Pair2\hd_vg_130m\hd_vg_130m\01407___-NIP2zgVsRY.0_3.mp4,0,real,Pair2,hd_vg_130m,GenVidBench,False,D:\HaitongNi\MEngProject_SecondBench\02_D3\cache\frames\real\Pair2_hd_vg_130m_hd_vg_130m_01407__-NIP2zgVsRY.0_3.mp4,0,0,8.651015,-8.651015,0
F:\MEngDatasets\GenVidBench\GenVidBench\Pair2\hd_vg_130m\hd_vg_130m\12847___DY-FIDOx3Ks.0_2.mp4,Pair2\hd_vg_130m\hd_vg_130m\12847___DY-FIDOx3Ks.0_2.mp4,0,real,Pair2,hd_vg_130m,GenVidBench,False,D:\HaitongNi\MEngProject_SecondBench\02_D3\cache\frames\real\Pair2_hd_vg_130m_hd_vg_130m_12847__DY-FIDOx3Ks.0_2.mp4,0,0,8.579889,-8.579889,0
F:\MEngDatasets\GenVidBench\GenVidBench\Pair1\vript\vript\3UHTQdotAzk-Scene-057.mp4,Pair1\vript\vript\3UHTQdotAzk-Scene-057.mp4,0,real,Pair1,vript,GenVidBench,False,D:\HaitongNi\MEngProject_SecondBench\02_D3\cache\frames\real\Pair1_vript_vript_3UHTQdotAzk-Scene-057.mp4,0,0,3.3859255,-3.3859255,1
F:\MEngDatasets\GenVidBench\GenVidBench\Pair2\hd_vg_130m\hd_vg_130m\04154___44H2_zaW0sM.4_2.mp4,Pair2\hd_vg_130m\hd_vg_130m\04154___44H2_zaW0sM.4_2.mp4,0,real,Pair2,hd_vg_130m,GenVidBench,False,D:\HaitongNi\MEngProject_SecondBench\02_D3\cache\frames\real\Pair2_hd_vg_130m_hd_vg_130m_04154__44H2_zaW0sM.4_2.mp4,0,0,9.147632,-9.147632,0
F:\MEngDatasets\GenVidBench\GenVidBench\Pair1\vript\vript\-qGozrMz4DM-Scene-073.mp4,Pair1\vript\vript\-qGozrMz4DM-Scene-073.mp4,0,real,Pair1,vript,GenVidBench,False,D:\HaitongNi\MEngProject_SecondBench\02_D3\cache\frames\real\Pair1_vript_vript_-qGozrMz4DM-Scene-073.mp4,0,0,5.3047776,-5.3047776,0
F:\MEngDatasets\GenVidBench\GenVidBench\Pair1\vript\vript\-CLU35KDfkI-Scene-014.mp4,Pair1\vript\vript\-CLU35KDfkI-Scene-014.mp4,0,real,Pair1,vript,GenVidBench,False,D:\HaitongNi\MEngProject_SecondBench\02_D3\cache\frames\real\Pair1_vript_vript_-CLU35KDfkI-Scene-014.mp4,0,0,2.7245414,-2.7245414,1
F:\MEngDatasets\GenVidBench\GenVidBench\Pair2\hd_vg_130m\hd_vg_130m\07440___6z-J6edJvcA.3_0.mp4,Pair2\hd_vg_130m\hd_vg_130m\07440___6z-J6edJvcA.3_0.mp4,0,real,Pair2,hd_vg_130m,GenVidBench,False,D:\HaitongNi\MEngProject_SecondBench\02_D3\cache\frames\real\Pair2_hd_vg_130m_hd_vg_130m_07440__6z-J6edJvcA.3_0.mp4,0,0,4.650657,-4.650657,0
F:\MEngDatasets\GenVidBench\GenVidBench\Pair2\hd_vg_130m\hd_vg_130m\06836___B5OaRWCofOE.0_3.mp4,Pair2\hd_vg_130m\hd_vg_130m\06836___B5OaRWCofOE.0_3.mp4,0,real,Pair2,hd_vg_130m,GenVidBench,False,D:\HaitongNi\MEngProject_SecondBench\02_D3\cache\frames\real\Pair2_hd_vg_130m_hd_vg_130m_06836__B5OaRWCofOE.0_3.mp4,0,0,5.771711,-5.771711,0
F:\MEngDatasets\GenVidBench\GenVidBench\Pair1\vript\vript\-Tznlx878UU-Scene-493.mp4,Pair1\vript\vript\-Tznlx878UU-Scene-493.mp4,0,real,Pair1,vript,GenVidBench,False,D:\HaitongNi\MEngProject_SecondBench\02_D3\cache\frames\real\Pair1_vript_vript_-Tznlx878UU-Scene-493.mp4,0,0,9.170102,-9.170102,0
F:\MEngDatasets\GenVidBench\GenVidBench\Pair2\hd_vg_130m\hd_vg_130m\08321___9J7L4KG7JmI.2_0.mp4,Pair2\hd_vg_130m\hd_vg_130m\08321___9J7L4KG7JmI.2_0.mp4,0,real,Pair2,hd_vg_130m,GenVidBench,False,D:\HaitongNi\MEngProject_SecondBench\02_D3\cache\frames\real\Pair2_hd_vg_130m_hd_vg_130m_08321__9J7L4KG7JmI.2_0.mp4,0,0,5.8424816,-5.8424816,0
F:\MEngDatasets\GenVidBench\GenVidBench\Pair1\vript\vript\-j8An5lGDt0-Scene-077.mp4,Pair1\vript\vript\-j8An5lGDt0-Scene-077.mp4,0,real,Pair1,vript,GenVidBench,False,D:\HaitongNi\MEngProject_SecondBench\02_D3\cache\frames\real\Pair1_vript_vript_-j8An5lGDt0-Scene-077.mp4,0,0,5.891257,-5.891257,0
F:\MEngDatasets\GenVidBench\GenVidBench\Pair1\vript\vript\-7BKjOyJrk8-Scene-059.mp4,Pair1\vript\vript\-7BKjOyJrk8-Scene-059.mp4,0,real,Pair1,vript,GenVidBench,False,D:\HaitongNi\MEngProject_SecondBench\02_D3\cache\frames\real\Pair1_vript_vript_-7BKjOyJrk8-Scene-059.mp4,0,0,4.7826777,-4.7826777,0
F:\MEngDatasets\GenVidBench\GenVidBench\Pair1\vript\vript\-8D05dM6q7U-Scene-028.mp4,Pair1\vript\vript\-8D05dM6q7U-Scene-028.mp4,0,real,Pair1,vript,GenVidBench,False,D:\HaitongNi\MEngProject_SecondBench\02_D3\cache\frames\real\Pair1_vript_vript_-8D05dM6q7U-Scene-028.mp4,0,0,7.141727,-7.141727,0
F:\MEngDatasets\GenVidBench\GenVidBench\Pair1\vript\vript\-6iIC9iblj0-Scene-028.mp4,Pair1\vript\vript\-6iIC9iblj0-Scene-028.mp4,0,real,Pair1,vript,GenVidBench,False,D:\HaitongNi\MEngProject_SecondBench\02_D3\cache\frames\real\Pair1_vript_vript_-6iIC9iblj0-Scene-028.mp4,0,0,1.6231811,-1.6231811,1
F:\MEngDatasets\GenVidBench\GenVidBench\Pair1\vript\vript\0MPSYshRlms-Scene-017.mp4,Pair1\vript\vript\0MPSYshRlms-Scene-017.mp4,0,real,Pair1,vript,GenVidBench,False,D:\HaitongNi\MEngProject_SecondBench\02_D3\cache\frames\real\Pair1_vript_vript_0MPSYshRlms-Scene-017.mp4,0,0,4.2382264,-4.2382264,1
F:\MEngDatasets\GenVidBench\GenVidBench\Pair2\hd_vg_130m\hd_vg_130m\02822___4ZeNq6s_aX4.0_0.mp4,Pair2\hd_vg_130m\hd_vg_130m\02822___4ZeNq6s_aX4.0_0.mp4,0,real,Pair2,hd_vg_130m,GenVidBench,False,D:\HaitongNi\MEngProject_SecondBench\02_D3\cache\frames\real\Pair2_hd_vg_130m_hd_vg_130m_02822__4ZeNq6s_aX4.0_0.mp4,0,0,6.8596053,-6.8596053,0
F:\MEngDatasets\GenVidBench\GenVidBench\Pair2\hd_vg_130m\hd_vg_130m\09660___HXdDdnHBNfg.7_1.mp4,Pair2\hd_vg_130m\hd_vg_130m\09660___HXdDdnHBNfg.7_1.mp4,0,real,Pair2,hd_vg_130m,GenVidBench,False,D:\HaitongNi\MEngProject_SecondBench\02_D3\cache\frames\real\Pair2_hd_vg_130m_hd_vg_130m_09660__HXdDdnHBNfg.7_1.mp4,0,0,6.6719637,-6.6719637,0
F:\MEngDatasets\GenVidBench\GenVidBench\Pair2\hd_vg_130m\hd_vg_130m\06296___6VGXxUfYRVc.15_4.mp4,Pair2\hd_vg_130m\hd_vg_130m\06296___6VGXxUfYRVc.15_4.mp4,0,real,Pair2,hd_vg_130m,GenVidBench,False,D:\HaitongNi\MEngProject_SecondBench\02_D3\cache\frames\real\Pair2_hd_vg_130m_hd_vg_130m_06296__6VGXxUfYRVc.15_4.mp4,0,0,6.783021,-6.783021,0
F:\MEngDatasets\GenVidBench\GenVidBench\Pair2\hd_vg_130m\hd_vg_130m\00462___37lDTC7pDtg.11_0.mp4,Pair2\hd_vg_130m\hd_vg_130m\00462___37lDTC7pDtg.11_0.mp4,0,real,Pair2,hd_vg_130m,GenVidBench,False,D:\HaitongNi\MEngProject_SecondBench\02_D3\cache\frames\real\Pair2_hd_vg_130m_hd_vg_130m_00462__37lDTC7pDtg.11_0.mp4,0,0,2.96921,-2.96921,1
F:\MEngDatasets\GenVidBench\GenVidBench\Pair1\vript\vript\-hoUDV8bdpA-Scene-002.mp4,Pair1\vript\vript\-hoUDV8bdpA-Scene-002.mp4,0,real,Pair1,vript,GenVidBench,False,D:\HaitongNi\MEngProject_SecondBench\02_D3\cache\frames\real\Pair1_vript_vript_-hoUDV8bdpA-Scene-002.mp4,0,0,3.2316504,-3.2316504,1
F:\MEngDatasets\GenVidBench\GenVidBench\Pair2\hd_vg_130m\hd_vg_130m\08345___B8v4LobEdFQ.10_2.mp4,Pair2\hd_vg_130m\hd_vg_130m\08345___B8v4LobEdFQ.10_2.mp4,0,real,Pair2,hd_vg_130m,GenVidBench,False,D:\HaitongNi\MEngProject_SecondBench\02_D3\cache\frames\real\Pair2_hd_vg_130m_hd_vg_130m_08345__B8v4LobEdFQ.10_2.mp4,0,0,12.201776,-12.201776,0
F:\MEngDatasets\GenVidBench\GenVidBench\Pair2\hd_vg_130m\hd_vg_130m\08041___A17cnUV_AGI.13_0.mp4,Pair2\hd_vg_130m\hd_vg_130m\08041___A17cnUV_AGI.13_0.mp4,0,real,Pair2,hd_vg_130m,GenVidBench,False,D:\HaitongNi\MEngProject_SecondBench\02_D3\cache\frames\real\Pair2_hd_vg_130m_hd_vg_130m_08041__A17cnUV_AGI.13_0.mp4,0,0,4.2761626,-4.2761626,1
F:\MEngDatasets\GenVidBench\GenVidBench\Pair2\hd_vg_130m\hd_vg_130m\01533___1T5KOtow1WU.0_2.mp4,Pair2\hd_vg_130m\hd_vg_130m\01533___1T5KOtow1WU.0_2.mp4,0,real,Pair2,hd_vg_130m,GenVidBench,False,D:\HaitongNi\MEngProject_SecondBench\02_D3\cache\frames\real\Pair2_hd_vg_130m_hd_vg_130m_01533__1T5KOtow1WU.0_2.mp4,0,0,11.600672,-11.600672,0
F:\MEngDatasets\GenVidBench\GenVidBench\Pair2\hd_vg_130m\hd_vg_130m\09965___GfwQglHldVE.12_1.mp4,Pair2\hd_vg_130m\hd_vg_130m\09965___GfwQglHldVE.12_1.mp4,0,real,Pair2,hd_vg_130m,GenVidBench,False,D:\HaitongNi\MEngProject_SecondBench\02_D3\cache\frames\real\Pair2_hd_vg_130m_hd_vg_130m_09965__GfwQglHldVE.12_1.mp4,0,0,10.702847,-10.702847,0
F:\MEngDatasets\GenVidBench\GenVidBench\Pair1\vript\vript\-Xl33P57QOs-Scene-056.mp4,Pair1\vript\vript\-Xl33P57QOs-Scene-056.mp4,0,real,Pair1,vript,GenVidBench,False,D:\HaitongNi\MEngProject_SecondBench\02_D3\cache\frames\real\Pair1_vript_vript_-Xl33P57QOs-Scene-056.mp4,0,0,3.460894,-3.460894,1
F:\MEngDatasets\GenVidBench\GenVidBench\Pair1\vript\vript\04zSZBpj4vs-Scene-008.mp4,Pair1\vript\vript\04zSZBpj4vs-Scene-008.mp4,0,real,Pair1,vript,GenVidBench,False,D:\HaitongNi\MEngProject_SecondBench\02_D3\cache\frames\real\Pair1_vript_vript_04zSZBpj4vs-Scene-008.mp4,0,0,4.5454354,-4.5454354,0
F:\MEngDatasets\GenVidBench\GenVidBench\Pair1\vript\vript\-GFt-X9J04U-Scene-006.mp4,Pair1\vript\vript\-GFt-X9J04U-Scene-006.mp4,0,real,Pair1,vript,GenVidBench,False,D:\HaitongNi\MEngProject_SecondBench\02_D3\cache\frames\real\Pair1_vript_vript_-GFt-X9J04U-Scene-006.mp4,0,0,7.9473505,-7.9473505,0
F:\MEngDatasets\GenVidBench\GenVidBench\Pair2\hd_vg_130m\hd_vg_130m\07309___5w58rwwmKjg.0_1.mp4,Pair2\hd_vg_130m\hd_vg_130m\07309___5w58rwwmKjg.0_1.mp4,0,real,Pair2,hd_vg_130m,GenVidBench,False,D:\HaitongNi\MEngProject_SecondBench\02_D3\cache\frames\real\Pair2_hd_vg_130m_hd_vg_130m_07309__5w58rwwmKjg.0_1.mp4,0,0,12.073439,-12.073439,0
F:\MEngDatasets\GenVidBench\GenVidBench\Pair1\vript\vript\--FQi0TgjRU-Scene-042.mp4,Pair1\vript\vript\--FQi0TgjRU-Scene-042.mp4,0,real,Pair1,vript,GenVidBench,False,D:\HaitongNi\MEngProject_SecondBench\02_D3\cache\frames\real\Pair1_vript_vript_--FQi0TgjRU-Scene-042.mp4,0,0,4.3039913,-4.3039913,0
F:\MEngDatasets\GenVidBench\GenVidBench\Pair2\hd_vg_130m\hd_vg_130m\09822___Er7jN4fRi14.1_1.mp4,Pair2\hd_vg_130m\hd_vg_130m\09822___Er7jN4fRi14.1_1.mp4,0,real,Pair2,hd_vg_130m,GenVidBench,False,D:\HaitongNi\MEngProject_SecondBench\02_D3\cache\frames\real\Pair2_hd_vg_130m_hd_vg_130m_09822__Er7jN4fRi14.1_1.mp4,0,0,5.6944814,-5.6944814,0
F:\MEngDatasets\GenVidBench\GenVidBench\Pair1\vript\vript\-H22U5yUnqM-Scene-052.mp4,Pair1\vript\vript\-H22U5yUnqM-Scene-052.mp4,0,real,Pair1,vript,GenVidBench,False,D:\HaitongNi\MEngProject_SecondBench\02_D3\cache\frames\real\Pair1_vript_vript_-H22U5yUnqM-Scene-052.mp4,0,0,9.301077,-9.301077,0
F:\MEngDatasets\GenVidBench\GenVidBench\Pair2\hd_vg_130m\hd_vg_130m\10710___D2cX-yme0gI.5_1.mp4,Pair2\hd_vg_130m\hd_vg_130m\10710___D2cX-yme0gI.5_1.mp4,0,real,Pair2,hd_vg_130m,GenVidBench,False,D:\HaitongNi\MEngProject_SecondBench\02_D3\cache\frames\real\Pair2_hd_vg_130m_hd_vg_130m_10710__D2cX-yme0gI.5_1.mp4,0,0,6.6361737,-6.6361737,0
F:\MEngDatasets\GenVidBench\GenVidBench\Pair1\vript\vript\0CnsW0ZK2Uo-Scene-010.mp4,Pair1\vript\vript\0CnsW0ZK2Uo-Scene-010.mp4,0,real,Pair1,vript,GenVidBench,False,D:\HaitongNi\MEngProject_SecondBench\02_D3\cache\frames\real\Pair1_vript_vript_0CnsW0ZK2Uo-Scene-010.mp4,0,0,9.173284,-9.173284,0
F:\MEngDatasets\GenVidBench\GenVidBench\Pair1\vript\vript\-JuE-FDLxXE-Scene-002.mp4,Pair1\vript\vript\-JuE-FDLxXE-Scene-002.mp4,0,real,Pair1,vript,GenVidBench,False,D:\HaitongNi\MEngProject_SecondBench\02_D3\cache\frames\real\Pair1_vript_vript_-JuE-FDLxXE-Scene-002.mp4,0,0,2.847651,-2.847651,1
F:\MEngDatasets\GenVidBench\GenVidBench\Pair1\vript\vript\-1RsCsSKt7A-Scene-104.mp4,Pair1\vript\vript\-1RsCsSKt7A-Scene-104.mp4,0,real,Pair1,vript,GenVidBench,False,D:\HaitongNi\MEngProject_SecondBench\02_D3\cache\frames\real\Pair1_vript_vript_-1RsCsSKt7A-Scene-104.mp4,0,0,5.6184874,-5.6184874,0
F:\MEngDatasets\GenVidBench\GenVidBench\Pair1\vript\vript\-48qmeLbPcw-Scene-022.mp4,Pair1\vript\vript\-48qmeLbPcw-Scene-022.mp4,0,real,Pair1,vript,GenVidBench,False,D:\HaitongNi\MEngProject_SecondBench\02_D3\cache\frames\real\Pair1_vript_vript_-48qmeLbPcw-Scene-022.mp4,0,0,5.047518,-5.047518,0
F:\MEngDatasets\GenVidBench\GenVidBench\Pair2\hd_vg_130m\hd_vg_130m\03363___4ABLs6ojxLU.1_0.mp4,Pair2\hd_vg_130m\hd_vg_130m\03363___4ABLs6ojxLU.1_0.mp4,0,real,Pair2,hd_vg_130m,GenVidBench,False,D:\HaitongNi\MEngProject_SecondBench\02_D3\cache\frames\real\Pair2_hd_vg_130m_hd_vg_130m_03363__4ABLs6ojxLU.1_0.mp4,0,0,4.210424,-4.210424,1
F:\MEngDatasets\GenVidBench\GenVidBench\Pair1\vript\vript\-ubuwVaj9Ew-Scene-017.mp4,Pair1\vript\vript\-ubuwVaj9Ew-Scene-017.mp4,0,real,Pair1,vript,GenVidBench,False,D:\HaitongNi\MEngProject_SecondBench\02_D3\cache\frames\real\Pair1_vript_vript_-ubuwVaj9Ew-Scene-017.mp4,0,0,6.319693,-6.319693,0
F:\MEngDatasets\GenVidBench\GenVidBench\Pair2\hd_vg_130m\hd_vg_130m\12066___CTATatgxb5U.3_0.mp4,Pair2\hd_vg_130m\hd_vg_130m\12066___CTATatgxb5U.3_0.mp4,0,real,Pair2,hd_vg_130m,GenVidBench,False,D:\HaitongNi\MEngProject_SecondBench\02_D3\cache\frames\real\Pair2_hd_vg_130m_hd_vg_130m_12066__CTATatgxb5U.3_0.mp4,0,0,4.8566008,-4.8566008,0
F:\MEngDatasets\GenVidBench\GenVidBench\Pair2\hd_vg_130m\hd_vg_130m\08011___9xEOLs910lg.1_0.mp4,Pair2\hd_vg_130m\hd_vg_130m\08011___9xEOLs910lg.1_0.mp4,0,real,Pair2,hd_vg_130m,GenVidBench,False,D:\HaitongNi\MEngProject_SecondBench\02_D3\cache\frames\real\Pair2_hd_vg_130m_hd_vg_130m_08011__9xEOLs910lg.1_0.mp4,0,0,4.6355906,-4.6355906,0
F:\MEngDatasets\GenVidBench\GenVidBench\Pair1\vript\vript\-9OLmLzDvSo-Scene-007.mp4,Pair1\vript\vript\-9OLmLzDvSo-Scene-007.mp4,0,real,Pair1,vript,GenVidBench,False,D:\HaitongNi\MEngProject_SecondBench\02_D3\cache\frames\real\Pair1_vript_vript_-9OLmLzDvSo-Scene-007.mp4,0,0,5.1969953,-5.1969953,0
F:\MEngDatasets\GenVidBench\GenVidBench\Pair1\vript\vript\-ZBbU-LbO1Y-Scene-002.mp4,Pair1\vript\vript\-ZBbU-LbO1Y-Scene-002.mp4,0,real,Pair1,vript,GenVidBench,False,D:\HaitongNi\MEngProject_SecondBench\02_D3\cache\frames\real\Pair1_vript_vript_-ZBbU-LbO1Y-Scene-002.mp4,0,0,7.110276,-7.110276,0
F:\MEngDatasets\GenVidBench\GenVidBench\Pair2\hd_vg_130m\hd_vg_130m\07449___8ScN3EXd7yE.10_1.mp4,Pair2\hd_vg_130m\hd_vg_130m\07449___8ScN3EXd7yE.10_1.mp4,0,real,Pair2,hd_vg_130m,GenVidBench,False,D:\HaitongNi\MEngProject_SecondBench\02_D3\cache\frames\real\Pair2_hd_vg_130m_hd_vg_130m_07449__8ScN3EXd7yE.10_1.mp4,0,0,5.734125,-5.734125,0
F:\MEngDatasets\GenVidBench\GenVidBench\Pair2\hd_vg_130m\hd_vg_130m\13323___D6QL20dmmtQ.1_1.mp4,Pair2\hd_vg_130m\hd_vg_130m\13323___D6QL20dmmtQ.1_1.mp4,0,real,Pair2,hd_vg_130m,GenVidBench,False,D:\HaitongNi\MEngProject_SecondBench\02_D3\cache\frames\real\Pair2_hd_vg_130m_hd_vg_130m_13323__D6QL20dmmtQ.1_1.mp4,0,0,6.6293206,-6.6293206,0
F:\MEngDatasets\GenVidBench\GenVidBench\Pair1\vript\vript\-FjYy8xXm3w-Scene-074.mp4,Pair1\vript\vript\-FjYy8xXm3w-Scene-074.mp4,0,real,Pair1,vript,GenVidBench,False,D:\HaitongNi\MEngProject_SecondBench\02_D3\cache\frames\real\Pair1_vript_vript_-FjYy8xXm3w-Scene-074.mp4,0,0,2.1479144,-2.1479144,1
F:\MEngDatasets\GenVidBench\GenVidBench\Pair2\hd_vg_130m\hd_vg_130m\06545___8BJoT-j_6Ac.4_1.mp4,Pair2\hd_vg_130m\hd_vg_130m\06545___8BJoT-j_6Ac.4_1.mp4,0,real,Pair2,hd_vg_130m,GenVidBench,False,D:\HaitongNi\MEngProject_SecondBench\02_D3\cache\frames\real\Pair2_hd_vg_130m_hd_vg_130m_06545__8BJoT-j_6Ac.4_1.mp4,0,0,4.2657604,-4.2657604,1
F:\MEngDatasets\GenVidBench\GenVidBench\Pair1\vript\vript\--CXWZW1Hjs-Scene-012.mp4,Pair1\vript\vript\--CXWZW1Hjs-Scene-012.mp4,0,real,Pair1,vript,GenVidBench,False,D:\HaitongNi\MEngProject_SecondBench\02_D3\cache\frames\real\Pair1_vript_vript_--CXWZW1Hjs-Scene-012.mp4,0,0,2.2703223,-2.2703223,1
F:\MEngDatasets\GenVidBench\GenVidBench\Pair1\vript\vript\-3Ql-TiUSfk-Scene-031.mp4,Pair1\vript\vript\-3Ql-TiUSfk-Scene-031.mp4,0,real,Pair1,vript,GenVidBench,False,D:\HaitongNi\MEngProject_SecondBench\02_D3\cache\frames\real\Pair1_vript_vript_-3Ql-TiUSfk-Scene-031.mp4,0,0,2.9409823,-2.9409823,1
F:\MEngDatasets\GenVidBench\GenVidBench\Pair1\vript\vript\4fb2THzyrT0-Scene-062.mp4,Pair1\vript\vript\4fb2THzyrT0-Scene-062.mp4,0,real,Pair1,vript,GenVidBench,False,D:\HaitongNi\MEngProject_SecondBench\02_D3\cache\frames\real\Pair1_vript_vript_4fb2THzyrT0-Scene-062.mp4,0,0,4.510239,-4.510239,0
F:\MEngDatasets\GenVidBench\GenVidBench\Pair2\hd_vg_130m\hd_vg_130m\03993___4EnZuVca74Y.18_1.mp4,Pair2\hd_vg_130m\hd_vg_130m\03993___4EnZuVca74Y.18_1.mp4,0,real,Pair2,hd_vg_130m,GenVidBench,False,D:\HaitongNi\MEngProject_SecondBench\02_D3\cache\frames\real\Pair2_hd_vg_130m_hd_vg_130m_03993__4EnZuVca74Y.18_1.mp4,0,0,6.2712884,-6.2712884,0
F:\MEngDatasets\GenVidBench\GenVidBench\Pair1\vript\vript\-Z3priQFMeE-Scene-054.mp4,Pair1\vript\vript\-Z3priQFMeE-Scene-054.mp4,0,real,Pair1,vript,GenVidBench,False,D:\HaitongNi\MEngProject_SecondBench\02_D3\cache\frames\real\Pair1_vript_vript_-Z3priQFMeE-Scene-054.mp4,0,0,5.373702,-5.373702,0
F:\MEngDatasets\GenVidBench\GenVidBench\Pair1\vript\vript\-1xu0IP35FI-Scene-044.mp4,Pair1\vript\vript\-1xu0IP35FI-Scene-044.mp4,0,real,Pair1,vript,GenVidBench,False,D:\HaitongNi\MEngProject_SecondBench\02_D3\cache\frames\real\Pair1_vript_vript_-1xu0IP35FI-Scene-044.mp4,0,0,2.203977,-2.203977,1
F:\MEngDatasets\GenVidBench\GenVidBench\Pair2\hd_vg_130m\hd_vg_130m\03271___3veDkO8Fxn4.3_3.mp4,Pair2\hd_vg_130m\hd_vg_130m\03271___3veDkO8Fxn4.3_3.mp4,0,real,Pair2,hd_vg_130m,GenVidBench,False,D:\HaitongNi\MEngProject_SecondBench\02_D3\cache\frames\real\Pair2_hd_vg_130m_hd_vg_130m_03271__3veDkO8Fxn4.3_3.mp4,0,0,5.148247,-5.148247,0
F:\MEngDatasets\GenVidBench\GenVidBench\Pair2\hd_vg_130m\hd_vg_130m\08395___AtQDdQA7rMo.0_2.mp4,Pair2\hd_vg_130m\hd_vg_130m\08395___AtQDdQA7rMo.0_2.mp4,0,real,Pair2,hd_vg_130m,GenVidBench,False,D:\HaitongNi\MEngProject_SecondBench\02_D3\cache\frames\real\Pair2_hd_vg_130m_hd_vg_130m_08395__AtQDdQA7rMo.0_2.mp4,0,0,7.197364,-7.197364,0
F:\MEngDatasets\GenVidBench\GenVidBench\Pair2\hd_vg_130m\hd_vg_130m\03427___0ZKKTxq8IGM.18_0.mp4,Pair2\hd_vg_130m\hd_vg_130m\03427___0ZKKTxq8IGM.18_0.mp4,0,real,Pair2,hd_vg_130m,GenVidBench,False,D:\HaitongNi\MEngProject_SecondBench\02_D3\cache\frames\real\Pair2_hd_vg_130m_hd_vg_130m_03427__0ZKKTxq8IGM.18_0.mp4,0,0,1.1170701,-1.1170701,1
F:\MEngDatasets\GenVidBench\GenVidBench\Pair2\hd_vg_130m\hd_vg_130m\12514___CiiPykPGJGU.3_1.mp4,Pair2\hd_vg_130m\hd_vg_130m\12514___CiiPykPGJGU.3_1.mp4,0,real,Pair2,hd_vg_130m,GenVidBench,False,D:\HaitongNi\MEngProject_SecondBench\02_D3\cache\frames\real\Pair2_hd_vg_130m_hd_vg_130m_12514__CiiPykPGJGU.3_1.mp4,0,0,11.97656,-11.97656,0
F:\MEngDatasets\GenVidBench\GenVidBench\Pair2\hd_vg_130m\hd_vg_130m\01564___-Zi3kyUC8cY.3_2.mp4,Pair2\hd_vg_130m\hd_vg_130m\01564___-Zi3kyUC8cY.3_2.mp4,0,real,Pair2,hd_vg_130m,GenVidBench,False,D:\HaitongNi\MEngProject_SecondBench\02_D3\cache\frames\real\Pair2_hd_vg_130m_hd_vg_130m_01564__-Zi3kyUC8cY.3_2.mp4,0,0,4.7861767,-4.7861767,0
F:\MEngDatasets\GenVidBench\GenVidBench\Pair2\hd_vg_130m\hd_vg_130m\01723___22afd8zGhWU.11_2.mp4,Pair2\hd_vg_130m\hd_vg_130m\01723___22afd8zGhWU.11_2.mp4,0,real,Pair2,hd_vg_130m,GenVidBench,False,D:\HaitongNi\MEngProject_SecondBench\02_D3\cache\frames\real\Pair2_hd_vg_130m_hd_vg_130m_01723__22afd8zGhWU.11_2.mp4,0,0,5.993326,-5.993326,0
F:\MEngDatasets\GenVidBench\GenVidBench\Pair2\hd_vg_130m\hd_vg_130m\12226___EMYlVPjbIIM.0_0.mp4,Pair2\hd_vg_130m\hd_vg_130m\12226___EMYlVPjbIIM.0_0.mp4,0,real,Pair2,hd_vg_130m,GenVidBench,False,D:\HaitongNi\MEngProject_SecondBench\02_D3\cache\frames\real\Pair2_hd_vg_130m_hd_vg_130m_12226__EMYlVPjbIIM.0_0.mp4,0,0,7.086066,-7.086066,0
F:\MEngDatasets\GenVidBench\GenVidBench\Pair1\vript\vript\-Tznlx878UU-Scene-462.mp4,Pair1\vript\vript\-Tznlx878UU-Scene-462.mp4,0,real,Pair1,vript,GenVidBench,False,D:\HaitongNi\MEngProject_SecondBench\02_D3\cache\frames\real\Pair1_vript_vript_-Tznlx878UU-Scene-462.mp4,0,0,3.081095,-3.081095,1
F:\MEngDatasets\GenVidBench\GenVidBench\Pair2\hd_vg_130m\hd_vg_130m\02539___1EgN0dChGv8.15_0.mp4,Pair2\hd_vg_130m\hd_vg_130m\02539___1EgN0dChGv8.15_0.mp4,0,real,Pair2,hd_vg_130m,GenVidBench,False,D:\HaitongNi\MEngProject_SecondBench\02_D3\cache\frames\real\Pair2_hd_vg_130m_hd_vg_130m_02539__1EgN0dChGv8.15_0.mp4,0,0,3.2886171,-3.2886171,1
F:\MEngDatasets\GenVidBench\GenVidBench\Pair1\vript\vript\-10AyOGp5Zg-Scene-014.mp4,Pair1\vript\vript\-10AyOGp5Zg-Scene-014.mp4,0,real,Pair1,vript,GenVidBench,False,D:\HaitongNi\MEngProject_SecondBench\02_D3\cache\frames\real\Pair1_vript_vript_-10AyOGp5Zg-Scene-014.mp4,0,0,3.368538,-3.368538,1
F:\MEngDatasets\GenVidBench\GenVidBench\Pair2\hd_vg_130m\hd_vg_130m\06779___AA1b6t7nWJw.0_0.mp4,Pair2\hd_vg_130m\hd_vg_130m\06779___AA1b6t7nWJw.0_0.mp4,0,real,Pair2,hd_vg_130m,GenVidBench,False,D:\HaitongNi\MEngProject_SecondBench\02_D3\cache\frames\real\Pair2_hd_vg_130m_hd_vg_130m_06779__AA1b6t7nWJw.0_0.mp4,0,0,1.0875024,-1.0875024,1
F:\MEngDatasets\GenVidBench\GenVidBench\Pair1\vript\vript\-5kkT_RBHk8-Scene-068.mp4,Pair1\vript\vript\-5kkT_RBHk8-Scene-068.mp4,0,real,Pair1,vript,GenVidBench,False,D:\HaitongNi\MEngProject_SecondBench\02_D3\cache\frames\real\Pair1_vript_vript_-5kkT_RBHk8-Scene-068.mp4,0,0,7.197365,-7.197365,0
F:\MEngDatasets\GenVidBench\GenVidBench\Pair1\vript\vript\-4exm90cQrw-Scene-008.mp4,Pair1\vript\vript\-4exm90cQrw-Scene-008.mp4,0,real,Pair1,vript,GenVidBench,False,D:\HaitongNi\MEngProject_SecondBench\02_D3\cache\frames\real\Pair1_vript_vript_-4exm90cQrw-Scene-008.mp4,0,0,2.603498,-2.603498,1
F:\MEngDatasets\GenVidBench\GenVidBench\Pair1\vript\vript\-a_sh9HeAoE-Scene-002.mp4,Pair1\vript\vript\-a_sh9HeAoE-Scene-002.mp4,0,real,Pair1,vript,GenVidBench,False,D:\HaitongNi\MEngProject_SecondBench\02_D3\cache\frames\real\Pair1_vript_vript_-a_sh9HeAoE-Scene-002.mp4,0,0,7.75088,-7.75088,0
F:\MEngDatasets\GenVidBench\GenVidBench\Pair2\hd_vg_130m\hd_vg_130m\07142___8PFqVKR1PVI.15_1.mp4,Pair2\hd_vg_130m\hd_vg_130m\07142___8PFqVKR1PVI.15_1.mp4,0,real,Pair2,hd_vg_130m,GenVidBench,False,D:\HaitongNi\MEngProject_SecondBench\02_D3\cache\frames\real\Pair2_hd_vg_130m_hd_vg_130m_07142__8PFqVKR1PVI.15_1.mp4,0,0,13.963769,-13.963769,0
F:\MEngDatasets\GenVidBench\GenVidBench\Pair1\vript\vript\-A8LKuncijo-Scene-062.mp4,Pair1\vript\vript\-A8LKuncijo-Scene-062.mp4,0,real,Pair1,vript,GenVidBench,False,D:\HaitongNi\MEngProject_SecondBench\02_D3\cache\frames\real\Pair1_vript_vript_-A8LKuncijo-Scene-062.mp4,0,0,3.0507581,-3.0507581,1
F:\MEngDatasets\GenVidBench\GenVidBench\Pair1\vript\vript\-Je5_YZjQbI-Scene-023.mp4,Pair1\vript\vript\-Je5_YZjQbI-Scene-023.mp4,0,real,Pair1,vript,GenVidBench,False,D:\HaitongNi\MEngProject_SecondBench\02_D3\cache\frames\real\Pair1_vript_vript_-Je5_YZjQbI-Scene-023.mp4,0,0,2.7815132,-2.7815132,1
F:\MEngDatasets\GenVidBench\GenVidBench\Pair1\vript\vript\073BMGVWan0-Scene-200.mp4,Pair1\vript\vript\073BMGVWan0-Scene-200.mp4,0,real,Pair1,vript,GenVidBench,False,D:\HaitongNi\MEngProject_SecondBench\02_D3\cache\frames\real\Pair1_vript_vript_073BMGVWan0-Scene-200.mp4,0,0,4.449294,-4.449294,0
F:\MEngDatasets\GenVidBench\GenVidBench\Pair1\vript\vript\0-Wxeo4JfWU-Scene-001.mp4,Pair1\vript\vript\0-Wxeo4JfWU-Scene-001.mp4,0,real,Pair1,vript,GenVidBench,False,D:\HaitongNi\MEngProject_SecondBench\02_D3\cache\frames\real\Pair1_vript_vript_0-Wxeo4JfWU-Scene-001.mp4,0,0,3.1196718,-3.1196718,1
F:\MEngDatasets\GenVidBench\GenVidBench\Pair1\vript\vript\-jx2w2S0LMc-Scene-120.mp4,Pair1\vript\vript\-jx2w2S0LMc-Scene-120.mp4,0,real,Pair1,vript,GenVidBench,False,D:\HaitongNi\MEngProject_SecondBench\02_D3\cache\frames\real\Pair1_vript_vript_-jx2w2S0LMc-Scene-120.mp4,0,0,7.2634625,-7.2634625,0
F:\MEngDatasets\GenVidBench\GenVidBench\Pair2\hd_vg_130m\hd_vg_130m\01110___133FVf0XYdI.0_1.mp4,Pair2\hd_vg_130m\hd_vg_130m\01110___133FVf0XYdI.0_1.mp4,0,real,Pair2,hd_vg_130m,GenVidBench,False,D:\HaitongNi\MEngProject_SecondBench\02_D3\cache\frames\real\Pair2_hd_vg_130m_hd_vg_130m_01110__133FVf0XYdI.0_1.mp4,0,0,8.124765,-8.124765,0
F:\MEngDatasets\GenVidBench\GenVidBench\Pair1\vript\vript\-THy8MfI-aM-Scene-036.mp4,Pair1\vript\vript\-THy8MfI-aM-Scene-036.mp4,0,real,Pair1,vript,GenVidBench,False,D:\HaitongNi\MEngProject_SecondBench\02_D3\cache\frames\real\Pair1_vript_vript_-THy8MfI-aM-Scene-036.mp4,0,0,3.2950103,-3.2950103,1
F:\MEngDatasets\GenVidBench\GenVidBench\Pair1\vript\vript\-Tznlx878UU-Scene-068.mp4,Pair1\vript\vript\-Tznlx878UU-Scene-068.mp4,0,real,Pair1,vript,GenVidBench,False,D:\HaitongNi\MEngProject_SecondBench\02_D3\cache\frames\real\Pair1_vript_vript_-Tznlx878UU-Scene-068.mp4,0,0,2.7095225,-2.7095225,1
F:\MEngDatasets\GenVidBench\GenVidBench\Pair1\vript\vript\-3XbGflMtF8-Scene-069.mp4,Pair1\vript\vript\-3XbGflMtF8-Scene-069.mp4,0,real,Pair1,vript,GenVidBench,False,D:\HaitongNi\MEngProject_SecondBench\02_D3\cache\frames\real\Pair1_vript_vript_-3XbGflMtF8-Scene-069.mp4,0,0,1.423703,-1.423703,1
F:\MEngDatasets\GenVidBench\GenVidBench\Pair1\vript\vript\-5kkT_RBHk8-Scene-123.mp4,Pair1\vript\vript\-5kkT_RBHk8-Scene-123.mp4,0,real,Pair1,vript,GenVidBench,False,D:\HaitongNi\MEngProject_SecondBench\02_D3\cache\frames\real\Pair1_vript_vript_-5kkT_RBHk8-Scene-123.mp4,0,0,7.595845,-7.595845,0
F:\MEngDatasets\GenVidBench\GenVidBench\Pair1\vript\vript\-8D05dM6q7U-Scene-018.mp4,Pair1\vript\vript\-8D05dM6q7U-Scene-018.mp4,0,real,Pair1,vript,GenVidBench,False,D:\HaitongNi\MEngProject_SecondBench\02_D3\cache\frames\real\Pair1_vript_vript_-8D05dM6q7U-Scene-018.mp4,0,0,8.616262,-8.616262,0
F:\MEngDatasets\GenVidBench\GenVidBench\Pair1\vript\vript\-fBRN_pUYzk-Scene-004.mp4,Pair1\vript\vript\-fBRN_pUYzk-Scene-004.mp4,0,real,Pair1,vript,GenVidBench,False,D:\HaitongNi\MEngProject_SecondBench\02_D3\cache\frames\real\Pair1_vript_vript_-fBRN_pUYzk-Scene-004.mp4,0,0,5.5823865,-5.5823865,0
F:\MEngDatasets\GenVidBench\GenVidBench\Pair2\hd_vg_130m\hd_vg_130m\08176___9PqCYf4Jz0Q.8_0.mp4,Pair2\hd_vg_130m\hd_vg_130m\08176___9PqCYf4Jz0Q.8_0.mp4,0,real,Pair2,hd_vg_130m,GenVidBench,False,D:\HaitongNi\MEngProject_SecondBench\02_D3\cache\frames\real\Pair2_hd_vg_130m_hd_vg_130m_08176__9PqCYf4Jz0Q.8_0.mp4,0,0,14.0861025,-14.0861025,0
F:\MEngDatasets\GenVidBench\GenVidBench\Pair1\vript\vript\-HFo_GBrXX8-Scene-024.mp4,Pair1\vript\vript\-HFo_GBrXX8-Scene-024.mp4,0,real,Pair1,vript,GenVidBench,False,D:\HaitongNi\MEngProject_SecondBench\02_D3\cache\frames\real\Pair1_vript_vript_-HFo_GBrXX8-Scene-024.mp4,0,0,3.4431372,-3.4431372,1
F:\MEngDatasets\GenVidBench\GenVidBench\Pair1\vript\vript\-4mPZVP6HfA-Scene-012.mp4,Pair1\vript\vript\-4mPZVP6HfA-Scene-012.mp4,0,real,Pair1,vript,GenVidBench,False,D:\HaitongNi\MEngProject_SecondBench\02_D3\cache\frames\real\Pair1_vript_vript_-4mPZVP6HfA-Scene-012.mp4,0,0,4.133536,-4.133536,1
F:\MEngDatasets\GenVidBench\GenVidBench\Pair2\hd_vg_130m\hd_vg_130m\12765___HbB9Xc_myZM.10_1.mp4,Pair2\hd_vg_130m\hd_vg_130m\12765___HbB9Xc_myZM.10_1.mp4,0,real,Pair2,hd_vg_130m,GenVidBench,False,D:\HaitongNi\MEngProject_SecondBench\02_D3\cache\frames\real\Pair2_hd_vg_130m_hd_vg_130m_12765__HbB9Xc_myZM.10_1.mp4,0,0,7.3540115,-7.3540115,0
F:\MEngDatasets\GenVidBench\GenVidBench\Pair2\hd_vg_130m\hd_vg_130m\08298___BeGDFVrOQ_0.5_0.mp4,Pair2\hd_vg_130m\hd_vg_130m\08298___BeGDFVrOQ_0.5_0.mp4,0,real,Pair2,hd_vg_130m,GenVidBench,False,D:\HaitongNi\MEngProject_SecondBench\02_D3\cache\frames\real\Pair2_hd_vg_130m_hd_vg_130m_08298__BeGDFVrOQ_0.5_0.mp4,0,0,4.360651,-4.360651,0
F:\MEngDatasets\GenVidBench\GenVidBench\Pair1\vript\vript\-L95YoZnq1U-Scene-020.mp4,Pair1\vript\vript\-L95YoZnq1U-Scene-020.mp4,0,real,Pair1,vript,GenVidBench,False,D:\HaitongNi\MEngProject_SecondBench\02_D3\cache\frames\real\Pair1_vript_vript_-L95YoZnq1U-Scene-020.mp4,0,0,6.248795,-6.248795,0
F:\MEngDatasets\GenVidBench\GenVidBench\Pair1\vript\vript\-CVqAVX5aAc-Scene-001.mp4,Pair1\vript\vript\-CVqAVX5aAc-Scene-001.mp4,0,real,Pair1,vript,GenVidBench,False,D:\HaitongNi\MEngProject_SecondBench\02_D3\cache\frames\real\Pair1_vript_vript_-CVqAVX5aAc-Scene-001.mp4,0,0,4.4703307,-4.4703307,0
F:\MEngDatasets\GenVidBench\GenVidBench\Pair2\hd_vg_130m\hd_vg_130m\09254___5xAruNOMYEQ.1_1.mp4,Pair2\hd_vg_130m\hd_vg_130m\09254___5xAruNOMYEQ.1_1.mp4,0,real,Pair2,hd_vg_130m,GenVidBench,False,D:\HaitongNi\MEngProject_SecondBench\02_D3\cache\frames\real\Pair2_hd_vg_130m_hd_vg_130m_09254__5xAruNOMYEQ.1_1.mp4,0,0,5.3191223,-5.3191223,0
F:\MEngDatasets\GenVidBench\GenVidBench\Pair2\hd_vg_130m\hd_vg_130m\13332___ByHcjOTuPI8.2_0.mp4,Pair2\hd_vg_130m\hd_vg_130m\13332___ByHcjOTuPI8.2_0.mp4,0,real,Pair2,hd_vg_130m,GenVidBench,False,D:\HaitongNi\MEngProject_SecondBench\02_D3\cache\frames\real\Pair2_hd_vg_130m_hd_vg_130m_13332__ByHcjOTuPI8.2_0.mp4,0,0,6.722684,-6.722684,0
F:\MEngDatasets\GenVidBench\GenVidBench\Pair2\hd_vg_130m\hd_vg_130m\09601___DgVQ4Pi5vo4.0_0.mp4,Pair2\hd_vg_130m\hd_vg_130m\09601___DgVQ4Pi5vo4.0_0.mp4,0,real,Pair2,hd_vg_130m,GenVidBench,False,D:\HaitongNi\MEngProject_SecondBench\02_D3\cache\frames\real\Pair2_hd_vg_130m_hd_vg_130m_09601__DgVQ4Pi5vo4.0_0.mp4,0,0,10.439523,-10.439523,0
F:\MEngDatasets\GenVidBench\GenVidBench\Pair2\hd_vg_130m\hd_vg_130m\05596___7g5d90xgSTk.17_0.mp4,Pair2\hd_vg_130m\hd_vg_130m\05596___7g5d90xgSTk.17_0.mp4,0,real,Pair2,hd_vg_130m,GenVidBench,False,D:\HaitongNi\MEngProject_SecondBench\02_D3\cache\frames\real\Pair2_hd_vg_130m_hd_vg_130m_05596__7g5d90xgSTk.17_0.mp4,0,0,3.4473794,-3.4473794,1
F:\MEngDatasets\GenVidBench\GenVidBench\Pair1\vript\vript\-HsVkwyi-mk-Scene-038.mp4,Pair1\vript\vript\-HsVkwyi-mk-Scene-038.mp4,0,real,Pair1,vript,GenVidBench,False,D:\HaitongNi\MEngProject_SecondBench\02_D3\cache\frames\real\Pair1_vript_vript_-HsVkwyi-mk-Scene-038.mp4,0,0,4.4209046,-4.4209046,0
F:\MEngDatasets\GenVidBench\GenVidBench\Pair2\hd_vg_130m\hd_vg_130m\01810___3EojkH43qno.15_1.mp4,Pair2\hd_vg_130m\hd_vg_130m\01810___3EojkH43qno.15_1.mp4,0,real,Pair2,hd_vg_130m,GenVidBench,False,D:\HaitongNi\MEngProject_SecondBench\02_D3\cache\frames\real\Pair2_hd_vg_130m_hd_vg_130m_01810__3EojkH43qno.15_1.mp4,0,0,9.59612,-9.59612,0
F:\MEngDatasets\GenVidBench\GenVidBench\Pair2\hd_vg_130m\hd_vg_130m\00417___-bZ2P98IoGg.3_0.mp4,Pair2\hd_vg_130m\hd_vg_130m\00417___-bZ2P98IoGg.3_0.mp4,0,real,Pair2,hd_vg_130m,GenVidBench,False,D:\HaitongNi\MEngProject_SecondBench\02_D3\cache\frames\real\Pair2_hd_vg_130m_hd_vg_130m_00417__-bZ2P98IoGg.3_0.mp4,0,0,10.5501995,-10.5501995,0
F:\MEngDatasets\GenVidBench\GenVidBench\Pair1\vript\vript\-7TU0EcBQpQ-Scene-063.mp4,Pair1\vript\vript\-7TU0EcBQpQ-Scene-063.mp4,0,real,Pair1,vript,GenVidBench,False,D:\HaitongNi\MEngProject_SecondBench\02_D3\cache\frames\real\Pair1_vript_vript_-7TU0EcBQpQ-Scene-063.mp4,0,0,3.0026066,-3.0026066,1
F:\MEngDatasets\GenVidBench\GenVidBench\Pair2\hd_vg_130m\hd_vg_130m\05675___6U_tv6BlIBA.3_0.mp4,Pair2\hd_vg_130m\hd_vg_130m\05675___6U_tv6BlIBA.3_0.mp4,0,real,Pair2,hd_vg_130m,GenVidBench,False,D:\HaitongNi\MEngProject_SecondBench\02_D3\cache\frames\real\Pair2_hd_vg_130m_hd_vg_130m_05675__6U_tv6BlIBA.3_0.mp4,0,0,4.1424956,-4.1424956,1
F:\MEngDatasets\GenVidBench\GenVidBench\Pair1\vript\vript\-E2IPygbwJ4-Scene-050.mp4,Pair1\vript\vript\-E2IPygbwJ4-Scene-050.mp4,0,real,Pair1,vript,GenVidBench,False,D:\HaitongNi\MEngProject_SecondBench\02_D3\cache\frames\real\Pair1_vript_vript_-E2IPygbwJ4-Scene-050.mp4,0,0,4.6489363,-4.6489363,0
F:\MEngDatasets\GenVidBench\GenVidBench\Pair2\hd_vg_130m\hd_vg_130m\01118___0mHpPl2zXgY.0_0.mp4,Pair2\hd_vg_130m\hd_vg_130m\01118___0mHpPl2zXgY.0_0.mp4,0,real,Pair2,hd_vg_130m,GenVidBench,False,D:\HaitongNi\MEngProject_SecondBench\02_D3\cache\frames\real\Pair2_hd_vg_130m_hd_vg_130m_01118__0mHpPl2zXgY.0_0.mp4,0,0,6.209091,-6.209091,0
F:\MEngDatasets\GenVidBench\GenVidBench\Pair2\hd_vg_130m\hd_vg_130m\09027___9GKNYhd3LYY.1_0.mp4,Pair2\hd_vg_130m\hd_vg_130m\09027___9GKNYhd3LYY.1_0.mp4,0,real,Pair2,hd_vg_130m,GenVidBench,False,D:\HaitongNi\MEngProject_SecondBench\02_D3\cache\frames\real\Pair2_hd_vg_130m_hd_vg_130m_09027__9GKNYhd3LYY.1_0.mp4,0,0,7.98041,-7.98041,0
F:\MEngDatasets\GenVidBench\GenVidBench\Pair1\vript\vript\-ZRyNa57YeA-Scene-004.mp4,Pair1\vript\vript\-ZRyNa57YeA-Scene-004.mp4,0,real,Pair1,vript,GenVidBench,False,D:\HaitongNi\MEngProject_SecondBench\02_D3\cache\frames\real\Pair1_vript_vript_-ZRyNa57YeA-Scene-004.mp4,0,0,8.240308,-8.240308,0
F:\MEngDatasets\GenVidBench\GenVidBench\Pair1\vript\vript\-uyHPBbfN1Y-Scene-026.mp4,Pair1\vript\vript\-uyHPBbfN1Y-Scene-026.mp4,0,real,Pair1,vript,GenVidBench,False,D:\HaitongNi\MEngProject_SecondBench\02_D3\cache\frames\real\Pair1_vript_vript_-uyHPBbfN1Y-Scene-026.mp4,0,0,2.2504466,-2.2504466,1
F:\MEngDatasets\GenVidBench\GenVidBench\Pair1\vript\vript\-NIP2zgVsRY-Scene-036.mp4,Pair1\vript\vript\-NIP2zgVsRY-Scene-036.mp4,0,real,Pair1,vript,GenVidBench,False,D:\HaitongNi\MEngProject_SecondBench\02_D3\cache\frames\real\Pair1_vript_vript_-NIP2zgVsRY-Scene-036.mp4,0,0,5.5113783,-5.5113783,0
F:\MEngDatasets\GenVidBench\GenVidBench\Pair2\hd_vg_130m\hd_vg_130m\01616___2ORrNI7cop8.3_1.mp4,Pair2\hd_vg_130m\hd_vg_130m\01616___2ORrNI7cop8.3_1.mp4,0,real,Pair2,hd_vg_130m,GenVidBench,False,D:\HaitongNi\MEngProject_SecondBench\02_D3\cache\frames\real\Pair2_hd_vg_130m_hd_vg_130m_01616__2ORrNI7cop8.3_1.mp4,0,0,3.1645093,-3.1645093,1
F:\MEngDatasets\GenVidBench\GenVidBench\Pair2\hd_vg_130m\hd_vg_130m\09506___FhSRTcjcp2U.2_0.mp4,Pair2\hd_vg_130m\hd_vg_130m\09506___FhSRTcjcp2U.2_0.mp4,0,real,Pair2,hd_vg_130m,GenVidBench,False,D:\HaitongNi\MEngProject_SecondBench\02_D3\cache\frames\real\Pair2_hd_vg_130m_hd_vg_130m_09506__FhSRTcjcp2U.2_0.mp4,0,0,7.127109,-7.127109,0
F:\MEngDatasets\GenVidBench\GenVidBench\Pair2\hd_vg_130m\hd_vg_130m\03138___080W85QxpEU.12_0.mp4,Pair2\hd_vg_130m\hd_vg_130m\03138___080W85QxpEU.12_0.mp4,0,real,Pair2,hd_vg_130m,GenVidBench,False,D:\HaitongNi\MEngProject_SecondBench\02_D3\cache\frames\real\Pair2_hd_vg_130m_hd_vg_130m_03138__080W85QxpEU.12_0.mp4,0,0,2.518204,-2.518204,1
F:\MEngDatasets\GenVidBench\GenVidBench\Pair2\hd_vg_130m\hd_vg_130m\02639___58EmJJ_f4as.15_0.mp4,Pair2\hd_vg_130m\hd_vg_130m\02639___58EmJJ_f4as.15_0.mp4,0,real,Pair2,hd_vg_130m,GenVidBench,False,D:\HaitongNi\MEngProject_SecondBench\02_D3\cache\frames\real\Pair2_hd_vg_130m_hd_vg_130m_02639__58EmJJ_f4as.15_0.mp4,0,0,6.3364873,-6.3364873,0
F:\MEngDatasets\GenVidBench\GenVidBench\Pair1\vript\vript\-Qzhy9pr_Kk-Scene-006.mp4,Pair1\vript\vript\-Qzhy9pr_Kk-Scene-006.mp4,0,real,Pair1,vript,GenVidBench,False,D:\HaitongNi\MEngProject_SecondBench\02_D3\cache\frames\real\Pair1_vript_vript_-Qzhy9pr_Kk-Scene-006.mp4,0,0,3.9034593,-3.9034593,1
F:\MEngDatasets\GenVidBench\GenVidBench\Pair2\hd_vg_130m\hd_vg_130m\10100___CfWdFTzqsnc.1_1.mp4,Pair2\hd_vg_130m\hd_vg_130m\10100___CfWdFTzqsnc.1_1.mp4,0,real,Pair2,hd_vg_130m,GenVidBench,False,D:\HaitongNi\MEngProject_SecondBench\02_D3\cache\frames\real\Pair2_hd_vg_130m_hd_vg_130m_10100__CfWdFTzqsnc.1_1.mp4,0,0,6.5656633,-6.5656633,0
F:\MEngDatasets\GenVidBench\GenVidBench\Pair2\hd_vg_130m\hd_vg_130m\01177___1JU8cSIQ3ZI.3_2.mp4,Pair2\hd_vg_130m\hd_vg_130m\01177___1JU8cSIQ3ZI.3_2.mp4,0,real,Pair2,hd_vg_130m,GenVidBench,False,D:\HaitongNi\MEngProject_SecondBench\02_D3\cache\frames\real\Pair2_hd_vg_130m_hd_vg_130m_01177__1JU8cSIQ3ZI.3_2.mp4,0,0,7.3705792,-7.3705792,0
F:\MEngDatasets\GenVidBench\GenVidBench\Pair1\vript\vript\-Tznlx878UU-Scene-557.mp4,Pair1\vript\vript\-Tznlx878UU-Scene-557.mp4,0,real,Pair1,vript,GenVidBench,False,D:\HaitongNi\MEngProject_SecondBench\02_D3\cache\frames\real\Pair1_vript_vript_-Tznlx878UU-Scene-557.mp4,0,0,2.3296251,-2.3296251,1
F:\MEngDatasets\GenVidBench\GenVidBench\Pair2\hd_vg_130m\hd_vg_130m\02192___3eex1P_a1rs.10_2.mp4,Pair2\hd_vg_130m\hd_vg_130m\02192___3eex1P_a1rs.10_2.mp4,0,real,Pair2,hd_vg_130m,GenVidBench,False,D:\HaitongNi\MEngProject_SecondBench\02_D3\cache\frames\real\Pair2_hd_vg_130m_hd_vg_130m_02192__3eex1P_a1rs.10_2.mp4,0,0,11.803416,-11.803416,0
F:\MEngDatasets\GenVidBench\GenVidBench\Pair1\vript\vript\-PRRcoxSb94-Scene-015.mp4,Pair1\vript\vript\-PRRcoxSb94-Scene-015.mp4,0,real,Pair1,vript,GenVidBench,False,D:\HaitongNi\MEngProject_SecondBench\02_D3\cache\frames\real\Pair1_vript_vript_-PRRcoxSb94-Scene-015.mp4,0,0,4.6964855,-4.6964855,0
F:\MEngDatasets\GenVidBench\GenVidBench\Pair2\hd_vg_130m\hd_vg_130m\10474___DagFak3Vsnw.0_1.mp4,Pair2\hd_vg_130m\hd_vg_130m\10474___DagFak3Vsnw.0_1.mp4,0,real,Pair2,hd_vg_130m,GenVidBench,False,D:\HaitongNi\MEngProject_SecondBench\02_D3\cache\frames\real\Pair2_hd_vg_130m_hd_vg_130m_10474__DagFak3Vsnw.0_1.mp4,0,0,2.4097595,-2.4097595,1
F:\MEngDatasets\GenVidBench\GenVidBench\Pair2\hd_vg_130m\hd_vg_130m\03722___19OgEsLAOO4.11_1.mp4,Pair2\hd_vg_130m\hd_vg_130m\03722___19OgEsLAOO4.11_1.mp4,0,real,Pair2,hd_vg_130m,GenVidBench,False,D:\HaitongNi\MEngProject_SecondBench\02_D3\cache\frames\real\Pair2_hd_vg_130m_hd_vg_130m_03722__19OgEsLAOO4.11_1.mp4,0,0,1.3556772,-1.3556772,1
F:\MEngDatasets\GenVidBench\GenVidBench\Pair1\vript\vript\-AsjE601CYo-Scene-039.mp4,Pair1\vript\vript\-AsjE601CYo-Scene-039.mp4,0,real,Pair1,vript,GenVidBench,False,D:\HaitongNi\MEngProject_SecondBench\02_D3\cache\frames\real\Pair1_vript_vript_-AsjE601CYo-Scene-039.mp4,0,0,3.1219811,-3.1219811,1
F:\MEngDatasets\GenVidBench\GenVidBench\Pair2\hd_vg_130m\hd_vg_130m\11042___H8OfNfdKEls.10_0.mp4,Pair2\hd_vg_130m\hd_vg_130m\11042___H8OfNfdKEls.10_0.mp4,0,real,Pair2,hd_vg_130m,GenVidBench,False,D:\HaitongNi\MEngProject_SecondBench\02_D3\cache\frames\real\Pair2_hd_vg_130m_hd_vg_130m_11042__H8OfNfdKEls.10_0.mp4,0,0,4.372221,-4.372221,0
F:\MEngDatasets\GenVidBench\GenVidBench\Pair1\vript\vript\-NPDexE9me0-Scene-004.mp4,Pair1\vript\vript\-NPDexE9me0-Scene-004.mp4,0,real,Pair1,vript,GenVidBench,False,D:\HaitongNi\MEngProject_SecondBench\02_D3\cache\frames\real\Pair1_vript_vript_-NPDexE9me0-Scene-004.mp4,0,0,9.520708,-9.520708,0
F:\MEngDatasets\GenVidBench\GenVidBench\Pair1\vript\vript\-DvrJYKZetE-Scene-022.mp4,Pair1\vript\vript\-DvrJYKZetE-Scene-022.mp4,0,real,Pair1,vript,GenVidBench,False,D:\HaitongNi\MEngProject_SecondBench\02_D3\cache\frames\real\Pair1_vript_vript_-DvrJYKZetE-Scene-022.mp4,0,0,2.8768492,-2.8768492,1
F:\MEngDatasets\GenVidBench\GenVidBench\Pair2\hd_vg_130m\hd_vg_130m\00903___3NfrRXjNr40.0_5.mp4,Pair2\hd_vg_130m\hd_vg_130m\00903___3NfrRXjNr40.0_5.mp4,0,real,Pair2,hd_vg_130m,GenVidBench,False,D:\HaitongNi\MEngProject_SecondBench\02_D3\cache\frames\real\Pair2_hd_vg_130m_hd_vg_130m_00903__3NfrRXjNr40.0_5.mp4,0,0,8.130812,-8.130812,0
F:\MEngDatasets\GenVidBench\GenVidBench\Pair1\vript\vript\-nLkf7UJhZo-Scene-010.mp4,Pair1\vript\vript\-nLkf7UJhZo-Scene-010.mp4,0,real,Pair1,vript,GenVidBench,False,D:\HaitongNi\MEngProject_SecondBench\02_D3\cache\frames\real\Pair1_vript_vript_-nLkf7UJhZo-Scene-010.mp4,0,0,2.379918,-2.379918,1
F:\MEngDatasets\GenVidBench\GenVidBench\Pair2\hd_vg_130m\hd_vg_130m\08696___6qNJCfvMbyI.3_0.mp4,Pair2\hd_vg_130m\hd_vg_130m\08696___6qNJCfvMbyI.3_0.mp4,0,real,Pair2,hd_vg_130m,GenVidBench,False,D:\HaitongNi\MEngProject_SecondBench\02_D3\cache\frames\real\Pair2_hd_vg_130m_hd_vg_130m_08696__6qNJCfvMbyI.3_0.mp4,0,0,13.005407,-13.005407,0
F:\MEngDatasets\GenVidBench\GenVidBench\Pair1\vript\vript\-B9cy8VnHSk-Scene-006.mp4,Pair1\vript\vript\-B9cy8VnHSk-Scene-006.mp4,0,real,Pair1,vript,GenVidBench,False,D:\HaitongNi\MEngProject_SecondBench\02_D3\cache\frames\real\Pair1_vript_vript_-B9cy8VnHSk-Scene-006.mp4,0,0,2.8148954,-2.8148954,1
F:\MEngDatasets\GenVidBench\GenVidBench\Pair1\vript\vript\-6qN1b9ELQM-Scene-056.mp4,Pair1\vript\vript\-6qN1b9ELQM-Scene-056.mp4,0,real,Pair1,vript,GenVidBench,False,D:\HaitongNi\MEngProject_SecondBench\02_D3\cache\frames\real\Pair1_vript_vript_-6qN1b9ELQM-Scene-056.mp4,0,0,3.6007419,-3.6007419,1
F:\MEngDatasets\GenVidBench\GenVidBench\Pair1\vript\vript\-SilAqrDTw8-Scene-041.mp4,Pair1\vript\vript\-SilAqrDTw8-Scene-041.mp4,0,real,Pair1,vript,GenVidBench,False,D:\HaitongNi\MEngProject_SecondBench\02_D3\cache\frames\real\Pair1_vript_vript_-SilAqrDTw8-Scene-041.mp4,0,0,1.5090897,-1.5090897,1
F:\MEngDatasets\GenVidBench\GenVidBench\Pair1\vript\vript\-DXCtGr0DVI-Scene-014.mp4,Pair1\vript\vript\-DXCtGr0DVI-Scene-014.mp4,0,real,Pair1,vript,GenVidBench,False,D:\HaitongNi\MEngProject_SecondBench\02_D3\cache\frames\real\Pair1_vript_vript_-DXCtGr0DVI-Scene-014.mp4,0,0,6.4200354,-6.4200354,0
F:\MEngDatasets\GenVidBench\GenVidBench\Pair1\vript\vript\-XmegTG3YdY-Scene-018.mp4,Pair1\vript\vript\-XmegTG3YdY-Scene-018.mp4,0,real,Pair1,vript,GenVidBench,False,D:\HaitongNi\MEngProject_SecondBench\02_D3\cache\frames\real\Pair1_vript_vript_-XmegTG3YdY-Scene-018.mp4,0,0,2.9683106,-2.9683106,1
F:\MEngDatasets\GenVidBench\GenVidBench\Pair2\hd_vg_130m\hd_vg_130m\04481___1QXPTEC1ITc.12_2.mp4,Pair2\hd_vg_130m\hd_vg_130m\04481___1QXPTEC1ITc.12_2.mp4,0,real,Pair2,hd_vg_130m,GenVidBench,False,D:\HaitongNi\MEngProject_SecondBench\02_D3\cache\frames\real\Pair2_hd_vg_130m_hd_vg_130m_04481__1QXPTEC1ITc.12_2.mp4,0,0,5.266818,-5.266818,0
F:\MEngDatasets\GenVidBench\GenVidBench\Pair1\vript\vript\-CgxuW203fk-Scene-033.mp4,Pair1\vript\vript\-CgxuW203fk-Scene-033.mp4,0,real,Pair1,vript,GenVidBench,False,D:\HaitongNi\MEngProject_SecondBench\02_D3\cache\frames\real\Pair1_vript_vript_-CgxuW203fk-Scene-033.mp4,0,0,0.8114551,-0.8114551,1
F:\MEngDatasets\GenVidBench\GenVidBench\Pair2\hd_vg_130m\hd_vg_130m\12812___E4xoji0xGus.1_1.mp4,Pair2\hd_vg_130m\hd_vg_130m\12812___E4xoji0xGus.1_1.mp4,0,real,Pair2,hd_vg_130m,GenVidBench,False,D:\HaitongNi\MEngProject_SecondBench\02_D3\cache\frames\real\Pair2_hd_vg_130m_hd_vg_130m_12812__E4xoji0xGus.1_1.mp4,0,0,11.133487,-11.133487,0
F:\MEngDatasets\GenVidBench\GenVidBench\Pair2\hd_vg_130m\hd_vg_130m\03632___3QWFk473SUI.7_1.mp4,Pair2\hd_vg_130m\hd_vg_130m\03632___3QWFk473SUI.7_1.mp4,0,real,Pair2,hd_vg_130m,GenVidBench,False,D:\HaitongNi\MEngProject_SecondBench\02_D3\cache\frames\real\Pair2_hd_vg_130m_hd_vg_130m_03632__3QWFk473SUI.7_1.mp4,0,0,5.5517015,-5.5517015,0
F:\MEngDatasets\GenVidBench\GenVidBench\Pair2\hd_vg_130m\hd_vg_130m\06543___7xjYXaXhg6s.16_1.mp4,Pair2\hd_vg_130m\hd_vg_130m\06543___7xjYXaXhg6s.16_1.mp4,0,real,Pair2,hd_vg_130m,GenVidBench,False,D:\HaitongNi\MEngProject_SecondBench\02_D3\cache\frames\real\Pair2_hd_vg_130m_hd_vg_130m_06543__7xjYXaXhg6s.16_1.mp4,0,0,2.6317248,-2.6317248,1
F:\MEngDatasets\GenVidBench\GenVidBench\Pair2\hd_vg_130m\hd_vg_130m\10508___EXeZyO9XCsE.6_5.mp4,Pair2\hd_vg_130m\hd_vg_130m\10508___EXeZyO9XCsE.6_5.mp4,0,real,Pair2,hd_vg_130m,GenVidBench,False,D:\HaitongNi\MEngProject_SecondBench\02_D3\cache\frames\real\Pair2_hd_vg_130m_hd_vg_130m_10508__EXeZyO9XCsE.6_5.mp4,0,0,9.595758,-9.595758,0
F:\MEngDatasets\GenVidBench\GenVidBench\Pair1\vript\vript\-Z3priQFMeE-Scene-066.mp4,Pair1\vript\vript\-Z3priQFMeE-Scene-066.mp4,0,real,Pair1,vript,GenVidBench,False,D:\HaitongNi\MEngProject_SecondBench\02_D3\cache\frames\real\Pair1_vript_vript_-Z3priQFMeE-Scene-066.mp4,0,0,7.085495,-7.085495,0
F:\MEngDatasets\GenVidBench\GenVidBench\Pair2\hd_vg_130m\hd_vg_130m\08790___B4-1towx-tw.0_2.mp4,Pair2\hd_vg_130m\hd_vg_130m\08790___B4-1towx-tw.0_2.mp4,0,real,Pair2,hd_vg_130m,GenVidBench,False,D:\HaitongNi\MEngProject_SecondBench\02_D3\cache\frames\real\Pair2_hd_vg_130m_hd_vg_130m_08790__B4-1towx-tw.0_2.mp4,0,0,4.4531784,-4.4531784,0
F:\MEngDatasets\GenVidBench\GenVidBench\Pair1\vript\vript\-JzFLgHXyak-Scene-004.mp4,Pair1\vript\vript\-JzFLgHXyak-Scene-004.mp4,0,real,Pair1,vript,GenVidBench,False,D:\HaitongNi\MEngProject_SecondBench\02_D3\cache\frames\real\Pair1_vript_vript_-JzFLgHXyak-Scene-004.mp4,0,0,5.422159,-5.422159,0
F:\MEngDatasets\GenVidBench\GenVidBench\Pair1\vript\vript\-KWuh6hzi8E-Scene-007.mp4,Pair1\vript\vript\-KWuh6hzi8E-Scene-007.mp4,0,real,Pair1,vript,GenVidBench,False,D:\HaitongNi\MEngProject_SecondBench\02_D3\cache\frames\real\Pair1_vript_vript_-KWuh6hzi8E-Scene-007.mp4,0,0,5.0252748,-5.0252748,0
F:\MEngDatasets\GenVidBench\GenVidBench\Pair2\hd_vg_130m\hd_vg_130m\10779___EkiZT5v5c24.7_2.mp4,Pair2\hd_vg_130m\hd_vg_130m\10779___EkiZT5v5c24.7_2.mp4,0,real,Pair2,hd_vg_130m,GenVidBench,False,D:\HaitongNi\MEngProject_SecondBench\02_D3\cache\frames\real\Pair2_hd_vg_130m_hd_vg_130m_10779__EkiZT5v5c24.7_2.mp4,0,0,9.283188,-9.283188,0
F:\MEngDatasets\GenVidBench\GenVidBench\Pair1\vript\vript\-uyHPBbfN1Y-Scene-097.mp4,Pair1\vript\vript\-uyHPBbfN1Y-Scene-097.mp4,0,real,Pair1,vript,GenVidBench,False,D:\HaitongNi\MEngProject_SecondBench\02_D3\cache\frames\real\Pair1_vript_vript_-uyHPBbfN1Y-Scene-097.mp4,0,0,4.3254,-4.3254,0
F:\MEngDatasets\GenVidBench\GenVidBench\Pair1\vript\vript\-KMOH0xbUIs-Scene-012.mp4,Pair1\vript\vript\-KMOH0xbUIs-Scene-012.mp4,0,real,Pair1,vript,GenVidBench,False,D:\HaitongNi\MEngProject_SecondBench\02_D3\cache\frames\real\Pair1_vript_vript_-KMOH0xbUIs-Scene-012.mp4,0,0,4.0333066,-4.0333066,1
F:\MEngDatasets\GenVidBench\GenVidBench\Pair1\vript\vript\-8JCVzvR560-Scene-089.mp4,Pair1\vript\vript\-8JCVzvR560-Scene-089.mp4,0,real,Pair1,vript,GenVidBench,False,D:\HaitongNi\MEngProject_SecondBench\02_D3\cache\frames\real\Pair1_vript_vript_-8JCVzvR560-Scene-089.mp4,0,0,4.7637835,-4.7637835,0
F:\MEngDatasets\GenVidBench\GenVidBench\Pair1\vript\vript\-2NL1IFwtS8-Scene-062.mp4,Pair1\vript\vript\-2NL1IFwtS8-Scene-062.mp4,0,real,Pair1,vript,GenVidBench,False,D:\HaitongNi\MEngProject_SecondBench\02_D3\cache\frames\real\Pair1_vript_vript_-2NL1IFwtS8-Scene-062.mp4,0,0,6.5310884,-6.5310884,0
F:\MEngDatasets\GenVidBench\GenVidBench\Pair2\hd_vg_130m\hd_vg_130m\02397___-PWE9sLkSLY.3_1.mp4,Pair2\hd_vg_130m\hd_vg_130m\02397___-PWE9sLkSLY.3_1.mp4,0,real,Pair2,hd_vg_130m,GenVidBench,False,D:\HaitongNi\MEngProject_SecondBench\02_D3\cache\frames\real\Pair2_hd_vg_130m_hd_vg_130m_02397__-PWE9sLkSLY.3_1.mp4,0,0,7.2549834,-7.2549834,0
F:\MEngDatasets\GenVidBench\GenVidBench\Pair2\hd_vg_130m\hd_vg_130m\01071___1Dfwqzh5VME.35_0.mp4,Pair2\hd_vg_130m\hd_vg_130m\01071___1Dfwqzh5VME.35_0.mp4,0,real,Pair2,hd_vg_130m,GenVidBench,False,D:\HaitongNi\MEngProject_SecondBench\02_D3\cache\frames\real\Pair2_hd_vg_130m_hd_vg_130m_01071__1Dfwqzh5VME.35_0.mp4,0,0,5.096517,-5.096517,0
F:\MEngDatasets\GenVidBench\GenVidBench\Pair1\vript\vript\-5ReoIc3C_o-Scene-073.mp4,Pair1\vript\vript\-5ReoIc3C_o-Scene-073.mp4,0,real,Pair1,vript,GenVidBench,False,D:\HaitongNi\MEngProject_SecondBench\02_D3\cache\frames\real\Pair1_vript_vript_-5ReoIc3C_o-Scene-073.mp4,0,0,10.589997,-10.589997,0
F:\MEngDatasets\GenVidBench\GenVidBench\Pair1\vript\vript\-ELZ6vigbxo-Scene-005.mp4,Pair1\vript\vript\-ELZ6vigbxo-Scene-005.mp4,0,real,Pair1,vript,GenVidBench,False,D:\HaitongNi\MEngProject_SecondBench\02_D3\cache\frames\real\Pair1_vript_vript_-ELZ6vigbxo-Scene-005.mp4,0,0,0.24884638,-0.24884638,1
F:\MEngDatasets\GenVidBench\GenVidBench\Pair1\vript\vript\-pbPgOKDy-Y-Scene-076.mp4,Pair1\vript\vript\-pbPgOKDy-Y-Scene-076.mp4,0,real,Pair1,vript,GenVidBench,False,D:\HaitongNi\MEngProject_SecondBench\02_D3\cache\frames\real\Pair1_vript_vript_-pbPgOKDy-Y-Scene-076.mp4,0,0,4.5727916,-4.5727916,0
F:\MEngDatasets\GenVidBench\GenVidBench\Pair1\vript\vript\3O7icCqFfEo-Scene-002.mp4,Pair1\vript\vript\3O7icCqFfEo-Scene-002.mp4,0,real,Pair1,vript,GenVidBench,False,D:\HaitongNi\MEngProject_SecondBench\02_D3\cache\frames\real\Pair1_vript_vript_3O7icCqFfEo-Scene-002.mp4,0,0,1.2990335,-1.2990335,1
F:\MEngDatasets\GenVidBench\GenVidBench\Pair1\vript\vript\-QtO4Z2zH2Y-Scene-002.mp4,Pair1\vript\vript\-QtO4Z2zH2Y-Scene-002.mp4,0,real,Pair1,vript,GenVidBench,False,D:\HaitongNi\MEngProject_SecondBench\02_D3\cache\frames\real\Pair1_vript_vript_-QtO4Z2zH2Y-Scene-002.mp4,0,0,2.2082944,-2.2082944,1
F:\MEngDatasets\GenVidBench\GenVidBench\Pair1\vript\vript\-CFnpUuy9MM-Scene-018.mp4,Pair1\vript\vript\-CFnpUuy9MM-Scene-018.mp4,0,real,Pair1,vript,GenVidBench,False,D:\HaitongNi\MEngProject_SecondBench\02_D3\cache\frames\real\Pair1_vript_vript_-CFnpUuy9MM-Scene-018.mp4,0,0,2.2775533,-2.2775533,1
F:\MEngDatasets\GenVidBench\GenVidBench\Pair2\hd_vg_130m\hd_vg_130m\05949___6NyRMkQmezM.1_0.mp4,Pair2\hd_vg_130m\hd_vg_130m\05949___6NyRMkQmezM.1_0.mp4,0,real,Pair2,hd_vg_130m,GenVidBench,False,D:\HaitongNi\MEngProject_SecondBench\02_D3\cache\frames\real\Pair2_hd_vg_130m_hd_vg_130m_05949__6NyRMkQmezM.1_0.mp4,0,0,2.738088,-2.738088,1
F:\MEngDatasets\GenVidBench\GenVidBench\Pair1\vript\vript\-CDAG1CTjLo-Scene-078.mp4,Pair1\vript\vript\-CDAG1CTjLo-Scene-078.mp4,0,real,Pair1,vript,GenVidBench,False,D:\HaitongNi\MEngProject_SecondBench\02_D3\cache\frames\real\Pair1_vript_vript_-CDAG1CTjLo-Scene-078.mp4,0,0,3.4762857,-3.4762857,1
F:\MEngDatasets\GenVidBench\GenVidBench\Pair2\hd_vg_130m\hd_vg_130m\10638___EhFCnA0EPFo.1_4.mp4,Pair2\hd_vg_130m\hd_vg_130m\10638___EhFCnA0EPFo.1_4.mp4,0,real,Pair2,hd_vg_130m,GenVidBench,False,D:\HaitongNi\MEngProject_SecondBench\02_D3\cache\frames\real\Pair2_hd_vg_130m_hd_vg_130m_10638__EhFCnA0EPFo.1_4.mp4,0,0,5.9085536,-5.9085536,0
F:\MEngDatasets\GenVidBench\GenVidBench\Pair2\hd_vg_130m\hd_vg_130m\06925___B3E8wGfVk7w.4_0.mp4,Pair2\hd_vg_130m\hd_vg_130m\06925___B3E8wGfVk7w.4_0.mp4,0,real,Pair2,hd_vg_130m,GenVidBench,False,D:\HaitongNi\MEngProject_SecondBench\02_D3\cache\frames\real\Pair2_hd_vg_130m_hd_vg_130m_06925__B3E8wGfVk7w.4_0.mp4,0,0,6.7104025,-6.7104025,0
F:\MEngDatasets\GenVidBench\GenVidBench\Pair2\hd_vg_130m\hd_vg_130m\00968___0EXb0-eUDDk.12_2.mp4,Pair2\hd_vg_130m\hd_vg_130m\00968___0EXb0-eUDDk.12_2.mp4,0,real,Pair2,hd_vg_130m,GenVidBench,False,D:\HaitongNi\MEngProject_SecondBench\02_D3\cache\frames\real\Pair2_hd_vg_130m_hd_vg_130m_00968__0EXb0-eUDDk.12_2.mp4,0,0,13.267639,-13.267639,0
F:\MEngDatasets\GenVidBench\GenVidBench\Pair1\vript\vript\-1RsCsSKt7A-Scene-086.mp4,Pair1\vript\vript\-1RsCsSKt7A-Scene-086.mp4,0,real,Pair1,vript,GenVidBench,False,D:\HaitongNi\MEngProject_SecondBench\02_D3\cache\frames\real\Pair1_vript_vript_-1RsCsSKt7A-Scene-086.mp4,0,0,6.509557,-6.509557,0
F:\MEngDatasets\GenVidBench\GenVidBench\Pair1\vript\vript\--amuSGpp94-Scene-011.mp4,Pair1\vript\vript\--amuSGpp94-Scene-011.mp4,0,real,Pair1,vript,GenVidBench,False,D:\HaitongNi\MEngProject_SecondBench\02_D3\cache\frames\real\Pair1_vript_vript_--amuSGpp94-Scene-011.mp4,0,0,5.677891,-5.677891,0
F:\MEngDatasets\GenVidBench\GenVidBench\Pair1\vript\vript\-ZxpBUbhvQM-Scene-071.mp4,Pair1\vript\vript\-ZxpBUbhvQM-Scene-071.mp4,0,real,Pair1,vript,GenVidBench,False,D:\HaitongNi\MEngProject_SecondBench\02_D3\cache\frames\real\Pair1_vript_vript_-ZxpBUbhvQM-Scene-071.mp4,0,0,2.6986508,-2.6986508,1
F:\MEngDatasets\GenVidBench\GenVidBench\Pair2\hd_vg_130m\hd_vg_130m\05213___9wA0Xe76aSk.28_1.mp4,Pair2\hd_vg_130m\hd_vg_130m\05213___9wA0Xe76aSk.28_1.mp4,0,real,Pair2,hd_vg_130m,GenVidBench,False,D:\HaitongNi\MEngProject_SecondBench\02_D3\cache\frames\real\Pair2_hd_vg_130m_hd_vg_130m_05213__9wA0Xe76aSk.28_1.mp4,0,0,2.6064258,-2.6064258,1
F:\MEngDatasets\GenVidBench\GenVidBench\Pair1\vript\vript\-JYuGS4buzs-Scene-047.mp4,Pair1\vript\vript\-JYuGS4buzs-Scene-047.mp4,0,real,Pair1,vript,GenVidBench,False,D:\HaitongNi\MEngProject_SecondBench\02_D3\cache\frames\real\Pair1_vript_vript_-JYuGS4buzs-Scene-047.mp4,0,0,2.6273541,-2.6273541,1
F:\MEngDatasets\GenVidBench\GenVidBench\Pair2\hd_vg_130m\hd_vg_130m\12797___CRdy1e-k-tk.9_0.mp4,Pair2\hd_vg_130m\hd_vg_130m\12797___CRdy1e-k-tk.9_0.mp4,0,real,Pair2,hd_vg_130m,GenVidBench,False,D:\HaitongNi\MEngProject_SecondBench\02_D3\cache\frames\real\Pair2_hd_vg_130m_hd_vg_130m_12797__CRdy1e-k-tk.9_0.mp4,0,0,1.9460148,-1.9460148,1
F:\MEngDatasets\GenVidBench\GenVidBench\Pair1\vript\vript\-NmJouiMnaM-Scene-004.mp4,Pair1\vript\vript\-NmJouiMnaM-Scene-004.mp4,0,real,Pair1,vript,GenVidBench,False,D:\HaitongNi\MEngProject_SecondBench\02_D3\cache\frames\real\Pair1_vript_vript_-NmJouiMnaM-Scene-004.mp4,0,0,7.776176,-7.776176,0
F:\MEngDatasets\GenVidBench\GenVidBench\Pair1\vript\vript\-OgDFzqzjpE-Scene-053.mp4,Pair1\vript\vript\-OgDFzqzjpE-Scene-053.mp4,0,real,Pair1,vript,GenVidBench,False,D:\HaitongNi\MEngProject_SecondBench\02_D3\cache\frames\real\Pair1_vript_vript_-OgDFzqzjpE-Scene-053.mp4,0,0,2.6045115,-2.6045115,1
F:\MEngDatasets\GenVidBench\GenVidBench\Pair1\vript\vript\0JMLUdQG9FQ-Scene-098.mp4,Pair1\vript\vript\0JMLUdQG9FQ-Scene-098.mp4,0,real,Pair1,vript,GenVidBench,False,D:\HaitongNi\MEngProject_SecondBench\02_D3\cache\frames\real\Pair1_vript_vript_0JMLUdQG9FQ-Scene-098.mp4,0,0,1.659572,-1.659572,1
F:\MEngDatasets\GenVidBench\GenVidBench\Pair2\hd_vg_130m\hd_vg_130m\09868___CaSTlTXG-90.26_0.mp4,Pair2\hd_vg_130m\hd_vg_130m\09868___CaSTlTXG-90.26_0.mp4,0,real,Pair2,hd_vg_130m,GenVidBench,False,D:\HaitongNi\MEngProject_SecondBench\02_D3\cache\frames\real\Pair2_hd_vg_130m_hd_vg_130m_09868__CaSTlTXG-90.26_0.mp4,0,0,0.84621495,-0.84621495,1
F:\MEngDatasets\GenVidBench\GenVidBench\Pair2\hd_vg_130m\hd_vg_130m\09067___6uHjLgR68LA.1_0.mp4,Pair2\hd_vg_130m\hd_vg_130m\09067___6uHjLgR68LA.1_0.mp4,0,real,Pair2,hd_vg_130m,GenVidBench,False,D:\HaitongNi\MEngProject_SecondBench\02_D3\cache\frames\real\Pair2_hd_vg_130m_hd_vg_130m_09067__6uHjLgR68LA.1_0.mp4,0,0,4.0121293,-4.0121293,1
F:\MEngDatasets\GenVidBench\GenVidBench\Pair1\vript\vript\-_Ch9H2JzIM-Scene-008.mp4,Pair1\vript\vript\-_Ch9H2JzIM-Scene-008.mp4,0,real,Pair1,vript,GenVidBench,False,D:\HaitongNi\MEngProject_SecondBench\02_D3\cache\frames\real\Pair1_vript_vript_-_Ch9H2JzIM-Scene-008.mp4,0,0,4.570801,-4.570801,0
F:\MEngDatasets\GenVidBench\GenVidBench\Pair1\vript\vript\-8vE8JrxABo-Scene-064.mp4,Pair1\vript\vript\-8vE8JrxABo-Scene-064.mp4,0,real,Pair1,vript,GenVidBench,False,D:\HaitongNi\MEngProject_SecondBench\02_D3\cache\frames\real\Pair1_vript_vript_-8vE8JrxABo-Scene-064.mp4,0,0,6.371712,-6.371712,0
F:\MEngDatasets\GenVidBench\GenVidBench\Pair2\hd_vg_130m\hd_vg_130m\11225___G0Mydde4QI8.10_1.mp4,Pair2\hd_vg_130m\hd_vg_130m\11225___G0Mydde4QI8.10_1.mp4,0,real,Pair2,hd_vg_130m,GenVidBench,False,D:\HaitongNi\MEngProject_SecondBench\02_D3\cache\frames\real\Pair2_hd_vg_130m_hd_vg_130m_11225__G0Mydde4QI8.10_1.mp4,0,0,3.982042,-3.982042,1
F:\MEngDatasets\GenVidBench\GenVidBench\Pair2\hd_vg_130m\hd_vg_130m\11415___E0rMcADCSWw.4_0.mp4,Pair2\hd_vg_130m\hd_vg_130m\11415___E0rMcADCSWw.4_0.mp4,0,real,Pair2,hd_vg_130m,GenVidBench,False,D:\HaitongNi\MEngProject_SecondBench\02_D3\cache\frames\real\Pair2_hd_vg_130m_hd_vg_130m_11415__E0rMcADCSWw.4_0.mp4,0,0,7.4355836,-7.4355836,0
F:\MEngDatasets\GenVidBench\GenVidBench\Pair1\vript\vript\-OdWi5yyDRg-Scene-005.mp4,Pair1\vript\vript\-OdWi5yyDRg-Scene-005.mp4,0,real,Pair1,vript,GenVidBench,False,D:\HaitongNi\MEngProject_SecondBench\02_D3\cache\frames\real\Pair1_vript_vript_-OdWi5yyDRg-Scene-005.mp4,0,0,3.2348619,-3.2348619,1
F:\MEngDatasets\GenVidBench\GenVidBench\Pair2\hd_vg_130m\hd_vg_130m\06240___9wEQ4FwtsHQ.18_1.mp4,Pair2\hd_vg_130m\hd_vg_130m\06240___9wEQ4FwtsHQ.18_1.mp4,0,real,Pair2,hd_vg_130m,GenVidBench,False,D:\HaitongNi\MEngProject_SecondBench\02_D3\cache\frames\real\Pair2_hd_vg_130m_hd_vg_130m_06240__9wEQ4FwtsHQ.18_1.mp4,0,0,7.435741,-7.435741,0
F:\MEngDatasets\GenVidBench\GenVidBench\Pair1\vript\vript\0ErVpaTWRFM-Scene-040.mp4,Pair1\vript\vript\0ErVpaTWRFM-Scene-040.mp4,0,real,Pair1,vript,GenVidBench,False,D:\HaitongNi\MEngProject_SecondBench\02_D3\cache\frames\real\Pair1_vript_vript_0ErVpaTWRFM-Scene-040.mp4,0,0,4.089578,-4.089578,1
F:\MEngDatasets\GenVidBench\GenVidBench\Pair2\hd_vg_130m\hd_vg_130m\07012___8hN-ytS_zCw.8_0.mp4,Pair2\hd_vg_130m\hd_vg_130m\07012___8hN-ytS_zCw.8_0.mp4,0,real,Pair2,hd_vg_130m,GenVidBench,False,D:\HaitongNi\MEngProject_SecondBench\02_D3\cache\frames\real\Pair2_hd_vg_130m_hd_vg_130m_07012__8hN-ytS_zCw.8_0.mp4,0,0,11.723155,-11.723155,0
F:\MEngDatasets\GenVidBench\GenVidBench\Pair1\vript\vript\-8DcaBhYbHI-Scene-068.mp4,Pair1\vript\vript\-8DcaBhYbHI-Scene-068.mp4,0,real,Pair1,vript,GenVidBench,False,D:\HaitongNi\MEngProject_SecondBench\02_D3\cache\frames\real\Pair1_vript_vript_-8DcaBhYbHI-Scene-068.mp4,0,0,4.151768,-4.151768,1
F:\MEngDatasets\GenVidBench\GenVidBench\Pair1\vript\vript\-8QN_w1MhmM-Scene-071.mp4,Pair1\vript\vript\-8QN_w1MhmM-Scene-071.mp4,0,real,Pair1,vript,GenVidBench,False,D:\HaitongNi\MEngProject_SecondBench\02_D3\cache\frames\real\Pair1_vript_vript_-8QN_w1MhmM-Scene-071.mp4,0,0,2.2989182,-2.2989182,1
F:\MEngDatasets\GenVidBench\GenVidBench\Pair1\vript\vript\-5ajPCpJl-c-Scene-028.mp4,Pair1\vript\vript\-5ajPCpJl-c-Scene-028.mp4,0,real,Pair1,vript,GenVidBench,False,D:\HaitongNi\MEngProject_SecondBench\02_D3\cache\frames\real\Pair1_vript_vript_-5ajPCpJl-c-Scene-028.mp4,0,0,0.28412732,-0.28412732,1
F:\MEngDatasets\GenVidBench\GenVidBench\Pair2\hd_vg_130m\hd_vg_130m\09061___BV3p_aYvArQ.40_0.mp4,Pair2\hd_vg_130m\hd_vg_130m\09061___BV3p_aYvArQ.40_0.mp4,0,real,Pair2,hd_vg_130m,GenVidBench,False,D:\HaitongNi\MEngProject_SecondBench\02_D3\cache\frames\real\Pair2_hd_vg_130m_hd_vg_130m_09061__BV3p_aYvArQ.40_0.mp4,0,0,5.57118,-5.57118,0
F:\MEngDatasets\GenVidBench\GenVidBench\Pair1\vript\vript\-YIl2latzhY-Scene-063.mp4,Pair1\vript\vript\-YIl2latzhY-Scene-063.mp4,0,real,Pair1,vript,GenVidBench,False,D:\HaitongNi\MEngProject_SecondBench\02_D3\cache\frames\real\Pair1_vript_vript_-YIl2latzhY-Scene-063.mp4,0,0,0.515974,-0.515974,1
F:\MEngDatasets\GenVidBench\GenVidBench\Pair2\hd_vg_130m\hd_vg_130m\01780___4Ec0AKuS8ms.0_2.mp4,Pair2\hd_vg_130m\hd_vg_130m\01780___4Ec0AKuS8ms.0_2.mp4,0,real,Pair2,hd_vg_130m,GenVidBench,False,D:\HaitongNi\MEngProject_SecondBench\02_D3\cache\frames\real\Pair2_hd_vg_130m_hd_vg_130m_01780__4Ec0AKuS8ms.0_2.mp4,0,0,6.032778,-6.032778,0
F:\MEngDatasets\GenVidBench\GenVidBench\Pair1\vript\vript\-KB3YUUz38c-Scene-082.mp4,Pair1\vript\vript\-KB3YUUz38c-Scene-082.mp4,0,real,Pair1,vript,GenVidBench,False,D:\HaitongNi\MEngProject_SecondBench\02_D3\cache\frames\real\Pair1_vript_vript_-KB3YUUz38c-Scene-082.mp4,0,0,6.268274,-6.268274,0
F:\MEngDatasets\GenVidBench\GenVidBench\Pair2\hd_vg_130m\hd_vg_130m\11974___F7gDC_jUjKs.15_0.mp4,Pair2\hd_vg_130m\hd_vg_130m\11974___F7gDC_jUjKs.15_0.mp4,0,real,Pair2,hd_vg_130m,GenVidBench,False,D:\HaitongNi\MEngProject_SecondBench\02_D3\cache\frames\real\Pair2_hd_vg_130m_hd_vg_130m_11974__F7gDC_jUjKs.15_0.mp4,0,0,3.7651572,-3.7651572,1
F:\MEngDatasets\GenVidBench\GenVidBench\Pair2\hd_vg_130m\hd_vg_130m\01582___02ZEJR8WDfk.13_3.mp4,Pair2\hd_vg_130m\hd_vg_130m\01582___02ZEJR8WDfk.13_3.mp4,0,real,Pair2,hd_vg_130m,GenVidBench,False,D:\HaitongNi\MEngProject_SecondBench\02_D3\cache\frames\real\Pair2_hd_vg_130m_hd_vg_130m_01582__02ZEJR8WDfk.13_3.mp4,0,0,10.142872,-10.142872,0
F:\MEngDatasets\GenVidBench\GenVidBench\Pair2\hd_vg_130m\hd_vg_130m\10510___F1RuTpHgsAc.3_0.mp4,Pair2\hd_vg_130m\hd_vg_130m\10510___F1RuTpHgsAc.3_0.mp4,0,real,Pair2,hd_vg_130m,GenVidBench,False,D:\HaitongNi\MEngProject_SecondBench\02_D3\cache\frames\real\Pair2_hd_vg_130m_hd_vg_130m_10510__F1RuTpHgsAc.3_0.mp4,0,0,8.687153,-8.687153,0
F:\MEngDatasets\GenVidBench\GenVidBench\Pair1\vript\vript\-0xMfZOYTcU-Scene-049.mp4,Pair1\vript\vript\-0xMfZOYTcU-Scene-049.mp4,0,real,Pair1,vript,GenVidBench,False,D:\HaitongNi\MEngProject_SecondBench\02_D3\cache\frames\real\Pair1_vript_vript_-0xMfZOYTcU-Scene-049.mp4,0,0,3.040649,-3.040649,1
F:\MEngDatasets\GenVidBench\GenVidBench\Pair2\hd_vg_130m\hd_vg_130m\01832___06XJHOYANcQ.14_0.mp4,Pair2\hd_vg_130m\hd_vg_130m\01832___06XJHOYANcQ.14_0.mp4,0,real,Pair2,hd_vg_130m,GenVidBench,False,D:\HaitongNi\MEngProject_SecondBench\02_D3\cache\frames\real\Pair2_hd_vg_130m_hd_vg_130m_01832__06XJHOYANcQ.14_0.mp4,0,0,0.4843836,-0.4843836,1
F:\MEngDatasets\GenVidBench\GenVidBench\Pair2\hd_vg_130m\hd_vg_130m\09964___GgwrKSMqlsg.1_6.mp4,Pair2\hd_vg_130m\hd_vg_130m\09964___GgwrKSMqlsg.1_6.mp4,0,real,Pair2,hd_vg_130m,GenVidBench,False,D:\HaitongNi\MEngProject_SecondBench\02_D3\cache\frames\real\Pair2_hd_vg_130m_hd_vg_130m_09964__GgwrKSMqlsg.1_6.mp4,0,0,3.7323482,-3.7323482,1
F:\MEngDatasets\GenVidBench\GenVidBench\Pair2\hd_vg_130m\hd_vg_130m\11825___Di9Ch4_Xu9g.16_0.mp4,Pair2\hd_vg_130m\hd_vg_130m\11825___Di9Ch4_Xu9g.16_0.mp4,0,real,Pair2,hd_vg_130m,GenVidBench,False,D:\HaitongNi\MEngProject_SecondBench\02_D3\cache\frames\real\Pair2_hd_vg_130m_hd_vg_130m_11825__Di9Ch4_Xu9g.16_0.mp4,0,0,4.6601844,-4.6601844,0
F:\MEngDatasets\GenVidBench\GenVidBench\Pair2\hd_vg_130m\hd_vg_130m\02485___0YOsJk4OKzU.23_0.mp4,Pair2\hd_vg_130m\hd_vg_130m\02485___0YOsJk4OKzU.23_0.mp4,0,real,Pair2,hd_vg_130m,GenVidBench,False,D:\HaitongNi\MEngProject_SecondBench\02_D3\cache\frames\real\Pair2_hd_vg_130m_hd_vg_130m_02485__0YOsJk4OKzU.23_0.mp4,0,0,4.409313,-4.409313,0
F:\MEngDatasets\GenVidBench\GenVidBench\Pair1\vript\vript\-5_jTyh-3Ng-Scene-013.mp4,Pair1\vript\vript\-5_jTyh-3Ng-Scene-013.mp4,0,real,Pair1,vript,GenVidBench,False,D:\HaitongNi\MEngProject_SecondBench\02_D3\cache\frames\real\Pair1_vript_vript_-5_jTyh-3Ng-Scene-013.mp4,0,0,5.6435485,-5.6435485,0
F:\MEngDatasets\GenVidBench\GenVidBench\Pair2\hd_vg_130m\hd_vg_130m\10934___ByyiUEpm3No.12_1.mp4,Pair2\hd_vg_130m\hd_vg_130m\10934___ByyiUEpm3No.12_1.mp4,0,real,Pair2,hd_vg_130m,GenVidBench,False,D:\HaitongNi\MEngProject_SecondBench\02_D3\cache\frames\real\Pair2_hd_vg_130m_hd_vg_130m_10934__ByyiUEpm3No.12_1.mp4,0,0,7.0824084,-7.0824084,0
F:\MEngDatasets\GenVidBench\GenVidBench\Pair2\hd_vg_130m\hd_vg_130m\13764___HM5DFTU1GRg.0_7.mp4,Pair2\hd_vg_130m\hd_vg_130m\13764___HM5DFTU1GRg.0_7.mp4,0,real,Pair2,hd_vg_130m,GenVidBench,False,D:\HaitongNi\MEngProject_SecondBench\02_D3\cache\frames\real\Pair2_hd_vg_130m_hd_vg_130m_13764__HM5DFTU1GRg.0_7.mp4,0,0,1.9890523,-1.9890523,1
F:\MEngDatasets\GenVidBench\GenVidBench\Pair2\hd_vg_130m\hd_vg_130m\04140___1APDfJVmf1M.14_3.mp4,Pair2\hd_vg_130m\hd_vg_130m\04140___1APDfJVmf1M.14_3.mp4,0,real,Pair2,hd_vg_130m,GenVidBench,False,D:\HaitongNi\MEngProject_SecondBench\02_D3\cache\frames\real\Pair2_hd_vg_130m_hd_vg_130m_04140__1APDfJVmf1M.14_3.mp4,0,0,6.3969846,-6.3969846,0
F:\MEngDatasets\GenVidBench\GenVidBench\Pair2\hd_vg_130m\hd_vg_130m\08326___9KqISPT5NWk.0_3.mp4,Pair2\hd_vg_130m\hd_vg_130m\08326___9KqISPT5NWk.0_3.mp4,0,real,Pair2,hd_vg_130m,GenVidBench,False,D:\HaitongNi\MEngProject_SecondBench\02_D3\cache\frames\real\Pair2_hd_vg_130m_hd_vg_130m_08326__9KqISPT5NWk.0_3.mp4,0,0,6.6855865,-6.6855865,0
F:\MEngDatasets\GenVidBench\GenVidBench\Pair2\hd_vg_130m\hd_vg_130m\12715___CsK4eNtTTMo.10_0.mp4,Pair2\hd_vg_130m\hd_vg_130m\12715___CsK4eNtTTMo.10_0.mp4,0,real,Pair2,hd_vg_130m,GenVidBench,False,D:\HaitongNi\MEngProject_SecondBench\02_D3\cache\frames\real\Pair2_hd_vg_130m_hd_vg_130m_12715__CsK4eNtTTMo.10_0.mp4,0,0,4.661368,-4.661368,0
F:\MEngDatasets\GenVidBench\GenVidBench\Pair2\hd_vg_130m\hd_vg_130m\01664___-7UBuZqP-Bc.0_1.mp4,Pair2\hd_vg_130m\hd_vg_130m\01664___-7UBuZqP-Bc.0_1.mp4,0,real,Pair2,hd_vg_130m,GenVidBench,False,D:\HaitongNi\MEngProject_SecondBench\02_D3\cache\frames\real\Pair2_hd_vg_130m_hd_vg_130m_01664__-7UBuZqP-Bc.0_1.mp4,0,0,7.975315,-7.975315,0
F:\MEngDatasets\GenVidBench\GenVidBench\Pair2\hd_vg_130m\hd_vg_130m\04179___5Cn8BGeAy-0.18_0.mp4,Pair2\hd_vg_130m\hd_vg_130m\04179___5Cn8BGeAy-0.18_0.mp4,0,real,Pair2,hd_vg_130m,GenVidBench,False,D:\HaitongNi\MEngProject_SecondBench\02_D3\cache\frames\real\Pair2_hd_vg_130m_hd_vg_130m_04179__5Cn8BGeAy-0.18_0.mp4,0,0,6.7485614,-6.7485614,0
F:\MEngDatasets\GenVidBench\GenVidBench\Pair2\hd_vg_130m\hd_vg_130m\10774___DUa3AUBhD1k.1_1.mp4,Pair2\hd_vg_130m\hd_vg_130m\10774___DUa3AUBhD1k.1_1.mp4,0,real,Pair2,hd_vg_130m,GenVidBench,False,D:\HaitongNi\MEngProject_SecondBench\02_D3\cache\frames\real\Pair2_hd_vg_130m_hd_vg_130m_10774__DUa3AUBhD1k.1_1.mp4,0,0,2.5544205,-2.5544205,1
F:\MEngDatasets\GenVidBench\GenVidBench\Pair2\hd_vg_130m\hd_vg_130m\09169___6aWOAgf_jZk.12_0.mp4,Pair2\hd_vg_130m\hd_vg_130m\09169___6aWOAgf_jZk.12_0.mp4,0,real,Pair2,hd_vg_130m,GenVidBench,False,D:\HaitongNi\MEngProject_SecondBench\02_D3\cache\frames\real\Pair2_hd_vg_130m_hd_vg_130m_09169__6aWOAgf_jZk.12_0.mp4,0,0,6.019385,-6.019385,0
F:\MEngDatasets\GenVidBench\GenVidBench\Pair2\hd_vg_130m\hd_vg_130m\06335___7DxLWrzgfFk.103_3.mp4,Pair2\hd_vg_130m\hd_vg_130m\06335___7DxLWrzgfFk.103_3.mp4,0,real,Pair2,hd_vg_130m,GenVidBench,False,D:\HaitongNi\MEngProject_SecondBench\02_D3\cache\frames\real\Pair2_hd_vg_130m_hd_vg_130m_06335__7DxLWrzgfFk.103_3.mp4,0,0,8.329647,-8.329647,0
F:\MEngDatasets\GenVidBench\GenVidBench\Pair1\vript\vript\-Nwg8U3jmlw-Scene-001.mp4,Pair1\vript\vript\-Nwg8U3jmlw-Scene-001.mp4,0,real,Pair1,vript,GenVidBench,False,D:\HaitongNi\MEngProject_SecondBench\02_D3\cache\frames\real\Pair1_vript_vript_-Nwg8U3jmlw-Scene-001.mp4,0,0,2.7794929,-2.7794929,1
F:\MEngDatasets\GenVidBench\GenVidBench\Pair1\vript\vript\-fikrO9_aRc-Scene-039.mp4,Pair1\vript\vript\-fikrO9_aRc-Scene-039.mp4,0,real,Pair1,vript,GenVidBench,False,D:\HaitongNi\MEngProject_SecondBench\02_D3\cache\frames\real\Pair1_vript_vript_-fikrO9_aRc-Scene-039.mp4,0,0,5.5330105,-5.5330105,0
F:\MEngDatasets\GenVidBench\GenVidBench\Pair2\hd_vg_130m\hd_vg_130m\01038___0WctBTVPyps.26_0.mp4,Pair2\hd_vg_130m\hd_vg_130m\01038___0WctBTVPyps.26_0.mp4,0,real,Pair2,hd_vg_130m,GenVidBench,False,D:\HaitongNi\MEngProject_SecondBench\02_D3\cache\frames\real\Pair2_hd_vg_130m_hd_vg_130m_01038__0WctBTVPyps.26_0.mp4,0,0,2.222774,-2.222774,1
F:\MEngDatasets\GenVidBench\GenVidBench\Pair1\vript\vript\-c88ZCPF10M-Scene-167.mp4,Pair1\vript\vript\-c88ZCPF10M-Scene-167.mp4,0,real,Pair1,vript,GenVidBench,False,D:\HaitongNi\MEngProject_SecondBench\02_D3\cache\frames\real\Pair1_vript_vript_-c88ZCPF10M-Scene-167.mp4,0,0,9.664488,-9.664488,0
F:\MEngDatasets\GenVidBench\GenVidBench\Pair1\vript\vript\-ClQTAGJ0yI-Scene-026.mp4,Pair1\vript\vript\-ClQTAGJ0yI-Scene-026.mp4,0,real,Pair1,vript,GenVidBench,False,D:\HaitongNi\MEngProject_SecondBench\02_D3\cache\frames\real\Pair1_vript_vript_-ClQTAGJ0yI-Scene-026.mp4,0,0,6.1777253,-6.1777253,0
F:\MEngDatasets\GenVidBench\GenVidBench\Pair2\hd_vg_130m\hd_vg_130m\06565___BCI2hqvpqkA.1_2.mp4,Pair2\hd_vg_130m\hd_vg_130m\06565___BCI2hqvpqkA.1_2.mp4,0,real,Pair2,hd_vg_130m,GenVidBench,False,D:\HaitongNi\MEngProject_SecondBench\02_D3\cache\frames\real\Pair2_hd_vg_130m_hd_vg_130m_06565__BCI2hqvpqkA.1_2.mp4,0,0,6.5189342,-6.5189342,0
F:\MEngDatasets\GenVidBench\GenVidBench\Pair1\vript\vript\-yQ34T8gXGg-Scene-015.mp4,Pair1\vript\vript\-yQ34T8gXGg-Scene-015.mp4,0,real,Pair1,vript,GenVidBench,False,D:\HaitongNi\MEngProject_SecondBench\02_D3\cache\frames\real\Pair1_vript_vript_-yQ34T8gXGg-Scene-015.mp4,0,0,5.542217,-5.542217,0
F:\MEngDatasets\GenVidBench\GenVidBench\Pair1\vript\vript\-41qhay-Zzg-Scene-017.mp4,Pair1\vript\vript\-41qhay-Zzg-Scene-017.mp4,0,real,Pair1,vript,GenVidBench,False,D:\HaitongNi\MEngProject_SecondBench\02_D3\cache\frames\real\Pair1_vript_vript_-41qhay-Zzg-Scene-017.mp4,0,0,0.006055914,-0.006055914,1
F:\MEngDatasets\GenVidBench\GenVidBench\Pair2\hd_vg_130m\hd_vg_130m\09732___C8kdm32B8XA.16_0.mp4,Pair2\hd_vg_130m\hd_vg_130m\09732___C8kdm32B8XA.16_0.mp4,0,real,Pair2,hd_vg_130m,GenVidBench,False,D:\HaitongNi\MEngProject_SecondBench\02_D3\cache\frames\real\Pair2_hd_vg_130m_hd_vg_130m_09732__C8kdm32B8XA.16_0.mp4,0,0,5.0411644,-5.0411644,0
F:\MEngDatasets\GenVidBench\GenVidBench\Pair1\vript\vript\-Y7E_C3yd4Q-Scene-016.mp4,Pair1\vript\vript\-Y7E_C3yd4Q-Scene-016.mp4,0,real,Pair1,vript,GenVidBench,False,D:\HaitongNi\MEngProject_SecondBench\02_D3\cache\frames\real\Pair1_vript_vript_-Y7E_C3yd4Q-Scene-016.mp4,0,0,6.63024,-6.63024,0
F:\MEngDatasets\GenVidBench\GenVidBench\Pair1\vript\vript\-X8FNyBD8O8-Scene-056.mp4,Pair1\vript\vript\-X8FNyBD8O8-Scene-056.mp4,0,real,Pair1,vript,GenVidBench,False,D:\HaitongNi\MEngProject_SecondBench\02_D3\cache\frames\real\Pair1_vript_vript_-X8FNyBD8O8-Scene-056.mp4,0,0,2.6822314,-2.6822314,1
F:\MEngDatasets\GenVidBench\GenVidBench\Pair1\vript\vript\-L95YoZnq1U-Scene-016.mp4,Pair1\vript\vript\-L95YoZnq1U-Scene-016.mp4,0,real,Pair1,vript,GenVidBench,False,D:\HaitongNi\MEngProject_SecondBench\02_D3\cache\frames\real\Pair1_vript_vript_-L95YoZnq1U-Scene-016.mp4,0,0,4.9903054,-4.9903054,0
F:\MEngDatasets\GenVidBench\GenVidBench\Pair2\hd_vg_130m\hd_vg_130m\06209___A9hVKgVCepM.4_2.mp4,Pair2\hd_vg_130m\hd_vg_130m\06209___A9hVKgVCepM.4_2.mp4,0,real,Pair2,hd_vg_130m,GenVidBench,False,D:\HaitongNi\MEngProject_SecondBench\02_D3\cache\frames\real\Pair2_hd_vg_130m_hd_vg_130m_06209__A9hVKgVCepM.4_2.mp4,0,0,7.689451,-7.689451,0
F:\MEngDatasets\GenVidBench\GenVidBench\Pair2\hd_vg_130m\hd_vg_130m\02763___4PlWTGYtv2Y.3_0.mp4,Pair2\hd_vg_130m\hd_vg_130m\02763___4PlWTGYtv2Y.3_0.mp4,0,real,Pair2,hd_vg_130m,GenVidBench,False,D:\HaitongNi\MEngProject_SecondBench\02_D3\cache\frames\real\Pair2_hd_vg_130m_hd_vg_130m_02763__4PlWTGYtv2Y.3_0.mp4,0,0,2.2535028,-2.2535028,1
F:\MEngDatasets\GenVidBench\GenVidBench\Pair1\vript\vript\-HsVkwyi-mk-Scene-044.mp4,Pair1\vript\vript\-HsVkwyi-mk-Scene-044.mp4,0,real,Pair1,vript,GenVidBench,False,D:\HaitongNi\MEngProject_SecondBench\02_D3\cache\frames\real\Pair1_vript_vript_-HsVkwyi-mk-Scene-044.mp4,0,0,2.621411,-2.621411,1
F:\MEngDatasets\GenVidBench\GenVidBench\Pair1\vript\vript\-CgxuW203fk-Scene-064.mp4,Pair1\vript\vript\-CgxuW203fk-Scene-064.mp4,0,real,Pair1,vript,GenVidBench,False,D:\HaitongNi\MEngProject_SecondBench\02_D3\cache\frames\real\Pair1_vript_vript_-CgxuW203fk-Scene-064.mp4,0,0,4.058941,-4.058941,1
F:\MEngDatasets\GenVidBench\GenVidBench\Pair1\vript\vript\-D3qsFC0E0E-Scene-005.mp4,Pair1\vript\vript\-D3qsFC0E0E-Scene-005.mp4,0,real,Pair1,vript,GenVidBench,False,D:\HaitongNi\MEngProject_SecondBench\02_D3\cache\frames\real\Pair1_vript_vript_-D3qsFC0E0E-Scene-005.mp4,0,0,4.304883,-4.304883,0
F:\MEngDatasets\GenVidBench\GenVidBench\Pair1\vript\vript\-THy8MfI-aM-Scene-034.mp4,Pair1\vript\vript\-THy8MfI-aM-Scene-034.mp4,0,real,Pair1,vript,GenVidBench,False,D:\HaitongNi\MEngProject_SecondBench\02_D3\cache\frames\real\Pair1_vript_vript_-THy8MfI-aM-Scene-034.mp4,0,0,3.0806127,-3.0806127,1
F:\MEngDatasets\GenVidBench\GenVidBench\Pair1\vript\vript\-liMa4Ve-_8-Scene-038.mp4,Pair1\vript\vript\-liMa4Ve-_8-Scene-038.mp4,0,real,Pair1,vript,GenVidBench,False,D:\HaitongNi\MEngProject_SecondBench\02_D3\cache\frames\real\Pair1_vript_vript_-liMa4Ve-_8-Scene-038.mp4,0,0,3.9354818,-3.9354818,1
F:\MEngDatasets\GenVidBench\GenVidBench\Pair1\vript\vript\-Xe9ATwapx8-Scene-113.mp4,Pair1\vript\vript\-Xe9ATwapx8-Scene-113.mp4,0,real,Pair1,vript,GenVidBench,False,D:\HaitongNi\MEngProject_SecondBench\02_D3\cache\frames\real\Pair1_vript_vript_-Xe9ATwapx8-Scene-113.mp4,0,0,5.957639,-5.957639,0
F:\MEngDatasets\GenVidBench\GenVidBench\Pair2\hd_vg_130m\hd_vg_130m\02384___0xRkyu_39UE.17_1.mp4,Pair2\hd_vg_130m\hd_vg_130m\02384___0xRkyu_39UE.17_1.mp4,0,real,Pair2,hd_vg_130m,GenVidBench,False,D:\HaitongNi\MEngProject_SecondBench\02_D3\cache\frames\real\Pair2_hd_vg_130m_hd_vg_130m_02384__0xRkyu_39UE.17_1.mp4,0,0,6.165221,-6.165221,0
F:\MEngDatasets\GenVidBench\GenVidBench\Pair2\hd_vg_130m\hd_vg_130m\08363___6bUDjs73UZg.33_0.mp4,Pair2\hd_vg_130m\hd_vg_130m\08363___6bUDjs73UZg.33_0.mp4,0,real,Pair2,hd_vg_130m,GenVidBench,False,D:\HaitongNi\MEngProject_SecondBench\02_D3\cache\frames\real\Pair2_hd_vg_130m_hd_vg_130m_08363__6bUDjs73UZg.33_0.mp4,0,0,3.2445695,-3.2445695,1
F:\MEngDatasets\GenVidBench\GenVidBench\Pair1\vript\vript\-7rMo-TJCbI-Scene-148.mp4,Pair1\vript\vript\-7rMo-TJCbI-Scene-148.mp4,0,real,Pair1,vript,GenVidBench,False,D:\HaitongNi\MEngProject_SecondBench\02_D3\cache\frames\real\Pair1_vript_vript_-7rMo-TJCbI-Scene-148.mp4,0,0,4.522908,-4.522908,0
F:\MEngDatasets\GenVidBench\GenVidBench\Pair2\hd_vg_130m\hd_vg_130m\09333___C7qG7sRKa-0.0_0.mp4,Pair2\hd_vg_130m\hd_vg_130m\09333___C7qG7sRKa-0.0_0.mp4,0,real,Pair2,hd_vg_130m,GenVidBench,False,D:\HaitongNi\MEngProject_SecondBench\02_D3\cache\frames\real\Pair2_hd_vg_130m_hd_vg_130m_09333__C7qG7sRKa-0.0_0.mp4,0,0,4.289831,-4.289831,1
F:\MEngDatasets\GenVidBench\GenVidBench\Pair2\hd_vg_130m\hd_vg_130m\13233___EflFM6MhhYQ.12_2.mp4,Pair2\hd_vg_130m\hd_vg_130m\13233___EflFM6MhhYQ.12_2.mp4,0,real,Pair2,hd_vg_130m,GenVidBench,False,D:\HaitongNi\MEngProject_SecondBench\02_D3\cache\frames\real\Pair2_hd_vg_130m_hd_vg_130m_13233__EflFM6MhhYQ.12_2.mp4,0,0,3.9688084,-3.9688084,1
F:\MEngDatasets\GenVidBench\GenVidBench\Pair1\vript\vript\-TT_Igi7gME-Scene-018.mp4,Pair1\vript\vript\-TT_Igi7gME-Scene-018.mp4,0,real,Pair1,vript,GenVidBench,False,D:\HaitongNi\MEngProject_SecondBench\02_D3\cache\frames\real\Pair1_vript_vript_-TT_Igi7gME-Scene-018.mp4,0,0,2.5872066,-2.5872066,1
F:\MEngDatasets\GenVidBench\GenVidBench\Pair2\hd_vg_130m\hd_vg_130m\00317___-NKrNpQ7ZeY.20_2.mp4,Pair2\hd_vg_130m\hd_vg_130m\00317___-NKrNpQ7ZeY.20_2.mp4,0,real,Pair2,hd_vg_130m,GenVidBench,False,D:\HaitongNi\MEngProject_SecondBench\02_D3\cache\frames\real\Pair2_hd_vg_130m_hd_vg_130m_00317__-NKrNpQ7ZeY.20_2.mp4,0,0,5.3789144,-5.3789144,0
F:\MEngDatasets\GenVidBench\GenVidBench\Pair2\hd_vg_130m\hd_vg_130m\08798___BhHnVz4jDN8.1_5.mp4,Pair2\hd_vg_130m\hd_vg_130m\08798___BhHnVz4jDN8.1_5.mp4,0,real,Pair2,hd_vg_130m,GenVidBench,False,D:\HaitongNi\MEngProject_SecondBench\02_D3\cache\frames\real\Pair2_hd_vg_130m_hd_vg_130m_08798__BhHnVz4jDN8.1_5.mp4,0,0,14.503352,-14.503352,0
F:\MEngDatasets\GenVidBench\GenVidBench\Pair1\vript\vript\-5kkT_RBHk8-Scene-111.mp4,Pair1\vript\vript\-5kkT_RBHk8-Scene-111.mp4,0,real,Pair1,vript,GenVidBench,False,D:\HaitongNi\MEngProject_SecondBench\02_D3\cache\frames\real\Pair1_vript_vript_-5kkT_RBHk8-Scene-111.mp4,0,0,4.6496234,-4.6496234,0
F:\MEngDatasets\GenVidBench\GenVidBench\Pair1\vript\vript\04pOrJ3GnOM-Scene-018.mp4,Pair1\vript\vript\04pOrJ3GnOM-Scene-018.mp4,0,real,Pair1,vript,GenVidBench,False,D:\HaitongNi\MEngProject_SecondBench\02_D3\cache\frames\real\Pair1_vript_vript_04pOrJ3GnOM-Scene-018.mp4,0,0,5.1263976,-5.1263976,0
F:\MEngDatasets\GenVidBench\GenVidBench\Pair2\hd_vg_130m\hd_vg_130m\06444___BC2fZVcB9ww.1_2.mp4,Pair2\hd_vg_130m\hd_vg_130m\06444___BC2fZVcB9ww.1_2.mp4,0,real,Pair2,hd_vg_130m,GenVidBench,False,D:\HaitongNi\MEngProject_SecondBench\02_D3\cache\frames\real\Pair2_hd_vg_130m_hd_vg_130m_06444__BC2fZVcB9ww.1_2.mp4,0,0,8.950866,-8.950866,0
F:\MEngDatasets\GenVidBench\GenVidBench\Pair2\hd_vg_130m\hd_vg_130m\07553___6jhuSjAHRlI.16_0.mp4,Pair2\hd_vg_130m\hd_vg_130m\07553___6jhuSjAHRlI.16_0.mp4,0,real,Pair2,hd_vg_130m,GenVidBench,False,D:\HaitongNi\MEngProject_SecondBench\02_D3\cache\frames\real\Pair2_hd_vg_130m_hd_vg_130m_07553__6jhuSjAHRlI.16_0.mp4,0,0,3.751754,-3.751754,1
F:\MEngDatasets\GenVidBench\GenVidBench\Pair1\vript\vript\-b9sTS7kcC4-Scene-017.mp4,Pair1\vript\vript\-b9sTS7kcC4-Scene-017.mp4,0,real,Pair1,vript,GenVidBench,False,D:\HaitongNi\MEngProject_SecondBench\02_D3\cache\frames\real\Pair1_vript_vript_-b9sTS7kcC4-Scene-017.mp4,0,0,2.9089148,-2.9089148,1
F:\MEngDatasets\GenVidBench\GenVidBench\Pair2\hd_vg_130m\hd_vg_130m\02637___25yquwhDIzg.0_0.mp4,Pair2\hd_vg_130m\hd_vg_130m\02637___25yquwhDIzg.0_0.mp4,0,real,Pair2,hd_vg_130m,GenVidBench,False,D:\HaitongNi\MEngProject_SecondBench\02_D3\cache\frames\real\Pair2_hd_vg_130m_hd_vg_130m_02637__25yquwhDIzg.0_0.mp4,0,0,8.7072935,-8.7072935,0
F:\MEngDatasets\GenVidBench\GenVidBench\Pair2\hd_vg_130m\hd_vg_130m\03026___-ZEGPQAOn7I.25_0.mp4,Pair2\hd_vg_130m\hd_vg_130m\03026___-ZEGPQAOn7I.25_0.mp4,0,real,Pair2,hd_vg_130m,GenVidBench,False,D:\HaitongNi\MEngProject_SecondBench\02_D3\cache\frames\real\Pair2_hd_vg_130m_hd_vg_130m_03026__-ZEGPQAOn7I.25_0.mp4,0,0,6.998289,-6.998289,0
F:\MEngDatasets\GenVidBench\GenVidBench\Pair1\vript\vript\-F3jb9eoKS8-Scene-033.mp4,Pair1\vript\vript\-F3jb9eoKS8-Scene-033.mp4,0,real,Pair1,vript,GenVidBench,False,D:\HaitongNi\MEngProject_SecondBench\02_D3\cache\frames\real\Pair1_vript_vript_-F3jb9eoKS8-Scene-033.mp4,0,0,2.4147866,-2.4147866,1
F:\MEngDatasets\GenVidBench\GenVidBench\Pair1\vript\vript\-6iIC9iblj0-Scene-026.mp4,Pair1\vript\vript\-6iIC9iblj0-Scene-026.mp4,0,real,Pair1,vript,GenVidBench,False,D:\HaitongNi\MEngProject_SecondBench\02_D3\cache\frames\real\Pair1_vript_vript_-6iIC9iblj0-Scene-026.mp4,0,0,3.6562269,-3.6562269,1
F:\MEngDatasets\GenVidBench\GenVidBench\Pair1\vript\vript\-IBSPylJNR4-Scene-019.mp4,Pair1\vript\vript\-IBSPylJNR4-Scene-019.mp4,0,real,Pair1,vript,GenVidBench,False,D:\HaitongNi\MEngProject_SecondBench\02_D3\cache\frames\real\Pair1_vript_vript_-IBSPylJNR4-Scene-019.mp4,0,0,13.349917,-13.349917,0
F:\MEngDatasets\GenVidBench\GenVidBench\Pair2\hd_vg_130m\hd_vg_130m\12625___GAKUeQsM_Vg.3_0.mp4,Pair2\hd_vg_130m\hd_vg_130m\12625___GAKUeQsM_Vg.3_0.mp4,0,real,Pair2,hd_vg_130m,GenVidBench,False,D:\HaitongNi\MEngProject_SecondBench\02_D3\cache\frames\real\Pair2_hd_vg_130m_hd_vg_130m_12625__GAKUeQsM_Vg.3_0.mp4,0,0,4.6353974,-4.6353974,0
F:\MEngDatasets\GenVidBench\GenVidBench\Pair2\hd_vg_130m\hd_vg_130m\07413___BHNfCZFJ8hg.13_0.mp4,Pair2\hd_vg_130m\hd_vg_130m\07413___BHNfCZFJ8hg.13_0.mp4,0,real,Pair2,hd_vg_130m,GenVidBench,False,D:\HaitongNi\MEngProject_SecondBench\02_D3\cache\frames\real\Pair2_hd_vg_130m_hd_vg_130m_07413__BHNfCZFJ8hg.13_0.mp4,0,0,2.9489524,-2.9489524,1
F:\MEngDatasets\GenVidBench\GenVidBench\Pair1\vript\vript\-8upat2I7as-Scene-003.mp4,Pair1\vript\vript\-8upat2I7as-Scene-003.mp4,0,real,Pair1,vript,GenVidBench,False,D:\HaitongNi\MEngProject_SecondBench\02_D3\cache\frames\real\Pair1_vript_vript_-8upat2I7as-Scene-003.mp4,0,0,4.686769,-4.686769,0
F:\MEngDatasets\GenVidBench\GenVidBench\Pair2\hd_vg_130m\hd_vg_130m\00171___-ozYm2_O1mQ.1_0.mp4,Pair2\hd_vg_130m\hd_vg_130m\00171___-ozYm2_O1mQ.1_0.mp4,0,real,Pair2,hd_vg_130m,GenVidBench,False,D:\HaitongNi\MEngProject_SecondBench\02_D3\cache\frames\real\Pair2_hd_vg_130m_hd_vg_130m_00171__-ozYm2_O1mQ.1_0.mp4,0,0,11.520687,-11.520687,0
F:\MEngDatasets\GenVidBench\GenVidBench\Pair2\hd_vg_130m\hd_vg_130m\02854___1xmHHboQDfg.19_2.mp4,Pair2\hd_vg_130m\hd_vg_130m\02854___1xmHHboQDfg.19_2.mp4,0,real,Pair2,hd_vg_130m,GenVidBench,False,D:\HaitongNi\MEngProject_SecondBench\02_D3\cache\frames\real\Pair2_hd_vg_130m_hd_vg_130m_02854__1xmHHboQDfg.19_2.mp4,0,0,3.9914644,-3.9914644,1
F:\MEngDatasets\GenVidBench\GenVidBench\Pair1\vript\vript\-L7T3aHyVBY-Scene-028.mp4,Pair1\vript\vript\-L7T3aHyVBY-Scene-028.mp4,0,real,Pair1,vript,GenVidBench,False,D:\HaitongNi\MEngProject_SecondBench\02_D3\cache\frames\real\Pair1_vript_vript_-L7T3aHyVBY-Scene-028.mp4,0,0,2.7110543,-2.7110543,1
F:\MEngDatasets\GenVidBench\GenVidBench\Pair2\hd_vg_130m\hd_vg_130m\02272___1CYJHlEMFD4.1_0.mp4,Pair2\hd_vg_130m\hd_vg_130m\02272___1CYJHlEMFD4.1_0.mp4,0,real,Pair2,hd_vg_130m,GenVidBench,False,D:\HaitongNi\MEngProject_SecondBench\02_D3\cache\frames\real\Pair2_hd_vg_130m_hd_vg_130m_02272__1CYJHlEMFD4.1_0.mp4,0,0,2.8277297,-2.8277297,1
F:\MEngDatasets\GenVidBench\GenVidBench\Pair2\hd_vg_130m\hd_vg_130m\13727___GnIaOWhMfG8.0_0.mp4,Pair2\hd_vg_130m\hd_vg_130m\13727___GnIaOWhMfG8.0_0.mp4,0,real,Pair2,hd_vg_130m,GenVidBench,False,D:\HaitongNi\MEngProject_SecondBench\02_D3\cache\frames\real\Pair2_hd_vg_130m_hd_vg_130m_13727__GnIaOWhMfG8.0_0.mp4,0,0,5.9573984,-5.9573984,0
F:\MEngDatasets\GenVidBench\GenVidBench\Pair1\vript\vript\0FSHBq27aWg-Scene-001.mp4,Pair1\vript\vript\0FSHBq27aWg-Scene-001.mp4,0,real,Pair1,vript,GenVidBench,False,D:\HaitongNi\MEngProject_SecondBench\02_D3\cache\frames\real\Pair1_vript_vript_0FSHBq27aWg-Scene-001.mp4,0,0,5.836086,-5.836086,0
F:\MEngDatasets\GenVidBench\GenVidBench\Pair2\hd_vg_130m\hd_vg_130m\00500___4tHUGF2EEpI.26_0.mp4,Pair2\hd_vg_130m\hd_vg_130m\00500___4tHUGF2EEpI.26_0.mp4,0,real,Pair2,hd_vg_130m,GenVidBench,False,D:\HaitongNi\MEngProject_SecondBench\02_D3\cache\frames\real\Pair2_hd_vg_130m_hd_vg_130m_00500__4tHUGF2EEpI.26_0.mp4,0,0,2.025963,-2.025963,1
F:\MEngDatasets\GenVidBench\GenVidBench\Pair1\vript\vript\-fcVoEd8_y4-Scene-015.mp4,Pair1\vript\vript\-fcVoEd8_y4-Scene-015.mp4,0,real,Pair1,vript,GenVidBench,False,D:\HaitongNi\MEngProject_SecondBench\02_D3\cache\frames\real\Pair1_vript_vript_-fcVoEd8_y4-Scene-015.mp4,0,0,3.5309243,-3.5309243,1
F:\MEngDatasets\GenVidBench\GenVidBench\Pair2\hd_vg_130m\hd_vg_130m\00391___48JTh6ZStfI.18_0.mp4,Pair2\hd_vg_130m\hd_vg_130m\00391___48JTh6ZStfI.18_0.mp4,0,real,Pair2,hd_vg_130m,GenVidBench,False,D:\HaitongNi\MEngProject_SecondBench\02_D3\cache\frames\real\Pair2_hd_vg_130m_hd_vg_130m_00391__48JTh6ZStfI.18_0.mp4,0,0,6.36336,-6.36336,0
F:\MEngDatasets\GenVidBench\GenVidBench\Pair1\vript\vript\-RY8EuEgedY-Scene-024.mp4,Pair1\vript\vript\-RY8EuEgedY-Scene-024.mp4,0,real,Pair1,vript,GenVidBench,False,D:\HaitongNi\MEngProject_SecondBench\02_D3\cache\frames\real\Pair1_vript_vript_-RY8EuEgedY-Scene-024.mp4,0,0,2.9155543,-2.9155543,1
F:\MEngDatasets\GenVidBench\GenVidBench\Pair2\hd_vg_130m\hd_vg_130m\00548___3fioM7OJbHM.6_2.mp4,Pair2\hd_vg_130m\hd_vg_130m\00548___3fioM7OJbHM.6_2.mp4,0,real,Pair2,hd_vg_130m,GenVidBench,False,D:\HaitongNi\MEngProject_SecondBench\02_D3\cache\frames\real\Pair2_hd_vg_130m_hd_vg_130m_00548__3fioM7OJbHM.6_2.mp4,0,0,7.7669683,-7.7669683,0
F:\MEngDatasets\GenVidBench\GenVidBench\Pair1\vript\vript\-wBRFI1bqXE-Scene-062.mp4,Pair1\vript\vript\-wBRFI1bqXE-Scene-062.mp4,0,real,Pair1,vript,GenVidBench,False,D:\HaitongNi\MEngProject_SecondBench\02_D3\cache\frames\real\Pair1_vript_vript_-wBRFI1bqXE-Scene-062.mp4,0,0,5.9596705,-5.9596705,0
F:\MEngDatasets\GenVidBench\GenVidBench\Pair1\vript\vript\-SilAqrDTw8-Scene-062.mp4,Pair1\vript\vript\-SilAqrDTw8-Scene-062.mp4,0,real,Pair1,vript,GenVidBench,False,D:\HaitongNi\MEngProject_SecondBench\02_D3\cache\frames\real\Pair1_vript_vript_-SilAqrDTw8-Scene-062.mp4,0,0,2.5572655,-2.5572655,1
F:\MEngDatasets\GenVidBench\GenVidBench\Pair2\hd_vg_130m\hd_vg_130m\11424___EZr_THYPtXU.1_1.mp4,Pair2\hd_vg_130m\hd_vg_130m\11424___EZr_THYPtXU.1_1.mp4,0,real,Pair2,hd_vg_130m,GenVidBench,False,D:\HaitongNi\MEngProject_SecondBench\02_D3\cache\frames\real\Pair2_hd_vg_130m_hd_vg_130m_11424__EZr_THYPtXU.1_1.mp4,0,0,10.140172,-10.140172,0
F:\MEngDatasets\GenVidBench\GenVidBench\Pair1\vript\vript\-c88ZCPF10M-Scene-232.mp4,Pair1\vript\vript\-c88ZCPF10M-Scene-232.mp4,0,real,Pair1,vript,GenVidBench,False,D:\HaitongNi\MEngProject_SecondBench\02_D3\cache\frames\real\Pair1_vript_vript_-c88ZCPF10M-Scene-232.mp4,0,0,2.5662923,-2.5662923,1
F:\MEngDatasets\GenVidBench\GenVidBench\Pair1\vript\vript\-TPF9fnqZXk-Scene-037.mp4,Pair1\vript\vript\-TPF9fnqZXk-Scene-037.mp4,0,real,Pair1,vript,GenVidBench,False,D:\HaitongNi\MEngProject_SecondBench\02_D3\cache\frames\real\Pair1_vript_vript_-TPF9fnqZXk-Scene-037.mp4,0,0,5.3069105,-5.3069105,0
F:\MEngDatasets\GenVidBench\GenVidBench\Pair1\vript\vript\-8DcaBhYbHI-Scene-077.mp4,Pair1\vript\vript\-8DcaBhYbHI-Scene-077.mp4,0,real,Pair1,vript,GenVidBench,False,D:\HaitongNi\MEngProject_SecondBench\02_D3\cache\frames\real\Pair1_vript_vript_-8DcaBhYbHI-Scene-077.mp4,0,0,3.4231858,-3.4231858,1
F:\MEngDatasets\GenVidBench\GenVidBench\Pair1\vript\vript\-9IXrnrORYU-Scene-039.mp4,Pair1\vript\vript\-9IXrnrORYU-Scene-039.mp4,0,real,Pair1,vript,GenVidBench,False,D:\HaitongNi\MEngProject_SecondBench\02_D3\cache\frames\real\Pair1_vript_vript_-9IXrnrORYU-Scene-039.mp4,0,0,6.7723737,-6.7723737,0
F:\MEngDatasets\GenVidBench\GenVidBench\Pair2\hd_vg_130m\hd_vg_130m\03205___-oOTYyny5VI.21_1.mp4,Pair2\hd_vg_130m\hd_vg_130m\03205___-oOTYyny5VI.21_1.mp4,0,real,Pair2,hd_vg_130m,GenVidBench,False,D:\HaitongNi\MEngProject_SecondBench\02_D3\cache\frames\real\Pair2_hd_vg_130m_hd_vg_130m_03205__-oOTYyny5VI.21_1.mp4,0,0,6.934006,-6.934006,0
F:\MEngDatasets\GenVidBench\GenVidBench\Pair1\vript\vript\-1RsCsSKt7A-Scene-067.mp4,Pair1\vript\vript\-1RsCsSKt7A-Scene-067.mp4,0,real,Pair1,vript,GenVidBench,False,D:\HaitongNi\MEngProject_SecondBench\02_D3\cache\frames\real\Pair1_vript_vript_-1RsCsSKt7A-Scene-067.mp4,0,0,4.5447526,-4.5447526,0
F:\MEngDatasets\GenVidBench\GenVidBench\Pair2\hd_vg_130m\hd_vg_130m\11426___Hc6FBa0EWp8.4_0.mp4,Pair2\hd_vg_130m\hd_vg_130m\11426___Hc6FBa0EWp8.4_0.mp4,0,real,Pair2,hd_vg_130m,GenVidBench,False,D:\HaitongNi\MEngProject_SecondBench\02_D3\cache\frames\real\Pair2_hd_vg_130m_hd_vg_130m_11426__Hc6FBa0EWp8.4_0.mp4,0,0,8.210886,-8.210886,0
F:\MEngDatasets\GenVidBench\GenVidBench\Pair2\hd_vg_130m\hd_vg_130m\08801___5afrtpsmz5M.16_1.mp4,Pair2\hd_vg_130m\hd_vg_130m\08801___5afrtpsmz5M.16_1.mp4,0,real,Pair2,hd_vg_130m,GenVidBench,False,D:\HaitongNi\MEngProject_SecondBench\02_D3\cache\frames\real\Pair2_hd_vg_130m_hd_vg_130m_08801__5afrtpsmz5M.16_1.mp4,0,0,6.5941267,-6.5941267,0
F:\MEngDatasets\GenVidBench\GenVidBench\Pair2\hd_vg_130m\hd_vg_130m\13739___DfCaemLAfVE.18_1.mp4,Pair2\hd_vg_130m\hd_vg_130m\13739___DfCaemLAfVE.18_1.mp4,0,real,Pair2,hd_vg_130m,GenVidBench,False,D:\HaitongNi\MEngProject_SecondBench\02_D3\cache\frames\real\Pair2_hd_vg_130m_hd_vg_130m_13739__DfCaemLAfVE.18_1.mp4,0,0,5.123936,-5.123936,0
F:\MEngDatasets\GenVidBench\GenVidBench\Pair1\vript\vript\-C1-SRVKuBg-Scene-005.mp4,Pair1\vript\vript\-C1-SRVKuBg-Scene-005.mp4,0,real,Pair1,vript,GenVidBench,False,D:\HaitongNi\MEngProject_SecondBench\02_D3\cache\frames\real\Pair1_vript_vript_-C1-SRVKuBg-Scene-005.mp4,0,0,10.268864,-10.268864,0
F:\MEngDatasets\GenVidBench\GenVidBench\Pair1\vript\vript\-tD02vztV6g-Scene-061.mp4,Pair1\vript\vript\-tD02vztV6g-Scene-061.mp4,0,real,Pair1,vript,GenVidBench,False,D:\HaitongNi\MEngProject_SecondBench\02_D3\cache\frames\real\Pair1_vript_vript_-tD02vztV6g-Scene-061.mp4,0,0,4.327664,-4.327664,0
F:\MEngDatasets\GenVidBench\GenVidBench\Pair1\vript\vript\-T8OEzoW-Aw-Scene-128.mp4,Pair1\vript\vript\-T8OEzoW-Aw-Scene-128.mp4,0,real,Pair1,vript,GenVidBench,False,D:\HaitongNi\MEngProject_SecondBench\02_D3\cache\frames\real\Pair1_vript_vript_-T8OEzoW-Aw-Scene-128.mp4,0,0,9.490157,-9.490157,0
F:\MEngDatasets\GenVidBench\GenVidBench\Pair2\hd_vg_130m\hd_vg_130m\07235___A6wZq_PeD4Y.11_0.mp4,Pair2\hd_vg_130m\hd_vg_130m\07235___A6wZq_PeD4Y.11_0.mp4,0,real,Pair2,hd_vg_130m,GenVidBench,False,D:\HaitongNi\MEngProject_SecondBench\02_D3\cache\frames\real\Pair2_hd_vg_130m_hd_vg_130m_07235__A6wZq_PeD4Y.11_0.mp4,0,0,1.0700059,-1.0700059,1
F:\MEngDatasets\GenVidBench\GenVidBench\Pair2\hd_vg_130m\hd_vg_130m\08731___6owe8huyFS0.0_0.mp4,Pair2\hd_vg_130m\hd_vg_130m\08731___6owe8huyFS0.0_0.mp4,0,real,Pair2,hd_vg_130m,GenVidBench,False,D:\HaitongNi\MEngProject_SecondBench\02_D3\cache\frames\real\Pair2_hd_vg_130m_hd_vg_130m_08731__6owe8huyFS0.0_0.mp4,0,0,5.7312584,-5.7312584,0
F:\MEngDatasets\GenVidBench\GenVidBench\Pair2\hd_vg_130m\hd_vg_130m\03835___0UsIv4bnX5M.6_0.mp4,Pair2\hd_vg_130m\hd_vg_130m\03835___0UsIv4bnX5M.6_0.mp4,0,real,Pair2,hd_vg_130m,GenVidBench,False,D:\HaitongNi\MEngProject_SecondBench\02_D3\cache\frames\real\Pair2_hd_vg_130m_hd_vg_130m_03835__0UsIv4bnX5M.6_0.mp4,0,0,3.5881913,-3.5881913,1
F:\MEngDatasets\GenVidBench\GenVidBench\Pair1\vript\vript\-Hpg214Kk_U-Scene-012.mp4,Pair1\vript\vript\-Hpg214Kk_U-Scene-012.mp4,0,real,Pair1,vript,GenVidBench,False,D:\HaitongNi\MEngProject_SecondBench\02_D3\cache\frames\real\Pair1_vript_vript_-Hpg214Kk_U-Scene-012.mp4,0,0,7.366257,-7.366257,0
F:\MEngDatasets\GenVidBench\GenVidBench\Pair1\vript\vript\-8vE8JrxABo-Scene-035.mp4,Pair1\vript\vript\-8vE8JrxABo-Scene-035.mp4,0,real,Pair1,vript,GenVidBench,False,D:\HaitongNi\MEngProject_SecondBench\02_D3\cache\frames\real\Pair1_vript_vript_-8vE8JrxABo-Scene-035.mp4,0,0,1.648941,-1.648941,1
F:\MEngDatasets\GenVidBench\GenVidBench\Pair2\hd_vg_130m\hd_vg_130m\06502___8_PcURNK_ss.19_0.mp4,Pair2\hd_vg_130m\hd_vg_130m\06502___8_PcURNK_ss.19_0.mp4,0,real,Pair2,hd_vg_130m,GenVidBench,False,D:\HaitongNi\MEngProject_SecondBench\02_D3\cache\frames\real\Pair2_hd_vg_130m_hd_vg_130m_06502__8_PcURNK_ss.19_0.mp4,0,0,2.7289596,-2.7289596,1
F:\MEngDatasets\GenVidBench\GenVidBench\Pair2\hd_vg_130m\hd_vg_130m\03114___1Oupzn1YvAE.14_0.mp4,Pair2\hd_vg_130m\hd_vg_130m\03114___1Oupzn1YvAE.14_0.mp4,0,real,Pair2,hd_vg_130m,GenVidBench,False,D:\HaitongNi\MEngProject_SecondBench\02_D3\cache\frames\real\Pair2_hd_vg_130m_hd_vg_130m_03114__1Oupzn1YvAE.14_0.mp4,0,0,8.078567,-8.078567,0
F:\MEngDatasets\GenVidBench\GenVidBench\Pair1\vript\vript\-P2rqYVqLhM-Scene-037.mp4,Pair1\vript\vript\-P2rqYVqLhM-Scene-037.mp4,0,real,Pair1,vript,GenVidBench,False,D:\HaitongNi\MEngProject_SecondBench\02_D3\cache\frames\real\Pair1_vript_vript_-P2rqYVqLhM-Scene-037.mp4,0,0,5.009174,-5.009174,0
F:\MEngDatasets\GenVidBench\GenVidBench\Pair2\hd_vg_130m\hd_vg_130m\10898___EVfpBLsXM9g.4_0.mp4,Pair2\hd_vg_130m\hd_vg_130m\10898___EVfpBLsXM9g.4_0.mp4,0,real,Pair2,hd_vg_130m,GenVidBench,False,D:\HaitongNi\MEngProject_SecondBench\02_D3\cache\frames\real\Pair2_hd_vg_130m_hd_vg_130m_10898__EVfpBLsXM9g.4_0.mp4,0,0,3.2950523,-3.2950523,1
F:\MEngDatasets\GenVidBench\GenVidBench\Pair1\vript\vript\-NRpuiOcclo-Scene-035.mp4,Pair1\vript\vript\-NRpuiOcclo-Scene-035.mp4,0,real,Pair1,vript,GenVidBench,False,D:\HaitongNi\MEngProject_SecondBench\02_D3\cache\frames\real\Pair1_vript_vript_-NRpuiOcclo-Scene-035.mp4,0,0,1.6671672,-1.6671672,1
F:\MEngDatasets\GenVidBench\GenVidBench\Pair2\hd_vg_130m\hd_vg_130m\04974___AZD64PPFkn0.25_1.mp4,Pair2\hd_vg_130m\hd_vg_130m\04974___AZD64PPFkn0.25_1.mp4,0,real,Pair2,hd_vg_130m,GenVidBench,False,D:\HaitongNi\MEngProject_SecondBench\02_D3\cache\frames\real\Pair2_hd_vg_130m_hd_vg_130m_04974__AZD64PPFkn0.25_1.mp4,0,0,7.133912,-7.133912,0
F:\MEngDatasets\GenVidBench\GenVidBench\Pair1\vript\vript\04pOrJ3GnOM-Scene-022.mp4,Pair1\vript\vript\04pOrJ3GnOM-Scene-022.mp4,0,real,Pair1,vript,GenVidBench,False,D:\HaitongNi\MEngProject_SecondBench\02_D3\cache\frames\real\Pair1_vript_vript_04pOrJ3GnOM-Scene-022.mp4,0,0,5.4123497,-5.4123497,0
F:\MEngDatasets\GenVidBench\GenVidBench\Pair2\hd_vg_130m\hd_vg_130m\03457___4NGA1cLWqzQ.10_4.mp4,Pair2\hd_vg_130m\hd_vg_130m\03457___4NGA1cLWqzQ.10_4.mp4,0,real,Pair2,hd_vg_130m,GenVidBench,False,D:\HaitongNi\MEngProject_SecondBench\02_D3\cache\frames\real\Pair2_hd_vg_130m_hd_vg_130m_03457__4NGA1cLWqzQ.10_4.mp4,0,0,8.321946,-8.321946,0
F:\MEngDatasets\GenVidBench\GenVidBench\Pair2\hd_vg_130m\hd_vg_130m\07076___6HJCB2sU69w.17_3.mp4,Pair2\hd_vg_130m\hd_vg_130m\07076___6HJCB2sU69w.17_3.mp4,0,real,Pair2,hd_vg_130m,GenVidBench,False,D:\HaitongNi\MEngProject_SecondBench\02_D3\cache\frames\real\Pair2_hd_vg_130m_hd_vg_130m_07076__6HJCB2sU69w.17_3.mp4,0,0,8.415361,-8.415361,0
F:\MEngDatasets\GenVidBench\GenVidBench\Pair2\hd_vg_130m\hd_vg_130m\08531___Bf-DNUSv2NM.5_1.mp4,Pair2\hd_vg_130m\hd_vg_130m\08531___Bf-DNUSv2NM.5_1.mp4,0,real,Pair2,hd_vg_130m,GenVidBench,False,D:\HaitongNi\MEngProject_SecondBench\02_D3\cache\frames\real\Pair2_hd_vg_130m_hd_vg_130m_08531__Bf-DNUSv2NM.5_1.mp4,0,0,8.900827,-8.900827,0
F:\MEngDatasets\GenVidBench\GenVidBench\Pair1\vript\vript\-Tznlx878UU-Scene-288.mp4,Pair1\vript\vript\-Tznlx878UU-Scene-288.mp4,0,real,Pair1,vript,GenVidBench,False,D:\HaitongNi\MEngProject_SecondBench\02_D3\cache\frames\real\Pair1_vript_vript_-Tznlx878UU-Scene-288.mp4,0,0,2.2697263,-2.2697263,1
F:\MEngDatasets\GenVidBench\GenVidBench\Pair2\hd_vg_130m\hd_vg_130m\00065___2PCwnCC5Sw0.1_3.mp4,Pair2\hd_vg_130m\hd_vg_130m\00065___2PCwnCC5Sw0.1_3.mp4,0,real,Pair2,hd_vg_130m,GenVidBench,False,D:\HaitongNi\MEngProject_SecondBench\02_D3\cache\frames\real\Pair2_hd_vg_130m_hd_vg_130m_00065__2PCwnCC5Sw0.1_3.mp4,0,0,14.343986,-14.343986,0
F:\MEngDatasets\GenVidBench\GenVidBench\Pair1\vript\vript\-gwzJWXvJuo-Scene-010.mp4,Pair1\vript\vript\-gwzJWXvJuo-Scene-010.mp4,0,real,Pair1,vript,GenVidBench,False,D:\HaitongNi\MEngProject_SecondBench\02_D3\cache\frames\real\Pair1_vript_vript_-gwzJWXvJuo-Scene-010.mp4,0,0,7.1564064,-7.1564064,0
F:\MEngDatasets\GenVidBench\GenVidBench\Pair1\vript\vript\-9LBAHo_5Zc-Scene-020.mp4,Pair1\vript\vript\-9LBAHo_5Zc-Scene-020.mp4,0,real,Pair1,vript,GenVidBench,False,D:\HaitongNi\MEngProject_SecondBench\02_D3\cache\frames\real\Pair1_vript_vript_-9LBAHo_5Zc-Scene-020.mp4,0,0,3.6281674,-3.6281674,1
F:\MEngDatasets\GenVidBench\GenVidBench\Pair2\hd_vg_130m\hd_vg_130m\07171___7h31FF5lbWw.1_1.mp4,Pair2\hd_vg_130m\hd_vg_130m\07171___7h31FF5lbWw.1_1.mp4,0,real,Pair2,hd_vg_130m,GenVidBench,False,D:\HaitongNi\MEngProject_SecondBench\02_D3\cache\frames\real\Pair2_hd_vg_130m_hd_vg_130m_07171__7h31FF5lbWw.1_1.mp4,0,0,3.755614,-3.755614,1
F:\MEngDatasets\GenVidBench\GenVidBench\Pair1\vript\vript\-BDQmaMlb2g-Scene-014.mp4,Pair1\vript\vript\-BDQmaMlb2g-Scene-014.mp4,0,real,Pair1,vript,GenVidBench,False,D:\HaitongNi\MEngProject_SecondBench\02_D3\cache\frames\real\Pair1_vript_vript_-BDQmaMlb2g-Scene-014.mp4,0,0,7.4674983,-7.4674983,0
F:\MEngDatasets\GenVidBench\GenVidBench\Pair2\hd_vg_130m\hd_vg_130m\00184___2-UK61Str2w.14_0.mp4,Pair2\hd_vg_130m\hd_vg_130m\00184___2-UK61Str2w.14_0.mp4,0,real,Pair2,hd_vg_130m,GenVidBench,False,D:\HaitongNi\MEngProject_SecondBench\02_D3\cache\frames\real\Pair2_hd_vg_130m_hd_vg_130m_00184__2-UK61Str2w.14_0.mp4,0,0,6.2422986,-6.2422986,0
F:\MEngDatasets\GenVidBench\GenVidBench\Pair1\vript\vript\-bvYuskY0ZQ-Scene-014.mp4,Pair1\vript\vript\-bvYuskY0ZQ-Scene-014.mp4,0,real,Pair1,vript,GenVidBench,False,D:\HaitongNi\MEngProject_SecondBench\02_D3\cache\frames\real\Pair1_vript_vript_-bvYuskY0ZQ-Scene-014.mp4,0,0,8.273122,-8.273122,0
F:\MEngDatasets\GenVidBench\GenVidBench\Pair1\vript\vript\-1o0lgzDaig-Scene-046.mp4,Pair1\vript\vript\-1o0lgzDaig-Scene-046.mp4,0,real,Pair1,vript,GenVidBench,False,D:\HaitongNi\MEngProject_SecondBench\02_D3\cache\frames\real\Pair1_vript_vript_-1o0lgzDaig-Scene-046.mp4,0,0,7.136784,-7.136784,0
F:\MEngDatasets\GenVidBench\GenVidBench\Pair1\vript\vript\007EvOaWFOA-Scene-005.mp4,Pair1\vript\vript\007EvOaWFOA-Scene-005.mp4,0,real,Pair1,vript,GenVidBench,False,D:\HaitongNi\MEngProject_SecondBench\02_D3\cache\frames\real\Pair1_vript_vript_007EvOaWFOA-Scene-005.mp4,0,0,4.614415,-4.614415,0
F:\MEngDatasets\GenVidBench\GenVidBench\Pair1\vript\vript\-3UrpyzrrB8-Scene-019.mp4,Pair1\vript\vript\-3UrpyzrrB8-Scene-019.mp4,0,real,Pair1,vript,GenVidBench,False,D:\HaitongNi\MEngProject_SecondBench\02_D3\cache\frames\real\Pair1_vript_vript_-3UrpyzrrB8-Scene-019.mp4,0,0,1.7785217,-1.7785217,1
F:\MEngDatasets\GenVidBench\GenVidBench\Pair2\hd_vg_130m\hd_vg_130m\13026___CYYAIeG_DiY.0_1.mp4,Pair2\hd_vg_130m\hd_vg_130m\13026___CYYAIeG_DiY.0_1.mp4,0,real,Pair2,hd_vg_130m,GenVidBench,False,D:\HaitongNi\MEngProject_SecondBench\02_D3\cache\frames\real\Pair2_hd_vg_130m_hd_vg_130m_13026__CYYAIeG_DiY.0_1.mp4,0,0,5.0039167,-5.0039167,0
F:\MEngDatasets\GenVidBench\GenVidBench\Pair2\hd_vg_130m\hd_vg_130m\11079___FU0gjrzvGbs.7_2.mp4,Pair2\hd_vg_130m\hd_vg_130m\11079___FU0gjrzvGbs.7_2.mp4,0,real,Pair2,hd_vg_130m,GenVidBench,False,D:\HaitongNi\MEngProject_SecondBench\02_D3\cache\frames\real\Pair2_hd_vg_130m_hd_vg_130m_11079__FU0gjrzvGbs.7_2.mp4,0,0,6.1030226,-6.1030226,0
F:\MEngDatasets\GenVidBench\GenVidBench\Pair2\hd_vg_130m\hd_vg_130m\10869___EOIkR5KZnWc.14_0.mp4,Pair2\hd_vg_130m\hd_vg_130m\10869___EOIkR5KZnWc.14_0.mp4,0,real,Pair2,hd_vg_130m,GenVidBench,False,D:\HaitongNi\MEngProject_SecondBench\02_D3\cache\frames\real\Pair2_hd_vg_130m_hd_vg_130m_10869__EOIkR5KZnWc.14_0.mp4,0,0,1.8920164,-1.8920164,1
F:\MEngDatasets\GenVidBench\GenVidBench\Pair1\vript\vript\073BMGVWan0-Scene-061.mp4,Pair1\vript\vript\073BMGVWan0-Scene-061.mp4,0,real,Pair1,vript,GenVidBench,False,D:\HaitongNi\MEngProject_SecondBench\02_D3\cache\frames\real\Pair1_vript_vript_073BMGVWan0-Scene-061.mp4,0,0,6.7661095,-6.7661095,0
F:\MEngDatasets\GenVidBench\GenVidBench\Pair2\hd_vg_130m\hd_vg_130m\11161___ExP65Wf15AY.5_0.mp4,Pair2\hd_vg_130m\hd_vg_130m\11161___ExP65Wf15AY.5_0.mp4,0,real,Pair2,hd_vg_130m,GenVidBench,False,D:\HaitongNi\MEngProject_SecondBench\02_D3\cache\frames\real\Pair2_hd_vg_130m_hd_vg_130m_11161__ExP65Wf15AY.5_0.mp4,0,0,11.829333,-11.829333,0
F:\MEngDatasets\GenVidBench\GenVidBench\Pair1\vript\vript\-c88ZCPF10M-Scene-023.mp4,Pair1\vript\vript\-c88ZCPF10M-Scene-023.mp4,0,real,Pair1,vript,GenVidBench,False,D:\HaitongNi\MEngProject_SecondBench\02_D3\cache\frames\real\Pair1_vript_vript_-c88ZCPF10M-Scene-023.mp4,0,0,2.4471579,-2.4471579,1
F:\MEngDatasets\GenVidBench\GenVidBench\Pair1\vript\vript\-Tznlx878UU-Scene-388.mp4,Pair1\vript\vript\-Tznlx878UU-Scene-388.mp4,0,real,Pair1,vript,GenVidBench,False,D:\HaitongNi\MEngProject_SecondBench\02_D3\cache\frames\real\Pair1_vript_vript_-Tznlx878UU-Scene-388.mp4,0,0,4.1442547,-4.1442547,1
F:\MEngDatasets\GenVidBench\GenVidBench\Pair1\vript\vript\047cdginMOo-Scene-010.mp4,Pair1\vript\vript\047cdginMOo-Scene-010.mp4,0,real,Pair1,vript,GenVidBench,False,D:\HaitongNi\MEngProject_SecondBench\02_D3\cache\frames\real\Pair1_vript_vript_047cdginMOo-Scene-010.mp4,0,0,1.0599413,-1.0599413,1
F:\MEngDatasets\GenVidBench\GenVidBench\Pair2\hd_vg_130m\hd_vg_130m\03162___1ADYm5M9bUA.4_4.mp4,Pair2\hd_vg_130m\hd_vg_130m\03162___1ADYm5M9bUA.4_4.mp4,0,real,Pair2,hd_vg_130m,GenVidBench,False,D:\HaitongNi\MEngProject_SecondBench\02_D3\cache\frames\real\Pair2_hd_vg_130m_hd_vg_130m_03162__1ADYm5M9bUA.4_4.mp4,0,0,12.69397,-12.69397,0
F:\MEngDatasets\GenVidBench\GenVidBench\Pair1\vript\vript\-gPTO0COLL4-Scene-030.mp4,Pair1\vript\vript\-gPTO0COLL4-Scene-030.mp4,0,real,Pair1,vript,GenVidBench,False,D:\HaitongNi\MEngProject_SecondBench\02_D3\cache\frames\real\Pair1_vript_vript_-gPTO0COLL4-Scene-030.mp4,0,0,3.8226376,-3.8226376,1
F:\MEngDatasets\GenVidBench\GenVidBench\Pair2\hd_vg_130m\hd_vg_130m\04197___4M9BITr1zhg.0_1.mp4,Pair2\hd_vg_130m\hd_vg_130m\04197___4M9BITr1zhg.0_1.mp4,0,real,Pair2,hd_vg_130m,GenVidBench,False,D:\HaitongNi\MEngProject_SecondBench\02_D3\cache\frames\real\Pair2_hd_vg_130m_hd_vg_130m_04197__4M9BITr1zhg.0_1.mp4,0,0,12.232869,-12.232869,0
F:\MEngDatasets\GenVidBench\GenVidBench\Pair2\hd_vg_130m\hd_vg_130m\00646___3UkkuZ_tl-M.1_3.mp4,Pair2\hd_vg_130m\hd_vg_130m\00646___3UkkuZ_tl-M.1_3.mp4,0,real,Pair2,hd_vg_130m,GenVidBench,False,D:\HaitongNi\MEngProject_SecondBench\02_D3\cache\frames\real\Pair2_hd_vg_130m_hd_vg_130m_00646__3UkkuZ_tl-M.1_3.mp4,0,0,9.365414,-9.365414,0
F:\MEngDatasets\GenVidBench\GenVidBench\Pair2\hd_vg_130m\hd_vg_130m\08927___9TeGPKAhJNc.3_0.mp4,Pair2\hd_vg_130m\hd_vg_130m\08927___9TeGPKAhJNc.3_0.mp4,0,real,Pair2,hd_vg_130m,GenVidBench,False,D:\HaitongNi\MEngProject_SecondBench\02_D3\cache\frames\real\Pair2_hd_vg_130m_hd_vg_130m_08927__9TeGPKAhJNc.3_0.mp4,0,0,4.3448796,-4.3448796,0
F:\MEngDatasets\GenVidBench\GenVidBench\Pair2\hd_vg_130m\hd_vg_130m\13793___ClZUa-Eo4CI.0_6.mp4,Pair2\hd_vg_130m\hd_vg_130m\13793___ClZUa-Eo4CI.0_6.mp4,0,real,Pair2,hd_vg_130m,GenVidBench,False,D:\HaitongNi\MEngProject_SecondBench\02_D3\cache\frames\real\Pair2_hd_vg_130m_hd_vg_130m_13793__ClZUa-Eo4CI.0_6.mp4,0,0,5.93148,-5.93148,0
F:\MEngDatasets\GenVidBench\GenVidBench\Pair1\vript\vript\-H22U5yUnqM-Scene-046.mp4,Pair1\vript\vript\-H22U5yUnqM-Scene-046.mp4,0,real,Pair1,vript,GenVidBench,False,D:\HaitongNi\MEngProject_SecondBench\02_D3\cache\frames\real\Pair1_vript_vript_-H22U5yUnqM-Scene-046.mp4,0,0,8.440044,-8.440044,0
F:\MEngDatasets\GenVidBench\GenVidBench\Pair2\hd_vg_130m\hd_vg_130m\06697___8l03LGSaOdQ.1_3.mp4,Pair2\hd_vg_130m\hd_vg_130m\06697___8l03LGSaOdQ.1_3.mp4,0,real,Pair2,hd_vg_130m,GenVidBench,False,D:\HaitongNi\MEngProject_SecondBench\02_D3\cache\frames\real\Pair2_hd_vg_130m_hd_vg_130m_06697__8l03LGSaOdQ.1_3.mp4,0,0,6.8988137,-6.8988137,0
F:\MEngDatasets\GenVidBench\GenVidBench\Pair2\hd_vg_130m\hd_vg_130m\02576___3BMFb2gc6Ac.4_0.mp4,Pair2\hd_vg_130m\hd_vg_130m\02576___3BMFb2gc6Ac.4_0.mp4,0,real,Pair2,hd_vg_130m,GenVidBench,False,D:\HaitongNi\MEngProject_SecondBench\02_D3\cache\frames\real\Pair2_hd_vg_130m_hd_vg_130m_02576__3BMFb2gc6Ac.4_0.mp4,0,0,4.5508413,-4.5508413,0
F:\MEngDatasets\GenVidBench\GenVidBench\Pair1\vript\vript\-kCIAWaqThs-Scene-036.mp4,Pair1\vript\vript\-kCIAWaqThs-Scene-036.mp4,0,real,Pair1,vript,GenVidBench,False,D:\HaitongNi\MEngProject_SecondBench\02_D3\cache\frames\real\Pair1_vript_vript_-kCIAWaqThs-Scene-036.mp4,0,0,4.0647893,-4.0647893,1
F:\MEngDatasets\GenVidBench\GenVidBench\Pair1\vript\vript\-J74zMyUAno-Scene-005.mp4,Pair1\vript\vript\-J74zMyUAno-Scene-005.mp4,0,real,Pair1,vript,GenVidBench,False,D:\HaitongNi\MEngProject_SecondBench\02_D3\cache\frames\real\Pair1_vript_vript_-J74zMyUAno-Scene-005.mp4,0,0,7.516734,-7.516734,0
F:\MEngDatasets\GenVidBench\GenVidBench\Pair2\hd_vg_130m\hd_vg_130m\13187___GqypISP-XEI.13_0.mp4,Pair2\hd_vg_130m\hd_vg_130m\13187___GqypISP-XEI.13_0.mp4,0,real,Pair2,hd_vg_130m,GenVidBench,False,D:\HaitongNi\MEngProject_SecondBench\02_D3\cache\frames\real\Pair2_hd_vg_130m_hd_vg_130m_13187__GqypISP-XEI.13_0.mp4,0,0,2.9447029,-2.9447029,1
F:\MEngDatasets\GenVidBench\GenVidBench\Pair2\hd_vg_130m\hd_vg_130m\06344___B9fvzDMC3oQ.6_5.mp4,Pair2\hd_vg_130m\hd_vg_130m\06344___B9fvzDMC3oQ.6_5.mp4,0,real,Pair2,hd_vg_130m,GenVidBench,False,D:\HaitongNi\MEngProject_SecondBench\02_D3\cache\frames\real\Pair2_hd_vg_130m_hd_vg_130m_06344__B9fvzDMC3oQ.6_5.mp4,0,0,5.2599816,-5.2599816,0
F:\MEngDatasets\GenVidBench\GenVidBench\Pair2\hd_vg_130m\hd_vg_130m\03982___3T_ONJvHlFo.12_0.mp4,Pair2\hd_vg_130m\hd_vg_130m\03982___3T_ONJvHlFo.12_0.mp4,0,real,Pair2,hd_vg_130m,GenVidBench,False,D:\HaitongNi\MEngProject_SecondBench\02_D3\cache\frames\real\Pair2_hd_vg_130m_hd_vg_130m_03982__3T_ONJvHlFo.12_0.mp4,0,0,0.6168083,-0.6168083,1
F:\MEngDatasets\GenVidBench\GenVidBench\Pair1\vript\vript\-9SP-lyKWNQ-Scene-015.mp4,Pair1\vript\vript\-9SP-lyKWNQ-Scene-015.mp4,0,real,Pair1,vript,GenVidBench,False,D:\HaitongNi\MEngProject_SecondBench\02_D3\cache\frames\real\Pair1_vript_vript_-9SP-lyKWNQ-Scene-015.mp4,0,0,5.065371,-5.065371,0
F:\MEngDatasets\GenVidBench\GenVidBench\Pair2\hd_vg_130m\hd_vg_130m\10149___BzApShlUaPI.1_4.mp4,Pair2\hd_vg_130m\hd_vg_130m\10149___BzApShlUaPI.1_4.mp4,0,real,Pair2,hd_vg_130m,GenVidBench,False,D:\HaitongNi\MEngProject_SecondBench\02_D3\cache\frames\real\Pair2_hd_vg_130m_hd_vg_130m_10149__BzApShlUaPI.1_4.mp4,0,0,7.337896,-7.337896,0
F:\MEngDatasets\GenVidBench\GenVidBench\Pair2\hd_vg_130m\hd_vg_130m\08980___BRNIBbiFFXQ.7_0.mp4,Pair2\hd_vg_130m\hd_vg_130m\08980___BRNIBbiFFXQ.7_0.mp4,0,real,Pair2,hd_vg_130m,GenVidBench,False,D:\HaitongNi\MEngProject_SecondBench\02_D3\cache\frames\real\Pair2_hd_vg_130m_hd_vg_130m_08980__BRNIBbiFFXQ.7_0.mp4,0,0,2.0086484,-2.0086484,1
F:\MEngDatasets\GenVidBench\GenVidBench\Pair2\hd_vg_130m\hd_vg_130m\10236___CpgJyaRq1GA.27_0.mp4,Pair2\hd_vg_130m\hd_vg_130m\10236___CpgJyaRq1GA.27_0.mp4,0,real,Pair2,hd_vg_130m,GenVidBench,False,D:\HaitongNi\MEngProject_SecondBench\02_D3\cache\frames\real\Pair2_hd_vg_130m_hd_vg_130m_10236__CpgJyaRq1GA.27_0.mp4,0,0,6.26682,-6.26682,0
F:\MEngDatasets\GenVidBench\GenVidBench\Pair2\hd_vg_130m\hd_vg_130m\09500___GqXnQ4yAyLI.5_1.mp4,Pair2\hd_vg_130m\hd_vg_130m\09500___GqXnQ4yAyLI.5_1.mp4,0,real,Pair2,hd_vg_130m,GenVidBench,False,D:\HaitongNi\MEngProject_SecondBench\02_D3\cache\frames\real\Pair2_hd_vg_130m_hd_vg_130m_09500__GqXnQ4yAyLI.5_1.mp4,0,0,9.38439,-9.38439,0
F:\MEngDatasets\GenVidBench\GenVidBench\Pair2\hd_vg_130m\hd_vg_130m\08796___9hYq1QuzB7c.21_0.mp4,Pair2\hd_vg_130m\hd_vg_130m\08796___9hYq1QuzB7c.21_0.mp4,0,real,Pair2,hd_vg_130m,GenVidBench,False,D:\HaitongNi\MEngProject_SecondBench\02_D3\cache\frames\real\Pair2_hd_vg_130m_hd_vg_130m_08796__9hYq1QuzB7c.21_0.mp4,0,0,4.967412,-4.967412,0
F:\MEngDatasets\GenVidBench\GenVidBench\Pair1\vript\vript\-KOiDt2AOBU-Scene-073.mp4,Pair1\vript\vript\-KOiDt2AOBU-Scene-073.mp4,0,real,Pair1,vript,GenVidBench,False,D:\HaitongNi\MEngProject_SecondBench\02_D3\cache\frames\real\Pair1_vript_vript_-KOiDt2AOBU-Scene-073.mp4,0,0,7.5033975,-7.5033975,0
F:\MEngDatasets\GenVidBench\GenVidBench\Pair1\vript\vript\-c88ZCPF10M-Scene-015.mp4,Pair1\vript\vript\-c88ZCPF10M-Scene-015.mp4,0,real,Pair1,vript,GenVidBench,False,D:\HaitongNi\MEngProject_SecondBench\02_D3\cache\frames\real\Pair1_vript_vript_-c88ZCPF10M-Scene-015.mp4,0,0,3.4245,-3.4245,1
F:\MEngDatasets\GenVidBench\GenVidBench\Pair2\hd_vg_130m\hd_vg_130m\11034___DGt6AUCBG0k.3_0.mp4,Pair2\hd_vg_130m\hd_vg_130m\11034___DGt6AUCBG0k.3_0.mp4,0,real,Pair2,hd_vg_130m,GenVidBench,False,D:\HaitongNi\MEngProject_SecondBench\02_D3\cache\frames\real\Pair2_hd_vg_130m_hd_vg_130m_11034__DGt6AUCBG0k.3_0.mp4,0,0,2.1608334,-2.1608334,1
F:\MEngDatasets\GenVidBench\GenVidBench\Pair2\hd_vg_130m\hd_vg_130m\03035___1zrpaSDJHgo.12_2.mp4,Pair2\hd_vg_130m\hd_vg_130m\03035___1zrpaSDJHgo.12_2.mp4,0,real,Pair2,hd_vg_130m,GenVidBench,False,D:\HaitongNi\MEngProject_SecondBench\02_D3\cache\frames\real\Pair2_hd_vg_130m_hd_vg_130m_03035__1zrpaSDJHgo.12_2.mp4,0,0,8.167064,-8.167064,0
F:\MEngDatasets\GenVidBench\GenVidBench\Pair1\vript\vript\--tLYgJgFS4-Scene-004.mp4,Pair1\vript\vript\--tLYgJgFS4-Scene-004.mp4,0,real,Pair1,vript,GenVidBench,False,D:\HaitongNi\MEngProject_SecondBench\02_D3\cache\frames\real\Pair1_vript_vript_--tLYgJgFS4-Scene-004.mp4,0,0,2.2277522,-2.2277522,1
F:\MEngDatasets\GenVidBench\GenVidBench\Pair1\vript\vript\-A8LKuncijo-Scene-086.mp4,Pair1\vript\vript\-A8LKuncijo-Scene-086.mp4,0,real,Pair1,vript,GenVidBench,False,D:\HaitongNi\MEngProject_SecondBench\02_D3\cache\frames\real\Pair1_vript_vript_-A8LKuncijo-Scene-086.mp4,0,0,5.9785957,-5.9785957,0
F:\MEngDatasets\GenVidBench\GenVidBench\Pair2\hd_vg_130m\hd_vg_130m\01269___44pzE00hdPA.2_0.mp4,Pair2\hd_vg_130m\hd_vg_130m\01269___44pzE00hdPA.2_0.mp4,0,real,Pair2,hd_vg_130m,GenVidBench,False,D:\HaitongNi\MEngProject_SecondBench\02_D3\cache\frames\real\Pair2_hd_vg_130m_hd_vg_130m_01269__44pzE00hdPA.2_0.mp4,0,0,7.668244,-7.668244,0
F:\MEngDatasets\GenVidBench\GenVidBench\Pair2\hd_vg_130m\hd_vg_130m\01025___2UVDYQfMC-E.1_1.mp4,Pair2\hd_vg_130m\hd_vg_130m\01025___2UVDYQfMC-E.1_1.mp4,0,real,Pair2,hd_vg_130m,GenVidBench,False,D:\HaitongNi\MEngProject_SecondBench\02_D3\cache\frames\real\Pair2_hd_vg_130m_hd_vg_130m_01025__2UVDYQfMC-E.1_1.mp4,0,0,3.6548426,-3.6548426,1
F:\MEngDatasets\GenVidBench\GenVidBench\Pair1\vript\vript\-BDQmaMlb2g-Scene-090.mp4,Pair1\vript\vript\-BDQmaMlb2g-Scene-090.mp4,0,real,Pair1,vript,GenVidBench,False,D:\HaitongNi\MEngProject_SecondBench\02_D3\cache\frames\real\Pair1_vript_vript_-BDQmaMlb2g-Scene-090.mp4,0,0,2.582022,-2.582022,1
F:\MEngDatasets\GenVidBench\GenVidBench\Pair1\vript\vript\-48qmeLbPcw-Scene-070.mp4,Pair1\vript\vript\-48qmeLbPcw-Scene-070.mp4,0,real,Pair1,vript,GenVidBench,False,D:\HaitongNi\MEngProject_SecondBench\02_D3\cache\frames\real\Pair1_vript_vript_-48qmeLbPcw-Scene-070.mp4,0,0,6.7712445,-6.7712445,0
F:\MEngDatasets\GenVidBench\GenVidBench\Pair2\hd_vg_130m\hd_vg_130m\10459___Bs0bXbOv6L8.0_0.mp4,Pair2\hd_vg_130m\hd_vg_130m\10459___Bs0bXbOv6L8.0_0.mp4,0,real,Pair2,hd_vg_130m,GenVidBench,False,D:\HaitongNi\MEngProject_SecondBench\02_D3\cache\frames\real\Pair2_hd_vg_130m_hd_vg_130m_10459__Bs0bXbOv6L8.0_0.mp4,0,0,5.370945,-5.370945,0
F:\MEngDatasets\GenVidBench\GenVidBench\Pair2\hd_vg_130m\hd_vg_130m\02937___2QgIQZprmiM.21_0.mp4,Pair2\hd_vg_130m\hd_vg_130m\02937___2QgIQZprmiM.21_0.mp4,0,real,Pair2,hd_vg_130m,GenVidBench,False,D:\HaitongNi\MEngProject_SecondBench\02_D3\cache\frames\real\Pair2_hd_vg_130m_hd_vg_130m_02937__2QgIQZprmiM.21_0.mp4,0,0,12.187275,-12.187275,0
F:\MEngDatasets\GenVidBench\GenVidBench\Pair2\hd_vg_130m\hd_vg_130m\01199___55nMpX7dCac.13_0.mp4,Pair2\hd_vg_130m\hd_vg_130m\01199___55nMpX7dCac.13_0.mp4,0,real,Pair2,hd_vg_130m,GenVidBench,False,D:\HaitongNi\MEngProject_SecondBench\02_D3\cache\frames\real\Pair2_hd_vg_130m_hd_vg_130m_01199__55nMpX7dCac.13_0.mp4,0,0,2.036422,-2.036422,1
F:\MEngDatasets\GenVidBench\GenVidBench\Pair2\hd_vg_130m\hd_vg_130m\01534___0uf1cWmJ5ig.15_1.mp4,Pair2\hd_vg_130m\hd_vg_130m\01534___0uf1cWmJ5ig.15_1.mp4,0,real,Pair2,hd_vg_130m,GenVidBench,False,D:\HaitongNi\MEngProject_SecondBench\02_D3\cache\frames\real\Pair2_hd_vg_130m_hd_vg_130m_01534__0uf1cWmJ5ig.15_1.mp4,0,0,13.619868,-13.619868,0
F:\MEngDatasets\GenVidBench\GenVidBench\Pair2\hd_vg_130m\hd_vg_130m\00009___1xYC9nHL3q0.100_0.mp4,Pair2\hd_vg_130m\hd_vg_130m\00009___1xYC9nHL3q0.100_0.mp4,0,real,Pair2,hd_vg_130m,GenVidBench,False,D:\HaitongNi\MEngProject_SecondBench\02_D3\cache\frames\real\Pair2_hd_vg_130m_hd_vg_130m_00009__1xYC9nHL3q0.100_0.mp4,0,0,6.713785,-6.713785,0
F:\MEngDatasets\GenVidBench\GenVidBench\Pair2\hd_vg_130m\hd_vg_130m\03574___4Bm0Xy6lFGc.17_0.mp4,Pair2\hd_vg_130m\hd_vg_130m\03574___4Bm0Xy6lFGc.17_0.mp4,0,real,Pair2,hd_vg_130m,GenVidBench,False,D:\HaitongNi\MEngProject_SecondBench\02_D3\cache\frames\real\Pair2_hd_vg_130m_hd_vg_130m_03574__4Bm0Xy6lFGc.17_0.mp4,0,0,4.6367593,-4.6367593,0
F:\MEngDatasets\GenVidBench\GenVidBench\Pair1\vript\vript\1LerlDIC2bY-Scene-025.mp4,Pair1\vript\vript\1LerlDIC2bY-Scene-025.mp4,0,real,Pair1,vript,GenVidBench,False,D:\HaitongNi\MEngProject_SecondBench\02_D3\cache\frames\real\Pair1_vript_vript_1LerlDIC2bY-Scene-025.mp4,0,0,2.5403,-2.5403,1
F:\MEngDatasets\GenVidBench\GenVidBench\Pair1\vript\vript\-NeUQWAPnMk-Scene-019.mp4,Pair1\vript\vript\-NeUQWAPnMk-Scene-019.mp4,0,real,Pair1,vript,GenVidBench,False,D:\HaitongNi\MEngProject_SecondBench\02_D3\cache\frames\real\Pair1_vript_vript_-NeUQWAPnMk-Scene-019.mp4,0,0,4.342524,-4.342524,0
F:\MEngDatasets\GenVidBench\GenVidBench\Pair2\hd_vg_130m\hd_vg_130m\10170___EaZI2NWAu5w.3_0.mp4,Pair2\hd_vg_130m\hd_vg_130m\10170___EaZI2NWAu5w.3_0.mp4,0,real,Pair2,hd_vg_130m,GenVidBench,False,D:\HaitongNi\MEngProject_SecondBench\02_D3\cache\frames\real\Pair2_hd_vg_130m_hd_vg_130m_10170__EaZI2NWAu5w.3_0.mp4,0,0,2.9888856,-2.9888856,1
F:\MEngDatasets\GenVidBench\GenVidBench\Pair2\hd_vg_130m\hd_vg_130m\05994___Af2N3HYHXcQ.28_0.mp4,Pair2\hd_vg_130m\hd_vg_130m\05994___Af2N3HYHXcQ.28_0.mp4,0,real,Pair2,hd_vg_130m,GenVidBench,False,D:\HaitongNi\MEngProject_SecondBench\02_D3\cache\frames\real\Pair2_hd_vg_130m_hd_vg_130m_05994__Af2N3HYHXcQ.28_0.mp4,0,0,6.544208,-6.544208,0
F:\MEngDatasets\GenVidBench\GenVidBench\Pair2\hd_vg_130m\hd_vg_130m\01306___-k_O6wvEzZU.11_0.mp4,Pair2\hd_vg_130m\hd_vg_130m\01306___-k_O6wvEzZU.11_0.mp4,0,real,Pair2,hd_vg_130m,GenVidBench,False,D:\HaitongNi\MEngProject_SecondBench\02_D3\cache\frames\real\Pair2_hd_vg_130m_hd_vg_130m_01306__-k_O6wvEzZU.11_0.mp4,0,0,8.023085,-8.023085,0
F:\MEngDatasets\GenVidBench\GenVidBench\Pair1\vript\vript\-HsVkwyi-mk-Scene-033.mp4,Pair1\vript\vript\-HsVkwyi-mk-Scene-033.mp4,0,real,Pair1,vript,GenVidBench,False,D:\HaitongNi\MEngProject_SecondBench\02_D3\cache\frames\real\Pair1_vript_vript_-HsVkwyi-mk-Scene-033.mp4,0,0,7.492275,-7.492275,0
F:\MEngDatasets\GenVidBench\GenVidBench\Pair2\hd_vg_130m\hd_vg_130m\03431___4dQO4u3O2Fs.3_0.mp4,Pair2\hd_vg_130m\hd_vg_130m\03431___4dQO4u3O2Fs.3_0.mp4,0,real,Pair2,hd_vg_130m,GenVidBench,False,D:\HaitongNi\MEngProject_SecondBench\02_D3\cache\frames\real\Pair2_hd_vg_130m_hd_vg_130m_03431__4dQO4u3O2Fs.3_0.mp4,0,0,2.6938596,-2.6938596,1
F:\MEngDatasets\GenVidBench\GenVidBench\Pair2\hd_vg_130m\hd_vg_130m\11504___CwjH9MX5i5s.5_0.mp4,Pair2\hd_vg_130m\hd_vg_130m\11504___CwjH9MX5i5s.5_0.mp4,0,real,Pair2,hd_vg_130m,GenVidBench,False,D:\HaitongNi\MEngProject_SecondBench\02_D3\cache\frames\real\Pair2_hd_vg_130m_hd_vg_130m_11504__CwjH9MX5i5s.5_0.mp4,0,0,11.3087225,-11.3087225,0
F:\MEngDatasets\GenVidBench\GenVidBench\Pair2\hd_vg_130m\hd_vg_130m\08664___BB8-eufSEj8.14_2.mp4,Pair2\hd_vg_130m\hd_vg_130m\08664___BB8-eufSEj8.14_2.mp4,0,real,Pair2,hd_vg_130m,GenVidBench,False,D:\HaitongNi\MEngProject_SecondBench\02_D3\cache\frames\real\Pair2_hd_vg_130m_hd_vg_130m_08664__BB8-eufSEj8.14_2.mp4,0,0,7.4949436,-7.4949436,0
F:\MEngDatasets\GenVidBench\GenVidBench\Pair1\vript\vript\04dXPkQov_k-Scene-088.mp4,Pair1\vript\vript\04dXPkQov_k-Scene-088.mp4,0,real,Pair1,vript,GenVidBench,False,D:\HaitongNi\MEngProject_SecondBench\02_D3\cache\frames\real\Pair1_vript_vript_04dXPkQov_k-Scene-088.mp4,0,0,6.827767,-6.827767,0
F:\MEngDatasets\GenVidBench\GenVidBench\Pair1\vript\vript\-jx2w2S0LMc-Scene-073.mp4,Pair1\vript\vript\-jx2w2S0LMc-Scene-073.mp4,0,real,Pair1,vript,GenVidBench,False,D:\HaitongNi\MEngProject_SecondBench\02_D3\cache\frames\real\Pair1_vript_vript_-jx2w2S0LMc-Scene-073.mp4,0,0,4.056968,-4.056968,1
F:\MEngDatasets\GenVidBench\GenVidBench\Pair1\vript\vript\-FMRUGGgHyI-Scene-003.mp4,Pair1\vript\vript\-FMRUGGgHyI-Scene-003.mp4,0,real,Pair1,vript,GenVidBench,False,D:\HaitongNi\MEngProject_SecondBench\02_D3\cache\frames\real\Pair1_vript_vript_-FMRUGGgHyI-Scene-003.mp4,0,0,5.6642466,-5.6642466,0
F:\MEngDatasets\GenVidBench\GenVidBench\Pair1\vript\vript\-C09dP2d2mo-Scene-004.mp4,Pair1\vript\vript\-C09dP2d2mo-Scene-004.mp4,0,real,Pair1,vript,GenVidBench,False,D:\HaitongNi\MEngProject_SecondBench\02_D3\cache\frames\real\Pair1_vript_vript_-C09dP2d2mo-Scene-004.mp4,0,0,6.14557,-6.14557,0
F:\MEngDatasets\GenVidBench\GenVidBench\Pair1\vript\vript\-EZSbbCQie0-Scene-001.mp4,Pair1\vript\vript\-EZSbbCQie0-Scene-001.mp4,0,real,Pair1,vript,GenVidBench,False,D:\HaitongNi\MEngProject_SecondBench\02_D3\cache\frames\real\Pair1_vript_vript_-EZSbbCQie0-Scene-001.mp4,0,0,8.338386,-8.338386,0
F:\MEngDatasets\GenVidBench\GenVidBench\Pair1\vript\vript\-7ZsH3f29GM-Scene-006.mp4,Pair1\vript\vript\-7ZsH3f29GM-Scene-006.mp4,0,real,Pair1,vript,GenVidBench,False,D:\HaitongNi\MEngProject_SecondBench\02_D3\cache\frames\real\Pair1_vript_vript_-7ZsH3f29GM-Scene-006.mp4,0,0,4.222095,-4.222095,1
F:\MEngDatasets\GenVidBench\GenVidBench\Pair2\hd_vg_130m\hd_vg_130m\08653___8iRz9sXynjQ.20_1.mp4,Pair2\hd_vg_130m\hd_vg_130m\08653___8iRz9sXynjQ.20_1.mp4,0,real,Pair2,hd_vg_130m,GenVidBench,False,D:\HaitongNi\MEngProject_SecondBench\02_D3\cache\frames\real\Pair2_hd_vg_130m_hd_vg_130m_08653__8iRz9sXynjQ.20_1.mp4,0,0,7.8832245,-7.8832245,0
F:\MEngDatasets\GenVidBench\GenVidBench\Pair1\vript\vript\-Xl33P57QOs-Scene-088.mp4,Pair1\vript\vript\-Xl33P57QOs-Scene-088.mp4,0,real,Pair1,vript,GenVidBench,False,D:\HaitongNi\MEngProject_SecondBench\02_D3\cache\frames\real\Pair1_vript_vript_-Xl33P57QOs-Scene-088.mp4,0,0,5.431491,-5.431491,0
F:\MEngDatasets\GenVidBench\GenVidBench\Pair2\hd_vg_130m\hd_vg_130m\03639___0MH8xf0k-rk.21_1.mp4,Pair2\hd_vg_130m\hd_vg_130m\03639___0MH8xf0k-rk.21_1.mp4,0,real,Pair2,hd_vg_130m,GenVidBench,False,D:\HaitongNi\MEngProject_SecondBench\02_D3\cache\frames\real\Pair2_hd_vg_130m_hd_vg_130m_03639__0MH8xf0k-rk.21_1.mp4,0,0,9.45198,-9.45198,0
F:\MEngDatasets\GenVidBench\GenVidBench\Pair2\hd_vg_130m\hd_vg_130m\03556___0TSV6cnBYjs.2_0.mp4,Pair2\hd_vg_130m\hd_vg_130m\03556___0TSV6cnBYjs.2_0.mp4,0,real,Pair2,hd_vg_130m,GenVidBench,False,D:\HaitongNi\MEngProject_SecondBench\02_D3\cache\frames\real\Pair2_hd_vg_130m_hd_vg_130m_03556__0TSV6cnBYjs.2_0.mp4,0,0,6.1210485,-6.1210485,0
F:\MEngDatasets\GenVidBench\GenVidBench\Pair1\vript\vript\--XjtHv9tM4-Scene-057.mp4,Pair1\vript\vript\--XjtHv9tM4-Scene-057.mp4,0,real,Pair1,vript,GenVidBench,False,D:\HaitongNi\MEngProject_SecondBench\02_D3\cache\frames\real\Pair1_vript_vript_--XjtHv9tM4-Scene-057.mp4,0,0,3.607307,-3.607307,1
F:\MEngDatasets\GenVidBench\GenVidBench\Pair1\vript\vript\-13Asaa-7KE-Scene-041.mp4,Pair1\vript\vript\-13Asaa-7KE-Scene-041.mp4,0,real,Pair1,vript,GenVidBench,False,D:\HaitongNi\MEngProject_SecondBench\02_D3\cache\frames\real\Pair1_vript_vript_-13Asaa-7KE-Scene-041.mp4,0,0,4.5225344,-4.5225344,0
F:\MEngDatasets\GenVidBench\GenVidBench\Pair1\vript\vript\-3CXhx0Mj-Y-Scene-037.mp4,Pair1\vript\vript\-3CXhx0Mj-Y-Scene-037.mp4,0,real,Pair1,vript,GenVidBench,False,D:\HaitongNi\MEngProject_SecondBench\02_D3\cache\frames\real\Pair1_vript_vript_-3CXhx0Mj-Y-Scene-037.mp4,0,0,3.140613,-3.140613,1
F:\MEngDatasets\GenVidBench\GenVidBench\Pair2\hd_vg_130m\hd_vg_130m\05133___A9IwuLfLKjM.0_4.mp4,Pair2\hd_vg_130m\hd_vg_130m\05133___A9IwuLfLKjM.0_4.mp4,0,real,Pair2,hd_vg_130m,GenVidBench,False,D:\HaitongNi\MEngProject_SecondBench\02_D3\cache\frames\real\Pair2_hd_vg_130m_hd_vg_130m_05133__A9IwuLfLKjM.0_4.mp4,0,0,5.1386514,-5.1386514,0
F:\MEngDatasets\GenVidBench\GenVidBench\Pair2\hd_vg_130m\hd_vg_130m\02330___1vARdf0tK1A.0_2.mp4,Pair2\hd_vg_130m\hd_vg_130m\02330___1vARdf0tK1A.0_2.mp4,0,real,Pair2,hd_vg_130m,GenVidBench,False,D:\HaitongNi\MEngProject_SecondBench\02_D3\cache\frames\real\Pair2_hd_vg_130m_hd_vg_130m_02330__1vARdf0tK1A.0_2.mp4,0,0,3.3552308,-3.3552308,1
F:\MEngDatasets\GenVidBench\GenVidBench\Pair2\hd_vg_130m\hd_vg_130m\07002___9sCbm63-nqE.6_0.mp4,Pair2\hd_vg_130m\hd_vg_130m\07002___9sCbm63-nqE.6_0.mp4,0,real,Pair2,hd_vg_130m,GenVidBench,False,D:\HaitongNi\MEngProject_SecondBench\02_D3\cache\frames\real\Pair2_hd_vg_130m_hd_vg_130m_07002__9sCbm63-nqE.6_0.mp4,0,0,2.9084013,-2.9084013,1
F:\MEngDatasets\GenVidBench\GenVidBench\Pair2\hd_vg_130m\hd_vg_130m\07294___8mxvVvgfxtA.6_1.mp4,Pair2\hd_vg_130m\hd_vg_130m\07294___8mxvVvgfxtA.6_1.mp4,0,real,Pair2,hd_vg_130m,GenVidBench,False,D:\HaitongNi\MEngProject_SecondBench\02_D3\cache\frames\real\Pair2_hd_vg_130m_hd_vg_130m_07294__8mxvVvgfxtA.6_1.mp4,0,0,6.0502405,-6.0502405,0
F:\MEngDatasets\GenVidBench\GenVidBench\Pair1\vript\vript\-XmegTG3YdY-Scene-047.mp4,Pair1\vript\vript\-XmegTG3YdY-Scene-047.mp4,0,real,Pair1,vript,GenVidBench,False,D:\HaitongNi\MEngProject_SecondBench\02_D3\cache\frames\real\Pair1_vript_vript_-XmegTG3YdY-Scene-047.mp4,0,0,7.2828407,-7.2828407,0
F:\MEngDatasets\GenVidBench\GenVidBench\Pair1\vript\vript\-bzVYVwBjs0-Scene-042.mp4,Pair1\vript\vript\-bzVYVwBjs0-Scene-042.mp4,0,real,Pair1,vript,GenVidBench,False,D:\HaitongNi\MEngProject_SecondBench\02_D3\cache\frames\real\Pair1_vript_vript_-bzVYVwBjs0-Scene-042.mp4,0,0,3.9442935,-3.9442935,1
F:\MEngDatasets\GenVidBench\GenVidBench\Pair1\vript\vript\-6FvAU9H98w-Scene-034.mp4,Pair1\vript\vript\-6FvAU9H98w-Scene-034.mp4,0,real,Pair1,vript,GenVidBench,False,D:\HaitongNi\MEngProject_SecondBench\02_D3\cache\frames\real\Pair1_vript_vript_-6FvAU9H98w-Scene-034.mp4,0,0,5.667655,-5.667655,0
F:\MEngDatasets\GenVidBench\GenVidBench\Pair2\hd_vg_130m\hd_vg_130m\09922___DbVYUMstNhk.1_3.mp4,Pair2\hd_vg_130m\hd_vg_130m\09922___DbVYUMstNhk.1_3.mp4,0,real,Pair2,hd_vg_130m,GenVidBench,False,D:\HaitongNi\MEngProject_SecondBench\02_D3\cache\frames\real\Pair2_hd_vg_130m_hd_vg_130m_09922__DbVYUMstNhk.1_3.mp4,0,0,6.299816,-6.299816,0
F:\MEngDatasets\GenVidBench\GenVidBench\Pair2\hd_vg_130m\hd_vg_130m\05639___AdIGR5_R0hY.2_0.mp4,Pair2\hd_vg_130m\hd_vg_130m\05639___AdIGR5_R0hY.2_0.mp4,0,real,Pair2,hd_vg_130m,GenVidBench,False,D:\HaitongNi\MEngProject_SecondBench\02_D3\cache\frames\real\Pair2_hd_vg_130m_hd_vg_130m_05639__AdIGR5_R0hY.2_0.mp4,0,0,11.572241,-11.572241,0
F:\MEngDatasets\GenVidBench\GenVidBench\Pair2\hd_vg_130m\hd_vg_130m\12152___DiEPboB_7OQ.12_1.mp4,Pair2\hd_vg_130m\hd_vg_130m\12152___DiEPboB_7OQ.12_1.mp4,0,real,Pair2,hd_vg_130m,GenVidBench,False,D:\HaitongNi\MEngProject_SecondBench\02_D3\cache\frames\real\Pair2_hd_vg_130m_hd_vg_130m_12152__DiEPboB_7OQ.12_1.mp4,0,0,7.0035715,-7.0035715,0
F:\MEngDatasets\GenVidBench\GenVidBench\Pair1\vript\vript\-A8LKuncijo-Scene-121.mp4,Pair1\vript\vript\-A8LKuncijo-Scene-121.mp4,0,real,Pair1,vript,GenVidBench,False,D:\HaitongNi\MEngProject_SecondBench\02_D3\cache\frames\real\Pair1_vript_vript_-A8LKuncijo-Scene-121.mp4,0,0,2.895723,-2.895723,1
F:\MEngDatasets\GenVidBench\GenVidBench\Pair2\hd_vg_130m\hd_vg_130m\06884___9h7DSJVeSG8.15_2.mp4,Pair2\hd_vg_130m\hd_vg_130m\06884___9h7DSJVeSG8.15_2.mp4,0,real,Pair2,hd_vg_130m,GenVidBench,False,D:\HaitongNi\MEngProject_SecondBench\02_D3\cache\frames\real\Pair2_hd_vg_130m_hd_vg_130m_06884__9h7DSJVeSG8.15_2.mp4,0,0,11.399923,-11.399923,0
F:\MEngDatasets\GenVidBench\GenVidBench\Pair1\vript\vript\-y_mlO5P-d4-Scene-002.mp4,Pair1\vript\vript\-y_mlO5P-d4-Scene-002.mp4,0,real,Pair1,vript,GenVidBench,False,D:\HaitongNi\MEngProject_SecondBench\02_D3\cache\frames\real\Pair1_vript_vript_-y_mlO5P-d4-Scene-002.mp4,0,0,2.8883905,-2.8883905,1
F:\MEngDatasets\GenVidBench\GenVidBench\Pair2\hd_vg_130m\hd_vg_130m\11279___CmsOOA4JuVg.12_0.mp4,Pair2\hd_vg_130m\hd_vg_130m\11279___CmsOOA4JuVg.12_0.mp4,0,real,Pair2,hd_vg_130m,GenVidBench,False,D:\HaitongNi\MEngProject_SecondBench\02_D3\cache\frames\real\Pair2_hd_vg_130m_hd_vg_130m_11279__CmsOOA4JuVg.12_0.mp4,0,0,6.0094533,-6.0094533,0
F:\MEngDatasets\GenVidBench\GenVidBench\Pair1\vript\vript\-aid2jMEbXw-Scene-013.mp4,Pair1\vript\vript\-aid2jMEbXw-Scene-013.mp4,0,real,Pair1,vript,GenVidBench,False,D:\HaitongNi\MEngProject_SecondBench\02_D3\cache\frames\real\Pair1_vript_vript_-aid2jMEbXw-Scene-013.mp4,0,0,5.794317,-5.794317,0
F:\MEngDatasets\GenVidBench\GenVidBench\Pair2\hd_vg_130m\hd_vg_130m\00406___-9az5_MIS9s.1_2.mp4,Pair2\hd_vg_130m\hd_vg_130m\00406___-9az5_MIS9s.1_2.mp4,0,real,Pair2,hd_vg_130m,GenVidBench,False,D:\HaitongNi\MEngProject_SecondBench\02_D3\cache\frames\real\Pair2_hd_vg_130m_hd_vg_130m_00406__-9az5_MIS9s.1_2.mp4,0,0,6.260252,-6.260252,0
F:\MEngDatasets\GenVidBench\GenVidBench\Pair1\vript\vript\-J_y--NmhP8-Scene-028.mp4,Pair1\vript\vript\-J_y--NmhP8-Scene-028.mp4,0,real,Pair1,vript,GenVidBench,False,D:\HaitongNi\MEngProject_SecondBench\02_D3\cache\frames\real\Pair1_vript_vript_-J_y--NmhP8-Scene-028.mp4,0,0,6.985347,-6.985347,0
F:\MEngDatasets\GenVidBench\GenVidBench\Pair1\vript\vript\-HVSYKb3UVw-Scene-003.mp4,Pair1\vript\vript\-HVSYKb3UVw-Scene-003.mp4,0,real,Pair1,vript,GenVidBench,False,D:\HaitongNi\MEngProject_SecondBench\02_D3\cache\frames\real\Pair1_vript_vript_-HVSYKb3UVw-Scene-003.mp4,0,0,5.1296973,-5.1296973,0
F:\MEngDatasets\GenVidBench\GenVidBench\Pair1\vript\vript\-4ukRF34UFk-Scene-019.mp4,Pair1\vript\vript\-4ukRF34UFk-Scene-019.mp4,0,real,Pair1,vript,GenVidBench,False,D:\HaitongNi\MEngProject_SecondBench\02_D3\cache\frames\real\Pair1_vript_vript_-4ukRF34UFk-Scene-019.mp4,0,0,2.9025035,-2.9025035,1
F:\MEngDatasets\GenVidBench\GenVidBench\Pair1\vript\vript\-On8a0PsDyY-Scene-001.mp4,Pair1\vript\vript\-On8a0PsDyY-Scene-001.mp4,0,real,Pair1,vript,GenVidBench,False,D:\HaitongNi\MEngProject_SecondBench\02_D3\cache\frames\real\Pair1_vript_vript_-On8a0PsDyY-Scene-001.mp4,0,0,2.67064,-2.67064,1
F:\MEngDatasets\GenVidBench\GenVidBench\Pair2\hd_vg_130m\hd_vg_130m\11184___Gm2DfEeGoZ4.17_3.mp4,Pair2\hd_vg_130m\hd_vg_130m\11184___Gm2DfEeGoZ4.17_3.mp4,0,real,Pair2,hd_vg_130m,GenVidBench,False,D:\HaitongNi\MEngProject_SecondBench\02_D3\cache\frames\real\Pair2_hd_vg_130m_hd_vg_130m_11184__Gm2DfEeGoZ4.17_3.mp4,0,0,9.289063,-9.289063,0
F:\MEngDatasets\GenVidBench\GenVidBench\Pair2\hd_vg_130m\hd_vg_130m\02260___35E2mS0s6Ho.14_2.mp4,Pair2\hd_vg_130m\hd_vg_130m\02260___35E2mS0s6Ho.14_2.mp4,0,real,Pair2,hd_vg_130m,GenVidBench,False,D:\HaitongNi\MEngProject_SecondBench\02_D3\cache\frames\real\Pair2_hd_vg_130m_hd_vg_130m_02260__35E2mS0s6Ho.14_2.mp4,0,0,2.7729583,-2.7729583,1
F:\MEngDatasets\GenVidBench\GenVidBench\Pair1\vript\vript\-bNL86bJrD8-Scene-006.mp4,Pair1\vript\vript\-bNL86bJrD8-Scene-006.mp4,0,real,Pair1,vript,GenVidBench,False,D:\HaitongNi\MEngProject_SecondBench\02_D3\cache\frames\real\Pair1_vript_vript_-bNL86bJrD8-Scene-006.mp4,0,0,7.0589194,-7.0589194,0
F:\MEngDatasets\GenVidBench\GenVidBench\Pair2\hd_vg_130m\hd_vg_130m\05640___Bmv5g5CvkHk.1_3.mp4,Pair2\hd_vg_130m\hd_vg_130m\05640___Bmv5g5CvkHk.1_3.mp4,0,real,Pair2,hd_vg_130m,GenVidBench,False,D:\HaitongNi\MEngProject_SecondBench\02_D3\cache\frames\real\Pair2_hd_vg_130m_hd_vg_130m_05640__Bmv5g5CvkHk.1_3.mp4,0,0,8.808832,-8.808832,0
F:\MEngDatasets\GenVidBench\GenVidBench\Pair1\vript\vript\-10AyOGp5Zg-Scene-021.mp4,Pair1\vript\vript\-10AyOGp5Zg-Scene-021.mp4,0,real,Pair1,vript,GenVidBench,False,D:\HaitongNi\MEngProject_SecondBench\02_D3\cache\frames\real\Pair1_vript_vript_-10AyOGp5Zg-Scene-021.mp4,0,0,1.8291013,-1.8291013,1
F:\MEngDatasets\GenVidBench\GenVidBench\Pair1\vript\vript\-dPloZL2_zE-Scene-030.mp4,Pair1\vript\vript\-dPloZL2_zE-Scene-030.mp4,0,real,Pair1,vript,GenVidBench,False,D:\HaitongNi\MEngProject_SecondBench\02_D3\cache\frames\real\Pair1_vript_vript_-dPloZL2_zE-Scene-030.mp4,0,0,5.4021945,-5.4021945,0
F:\MEngDatasets\GenVidBench\GenVidBench\Pair1\vript\vript\-FioietmGSQ-Scene-019.mp4,Pair1\vript\vript\-FioietmGSQ-Scene-019.mp4,0,real,Pair1,vript,GenVidBench,False,D:\HaitongNi\MEngProject_SecondBench\02_D3\cache\frames\real\Pair1_vript_vript_-FioietmGSQ-Scene-019.mp4,0,0,0.7205033,-0.7205033,1
F:\MEngDatasets\GenVidBench\GenVidBench\Pair1\vript\vript\-By0QtiVqcw-Scene-036.mp4,Pair1\vript\vript\-By0QtiVqcw-Scene-036.mp4,0,real,Pair1,vript,GenVidBench,False,D:\HaitongNi\MEngProject_SecondBench\02_D3\cache\frames\real\Pair1_vript_vript_-By0QtiVqcw-Scene-036.mp4,0,0,6.1200657,-6.1200657,0
F:\MEngDatasets\GenVidBench\GenVidBench\Pair1\vript\vript\-jx2w2S0LMc-Scene-087.mp4,Pair1\vript\vript\-jx2w2S0LMc-Scene-087.mp4,0,real,Pair1,vript,GenVidBench,False,D:\HaitongNi\MEngProject_SecondBench\02_D3\cache\frames\real\Pair1_vript_vript_-jx2w2S0LMc-Scene-087.mp4,0,0,5.2508497,-5.2508497,0
F:\MEngDatasets\GenVidBench\GenVidBench\Pair1\vript\vript\-8QN_w1MhmM-Scene-002.mp4,Pair1\vript\vript\-8QN_w1MhmM-Scene-002.mp4,0,real,Pair1,vript,GenVidBench,False,D:\HaitongNi\MEngProject_SecondBench\02_D3\cache\frames\real\Pair1_vript_vript_-8QN_w1MhmM-Scene-002.mp4,0,0,7.2869587,-7.2869587,0
F:\MEngDatasets\GenVidBench\GenVidBench\Pair1\vript\vript\-3-5Y7u2xqI-Scene-025.mp4,Pair1\vript\vript\-3-5Y7u2xqI-Scene-025.mp4,0,real,Pair1,vript,GenVidBench,False,D:\HaitongNi\MEngProject_SecondBench\02_D3\cache\frames\real\Pair1_vript_vript_-3-5Y7u2xqI-Scene-025.mp4,0,0,4.6914105,-4.6914105,0
F:\MEngDatasets\GenVidBench\GenVidBench\Pair2\hd_vg_130m\hd_vg_130m\04261___2ptkVx3IH5c.23_0.mp4,Pair2\hd_vg_130m\hd_vg_130m\04261___2ptkVx3IH5c.23_0.mp4,0,real,Pair2,hd_vg_130m,GenVidBench,False,D:\HaitongNi\MEngProject_SecondBench\02_D3\cache\frames\real\Pair2_hd_vg_130m_hd_vg_130m_04261__2ptkVx3IH5c.23_0.mp4,0,0,13.165668,-13.165668,0
F:\MEngDatasets\GenVidBench\GenVidBench\Pair1\vript\vript\-BDQmaMlb2g-Scene-042.mp4,Pair1\vript\vript\-BDQmaMlb2g-Scene-042.mp4,0,real,Pair1,vript,GenVidBench,False,D:\HaitongNi\MEngProject_SecondBench\02_D3\cache\frames\real\Pair1_vript_vript_-BDQmaMlb2g-Scene-042.mp4,0,0,3.3391812,-3.3391812,1
F:\MEngDatasets\GenVidBench\GenVidBench\Pair1\vript\vript\-AxBXLwxZNU-Scene-050.mp4,Pair1\vript\vript\-AxBXLwxZNU-Scene-050.mp4,0,real,Pair1,vript,GenVidBench,False,D:\HaitongNi\MEngProject_SecondBench\02_D3\cache\frames\real\Pair1_vript_vript_-AxBXLwxZNU-Scene-050.mp4,0,0,3.9085655,-3.9085655,1
F:\MEngDatasets\GenVidBench\GenVidBench\Pair2\hd_vg_130m\hd_vg_130m\12574___CcJjPP-6vlg.10_0.mp4,Pair2\hd_vg_130m\hd_vg_130m\12574___CcJjPP-6vlg.10_0.mp4,0,real,Pair2,hd_vg_130m,GenVidBench,False,D:\HaitongNi\MEngProject_SecondBench\02_D3\cache\frames\real\Pair2_hd_vg_130m_hd_vg_130m_12574__CcJjPP-6vlg.10_0.mp4,0,0,2.2839012,-2.2839012,1
F:\MEngDatasets\GenVidBench\GenVidBench\Pair2\hd_vg_130m\hd_vg_130m\09688___EFoYzBmcHhI.2_3.mp4,Pair2\hd_vg_130m\hd_vg_130m\09688___EFoYzBmcHhI.2_3.mp4,0,real,Pair2,hd_vg_130m,GenVidBench,False,D:\HaitongNi\MEngProject_SecondBench\02_D3\cache\frames\real\Pair2_hd_vg_130m_hd_vg_130m_09688__EFoYzBmcHhI.2_3.mp4,0,0,11.015434,-11.015434,0
F:\MEngDatasets\GenVidBench\GenVidBench\Pair2\hd_vg_130m\hd_vg_130m\01142___2e9rD_36oQ4.0_6.mp4,Pair2\hd_vg_130m\hd_vg_130m\01142___2e9rD_36oQ4.0_6.mp4,0,real,Pair2,hd_vg_130m,GenVidBench,False,D:\HaitongNi\MEngProject_SecondBench\02_D3\cache\frames\real\Pair2_hd_vg_130m_hd_vg_130m_01142__2e9rD_36oQ4.0_6.mp4,0,0,8.419894,-8.419894,0
F:\MEngDatasets\GenVidBench\GenVidBench\Pair2\hd_vg_130m\hd_vg_130m\07465___BdNQE-GAq1o.1_0.mp4,Pair2\hd_vg_130m\hd_vg_130m\07465___BdNQE-GAq1o.1_0.mp4,0,real,Pair2,hd_vg_130m,GenVidBench,False,D:\HaitongNi\MEngProject_SecondBench\02_D3\cache\frames\real\Pair2_hd_vg_130m_hd_vg_130m_07465__BdNQE-GAq1o.1_0.mp4,0,0,9.331851,-9.331851,0
F:\MEngDatasets\GenVidBench\GenVidBench\Pair2\hd_vg_130m\hd_vg_130m\09471___E1_pYFlkBCw.16_0.mp4,Pair2\hd_vg_130m\hd_vg_130m\09471___E1_pYFlkBCw.16_0.mp4,0,real,Pair2,hd_vg_130m,GenVidBench,False,D:\HaitongNi\MEngProject_SecondBench\02_D3\cache\frames\real\Pair2_hd_vg_130m_hd_vg_130m_09471__E1_pYFlkBCw.16_0.mp4,0,0,3.6119146,-3.6119146,1
F:\MEngDatasets\GenVidBench\GenVidBench\Pair2\hd_vg_130m\hd_vg_130m\01281___-M5YkXpMWUk.3_3.mp4,Pair2\hd_vg_130m\hd_vg_130m\01281___-M5YkXpMWUk.3_3.mp4,0,real,Pair2,hd_vg_130m,GenVidBench,False,D:\HaitongNi\MEngProject_SecondBench\02_D3\cache\frames\real\Pair2_hd_vg_130m_hd_vg_130m_01281__-M5YkXpMWUk.3_3.mp4,0,0,6.8624616,-6.8624616,0
F:\MEngDatasets\GenVidBench\GenVidBench\Pair2\hd_vg_130m\hd_vg_130m\01067___3z6I_YK7fQ4.4_0.mp4,Pair2\hd_vg_130m\hd_vg_130m\01067___3z6I_YK7fQ4.4_0.mp4,0,real,Pair2,hd_vg_130m,GenVidBench,False,D:\HaitongNi\MEngProject_SecondBench\02_D3\cache\frames\real\Pair2_hd_vg_130m_hd_vg_130m_01067__3z6I_YK7fQ4.4_0.mp4,0,0,1.1183746,-1.1183746,1
F:\MEngDatasets\GenVidBench\GenVidBench\Pair1\vript\vript\047cdginMOo-Scene-064.mp4,Pair1\vript\vript\047cdginMOo-Scene-064.mp4,0,real,Pair1,vript,GenVidBench,False,D:\HaitongNi\MEngProject_SecondBench\02_D3\cache\frames\real\Pair1_vript_vript_047cdginMOo-Scene-064.mp4,0,0,5.9435205,-5.9435205,0
F:\MEngDatasets\GenVidBench\GenVidBench\Pair2\hd_vg_130m\hd_vg_130m\13118___GEPR55iId0o.6_0.mp4,Pair2\hd_vg_130m\hd_vg_130m\13118___GEPR55iId0o.6_0.mp4,0,real,Pair2,hd_vg_130m,GenVidBench,False,D:\HaitongNi\MEngProject_SecondBench\02_D3\cache\frames\real\Pair2_hd_vg_130m_hd_vg_130m_13118__GEPR55iId0o.6_0.mp4,0,0,2.0289013,-2.0289013,1
F:\MEngDatasets\GenVidBench\GenVidBench\Pair1\vript\vript\-c88ZCPF10M-Scene-043.mp4,Pair1\vript\vript\-c88ZCPF10M-Scene-043.mp4,0,real,Pair1,vript,GenVidBench,False,D:\HaitongNi\MEngProject_SecondBench\02_D3\cache\frames\real\Pair1_vript_vript_-c88ZCPF10M-Scene-043.mp4,0,0,7.5338936,-7.5338936,0
F:\MEngDatasets\GenVidBench\GenVidBench\Pair1\vript\vript\-c88ZCPF10M-Scene-034.mp4,Pair1\vript\vript\-c88ZCPF10M-Scene-034.mp4,0,real,Pair1,vript,GenVidBench,False,D:\HaitongNi\MEngProject_SecondBench\02_D3\cache\frames\real\Pair1_vript_vript_-c88ZCPF10M-Scene-034.mp4,0,0,4.8520436,-4.8520436,0
F:\MEngDatasets\GenVidBench\GenVidBench\Pair2\hd_vg_130m\hd_vg_130m\12402___HrfR2DPmEbY.7_1.mp4,Pair2\hd_vg_130m\hd_vg_130m\12402___HrfR2DPmEbY.7_1.mp4,0,real,Pair2,hd_vg_130m,GenVidBench,False,D:\HaitongNi\MEngProject_SecondBench\02_D3\cache\frames\real\Pair2_hd_vg_130m_hd_vg_130m_12402__HrfR2DPmEbY.7_1.mp4,0,0,9.799099,-9.799099,0
F:\MEngDatasets\GenVidBench\GenVidBench\Pair2\hd_vg_130m\hd_vg_130m\11163___EgcMERrT23M.17_0.mp4,Pair2\hd_vg_130m\hd_vg_130m\11163___EgcMERrT23M.17_0.mp4,0,real,Pair2,hd_vg_130m,GenVidBench,False,D:\HaitongNi\MEngProject_SecondBench\02_D3\cache\frames\real\Pair2_hd_vg_130m_hd_vg_130m_11163__EgcMERrT23M.17_0.mp4,0,0,12.74228,-12.74228,0
F:\MEngDatasets\GenVidBench\GenVidBench\Pair2\hd_vg_130m\hd_vg_130m\06266___65OWmnuKLWo.7_1.mp4,Pair2\hd_vg_130m\hd_vg_130m\06266___65OWmnuKLWo.7_1.mp4,0,real,Pair2,hd_vg_130m,GenVidBench,False,D:\HaitongNi\MEngProject_SecondBench\02_D3\cache\frames\real\Pair2_hd_vg_130m_hd_vg_130m_06266__65OWmnuKLWo.7_1.mp4,0,0,13.9514885,-13.9514885,0
F:\MEngDatasets\GenVidBench\GenVidBench\Pair1\vript\vript\-VZe8x1URyY-Scene-003.mp4,Pair1\vript\vript\-VZe8x1URyY-Scene-003.mp4,0,real,Pair1,vript,GenVidBench,False,D:\HaitongNi\MEngProject_SecondBench\02_D3\cache\frames\real\Pair1_vript_vript_-VZe8x1URyY-Scene-003.mp4,0,0,1.4508532,-1.4508532,1
F:\MEngDatasets\GenVidBench\GenVidBench\Pair2\hd_vg_130m\hd_vg_130m\02812___1pNCoJnfZZY.16_0.mp4,Pair2\hd_vg_130m\hd_vg_130m\02812___1pNCoJnfZZY.16_0.mp4,0,real,Pair2,hd_vg_130m,GenVidBench,False,D:\HaitongNi\MEngProject_SecondBench\02_D3\cache\frames\real\Pair2_hd_vg_130m_hd_vg_130m_02812__1pNCoJnfZZY.16_0.mp4,0,0,5.3071923,-5.3071923,0
F:\MEngDatasets\GenVidBench\GenVidBench\Pair2\hd_vg_130m\hd_vg_130m\07110___6BMoNyRos9M.10_1.mp4,Pair2\hd_vg_130m\hd_vg_130m\07110___6BMoNyRos9M.10_1.mp4,0,real,Pair2,hd_vg_130m,GenVidBench,False,D:\HaitongNi\MEngProject_SecondBench\02_D3\cache\frames\real\Pair2_hd_vg_130m_hd_vg_130m_07110__6BMoNyRos9M.10_1.mp4,0,0,3.692416,-3.692416,1
F:\MEngDatasets\GenVidBench\GenVidBench\Pair2\hd_vg_130m\hd_vg_130m\06142___6lky0qZc9Vk.3_0.mp4,Pair2\hd_vg_130m\hd_vg_130m\06142___6lky0qZc9Vk.3_0.mp4,0,real,Pair2,hd_vg_130m,GenVidBench,False,D:\HaitongNi\MEngProject_SecondBench\02_D3\cache\frames\real\Pair2_hd_vg_130m_hd_vg_130m_06142__6lky0qZc9Vk.3_0.mp4,0,0,12.532261,-12.532261,0
F:\MEngDatasets\GenVidBench\GenVidBench\Pair2\hd_vg_130m\hd_vg_130m\02628___0v1_kuQl74g.17_0.mp4,Pair2\hd_vg_130m\hd_vg_130m\02628___0v1_kuQl74g.17_0.mp4,0,real,Pair2,hd_vg_130m,GenVidBench,False,D:\HaitongNi\MEngProject_SecondBench\02_D3\cache\frames\real\Pair2_hd_vg_130m_hd_vg_130m_02628__0v1_kuQl74g.17_0.mp4,0,0,6.993478,-6.993478,0
F:\MEngDatasets\GenVidBench\GenVidBench\Pair2\hd_vg_130m\hd_vg_130m\13441___Cl4Ekmzbq1E.11_1.mp4,Pair2\hd_vg_130m\hd_vg_130m\13441___Cl4Ekmzbq1E.11_1.mp4,0,real,Pair2,hd_vg_130m,GenVidBench,False,D:\HaitongNi\MEngProject_SecondBench\02_D3\cache\frames\real\Pair2_hd_vg_130m_hd_vg_130m_13441__Cl4Ekmzbq1E.11_1.mp4,0,0,11.092925,-11.092925,0
F:\MEngDatasets\GenVidBench\GenVidBench\Pair2\hd_vg_130m\hd_vg_130m\08394___B3tJNHBUlCI.10_1.mp4,Pair2\hd_vg_130m\hd_vg_130m\08394___B3tJNHBUlCI.10_1.mp4,0,real,Pair2,hd_vg_130m,GenVidBench,False,D:\HaitongNi\MEngProject_SecondBench\02_D3\cache\frames\real\Pair2_hd_vg_130m_hd_vg_130m_08394__B3tJNHBUlCI.10_1.mp4,0,0,5.0519347,-5.0519347,0
F:\MEngDatasets\GenVidBench\GenVidBench\Pair1\vript\vript\022hQ9mesig-Scene-034.mp4,Pair1\vript\vript\022hQ9mesig-Scene-034.mp4,0,real,Pair1,vript,GenVidBench,False,D:\HaitongNi\MEngProject_SecondBench\02_D3\cache\frames\real\Pair1_vript_vript_022hQ9mesig-Scene-034.mp4,0,0,3.4041524,-3.4041524,1
F:\MEngDatasets\GenVidBench\GenVidBench\Pair1\vript\vript\-EIekauI_hc-Scene-009.mp4,Pair1\vript\vript\-EIekauI_hc-Scene-009.mp4,0,real,Pair1,vript,GenVidBench,False,D:\HaitongNi\MEngProject_SecondBench\02_D3\cache\frames\real\Pair1_vript_vript_-EIekauI_hc-Scene-009.mp4,0,0,3.8405683,-3.8405683,1
F:\MEngDatasets\GenVidBench\GenVidBench\Pair1\vript\vript\-5ReoIc3C_o-Scene-096.mp4,Pair1\vript\vript\-5ReoIc3C_o-Scene-096.mp4,0,real,Pair1,vript,GenVidBench,False,D:\HaitongNi\MEngProject_SecondBench\02_D3\cache\frames\real\Pair1_vript_vript_-5ReoIc3C_o-Scene-096.mp4,0,0,6.7531943,-6.7531943,0
F:\MEngDatasets\GenVidBench\GenVidBench\Pair1\vript\vript\-6_SVE43AL4-Scene-035.mp4,Pair1\vript\vript\-6_SVE43AL4-Scene-035.mp4,0,real,Pair1,vript,GenVidBench,False,D:\HaitongNi\MEngProject_SecondBench\02_D3\cache\frames\real\Pair1_vript_vript_-6_SVE43AL4-Scene-035.mp4,0,0,2.4166806,-2.4166806,1
F:\MEngDatasets\GenVidBench\GenVidBench\Pair1\vript\vript\-3u2xpZF2h4-Scene-020.mp4,Pair1\vript\vript\-3u2xpZF2h4-Scene-020.mp4,0,real,Pair1,vript,GenVidBench,False,D:\HaitongNi\MEngProject_SecondBench\02_D3\cache\frames\real\Pair1_vript_vript_-3u2xpZF2h4-Scene-020.mp4,0,0,2.7631927,-2.7631927,1
F:\MEngDatasets\GenVidBench\GenVidBench\Pair1\vript\vript\-DUQqI8FfQA-Scene-006.mp4,Pair1\vript\vript\-DUQqI8FfQA-Scene-006.mp4,0,real,Pair1,vript,GenVidBench,False,D:\HaitongNi\MEngProject_SecondBench\02_D3\cache\frames\real\Pair1_vript_vript_-DUQqI8FfQA-Scene-006.mp4,0,0,4.472725,-4.472725,0
F:\MEngDatasets\GenVidBench\GenVidBench\Pair2\hd_vg_130m\hd_vg_130m\02881___32Si2qsL-L8.1_0.mp4,Pair2\hd_vg_130m\hd_vg_130m\02881___32Si2qsL-L8.1_0.mp4,0,real,Pair2,hd_vg_130m,GenVidBench,False,D:\HaitongNi\MEngProject_SecondBench\02_D3\cache\frames\real\Pair2_hd_vg_130m_hd_vg_130m_02881__32Si2qsL-L8.1_0.mp4,0,0,4.7846336,-4.7846336,0
F:\MEngDatasets\GenVidBench\GenVidBench\Pair2\hd_vg_130m\hd_vg_130m\02552___4WNAs36-F6U.0_0.mp4,Pair2\hd_vg_130m\hd_vg_130m\02552___4WNAs36-F6U.0_0.mp4,0,real,Pair2,hd_vg_130m,GenVidBench,False,D:\HaitongNi\MEngProject_SecondBench\02_D3\cache\frames\real\Pair2_hd_vg_130m_hd_vg_130m_02552__4WNAs36-F6U.0_0.mp4,0,0,7.1372366,-7.1372366,0
F:\MEngDatasets\GenVidBench\GenVidBench\Pair1\vript\vript\-MyRjBSFZPg-Scene-017.mp4,Pair1\vript\vript\-MyRjBSFZPg-Scene-017.mp4,0,real,Pair1,vript,GenVidBench,False,D:\HaitongNi\MEngProject_SecondBench\02_D3\cache\frames\real\Pair1_vript_vript_-MyRjBSFZPg-Scene-017.mp4,0,0,3.852269,-3.852269,1
F:\MEngDatasets\GenVidBench\GenVidBench\Pair2\hd_vg_130m\hd_vg_130m\00961___4qktAEp7-X8.14_0.mp4,Pair2\hd_vg_130m\hd_vg_130m\00961___4qktAEp7-X8.14_0.mp4,0,real,Pair2,hd_vg_130m,GenVidBench,False,D:\HaitongNi\MEngProject_SecondBench\02_D3\cache\frames\real\Pair2_hd_vg_130m_hd_vg_130m_00961__4qktAEp7-X8.14_0.mp4,0,0,5.0019627,-5.0019627,0
F:\MEngDatasets\GenVidBench\GenVidBench\Pair2\hd_vg_130m\hd_vg_130m\01149___4n4ZJPfdyPc.1_0.mp4,Pair2\hd_vg_130m\hd_vg_130m\01149___4n4ZJPfdyPc.1_0.mp4,0,real,Pair2,hd_vg_130m,GenVidBench,False,D:\HaitongNi\MEngProject_SecondBench\02_D3\cache\frames\real\Pair2_hd_vg_130m_hd_vg_130m_01149__4n4ZJPfdyPc.1_0.mp4,0,0,10.198078,-10.198078,0
F:\MEngDatasets\GenVidBench\GenVidBench\Pair2\hd_vg_130m\hd_vg_130m\12231___E0wIS2N2y6M.0_5.mp4,Pair2\hd_vg_130m\hd_vg_130m\12231___E0wIS2N2y6M.0_5.mp4,0,real,Pair2,hd_vg_130m,GenVidBench,False,D:\HaitongNi\MEngProject_SecondBench\02_D3\cache\frames\real\Pair2_hd_vg_130m_hd_vg_130m_12231__E0wIS2N2y6M.0_5.mp4,0,0,11.404667,-11.404667,0
F:\MEngDatasets\GenVidBench\GenVidBench\Pair2\hd_vg_130m\hd_vg_130m\06973___84i_zViaQxg.1_1.mp4,Pair2\hd_vg_130m\hd_vg_130m\06973___84i_zViaQxg.1_1.mp4,0,real,Pair2,hd_vg_130m,GenVidBench,False,D:\HaitongNi\MEngProject_SecondBench\02_D3\cache\frames\real\Pair2_hd_vg_130m_hd_vg_130m_06973__84i_zViaQxg.1_1.mp4,0,0,7.7989883,-7.7989883,0
F:\MEngDatasets\GenVidBench\GenVidBench\Pair2\hd_vg_130m\hd_vg_130m\02442___45O-obZTk1c.30_1.mp4,Pair2\hd_vg_130m\hd_vg_130m\02442___45O-obZTk1c.30_1.mp4,0,real,Pair2,hd_vg_130m,GenVidBench,False,D:\HaitongNi\MEngProject_SecondBench\02_D3\cache\frames\real\Pair2_hd_vg_130m_hd_vg_130m_02442__45O-obZTk1c.30_1.mp4,0,0,6.385252,-6.385252,0
F:\MEngDatasets\GenVidBench\GenVidBench\Pair1\vript\vript\-GAtUjgJpEA-Scene-007.mp4,Pair1\vript\vript\-GAtUjgJpEA-Scene-007.mp4,0,real,Pair1,vript,GenVidBench,False,D:\HaitongNi\MEngProject_SecondBench\02_D3\cache\frames\real\Pair1_vript_vript_-GAtUjgJpEA-Scene-007.mp4,0,0,4.074743,-4.074743,1
F:\MEngDatasets\GenVidBench\GenVidBench\Pair1\vript\vript\-OlWvcbV0Ro-Scene-012.mp4,Pair1\vript\vript\-OlWvcbV0Ro-Scene-012.mp4,0,real,Pair1,vript,GenVidBench,False,D:\HaitongNi\MEngProject_SecondBench\02_D3\cache\frames\real\Pair1_vript_vript_-OlWvcbV0Ro-Scene-012.mp4,0,0,3.5450578,-3.5450578,1
F:\MEngDatasets\GenVidBench\GenVidBench\Pair2\hd_vg_130m\hd_vg_130m\06115___8srcm5bBgNo.1_2.mp4,Pair2\hd_vg_130m\hd_vg_130m\06115___8srcm5bBgNo.1_2.mp4,0,real,Pair2,hd_vg_130m,GenVidBench,False,D:\HaitongNi\MEngProject_SecondBench\02_D3\cache\frames\real\Pair2_hd_vg_130m_hd_vg_130m_06115__8srcm5bBgNo.1_2.mp4,0,0,12.151253,-12.151253,0
F:\MEngDatasets\GenVidBench\GenVidBench\Pair2\hd_vg_130m\hd_vg_130m\07750___6RCY4t-Qhsw.3_0.mp4,Pair2\hd_vg_130m\hd_vg_130m\07750___6RCY4t-Qhsw.3_0.mp4,0,real,Pair2,hd_vg_130m,GenVidBench,False,D:\HaitongNi\MEngProject_SecondBench\02_D3\cache\frames\real\Pair2_hd_vg_130m_hd_vg_130m_07750__6RCY4t-Qhsw.3_0.mp4,0,0,4.7318625,-4.7318625,0
F:\MEngDatasets\GenVidBench\GenVidBench\Pair2\hd_vg_130m\hd_vg_130m\03194___3JzwZ4wUNzo.0_3.mp4,Pair2\hd_vg_130m\hd_vg_130m\03194___3JzwZ4wUNzo.0_3.mp4,0,real,Pair2,hd_vg_130m,GenVidBench,False,D:\HaitongNi\MEngProject_SecondBench\02_D3\cache\frames\real\Pair2_hd_vg_130m_hd_vg_130m_03194__3JzwZ4wUNzo.0_3.mp4,0,0,7.50767,-7.50767,0
F:\MEngDatasets\GenVidBench\GenVidBench\Pair1\vript\vript\-ZCBEZBmHIQ-Scene-034.mp4,Pair1\vript\vript\-ZCBEZBmHIQ-Scene-034.mp4,0,real,Pair1,vript,GenVidBench,False,D:\HaitongNi\MEngProject_SecondBench\02_D3\cache\frames\real\Pair1_vript_vript_-ZCBEZBmHIQ-Scene-034.mp4,0,0,7.87569,-7.87569,0
F:\MEngDatasets\GenVidBench\GenVidBench\Pair1\vript\vript\-NIP2zgVsRY-Scene-028.mp4,Pair1\vript\vript\-NIP2zgVsRY-Scene-028.mp4,0,real,Pair1,vript,GenVidBench,False,D:\HaitongNi\MEngProject_SecondBench\02_D3\cache\frames\real\Pair1_vript_vript_-NIP2zgVsRY-Scene-028.mp4,0,0,3.9222846,-3.9222846,1
F:\MEngDatasets\GenVidBench\GenVidBench\Pair1\vript\vript\-k1wvoMPlWw-Scene-107.mp4,Pair1\vript\vript\-k1wvoMPlWw-Scene-107.mp4,0,real,Pair1,vript,GenVidBench,False,D:\HaitongNi\MEngProject_SecondBench\02_D3\cache\frames\real\Pair1_vript_vript_-k1wvoMPlWw-Scene-107.mp4,0,0,3.3786004,-3.3786004,1
F:\MEngDatasets\GenVidBench\GenVidBench\Pair1\vript\vript\-bNL86bJrD8-Scene-143.mp4,Pair1\vript\vript\-bNL86bJrD8-Scene-143.mp4,0,real,Pair1,vript,GenVidBench,False,D:\HaitongNi\MEngProject_SecondBench\02_D3\cache\frames\real\Pair1_vript_vript_-bNL86bJrD8-Scene-143.mp4,0,0,4.516258,-4.516258,0
F:\MEngDatasets\GenVidBench\GenVidBench\Pair1\vript\vript\-UWQuj6J8tQ-Scene-101.mp4,Pair1\vript\vript\-UWQuj6J8tQ-Scene-101.mp4,0,real,Pair1,vript,GenVidBench,False,D:\HaitongNi\MEngProject_SecondBench\02_D3\cache\frames\real\Pair1_vript_vript_-UWQuj6J8tQ-Scene-101.mp4,0,0,6.803386,-6.803386,0
F:\MEngDatasets\GenVidBench\GenVidBench\Pair1\vript\vript\-4JeJ5Cm5Mw-Scene-047.mp4,Pair1\vript\vript\-4JeJ5Cm5Mw-Scene-047.mp4,0,real,Pair1,vript,GenVidBench,False,D:\HaitongNi\MEngProject_SecondBench\02_D3\cache\frames\real\Pair1_vript_vript_-4JeJ5Cm5Mw-Scene-047.mp4,0,0,5.304906,-5.304906,0
F:\MEngDatasets\GenVidBench\GenVidBench\Pair2\hd_vg_130m\hd_vg_130m\05858___8M-SM1dp3Lg.3_0.mp4,Pair2\hd_vg_130m\hd_vg_130m\05858___8M-SM1dp3Lg.3_0.mp4,0,real,Pair2,hd_vg_130m,GenVidBench,False,D:\HaitongNi\MEngProject_SecondBench\02_D3\cache\frames\real\Pair2_hd_vg_130m_hd_vg_130m_05858__8M-SM1dp3Lg.3_0.mp4,0,0,7.741896,-7.741896,0
F:\MEngDatasets\GenVidBench\GenVidBench\Pair2\hd_vg_130m\hd_vg_130m\10685___CMj9TK7HCdo.13_1.mp4,Pair2\hd_vg_130m\hd_vg_130m\10685___CMj9TK7HCdo.13_1.mp4,0,real,Pair2,hd_vg_130m,GenVidBench,False,D:\HaitongNi\MEngProject_SecondBench\02_D3\cache\frames\real\Pair2_hd_vg_130m_hd_vg_130m_10685__CMj9TK7HCdo.13_1.mp4,0,0,4.4990373,-4.4990373,0
F:\MEngDatasets\GenVidBench\GenVidBench\Pair1\vript\vript\-W50LiPBXu0-Scene-028.mp4,Pair1\vript\vript\-W50LiPBXu0-Scene-028.mp4,0,real,Pair1,vript,GenVidBench,False,D:\HaitongNi\MEngProject_SecondBench\02_D3\cache\frames\real\Pair1_vript_vript_-W50LiPBXu0-Scene-028.mp4,0,0,4.5531707,-4.5531707,0
F:\MEngDatasets\GenVidBench\GenVidBench\Pair1\vript\vript\-F3M2EGP_C4-Scene-011.mp4,Pair1\vript\vript\-F3M2EGP_C4-Scene-011.mp4,0,real,Pair1,vript,GenVidBench,False,D:\HaitongNi\MEngProject_SecondBench\02_D3\cache\frames\real\Pair1_vript_vript_-F3M2EGP_C4-Scene-011.mp4,0,0,3.1090794,-3.1090794,1
F:\MEngDatasets\GenVidBench\GenVidBench\Pair2\hd_vg_130m\hd_vg_130m\05604___5Zso0z2ag-U.13_0.mp4,Pair2\hd_vg_130m\hd_vg_130m\05604___5Zso0z2ag-U.13_0.mp4,0,real,Pair2,hd_vg_130m,GenVidBench,False,D:\HaitongNi\MEngProject_SecondBench\02_D3\cache\frames\real\Pair2_hd_vg_130m_hd_vg_130m_05604__5Zso0z2ag-U.13_0.mp4,0,0,4.99146,-4.99146,0
F:\MEngDatasets\GenVidBench\GenVidBench\Pair1\vript\vript\2xbkjGSOEJY-Scene-126.mp4,Pair1\vript\vript\2xbkjGSOEJY-Scene-126.mp4,0,real,Pair1,vript,GenVidBench,False,D:\HaitongNi\MEngProject_SecondBench\02_D3\cache\frames\real\Pair1_vript_vript_2xbkjGSOEJY-Scene-126.mp4,0,0,7.7356324,-7.7356324,0
F:\MEngDatasets\GenVidBench\GenVidBench\Pair2\hd_vg_130m\hd_vg_130m\10990___FuiN4ytWTVg.10_0.mp4,Pair2\hd_vg_130m\hd_vg_130m\10990___FuiN4ytWTVg.10_0.mp4,0,real,Pair2,hd_vg_130m,GenVidBench,False,D:\HaitongNi\MEngProject_SecondBench\02_D3\cache\frames\real\Pair2_hd_vg_130m_hd_vg_130m_10990__FuiN4ytWTVg.10_0.mp4,0,0,6.0087104,-6.0087104,0
F:\MEngDatasets\GenVidBench\GenVidBench\Pair2\hd_vg_130m\hd_vg_130m\04016___0Z-psrunei8.11_2.mp4,Pair2\hd_vg_130m\hd_vg_130m\04016___0Z-psrunei8.11_2.mp4,0,real,Pair2,hd_vg_130m,GenVidBench,False,D:\HaitongNi\MEngProject_SecondBench\02_D3\cache\frames\real\Pair2_hd_vg_130m_hd_vg_130m_04016__0Z-psrunei8.11_2.mp4,0,0,11.8301,-11.8301,0
F:\MEngDatasets\GenVidBench\GenVidBench\Pair2\hd_vg_130m\hd_vg_130m\04418___4p4lpo8GrlI.2_5.mp4,Pair2\hd_vg_130m\hd_vg_130m\04418___4p4lpo8GrlI.2_5.mp4,0,real,Pair2,hd_vg_130m,GenVidBench,False,D:\HaitongNi\MEngProject_SecondBench\02_D3\cache\frames\real\Pair2_hd_vg_130m_hd_vg_130m_04418__4p4lpo8GrlI.2_5.mp4,0,0,6.2744746,-6.2744746,0
F:\MEngDatasets\GenVidBench\GenVidBench\Pair2\hd_vg_130m\hd_vg_130m\05702___9JGGbudSDrA.0_0.mp4,Pair2\hd_vg_130m\hd_vg_130m\05702___9JGGbudSDrA.0_0.mp4,0,real,Pair2,hd_vg_130m,GenVidBench,False,D:\HaitongNi\MEngProject_SecondBench\02_D3\cache\frames\real\Pair2_hd_vg_130m_hd_vg_130m_05702__9JGGbudSDrA.0_0.mp4,0,0,9.930433,-9.930433,0
F:\MEngDatasets\GenVidBench\GenVidBench\Pair1\vript\vript\-SQcOG-QvOw-Scene-009.mp4,Pair1\vript\vript\-SQcOG-QvOw-Scene-009.mp4,0,real,Pair1,vript,GenVidBench,False,D:\HaitongNi\MEngProject_SecondBench\02_D3\cache\frames\real\Pair1_vript_vript_-SQcOG-QvOw-Scene-009.mp4,0,0,8.744924,-8.744924,0
F:\MEngDatasets\GenVidBench\GenVidBench\Pair1\vript\vript\-AEboTH-SR0-Scene-014.mp4,Pair1\vript\vript\-AEboTH-SR0-Scene-014.mp4,0,real,Pair1,vript,GenVidBench,False,D:\HaitongNi\MEngProject_SecondBench\02_D3\cache\frames\real\Pair1_vript_vript_-AEboTH-SR0-Scene-014.mp4,0,0,9.817998,-9.817998,0
F:\MEngDatasets\GenVidBench\GenVidBench\Pair1\vript\vript\-t5fzGI1oWk-Scene-008.mp4,Pair1\vript\vript\-t5fzGI1oWk-Scene-008.mp4,0,real,Pair1,vript,GenVidBench,False,D:\HaitongNi\MEngProject_SecondBench\02_D3\cache\frames\real\Pair1_vript_vript_-t5fzGI1oWk-Scene-008.mp4,0,0,2.2502265,-2.2502265,1
F:\MEngDatasets\GenVidBench\GenVidBench\Pair2\hd_vg_130m\hd_vg_130m\09774___Ggpn-6WPakQ.1_0.mp4,Pair2\hd_vg_130m\hd_vg_130m\09774___Ggpn-6WPakQ.1_0.mp4,0,real,Pair2,hd_vg_130m,GenVidBench,False,D:\HaitongNi\MEngProject_SecondBench\02_D3\cache\frames\real\Pair2_hd_vg_130m_hd_vg_130m_09774__Ggpn-6WPakQ.1_0.mp4,0,0,6.700446,-6.700446,0
F:\MEngDatasets\GenVidBench\GenVidBench\Pair1\vript\vript\-dLPEvcnUYM-Scene-016.mp4,Pair1\vript\vript\-dLPEvcnUYM-Scene-016.mp4,0,real,Pair1,vript,GenVidBench,False,D:\HaitongNi\MEngProject_SecondBench\02_D3\cache\frames\real\Pair1_vript_vript_-dLPEvcnUYM-Scene-016.mp4,0,0,8.51355,-8.51355,0
F:\MEngDatasets\GenVidBench\GenVidBench\Pair1\vript\vript\-6DJRy5VOfg-Scene-011.mp4,Pair1\vript\vript\-6DJRy5VOfg-Scene-011.mp4,0,real,Pair1,vript,GenVidBench,False,D:\HaitongNi\MEngProject_SecondBench\02_D3\cache\frames\real\Pair1_vript_vript_-6DJRy5VOfg-Scene-011.mp4,0,0,10.148684,-10.148684,0
F:\MEngDatasets\GenVidBench\GenVidBench\Pair2\hd_vg_130m\hd_vg_130m\02626___4qVKo4ByO6c.0_2.mp4,Pair2\hd_vg_130m\hd_vg_130m\02626___4qVKo4ByO6c.0_2.mp4,0,real,Pair2,hd_vg_130m,GenVidBench,False,D:\HaitongNi\MEngProject_SecondBench\02_D3\cache\frames\real\Pair2_hd_vg_130m_hd_vg_130m_02626__4qVKo4ByO6c.0_2.mp4,0,0,6.30108,-6.30108,0
F:\MEngDatasets\GenVidBench\GenVidBench\Pair2\hd_vg_130m\hd_vg_130m\05102___94IukpmqOg0.5_1.mp4,Pair2\hd_vg_130m\hd_vg_130m\05102___94IukpmqOg0.5_1.mp4,0,real,Pair2,hd_vg_130m,GenVidBench,False,D:\HaitongNi\MEngProject_SecondBench\02_D3\cache\frames\real\Pair2_hd_vg_130m_hd_vg_130m_05102__94IukpmqOg0.5_1.mp4,0,0,9.624432,-9.624432,0
F:\MEngDatasets\GenVidBench\GenVidBench\Pair1\vript\vript\-f36JGmgiiw-Scene-002.mp4,Pair1\vript\vript\-f36JGmgiiw-Scene-002.mp4,0,real,Pair1,vript,GenVidBench,False,D:\HaitongNi\MEngProject_SecondBench\02_D3\cache\frames\real\Pair1_vript_vript_-f36JGmgiiw-Scene-002.mp4,0,0,7.698355,-7.698355,0
F:\MEngDatasets\GenVidBench\GenVidBench\Pair1\vript\vript\5DqLEsXFy4s-Scene-013.mp4,Pair1\vript\vript\5DqLEsXFy4s-Scene-013.mp4,0,real,Pair1,vript,GenVidBench,False,D:\HaitongNi\MEngProject_SecondBench\02_D3\cache\frames\real\Pair1_vript_vript_5DqLEsXFy4s-Scene-013.mp4,0,0,3.132221,-3.132221,1
F:\MEngDatasets\GenVidBench\GenVidBench\Pair1\vript\vript\-j8An5lGDt0-Scene-083.mp4,Pair1\vript\vript\-j8An5lGDt0-Scene-083.mp4,0,real,Pair1,vript,GenVidBench,False,D:\HaitongNi\MEngProject_SecondBench\02_D3\cache\frames\real\Pair1_vript_vript_-j8An5lGDt0-Scene-083.mp4,0,0,4.659948,-4.659948,0
F:\MEngDatasets\GenVidBench\GenVidBench\Pair2\hd_vg_130m\hd_vg_130m\03102___-6HwAFo44QA.1_2.mp4,Pair2\hd_vg_130m\hd_vg_130m\03102___-6HwAFo44QA.1_2.mp4,0,real,Pair2,hd_vg_130m,GenVidBench,False,D:\HaitongNi\MEngProject_SecondBench\02_D3\cache\frames\real\Pair2_hd_vg_130m_hd_vg_130m_03102__-6HwAFo44QA.1_2.mp4,0,0,4.1134763,-4.1134763,1
F:\MEngDatasets\GenVidBench\GenVidBench\Pair1\vript\vript\-CwJBYXS1-Q-Scene-018.mp4,Pair1\vript\vript\-CwJBYXS1-Q-Scene-018.mp4,0,real,Pair1,vript,GenVidBench,False,D:\HaitongNi\MEngProject_SecondBench\02_D3\cache\frames\real\Pair1_vript_vript_-CwJBYXS1-Q-Scene-018.mp4,0,0,6.56674,-6.56674,0
F:\MEngDatasets\GenVidBench\GenVidBench\Pair2\hd_vg_130m\hd_vg_130m\05318___9qR4aLByAR0.5_0.mp4,Pair2\hd_vg_130m\hd_vg_130m\05318___9qR4aLByAR0.5_0.mp4,0,real,Pair2,hd_vg_130m,GenVidBench,False,D:\HaitongNi\MEngProject_SecondBench\02_D3\cache\frames\real\Pair2_hd_vg_130m_hd_vg_130m_05318__9qR4aLByAR0.5_0.mp4,0,0,9.526365,-9.526365,0
F:\MEngDatasets\GenVidBench\GenVidBench\Pair2\hd_vg_130m\hd_vg_130m\10217___GsRYs-USdnk.19_0.mp4,Pair2\hd_vg_130m\hd_vg_130m\10217___GsRYs-USdnk.19_0.mp4,0,real,Pair2,hd_vg_130m,GenVidBench,False,D:\HaitongNi\MEngProject_SecondBench\02_D3\cache\frames\real\Pair2_hd_vg_130m_hd_vg_130m_10217__GsRYs-USdnk.19_0.mp4,0,0,3.314996,-3.314996,1
F:\MEngDatasets\GenVidBench\GenVidBench\Pair1\vript\vript\-9leP3nbaXc-Scene-042.mp4,Pair1\vript\vript\-9leP3nbaXc-Scene-042.mp4,0,real,Pair1,vript,GenVidBench,False,D:\HaitongNi\MEngProject_SecondBench\02_D3\cache\frames\real\Pair1_vript_vript_-9leP3nbaXc-Scene-042.mp4,0,0,7.818128,-7.818128,0
F:\MEngDatasets\GenVidBench\GenVidBench\Pair2\hd_vg_130m\hd_vg_130m\01791___4kq5DlZ6pnc.32_0.mp4,Pair2\hd_vg_130m\hd_vg_130m\01791___4kq5DlZ6pnc.32_0.mp4,0,real,Pair2,hd_vg_130m,GenVidBench,False,D:\HaitongNi\MEngProject_SecondBench\02_D3\cache\frames\real\Pair2_hd_vg_130m_hd_vg_130m_01791__4kq5DlZ6pnc.32_0.mp4,0,0,4.4691286,-4.4691286,0
F:\MEngDatasets\GenVidBench\GenVidBench\Pair1\vript\vript\-Xl33P57QOs-Scene-018.mp4,Pair1\vript\vript\-Xl33P57QOs-Scene-018.mp4,0,real,Pair1,vript,GenVidBench,False,D:\HaitongNi\MEngProject_SecondBench\02_D3\cache\frames\real\Pair1_vript_vript_-Xl33P57QOs-Scene-018.mp4,0,0,2.717063,-2.717063,1
F:\MEngDatasets\GenVidBench\GenVidBench\Pair1\vript\vript\073BMGVWan0-Scene-035.mp4,Pair1\vript\vript\073BMGVWan0-Scene-035.mp4,0,real,Pair1,vript,GenVidBench,False,D:\HaitongNi\MEngProject_SecondBench\02_D3\cache\frames\real\Pair1_vript_vript_073BMGVWan0-Scene-035.mp4,0,0,3.5263994,-3.5263994,1
F:\MEngDatasets\GenVidBench\GenVidBench\Pair2\hd_vg_130m\hd_vg_130m\11347___GxBmX2-TYaQ.10_1.mp4,Pair2\hd_vg_130m\hd_vg_130m\11347___GxBmX2-TYaQ.10_1.mp4,0,real,Pair2,hd_vg_130m,GenVidBench,False,D:\HaitongNi\MEngProject_SecondBench\02_D3\cache\frames\real\Pair2_hd_vg_130m_hd_vg_130m_11347__GxBmX2-TYaQ.10_1.mp4,0,0,2.0074136,-2.0074136,1
F:\MEngDatasets\GenVidBench\GenVidBench\Pair1\vript\vript\-3u2xpZF2h4-Scene-004.mp4,Pair1\vript\vript\-3u2xpZF2h4-Scene-004.mp4,0,real,Pair1,vript,GenVidBench,False,D:\HaitongNi\MEngProject_SecondBench\02_D3\cache\frames\real\Pair1_vript_vript_-3u2xpZF2h4-Scene-004.mp4,0,0,4.343473,-4.343473,0
F:\MEngDatasets\GenVidBench\GenVidBench\Pair1\vript\vript\-N8FhPulgOk-Scene-007.mp4,Pair1\vript\vript\-N8FhPulgOk-Scene-007.mp4,0,real,Pair1,vript,GenVidBench,False,D:\HaitongNi\MEngProject_SecondBench\02_D3\cache\frames\real\Pair1_vript_vript_-N8FhPulgOk-Scene-007.mp4,0,0,2.0864837,-2.0864837,1
F:\MEngDatasets\GenVidBench\GenVidBench\Pair2\hd_vg_130m\hd_vg_130m\05626___7V0gUR6BiLs.12_1.mp4,Pair2\hd_vg_130m\hd_vg_130m\05626___7V0gUR6BiLs.12_1.mp4,0,real,Pair2,hd_vg_130m,GenVidBench,False,D:\HaitongNi\MEngProject_SecondBench\02_D3\cache\frames\real\Pair2_hd_vg_130m_hd_vg_130m_05626__7V0gUR6BiLs.12_1.mp4,0,0,4.722269,-4.722269,0
F:\MEngDatasets\GenVidBench\GenVidBench\Pair1\vript\vript\-Vv3pnGt9Dc-Scene-002.mp4,Pair1\vript\vript\-Vv3pnGt9Dc-Scene-002.mp4,0,real,Pair1,vript,GenVidBench,False,D:\HaitongNi\MEngProject_SecondBench\02_D3\cache\frames\real\Pair1_vript_vript_-Vv3pnGt9Dc-Scene-002.mp4,0,0,9.660057,-9.660057,0
F:\MEngDatasets\GenVidBench\GenVidBench\Pair2\hd_vg_130m\hd_vg_130m\08624___8H7bPBivkK8.29_0.mp4,Pair2\hd_vg_130m\hd_vg_130m\08624___8H7bPBivkK8.29_0.mp4,0,real,Pair2,hd_vg_130m,GenVidBench,False,D:\HaitongNi\MEngProject_SecondBench\02_D3\cache\frames\real\Pair2_hd_vg_130m_hd_vg_130m_08624__8H7bPBivkK8.29_0.mp4,0,0,1.9757334,-1.9757334,1
F:\MEngDatasets\GenVidBench\GenVidBench\Pair1\vript\vript\26IdxneZ1xQ-Scene-031.mp4,Pair1\vript\vript\26IdxneZ1xQ-Scene-031.mp4,0,real,Pair1,vript,GenVidBench,False,D:\HaitongNi\MEngProject_SecondBench\02_D3\cache\frames\real\Pair1_vript_vript_26IdxneZ1xQ-Scene-031.mp4,0,0,4.880759,-4.880759,0
F:\MEngDatasets\GenVidBench\GenVidBench\Pair1\vript\vript\-YrzhjsISkE-Scene-008.mp4,Pair1\vript\vript\-YrzhjsISkE-Scene-008.mp4,0,real,Pair1,vript,GenVidBench,False,D:\HaitongNi\MEngProject_SecondBench\02_D3\cache\frames\real\Pair1_vript_vript_-YrzhjsISkE-Scene-008.mp4,0,0,5.5457377,-5.5457377,0
F:\MEngDatasets\GenVidBench\GenVidBench\Pair1\vript\vript\-uyHPBbfN1Y-Scene-009.mp4,Pair1\vript\vript\-uyHPBbfN1Y-Scene-009.mp4,0,real,Pair1,vript,GenVidBench,False,D:\HaitongNi\MEngProject_SecondBench\02_D3\cache\frames\real\Pair1_vript_vript_-uyHPBbfN1Y-Scene-009.mp4,0,0,3.7676547,-3.7676547,1
F:\MEngDatasets\GenVidBench\GenVidBench\Pair1\vript\vript\-HsVkwyi-mk-Scene-018.mp4,Pair1\vript\vript\-HsVkwyi-mk-Scene-018.mp4,0,real,Pair1,vript,GenVidBench,False,D:\HaitongNi\MEngProject_SecondBench\02_D3\cache\frames\real\Pair1_vript_vript_-HsVkwyi-mk-Scene-018.mp4,0,0,2.1389139,-2.1389139,1
F:\MEngDatasets\GenVidBench\GenVidBench\Pair1\vript\vript\0Jr3IYhTLDw-Scene-131.mp4,Pair1\vript\vript\0Jr3IYhTLDw-Scene-131.mp4,0,real,Pair1,vript,GenVidBench,False,D:\HaitongNi\MEngProject_SecondBench\02_D3\cache\frames\real\Pair1_vript_vript_0Jr3IYhTLDw-Scene-131.mp4,0,0,4.4209995,-4.4209995,0
F:\MEngDatasets\GenVidBench\GenVidBench\Pair2\hd_vg_130m\hd_vg_130m\06134___7LEeWeL0sNg.17_0.mp4,Pair2\hd_vg_130m\hd_vg_130m\06134___7LEeWeL0sNg.17_0.mp4,0,real,Pair2,hd_vg_130m,GenVidBench,False,D:\HaitongNi\MEngProject_SecondBench\02_D3\cache\frames\real\Pair2_hd_vg_130m_hd_vg_130m_06134__7LEeWeL0sNg.17_0.mp4,0,0,1.9726888,-1.9726888,1
F:\MEngDatasets\GenVidBench\GenVidBench\Pair2\hd_vg_130m\hd_vg_130m\12372___DLRFNALhVok.7_1.mp4,Pair2\hd_vg_130m\hd_vg_130m\12372___DLRFNALhVok.7_1.mp4,0,real,Pair2,hd_vg_130m,GenVidBench,False,D:\HaitongNi\MEngProject_SecondBench\02_D3\cache\frames\real\Pair2_hd_vg_130m_hd_vg_130m_12372__DLRFNALhVok.7_1.mp4,0,0,7.6770415,-7.6770415,0
F:\MEngDatasets\GenVidBench\GenVidBench\Pair1\vript\vript\-OpwdHZfCtU-Scene-018.mp4,Pair1\vript\vript\-OpwdHZfCtU-Scene-018.mp4,0,real,Pair1,vript,GenVidBench,False,D:\HaitongNi\MEngProject_SecondBench\02_D3\cache\frames\real\Pair1_vript_vript_-OpwdHZfCtU-Scene-018.mp4,0,0,4.254681,-4.254681,1
F:\MEngDatasets\GenVidBench\GenVidBench\Pair2\hd_vg_130m\hd_vg_130m\12295___Fr5s3Ccj8YA.0_1.mp4,Pair2\hd_vg_130m\hd_vg_130m\12295___Fr5s3Ccj8YA.0_1.mp4,0,real,Pair2,hd_vg_130m,GenVidBench,False,D:\HaitongNi\MEngProject_SecondBench\02_D3\cache\frames\real\Pair2_hd_vg_130m_hd_vg_130m_12295__Fr5s3Ccj8YA.0_1.mp4,0,0,7.781026,-7.781026,0
F:\MEngDatasets\GenVidBench\GenVidBench\Pair1\vript\vript\-EPekCveFHQ-Scene-006.mp4,Pair1\vript\vript\-EPekCveFHQ-Scene-006.mp4,0,real,Pair1,vript,GenVidBench,False,D:\HaitongNi\MEngProject_SecondBench\02_D3\cache\frames\real\Pair1_vript_vript_-EPekCveFHQ-Scene-006.mp4,0,0,6.0894847,-6.0894847,0
F:\MEngDatasets\GenVidBench\GenVidBench\Pair1\vript\vript\06vbPIJlkZU-Scene-042.mp4,Pair1\vript\vript\06vbPIJlkZU-Scene-042.mp4,0,real,Pair1,vript,GenVidBench,False,D:\HaitongNi\MEngProject_SecondBench\02_D3\cache\frames\real\Pair1_vript_vript_06vbPIJlkZU-Scene-042.mp4,0,0,4.6388197,-4.6388197,0
F:\MEngDatasets\GenVidBench\GenVidBench\Pair2\hd_vg_130m\hd_vg_130m\07604___6Z0ianECwPI.2_3.mp4,Pair2\hd_vg_130m\hd_vg_130m\07604___6Z0ianECwPI.2_3.mp4,0,real,Pair2,hd_vg_130m,GenVidBench,False,D:\HaitongNi\MEngProject_SecondBench\02_D3\cache\frames\real\Pair2_hd_vg_130m_hd_vg_130m_07604__6Z0ianECwPI.2_3.mp4,0,0,7.54078,-7.54078,0
F:\MEngDatasets\GenVidBench\GenVidBench\Pair1\vript\vript\-velT2AhY_s-Scene-018.mp4,Pair1\vript\vript\-velT2AhY_s-Scene-018.mp4,0,real,Pair1,vript,GenVidBench,False,D:\HaitongNi\MEngProject_SecondBench\02_D3\cache\frames\real\Pair1_vript_vript_-velT2AhY_s-Scene-018.mp4,0,0,4.055015,-4.055015,1
F:\MEngDatasets\GenVidBench\GenVidBench\Pair2\hd_vg_130m\hd_vg_130m\01042___0oE0qEgh66c.2_0.mp4,Pair2\hd_vg_130m\hd_vg_130m\01042___0oE0qEgh66c.2_0.mp4,0,real,Pair2,hd_vg_130m,GenVidBench,False,D:\HaitongNi\MEngProject_SecondBench\02_D3\cache\frames\real\Pair2_hd_vg_130m_hd_vg_130m_01042__0oE0qEgh66c.2_0.mp4,0,0,5.5941234,-5.5941234,0
F:\MEngDatasets\GenVidBench\GenVidBench\Pair2\hd_vg_130m\hd_vg_130m\01759___-1aUbNddVj0.15_0.mp4,Pair2\hd_vg_130m\hd_vg_130m\01759___-1aUbNddVj0.15_0.mp4,0,real,Pair2,hd_vg_130m,GenVidBench,False,D:\HaitongNi\MEngProject_SecondBench\02_D3\cache\frames\real\Pair2_hd_vg_130m_hd_vg_130m_01759__-1aUbNddVj0.15_0.mp4,0,0,2.0218742,-2.0218742,1
F:\MEngDatasets\GenVidBench\GenVidBench\Pair2\hd_vg_130m\hd_vg_130m\08505___83Hj1zfeKnw.10_2.mp4,Pair2\hd_vg_130m\hd_vg_130m\08505___83Hj1zfeKnw.10_2.mp4,0,real,Pair2,hd_vg_130m,GenVidBench,False,D:\HaitongNi\MEngProject_SecondBench\02_D3\cache\frames\real\Pair2_hd_vg_130m_hd_vg_130m_08505__83Hj1zfeKnw.10_2.mp4,0,0,7.2024055,-7.2024055,0
F:\MEngDatasets\GenVidBench\GenVidBench\Pair2\hd_vg_130m\hd_vg_130m\10212___DaOVGPN98Ow.12_0.mp4,Pair2\hd_vg_130m\hd_vg_130m\10212___DaOVGPN98Ow.12_0.mp4,0,real,Pair2,hd_vg_130m,GenVidBench,False,D:\HaitongNi\MEngProject_SecondBench\02_D3\cache\frames\real\Pair2_hd_vg_130m_hd_vg_130m_10212__DaOVGPN98Ow.12_0.mp4,0,0,9.63638,-9.63638,0
F:\MEngDatasets\GenVidBench\GenVidBench\Pair1\vript\vript\-6cAazniJAc-Scene-084.mp4,Pair1\vript\vript\-6cAazniJAc-Scene-084.mp4,0,real,Pair1,vript,GenVidBench,False,D:\HaitongNi\MEngProject_SecondBench\02_D3\cache\frames\real\Pair1_vript_vript_-6cAazniJAc-Scene-084.mp4,0,0,5.4901133,-5.4901133,0
F:\MEngDatasets\GenVidBench\GenVidBench\Pair1\vript\vript\-6cAazniJAc-Scene-060.mp4,Pair1\vript\vript\-6cAazniJAc-Scene-060.mp4,0,real,Pair1,vript,GenVidBench,False,D:\HaitongNi\MEngProject_SecondBench\02_D3\cache\frames\real\Pair1_vript_vript_-6cAazniJAc-Scene-060.mp4,0,0,6.4966908,-6.4966908,0
F:\MEngDatasets\GenVidBench\GenVidBench\Pair2\hd_vg_130m\hd_vg_130m\03689___-wsuV2-xmpo.10_2.mp4,Pair2\hd_vg_130m\hd_vg_130m\03689___-wsuV2-xmpo.10_2.mp4,0,real,Pair2,hd_vg_130m,GenVidBench,False,D:\HaitongNi\MEngProject_SecondBench\02_D3\cache\frames\real\Pair2_hd_vg_130m_hd_vg_130m_03689__-wsuV2-xmpo.10_2.mp4,0,0,4.7461863,-4.7461863,0
F:\MEngDatasets\GenVidBench\GenVidBench\Pair2\cogvideo\cogvideo\01698___a screen shot of an image in adobe illustrator.mp4,Pair2\cogvideo\cogvideo\01698___a screen shot of an image in adobe illustrator.mp4,1,fake,Pair2,cogvideo,GenVidBench,False,D:\HaitongNi\MEngProject_SecondBench\02_D3\cache\frames\fake\Pair2_cogvideo_cogvideo_01698__a_screen_shot_of_an_image_in_adobe_illustrator.mp4,1,1,4.550982,-4.550982,0
F:\MEngDatasets\GenVidBench\GenVidBench\Pair2\musev\musev\10955___a news anchor is talking to a camera.mp4,Pair2\musev\musev\10955___a news anchor is talking to a camera.mp4,1,fake,Pair2,musev,GenVidBench,False,D:\HaitongNi\MEngProject_SecondBench\02_D3\cache\frames\fake\Pair2_musev_musev_10955__a_news_anchor_is_talking_to_a_camera.mp4,1,1,5.164334,-5.164334,0
F:\MEngDatasets\GenVidBench\GenVidBench\Pair2\musev\musev\01479___a group of police officers standing next to each other.mp4,Pair2\musev\musev\01479___a group of police officers standing next to each other.mp4,1,fake,Pair2,musev,GenVidBench,False,D:\HaitongNi\MEngProject_SecondBench\02_D3\cache\frames\fake\Pair2_musev_musev_01479__a_group_of_police_officers_standing_next_to_each_other.mp4,1,1,2.6200283,-2.6200283,1
F:\MEngDatasets\GenVidBench\GenVidBench\Pair1\ms\ms\ms-c9b2959a-0cce-5df3-90e3-e0a70895dd77.mp4,Pair1\ms\ms\ms-c9b2959a-0cce-5df3-90e3-e0a70895dd77.mp4,1,fake,Pair1,ms,GenVidBench,False,D:\HaitongNi\MEngProject_SecondBench\02_D3\cache\frames\fake\Pair1_ms_ms_ms-c9b2959a-0cce-5df3-90e3-e0a70895dd77.mp4,1,1,2.0777593,-2.0777593,1
F:\MEngDatasets\GenVidBench\GenVidBench\Pair1\ms\ms\ms-70d666ee-bd5d-5ade-b0d1-b5b9085d5ca5.mp4,Pair1\ms\ms\ms-70d666ee-bd5d-5ade-b0d1-b5b9085d5ca5.mp4,1,fake,Pair1,ms,GenVidBench,False,D:\HaitongNi\MEngProject_SecondBench\02_D3\cache\frames\fake\Pair1_ms_ms_ms-70d666ee-bd5d-5ade-b0d1-b5b9085d5ca5.mp4,1,1,2.2931995,-2.2931995,1
F:\MEngDatasets\GenVidBench\GenVidBench\Pair1\ms\ms\ms-fd1c0be6-3ea0-504d-a8eb-3124d364ce30.mp4,Pair1\ms\ms\ms-fd1c0be6-3ea0-504d-a8eb-3124d364ce30.mp4,1,fake,Pair1,ms,GenVidBench,False,D:\HaitongNi\MEngProject_SecondBench\02_D3\cache\frames\fake\Pair1_ms_ms_ms-fd1c0be6-3ea0-504d-a8eb-3124d364ce30.mp4,1,1,2.9639769,-2.9639769,1
F:\MEngDatasets\GenVidBench\GenVidBench\Pair2\cogvideo\cogvideo\03071___a shelf with a variety of metal items on it.mp4,Pair2\cogvideo\cogvideo\03071___a shelf with a variety of metal items on it.mp4,1,fake,Pair2,cogvideo,GenVidBench,False,D:\HaitongNi\MEngProject_SecondBench\02_D3\cache\frames\fake\Pair2_cogvideo_cogvideo_03071__a_shelf_with_a_variety_of_metal_items_on_it.mp4,1,1,1.4997591,-1.4997591,1
F:\MEngDatasets\GenVidBench\GenVidBench\Pair2\svd\svd\12738___a stop sign with a street sign on top of it.mp4,Pair2\svd\svd\12738___a stop sign with a street sign on top of it.mp4,1,fake,Pair2,svd,GenVidBench,False,D:\HaitongNi\MEngProject_SecondBench\02_D3\cache\frames\fake\Pair2_svd_svd_12738__a_stop_sign_with_a_street_sign_on_top_of_it.mp4,1,1,2.7513087,-2.7513087,1
F:\MEngDatasets\GenVidBench\GenVidBench\Pair1\pika\pika\pika-12576125-3471-5ed6-9be2-055b7a86f8ce.mp4,Pair1\pika\pika\pika-12576125-3471-5ed6-9be2-055b7a86f8ce.mp4,1,fake,Pair1,pika,GenVidBench,False,D:\HaitongNi\MEngProject_SecondBench\02_D3\cache\frames\fake\Pair1_pika_pika_pika-12576125-3471-5ed6-9be2-055b7a86f8ce.mp4,1,1,0.6085062,-0.6085062,1
F:\MEngDatasets\GenVidBench\GenVidBench\Pair1\ms\ms\ms-38cf1d7c-c109-5d4c-aad6-d7638135a2b6.mp4,Pair1\ms\ms\ms-38cf1d7c-c109-5d4c-aad6-d7638135a2b6.mp4,1,fake,Pair1,ms,GenVidBench,False,D:\HaitongNi\MEngProject_SecondBench\02_D3\cache\frames\fake\Pair1_ms_ms_ms-38cf1d7c-c109-5d4c-aad6-d7638135a2b6.mp4,1,1,2.521248,-2.521248,1
F:\MEngDatasets\GenVidBench\GenVidBench\Pair1\vc2\vc2\vc-ba73da46-9e5c-5739-abef-c90fe2406aea.mp4,Pair1\vc2\vc2\vc-ba73da46-9e5c-5739-abef-c90fe2406aea.mp4,1,fake,Pair1,vc2,GenVidBench,False,D:\HaitongNi\MEngProject_SecondBench\02_D3\cache\frames\fake\Pair1_vc2_vc2_vc-ba73da46-9e5c-5739-abef-c90fe2406aea.mp4,1,1,1.1065372,-1.1065372,1
F:\MEngDatasets\GenVidBench\GenVidBench\Pair1\vc2\vc2\vc-fd1c0be6-3ea0-504d-a8eb-3124d364ce30.mp4,Pair1\vc2\vc2\vc-fd1c0be6-3ea0-504d-a8eb-3124d364ce30.mp4,1,fake,Pair1,vc2,GenVidBench,False,D:\HaitongNi\MEngProject_SecondBench\02_D3\cache\frames\fake\Pair1_vc2_vc2_vc-fd1c0be6-3ea0-504d-a8eb-3124d364ce30.mp4,1,1,1.0606627,-1.0606627,1
F:\MEngDatasets\GenVidBench\GenVidBench\Pair1\t2vz\t2vz\t2vz-560931d1-903d-56e8-87ac-149535967748.mp4,Pair1\t2vz\t2vz\t2vz-560931d1-903d-56e8-87ac-149535967748.mp4,1,fake,Pair1,t2vz,GenVidBench,False,D:\HaitongNi\MEngProject_SecondBench\02_D3\cache\frames\fake\Pair1_t2vz_t2vz_t2vz-560931d1-903d-56e8-87ac-149535967748.mp4,1,1,14.077406,-14.077406,0
F:\MEngDatasets\GenVidBench\GenVidBench\Pair1\t2vz\t2vz\t2vz-10f4cf37-bc88-59ab-a946-4fd0f3368410.mp4,Pair1\t2vz\t2vz\t2vz-10f4cf37-bc88-59ab-a946-4fd0f3368410.mp4,1,fake,Pair1,t2vz,GenVidBench,False,D:\HaitongNi\MEngProject_SecondBench\02_D3\cache\frames\fake\Pair1_t2vz_t2vz_t2vz-10f4cf37-bc88-59ab-a946-4fd0f3368410.mp4,1,1,11.659872,-11.659872,0
F:\MEngDatasets\GenVidBench\GenVidBench\Pair1\pika\pika\pika-07de788b-da8a-5eba-b85c-7a3bb267ea0b.mp4,Pair1\pika\pika\pika-07de788b-da8a-5eba-b85c-7a3bb267ea0b.mp4,1,fake,Pair1,pika,GenVidBench,False,D:\HaitongNi\MEngProject_SecondBench\02_D3\cache\frames\fake\Pair1_pika_pika_pika-07de788b-da8a-5eba-b85c-7a3bb267ea0b.mp4,1,1,0.62839943,-0.62839943,1
F:\MEngDatasets\GenVidBench\GenVidBench\Pair2\cogvideo\cogvideo\03657___a computer screen showing a page with a picture on it.mp4,Pair2\cogvideo\cogvideo\03657___a computer screen showing a page with a picture on it.mp4,1,fake,Pair2,cogvideo,GenVidBench,False,D:\HaitongNi\MEngProject_SecondBench\02_D3\cache\frames\fake\Pair2_cogvideo_cogvideo_03657__a_computer_screen_showing_a_page_with_a_picture_on_it.mp4,1,1,2.622619,-2.622619,1
F:\MEngDatasets\GenVidBench\GenVidBench\Pair2\cogvideo\cogvideo\07832___a white letter e on a purple background.mp4,Pair2\cogvideo\cogvideo\07832___a white letter e on a purple background.mp4,1,fake,Pair2,cogvideo,GenVidBench,False,D:\HaitongNi\MEngProject_SecondBench\02_D3\cache\frames\fake\Pair2_cogvideo_cogvideo_07832__a_white_letter_e_on_a_purple_background.mp4,1,1,3.9943032,-3.9943032,1
F:\MEngDatasets\GenVidBench\GenVidBench\Pair1\vc2\vc2\vc-0a0e36af-7512-5f96-b85a-5221fc0c267e.mp4,Pair1\vc2\vc2\vc-0a0e36af-7512-5f96-b85a-5221fc0c267e.mp4,1,fake,Pair1,vc2,GenVidBench,False,D:\HaitongNi\MEngProject_SecondBench\02_D3\cache\frames\fake\Pair1_vc2_vc2_vc-0a0e36af-7512-5f96-b85a-5221fc0c267e.mp4,1,1,2.0816884,-2.0816884,1
F:\MEngDatasets\GenVidBench\GenVidBench\Pair1\t2vz\t2vz\t2vz-ed905ae2-ee34-529c-a804-3ce2d5e7e939.mp4,Pair1\t2vz\t2vz\t2vz-ed905ae2-ee34-529c-a804-3ce2d5e7e939.mp4,1,fake,Pair1,t2vz,GenVidBench,False,D:\HaitongNi\MEngProject_SecondBench\02_D3\cache\frames\fake\Pair1_t2vz_t2vz_t2vz-ed905ae2-ee34-529c-a804-3ce2d5e7e939.mp4,1,1,9.346285,-9.346285,0
F:\MEngDatasets\GenVidBench\GenVidBench\Pair1\vc2\vc2\vc-07de788b-da8a-5eba-b85c-7a3bb267ea0b.mp4,Pair1\vc2\vc2\vc-07de788b-da8a-5eba-b85c-7a3bb267ea0b.mp4,1,fake,Pair1,vc2,GenVidBench,False,D:\HaitongNi\MEngProject_SecondBench\02_D3\cache\frames\fake\Pair1_vc2_vc2_vc-07de788b-da8a-5eba-b85c-7a3bb267ea0b.mp4,1,1,1.1691297,-1.1691297,1
F:\MEngDatasets\GenVidBench\GenVidBench\Pair2\mora\mora\03015___a box of a toy ice cream maker for kids.mp4,Pair2\mora\mora\03015___a box of a toy ice cream maker for kids.mp4,1,fake,Pair2,mora,GenVidBench,False,D:\HaitongNi\MEngProject_SecondBench\02_D3\cache\frames\fake\Pair2_mora_mora_03015__a_box_of_a_toy_ice_cream_maker_for_kids.mp4,1,1,2.1551592,-2.1551592,1
F:\MEngDatasets\GenVidBench\GenVidBench\Pair1\ms\ms\ms-25580f7b-c375-508d-9bb3-0cb7e318744a.mp4,Pair1\ms\ms\ms-25580f7b-c375-508d-9bb3-0cb7e318744a.mp4,1,fake,Pair1,ms,GenVidBench,False,D:\HaitongNi\MEngProject_SecondBench\02_D3\cache\frames\fake\Pair1_ms_ms_ms-25580f7b-c375-508d-9bb3-0cb7e318744a.mp4,1,1,8.755804,-8.755804,0
F:\MEngDatasets\GenVidBench\GenVidBench\Pair2\mora\mora\01698___a screen shot of an image in adobe illustrator.mp4,Pair2\mora\mora\01698___a screen shot of an image in adobe illustrator.mp4,1,fake,Pair2,mora,GenVidBench,False,D:\HaitongNi\MEngProject_SecondBench\02_D3\cache\frames\fake\Pair2_mora_mora_01698__a_screen_shot_of_an_image_in_adobe_illustrator.mp4,1,1,4.0193653,-4.0193653,1
F:\MEngDatasets\GenVidBench\GenVidBench\Pair1\t2vz\t2vz\t2vz-8eeeefe2-5303-5ec2-895d-394d73ded281.mp4,Pair1\t2vz\t2vz\t2vz-8eeeefe2-5303-5ec2-895d-394d73ded281.mp4,1,fake,Pair1,t2vz,GenVidBench,False,D:\HaitongNi\MEngProject_SecondBench\02_D3\cache\frames\fake\Pair1_t2vz_t2vz_t2vz-8eeeefe2-5303-5ec2-895d-394d73ded281.mp4,1,1,8.898674,-8.898674,0
F:\MEngDatasets\GenVidBench\GenVidBench\Pair1\vc2\vc2\vc-a48b75cf-0aba-57f5-99ec-7a8ca28edaee.mp4,Pair1\vc2\vc2\vc-a48b75cf-0aba-57f5-99ec-7a8ca28edaee.mp4,1,fake,Pair1,vc2,GenVidBench,False,D:\HaitongNi\MEngProject_SecondBench\02_D3\cache\frames\fake\Pair1_vc2_vc2_vc-a48b75cf-0aba-57f5-99ec-7a8ca28edaee.mp4,1,1,0.83183795,-0.83183795,1
F:\MEngDatasets\GenVidBench\GenVidBench\Pair1\t2vz\t2vz\t2vz-0a0e36af-7512-5f96-b85a-5221fc0c267e.mp4,Pair1\t2vz\t2vz\t2vz-0a0e36af-7512-5f96-b85a-5221fc0c267e.mp4,1,fake,Pair1,t2vz,GenVidBench,False,D:\HaitongNi\MEngProject_SecondBench\02_D3\cache\frames\fake\Pair1_t2vz_t2vz_t2vz-0a0e36af-7512-5f96-b85a-5221fc0c267e.mp4,1,1,15.43311,-15.43311,0
F:\MEngDatasets\GenVidBench\GenVidBench\Pair2\mora\mora\13433___a refrigerator filled with eggs and milk.mp4,Pair2\mora\mora\13433___a refrigerator filled with eggs and milk.mp4,1,fake,Pair2,mora,GenVidBench,False,D:\HaitongNi\MEngProject_SecondBench\02_D3\cache\frames\fake\Pair2_mora_mora_13433__a_refrigerator_filled_with_eggs_and_milk.mp4,1,1,3.8573854,-3.8573854,1
F:\MEngDatasets\GenVidBench\GenVidBench\Pair2\svd\svd\02120___a close up of the inside of a microwave.mp4,Pair2\svd\svd\02120___a close up of the inside of a microwave.mp4,1,fake,Pair2,svd,GenVidBench,False,D:\HaitongNi\MEngProject_SecondBench\02_D3\cache\frames\fake\Pair2_svd_svd_02120__a_close_up_of_the_inside_of_a_microwave.mp4,1,1,2.9386358,-2.9386358,1
F:\MEngDatasets\GenVidBench\GenVidBench\Pair2\mora\mora\04343___a screenshot of a video game.mp4,Pair2\mora\mora\04343___a screenshot of a video game.mp4,1,fake,Pair2,mora,GenVidBench,False,D:\HaitongNi\MEngProject_SecondBench\02_D3\cache\frames\fake\Pair2_mora_mora_04343__a_screenshot_of_a_video_game.mp4,1,1,1.8670465,-1.8670465,1
F:\MEngDatasets\GenVidBench\GenVidBench\Pair1\t2vz\t2vz\t2vz-7b1711ba-3c30-539f-8ba7-5dff10e848c6.mp4,Pair1\t2vz\t2vz\t2vz-7b1711ba-3c30-539f-8ba7-5dff10e848c6.mp4,1,fake,Pair1,t2vz,GenVidBench,False,D:\HaitongNi\MEngProject_SecondBench\02_D3\cache\frames\fake\Pair1_t2vz_t2vz_t2vz-7b1711ba-3c30-539f-8ba7-5dff10e848c6.mp4,1,1,11.289195,-11.289195,0
F:\MEngDatasets\GenVidBench\GenVidBench\Pair2\mora\mora\07835___an iphone sitting on a table in a dark room.mp4,Pair2\mora\mora\07835___an iphone sitting on a table in a dark room.mp4,1,fake,Pair2,mora,GenVidBench,False,D:\HaitongNi\MEngProject_SecondBench\02_D3\cache\frames\fake\Pair2_mora_mora_07835__an_iphone_sitting_on_a_table_in_a_dark_room.mp4,1,1,2.9043243,-2.9043243,1
F:\MEngDatasets\GenVidBench\GenVidBench\Pair2\mora\mora\08566___a close up of a metal cylinder with a gauge on it.mp4,Pair2\mora\mora\08566___a close up of a metal cylinder with a gauge on it.mp4,1,fake,Pair2,mora,GenVidBench,False,D:\HaitongNi\MEngProject_SecondBench\02_D3\cache\frames\fake\Pair2_mora_mora_08566__a_close_up_of_a_metal_cylinder_with_a_gauge_on_it.mp4,1,1,1.3821915,-1.3821915,1
F:\MEngDatasets\GenVidBench\GenVidBench\Pair2\svd\svd\00797___a close up of a bathroom sink.mp4,Pair2\svd\svd\00797___a close up of a bathroom sink.mp4,1,fake,Pair2,svd,GenVidBench,False,D:\HaitongNi\MEngProject_SecondBench\02_D3\cache\frames\fake\Pair2_svd_svd_00797__a_close_up_of_a_bathroom_sink.mp4,1,1,4.2290854,-4.2290854,1
F:\MEngDatasets\GenVidBench\GenVidBench\Pair2\cogvideo\cogvideo\00400___a stone archway with a clock on it.mp4,Pair2\cogvideo\cogvideo\00400___a stone archway with a clock on it.mp4,1,fake,Pair2,cogvideo,GenVidBench,False,D:\HaitongNi\MEngProject_SecondBench\02_D3\cache\frames\fake\Pair2_cogvideo_cogvideo_00400__a_stone_archway_with_a_clock_on_it.mp4,1,1,1.3964653,-1.3964653,1
F:\MEngDatasets\GenVidBench\GenVidBench\Pair2\mora\mora\09705___a screen shot of a character in a game.mp4,Pair2\mora\mora\09705___a screen shot of a character in a game.mp4,1,fake,Pair2,mora,GenVidBench,False,D:\HaitongNi\MEngProject_SecondBench\02_D3\cache\frames\fake\Pair2_mora_mora_09705__a_screen_shot_of_a_character_in_a_game.mp4,1,1,2.4401464,-2.4401464,1
F:\MEngDatasets\GenVidBench\GenVidBench\Pair2\musev\musev\03689___the reflection of a cat in the window of a car.mp4,Pair2\musev\musev\03689___the reflection of a cat in the window of a car.mp4,1,fake,Pair2,musev,GenVidBench,False,D:\HaitongNi\MEngProject_SecondBench\02_D3\cache\frames\fake\Pair2_musev_musev_03689__the_reflection_of_a_cat_in_the_window_of_a_car.mp4,1,1,3.081904,-3.081904,1
F:\MEngDatasets\GenVidBench\GenVidBench\Pair1\ms\ms\ms-a48b75cf-0aba-57f5-99ec-7a8ca28edaee.mp4,Pair1\ms\ms\ms-a48b75cf-0aba-57f5-99ec-7a8ca28edaee.mp4,1,fake,Pair1,ms,GenVidBench,False,D:\HaitongNi\MEngProject_SecondBench\02_D3\cache\frames\fake\Pair1_ms_ms_ms-a48b75cf-0aba-57f5-99ec-7a8ca28edaee.mp4,1,1,4.1733065,-4.1733065,1
F:\MEngDatasets\GenVidBench\GenVidBench\Pair2\svd\svd\10018___a black background with some logos on it.mp4,Pair2\svd\svd\10018___a black background with some logos on it.mp4,1,fake,Pair2,svd,GenVidBench,False,D:\HaitongNi\MEngProject_SecondBench\02_D3\cache\frames\fake\Pair2_svd_svd_10018__a_black_background_with_some_logos_on_it.mp4,1,1,4.144239,-4.144239,1
F:\MEngDatasets\GenVidBench\GenVidBench\Pair2\cogvideo\cogvideo\04455___a green plant growing inside of a cage.mp4,Pair2\cogvideo\cogvideo\04455___a green plant growing inside of a cage.mp4,1,fake,Pair2,cogvideo,GenVidBench,False,D:\HaitongNi\MEngProject_SecondBench\02_D3\cache\frames\fake\Pair2_cogvideo_cogvideo_04455__a_green_plant_growing_inside_of_a_cage.mp4,1,1,2.5947938,-2.5947938,1
F:\MEngDatasets\GenVidBench\GenVidBench\Pair2\mora\mora\07832___a white letter e on a purple background.mp4,Pair2\mora\mora\07832___a white letter e on a purple background.mp4,1,fake,Pair2,mora,GenVidBench,False,D:\HaitongNi\MEngProject_SecondBench\02_D3\cache\frames\fake\Pair2_mora_mora_07832__a_white_letter_e_on_a_purple_background.mp4,1,1,1.2912207,-1.2912207,1
F:\MEngDatasets\GenVidBench\GenVidBench\Pair2\musev\musev\10018___a black background with some logos on it.mp4,Pair2\musev\musev\10018___a black background with some logos on it.mp4,1,fake,Pair2,musev,GenVidBench,False,D:\HaitongNi\MEngProject_SecondBench\02_D3\cache\frames\fake\Pair2_musev_musev_10018__a_black_background_with_some_logos_on_it.mp4,1,1,5.1448326,-5.1448326,0
F:\MEngDatasets\GenVidBench\GenVidBench\Pair1\ms\ms\ms-ed905ae2-ee34-529c-a804-3ce2d5e7e939.mp4,Pair1\ms\ms\ms-ed905ae2-ee34-529c-a804-3ce2d5e7e939.mp4,1,fake,Pair1,ms,GenVidBench,False,D:\HaitongNi\MEngProject_SecondBench\02_D3\cache\frames\fake\Pair1_ms_ms_ms-ed905ae2-ee34-529c-a804-3ce2d5e7e939.mp4,1,1,1.935289,-1.935289,1
F:\MEngDatasets\GenVidBench\GenVidBench\Pair2\mora\mora\07294___four different colored dice with the words _playing the decks_.mp4,Pair2\mora\mora\07294___four different colored dice with the words _playing the decks_.mp4,1,fake,Pair2,mora,GenVidBench,False,D:\HaitongNi\MEngProject_SecondBench\02_D3\cache\frames\fake\Pair2_mora_mora_07294__four_different_colored_dice_with_the_words__playing_the_decks_.mp4,1,1,5.301702,-5.301702,0
F:\MEngDatasets\GenVidBench\GenVidBench\Pair1\ms\ms\ms-6836d5d3-0d92-5d85-a32b-b121f9ba9b04.mp4,Pair1\ms\ms\ms-6836d5d3-0d92-5d85-a32b-b121f9ba9b04.mp4,1,fake,Pair1,ms,GenVidBench,False,D:\HaitongNi\MEngProject_SecondBench\02_D3\cache\frames\fake\Pair1_ms_ms_ms-6836d5d3-0d92-5d85-a32b-b121f9ba9b04.mp4,1,1,1.3441446,-1.3441446,1
F:\MEngDatasets\GenVidBench\GenVidBench\Pair2\cogvideo\cogvideo\04924___a close up of a teddy bear sitting on a rock.mp4,Pair2\cogvideo\cogvideo\04924___a close up of a teddy bear sitting on a rock.mp4,1,fake,Pair2,cogvideo,GenVidBench,False,D:\HaitongNi\MEngProject_SecondBench\02_D3\cache\frames\fake\Pair2_cogvideo_cogvideo_04924__a_close_up_of_a_teddy_bear_sitting_on_a_rock.mp4,1,1,0.674749,-0.674749,1
F:\MEngDatasets\GenVidBench\GenVidBench\Pair1\vc2\vc2\vc-4aef9374-9f2b-51a9-89d3-5d4be1f88f1b.mp4,Pair1\vc2\vc2\vc-4aef9374-9f2b-51a9-89d3-5d4be1f88f1b.mp4,1,fake,Pair1,vc2,GenVidBench,False,D:\HaitongNi\MEngProject_SecondBench\02_D3\cache\frames\fake\Pair1_vc2_vc2_vc-4aef9374-9f2b-51a9-89d3-5d4be1f88f1b.mp4,1,1,0.90883046,-0.90883046,1
F:\MEngDatasets\GenVidBench\GenVidBench\Pair2\musev\musev\13435___a large animal standing in the snow on a foggy day.mp4,Pair2\musev\musev\13435___a large animal standing in the snow on a foggy day.mp4,1,fake,Pair2,musev,GenVidBench,False,D:\HaitongNi\MEngProject_SecondBench\02_D3\cache\frames\fake\Pair2_musev_musev_13435__a_large_animal_standing_in_the_snow_on_a_foggy_day.mp4,1,1,5.5945706,-5.5945706,0
F:\MEngDatasets\GenVidBench\GenVidBench\Pair1\pika\pika\pika-52085ef4-0f41-54af-a053-fa5dc9ede520.mp4,Pair1\pika\pika\pika-52085ef4-0f41-54af-a053-fa5dc9ede520.mp4,1,fake,Pair1,pika,GenVidBench,False,D:\HaitongNi\MEngProject_SecondBench\02_D3\cache\frames\fake\Pair1_pika_pika_pika-52085ef4-0f41-54af-a053-fa5dc9ede520.mp4,1,1,0.8700893,-0.8700893,1
F:\MEngDatasets\GenVidBench\GenVidBench\Pair2\cogvideo\cogvideo\03129___a picture of a window with rain drops on it.mp4,Pair2\cogvideo\cogvideo\03129___a picture of a window with rain drops on it.mp4,1,fake,Pair2,cogvideo,GenVidBench,False,D:\HaitongNi\MEngProject_SecondBench\02_D3\cache\frames\fake\Pair2_cogvideo_cogvideo_03129__a_picture_of_a_window_with_rain_drops_on_it.mp4,1,1,3.1097865,-3.1097865,1
F:\MEngDatasets\GenVidBench\GenVidBench\Pair1\pika\pika\pika-ba73da46-9e5c-5739-abef-c90fe2406aea.mp4,Pair1\pika\pika\pika-ba73da46-9e5c-5739-abef-c90fe2406aea.mp4,1,fake,Pair1,pika,GenVidBench,False,D:\HaitongNi\MEngProject_SecondBench\02_D3\cache\frames\fake\Pair1_pika_pika_pika-ba73da46-9e5c-5739-abef-c90fe2406aea.mp4,1,1,2.6984606,-2.6984606,1
F:\MEngDatasets\GenVidBench\GenVidBench\Pair1\pika\pika\pika-3d912141-6b6e-5cfd-8c30-12bad1a64b89.mp4,Pair1\pika\pika\pika-3d912141-6b6e-5cfd-8c30-12bad1a64b89.mp4,1,fake,Pair1,pika,GenVidBench,False,D:\HaitongNi\MEngProject_SecondBench\02_D3\cache\frames\fake\Pair1_pika_pika_pika-3d912141-6b6e-5cfd-8c30-12bad1a64b89.mp4,1,1,0.42649505,-0.42649505,1
F:\MEngDatasets\GenVidBench\GenVidBench\Pair2\svd\svd\05471___a close up of a tree with leaves on it.mp4,Pair2\svd\svd\05471___a close up of a tree with leaves on it.mp4,1,fake,Pair2,svd,GenVidBench,False,D:\HaitongNi\MEngProject_SecondBench\02_D3\cache\frames\fake\Pair2_svd_svd_05471__a_close_up_of_a_tree_with_leaves_on_it.mp4,1,1,3.670691,-3.670691,1
F:\MEngDatasets\GenVidBench\GenVidBench\Pair2\musev\musev\04325___a pink burner on top of a stove.mp4,Pair2\musev\musev\04325___a pink burner on top of a stove.mp4,1,fake,Pair2,musev,GenVidBench,False,D:\HaitongNi\MEngProject_SecondBench\02_D3\cache\frames\fake\Pair2_musev_musev_04325__a_pink_burner_on_top_of_a_stove.mp4,1,1,2.867578,-2.867578,1
F:\MEngDatasets\GenVidBench\GenVidBench\Pair1\t2vz\t2vz\t2vz-4aef9374-9f2b-51a9-89d3-5d4be1f88f1b.mp4,Pair1\t2vz\t2vz\t2vz-4aef9374-9f2b-51a9-89d3-5d4be1f88f1b.mp4,1,fake,Pair1,t2vz,GenVidBench,False,D:\HaitongNi\MEngProject_SecondBench\02_D3\cache\frames\fake\Pair1_t2vz_t2vz_t2vz-4aef9374-9f2b-51a9-89d3-5d4be1f88f1b.mp4,1,1,12.001016,-12.001016,0
F:\MEngDatasets\GenVidBench\GenVidBench\Pair1\ms\ms\ms-07de788b-da8a-5eba-b85c-7a3bb267ea0b.mp4,Pair1\ms\ms\ms-07de788b-da8a-5eba-b85c-7a3bb267ea0b.mp4,1,fake,Pair1,ms,GenVidBench,False,D:\HaitongNi\MEngProject_SecondBench\02_D3\cache\frames\fake\Pair1_ms_ms_ms-07de788b-da8a-5eba-b85c-7a3bb267ea0b.mp4,1,1,4.5153527,-4.5153527,0
F:\MEngDatasets\GenVidBench\GenVidBench\Pair1\ms\ms\ms-807ec19f-d33e-5059-8aa2-877ca8f7c20f.mp4,Pair1\ms\ms\ms-807ec19f-d33e-5059-8aa2-877ca8f7c20f.mp4,1,fake,Pair1,ms,GenVidBench,False,D:\HaitongNi\MEngProject_SecondBench\02_D3\cache\frames\fake\Pair1_ms_ms_ms-807ec19f-d33e-5059-8aa2-877ca8f7c20f.mp4,1,1,1.0635722,-1.0635722,1
F:\MEngDatasets\GenVidBench\GenVidBench\Pair2\cogvideo\cogvideo\08566___a close up of a metal cylinder with a gauge on it.mp4,Pair2\cogvideo\cogvideo\08566___a close up of a metal cylinder with a gauge on it.mp4,1,fake,Pair2,cogvideo,GenVidBench,False,D:\HaitongNi\MEngProject_SecondBench\02_D3\cache\frames\fake\Pair2_cogvideo_cogvideo_08566__a_close_up_of_a_metal_cylinder_with_a_gauge_on_it.mp4,1,1,2.6214864,-2.6214864,1
F:\MEngDatasets\GenVidBench\GenVidBench\Pair1\vc2\vc2\vc-3d22a760-43ce-5ddf-a6a6-2813cf54d6b7.mp4,Pair1\vc2\vc2\vc-3d22a760-43ce-5ddf-a6a6-2813cf54d6b7.mp4,1,fake,Pair1,vc2,GenVidBench,False,D:\HaitongNi\MEngProject_SecondBench\02_D3\cache\frames\fake\Pair1_vc2_vc2_vc-3d22a760-43ce-5ddf-a6a6-2813cf54d6b7.mp4,1,1,1.8797038,-1.8797038,1
F:\MEngDatasets\GenVidBench\GenVidBench\Pair1\t2vz\t2vz\t2vz-2de502f9-15f8-5091-b937-972cf561c94a.mp4,Pair1\t2vz\t2vz\t2vz-2de502f9-15f8-5091-b937-972cf561c94a.mp4,1,fake,Pair1,t2vz,GenVidBench,False,D:\HaitongNi\MEngProject_SecondBench\02_D3\cache\frames\fake\Pair1_t2vz_t2vz_t2vz-2de502f9-15f8-5091-b937-972cf561c94a.mp4,1,1,11.583758,-11.583758,0
F:\MEngDatasets\GenVidBench\GenVidBench\Pair2\cogvideo\cogvideo\02320___a speedometer with the word scotty written on it.mp4,Pair2\cogvideo\cogvideo\02320___a speedometer with the word scotty written on it.mp4,1,fake,Pair2,cogvideo,GenVidBench,False,D:\HaitongNi\MEngProject_SecondBench\02_D3\cache\frames\fake\Pair2_cogvideo_cogvideo_02320__a_speedometer_with_the_word_scotty_written_on_it.mp4,1,1,2.4150848,-2.4150848,1
F:\MEngDatasets\GenVidBench\GenVidBench\Pair2\svd\svd\03011___a car driving down a dark highway at night.mp4,Pair2\svd\svd\03011___a car driving down a dark highway at night.mp4,1,fake,Pair2,svd,GenVidBench,False,D:\HaitongNi\MEngProject_SecondBench\02_D3\cache\frames\fake\Pair2_svd_svd_03011__a_car_driving_down_a_dark_highway_at_night.mp4,1,1,2.113718,-2.113718,1
F:\MEngDatasets\GenVidBench\GenVidBench\Pair1\vc2\vc2\vc-ccb9b3b6-4648-507c-a041-71a022447232.mp4,Pair1\vc2\vc2\vc-ccb9b3b6-4648-507c-a041-71a022447232.mp4,1,fake,Pair1,vc2,GenVidBench,False,D:\HaitongNi\MEngProject_SecondBench\02_D3\cache\frames\fake\Pair1_vc2_vc2_vc-ccb9b3b6-4648-507c-a041-71a022447232.mp4,1,1,1.102993,-1.102993,1
F:\MEngDatasets\GenVidBench\GenVidBench\Pair2\svd\svd\05360___a car driving down a street with graffiti on a wall.mp4,Pair2\svd\svd\05360___a car driving down a street with graffiti on a wall.mp4,1,fake,Pair2,svd,GenVidBench,False,D:\HaitongNi\MEngProject_SecondBench\02_D3\cache\frames\fake\Pair2_svd_svd_05360__a_car_driving_down_a_street_with_graffiti_on_a_wall.mp4,1,1,5.23619,-5.23619,0
F:\MEngDatasets\GenVidBench\GenVidBench\Pair1\vc2\vc2\vc-ff2b6437-8e05-5974-948a-46e35895dc41.mp4,Pair1\vc2\vc2\vc-ff2b6437-8e05-5974-948a-46e35895dc41.mp4,1,fake,Pair1,vc2,GenVidBench,False,D:\HaitongNi\MEngProject_SecondBench\02_D3\cache\frames\fake\Pair1_vc2_vc2_vc-ff2b6437-8e05-5974-948a-46e35895dc41.mp4,1,1,1.1015458,-1.1015458,1
F:\MEngDatasets\GenVidBench\GenVidBench\Pair2\cogvideo\cogvideo\05197___a child is kneading dough on a table.mp4,Pair2\cogvideo\cogvideo\05197___a child is kneading dough on a table.mp4,1,fake,Pair2,cogvideo,GenVidBench,False,D:\HaitongNi\MEngProject_SecondBench\02_D3\cache\frames\fake\Pair2_cogvideo_cogvideo_05197__a_child_is_kneading_dough_on_a_table.mp4,1,1,1.7548232,-1.7548232,1
F:\MEngDatasets\GenVidBench\GenVidBench\Pair1\t2vz\t2vz\t2vz-7aec879d-90c5-52e5-b196-bb3657575b82.mp4,Pair1\t2vz\t2vz\t2vz-7aec879d-90c5-52e5-b196-bb3657575b82.mp4,1,fake,Pair1,t2vz,GenVidBench,False,D:\HaitongNi\MEngProject_SecondBench\02_D3\cache\frames\fake\Pair1_t2vz_t2vz_t2vz-7aec879d-90c5-52e5-b196-bb3657575b82.mp4,1,1,13.485239,-13.485239,0
F:\MEngDatasets\GenVidBench\GenVidBench\Pair2\musev\musev\09456___a screen shot of a computer with a large wave in the background.mp4,Pair2\musev\musev\09456___a screen shot of a computer with a large wave in the background.mp4,1,fake,Pair2,musev,GenVidBench,False,D:\HaitongNi\MEngProject_SecondBench\02_D3\cache\frames\fake\Pair2_musev_musev_09456__a_screen_shot_of_a_computer_with_a_large_wave_in_the_background.mp4,1,1,4.524046,-4.524046,0
F:\MEngDatasets\GenVidBench\GenVidBench\Pair2\cogvideo\cogvideo\11555___a girl sitting on the ground looking at her cell phone.mp4,Pair2\cogvideo\cogvideo\11555___a girl sitting on the ground looking at her cell phone.mp4,1,fake,Pair2,cogvideo,GenVidBench,False,D:\HaitongNi\MEngProject_SecondBench\02_D3\cache\frames\fake\Pair2_cogvideo_cogvideo_11555__a_girl_sitting_on_the_ground_looking_at_her_cell_phone.mp4,1,1,1.9255102,-1.9255102,1
F:\MEngDatasets\GenVidBench\GenVidBench\Pair2\mora\mora\11890___a silver ford focus parked on the side of the road.mp4,Pair2\mora\mora\11890___a silver ford focus parked on the side of the road.mp4,1,fake,Pair2,mora,GenVidBench,False,D:\HaitongNi\MEngProject_SecondBench\02_D3\cache\frames\fake\Pair2_mora_mora_11890__a_silver_ford_focus_parked_on_the_side_of_the_road.mp4,1,1,1.1474929,-1.1474929,1
F:\MEngDatasets\GenVidBench\GenVidBench\Pair2\svd\svd\01843___a group of softball players talking to each other.mp4,Pair2\svd\svd\01843___a group of softball players talking to each other.mp4,1,fake,Pair2,svd,GenVidBench,False,D:\HaitongNi\MEngProject_SecondBench\02_D3\cache\frames\fake\Pair2_svd_svd_01843__a_group_of_softball_players_talking_to_each_other.mp4,1,1,4.6323895,-4.6323895,0
F:\MEngDatasets\GenVidBench\GenVidBench\Pair1\pika\pika\pika-0a0e36af-7512-5f96-b85a-5221fc0c267e.mp4,Pair1\pika\pika\pika-0a0e36af-7512-5f96-b85a-5221fc0c267e.mp4,1,fake,Pair1,pika,GenVidBench,False,D:\HaitongNi\MEngProject_SecondBench\02_D3\cache\frames\fake\Pair1_pika_pika_pika-0a0e36af-7512-5f96-b85a-5221fc0c267e.mp4,1,1,0.73270833,-0.73270833,1
F:\MEngDatasets\GenVidBench\GenVidBench\Pair2\mora\mora\07451___a cartoon peppa pig dressed in a top hat and coat.mp4,Pair2\mora\mora\07451___a cartoon peppa pig dressed in a top hat and coat.mp4,1,fake,Pair2,mora,GenVidBench,False,D:\HaitongNi\MEngProject_SecondBench\02_D3\cache\frames\fake\Pair2_mora_mora_07451__a_cartoon_peppa_pig_dressed_in_a_top_hat_and_coat.mp4,1,1,1.5564177,-1.5564177,1
F:\MEngDatasets\GenVidBench\GenVidBench\Pair2\svd\svd\02737___a sign that says district warren news.mp4,Pair2\svd\svd\02737___a sign that says district warren news.mp4,1,fake,Pair2,svd,GenVidBench,False,D:\HaitongNi\MEngProject_SecondBench\02_D3\cache\frames\fake\Pair2_svd_svd_02737__a_sign_that_says_district_warren_news.mp4,1,1,2.7405965,-2.7405965,1
F:\MEngDatasets\GenVidBench\GenVidBench\Pair1\vc2\vc2\vc-e35c583d-5dfe-5ba8-a937-5a1b5548a63f.mp4,Pair1\vc2\vc2\vc-e35c583d-5dfe-5ba8-a937-5a1b5548a63f.mp4,1,fake,Pair1,vc2,GenVidBench,False,D:\HaitongNi\MEngProject_SecondBench\02_D3\cache\frames\fake\Pair1_vc2_vc2_vc-e35c583d-5dfe-5ba8-a937-5a1b5548a63f.mp4,1,1,0.74409854,-0.74409854,1
F:\MEngDatasets\GenVidBench\GenVidBench\Pair2\cogvideo\cogvideo\13222___an image of a green screen with letters on it.mp4,Pair2\cogvideo\cogvideo\13222___an image of a green screen with letters on it.mp4,1,fake,Pair2,cogvideo,GenVidBench,False,D:\HaitongNi\MEngProject_SecondBench\02_D3\cache\frames\fake\Pair2_cogvideo_cogvideo_13222__an_image_of_a_green_screen_with_letters_on_it.mp4,1,1,4.282699,-4.282699,1
F:\MEngDatasets\GenVidBench\GenVidBench\Pair2\musev\musev\03751___a sign with a picture of a plant in a greenhouse.mp4,Pair2\musev\musev\03751___a sign with a picture of a plant in a greenhouse.mp4,1,fake,Pair2,musev,GenVidBench,False,D:\HaitongNi\MEngProject_SecondBench\02_D3\cache\frames\fake\Pair2_musev_musev_03751__a_sign_with_a_picture_of_a_plant_in_a_greenhouse.mp4,1,1,4.5821295,-4.5821295,0
F:\MEngDatasets\GenVidBench\GenVidBench\Pair1\t2vz\t2vz\t2vz-27721ed0-d584-54e5-8d96-a411192695f6.mp4,Pair1\t2vz\t2vz\t2vz-27721ed0-d584-54e5-8d96-a411192695f6.mp4,1,fake,Pair1,t2vz,GenVidBench,False,D:\HaitongNi\MEngProject_SecondBench\02_D3\cache\frames\fake\Pair1_t2vz_t2vz_t2vz-27721ed0-d584-54e5-8d96-a411192695f6.mp4,1,1,14.807923,-14.807923,0
F:\MEngDatasets\GenVidBench\GenVidBench\Pair1\t2vz\t2vz\t2vz-08d9a859-f62c-59bc-9fe7-89464deaa706.mp4,Pair1\t2vz\t2vz\t2vz-08d9a859-f62c-59bc-9fe7-89464deaa706.mp4,1,fake,Pair1,t2vz,GenVidBench,False,D:\HaitongNi\MEngProject_SecondBench\02_D3\cache\frames\fake\Pair1_t2vz_t2vz_t2vz-08d9a859-f62c-59bc-9fe7-89464deaa706.mp4,1,1,4.5604243,-4.5604243,0
F:\MEngDatasets\GenVidBench\GenVidBench\Pair1\pika\pika\pika-3726faf1-874e-5a95-8b2f-87b7e04766a7.mp4,Pair1\pika\pika\pika-3726faf1-874e-5a95-8b2f-87b7e04766a7.mp4,1,fake,Pair1,pika,GenVidBench,False,D:\HaitongNi\MEngProject_SecondBench\02_D3\cache\frames\fake\Pair1_pika_pika_pika-3726faf1-874e-5a95-8b2f-87b7e04766a7.mp4,1,1,0.4499094,-0.4499094,1
F:\MEngDatasets\GenVidBench\GenVidBench\Pair2\svd\svd\03014___the inside of a pharmacy store with lots of shelves.mp4,Pair2\svd\svd\03014___the inside of a pharmacy store with lots of shelves.mp4,1,fake,Pair2,svd,GenVidBench,False,D:\HaitongNi\MEngProject_SecondBench\02_D3\cache\frames\fake\Pair2_svd_svd_03014__the_inside_of_a_pharmacy_store_with_lots_of_shelves.mp4,1,1,4.7339983,-4.7339983,0
F:\MEngDatasets\GenVidBench\GenVidBench\Pair1\ms\ms\ms-27721ed0-d584-54e5-8d96-a411192695f6.mp4,Pair1\ms\ms\ms-27721ed0-d584-54e5-8d96-a411192695f6.mp4,1,fake,Pair1,ms,GenVidBench,False,D:\HaitongNi\MEngProject_SecondBench\02_D3\cache\frames\fake\Pair1_ms_ms_ms-27721ed0-d584-54e5-8d96-a411192695f6.mp4,1,1,1.3265601,-1.3265601,1
F:\MEngDatasets\GenVidBench\GenVidBench\Pair1\vc2\vc2\vc-d1418574-5192-5596-96da-d1d5a308670a.mp4,Pair1\vc2\vc2\vc-d1418574-5192-5596-96da-d1d5a308670a.mp4,1,fake,Pair1,vc2,GenVidBench,False,D:\HaitongNi\MEngProject_SecondBench\02_D3\cache\frames\fake\Pair1_vc2_vc2_vc-d1418574-5192-5596-96da-d1d5a308670a.mp4,1,1,1.1233277,-1.1233277,1
F:\MEngDatasets\GenVidBench\GenVidBench\Pair1\vc2\vc2\vc-7b1711ba-3c30-539f-8ba7-5dff10e848c6.mp4,Pair1\vc2\vc2\vc-7b1711ba-3c30-539f-8ba7-5dff10e848c6.mp4,1,fake,Pair1,vc2,GenVidBench,False,D:\HaitongNi\MEngProject_SecondBench\02_D3\cache\frames\fake\Pair1_vc2_vc2_vc-7b1711ba-3c30-539f-8ba7-5dff10e848c6.mp4,1,1,0.55000275,-0.55000275,1
F:\MEngDatasets\GenVidBench\GenVidBench\Pair2\musev\musev\03014___the inside of a pharmacy store with lots of shelves.mp4,Pair2\musev\musev\03014___the inside of a pharmacy store with lots of shelves.mp4,1,fake,Pair2,musev,GenVidBench,False,D:\HaitongNi\MEngProject_SecondBench\02_D3\cache\frames\fake\Pair2_musev_musev_03014__the_inside_of_a_pharmacy_store_with_lots_of_shelves.mp4,1,1,4.986984,-4.986984,0
F:\MEngDatasets\GenVidBench\GenVidBench\Pair1\t2vz\t2vz\t2vz-ff2c8815-2aff-5fdb-8394-1917fb571f42.mp4,Pair1\t2vz\t2vz\t2vz-ff2c8815-2aff-5fdb-8394-1917fb571f42.mp4,1,fake,Pair1,t2vz,GenVidBench,False,D:\HaitongNi\MEngProject_SecondBench\02_D3\cache\frames\fake\Pair1_t2vz_t2vz_t2vz-ff2c8815-2aff-5fdb-8394-1917fb571f42.mp4,1,1,6.240583,-6.240583,0
F:\MEngDatasets\GenVidBench\GenVidBench\Pair2\mora\mora\00609___a couple of kids playing basketball on a court.mp4,Pair2\mora\mora\00609___a couple of kids playing basketball on a court.mp4,1,fake,Pair2,mora,GenVidBench,False,D:\HaitongNi\MEngProject_SecondBench\02_D3\cache\frames\fake\Pair2_mora_mora_00609__a_couple_of_kids_playing_basketball_on_a_court.mp4,1,1,5.255595,-5.255595,0
F:\MEngDatasets\GenVidBench\GenVidBench\Pair1\pika\pika\pika-bd8392d9-8352-5800-b3bf-60139ab3acbb.mp4,Pair1\pika\pika\pika-bd8392d9-8352-5800-b3bf-60139ab3acbb.mp4,1,fake,Pair1,pika,GenVidBench,False,D:\HaitongNi\MEngProject_SecondBench\02_D3\cache\frames\fake\Pair1_pika_pika_pika-bd8392d9-8352-5800-b3bf-60139ab3acbb.mp4,1,1,2.3048127,-2.3048127,1
F:\MEngDatasets\GenVidBench\GenVidBench\Pair1\ms\ms\ms-560931d1-903d-56e8-87ac-149535967748.mp4,Pair1\ms\ms\ms-560931d1-903d-56e8-87ac-149535967748.mp4,1,fake,Pair1,ms,GenVidBench,False,D:\HaitongNi\MEngProject_SecondBench\02_D3\cache\frames\fake\Pair1_ms_ms_ms-560931d1-903d-56e8-87ac-149535967748.mp4,1,1,3.4049637,-3.4049637,1
F:\MEngDatasets\GenVidBench\GenVidBench\Pair1\ms\ms\ms-d5614d82-b71b-59a9-997f-6410624cb493.mp4,Pair1\ms\ms\ms-d5614d82-b71b-59a9-997f-6410624cb493.mp4,1,fake,Pair1,ms,GenVidBench,False,D:\HaitongNi\MEngProject_SecondBench\02_D3\cache\frames\fake\Pair1_ms_ms_ms-d5614d82-b71b-59a9-997f-6410624cb493.mp4,1,1,3.0376303,-3.0376303,1
F:\MEngDatasets\GenVidBench\GenVidBench\Pair2\svd\svd\01479___a group of police officers standing next to each other.mp4,Pair2\svd\svd\01479___a group of police officers standing next to each other.mp4,1,fake,Pair2,svd,GenVidBench,False,D:\HaitongNi\MEngProject_SecondBench\02_D3\cache\frames\fake\Pair2_svd_svd_01479__a_group_of_police_officers_standing_next_to_each_other.mp4,1,1,3.6559718,-3.6559718,1
F:\MEngDatasets\GenVidBench\GenVidBench\Pair1\ms\ms\ms-534de1b2-2307-5aaa-bc5b-cda0f4697261.mp4,Pair1\ms\ms\ms-534de1b2-2307-5aaa-bc5b-cda0f4697261.mp4,1,fake,Pair1,ms,GenVidBench,False,D:\HaitongNi\MEngProject_SecondBench\02_D3\cache\frames\fake\Pair1_ms_ms_ms-534de1b2-2307-5aaa-bc5b-cda0f4697261.mp4,1,1,1.2955065,-1.2955065,1
F:\MEngDatasets\GenVidBench\GenVidBench\Pair2\musev\musev\02082___a young boy standing on a tiled floor.mp4,Pair2\musev\musev\02082___a young boy standing on a tiled floor.mp4,1,fake,Pair2,musev,GenVidBench,False,D:\HaitongNi\MEngProject_SecondBench\02_D3\cache\frames\fake\Pair2_musev_musev_02082__a_young_boy_standing_on_a_tiled_floor.mp4,1,1,6.755494,-6.755494,0
F:\MEngDatasets\GenVidBench\GenVidBench\Pair1\vc2\vc2\vc-20ae02c0-bf3c-51f6-8382-5e54799ede52.mp4,Pair1\vc2\vc2\vc-20ae02c0-bf3c-51f6-8382-5e54799ede52.mp4,1,fake,Pair1,vc2,GenVidBench,False,D:\HaitongNi\MEngProject_SecondBench\02_D3\cache\frames\fake\Pair1_vc2_vc2_vc-20ae02c0-bf3c-51f6-8382-5e54799ede52.mp4,1,1,2.8783944,-2.8783944,1
F:\MEngDatasets\GenVidBench\GenVidBench\Pair1\pika\pika\pika-2c48b7e5-b4e6-5152-83b8-287aa74afb8f.mp4,Pair1\pika\pika\pika-2c48b7e5-b4e6-5152-83b8-287aa74afb8f.mp4,1,fake,Pair1,pika,GenVidBench,False,D:\HaitongNi\MEngProject_SecondBench\02_D3\cache\frames\fake\Pair1_pika_pika_pika-2c48b7e5-b4e6-5152-83b8-287aa74afb8f.mp4,1,1,1.5774788,-1.5774788,1
F:\MEngDatasets\GenVidBench\GenVidBench\Pair1\ms\ms\ms-20ae02c0-bf3c-51f6-8382-5e54799ede52.mp4,Pair1\ms\ms\ms-20ae02c0-bf3c-51f6-8382-5e54799ede52.mp4,1,fake,Pair1,ms,GenVidBench,False,D:\HaitongNi\MEngProject_SecondBench\02_D3\cache\frames\fake\Pair1_ms_ms_ms-20ae02c0-bf3c-51f6-8382-5e54799ede52.mp4,1,1,3.2818677,-3.2818677,1
F:\MEngDatasets\GenVidBench\GenVidBench\Pair1\ms\ms\ms-e06925ad-b463-54de-b811-4986d1fe04fe.mp4,Pair1\ms\ms\ms-e06925ad-b463-54de-b811-4986d1fe04fe.mp4,1,fake,Pair1,ms,GenVidBench,False,D:\HaitongNi\MEngProject_SecondBench\02_D3\cache\frames\fake\Pair1_ms_ms_ms-e06925ad-b463-54de-b811-4986d1fe04fe.mp4,1,1,1.67458,-1.67458,1
F:\MEngDatasets\GenVidBench\GenVidBench\Pair2\cogvideo\cogvideo\07294___four different colored dice with the words _playing the decks_.mp4,Pair2\cogvideo\cogvideo\07294___four different colored dice with the words _playing the decks_.mp4,1,fake,Pair2,cogvideo,GenVidBench,False,D:\HaitongNi\MEngProject_SecondBench\02_D3\cache\frames\fake\Pair2_cogvideo_cogvideo_07294__four_different_colored_dice_with_the_words__playing_the_decks_.mp4,1,1,1.1620983,-1.1620983,1
F:\MEngDatasets\GenVidBench\GenVidBench\Pair2\svd\svd\07095___a blurry picture of some text on a screen.mp4,Pair2\svd\svd\07095___a blurry picture of some text on a screen.mp4,1,fake,Pair2,svd,GenVidBench,False,D:\HaitongNi\MEngProject_SecondBench\02_D3\cache\frames\fake\Pair2_svd_svd_07095__a_blurry_picture_of_some_text_on_a_screen.mp4,1,1,1.1638274,-1.1638274,1
F:\MEngDatasets\GenVidBench\GenVidBench\Pair1\vc2\vc2\vc-d878522c-5d22-5769-a99d-8a03bdecf654.mp4,Pair1\vc2\vc2\vc-d878522c-5d22-5769-a99d-8a03bdecf654.mp4,1,fake,Pair1,vc2,GenVidBench,False,D:\HaitongNi\MEngProject_SecondBench\02_D3\cache\frames\fake\Pair1_vc2_vc2_vc-d878522c-5d22-5769-a99d-8a03bdecf654.mp4,1,1,0.79328305,-0.79328305,1
F:\MEngDatasets\GenVidBench\GenVidBench\Pair2\musev\musev\08012___a sign for a restaurant that says chef kung.mp4,Pair2\musev\musev\08012___a sign for a restaurant that says chef kung.mp4,1,fake,Pair2,musev,GenVidBench,False,D:\HaitongNi\MEngProject_SecondBench\02_D3\cache\frames\fake\Pair2_musev_musev_08012__a_sign_for_a_restaurant_that_says_chef_kung.mp4,1,1,1.8854887,-1.8854887,1
F:\MEngDatasets\GenVidBench\GenVidBench\Pair1\vc2\vc2\vc-38cf1d7c-c109-5d4c-aad6-d7638135a2b6.mp4,Pair1\vc2\vc2\vc-38cf1d7c-c109-5d4c-aad6-d7638135a2b6.mp4,1,fake,Pair1,vc2,GenVidBench,False,D:\HaitongNi\MEngProject_SecondBench\02_D3\cache\frames\fake\Pair1_vc2_vc2_vc-38cf1d7c-c109-5d4c-aad6-d7638135a2b6.mp4,1,1,3.7343028,-3.7343028,1
F:\MEngDatasets\GenVidBench\GenVidBench\Pair2\svd\svd\05175___an amazon may enter home fitness biz.mp4,Pair2\svd\svd\05175___an amazon may enter home fitness biz.mp4,1,fake,Pair2,svd,GenVidBench,False,D:\HaitongNi\MEngProject_SecondBench\02_D3\cache\frames\fake\Pair2_svd_svd_05175__an_amazon_may_enter_home_fitness_biz.mp4,1,1,2.6077168,-2.6077168,1
F:\MEngDatasets\GenVidBench\GenVidBench\Pair1\ms\ms\ms-10ccb150-0997-5ceb-82f6-6705b4fd31aa.mp4,Pair1\ms\ms\ms-10ccb150-0997-5ceb-82f6-6705b4fd31aa.mp4,1,fake,Pair1,ms,GenVidBench,False,D:\HaitongNi\MEngProject_SecondBench\02_D3\cache\frames\fake\Pair1_ms_ms_ms-10ccb150-0997-5ceb-82f6-6705b4fd31aa.mp4,1,1,2.3869727,-2.3869727,1
F:\MEngDatasets\GenVidBench\GenVidBench\Pair2\mora\mora\05467___a map showing the locations of north korea and south korea.mp4,Pair2\mora\mora\05467___a map showing the locations of north korea and south korea.mp4,1,fake,Pair2,mora,GenVidBench,False,D:\HaitongNi\MEngProject_SecondBench\02_D3\cache\frames\fake\Pair2_mora_mora_05467__a_map_showing_the_locations_of_north_korea_and_south_korea.mp4,1,1,0.5557757,-0.5557757,1
F:\MEngDatasets\GenVidBench\GenVidBench\Pair2\cogvideo\cogvideo\12067___a cell phone with a cartoon game on it.mp4,Pair2\cogvideo\cogvideo\12067___a cell phone with a cartoon game on it.mp4,1,fake,Pair2,cogvideo,GenVidBench,False,D:\HaitongNi\MEngProject_SecondBench\02_D3\cache\frames\fake\Pair2_cogvideo_cogvideo_12067__a_cell_phone_with_a_cartoon_game_on_it.mp4,1,1,2.2135282,-2.2135282,1
F:\MEngDatasets\GenVidBench\GenVidBench\Pair2\musev\musev\00797___a close up of a bathroom sink.mp4,Pair2\musev\musev\00797___a close up of a bathroom sink.mp4,1,fake,Pair2,musev,GenVidBench,False,D:\HaitongNi\MEngProject_SecondBench\02_D3\cache\frames\fake\Pair2_musev_musev_00797__a_close_up_of_a_bathroom_sink.mp4,1,1,3.7067451,-3.7067451,1
F:\MEngDatasets\GenVidBench\GenVidBench\Pair2\cogvideo\cogvideo\13288___a small animal inside of a glass enclosure.mp4,Pair2\cogvideo\cogvideo\13288___a small animal inside of a glass enclosure.mp4,1,fake,Pair2,cogvideo,GenVidBench,False,D:\HaitongNi\MEngProject_SecondBench\02_D3\cache\frames\fake\Pair2_cogvideo_cogvideo_13288__a_small_animal_inside_of_a_glass_enclosure.mp4,1,1,1.7656357,-1.7656357,1
F:\MEngDatasets\GenVidBench\GenVidBench\Pair2\svd\svd\12336___a close up of a bird in a cage.mp4,Pair2\svd\svd\12336___a close up of a bird in a cage.mp4,1,fake,Pair2,svd,GenVidBench,False,D:\HaitongNi\MEngProject_SecondBench\02_D3\cache\frames\fake\Pair2_svd_svd_12336__a_close_up_of_a_bird_in_a_cage.mp4,1,1,6.70804,-6.70804,0
F:\MEngDatasets\GenVidBench\GenVidBench\Pair2\mora\mora\00354___two pictures of a bird in a cage.mp4,Pair2\mora\mora\00354___two pictures of a bird in a cage.mp4,1,fake,Pair2,mora,GenVidBench,False,D:\HaitongNi\MEngProject_SecondBench\02_D3\cache\frames\fake\Pair2_mora_mora_00354__two_pictures_of_a_bird_in_a_cage.mp4,1,1,2.0851228,-2.0851228,1
F:\MEngDatasets\GenVidBench\GenVidBench\Pair1\t2vz\t2vz\t2vz-534de1b2-2307-5aaa-bc5b-cda0f4697261.mp4,Pair1\t2vz\t2vz\t2vz-534de1b2-2307-5aaa-bc5b-cda0f4697261.mp4,1,fake,Pair1,t2vz,GenVidBench,False,D:\HaitongNi\MEngProject_SecondBench\02_D3\cache\frames\fake\Pair1_t2vz_t2vz_t2vz-534de1b2-2307-5aaa-bc5b-cda0f4697261.mp4,1,1,8.227728,-8.227728,0
F:\MEngDatasets\GenVidBench\GenVidBench\Pair2\svd\svd\10334___a large white building with several flags on it.mp4,Pair2\svd\svd\10334___a large white building with several flags on it.mp4,1,fake,Pair2,svd,GenVidBench,False,D:\HaitongNi\MEngProject_SecondBench\02_D3\cache\frames\fake\Pair2_svd_svd_10334__a_large_white_building_with_several_flags_on_it.mp4,1,1,3.518998,-3.518998,1
F:\MEngDatasets\GenVidBench\GenVidBench\Pair1\t2vz\t2vz\t2vz-70770d2b-1dab-5c0e-935c-12fc3779bf06.mp4,Pair1\t2vz\t2vz\t2vz-70770d2b-1dab-5c0e-935c-12fc3779bf06.mp4,1,fake,Pair1,t2vz,GenVidBench,False,D:\HaitongNi\MEngProject_SecondBench\02_D3\cache\frames\fake\Pair1_t2vz_t2vz_t2vz-70770d2b-1dab-5c0e-935c-12fc3779bf06.mp4,1,1,17.570002,-17.570002,0
F:\MEngDatasets\GenVidBench\GenVidBench\Pair2\svd\svd\09152___a yellow gun in a video game.mp4,Pair2\svd\svd\09152___a yellow gun in a video game.mp4,1,fake,Pair2,svd,GenVidBench,False,D:\HaitongNi\MEngProject_SecondBench\02_D3\cache\frames\fake\Pair2_svd_svd_09152__a_yellow_gun_in_a_video_game.mp4,1,1,2.5520475,-2.5520475,1
F:\MEngDatasets\GenVidBench\GenVidBench\Pair1\ms\ms\ms-1d8e9939-76eb-5dc8-aab3-a78612eceb41.mp4,Pair1\ms\ms\ms-1d8e9939-76eb-5dc8-aab3-a78612eceb41.mp4,1,fake,Pair1,ms,GenVidBench,False,D:\HaitongNi\MEngProject_SecondBench\02_D3\cache\frames\fake\Pair1_ms_ms_ms-1d8e9939-76eb-5dc8-aab3-a78612eceb41.mp4,1,1,1.9590812,-1.9590812,1
F:\MEngDatasets\GenVidBench\GenVidBench\Pair1\ms\ms\ms-08d9a859-f62c-59bc-9fe7-89464deaa706.mp4,Pair1\ms\ms\ms-08d9a859-f62c-59bc-9fe7-89464deaa706.mp4,1,fake,Pair1,ms,GenVidBench,False,D:\HaitongNi\MEngProject_SecondBench\02_D3\cache\frames\fake\Pair1_ms_ms_ms-08d9a859-f62c-59bc-9fe7-89464deaa706.mp4,1,1,1.4044743,-1.4044743,1
F:\MEngDatasets\GenVidBench\GenVidBench\Pair1\t2vz\t2vz\t2vz-828040e4-9aca-515d-a9bc-3dd881ef1ed7.mp4,Pair1\t2vz\t2vz\t2vz-828040e4-9aca-515d-a9bc-3dd881ef1ed7.mp4,1,fake,Pair1,t2vz,GenVidBench,False,D:\HaitongNi\MEngProject_SecondBench\02_D3\cache\frames\fake\Pair1_t2vz_t2vz_t2vz-828040e4-9aca-515d-a9bc-3dd881ef1ed7.mp4,1,1,14.943615,-14.943615,0
F:\MEngDatasets\GenVidBench\GenVidBench\Pair2\musev\musev\07170___a news anchor is standing in front of a plane.mp4,Pair2\musev\musev\07170___a news anchor is standing in front of a plane.mp4,1,fake,Pair2,musev,GenVidBench,False,D:\HaitongNi\MEngProject_SecondBench\02_D3\cache\frames\fake\Pair2_musev_musev_07170__a_news_anchor_is_standing_in_front_of_a_plane.mp4,1,1,2.136521,-2.136521,1
F:\MEngDatasets\GenVidBench\GenVidBench\Pair2\musev\musev\12738___a stop sign with a street sign on top of it.mp4,Pair2\musev\musev\12738___a stop sign with a street sign on top of it.mp4,1,fake,Pair2,musev,GenVidBench,False,D:\HaitongNi\MEngProject_SecondBench\02_D3\cache\frames\fake\Pair2_musev_musev_12738__a_stop_sign_with_a_street_sign_on_top_of_it.mp4,1,1,4.551127,-4.551127,0
F:\MEngDatasets\GenVidBench\GenVidBench\Pair1\vc2\vc2\vc-a6aa3db8-6774-54ed-abf8-89bb1a29dc4d.mp4,Pair1\vc2\vc2\vc-a6aa3db8-6774-54ed-abf8-89bb1a29dc4d.mp4,1,fake,Pair1,vc2,GenVidBench,False,D:\HaitongNi\MEngProject_SecondBench\02_D3\cache\frames\fake\Pair1_vc2_vc2_vc-a6aa3db8-6774-54ed-abf8-89bb1a29dc4d.mp4,1,1,0.66581416,-0.66581416,1
F:\MEngDatasets\GenVidBench\GenVidBench\Pair1\t2vz\t2vz\t2vz-6dad3ece-d203-551b-b5f0-9b8a4fa19024.mp4,Pair1\t2vz\t2vz\t2vz-6dad3ece-d203-551b-b5f0-9b8a4fa19024.mp4,1,fake,Pair1,t2vz,GenVidBench,False,D:\HaitongNi\MEngProject_SecondBench\02_D3\cache\frames\fake\Pair1_t2vz_t2vz_t2vz-6dad3ece-d203-551b-b5f0-9b8a4fa19024.mp4,1,1,11.587987,-11.587987,0
F:\MEngDatasets\GenVidBench\GenVidBench\Pair2\cogvideo\cogvideo\10934___three newspapers sitting on top of a table.mp4,Pair2\cogvideo\cogvideo\10934___three newspapers sitting on top of a table.mp4,1,fake,Pair2,cogvideo,GenVidBench,False,D:\HaitongNi\MEngProject_SecondBench\02_D3\cache\frames\fake\Pair2_cogvideo_cogvideo_10934__three_newspapers_sitting_on_top_of_a_table.mp4,1,1,2.5924246,-2.5924246,1
F:\MEngDatasets\GenVidBench\GenVidBench\Pair1\t2vz\t2vz\t2vz-a8e00099-b278-55d0-bfff-0011efad5914.mp4,Pair1\t2vz\t2vz\t2vz-a8e00099-b278-55d0-bfff-0011efad5914.mp4,1,fake,Pair1,t2vz,GenVidBench,False,D:\HaitongNi\MEngProject_SecondBench\02_D3\cache\frames\fake\Pair1_t2vz_t2vz_t2vz-a8e00099-b278-55d0-bfff-0011efad5914.mp4,1,1,6.007257,-6.007257,0
F:\MEngDatasets\GenVidBench\GenVidBench\Pair2\cogvideo\cogvideo\07451___a cartoon peppa pig dressed in a top hat and coat.mp4,Pair2\cogvideo\cogvideo\07451___a cartoon peppa pig dressed in a top hat and coat.mp4,1,fake,Pair2,cogvideo,GenVidBench,False,D:\HaitongNi\MEngProject_SecondBench\02_D3\cache\frames\fake\Pair2_cogvideo_cogvideo_07451__a_cartoon_peppa_pig_dressed_in_a_top_hat_and_coat.mp4,1,1,1.5258697,-1.5258697,1
F:\MEngDatasets\GenVidBench\GenVidBench\Pair1\vc2\vc2\vc-21a72913-48de-5e80-85bf-da10c639ab49.mp4,Pair1\vc2\vc2\vc-21a72913-48de-5e80-85bf-da10c639ab49.mp4,1,fake,Pair1,vc2,GenVidBench,False,D:\HaitongNi\MEngProject_SecondBench\02_D3\cache\frames\fake\Pair1_vc2_vc2_vc-21a72913-48de-5e80-85bf-da10c639ab49.mp4,1,1,0.6011302,-0.6011302,1
F:\MEngDatasets\GenVidBench\GenVidBench\Pair2\mora\mora\00469___a cartoon character standing next to a dog.mp4,Pair2\mora\mora\00469___a cartoon character standing next to a dog.mp4,1,fake,Pair2,mora,GenVidBench,False,D:\HaitongNi\MEngProject_SecondBench\02_D3\cache\frames\fake\Pair2_mora_mora_00469__a_cartoon_character_standing_next_to_a_dog.mp4,1,1,6.045714,-6.045714,0
F:\MEngDatasets\GenVidBench\GenVidBench\Pair1\vc2\vc2\vc-8eeeefe2-5303-5ec2-895d-394d73ded281.mp4,Pair1\vc2\vc2\vc-8eeeefe2-5303-5ec2-895d-394d73ded281.mp4,1,fake,Pair1,vc2,GenVidBench,False,D:\HaitongNi\MEngProject_SecondBench\02_D3\cache\frames\fake\Pair1_vc2_vc2_vc-8eeeefe2-5303-5ec2-895d-394d73ded281.mp4,1,1,1.099217,-1.099217,1
F:\MEngDatasets\GenVidBench\GenVidBench\Pair2\cogvideo\cogvideo\03669___a screen shot of a website with a shopping cart.mp4,Pair2\cogvideo\cogvideo\03669___a screen shot of a website with a shopping cart.mp4,1,fake,Pair2,cogvideo,GenVidBench,False,D:\HaitongNi\MEngProject_SecondBench\02_D3\cache\frames\fake\Pair2_cogvideo_cogvideo_03669__a_screen_shot_of_a_website_with_a_shopping_cart.mp4,1,1,2.8762152,-2.8762152,1
F:\MEngDatasets\GenVidBench\GenVidBench\Pair1\pika\pika\pika-ccb9b3b6-4648-507c-a041-71a022447232.mp4,Pair1\pika\pika\pika-ccb9b3b6-4648-507c-a041-71a022447232.mp4,1,fake,Pair1,pika,GenVidBench,False,D:\HaitongNi\MEngProject_SecondBench\02_D3\cache\frames\fake\Pair1_pika_pika_pika-ccb9b3b6-4648-507c-a041-71a022447232.mp4,1,1,0.8323962,-0.8323962,1
F:\MEngDatasets\GenVidBench\GenVidBench\Pair1\vc2\vc2\vc-6836d5d3-0d92-5d85-a32b-b121f9ba9b04.mp4,Pair1\vc2\vc2\vc-6836d5d3-0d92-5d85-a32b-b121f9ba9b04.mp4,1,fake,Pair1,vc2,GenVidBench,False,D:\HaitongNi\MEngProject_SecondBench\02_D3\cache\frames\fake\Pair1_vc2_vc2_vc-6836d5d3-0d92-5d85-a32b-b121f9ba9b04.mp4,1,1,0.6701117,-0.6701117,1
F:\MEngDatasets\GenVidBench\GenVidBench\Pair1\pika\pika\pika-a6aa3db8-6774-54ed-abf8-89bb1a29dc4d.mp4,Pair1\pika\pika\pika-a6aa3db8-6774-54ed-abf8-89bb1a29dc4d.mp4,1,fake,Pair1,pika,GenVidBench,False,D:\HaitongNi\MEngProject_SecondBench\02_D3\cache\frames\fake\Pair1_pika_pika_pika-a6aa3db8-6774-54ed-abf8-89bb1a29dc4d.mp4,1,1,1.3764689,-1.3764689,1
F:\MEngDatasets\GenVidBench\GenVidBench\Pair1\t2vz\t2vz\t2vz-807ec19f-d33e-5059-8aa2-877ca8f7c20f.mp4,Pair1\t2vz\t2vz\t2vz-807ec19f-d33e-5059-8aa2-877ca8f7c20f.mp4,1,fake,Pair1,t2vz,GenVidBench,False,D:\HaitongNi\MEngProject_SecondBench\02_D3\cache\frames\fake\Pair1_t2vz_t2vz_t2vz-807ec19f-d33e-5059-8aa2-877ca8f7c20f.mp4,1,1,17.72343,-17.72343,0
F:\MEngDatasets\GenVidBench\GenVidBench\Pair2\cogvideo\cogvideo\08843___four different types of iphone iphone iphone iphone iphone iphone iphone iphone iph.mp4,Pair2\cogvideo\cogvideo\08843___four different types of iphone iphone iphone iphone iphone iphone iphone iphone iph.mp4,1,fake,Pair2,cogvideo,GenVidBench,False,D:\HaitongNi\MEngProject_SecondBench\02_D3\cache\frames\fake\Pair2_cogvideo_cogvideo_08843__four_different_types_of_iphone_iphone_iphone_iphone_iphone_iphone_iphone_iphone_iph.mp4,1,1,1.564306,-1.564306,1
F:\MEngDatasets\GenVidBench\GenVidBench\Pair1\t2vz\t2vz\t2vz-ff2b6437-8e05-5974-948a-46e35895dc41.mp4,Pair1\t2vz\t2vz\t2vz-ff2b6437-8e05-5974-948a-46e35895dc41.mp4,1,fake,Pair1,t2vz,GenVidBench,False,D:\HaitongNi\MEngProject_SecondBench\02_D3\cache\frames\fake\Pair1_t2vz_t2vz_t2vz-ff2b6437-8e05-5974-948a-46e35895dc41.mp4,1,1,11.774787,-11.774787,0
F:\MEngDatasets\GenVidBench\GenVidBench\Pair1\t2vz\t2vz\t2vz-015b6972-c260-5220-9166-33f0d10c2ce8.mp4,Pair1\t2vz\t2vz\t2vz-015b6972-c260-5220-9166-33f0d10c2ce8.mp4,1,fake,Pair1,t2vz,GenVidBench,False,D:\HaitongNi\MEngProject_SecondBench\02_D3\cache\frames\fake\Pair1_t2vz_t2vz_t2vz-015b6972-c260-5220-9166-33f0d10c2ce8.mp4,1,1,13.500464,-13.500464,0
F:\MEngDatasets\GenVidBench\GenVidBench\Pair2\musev\musev\13364___a cartoon character wearing a yellow shirt and red tie.mp4,Pair2\musev\musev\13364___a cartoon character wearing a yellow shirt and red tie.mp4,1,fake,Pair2,musev,GenVidBench,False,D:\HaitongNi\MEngProject_SecondBench\02_D3\cache\frames\fake\Pair2_musev_musev_13364__a_cartoon_character_wearing_a_yellow_shirt_and_red_tie.mp4,1,1,2.8304343,-2.8304343,1
F:\MEngDatasets\GenVidBench\GenVidBench\Pair2\svd\svd\01072___a baseball player wearing a chicago cubs uniform.mp4,Pair2\svd\svd\01072___a baseball player wearing a chicago cubs uniform.mp4,1,fake,Pair2,svd,GenVidBench,False,D:\HaitongNi\MEngProject_SecondBench\02_D3\cache\frames\fake\Pair2_svd_svd_01072__a_baseball_player_wearing_a_chicago_cubs_uniform.mp4,1,1,4.2642126,-4.2642126,1
F:\MEngDatasets\GenVidBench\GenVidBench\Pair1\pika\pika\pika-015b6972-c260-5220-9166-33f0d10c2ce8.mp4,Pair1\pika\pika\pika-015b6972-c260-5220-9166-33f0d10c2ce8.mp4,1,fake,Pair1,pika,GenVidBench,False,D:\HaitongNi\MEngProject_SecondBench\02_D3\cache\frames\fake\Pair1_pika_pika_pika-015b6972-c260-5220-9166-33f0d10c2ce8.mp4,1,1,0.90669733,-0.90669733,1
F:\MEngDatasets\GenVidBench\GenVidBench\Pair1\ms\ms\ms-426d9667-3ab8-5792-9634-aa99a5c2be26.mp4,Pair1\ms\ms\ms-426d9667-3ab8-5792-9634-aa99a5c2be26.mp4,1,fake,Pair1,ms,GenVidBench,False,D:\HaitongNi\MEngProject_SecondBench\02_D3\cache\frames\fake\Pair1_ms_ms_ms-426d9667-3ab8-5792-9634-aa99a5c2be26.mp4,1,1,4.6229258,-4.6229258,0
F:\MEngDatasets\GenVidBench\GenVidBench\Pair1\t2vz\t2vz\t2vz-d5614d82-b71b-59a9-997f-6410624cb493.mp4,Pair1\t2vz\t2vz\t2vz-d5614d82-b71b-59a9-997f-6410624cb493.mp4,1,fake,Pair1,t2vz,GenVidBench,False,D:\HaitongNi\MEngProject_SecondBench\02_D3\cache\frames\fake\Pair1_t2vz_t2vz_t2vz-d5614d82-b71b-59a9-997f-6410624cb493.mp4,1,1,11.111226,-11.111226,0
F:\MEngDatasets\GenVidBench\GenVidBench\Pair2\cogvideo\cogvideo\08787___a yellow school bus driving down a street.mp4,Pair2\cogvideo\cogvideo\08787___a yellow school bus driving down a street.mp4,1,fake,Pair2,cogvideo,GenVidBench,False,D:\HaitongNi\MEngProject_SecondBench\02_D3\cache\frames\fake\Pair2_cogvideo_cogvideo_08787__a_yellow_school_bus_driving_down_a_street.mp4,1,1,2.5357196,-2.5357196,1
F:\MEngDatasets\GenVidBench\GenVidBench\Pair2\mora\mora\10070___the back of a van filled with bags of drugs.mp4,Pair2\mora\mora\10070___the back of a van filled with bags of drugs.mp4,1,fake,Pair2,mora,GenVidBench,False,D:\HaitongNi\MEngProject_SecondBench\02_D3\cache\frames\fake\Pair2_mora_mora_10070__the_back_of_a_van_filled_with_bags_of_drugs.mp4,1,1,1.2844377,-1.2844377,1
F:\MEngDatasets\GenVidBench\GenVidBench\Pair1\pika\pika\pika-828040e4-9aca-515d-a9bc-3dd881ef1ed7.mp4,Pair1\pika\pika\pika-828040e4-9aca-515d-a9bc-3dd881ef1ed7.mp4,1,fake,Pair1,pika,GenVidBench,False,D:\HaitongNi\MEngProject_SecondBench\02_D3\cache\frames\fake\Pair1_pika_pika_pika-828040e4-9aca-515d-a9bc-3dd881ef1ed7.mp4,1,1,2.57691,-2.57691,1
F:\MEngDatasets\GenVidBench\GenVidBench\Pair2\mora\mora\02778___a map of japan with a red face on it.mp4,Pair2\mora\mora\02778___a map of japan with a red face on it.mp4,1,fake,Pair2,mora,GenVidBench,False,D:\HaitongNi\MEngProject_SecondBench\02_D3\cache\frames\fake\Pair2_mora_mora_02778__a_map_of_japan_with_a_red_face_on_it.mp4,1,1,2.435363,-2.435363,1
F:\MEngDatasets\GenVidBench\GenVidBench\Pair1\pika\pika\pika-b186afc4-3c50-566e-8091-11c41ac75c2b.mp4,Pair1\pika\pika\pika-b186afc4-3c50-566e-8091-11c41ac75c2b.mp4,1,fake,Pair1,pika,GenVidBench,False,D:\HaitongNi\MEngProject_SecondBench\02_D3\cache\frames\fake\Pair1_pika_pika_pika-b186afc4-3c50-566e-8091-11c41ac75c2b.mp4,1,1,0.27170536,-0.27170536,1
F:\MEngDatasets\GenVidBench\GenVidBench\Pair2\musev\musev\05668___a tractor driving down a dirt road.mp4,Pair2\musev\musev\05668___a tractor driving down a dirt road.mp4,1,fake,Pair2,musev,GenVidBench,False,D:\HaitongNi\MEngProject_SecondBench\02_D3\cache\frames\fake\Pair2_musev_musev_05668__a_tractor_driving_down_a_dirt_road.mp4,1,1,6.1711817,-6.1711817,0
F:\MEngDatasets\GenVidBench\GenVidBench\Pair1\vc2\vc2\vc-3d912141-6b6e-5cfd-8c30-12bad1a64b89.mp4,Pair1\vc2\vc2\vc-3d912141-6b6e-5cfd-8c30-12bad1a64b89.mp4,1,fake,Pair1,vc2,GenVidBench,False,D:\HaitongNi\MEngProject_SecondBench\02_D3\cache\frames\fake\Pair1_vc2_vc2_vc-3d912141-6b6e-5cfd-8c30-12bad1a64b89.mp4,1,1,1.283617,-1.283617,1
F:\MEngDatasets\GenVidBench\GenVidBench\Pair1\vc2\vc2\vc-ff2c8815-2aff-5fdb-8394-1917fb571f42.mp4,Pair1\vc2\vc2\vc-ff2c8815-2aff-5fdb-8394-1917fb571f42.mp4,1,fake,Pair1,vc2,GenVidBench,False,D:\HaitongNi\MEngProject_SecondBench\02_D3\cache\frames\fake\Pair1_vc2_vc2_vc-ff2c8815-2aff-5fdb-8394-1917fb571f42.mp4,1,1,1.2836182,-1.2836182,1
F:\MEngDatasets\GenVidBench\GenVidBench\Pair1\pika\pika\pika-e06925ad-b463-54de-b811-4986d1fe04fe.mp4,Pair1\pika\pika\pika-e06925ad-b463-54de-b811-4986d1fe04fe.mp4,1,fake,Pair1,pika,GenVidBench,False,D:\HaitongNi\MEngProject_SecondBench\02_D3\cache\frames\fake\Pair1_pika_pika_pika-e06925ad-b463-54de-b811-4986d1fe04fe.mp4,1,1,0.57675666,-0.57675666,1
F:\MEngDatasets\GenVidBench\GenVidBench\Pair2\cogvideo\cogvideo\05067___a lone skier in the middle of a snowy mountain.mp4,Pair2\cogvideo\cogvideo\05067___a lone skier in the middle of a snowy mountain.mp4,1,fake,Pair2,cogvideo,GenVidBench,False,D:\HaitongNi\MEngProject_SecondBench\02_D3\cache\frames\fake\Pair2_cogvideo_cogvideo_05067__a_lone_skier_in_the_middle_of_a_snowy_mountain.mp4,1,1,2.4304962,-2.4304962,1
F:\MEngDatasets\GenVidBench\GenVidBench\Pair1\t2vz\t2vz\t2vz-12576125-3471-5ed6-9be2-055b7a86f8ce.mp4,Pair1\t2vz\t2vz\t2vz-12576125-3471-5ed6-9be2-055b7a86f8ce.mp4,1,fake,Pair1,t2vz,GenVidBench,False,D:\HaitongNi\MEngProject_SecondBench\02_D3\cache\frames\fake\Pair1_t2vz_t2vz_t2vz-12576125-3471-5ed6-9be2-055b7a86f8ce.mp4,1,1,8.99648,-8.99648,0
F:\MEngDatasets\GenVidBench\GenVidBench\Pair2\cogvideo\cogvideo\09705___a screen shot of a character in a game.mp4,Pair2\cogvideo\cogvideo\09705___a screen shot of a character in a game.mp4,1,fake,Pair2,cogvideo,GenVidBench,False,D:\HaitongNi\MEngProject_SecondBench\02_D3\cache\frames\fake\Pair2_cogvideo_cogvideo_09705__a_screen_shot_of_a_character_in_a_game.mp4,1,1,1.8433658,-1.8433658,1
F:\MEngDatasets\GenVidBench\GenVidBench\Pair1\pika\pika\pika-ed905ae2-ee34-529c-a804-3ce2d5e7e939.mp4,Pair1\pika\pika\pika-ed905ae2-ee34-529c-a804-3ce2d5e7e939.mp4,1,fake,Pair1,pika,GenVidBench,False,D:\HaitongNi\MEngProject_SecondBench\02_D3\cache\frames\fake\Pair1_pika_pika_pika-ed905ae2-ee34-529c-a804-3ce2d5e7e939.mp4,1,1,1.2634667,-1.2634667,1
F:\MEngDatasets\GenVidBench\GenVidBench\Pair1\vc2\vc2\vc-af7aa6cd-c500-5cc9-bb3a-27e557edeb6c.mp4,Pair1\vc2\vc2\vc-af7aa6cd-c500-5cc9-bb3a-27e557edeb6c.mp4,1,fake,Pair1,vc2,GenVidBench,False,D:\HaitongNi\MEngProject_SecondBench\02_D3\cache\frames\fake\Pair1_vc2_vc2_vc-af7aa6cd-c500-5cc9-bb3a-27e557edeb6c.mp4,1,1,1.2010545,-1.2010545,1
F:\MEngDatasets\GenVidBench\GenVidBench\Pair2\mora\mora\03071___a shelf with a variety of metal items on it.mp4,Pair2\mora\mora\03071___a shelf with a variety of metal items on it.mp4,1,fake,Pair2,mora,GenVidBench,False,D:\HaitongNi\MEngProject_SecondBench\02_D3\cache\frames\fake\Pair2_mora_mora_03071__a_shelf_with_a_variety_of_metal_items_on_it.mp4,1,1,1.4654881,-1.4654881,1
F:\MEngDatasets\GenVidBench\GenVidBench\Pair1\t2vz\t2vz\t2vz-3726faf1-874e-5a95-8b2f-87b7e04766a7.mp4,Pair1\t2vz\t2vz\t2vz-3726faf1-874e-5a95-8b2f-87b7e04766a7.mp4,1,fake,Pair1,t2vz,GenVidBench,False,D:\HaitongNi\MEngProject_SecondBench\02_D3\cache\frames\fake\Pair1_t2vz_t2vz_t2vz-3726faf1-874e-5a95-8b2f-87b7e04766a7.mp4,1,1,15.191322,-15.191322,0
F:\MEngDatasets\GenVidBench\GenVidBench\Pair2\mora\mora\02141___a building with a fire hydrant on the side of it.mp4,Pair2\mora\mora\02141___a building with a fire hydrant on the side of it.mp4,1,fake,Pair2,mora,GenVidBench,False,D:\HaitongNi\MEngProject_SecondBench\02_D3\cache\frames\fake\Pair2_mora_mora_02141__a_building_with_a_fire_hydrant_on_the_side_of_it.mp4,1,1,3.7490144,-3.7490144,1
F:\MEngDatasets\GenVidBench\GenVidBench\Pair2\mora\mora\06848___a coach being carried on the shoulders of his players.mp4,Pair2\mora\mora\06848___a coach being carried on the shoulders of his players.mp4,1,fake,Pair2,mora,GenVidBench,False,D:\HaitongNi\MEngProject_SecondBench\02_D3\cache\frames\fake\Pair2_mora_mora_06848__a_coach_being_carried_on_the_shoulders_of_his_players.mp4,1,1,3.0851748,-3.0851748,1
F:\MEngDatasets\GenVidBench\GenVidBench\Pair2\cogvideo\cogvideo\10264___two stuffed animals standing next to a desk.mp4,Pair2\cogvideo\cogvideo\10264___two stuffed animals standing next to a desk.mp4,1,fake,Pair2,cogvideo,GenVidBench,False,D:\HaitongNi\MEngProject_SecondBench\02_D3\cache\frames\fake\Pair2_cogvideo_cogvideo_10264__two_stuffed_animals_standing_next_to_a_desk.mp4,1,1,0.7376056,-0.7376056,1
F:\MEngDatasets\GenVidBench\GenVidBench\Pair2\mora\mora\08595___a picture of a motorcycle with a light on it.mp4,Pair2\mora\mora\08595___a picture of a motorcycle with a light on it.mp4,1,fake,Pair2,mora,GenVidBench,False,D:\HaitongNi\MEngProject_SecondBench\02_D3\cache\frames\fake\Pair2_mora_mora_08595__a_picture_of_a_motorcycle_with_a_light_on_it.mp4,1,1,1.9631829,-1.9631829,1
F:\MEngDatasets\GenVidBench\GenVidBench\Pair2\musev\musev\11382___a wooden chest of drawers sitting on top of a counter.mp4,Pair2\musev\musev\11382___a wooden chest of drawers sitting on top of a counter.mp4,1,fake,Pair2,musev,GenVidBench,False,D:\HaitongNi\MEngProject_SecondBench\02_D3\cache\frames\fake\Pair2_musev_musev_11382__a_wooden_chest_of_drawers_sitting_on_top_of_a_counter.mp4,1,1,7.6197467,-7.6197467,0
F:\MEngDatasets\GenVidBench\GenVidBench\Pair2\musev\musev\02476___a park that is flooded with water.mp4,Pair2\musev\musev\02476___a park that is flooded with water.mp4,1,fake,Pair2,musev,GenVidBench,False,D:\HaitongNi\MEngProject_SecondBench\02_D3\cache\frames\fake\Pair2_musev_musev_02476__a_park_that_is_flooded_with_water.mp4,1,1,6.5887833,-6.5887833,0
F:\MEngDatasets\GenVidBench\GenVidBench\Pair1\ms\ms\ms-15d13bf9-a053-5dfe-a244-32086ec1c77b.mp4,Pair1\ms\ms\ms-15d13bf9-a053-5dfe-a244-32086ec1c77b.mp4,1,fake,Pair1,ms,GenVidBench,False,D:\HaitongNi\MEngProject_SecondBench\02_D3\cache\frames\fake\Pair1_ms_ms_ms-15d13bf9-a053-5dfe-a244-32086ec1c77b.mp4,1,1,2.524997,-2.524997,1
F:\MEngDatasets\GenVidBench\GenVidBench\Pair1\pika\pika\pika-8eeeefe2-5303-5ec2-895d-394d73ded281.mp4,Pair1\pika\pika\pika-8eeeefe2-5303-5ec2-895d-394d73ded281.mp4,1,fake,Pair1,pika,GenVidBench,False,D:\HaitongNi\MEngProject_SecondBench\02_D3\cache\frames\fake\Pair1_pika_pika_pika-8eeeefe2-5303-5ec2-895d-394d73ded281.mp4,1,1,1.7817752,-1.7817752,1
F:\MEngDatasets\GenVidBench\GenVidBench\Pair2\cogvideo\cogvideo\06819___a table topped with ingredients for a cake.mp4,Pair2\cogvideo\cogvideo\06819___a table topped with ingredients for a cake.mp4,1,fake,Pair2,cogvideo,GenVidBench,False,D:\HaitongNi\MEngProject_SecondBench\02_D3\cache\frames\fake\Pair2_cogvideo_cogvideo_06819__a_table_topped_with_ingredients_for_a_cake.mp4,1,1,2.1250737,-2.1250737,1
F:\MEngDatasets\GenVidBench\GenVidBench\Pair2\musev\musev\12336___a close up of a bird in a cage.mp4,Pair2\musev\musev\12336___a close up of a bird in a cage.mp4,1,fake,Pair2,musev,GenVidBench,False,D:\HaitongNi\MEngProject_SecondBench\02_D3\cache\frames\fake\Pair2_musev_musev_12336__a_close_up_of_a_bird_in_a_cage.mp4,1,1,3.937828,-3.937828,1
F:\MEngDatasets\GenVidBench\GenVidBench\Pair2\musev\musev\08003___an airplane flying through a clear blue sky.mp4,Pair2\musev\musev\08003___an airplane flying through a clear blue sky.mp4,1,fake,Pair2,musev,GenVidBench,False,D:\HaitongNi\MEngProject_SecondBench\02_D3\cache\frames\fake\Pair2_musev_musev_08003__an_airplane_flying_through_a_clear_blue_sky.mp4,1,1,5.7818294,-5.7818294,0
F:\MEngDatasets\GenVidBench\GenVidBench\Pair2\musev\musev\06329___a brown and white bird sitting in a tree.mp4,Pair2\musev\musev\06329___a brown and white bird sitting in a tree.mp4,1,fake,Pair2,musev,GenVidBench,False,D:\HaitongNi\MEngProject_SecondBench\02_D3\cache\frames\fake\Pair2_musev_musev_06329__a_brown_and_white_bird_sitting_in_a_tree.mp4,1,1,2.3956075,-2.3956075,1
F:\MEngDatasets\GenVidBench\GenVidBench\Pair1\ms\ms\ms-7b1711ba-3c30-539f-8ba7-5dff10e848c6.mp4,Pair1\ms\ms\ms-7b1711ba-3c30-539f-8ba7-5dff10e848c6.mp4,1,fake,Pair1,ms,GenVidBench,False,D:\HaitongNi\MEngProject_SecondBench\02_D3\cache\frames\fake\Pair1_ms_ms_ms-7b1711ba-3c30-539f-8ba7-5dff10e848c6.mp4,1,1,2.9839509,-2.9839509,1
F:\MEngDatasets\GenVidBench\GenVidBench\Pair2\musev\musev\01857___a young boy sitting at a counter with a bowl of food.mp4,Pair2\musev\musev\01857___a young boy sitting at a counter with a bowl of food.mp4,1,fake,Pair2,musev,GenVidBench,False,D:\HaitongNi\MEngProject_SecondBench\02_D3\cache\frames\fake\Pair2_musev_musev_01857__a_young_boy_sitting_at_a_counter_with_a_bowl_of_food.mp4,1,1,5.395338,-5.395338,0
F:\MEngDatasets\GenVidBench\GenVidBench\Pair2\cogvideo\cogvideo\06831___a weather map with snow on it.mp4,Pair2\cogvideo\cogvideo\06831___a weather map with snow on it.mp4,1,fake,Pair2,cogvideo,GenVidBench,False,D:\HaitongNi\MEngProject_SecondBench\02_D3\cache\frames\fake\Pair2_cogvideo_cogvideo_06831__a_weather_map_with_snow_on_it.mp4,1,1,3.084489,-3.084489,1
F:\MEngDatasets\GenVidBench\GenVidBench\Pair2\svd\svd\08583___a computer screen showing a drawing of a horse.mp4,Pair2\svd\svd\08583___a computer screen showing a drawing of a horse.mp4,1,fake,Pair2,svd,GenVidBench,False,D:\HaitongNi\MEngProject_SecondBench\02_D3\cache\frames\fake\Pair2_svd_svd_08583__a_computer_screen_showing_a_drawing_of_a_horse.mp4,1,1,5.3428044,-5.3428044,0
F:\MEngDatasets\GenVidBench\GenVidBench\Pair2\cogvideo\cogvideo\00609___a couple of kids playing basketball on a court.mp4,Pair2\cogvideo\cogvideo\00609___a couple of kids playing basketball on a court.mp4,1,fake,Pair2,cogvideo,GenVidBench,False,D:\HaitongNi\MEngProject_SecondBench\02_D3\cache\frames\fake\Pair2_cogvideo_cogvideo_00609__a_couple_of_kids_playing_basketball_on_a_court.mp4,1,1,4.303232,-4.303232,1
F:\MEngDatasets\GenVidBench\GenVidBench\Pair2\cogvideo\cogvideo\12577___the cbs logo on a blue background.mp4,Pair2\cogvideo\cogvideo\12577___the cbs logo on a blue background.mp4,1,fake,Pair2,cogvideo,GenVidBench,False,D:\HaitongNi\MEngProject_SecondBench\02_D3\cache\frames\fake\Pair2_cogvideo_cogvideo_12577__the_cbs_logo_on_a_blue_background.mp4,1,1,0.87504214,-0.87504214,1
F:\MEngDatasets\GenVidBench\GenVidBench\Pair1\t2vz\t2vz\t2vz-a91ce67d-d3cc-5c0b-a386-21036e392c74.mp4,Pair1\t2vz\t2vz\t2vz-a91ce67d-d3cc-5c0b-a386-21036e392c74.mp4,1,fake,Pair1,t2vz,GenVidBench,False,D:\HaitongNi\MEngProject_SecondBench\02_D3\cache\frames\fake\Pair1_t2vz_t2vz_t2vz-a91ce67d-d3cc-5c0b-a386-21036e392c74.mp4,1,1,8.560674,-8.560674,0
F:\MEngDatasets\GenVidBench\GenVidBench\Pair1\vc2\vc2\vc-52085ef4-0f41-54af-a053-fa5dc9ede520.mp4,Pair1\vc2\vc2\vc-52085ef4-0f41-54af-a053-fa5dc9ede520.mp4,1,fake,Pair1,vc2,GenVidBench,False,D:\HaitongNi\MEngProject_SecondBench\02_D3\cache\frames\fake\Pair1_vc2_vc2_vc-52085ef4-0f41-54af-a053-fa5dc9ede520.mp4,1,1,1.9025272,-1.9025272,1
F:\MEngDatasets\GenVidBench\GenVidBench\Pair1\t2vz\t2vz\t2vz-89ed5c66-7b9e-5447-ae61-2e8f9ce6a9a9.mp4,Pair1\t2vz\t2vz\t2vz-89ed5c66-7b9e-5447-ae61-2e8f9ce6a9a9.mp4,1,fake,Pair1,t2vz,GenVidBench,False,D:\HaitongNi\MEngProject_SecondBench\02_D3\cache\frames\fake\Pair1_t2vz_t2vz_t2vz-89ed5c66-7b9e-5447-ae61-2e8f9ce6a9a9.mp4,1,1,18.285952,-18.285952,0
F:\MEngDatasets\GenVidBench\GenVidBench\Pair2\mora\mora\03690___a row of bottles of milk sitting on a shelf.mp4,Pair2\mora\mora\03690___a row of bottles of milk sitting on a shelf.mp4,1,fake,Pair2,mora,GenVidBench,False,D:\HaitongNi\MEngProject_SecondBench\02_D3\cache\frames\fake\Pair2_mora_mora_03690__a_row_of_bottles_of_milk_sitting_on_a_shelf.mp4,1,1,1.4765234,-1.4765234,1
F:\MEngDatasets\GenVidBench\GenVidBench\Pair1\pika\pika\pika-3d22a760-43ce-5ddf-a6a6-2813cf54d6b7.mp4,Pair1\pika\pika\pika-3d22a760-43ce-5ddf-a6a6-2813cf54d6b7.mp4,1,fake,Pair1,pika,GenVidBench,False,D:\HaitongNi\MEngProject_SecondBench\02_D3\cache\frames\fake\Pair1_pika_pika_pika-3d22a760-43ce-5ddf-a6a6-2813cf54d6b7.mp4,1,1,0.9141202,-0.9141202,1
F:\MEngDatasets\GenVidBench\GenVidBench\Pair2\svd\svd\12192___a close up of a doll laying on a bed.mp4,Pair2\svd\svd\12192___a close up of a doll laying on a bed.mp4,1,fake,Pair2,svd,GenVidBench,False,D:\HaitongNi\MEngProject_SecondBench\02_D3\cache\frames\fake\Pair2_svd_svd_12192__a_close_up_of_a_doll_laying_on_a_bed.mp4,1,1,3.514073,-3.514073,1
F:\MEngDatasets\GenVidBench\GenVidBench\Pair2\musev\musev\06882___a group of basketball players posing for a picture.mp4,Pair2\musev\musev\06882___a group of basketball players posing for a picture.mp4,1,fake,Pair2,musev,GenVidBench,False,D:\HaitongNi\MEngProject_SecondBench\02_D3\cache\frames\fake\Pair2_musev_musev_06882__a_group_of_basketball_players_posing_for_a_picture.mp4,1,1,2.1268494,-2.1268494,1
F:\MEngDatasets\GenVidBench\GenVidBench\Pair2\musev\musev\09691___a group of geisha dolls sitting on a bamboo pole.mp4,Pair2\musev\musev\09691___a group of geisha dolls sitting on a bamboo pole.mp4,1,fake,Pair2,musev,GenVidBench,False,D:\HaitongNi\MEngProject_SecondBench\02_D3\cache\frames\fake\Pair2_musev_musev_09691__a_group_of_geisha_dolls_sitting_on_a_bamboo_pole.mp4,1,1,1.6226076,-1.6226076,1
F:\MEngDatasets\GenVidBench\GenVidBench\Pair1\t2vz\t2vz\t2vz-c9b2959a-0cce-5df3-90e3-e0a70895dd77.mp4,Pair1\t2vz\t2vz\t2vz-c9b2959a-0cce-5df3-90e3-e0a70895dd77.mp4,1,fake,Pair1,t2vz,GenVidBench,False,D:\HaitongNi\MEngProject_SecondBench\02_D3\cache\frames\fake\Pair1_t2vz_t2vz_t2vz-c9b2959a-0cce-5df3-90e3-e0a70895dd77.mp4,1,1,11.389529,-11.389529,0
F:\MEngDatasets\GenVidBench\GenVidBench\Pair1\pika\pika\pika-25580f7b-c375-508d-9bb3-0cb7e318744a.mp4,Pair1\pika\pika\pika-25580f7b-c375-508d-9bb3-0cb7e318744a.mp4,1,fake,Pair1,pika,GenVidBench,False,D:\HaitongNi\MEngProject_SecondBench\02_D3\cache\frames\fake\Pair1_pika_pika_pika-25580f7b-c375-508d-9bb3-0cb7e318744a.mp4,1,1,3.8078642,-3.8078642,1
F:\MEngDatasets\GenVidBench\GenVidBench\Pair1\pika\pika\pika-ff2b6437-8e05-5974-948a-46e35895dc41.mp4,Pair1\pika\pika\pika-ff2b6437-8e05-5974-948a-46e35895dc41.mp4,1,fake,Pair1,pika,GenVidBench,False,D:\HaitongNi\MEngProject_SecondBench\02_D3\cache\frames\fake\Pair1_pika_pika_pika-ff2b6437-8e05-5974-948a-46e35895dc41.mp4,1,1,2.3702967,-2.3702967,1
F:\MEngDatasets\GenVidBench\GenVidBench\Pair1\t2vz\t2vz\t2vz-ccb9b3b6-4648-507c-a041-71a022447232.mp4,Pair1\t2vz\t2vz\t2vz-ccb9b3b6-4648-507c-a041-71a022447232.mp4,1,fake,Pair1,t2vz,GenVidBench,False,D:\HaitongNi\MEngProject_SecondBench\02_D3\cache\frames\fake\Pair1_t2vz_t2vz_t2vz-ccb9b3b6-4648-507c-a041-71a022447232.mp4,1,1,10.305271,-10.305271,0
F:\MEngDatasets\GenVidBench\GenVidBench\Pair2\cogvideo\cogvideo\12030___a young boy standing in the grass with a sign that says $ 200.mp4,Pair2\cogvideo\cogvideo\12030___a young boy standing in the grass with a sign that says $ 200.mp4,1,fake,Pair2,cogvideo,GenVidBench,False,D:\HaitongNi\MEngProject_SecondBench\02_D3\cache\frames\fake\Pair2_cogvideo_cogvideo_12030__a_young_boy_standing_in_the_grass_with_a_sign_that_says_$_200.mp4,1,1,1.8782444,-1.8782444,1
F:\MEngDatasets\GenVidBench\GenVidBench\Pair1\vc2\vc2\vc-70d666ee-bd5d-5ade-b0d1-b5b9085d5ca5.mp4,Pair1\vc2\vc2\vc-70d666ee-bd5d-5ade-b0d1-b5b9085d5ca5.mp4,1,fake,Pair1,vc2,GenVidBench,False,D:\HaitongNi\MEngProject_SecondBench\02_D3\cache\frames\fake\Pair1_vc2_vc2_vc-70d666ee-bd5d-5ade-b0d1-b5b9085d5ca5.mp4,1,1,0.5748852,-0.5748852,1
F:\MEngDatasets\GenVidBench\GenVidBench\Pair1\pika\pika\pika-ed3a73af-7a1d-529c-9cd3-a6d5a43e06d1.mp4,Pair1\pika\pika\pika-ed3a73af-7a1d-529c-9cd3-a6d5a43e06d1.mp4,1,fake,Pair1,pika,GenVidBench,False,D:\HaitongNi\MEngProject_SecondBench\02_D3\cache\frames\fake\Pair1_pika_pika_pika-ed3a73af-7a1d-529c-9cd3-a6d5a43e06d1.mp4,1,1,0.28729105,-0.28729105,1
F:\MEngDatasets\GenVidBench\GenVidBench\Pair2\musev\musev\13849___a tree branch with ants crawling on it.mp4,Pair2\musev\musev\13849___a tree branch with ants crawling on it.mp4,1,fake,Pair2,musev,GenVidBench,False,D:\HaitongNi\MEngProject_SecondBench\02_D3\cache\frames\fake\Pair2_musev_musev_13849__a_tree_branch_with_ants_crawling_on_it.mp4,1,1,2.4855652,-2.4855652,1
F:\MEngDatasets\GenVidBench\GenVidBench\Pair2\mora\mora\01040___a close up of a pair of scissors.mp4,Pair2\mora\mora\01040___a close up of a pair of scissors.mp4,1,fake,Pair2,mora,GenVidBench,False,D:\HaitongNi\MEngProject_SecondBench\02_D3\cache\frames\fake\Pair2_mora_mora_01040__a_close_up_of_a_pair_of_scissors.mp4,1,1,1.3598478,-1.3598478,1
F:\MEngDatasets\GenVidBench\GenVidBench\Pair1\pika\pika\pika-426d9667-3ab8-5792-9634-aa99a5c2be26.mp4,Pair1\pika\pika\pika-426d9667-3ab8-5792-9634-aa99a5c2be26.mp4,1,fake,Pair1,pika,GenVidBench,False,D:\HaitongNi\MEngProject_SecondBench\02_D3\cache\frames\fake\Pair1_pika_pika_pika-426d9667-3ab8-5792-9634-aa99a5c2be26.mp4,1,1,2.9303656,-2.9303656,1
F:\MEngDatasets\GenVidBench\GenVidBench\Pair1\vc2\vc2\vc-12576125-3471-5ed6-9be2-055b7a86f8ce.mp4,Pair1\vc2\vc2\vc-12576125-3471-5ed6-9be2-055b7a86f8ce.mp4,1,fake,Pair1,vc2,GenVidBench,False,D:\HaitongNi\MEngProject_SecondBench\02_D3\cache\frames\fake\Pair1_vc2_vc2_vc-12576125-3471-5ed6-9be2-055b7a86f8ce.mp4,1,1,1.0896909,-1.0896909,1
F:\MEngDatasets\GenVidBench\GenVidBench\Pair2\cogvideo\cogvideo\11137___a clock with the words amazon's uniform design for echo echo echo echo echo echo echo echo echo echo echo echo echo echo echo echo echo echo echo.mp4,Pair2\cogvideo\cogvideo\11137___a clock with the words amazon's uniform design for echo echo echo echo echo echo echo echo echo echo echo echo echo echo echo echo echo echo echo.mp4,1,fake,Pair2,cogvideo,GenVidBench,False,D:\HaitongNi\MEngProject_SecondBench\02_D3\cache\frames\fake\Pair2_cogvideo_cogvideo_11137__a_clock_with_the_words_amazon's_uniform_design_for_echo_echo_echo_echo_echo_echo_echo_echo_echo_echo_echo_echo_echo_echo_echo_echo_echo_echo_echo.mp4,1,1,5.835671,-5.835671,0
F:\MEngDatasets\GenVidBench\GenVidBench\Pair2\cogvideo\cogvideo\06848___a coach being carried on the shoulders of his players.mp4,Pair2\cogvideo\cogvideo\06848___a coach being carried on the shoulders of his players.mp4,1,fake,Pair2,cogvideo,GenVidBench,False,D:\HaitongNi\MEngProject_SecondBench\02_D3\cache\frames\fake\Pair2_cogvideo_cogvideo_06848__a_coach_being_carried_on_the_shoulders_of_his_players.mp4,1,1,5.831289,-5.831289,0
F:\MEngDatasets\GenVidBench\GenVidBench\Pair2\mora\mora\05529___a boat floating in the middle of a body of water.mp4,Pair2\mora\mora\05529___a boat floating in the middle of a body of water.mp4,1,fake,Pair2,mora,GenVidBench,False,D:\HaitongNi\MEngProject_SecondBench\02_D3\cache\frames\fake\Pair2_mora_mora_05529__a_boat_floating_in_the_middle_of_a_body_of_water.mp4,1,1,0.9817497,-0.9817497,1
F:\MEngDatasets\GenVidBench\GenVidBench\Pair2\musev\musev\04273___a red rectangle with a white background.mp4,Pair2\musev\musev\04273___a red rectangle with a white background.mp4,1,fake,Pair2,musev,GenVidBench,False,D:\HaitongNi\MEngProject_SecondBench\02_D3\cache\frames\fake\Pair2_musev_musev_04273__a_red_rectangle_with_a_white_background.mp4,1,1,2.755186,-2.755186,1
F:\MEngDatasets\GenVidBench\GenVidBench\Pair1\t2vz\t2vz\t2vz-2c48b7e5-b4e6-5152-83b8-287aa74afb8f.mp4,Pair1\t2vz\t2vz\t2vz-2c48b7e5-b4e6-5152-83b8-287aa74afb8f.mp4,1,fake,Pair1,t2vz,GenVidBench,False,D:\HaitongNi\MEngProject_SecondBench\02_D3\cache\frames\fake\Pair1_t2vz_t2vz_t2vz-2c48b7e5-b4e6-5152-83b8-287aa74afb8f.mp4,1,1,8.4343815,-8.4343815,0
F:\MEngDatasets\GenVidBench\GenVidBench\Pair2\cogvideo\cogvideo\04343___a screenshot of a video game.mp4,Pair2\cogvideo\cogvideo\04343___a screenshot of a video game.mp4,1,fake,Pair2,cogvideo,GenVidBench,False,D:\HaitongNi\MEngProject_SecondBench\02_D3\cache\frames\fake\Pair2_cogvideo_cogvideo_04343__a_screenshot_of_a_video_game.mp4,1,1,3.6531484,-3.6531484,1
F:\MEngDatasets\GenVidBench\GenVidBench\Pair2\cogvideo\cogvideo\07591___a picture of an egg on a blue background.mp4,Pair2\cogvideo\cogvideo\07591___a picture of an egg on a blue background.mp4,1,fake,Pair2,cogvideo,GenVidBench,False,D:\HaitongNi\MEngProject_SecondBench\02_D3\cache\frames\fake\Pair2_cogvideo_cogvideo_07591__a_picture_of_an_egg_on_a_blue_background.mp4,1,1,1.9835536,-1.9835536,1
F:\MEngDatasets\GenVidBench\GenVidBench\Pair1\t2vz\t2vz\t2vz-e06925ad-b463-54de-b811-4986d1fe04fe.mp4,Pair1\t2vz\t2vz\t2vz-e06925ad-b463-54de-b811-4986d1fe04fe.mp4,1,fake,Pair1,t2vz,GenVidBench,False,D:\HaitongNi\MEngProject_SecondBench\02_D3\cache\frames\fake\Pair1_t2vz_t2vz_t2vz-e06925ad-b463-54de-b811-4986d1fe04fe.mp4,1,1,10.717548,-10.717548,0
F:\MEngDatasets\GenVidBench\GenVidBench\Pair1\pika\pika\pika-1d8e9939-76eb-5dc8-aab3-a78612eceb41.mp4,Pair1\pika\pika\pika-1d8e9939-76eb-5dc8-aab3-a78612eceb41.mp4,1,fake,Pair1,pika,GenVidBench,False,D:\HaitongNi\MEngProject_SecondBench\02_D3\cache\frames\fake\Pair1_pika_pika_pika-1d8e9939-76eb-5dc8-aab3-a78612eceb41.mp4,1,1,2.2869616,-2.2869616,1
F:\MEngDatasets\GenVidBench\GenVidBench\Pair2\svd\svd\03689___the reflection of a cat in the window of a car.mp4,Pair2\svd\svd\03689___the reflection of a cat in the window of a car.mp4,1,fake,Pair2,svd,GenVidBench,False,D:\HaitongNi\MEngProject_SecondBench\02_D3\cache\frames\fake\Pair2_svd_svd_03689__the_reflection_of_a_cat_in_the_window_of_a_car.mp4,1,1,4.255987,-4.255987,1
F:\MEngDatasets\GenVidBench\GenVidBench\Pair2\musev\musev\00321___a piece of paper sitting on top of a wooden table.mp4,Pair2\musev\musev\00321___a piece of paper sitting on top of a wooden table.mp4,1,fake,Pair2,musev,GenVidBench,False,D:\HaitongNi\MEngProject_SecondBench\02_D3\cache\frames\fake\Pair2_musev_musev_00321__a_piece_of_paper_sitting_on_top_of_a_wooden_table.mp4,1,1,7.4757476,-7.4757476,0
F:\MEngDatasets\GenVidBench\GenVidBench\Pair1\ms\ms\ms-21a72913-48de-5e80-85bf-da10c639ab49.mp4,Pair1\ms\ms\ms-21a72913-48de-5e80-85bf-da10c639ab49.mp4,1,fake,Pair1,ms,GenVidBench,False,D:\HaitongNi\MEngProject_SecondBench\02_D3\cache\frames\fake\Pair1_ms_ms_ms-21a72913-48de-5e80-85bf-da10c639ab49.mp4,1,1,1.5133265,-1.5133265,1
F:\MEngDatasets\GenVidBench\GenVidBench\Pair2\svd\svd\11382___a wooden chest of drawers sitting on top of a counter.mp4,Pair2\svd\svd\11382___a wooden chest of drawers sitting on top of a counter.mp4,1,fake,Pair2,svd,GenVidBench,False,D:\HaitongNi\MEngProject_SecondBench\02_D3\cache\frames\fake\Pair2_svd_svd_11382__a_wooden_chest_of_drawers_sitting_on_top_of_a_counter.mp4,1,1,4.5931997,-4.5931997,0
F:\MEngDatasets\GenVidBench\GenVidBench\Pair2\cogvideo\cogvideo\08595___a picture of a motorcycle with a light on it.mp4,Pair2\cogvideo\cogvideo\08595___a picture of a motorcycle with a light on it.mp4,1,fake,Pair2,cogvideo,GenVidBench,False,D:\HaitongNi\MEngProject_SecondBench\02_D3\cache\frames\fake\Pair2_cogvideo_cogvideo_08595__a_picture_of_a_motorcycle_with_a_light_on_it.mp4,1,1,2.434031,-2.434031,1
F:\MEngDatasets\GenVidBench\GenVidBench\Pair2\musev\musev\01482___a long hallway with numbers on the walls.mp4,Pair2\musev\musev\01482___a long hallway with numbers on the walls.mp4,1,fake,Pair2,musev,GenVidBench,False,D:\HaitongNi\MEngProject_SecondBench\02_D3\cache\frames\fake\Pair2_musev_musev_01482__a_long_hallway_with_numbers_on_the_walls.mp4,1,1,5.62411,-5.62411,0
F:\MEngDatasets\GenVidBench\GenVidBench\Pair2\mora\mora\01784___president barack obama giving a speech in front of an american flag.mp4,Pair2\mora\mora\01784___president barack obama giving a speech in front of an american flag.mp4,1,fake,Pair2,mora,GenVidBench,False,D:\HaitongNi\MEngProject_SecondBench\02_D3\cache\frames\fake\Pair2_mora_mora_01784__president_barack_obama_giving_a_speech_in_front_of_an_american_flag.mp4,1,1,2.01508,-2.01508,1
F:\MEngDatasets\GenVidBench\GenVidBench\Pair1\ms\ms\ms-3d912141-6b6e-5cfd-8c30-12bad1a64b89.mp4,Pair1\ms\ms\ms-3d912141-6b6e-5cfd-8c30-12bad1a64b89.mp4,1,fake,Pair1,ms,GenVidBench,False,D:\HaitongNi\MEngProject_SecondBench\02_D3\cache\frames\fake\Pair1_ms_ms_ms-3d912141-6b6e-5cfd-8c30-12bad1a64b89.mp4,1,1,2.075178,-2.075178,1
F:\MEngDatasets\GenVidBench\GenVidBench\Pair1\t2vz\t2vz\t2vz-426d9667-3ab8-5792-9634-aa99a5c2be26.mp4,Pair1\t2vz\t2vz\t2vz-426d9667-3ab8-5792-9634-aa99a5c2be26.mp4,1,fake,Pair1,t2vz,GenVidBench,False,D:\HaitongNi\MEngProject_SecondBench\02_D3\cache\frames\fake\Pair1_t2vz_t2vz_t2vz-426d9667-3ab8-5792-9634-aa99a5c2be26.mp4,1,1,13.910806,-13.910806,0
F:\MEngDatasets\GenVidBench\GenVidBench\Pair2\mora\mora\12577___the cbs logo on a blue background.mp4,Pair2\mora\mora\12577___the cbs logo on a blue background.mp4,1,fake,Pair2,mora,GenVidBench,False,D:\HaitongNi\MEngProject_SecondBench\02_D3\cache\frames\fake\Pair2_mora_mora_12577__the_cbs_logo_on_a_blue_background.mp4,1,1,1.9356372,-1.9356372,1
F:\MEngDatasets\GenVidBench\GenVidBench\Pair2\mora\mora\11461___a potted plant with a bottle of liquid next to it.mp4,Pair2\mora\mora\11461___a potted plant with a bottle of liquid next to it.mp4,1,fake,Pair2,mora,GenVidBench,False,D:\HaitongNi\MEngProject_SecondBench\02_D3\cache\frames\fake\Pair2_mora_mora_11461__a_potted_plant_with_a_bottle_of_liquid_next_to_it.mp4,1,1,0.2755113,-0.2755113,1
F:\MEngDatasets\GenVidBench\GenVidBench\Pair1\vc2\vc2\vc-e1653180-f281-52be-b6ff-1fd19ded0d5b.mp4,Pair1\vc2\vc2\vc-e1653180-f281-52be-b6ff-1fd19ded0d5b.mp4,1,fake,Pair1,vc2,GenVidBench,False,D:\HaitongNi\MEngProject_SecondBench\02_D3\cache\frames\fake\Pair1_vc2_vc2_vc-e1653180-f281-52be-b6ff-1fd19ded0d5b.mp4,1,1,2.0261726,-2.0261726,1
F:\MEngDatasets\GenVidBench\GenVidBench\Pair1\ms\ms\ms-a91ce67d-d3cc-5c0b-a386-21036e392c74.mp4,Pair1\ms\ms\ms-a91ce67d-d3cc-5c0b-a386-21036e392c74.mp4,1,fake,Pair1,ms,GenVidBench,False,D:\HaitongNi\MEngProject_SecondBench\02_D3\cache\frames\fake\Pair1_ms_ms_ms-a91ce67d-d3cc-5c0b-a386-21036e392c74.mp4,1,1,1.7441671,-1.7441671,1
F:\MEngDatasets\GenVidBench\GenVidBench\Pair2\cogvideo\cogvideo\00901___two cars are parked in front of a house.mp4,Pair2\cogvideo\cogvideo\00901___two cars are parked in front of a house.mp4,1,fake,Pair2,cogvideo,GenVidBench,False,D:\HaitongNi\MEngProject_SecondBench\02_D3\cache\frames\fake\Pair2_cogvideo_cogvideo_00901__two_cars_are_parked_in_front_of_a_house.mp4,1,1,1.599048,-1.599048,1
F:\MEngDatasets\GenVidBench\GenVidBench\Pair2\mora\mora\08843___four different types of iphone iphone iphone iphone iphone iphone iphone iphone iph.mp4,Pair2\mora\mora\08843___four different types of iphone iphone iphone iphone iphone iphone iphone iphone iph.mp4,1,fake,Pair2,mora,GenVidBench,False,D:\HaitongNi\MEngProject_SecondBench\02_D3\cache\frames\fake\Pair2_mora_mora_08843__four_different_types_of_iphone_iphone_iphone_iphone_iphone_iphone_iphone_iphone_iph.mp4,1,1,0.47743493,-0.47743493,1
F:\MEngDatasets\GenVidBench\GenVidBench\Pair1\ms\ms\ms-10f4cf37-bc88-59ab-a946-4fd0f3368410.mp4,Pair1\ms\ms\ms-10f4cf37-bc88-59ab-a946-4fd0f3368410.mp4,1,fake,Pair1,ms,GenVidBench,False,D:\HaitongNi\MEngProject_SecondBench\02_D3\cache\frames\fake\Pair1_ms_ms_ms-10f4cf37-bc88-59ab-a946-4fd0f3368410.mp4,1,1,1.6012913,-1.6012913,1
F:\MEngDatasets\GenVidBench\GenVidBench\Pair1\ms\ms\ms-d1418574-5192-5596-96da-d1d5a308670a.mp4,Pair1\ms\ms\ms-d1418574-5192-5596-96da-d1d5a308670a.mp4,1,fake,Pair1,ms,GenVidBench,False,D:\HaitongNi\MEngProject_SecondBench\02_D3\cache\frames\fake\Pair1_ms_ms_ms-d1418574-5192-5596-96da-d1d5a308670a.mp4,1,1,1.2098562,-1.2098562,1
F:\MEngDatasets\GenVidBench\GenVidBench\Pair1\ms\ms\ms-ccb9b3b6-4648-507c-a041-71a022447232.mp4,Pair1\ms\ms\ms-ccb9b3b6-4648-507c-a041-71a022447232.mp4,1,fake,Pair1,ms,GenVidBench,False,D:\HaitongNi\MEngProject_SecondBench\02_D3\cache\frames\fake\Pair1_ms_ms_ms-ccb9b3b6-4648-507c-a041-71a022447232.mp4,1,1,1.1190561,-1.1190561,1
F:\MEngDatasets\GenVidBench\GenVidBench\Pair2\mora\mora\03129___a picture of a window with rain drops on it.mp4,Pair2\mora\mora\03129___a picture of a window with rain drops on it.mp4,1,fake,Pair2,mora,GenVidBench,False,D:\HaitongNi\MEngProject_SecondBench\02_D3\cache\frames\fake\Pair2_mora_mora_03129__a_picture_of_a_window_with_rain_drops_on_it.mp4,1,1,2.079193,-2.079193,1
F:\MEngDatasets\GenVidBench\GenVidBench\Pair2\svd\svd\04212___a view of the interior of an auditorium.mp4,Pair2\svd\svd\04212___a view of the interior of an auditorium.mp4,1,fake,Pair2,svd,GenVidBench,False,D:\HaitongNi\MEngProject_SecondBench\02_D3\cache\frames\fake\Pair2_svd_svd_04212__a_view_of_the_interior_of_an_auditorium.mp4,1,1,6.2162027,-6.2162027,0
F:\MEngDatasets\GenVidBench\GenVidBench\Pair1\ms\ms\ms-ff2c8815-2aff-5fdb-8394-1917fb571f42.mp4,Pair1\ms\ms\ms-ff2c8815-2aff-5fdb-8394-1917fb571f42.mp4,1,fake,Pair1,ms,GenVidBench,False,D:\HaitongNi\MEngProject_SecondBench\02_D3\cache\frames\fake\Pair1_ms_ms_ms-ff2c8815-2aff-5fdb-8394-1917fb571f42.mp4,1,1,2.1014297,-2.1014297,1
F:\MEngDatasets\GenVidBench\GenVidBench\Pair1\t2vz\t2vz\t2vz-07de788b-da8a-5eba-b85c-7a3bb267ea0b.mp4,Pair1\t2vz\t2vz\t2vz-07de788b-da8a-5eba-b85c-7a3bb267ea0b.mp4,1,fake,Pair1,t2vz,GenVidBench,False,D:\HaitongNi\MEngProject_SecondBench\02_D3\cache\frames\fake\Pair1_t2vz_t2vz_t2vz-07de788b-da8a-5eba-b85c-7a3bb267ea0b.mp4,1,1,15.371531,-15.371531,0
F:\MEngDatasets\GenVidBench\GenVidBench\Pair1\ms\ms\ms-f2af67e1-56fb-530e-9719-0dc5887becd9.mp4,Pair1\ms\ms\ms-f2af67e1-56fb-530e-9719-0dc5887becd9.mp4,1,fake,Pair1,ms,GenVidBench,False,D:\HaitongNi\MEngProject_SecondBench\02_D3\cache\frames\fake\Pair1_ms_ms_ms-f2af67e1-56fb-530e-9719-0dc5887becd9.mp4,1,1,3.8909602,-3.8909602,1
F:\MEngDatasets\GenVidBench\GenVidBench\Pair2\mora\mora\12067___a cell phone with a cartoon game on it.mp4,Pair2\mora\mora\12067___a cell phone with a cartoon game on it.mp4,1,fake,Pair2,mora,GenVidBench,False,D:\HaitongNi\MEngProject_SecondBench\02_D3\cache\frames\fake\Pair2_mora_mora_12067__a_cell_phone_with_a_cartoon_game_on_it.mp4,1,1,3.6207218,-3.6207218,1
F:\MEngDatasets\GenVidBench\GenVidBench\Pair1\vc2\vc2\vc-560931d1-903d-56e8-87ac-149535967748.mp4,Pair1\vc2\vc2\vc-560931d1-903d-56e8-87ac-149535967748.mp4,1,fake,Pair1,vc2,GenVidBench,False,D:\HaitongNi\MEngProject_SecondBench\02_D3\cache\frames\fake\Pair1_vc2_vc2_vc-560931d1-903d-56e8-87ac-149535967748.mp4,1,1,2.3826263,-2.3826263,1
F:\MEngDatasets\GenVidBench\GenVidBench\Pair2\cogvideo\cogvideo\01040___a close up of a pair of scissors.mp4,Pair2\cogvideo\cogvideo\01040___a close up of a pair of scissors.mp4,1,fake,Pair2,cogvideo,GenVidBench,False,D:\HaitongNi\MEngProject_SecondBench\02_D3\cache\frames\fake\Pair2_cogvideo_cogvideo_01040__a_close_up_of_a_pair_of_scissors.mp4,1,1,3.6380668,-3.6380668,1
F:\MEngDatasets\GenVidBench\GenVidBench\Pair1\t2vz\t2vz\t2vz-4b8e1b54-4f2b-59ec-ad4e-f60c6d6639ce.mp4,Pair1\t2vz\t2vz\t2vz-4b8e1b54-4f2b-59ec-ad4e-f60c6d6639ce.mp4,1,fake,Pair1,t2vz,GenVidBench,False,D:\HaitongNi\MEngProject_SecondBench\02_D3\cache\frames\fake\Pair1_t2vz_t2vz_t2vz-4b8e1b54-4f2b-59ec-ad4e-f60c6d6639ce.mp4,1,1,13.29126,-13.29126,0
F:\MEngDatasets\GenVidBench\GenVidBench\Pair1\vc2\vc2\vc-2c48b7e5-b4e6-5152-83b8-287aa74afb8f.mp4,Pair1\vc2\vc2\vc-2c48b7e5-b4e6-5152-83b8-287aa74afb8f.mp4,1,fake,Pair1,vc2,GenVidBench,False,D:\HaitongNi\MEngProject_SecondBench\02_D3\cache\frames\fake\Pair1_vc2_vc2_vc-2c48b7e5-b4e6-5152-83b8-287aa74afb8f.mp4,1,1,0.9955095,-0.9955095,1
F:\MEngDatasets\GenVidBench\GenVidBench\Pair1\t2vz\t2vz\t2vz-b186afc4-3c50-566e-8091-11c41ac75c2b.mp4,Pair1\t2vz\t2vz\t2vz-b186afc4-3c50-566e-8091-11c41ac75c2b.mp4,1,fake,Pair1,t2vz,GenVidBench,False,D:\HaitongNi\MEngProject_SecondBench\02_D3\cache\frames\fake\Pair1_t2vz_t2vz_t2vz-b186afc4-3c50-566e-8091-11c41ac75c2b.mp4,1,1,12.411356,-12.411356,0
F:\MEngDatasets\GenVidBench\GenVidBench\Pair1\t2vz\t2vz\t2vz-e35c583d-5dfe-5ba8-a937-5a1b5548a63f.mp4,Pair1\t2vz\t2vz\t2vz-e35c583d-5dfe-5ba8-a937-5a1b5548a63f.mp4,1,fake,Pair1,t2vz,GenVidBench,False,D:\HaitongNi\MEngProject_SecondBench\02_D3\cache\frames\fake\Pair1_t2vz_t2vz_t2vz-e35c583d-5dfe-5ba8-a937-5a1b5548a63f.mp4,1,1,8.249032,-8.249032,0
F:\MEngDatasets\GenVidBench\GenVidBench\Pair2\mora\mora\00400___a stone archway with a clock on it.mp4,Pair2\mora\mora\00400___a stone archway with a clock on it.mp4,1,fake,Pair2,mora,GenVidBench,False,D:\HaitongNi\MEngProject_SecondBench\02_D3\cache\frames\fake\Pair2_mora_mora_00400__a_stone_archway_with_a_clock_on_it.mp4,1,1,1.2600303,-1.2600303,1
F:\MEngDatasets\GenVidBench\GenVidBench\Pair2\mora\mora\10264___two stuffed animals standing next to a desk.mp4,Pair2\mora\mora\10264___two stuffed animals standing next to a desk.mp4,1,fake,Pair2,mora,GenVidBench,False,D:\HaitongNi\MEngProject_SecondBench\02_D3\cache\frames\fake\Pair2_mora_mora_10264__two_stuffed_animals_standing_next_to_a_desk.mp4,1,1,1.2030041,-1.2030041,1
F:\MEngDatasets\GenVidBench\GenVidBench\Pair2\mora\mora\04924___a close up of a teddy bear sitting on a rock.mp4,Pair2\mora\mora\04924___a close up of a teddy bear sitting on a rock.mp4,1,fake,Pair2,mora,GenVidBench,False,D:\HaitongNi\MEngProject_SecondBench\02_D3\cache\frames\fake\Pair2_mora_mora_04924__a_close_up_of_a_teddy_bear_sitting_on_a_rock.mp4,1,1,1.2661957,-1.2661957,1
F:\MEngDatasets\GenVidBench\GenVidBench\Pair2\cogvideo\cogvideo\00354___two pictures of a bird in a cage.mp4,Pair2\cogvideo\cogvideo\00354___two pictures of a bird in a cage.mp4,1,fake,Pair2,cogvideo,GenVidBench,False,D:\HaitongNi\MEngProject_SecondBench\02_D3\cache\frames\fake\Pair2_cogvideo_cogvideo_00354__two_pictures_of_a_bird_in_a_cage.mp4,1,1,2.5087724,-2.5087724,1
F:\MEngDatasets\GenVidBench\GenVidBench\Pair1\t2vz\t2vz\t2vz-fd1c0be6-3ea0-504d-a8eb-3124d364ce30.mp4,Pair1\t2vz\t2vz\t2vz-fd1c0be6-3ea0-504d-a8eb-3124d364ce30.mp4,1,fake,Pair1,t2vz,GenVidBench,False,D:\HaitongNi\MEngProject_SecondBench\02_D3\cache\frames\fake\Pair1_t2vz_t2vz_t2vz-fd1c0be6-3ea0-504d-a8eb-3124d364ce30.mp4,1,1,9.31365,-9.31365,0
F:\MEngDatasets\GenVidBench\GenVidBench\Pair2\mora\mora\05197___a child is kneading dough on a table.mp4,Pair2\mora\mora\05197___a child is kneading dough on a table.mp4,1,fake,Pair2,mora,GenVidBench,False,D:\HaitongNi\MEngProject_SecondBench\02_D3\cache\frames\fake\Pair2_mora_mora_05197__a_child_is_kneading_dough_on_a_table.mp4,1,1,1.9002264,-1.9002264,1
F:\MEngDatasets\GenVidBench\GenVidBench\Pair1\pika\pika\pika-d878522c-5d22-5769-a99d-8a03bdecf654.mp4,Pair1\pika\pika\pika-d878522c-5d22-5769-a99d-8a03bdecf654.mp4,1,fake,Pair1,pika,GenVidBench,False,D:\HaitongNi\MEngProject_SecondBench\02_D3\cache\frames\fake\Pair1_pika_pika_pika-d878522c-5d22-5769-a99d-8a03bdecf654.mp4,1,1,2.436677,-2.436677,1
F:\MEngDatasets\GenVidBench\GenVidBench\Pair2\svd\svd\09691___a group of geisha dolls sitting on a bamboo pole.mp4,Pair2\svd\svd\09691___a group of geisha dolls sitting on a bamboo pole.mp4,1,fake,Pair2,svd,GenVidBench,False,D:\HaitongNi\MEngProject_SecondBench\02_D3\cache\frames\fake\Pair2_svd_svd_09691__a_group_of_geisha_dolls_sitting_on_a_bamboo_pole.mp4,1,1,3.554356,-3.554356,1
F:\MEngDatasets\GenVidBench\GenVidBench\Pair1\t2vz\t2vz\t2vz-7510c4f9-8079-571a-b400-71e6e82a225b.mp4,Pair1\t2vz\t2vz\t2vz-7510c4f9-8079-571a-b400-71e6e82a225b.mp4,1,fake,Pair1,t2vz,GenVidBench,False,D:\HaitongNi\MEngProject_SecondBench\02_D3\cache\frames\fake\Pair1_t2vz_t2vz_t2vz-7510c4f9-8079-571a-b400-71e6e82a225b.mp4,1,1,7.355873,-7.355873,0
F:\MEngDatasets\GenVidBench\GenVidBench\Pair1\ms\ms\ms-4b8e1b54-4f2b-59ec-ad4e-f60c6d6639ce.mp4,Pair1\ms\ms\ms-4b8e1b54-4f2b-59ec-ad4e-f60c6d6639ce.mp4,1,fake,Pair1,ms,GenVidBench,False,D:\HaitongNi\MEngProject_SecondBench\02_D3\cache\frames\fake\Pair1_ms_ms_ms-4b8e1b54-4f2b-59ec-ad4e-f60c6d6639ce.mp4,1,1,0.52981967,-0.52981967,1
F:\MEngDatasets\GenVidBench\GenVidBench\Pair1\t2vz\t2vz\t2vz-ba73da46-9e5c-5739-abef-c90fe2406aea.mp4,Pair1\t2vz\t2vz\t2vz-ba73da46-9e5c-5739-abef-c90fe2406aea.mp4,1,fake,Pair1,t2vz,GenVidBench,False,D:\HaitongNi\MEngProject_SecondBench\02_D3\cache\frames\fake\Pair1_t2vz_t2vz_t2vz-ba73da46-9e5c-5739-abef-c90fe2406aea.mp4,1,1,12.162551,-12.162551,0
F:\MEngDatasets\GenVidBench\GenVidBench\Pair1\pika\pika\pika-2de502f9-15f8-5091-b937-972cf561c94a.mp4,Pair1\pika\pika\pika-2de502f9-15f8-5091-b937-972cf561c94a.mp4,1,fake,Pair1,pika,GenVidBench,False,D:\HaitongNi\MEngProject_SecondBench\02_D3\cache\frames\fake\Pair1_pika_pika_pika-2de502f9-15f8-5091-b937-972cf561c94a.mp4,1,1,1.4044076,-1.4044076,1
F:\MEngDatasets\GenVidBench\GenVidBench\Pair1\vc2\vc2\vc-ed3a73af-7a1d-529c-9cd3-a6d5a43e06d1.mp4,Pair1\vc2\vc2\vc-ed3a73af-7a1d-529c-9cd3-a6d5a43e06d1.mp4,1,fake,Pair1,vc2,GenVidBench,False,D:\HaitongNi\MEngProject_SecondBench\02_D3\cache\frames\fake\Pair1_vc2_vc2_vc-ed3a73af-7a1d-529c-9cd3-a6d5a43e06d1.mp4,1,1,2.05563,-2.05563,1
F:\MEngDatasets\GenVidBench\GenVidBench\Pair1\ms\ms\ms-3726faf1-874e-5a95-8b2f-87b7e04766a7.mp4,Pair1\ms\ms\ms-3726faf1-874e-5a95-8b2f-87b7e04766a7.mp4,1,fake,Pair1,ms,GenVidBench,False,D:\HaitongNi\MEngProject_SecondBench\02_D3\cache\frames\fake\Pair1_ms_ms_ms-3726faf1-874e-5a95-8b2f-87b7e04766a7.mp4,1,1,2.0102913,-2.0102913,1
F:\MEngDatasets\GenVidBench\GenVidBench\Pair1\vc2\vc2\vc-807ec19f-d33e-5059-8aa2-877ca8f7c20f.mp4,Pair1\vc2\vc2\vc-807ec19f-d33e-5059-8aa2-877ca8f7c20f.mp4,1,fake,Pair1,vc2,GenVidBench,False,D:\HaitongNi\MEngProject_SecondBench\02_D3\cache\frames\fake\Pair1_vc2_vc2_vc-807ec19f-d33e-5059-8aa2-877ca8f7c20f.mp4,1,1,1.5041147,-1.5041147,1
F:\MEngDatasets\GenVidBench\GenVidBench\Pair2\musev\musev\01415___a news anchor is standing in front of a set of stairs.mp4,Pair2\musev\musev\01415___a news anchor is standing in front of a set of stairs.mp4,1,fake,Pair2,musev,GenVidBench,False,D:\HaitongNi\MEngProject_SecondBench\02_D3\cache\frames\fake\Pair2_musev_musev_01415__a_news_anchor_is_standing_in_front_of_a_set_of_stairs.mp4,1,1,2.9515855,-2.9515855,1
F:\MEngDatasets\GenVidBench\GenVidBench\Pair2\cogvideo\cogvideo\13433___a refrigerator filled with eggs and milk.mp4,Pair2\cogvideo\cogvideo\13433___a refrigerator filled with eggs and milk.mp4,1,fake,Pair2,cogvideo,GenVidBench,False,D:\HaitongNi\MEngProject_SecondBench\02_D3\cache\frames\fake\Pair2_cogvideo_cogvideo_13433__a_refrigerator_filled_with_eggs_and_milk.mp4,1,1,1.3226478,-1.3226478,1
F:\MEngDatasets\GenVidBench\GenVidBench\Pair1\pika\pika\pika-7510c4f9-8079-571a-b400-71e6e82a225b.mp4,Pair1\pika\pika\pika-7510c4f9-8079-571a-b400-71e6e82a225b.mp4,1,fake,Pair1,pika,GenVidBench,False,D:\HaitongNi\MEngProject_SecondBench\02_D3\cache\frames\fake\Pair1_pika_pika_pika-7510c4f9-8079-571a-b400-71e6e82a225b.mp4,1,1,1.244673,-1.244673,1
F:\MEngDatasets\GenVidBench\GenVidBench\Pair1\vc2\vc2\vc-b186afc4-3c50-566e-8091-11c41ac75c2b.mp4,Pair1\vc2\vc2\vc-b186afc4-3c50-566e-8091-11c41ac75c2b.mp4,1,fake,Pair1,vc2,GenVidBench,False,D:\HaitongNi\MEngProject_SecondBench\02_D3\cache\frames\fake\Pair1_vc2_vc2_vc-b186afc4-3c50-566e-8091-11c41ac75c2b.mp4,1,1,0.8748993,-0.8748993,1
F:\MEngDatasets\GenVidBench\GenVidBench\Pair1\ms\ms\ms-ff2b6437-8e05-5974-948a-46e35895dc41.mp4,Pair1\ms\ms\ms-ff2b6437-8e05-5974-948a-46e35895dc41.mp4,1,fake,Pair1,ms,GenVidBench,False,D:\HaitongNi\MEngProject_SecondBench\02_D3\cache\frames\fake\Pair1_ms_ms_ms-ff2b6437-8e05-5974-948a-46e35895dc41.mp4,1,1,2.323746,-2.323746,1
F:\MEngDatasets\GenVidBench\GenVidBench\Pair2\svd\svd\07648___a fire pit that is on the ground.mp4,Pair2\svd\svd\07648___a fire pit that is on the ground.mp4,1,fake,Pair2,svd,GenVidBench,False,D:\HaitongNi\MEngProject_SecondBench\02_D3\cache\frames\fake\Pair2_svd_svd_07648__a_fire_pit_that_is_on_the_ground.mp4,1,1,2.9942086,-2.9942086,1
F:\MEngDatasets\GenVidBench\GenVidBench\Pair2\cogvideo\cogvideo\12970___a close up of a bunch of craft supplies.mp4,Pair2\cogvideo\cogvideo\12970___a close up of a bunch of craft supplies.mp4,1,fake,Pair2,cogvideo,GenVidBench,False,D:\HaitongNi\MEngProject_SecondBench\02_D3\cache\frames\fake\Pair2_cogvideo_cogvideo_12970__a_close_up_of_a_bunch_of_craft_supplies.mp4,1,1,1.7091328,-1.7091328,1
F:\MEngDatasets\GenVidBench\GenVidBench\Pair2\svd\svd\07170___a news anchor is standing in front of a plane.mp4,Pair2\svd\svd\07170___a news anchor is standing in front of a plane.mp4,1,fake,Pair2,svd,GenVidBench,False,D:\HaitongNi\MEngProject_SecondBench\02_D3\cache\frames\fake\Pair2_svd_svd_07170__a_news_anchor_is_standing_in_front_of_a_plane.mp4,1,1,5.9295425,-5.9295425,0
F:\MEngDatasets\GenVidBench\GenVidBench\Pair1\ms\ms\ms-d878522c-5d22-5769-a99d-8a03bdecf654.mp4,Pair1\ms\ms\ms-d878522c-5d22-5769-a99d-8a03bdecf654.mp4,1,fake,Pair1,ms,GenVidBench,False,D:\HaitongNi\MEngProject_SecondBench\02_D3\cache\frames\fake\Pair1_ms_ms_ms-d878522c-5d22-5769-a99d-8a03bdecf654.mp4,1,1,5.283141,-5.283141,0
F:\MEngDatasets\GenVidBench\GenVidBench\Pair2\cogvideo\cogvideo\03015___a box of a toy ice cream maker for kids.mp4,Pair2\cogvideo\cogvideo\03015___a box of a toy ice cream maker for kids.mp4,1,fake,Pair2,cogvideo,GenVidBench,False,D:\HaitongNi\MEngProject_SecondBench\02_D3\cache\frames\fake\Pair2_cogvideo_cogvideo_03015__a_box_of_a_toy_ice_cream_maker_for_kids.mp4,1,1,1.5638107,-1.5638107,1
F:\MEngDatasets\GenVidBench\GenVidBench\Pair2\mora\mora\11555___a girl sitting on the ground looking at her cell phone.mp4,Pair2\mora\mora\11555___a girl sitting on the ground looking at her cell phone.mp4,1,fake,Pair2,mora,GenVidBench,False,D:\HaitongNi\MEngProject_SecondBench\02_D3\cache\frames\fake\Pair2_mora_mora_11555__a_girl_sitting_on_the_ground_looking_at_her_cell_phone.mp4,1,1,2.057858,-2.057858,1
F:\MEngDatasets\GenVidBench\GenVidBench\Pair2\svd\svd\07924___a large group of fish swimming in a blue ocean.mp4,Pair2\svd\svd\07924___a large group of fish swimming in a blue ocean.mp4,1,fake,Pair2,svd,GenVidBench,False,D:\HaitongNi\MEngProject_SecondBench\02_D3\cache\frames\fake\Pair2_svd_svd_07924__a_large_group_of_fish_swimming_in_a_blue_ocean.mp4,1,1,2.063068,-2.063068,1
F:\MEngDatasets\GenVidBench\GenVidBench\Pair2\musev\musev\08151___a picture of a tall building with a blue sky in the background.mp4,Pair2\musev\musev\08151___a picture of a tall building with a blue sky in the background.mp4,1,fake,Pair2,musev,GenVidBench,False,D:\HaitongNi\MEngProject_SecondBench\02_D3\cache\frames\fake\Pair2_musev_musev_08151__a_picture_of_a_tall_building_with_a_blue_sky_in_the_background.mp4,1,1,5.1366916,-5.1366916,0
F:\MEngDatasets\GenVidBench\GenVidBench\Pair1\vc2\vc2\vc-426d9667-3ab8-5792-9634-aa99a5c2be26.mp4,Pair1\vc2\vc2\vc-426d9667-3ab8-5792-9634-aa99a5c2be26.mp4,1,fake,Pair1,vc2,GenVidBench,False,D:\HaitongNi\MEngProject_SecondBench\02_D3\cache\frames\fake\Pair1_vc2_vc2_vc-426d9667-3ab8-5792-9634-aa99a5c2be26.mp4,1,1,2.8233051,-2.8233051,1
F:\MEngDatasets\GenVidBench\GenVidBench\Pair2\cogvideo\cogvideo\00469___a cartoon character standing next to a dog.mp4,Pair2\cogvideo\cogvideo\00469___a cartoon character standing next to a dog.mp4,1,fake,Pair2,cogvideo,GenVidBench,False,D:\HaitongNi\MEngProject_SecondBench\02_D3\cache\frames\fake\Pair2_cogvideo_cogvideo_00469__a_cartoon_character_standing_next_to_a_dog.mp4,1,1,2.763436,-2.763436,1
F:\MEngDatasets\GenVidBench\GenVidBench\Pair2\svd\svd\08954___a news story about a church in north austin.mp4,Pair2\svd\svd\08954___a news story about a church in north austin.mp4,1,fake,Pair2,svd,GenVidBench,False,D:\HaitongNi\MEngProject_SecondBench\02_D3\cache\frames\fake\Pair2_svd_svd_08954__a_news_story_about_a_church_in_north_austin.mp4,1,1,1.5097499,-1.5097499,1
F:\MEngDatasets\GenVidBench\GenVidBench\Pair2\mora\mora\02320___a speedometer with the word scotty written on it.mp4,Pair2\mora\mora\02320___a speedometer with the word scotty written on it.mp4,1,fake,Pair2,mora,GenVidBench,False,D:\HaitongNi\MEngProject_SecondBench\02_D3\cache\frames\fake\Pair2_mora_mora_02320__a_speedometer_with_the_word_scotty_written_on_it.mp4,1,1,4.1963415,-4.1963415,1
F:\MEngDatasets\GenVidBench\GenVidBench\Pair2\musev\musev\07001___a close up of a white umbrella.mp4,Pair2\musev\musev\07001___a close up of a white umbrella.mp4,1,fake,Pair2,musev,GenVidBench,False,D:\HaitongNi\MEngProject_SecondBench\02_D3\cache\frames\fake\Pair2_musev_musev_07001__a_close_up_of_a_white_umbrella.mp4,1,1,3.5265198,-3.5265198,1
F:\MEngDatasets\GenVidBench\GenVidBench\Pair2\svd\svd\03042___a couple of speed boats in the ocean.mp4,Pair2\svd\svd\03042___a couple of speed boats in the ocean.mp4,1,fake,Pair2,svd,GenVidBench,False,D:\HaitongNi\MEngProject_SecondBench\02_D3\cache\frames\fake\Pair2_svd_svd_03042__a_couple_of_speed_boats_in_the_ocean.mp4,1,1,2.5837154,-2.5837154,1
F:\MEngDatasets\GenVidBench\GenVidBench\Pair1\t2vz\t2vz\t2vz-a48b75cf-0aba-57f5-99ec-7a8ca28edaee.mp4,Pair1\t2vz\t2vz\t2vz-a48b75cf-0aba-57f5-99ec-7a8ca28edaee.mp4,1,fake,Pair1,t2vz,GenVidBench,False,D:\HaitongNi\MEngProject_SecondBench\02_D3\cache\frames\fake\Pair1_t2vz_t2vz_t2vz-a48b75cf-0aba-57f5-99ec-7a8ca28edaee.mp4,1,1,10.218716,-10.218716,0
F:\MEngDatasets\GenVidBench\GenVidBench\Pair1\vc2\vc2\vc-25580f7b-c375-508d-9bb3-0cb7e318744a.mp4,Pair1\vc2\vc2\vc-25580f7b-c375-508d-9bb3-0cb7e318744a.mp4,1,fake,Pair1,vc2,GenVidBench,False,D:\HaitongNi\MEngProject_SecondBench\02_D3\cache\frames\fake\Pair1_vc2_vc2_vc-25580f7b-c375-508d-9bb3-0cb7e318744a.mp4,1,1,2.2667565,-2.2667565,1
F:\MEngDatasets\GenVidBench\GenVidBench\Pair2\svd\svd\07585___a doll sitting on a chair in a room.mp4,Pair2\svd\svd\07585___a doll sitting on a chair in a room.mp4,1,fake,Pair2,svd,GenVidBench,False,D:\HaitongNi\MEngProject_SecondBench\02_D3\cache\frames\fake\Pair2_svd_svd_07585__a_doll_sitting_on_a_chair_in_a_room.mp4,1,1,2.812875,-2.812875,1
F:\MEngDatasets\GenVidBench\GenVidBench\Pair2\musev\musev\07648___a fire pit that is on the ground.mp4,Pair2\musev\musev\07648___a fire pit that is on the ground.mp4,1,fake,Pair2,musev,GenVidBench,False,D:\HaitongNi\MEngProject_SecondBench\02_D3\cache\frames\fake\Pair2_musev_musev_07648__a_fire_pit_that_is_on_the_ground.mp4,1,1,8.5348215,-8.5348215,0
F:\MEngDatasets\GenVidBench\GenVidBench\Pair1\ms\ms\ms-70770d2b-1dab-5c0e-935c-12fc3779bf06.mp4,Pair1\ms\ms\ms-70770d2b-1dab-5c0e-935c-12fc3779bf06.mp4,1,fake,Pair1,ms,GenVidBench,False,D:\HaitongNi\MEngProject_SecondBench\02_D3\cache\frames\fake\Pair1_ms_ms_ms-70770d2b-1dab-5c0e-935c-12fc3779bf06.mp4,1,1,2.8907523,-2.8907523,1
F:\MEngDatasets\GenVidBench\GenVidBench\Pair1\vc2\vc2\vc-a8e00099-b278-55d0-bfff-0011efad5914.mp4,Pair1\vc2\vc2\vc-a8e00099-b278-55d0-bfff-0011efad5914.mp4,1,fake,Pair1,vc2,GenVidBench,False,D:\HaitongNi\MEngProject_SecondBench\02_D3\cache\frames\fake\Pair1_vc2_vc2_vc-a8e00099-b278-55d0-bfff-0011efad5914.mp4,1,1,1.1380906,-1.1380906,1
F:\MEngDatasets\GenVidBench\GenVidBench\Pair1\pika\pika\pika-c9b2959a-0cce-5df3-90e3-e0a70895dd77.mp4,Pair1\pika\pika\pika-c9b2959a-0cce-5df3-90e3-e0a70895dd77.mp4,1,fake,Pair1,pika,GenVidBench,False,D:\HaitongNi\MEngProject_SecondBench\02_D3\cache\frames\fake\Pair1_pika_pika_pika-c9b2959a-0cce-5df3-90e3-e0a70895dd77.mp4,1,1,0.42734894,-0.42734894,1
F:\MEngDatasets\GenVidBench\GenVidBench\Pair1\t2vz\t2vz\t2vz-20ae02c0-bf3c-51f6-8382-5e54799ede52.mp4,Pair1\t2vz\t2vz\t2vz-20ae02c0-bf3c-51f6-8382-5e54799ede52.mp4,1,fake,Pair1,t2vz,GenVidBench,False,D:\HaitongNi\MEngProject_SecondBench\02_D3\cache\frames\fake\Pair1_t2vz_t2vz_t2vz-20ae02c0-bf3c-51f6-8382-5e54799ede52.mp4,1,1,16.159513,-16.159513,0
F:\MEngDatasets\GenVidBench\GenVidBench\Pair2\mora\mora\12332___an empty aquarium with three lights on it.mp4,Pair2\mora\mora\12332___an empty aquarium with three lights on it.mp4,1,fake,Pair2,mora,GenVidBench,False,D:\HaitongNi\MEngProject_SecondBench\02_D3\cache\frames\fake\Pair2_mora_mora_12332__an_empty_aquarium_with_three_lights_on_it.mp4,1,1,1.6371713,-1.6371713,1
F:\MEngDatasets\GenVidBench\GenVidBench\Pair1\pika\pika\pika-e35c583d-5dfe-5ba8-a937-5a1b5548a63f.mp4,Pair1\pika\pika\pika-e35c583d-5dfe-5ba8-a937-5a1b5548a63f.mp4,1,fake,Pair1,pika,GenVidBench,False,D:\HaitongNi\MEngProject_SecondBench\02_D3\cache\frames\fake\Pair1_pika_pika_pika-e35c583d-5dfe-5ba8-a937-5a1b5548a63f.mp4,1,1,1.4440761,-1.4440761,1
F:\MEngDatasets\GenVidBench\GenVidBench\Pair1\pika\pika\pika-08d9a859-f62c-59bc-9fe7-89464deaa706.mp4,Pair1\pika\pika\pika-08d9a859-f62c-59bc-9fe7-89464deaa706.mp4,1,fake,Pair1,pika,GenVidBench,False,D:\HaitongNi\MEngProject_SecondBench\02_D3\cache\frames\fake\Pair1_pika_pika_pika-08d9a859-f62c-59bc-9fe7-89464deaa706.mp4,1,1,1.4385941,-1.4385941,1
F:\MEngDatasets\GenVidBench\GenVidBench\Pair1\pika\pika\pika-21a72913-48de-5e80-85bf-da10c639ab49.mp4,Pair1\pika\pika\pika-21a72913-48de-5e80-85bf-da10c639ab49.mp4,1,fake,Pair1,pika,GenVidBench,False,D:\HaitongNi\MEngProject_SecondBench\02_D3\cache\frames\fake\Pair1_pika_pika_pika-21a72913-48de-5e80-85bf-da10c639ab49.mp4,1,1,1.4806297,-1.4806297,1
F:\MEngDatasets\GenVidBench\GenVidBench\Pair2\cogvideo\cogvideo\11771___a close up of the front wheel of a silver car.mp4,Pair2\cogvideo\cogvideo\11771___a close up of the front wheel of a silver car.mp4,1,fake,Pair2,cogvideo,GenVidBench,False,D:\HaitongNi\MEngProject_SecondBench\02_D3\cache\frames\fake\Pair2_cogvideo_cogvideo_11771__a_close_up_of_the_front_wheel_of_a_silver_car.mp4,1,1,0.94446117,-0.94446117,1
F:\MEngDatasets\GenVidBench\GenVidBench\Pair2\mora\mora\13288___a small animal inside of a glass enclosure.mp4,Pair2\mora\mora\13288___a small animal inside of a glass enclosure.mp4,1,fake,Pair2,mora,GenVidBench,False,D:\HaitongNi\MEngProject_SecondBench\02_D3\cache\frames\fake\Pair2_mora_mora_13288__a_small_animal_inside_of_a_glass_enclosure.mp4,1,1,2.429356,-2.429356,1
F:\MEngDatasets\GenVidBench\GenVidBench\Pair2\svd\svd\08003___an airplane flying through a clear blue sky.mp4,Pair2\svd\svd\08003___an airplane flying through a clear blue sky.mp4,1,fake,Pair2,svd,GenVidBench,False,D:\HaitongNi\MEngProject_SecondBench\02_D3\cache\frames\fake\Pair2_svd_svd_08003__an_airplane_flying_through_a_clear_blue_sky.mp4,1,1,4.386581,-4.386581,0
F:\MEngDatasets\GenVidBench\GenVidBench\Pair1\ms\ms\ms-2de502f9-15f8-5091-b937-972cf561c94a.mp4,Pair1\ms\ms\ms-2de502f9-15f8-5091-b937-972cf561c94a.mp4,1,fake,Pair1,ms,GenVidBench,False,D:\HaitongNi\MEngProject_SecondBench\02_D3\cache\frames\fake\Pair1_ms_ms_ms-2de502f9-15f8-5091-b937-972cf561c94a.mp4,1,1,2.1030357,-2.1030357,1
F:\MEngDatasets\GenVidBench\GenVidBench\Pair1\pika\pika\pika-15d13bf9-a053-5dfe-a244-32086ec1c77b.mp4,Pair1\pika\pika\pika-15d13bf9-a053-5dfe-a244-32086ec1c77b.mp4,1,fake,Pair1,pika,GenVidBench,False,D:\HaitongNi\MEngProject_SecondBench\02_D3\cache\frames\fake\Pair1_pika_pika_pika-15d13bf9-a053-5dfe-a244-32086ec1c77b.mp4,1,1,4.346916,-4.346916,0
F:\MEngDatasets\GenVidBench\GenVidBench\Pair2\svd\svd\13629___a sign on top of a pile of wood.mp4,Pair2\svd\svd\13629___a sign on top of a pile of wood.mp4,1,fake,Pair2,svd,GenVidBench,False,D:\HaitongNi\MEngProject_SecondBench\02_D3\cache\frames\fake\Pair2_svd_svd_13629__a_sign_on_top_of_a_pile_of_wood.mp4,1,1,5.2821465,-5.2821465,0
F:\MEngDatasets\GenVidBench\GenVidBench\Pair2\mora\mora\11137___a clock with the words amazon's uniform design for echo echo echo echo echo echo echo echo echo echo echo echo echo echo echo echo echo echo echo.mp4,Pair2\mora\mora\11137___a clock with the words amazon's uniform design for echo echo echo echo echo echo echo echo echo echo echo echo echo echo echo echo echo echo echo.mp4,1,fake,Pair2,mora,GenVidBench,False,D:\HaitongNi\MEngProject_SecondBench\02_D3\cache\frames\fake\Pair2_mora_mora_11137__a_clock_with_the_words_amazon's_uniform_design_for_echo_echo_echo_echo_echo_echo_echo_echo_echo_echo_echo_echo_echo_echo_echo_echo_echo_echo_echo.mp4,1,1,0.33038566,-0.33038566,1
F:\MEngDatasets\GenVidBench\GenVidBench\Pair2\mora\mora\06819___a table topped with ingredients for a cake.mp4,Pair2\mora\mora\06819___a table topped with ingredients for a cake.mp4,1,fake,Pair2,mora,GenVidBench,False,D:\HaitongNi\MEngProject_SecondBench\02_D3\cache\frames\fake\Pair2_mora_mora_06819__a_table_topped_with_ingredients_for_a_cake.mp4,1,1,2.0322022,-2.0322022,1
F:\MEngDatasets\GenVidBench\GenVidBench\Pair2\musev\musev\01072___a baseball player wearing a chicago cubs uniform.mp4,Pair2\musev\musev\01072___a baseball player wearing a chicago cubs uniform.mp4,1,fake,Pair2,musev,GenVidBench,False,D:\HaitongNi\MEngProject_SecondBench\02_D3\cache\frames\fake\Pair2_musev_musev_01072__a_baseball_player_wearing_a_chicago_cubs_uniform.mp4,1,1,6.9560466,-6.9560466,0
F:\MEngDatasets\GenVidBench\GenVidBench\Pair1\ms\ms\ms-828040e4-9aca-515d-a9bc-3dd881ef1ed7.mp4,Pair1\ms\ms\ms-828040e4-9aca-515d-a9bc-3dd881ef1ed7.mp4,1,fake,Pair1,ms,GenVidBench,False,D:\HaitongNi\MEngProject_SecondBench\02_D3\cache\frames\fake\Pair1_ms_ms_ms-828040e4-9aca-515d-a9bc-3dd881ef1ed7.mp4,1,1,1.6397088,-1.6397088,1
F:\MEngDatasets\GenVidBench\GenVidBench\Pair1\vc2\vc2\vc-ed905ae2-ee34-529c-a804-3ce2d5e7e939.mp4,Pair1\vc2\vc2\vc-ed905ae2-ee34-529c-a804-3ce2d5e7e939.mp4,1,fake,Pair1,vc2,GenVidBench,False,D:\HaitongNi\MEngProject_SecondBench\02_D3\cache\frames\fake\Pair1_vc2_vc2_vc-ed905ae2-ee34-529c-a804-3ce2d5e7e939.mp4,1,1,0.7674067,-0.7674067,1
F:\MEngDatasets\GenVidBench\GenVidBench\Pair2\mora\mora\02929___a group of football players standing together on a field.mp4,Pair2\mora\mora\02929___a group of football players standing together on a field.mp4,1,fake,Pair2,mora,GenVidBench,False,D:\HaitongNi\MEngProject_SecondBench\02_D3\cache\frames\fake\Pair2_mora_mora_02929__a_group_of_football_players_standing_together_on_a_field.mp4,1,1,1.5365688,-1.5365688,1
F:\MEngDatasets\GenVidBench\GenVidBench\Pair2\mora\mora\04455___a green plant growing inside of a cage.mp4,Pair2\mora\mora\04455___a green plant growing inside of a cage.mp4,1,fake,Pair2,mora,GenVidBench,False,D:\HaitongNi\MEngProject_SecondBench\02_D3\cache\frames\fake\Pair2_mora_mora_04455__a_green_plant_growing_inside_of_a_cage.mp4,1,1,1.7572793,-1.7572793,1
F:\MEngDatasets\GenVidBench\GenVidBench\Pair1\pika\pika\pika-10f4cf37-bc88-59ab-a946-4fd0f3368410.mp4,Pair1\pika\pika\pika-10f4cf37-bc88-59ab-a946-4fd0f3368410.mp4,1,fake,Pair1,pika,GenVidBench,False,D:\HaitongNi\MEngProject_SecondBench\02_D3\cache\frames\fake\Pair1_pika_pika_pika-10f4cf37-bc88-59ab-a946-4fd0f3368410.mp4,1,1,1.5593323,-1.5593323,1
F:\MEngDatasets\GenVidBench\GenVidBench\Pair2\musev\musev\02120___a close up of the inside of a microwave.mp4,Pair2\musev\musev\02120___a close up of the inside of a microwave.mp4,1,fake,Pair2,musev,GenVidBench,False,D:\HaitongNi\MEngProject_SecondBench\02_D3\cache\frames\fake\Pair2_musev_musev_02120__a_close_up_of_the_inside_of_a_microwave.mp4,1,1,1.547075,-1.547075,1
F:\MEngDatasets\GenVidBench\GenVidBench\Pair2\musev\musev\10737___a bedroom with a bed and a lamp next to it.mp4,Pair2\musev\musev\10737___a bedroom with a bed and a lamp next to it.mp4,1,fake,Pair2,musev,GenVidBench,False,D:\HaitongNi\MEngProject_SecondBench\02_D3\cache\frames\fake\Pair2_musev_musev_10737__a_bedroom_with_a_bed_and_a_lamp_next_to_it.mp4,1,1,2.9993207,-2.9993207,1
F:\MEngDatasets\GenVidBench\GenVidBench\Pair1\ms\ms\ms-12576125-3471-5ed6-9be2-055b7a86f8ce.mp4,Pair1\ms\ms\ms-12576125-3471-5ed6-9be2-055b7a86f8ce.mp4,1,fake,Pair1,ms,GenVidBench,False,D:\HaitongNi\MEngProject_SecondBench\02_D3\cache\frames\fake\Pair1_ms_ms_ms-12576125-3471-5ed6-9be2-055b7a86f8ce.mp4,1,1,2.0701458,-2.0701458,1
F:\MEngDatasets\GenVidBench\GenVidBench\Pair1\vc2\vc2\vc-2de502f9-15f8-5091-b937-972cf561c94a.mp4,Pair1\vc2\vc2\vc-2de502f9-15f8-5091-b937-972cf561c94a.mp4,1,fake,Pair1,vc2,GenVidBench,False,D:\HaitongNi\MEngProject_SecondBench\02_D3\cache\frames\fake\Pair1_vc2_vc2_vc-2de502f9-15f8-5091-b937-972cf561c94a.mp4,1,1,1.3472664,-1.3472664,1
F:\MEngDatasets\GenVidBench\GenVidBench\Pair2\cogvideo\cogvideo\03690___a row of bottles of milk sitting on a shelf.mp4,Pair2\cogvideo\cogvideo\03690___a row of bottles of milk sitting on a shelf.mp4,1,fake,Pair2,cogvideo,GenVidBench,False,D:\HaitongNi\MEngProject_SecondBench\02_D3\cache\frames\fake\Pair2_cogvideo_cogvideo_03690__a_row_of_bottles_of_milk_sitting_on_a_shelf.mp4,1,1,1.176523,-1.176523,1
F:\MEngDatasets\GenVidBench\GenVidBench\Pair1\vc2\vc2\vc-015b6972-c260-5220-9166-33f0d10c2ce8.mp4,Pair1\vc2\vc2\vc-015b6972-c260-5220-9166-33f0d10c2ce8.mp4,1,fake,Pair1,vc2,GenVidBench,False,D:\HaitongNi\MEngProject_SecondBench\02_D3\cache\frames\fake\Pair1_vc2_vc2_vc-015b6972-c260-5220-9166-33f0d10c2ce8.mp4,1,1,1.0550525,-1.0550525,1
F:\MEngDatasets\GenVidBench\GenVidBench\Pair1\t2vz\t2vz\t2vz-583bc44d-675d-5eec-bd37-21f879d7269a.mp4,Pair1\t2vz\t2vz\t2vz-583bc44d-675d-5eec-bd37-21f879d7269a.mp4,1,fake,Pair1,t2vz,GenVidBench,False,D:\HaitongNi\MEngProject_SecondBench\02_D3\cache\frames\fake\Pair1_t2vz_t2vz_t2vz-583bc44d-675d-5eec-bd37-21f879d7269a.mp4,1,1,12.144302,-12.144302,0
F:\MEngDatasets\GenVidBench\GenVidBench\Pair2\svd\svd\13407___three bars of soap sitting on a wire rack.mp4,Pair2\svd\svd\13407___three bars of soap sitting on a wire rack.mp4,1,fake,Pair2,svd,GenVidBench,False,D:\HaitongNi\MEngProject_SecondBench\02_D3\cache\frames\fake\Pair2_svd_svd_13407__three_bars_of_soap_sitting_on_a_wire_rack.mp4,1,1,1.8699043,-1.8699043,1
F:\MEngDatasets\GenVidBench\GenVidBench\Pair2\cogvideo\cogvideo\12708___a cat sitting on top of a flat screen tv.mp4,Pair2\cogvideo\cogvideo\12708___a cat sitting on top of a flat screen tv.mp4,1,fake,Pair2,cogvideo,GenVidBench,False,D:\HaitongNi\MEngProject_SecondBench\02_D3\cache\frames\fake\Pair2_cogvideo_cogvideo_12708__a_cat_sitting_on_top_of_a_flat_screen_tv.mp4,1,1,1.9752411,-1.9752411,1
F:\MEngDatasets\GenVidBench\GenVidBench\Pair1\vc2\vc2\vc-583bc44d-675d-5eec-bd37-21f879d7269a.mp4,Pair1\vc2\vc2\vc-583bc44d-675d-5eec-bd37-21f879d7269a.mp4,1,fake,Pair1,vc2,GenVidBench,False,D:\HaitongNi\MEngProject_SecondBench\02_D3\cache\frames\fake\Pair1_vc2_vc2_vc-583bc44d-675d-5eec-bd37-21f879d7269a.mp4,1,1,0.6288455,-0.6288455,1
F:\MEngDatasets\GenVidBench\GenVidBench\Pair1\vc2\vc2\vc-15d13bf9-a053-5dfe-a244-32086ec1c77b.mp4,Pair1\vc2\vc2\vc-15d13bf9-a053-5dfe-a244-32086ec1c77b.mp4,1,fake,Pair1,vc2,GenVidBench,False,D:\HaitongNi\MEngProject_SecondBench\02_D3\cache\frames\fake\Pair1_vc2_vc2_vc-15d13bf9-a053-5dfe-a244-32086ec1c77b.mp4,1,1,2.7810626,-2.7810626,1
F:\MEngDatasets\GenVidBench\GenVidBench\Pair2\cogvideo\cogvideo\07835___an iphone sitting on a table in a dark room.mp4,Pair2\cogvideo\cogvideo\07835___an iphone sitting on a table in a dark room.mp4,1,fake,Pair2,cogvideo,GenVidBench,False,D:\HaitongNi\MEngProject_SecondBench\02_D3\cache\frames\fake\Pair2_cogvideo_cogvideo_07835__an_iphone_sitting_on_a_table_in_a_dark_room.mp4,1,1,1.9261389,-1.9261389,1
F:\MEngDatasets\GenVidBench\GenVidBench\Pair1\vc2\vc2\vc-f36b292c-0950-50ea-bbf7-dd0a5d5e63fe.mp4,Pair1\vc2\vc2\vc-f36b292c-0950-50ea-bbf7-dd0a5d5e63fe.mp4,1,fake,Pair1,vc2,GenVidBench,False,D:\HaitongNi\MEngProject_SecondBench\02_D3\cache\frames\fake\Pair1_vc2_vc2_vc-f36b292c-0950-50ea-bbf7-dd0a5d5e63fe.mp4,1,1,0.61855054,-0.61855054,1
F:\MEngDatasets\GenVidBench\GenVidBench\Pair2\musev\musev\02942___cars driving down a busy street in the city.mp4,Pair2\musev\musev\02942___cars driving down a busy street in the city.mp4,1,fake,Pair2,musev,GenVidBench,False,D:\HaitongNi\MEngProject_SecondBench\02_D3\cache\frames\fake\Pair2_musev_musev_02942__cars_driving_down_a_busy_street_in_the_city.mp4,1,1,2.3011773,-2.3011773,1
F:\MEngDatasets\GenVidBench\GenVidBench\Pair1\t2vz\t2vz\t2vz-52085ef4-0f41-54af-a053-fa5dc9ede520.mp4,Pair1\t2vz\t2vz\t2vz-52085ef4-0f41-54af-a053-fa5dc9ede520.mp4,1,fake,Pair1,t2vz,GenVidBench,False,D:\HaitongNi\MEngProject_SecondBench\02_D3\cache\frames\fake\Pair1_t2vz_t2vz_t2vz-52085ef4-0f41-54af-a053-fa5dc9ede520.mp4,1,1,9.903404,-9.903404,0
F:\MEngDatasets\GenVidBench\GenVidBench\Pair1\vc2\vc2\vc-7aec879d-90c5-52e5-b196-bb3657575b82.mp4,Pair1\vc2\vc2\vc-7aec879d-90c5-52e5-b196-bb3657575b82.mp4,1,fake,Pair1,vc2,GenVidBench,False,D:\HaitongNi\MEngProject_SecondBench\02_D3\cache\frames\fake\Pair1_vc2_vc2_vc-7aec879d-90c5-52e5-b196-bb3657575b82.mp4,1,1,1.5553145,-1.5553145,1
F:\MEngDatasets\GenVidBench\GenVidBench\Pair1\vc2\vc2\vc-ac7cdff6-76a4-5c2a-ba41-3033afcea9b6.mp4,Pair1\vc2\vc2\vc-ac7cdff6-76a4-5c2a-ba41-3033afcea9b6.mp4,1,fake,Pair1,vc2,GenVidBench,False,D:\HaitongNi\MEngProject_SecondBench\02_D3\cache\frames\fake\Pair1_vc2_vc2_vc-ac7cdff6-76a4-5c2a-ba41-3033afcea9b6.mp4,1,1,1.2540135,-1.2540135,1
F:\MEngDatasets\GenVidBench\GenVidBench\Pair1\vc2\vc2\vc-a91ce67d-d3cc-5c0b-a386-21036e392c74.mp4,Pair1\vc2\vc2\vc-a91ce67d-d3cc-5c0b-a386-21036e392c74.mp4,1,fake,Pair1,vc2,GenVidBench,False,D:\HaitongNi\MEngProject_SecondBench\02_D3\cache\frames\fake\Pair1_vc2_vc2_vc-a91ce67d-d3cc-5c0b-a386-21036e392c74.mp4,1,1,0.7834895,-0.7834895,1
F:\MEngDatasets\GenVidBench\GenVidBench\Pair1\vc2\vc2\vc-1d8e9939-76eb-5dc8-aab3-a78612eceb41.mp4,Pair1\vc2\vc2\vc-1d8e9939-76eb-5dc8-aab3-a78612eceb41.mp4,1,fake,Pair1,vc2,GenVidBench,False,D:\HaitongNi\MEngProject_SecondBench\02_D3\cache\frames\fake\Pair1_vc2_vc2_vc-1d8e9939-76eb-5dc8-aab3-a78612eceb41.mp4,1,1,1.9742115,-1.9742115,1
F:\MEngDatasets\GenVidBench\GenVidBench\Pair2\svd\svd\02837___a close up of a nigerian id card.mp4,Pair2\svd\svd\02837___a close up of a nigerian id card.mp4,1,fake,Pair2,svd,GenVidBench,False,D:\HaitongNi\MEngProject_SecondBench\02_D3\cache\frames\fake\Pair2_svd_svd_02837__a_close_up_of_a_nigerian_id_card.mp4,1,1,2.063766,-2.063766,1
F:\MEngDatasets\GenVidBench\GenVidBench\Pair2\musev\musev\05175___an amazon may enter home fitness biz.mp4,Pair2\musev\musev\05175___an amazon may enter home fitness biz.mp4,1,fake,Pair2,musev,GenVidBench,False,D:\HaitongNi\MEngProject_SecondBench\02_D3\cache\frames\fake\Pair2_musev_musev_05175__an_amazon_may_enter_home_fitness_biz.mp4,1,1,2.3250916,-2.3250916,1
F:\MEngDatasets\GenVidBench\GenVidBench\Pair2\svd\svd\04325___a pink burner on top of a stove.mp4,Pair2\svd\svd\04325___a pink burner on top of a stove.mp4,1,fake,Pair2,svd,GenVidBench,False,D:\HaitongNi\MEngProject_SecondBench\02_D3\cache\frames\fake\Pair2_svd_svd_04325__a_pink_burner_on_top_of_a_stove.mp4,1,1,3.5337555,-3.5337555,1
F:\MEngDatasets\GenVidBench\GenVidBench\Pair2\svd\svd\07576___a red tractor in the middle of a lush green field.mp4,Pair2\svd\svd\07576___a red tractor in the middle of a lush green field.mp4,1,fake,Pair2,svd,GenVidBench,False,D:\HaitongNi\MEngProject_SecondBench\02_D3\cache\frames\fake\Pair2_svd_svd_07576__a_red_tractor_in_the_middle_of_a_lush_green_field.mp4,1,1,5.2719274,-5.2719274,0
F:\MEngDatasets\GenVidBench\GenVidBench\Pair2\svd\svd\07899___a baby and a doll sitting on the floor.mp4,Pair2\svd\svd\07899___a baby and a doll sitting on the floor.mp4,1,fake,Pair2,svd,GenVidBench,False,D:\HaitongNi\MEngProject_SecondBench\02_D3\cache\frames\fake\Pair2_svd_svd_07899__a_baby_and_a_doll_sitting_on_the_floor.mp4,1,1,3.1684656,-3.1684656,1
F:\MEngDatasets\GenVidBench\GenVidBench\Pair2\cogvideo\cogvideo\01612___a weather screen showing the 7 day forecast.mp4,Pair2\cogvideo\cogvideo\01612___a weather screen showing the 7 day forecast.mp4,1,fake,Pair2,cogvideo,GenVidBench,False,D:\HaitongNi\MEngProject_SecondBench\02_D3\cache\frames\fake\Pair2_cogvideo_cogvideo_01612__a_weather_screen_showing_the_7_day_forecast.mp4,1,1,1.5866295,-1.5866295,1
F:\MEngDatasets\GenVidBench\GenVidBench\Pair1\vc2\vc2\vc-828040e4-9aca-515d-a9bc-3dd881ef1ed7.mp4,Pair1\vc2\vc2\vc-828040e4-9aca-515d-a9bc-3dd881ef1ed7.mp4,1,fake,Pair1,vc2,GenVidBench,False,D:\HaitongNi\MEngProject_SecondBench\02_D3\cache\frames\fake\Pair1_vc2_vc2_vc-828040e4-9aca-515d-a9bc-3dd881ef1ed7.mp4,1,1,4.6190667,-4.6190667,0
F:\MEngDatasets\GenVidBench\GenVidBench\Pair2\svd\svd\06882___a group of basketball players posing for a picture.mp4,Pair2\svd\svd\06882___a group of basketball players posing for a picture.mp4,1,fake,Pair2,svd,GenVidBench,False,D:\HaitongNi\MEngProject_SecondBench\02_D3\cache\frames\fake\Pair2_svd_svd_06882__a_group_of_basketball_players_posing_for_a_picture.mp4,1,1,5.3608704,-5.3608704,0
F:\MEngDatasets\GenVidBench\GenVidBench\Pair2\mora\mora\07591___a picture of an egg on a blue background.mp4,Pair2\mora\mora\07591___a picture of an egg on a blue background.mp4,1,fake,Pair2,mora,GenVidBench,False,D:\HaitongNi\MEngProject_SecondBench\02_D3\cache\frames\fake\Pair2_mora_mora_07591__a_picture_of_an_egg_on_a_blue_background.mp4,1,1,2.150105,-2.150105,1
F:\MEngDatasets\GenVidBench\GenVidBench\Pair1\vc2\vc2\vc-10ccb150-0997-5ceb-82f6-6705b4fd31aa.mp4,Pair1\vc2\vc2\vc-10ccb150-0997-5ceb-82f6-6705b4fd31aa.mp4,1,fake,Pair1,vc2,GenVidBench,False,D:\HaitongNi\MEngProject_SecondBench\02_D3\cache\frames\fake\Pair1_vc2_vc2_vc-10ccb150-0997-5ceb-82f6-6705b4fd31aa.mp4,1,1,0.8283414,-0.8283414,1
F:\MEngDatasets\GenVidBench\GenVidBench\Pair1\t2vz\t2vz\t2vz-e1653180-f281-52be-b6ff-1fd19ded0d5b.mp4,Pair1\t2vz\t2vz\t2vz-e1653180-f281-52be-b6ff-1fd19ded0d5b.mp4,1,fake,Pair1,t2vz,GenVidBench,False,D:\HaitongNi\MEngProject_SecondBench\02_D3\cache\frames\fake\Pair1_t2vz_t2vz_t2vz-e1653180-f281-52be-b6ff-1fd19ded0d5b.mp4,1,1,7.2481995,-7.2481995,0
F:\MEngDatasets\GenVidBench\GenVidBench\Pair1\pika\pika\pika-70770d2b-1dab-5c0e-935c-12fc3779bf06.mp4,Pair1\pika\pika\pika-70770d2b-1dab-5c0e-935c-12fc3779bf06.mp4,1,fake,Pair1,pika,GenVidBench,False,D:\HaitongNi\MEngProject_SecondBench\02_D3\cache\frames\fake\Pair1_pika_pika_pika-70770d2b-1dab-5c0e-935c-12fc3779bf06.mp4,1,1,4.0865884,-4.0865884,1
F:\MEngDatasets\GenVidBench\GenVidBench\Pair1\vc2\vc2\vc-59c0e702-22bd-5c63-9579-6ed5a4344d4c.mp4,Pair1\vc2\vc2\vc-59c0e702-22bd-5c63-9579-6ed5a4344d4c.mp4,1,fake,Pair1,vc2,GenVidBench,False,D:\HaitongNi\MEngProject_SecondBench\02_D3\cache\frames\fake\Pair1_vc2_vc2_vc-59c0e702-22bd-5c63-9579-6ed5a4344d4c.mp4,1,1,1.6014705,-1.6014705,1
F:\MEngDatasets\GenVidBench\GenVidBench\Pair1\pika\pika\pika-7b1711ba-3c30-539f-8ba7-5dff10e848c6.mp4,Pair1\pika\pika\pika-7b1711ba-3c30-539f-8ba7-5dff10e848c6.mp4,1,fake,Pair1,pika,GenVidBench,False,D:\HaitongNi\MEngProject_SecondBench\02_D3\cache\frames\fake\Pair1_pika_pika_pika-7b1711ba-3c30-539f-8ba7-5dff10e848c6.mp4,1,1,3.796218,-3.796218,1
F:\MEngDatasets\GenVidBench\GenVidBench\Pair1\ms\ms\ms-b3731741-7cdc-5075-869b-e5557825a304.mp4,Pair1\ms\ms\ms-b3731741-7cdc-5075-869b-e5557825a304.mp4,1,fake,Pair1,ms,GenVidBench,False,D:\HaitongNi\MEngProject_SecondBench\02_D3\cache\frames\fake\Pair1_ms_ms_ms-b3731741-7cdc-5075-869b-e5557825a304.mp4,1,1,2.2577338,-2.2577338,1
F:\MEngDatasets\GenVidBench\GenVidBench\Pair2\musev\musev\05351___a video game character standing in front of a screen.mp4,Pair2\musev\musev\05351___a video game character standing in front of a screen.mp4,1,fake,Pair2,musev,GenVidBench,False,D:\HaitongNi\MEngProject_SecondBench\02_D3\cache\frames\fake\Pair2_musev_musev_05351__a_video_game_character_standing_in_front_of_a_screen.mp4,1,1,3.8388143,-3.8388143,1
F:\MEngDatasets\GenVidBench\GenVidBench\Pair2\mora\mora\08787___a yellow school bus driving down a street.mp4,Pair2\mora\mora\08787___a yellow school bus driving down a street.mp4,1,fake,Pair2,mora,GenVidBench,False,D:\HaitongNi\MEngProject_SecondBench\02_D3\cache\frames\fake\Pair2_mora_mora_08787__a_yellow_school_bus_driving_down_a_street.mp4,1,1,1.6431631,-1.6431631,1
F:\MEngDatasets\GenVidBench\GenVidBench\Pair1\pika\pika\pika-a8e00099-b278-55d0-bfff-0011efad5914.mp4,Pair1\pika\pika\pika-a8e00099-b278-55d0-bfff-0011efad5914.mp4,1,fake,Pair1,pika,GenVidBench,False,D:\HaitongNi\MEngProject_SecondBench\02_D3\cache\frames\fake\Pair1_pika_pika_pika-a8e00099-b278-55d0-bfff-0011efad5914.mp4,1,1,0.7004595,-0.7004595,1
F:\MEngDatasets\GenVidBench\GenVidBench\Pair1\ms\ms\ms-015b6972-c260-5220-9166-33f0d10c2ce8.mp4,Pair1\ms\ms\ms-015b6972-c260-5220-9166-33f0d10c2ce8.mp4,1,fake,Pair1,ms,GenVidBench,False,D:\HaitongNi\MEngProject_SecondBench\02_D3\cache\frames\fake\Pair1_ms_ms_ms-015b6972-c260-5220-9166-33f0d10c2ce8.mp4,1,1,3.187191,-3.187191,1
F:\MEngDatasets\GenVidBench\GenVidBench\Pair1\vc2\vc2\vc-10f4cf37-bc88-59ab-a946-4fd0f3368410.mp4,Pair1\vc2\vc2\vc-10f4cf37-bc88-59ab-a946-4fd0f3368410.mp4,1,fake,Pair1,vc2,GenVidBench,False,D:\HaitongNi\MEngProject_SecondBench\02_D3\cache\frames\fake\Pair1_vc2_vc2_vc-10f4cf37-bc88-59ab-a946-4fd0f3368410.mp4,1,1,1.9596348,-1.9596348,1
F:\MEngDatasets\GenVidBench\GenVidBench\Pair1\ms\ms\ms-e1653180-f281-52be-b6ff-1fd19ded0d5b.mp4,Pair1\ms\ms\ms-e1653180-f281-52be-b6ff-1fd19ded0d5b.mp4,1,fake,Pair1,ms,GenVidBench,False,D:\HaitongNi\MEngProject_SecondBench\02_D3\cache\frames\fake\Pair1_ms_ms_ms-e1653180-f281-52be-b6ff-1fd19ded0d5b.mp4,1,1,1.7201512,-1.7201512,1
F:\MEngDatasets\GenVidBench\GenVidBench\Pair2\svd\svd\02942___cars driving down a busy street in the city.mp4,Pair2\svd\svd\02942___cars driving down a busy street in the city.mp4,1,fake,Pair2,svd,GenVidBench,False,D:\HaitongNi\MEngProject_SecondBench\02_D3\cache\frames\fake\Pair2_svd_svd_02942__cars_driving_down_a_busy_street_in_the_city.mp4,1,1,3.3636975,-3.3636975,1
F:\MEngDatasets\GenVidBench\GenVidBench\Pair1\pika\pika\pika-38cf1d7c-c109-5d4c-aad6-d7638135a2b6.mp4,Pair1\pika\pika\pika-38cf1d7c-c109-5d4c-aad6-d7638135a2b6.mp4,1,fake,Pair1,pika,GenVidBench,False,D:\HaitongNi\MEngProject_SecondBench\02_D3\cache\frames\fake\Pair1_pika_pika_pika-38cf1d7c-c109-5d4c-aad6-d7638135a2b6.mp4,1,1,1.7686737,-1.7686737,1
F:\MEngDatasets\GenVidBench\GenVidBench\Pair1\pika\pika\pika-59c0e702-22bd-5c63-9579-6ed5a4344d4c.mp4,Pair1\pika\pika\pika-59c0e702-22bd-5c63-9579-6ed5a4344d4c.mp4,1,fake,Pair1,pika,GenVidBench,False,D:\HaitongNi\MEngProject_SecondBench\02_D3\cache\frames\fake\Pair1_pika_pika_pika-59c0e702-22bd-5c63-9579-6ed5a4344d4c.mp4,1,1,0.6260288,-0.6260288,1
F:\MEngDatasets\GenVidBench\GenVidBench\Pair1\ms\ms\ms-8eeeefe2-5303-5ec2-895d-394d73ded281.mp4,Pair1\ms\ms\ms-8eeeefe2-5303-5ec2-895d-394d73ded281.mp4,1,fake,Pair1,ms,GenVidBench,False,D:\HaitongNi\MEngProject_SecondBench\02_D3\cache\frames\fake\Pair1_ms_ms_ms-8eeeefe2-5303-5ec2-895d-394d73ded281.mp4,1,1,1.4892197,-1.4892197,1
F:\MEngDatasets\GenVidBench\GenVidBench\Pair2\musev\musev\11975___a bunk bed in a room with wooden walls.mp4,Pair2\musev\musev\11975___a bunk bed in a room with wooden walls.mp4,1,fake,Pair2,musev,GenVidBench,False,D:\HaitongNi\MEngProject_SecondBench\02_D3\cache\frames\fake\Pair2_musev_musev_11975__a_bunk_bed_in_a_room_with_wooden_walls.mp4,1,1,3.2157323,-3.2157323,1
F:\MEngDatasets\GenVidBench\GenVidBench\Pair2\mora\mora\07277___a close up of the exhaust pipe on a red car.mp4,Pair2\mora\mora\07277___a close up of the exhaust pipe on a red car.mp4,1,fake,Pair2,mora,GenVidBench,False,D:\HaitongNi\MEngProject_SecondBench\02_D3\cache\frames\fake\Pair2_mora_mora_07277__a_close_up_of_the_exhaust_pipe_on_a_red_car.mp4,1,1,1.6032608,-1.6032608,1
F:\MEngDatasets\GenVidBench\GenVidBench\Pair2\mora\mora\11925___a green background with a clock on it.mp4,Pair2\mora\mora\11925___a green background with a clock on it.mp4,1,fake,Pair2,mora,GenVidBench,False,D:\HaitongNi\MEngProject_SecondBench\02_D3\cache\frames\fake\Pair2_mora_mora_11925__a_green_background_with_a_clock_on_it.mp4,1,1,1.1217966,-1.1217966,1
F:\MEngDatasets\GenVidBench\GenVidBench\Pair2\musev\musev\13425___a news screen with a picture of a child abuse scandal.mp4,Pair2\musev\musev\13425___a news screen with a picture of a child abuse scandal.mp4,1,fake,Pair2,musev,GenVidBench,False,D:\HaitongNi\MEngProject_SecondBench\02_D3\cache\frames\fake\Pair2_musev_musev_13425__a_news_screen_with_a_picture_of_a_child_abuse_scandal.mp4,1,1,1.2227618,-1.2227618,1
F:\MEngDatasets\GenVidBench\GenVidBench\Pair1\t2vz\t2vz\t2vz-bd8392d9-8352-5800-b3bf-60139ab3acbb.mp4,Pair1\t2vz\t2vz\t2vz-bd8392d9-8352-5800-b3bf-60139ab3acbb.mp4,1,fake,Pair1,t2vz,GenVidBench,False,D:\HaitongNi\MEngProject_SecondBench\02_D3\cache\frames\fake\Pair1_t2vz_t2vz_t2vz-bd8392d9-8352-5800-b3bf-60139ab3acbb.mp4,1,1,14.130872,-14.130872,0
F:\MEngDatasets\GenVidBench\GenVidBench\Pair2\mora\mora\06831___a weather map with snow on it.mp4,Pair2\mora\mora\06831___a weather map with snow on it.mp4,1,fake,Pair2,mora,GenVidBench,False,D:\HaitongNi\MEngProject_SecondBench\02_D3\cache\frames\fake\Pair2_mora_mora_06831__a_weather_map_with_snow_on_it.mp4,1,1,2.8140805,-2.8140805,1
F:\MEngDatasets\GenVidBench\GenVidBench\Pair1\pika\pika\pika-a48b75cf-0aba-57f5-99ec-7a8ca28edaee.mp4,Pair1\pika\pika\pika-a48b75cf-0aba-57f5-99ec-7a8ca28edaee.mp4,1,fake,Pair1,pika,GenVidBench,False,D:\HaitongNi\MEngProject_SecondBench\02_D3\cache\frames\fake\Pair1_pika_pika_pika-a48b75cf-0aba-57f5-99ec-7a8ca28edaee.mp4,1,1,0.5515014,-0.5515014,1
F:\MEngDatasets\GenVidBench\GenVidBench\Pair1\ms\ms\ms-f36b292c-0950-50ea-bbf7-dd0a5d5e63fe.mp4,Pair1\ms\ms\ms-f36b292c-0950-50ea-bbf7-dd0a5d5e63fe.mp4,1,fake,Pair1,ms,GenVidBench,False,D:\HaitongNi\MEngProject_SecondBench\02_D3\cache\frames\fake\Pair1_ms_ms_ms-f36b292c-0950-50ea-bbf7-dd0a5d5e63fe.mp4,1,1,1.2453749,-1.2453749,1
F:\MEngDatasets\GenVidBench\GenVidBench\Pair1\t2vz\t2vz\t2vz-ac7cdff6-76a4-5c2a-ba41-3033afcea9b6.mp4,Pair1\t2vz\t2vz\t2vz-ac7cdff6-76a4-5c2a-ba41-3033afcea9b6.mp4,1,fake,Pair1,t2vz,GenVidBench,False,D:\HaitongNi\MEngProject_SecondBench\02_D3\cache\frames\fake\Pair1_t2vz_t2vz_t2vz-ac7cdff6-76a4-5c2a-ba41-3033afcea9b6.mp4,1,1,13.803296,-13.803296,0
F:\MEngDatasets\GenVidBench\GenVidBench\Pair2\cogvideo\cogvideo\05467___a map showing the locations of north korea and south korea.mp4,Pair2\cogvideo\cogvideo\05467___a map showing the locations of north korea and south korea.mp4,1,fake,Pair2,cogvideo,GenVidBench,False,D:\HaitongNi\MEngProject_SecondBench\02_D3\cache\frames\fake\Pair2_cogvideo_cogvideo_05467__a_map_showing_the_locations_of_north_korea_and_south_korea.mp4,1,1,3.2471797,-3.2471797,1
F:\MEngDatasets\GenVidBench\GenVidBench\Pair1\t2vz\t2vz\t2vz-38cf1d7c-c109-5d4c-aad6-d7638135a2b6.mp4,Pair1\t2vz\t2vz\t2vz-38cf1d7c-c109-5d4c-aad6-d7638135a2b6.mp4,1,fake,Pair1,t2vz,GenVidBench,False,D:\HaitongNi\MEngProject_SecondBench\02_D3\cache\frames\fake\Pair1_t2vz_t2vz_t2vz-38cf1d7c-c109-5d4c-aad6-d7638135a2b6.mp4,1,1,19.866985,-19.866985,0
F:\MEngDatasets\GenVidBench\GenVidBench\Pair2\musev\musev\07095___a blurry picture of some text on a screen.mp4,Pair2\musev\musev\07095___a blurry picture of some text on a screen.mp4,1,fake,Pair2,musev,GenVidBench,False,D:\HaitongNi\MEngProject_SecondBench\02_D3\cache\frames\fake\Pair2_musev_musev_07095__a_blurry_picture_of_some_text_on_a_screen.mp4,1,1,3.7264328,-3.7264328,1
F:\MEngDatasets\GenVidBench\GenVidBench\Pair1\t2vz\t2vz\t2vz-59c0e702-22bd-5c63-9579-6ed5a4344d4c.mp4,Pair1\t2vz\t2vz\t2vz-59c0e702-22bd-5c63-9579-6ed5a4344d4c.mp4,1,fake,Pair1,t2vz,GenVidBench,False,D:\HaitongNi\MEngProject_SecondBench\02_D3\cache\frames\fake\Pair1_t2vz_t2vz_t2vz-59c0e702-22bd-5c63-9579-6ed5a4344d4c.mp4,1,1,4.0614767,-4.0614767,1
F:\MEngDatasets\GenVidBench\GenVidBench\Pair2\musev\musev\07899___a baby and a doll sitting on the floor.mp4,Pair2\musev\musev\07899___a baby and a doll sitting on the floor.mp4,1,fake,Pair2,musev,GenVidBench,False,D:\HaitongNi\MEngProject_SecondBench\02_D3\cache\frames\fake\Pair2_musev_musev_07899__a_baby_and_a_doll_sitting_on_the_floor.mp4,1,1,3.818829,-3.818829,1
F:\MEngDatasets\GenVidBench\GenVidBench\Pair1\ms\ms\ms-583bc44d-675d-5eec-bd37-21f879d7269a.mp4,Pair1\ms\ms\ms-583bc44d-675d-5eec-bd37-21f879d7269a.mp4,1,fake,Pair1,ms,GenVidBench,False,D:\HaitongNi\MEngProject_SecondBench\02_D3\cache\frames\fake\Pair1_ms_ms_ms-583bc44d-675d-5eec-bd37-21f879d7269a.mp4,1,1,2.8933485,-2.8933485,1
F:\MEngDatasets\GenVidBench\GenVidBench\Pair2\svd\svd\02476___a park that is flooded with water.mp4,Pair2\svd\svd\02476___a park that is flooded with water.mp4,1,fake,Pair2,svd,GenVidBench,False,D:\HaitongNi\MEngProject_SecondBench\02_D3\cache\frames\fake\Pair2_svd_svd_02476__a_park_that_is_flooded_with_water.mp4,1,1,4.8405275,-4.8405275,0
F:\MEngDatasets\GenVidBench\GenVidBench\Pair2\mora\mora\00901___two cars are parked in front of a house.mp4,Pair2\mora\mora\00901___two cars are parked in front of a house.mp4,1,fake,Pair2,mora,GenVidBench,False,D:\HaitongNi\MEngProject_SecondBench\02_D3\cache\frames\fake\Pair2_mora_mora_00901__two_cars_are_parked_in_front_of_a_house.mp4,1,1,2.2965007,-2.2965007,1
F:\MEngDatasets\GenVidBench\GenVidBench\Pair1\vc2\vc2\vc-6dad3ece-d203-551b-b5f0-9b8a4fa19024.mp4,Pair1\vc2\vc2\vc-6dad3ece-d203-551b-b5f0-9b8a4fa19024.mp4,1,fake,Pair1,vc2,GenVidBench,False,D:\HaitongNi\MEngProject_SecondBench\02_D3\cache\frames\fake\Pair1_vc2_vc2_vc-6dad3ece-d203-551b-b5f0-9b8a4fa19024.mp4,1,1,0.898475,-0.898475,1
F:\MEngDatasets\GenVidBench\GenVidBench\Pair2\mora\mora\10686___the front door of a house with a sign on it.mp4,Pair2\mora\mora\10686___the front door of a house with a sign on it.mp4,1,fake,Pair2,mora,GenVidBench,False,D:\HaitongNi\MEngProject_SecondBench\02_D3\cache\frames\fake\Pair2_mora_mora_10686__the_front_door_of_a_house_with_a_sign_on_it.mp4,1,1,1.2146226,-1.2146226,1
F:\MEngDatasets\GenVidBench\GenVidBench\Pair1\t2vz\t2vz\t2vz-21a72913-48de-5e80-85bf-da10c639ab49.mp4,Pair1\t2vz\t2vz\t2vz-21a72913-48de-5e80-85bf-da10c639ab49.mp4,1,fake,Pair1,t2vz,GenVidBench,False,D:\HaitongNi\MEngProject_SecondBench\02_D3\cache\frames\fake\Pair1_t2vz_t2vz_t2vz-21a72913-48de-5e80-85bf-da10c639ab49.mp4,1,1,12.623783,-12.623783,0
F:\MEngDatasets\GenVidBench\GenVidBench\Pair1\pika\pika\pika-ac7cdff6-76a4-5c2a-ba41-3033afcea9b6.mp4,Pair1\pika\pika\pika-ac7cdff6-76a4-5c2a-ba41-3033afcea9b6.mp4,1,fake,Pair1,pika,GenVidBench,False,D:\HaitongNi\MEngProject_SecondBench\02_D3\cache\frames\fake\Pair1_pika_pika_pika-ac7cdff6-76a4-5c2a-ba41-3033afcea9b6.mp4,1,1,1.3758448,-1.3758448,1
F:\MEngDatasets\GenVidBench\GenVidBench\Pair1\t2vz\t2vz\t2vz-10ccb150-0997-5ceb-82f6-6705b4fd31aa.mp4,Pair1\t2vz\t2vz\t2vz-10ccb150-0997-5ceb-82f6-6705b4fd31aa.mp4,1,fake,Pair1,t2vz,GenVidBench,False,D:\HaitongNi\MEngProject_SecondBench\02_D3\cache\frames\fake\Pair1_t2vz_t2vz_t2vz-10ccb150-0997-5ceb-82f6-6705b4fd31aa.mp4,1,1,13.671093,-13.671093,0
F:\MEngDatasets\GenVidBench\GenVidBench\Pair2\svd\svd\00321___a piece of paper sitting on top of a wooden table.mp4,Pair2\svd\svd\00321___a piece of paper sitting on top of a wooden table.mp4,1,fake,Pair2,svd,GenVidBench,False,D:\HaitongNi\MEngProject_SecondBench\02_D3\cache\frames\fake\Pair2_svd_svd_00321__a_piece_of_paper_sitting_on_top_of_a_wooden_table.mp4,1,1,3.8689942,-3.8689942,1
F:\MEngDatasets\GenVidBench\GenVidBench\Pair1\t2vz\t2vz\t2vz-af7aa6cd-c500-5cc9-bb3a-27e557edeb6c.mp4,Pair1\t2vz\t2vz\t2vz-af7aa6cd-c500-5cc9-bb3a-27e557edeb6c.mp4,1,fake,Pair1,t2vz,GenVidBench,False,D:\HaitongNi\MEngProject_SecondBench\02_D3\cache\frames\fake\Pair1_t2vz_t2vz_t2vz-af7aa6cd-c500-5cc9-bb3a-27e557edeb6c.mp4,1,1,5.562765,-5.562765,0
F:\MEngDatasets\GenVidBench\GenVidBench\Pair1\ms\ms\ms-af7aa6cd-c500-5cc9-bb3a-27e557edeb6c.mp4,Pair1\ms\ms\ms-af7aa6cd-c500-5cc9-bb3a-27e557edeb6c.mp4,1,fake,Pair1,ms,GenVidBench,False,D:\HaitongNi\MEngProject_SecondBench\02_D3\cache\frames\fake\Pair1_ms_ms_ms-af7aa6cd-c500-5cc9-bb3a-27e557edeb6c.mp4,1,1,2.340272,-2.340272,1
F:\MEngDatasets\GenVidBench\GenVidBench\Pair1\pika\pika\pika-e1653180-f281-52be-b6ff-1fd19ded0d5b.mp4,Pair1\pika\pika\pika-e1653180-f281-52be-b6ff-1fd19ded0d5b.mp4,1,fake,Pair1,pika,GenVidBench,False,D:\HaitongNi\MEngProject_SecondBench\02_D3\cache\frames\fake\Pair1_pika_pika_pika-e1653180-f281-52be-b6ff-1fd19ded0d5b.mp4,1,1,1.468019,-1.468019,1
F:\MEngDatasets\GenVidBench\GenVidBench\Pair1\pika\pika\pika-807ec19f-d33e-5059-8aa2-877ca8f7c20f.mp4,Pair1\pika\pika\pika-807ec19f-d33e-5059-8aa2-877ca8f7c20f.mp4,1,fake,Pair1,pika,GenVidBench,False,D:\HaitongNi\MEngProject_SecondBench\02_D3\cache\frames\fake\Pair1_pika_pika_pika-807ec19f-d33e-5059-8aa2-877ca8f7c20f.mp4,1,1,2.0396874,-2.0396874,1
F:\MEngDatasets\GenVidBench\GenVidBench\Pair2\musev\musev\13818___a black leather case laying on a bed.mp4,Pair2\musev\musev\13818___a black leather case laying on a bed.mp4,1,fake,Pair2,musev,GenVidBench,False,D:\HaitongNi\MEngProject_SecondBench\02_D3\cache\frames\fake\Pair2_musev_musev_13818__a_black_leather_case_laying_on_a_bed.mp4,1,1,3.6298122,-3.6298122,1
F:\MEngDatasets\GenVidBench\GenVidBench\Pair1\t2vz\t2vz\t2vz-a6aa3db8-6774-54ed-abf8-89bb1a29dc4d.mp4,Pair1\t2vz\t2vz\t2vz-a6aa3db8-6774-54ed-abf8-89bb1a29dc4d.mp4,1,fake,Pair1,t2vz,GenVidBench,False,D:\HaitongNi\MEngProject_SecondBench\02_D3\cache\frames\fake\Pair1_t2vz_t2vz_t2vz-a6aa3db8-6774-54ed-abf8-89bb1a29dc4d.mp4,1,1,11.848456,-11.848456,0
F:\MEngDatasets\GenVidBench\GenVidBench\Pair1\ms\ms\ms-bd8392d9-8352-5800-b3bf-60139ab3acbb.mp4,Pair1\ms\ms\ms-bd8392d9-8352-5800-b3bf-60139ab3acbb.mp4,1,fake,Pair1,ms,GenVidBench,False,D:\HaitongNi\MEngProject_SecondBench\02_D3\cache\frames\fake\Pair1_ms_ms_ms-bd8392d9-8352-5800-b3bf-60139ab3acbb.mp4,1,1,3.3982685,-3.3982685,1
F:\MEngDatasets\GenVidBench\GenVidBench\Pair1\t2vz\t2vz\t2vz-d1418574-5192-5596-96da-d1d5a308670a.mp4,Pair1\t2vz\t2vz\t2vz-d1418574-5192-5596-96da-d1d5a308670a.mp4,1,fake,Pair1,t2vz,GenVidBench,False,D:\HaitongNi\MEngProject_SecondBench\02_D3\cache\frames\fake\Pair1_t2vz_t2vz_t2vz-d1418574-5192-5596-96da-d1d5a308670a.mp4,1,1,14.07392,-14.07392,0
F:\MEngDatasets\GenVidBench\GenVidBench\Pair1\pika\pika\pika-fd1c0be6-3ea0-504d-a8eb-3124d364ce30.mp4,Pair1\pika\pika\pika-fd1c0be6-3ea0-504d-a8eb-3124d364ce30.mp4,1,fake,Pair1,pika,GenVidBench,False,D:\HaitongNi\MEngProject_SecondBench\02_D3\cache\frames\fake\Pair1_pika_pika_pika-fd1c0be6-3ea0-504d-a8eb-3124d364ce30.mp4,1,1,1.250098,-1.250098,1
F:\MEngDatasets\GenVidBench\GenVidBench\Pair1\pika\pika\pika-4b8e1b54-4f2b-59ec-ad4e-f60c6d6639ce.mp4,Pair1\pika\pika\pika-4b8e1b54-4f2b-59ec-ad4e-f60c6d6639ce.mp4,1,fake,Pair1,pika,GenVidBench,False,D:\HaitongNi\MEngProject_SecondBench\02_D3\cache\frames\fake\Pair1_pika_pika_pika-4b8e1b54-4f2b-59ec-ad4e-f60c6d6639ce.mp4,1,1,3.4331303,-3.4331303,1
F:\MEngDatasets\GenVidBench\GenVidBench\Pair1\t2vz\t2vz\t2vz-f2af67e1-56fb-530e-9719-0dc5887becd9.mp4,Pair1\t2vz\t2vz\t2vz-f2af67e1-56fb-530e-9719-0dc5887becd9.mp4,1,fake,Pair1,t2vz,GenVidBench,False,D:\HaitongNi\MEngProject_SecondBench\02_D3\cache\frames\fake\Pair1_t2vz_t2vz_t2vz-f2af67e1-56fb-530e-9719-0dc5887becd9.mp4,1,1,15.703844,-15.703844,0
F:\MEngDatasets\GenVidBench\GenVidBench\Pair2\mora\mora\13565___a close up of a piece of broccoli.mp4,Pair2\mora\mora\13565___a close up of a piece of broccoli.mp4,1,fake,Pair2,mora,GenVidBench,False,D:\HaitongNi\MEngProject_SecondBench\02_D3\cache\frames\fake\Pair2_mora_mora_13565__a_close_up_of_a_piece_of_broccoli.mp4,1,1,3.022406,-3.022406,1
F:\MEngDatasets\GenVidBench\GenVidBench\Pair2\svd\svd\08012___a sign for a restaurant that says chef kung.mp4,Pair2\svd\svd\08012___a sign for a restaurant that says chef kung.mp4,1,fake,Pair2,svd,GenVidBench,False,D:\HaitongNi\MEngProject_SecondBench\02_D3\cache\frames\fake\Pair2_svd_svd_08012__a_sign_for_a_restaurant_that_says_chef_kung.mp4,1,1,4.560873,-4.560873,0
F:\MEngDatasets\GenVidBench\GenVidBench\Pair1\pika\pika\pika-ff2c8815-2aff-5fdb-8394-1917fb571f42.mp4,Pair1\pika\pika\pika-ff2c8815-2aff-5fdb-8394-1917fb571f42.mp4,1,fake,Pair1,pika,GenVidBench,False,D:\HaitongNi\MEngProject_SecondBench\02_D3\cache\frames\fake\Pair1_pika_pika_pika-ff2c8815-2aff-5fdb-8394-1917fb571f42.mp4,1,1,1.9219652,-1.9219652,1
F:\MEngDatasets\GenVidBench\GenVidBench\Pair1\vc2\vc2\vc-c9b2959a-0cce-5df3-90e3-e0a70895dd77.mp4,Pair1\vc2\vc2\vc-c9b2959a-0cce-5df3-90e3-e0a70895dd77.mp4,1,fake,Pair1,vc2,GenVidBench,False,D:\HaitongNi\MEngProject_SecondBench\02_D3\cache\frames\fake\Pair1_vc2_vc2_vc-c9b2959a-0cce-5df3-90e3-e0a70895dd77.mp4,1,1,0.90337116,-0.90337116,1
F:\MEngDatasets\GenVidBench\GenVidBench\Pair2\cogvideo\cogvideo\11461___a potted plant with a bottle of liquid next to it.mp4,Pair2\cogvideo\cogvideo\11461___a potted plant with a bottle of liquid next to it.mp4,1,fake,Pair2,cogvideo,GenVidBench,False,D:\HaitongNi\MEngProject_SecondBench\02_D3\cache\frames\fake\Pair2_cogvideo_cogvideo_11461__a_potted_plant_with_a_bottle_of_liquid_next_to_it.mp4,1,1,1.8070866,-1.8070866,1
F:\MEngDatasets\GenVidBench\GenVidBench\Pair2\svd\svd\04273___a red rectangle with a white background.mp4,Pair2\svd\svd\04273___a red rectangle with a white background.mp4,1,fake,Pair2,svd,GenVidBench,False,D:\HaitongNi\MEngProject_SecondBench\02_D3\cache\frames\fake\Pair2_svd_svd_04273__a_red_rectangle_with_a_white_background.mp4,1,1,4.279044,-4.279044,1
F:\MEngDatasets\GenVidBench\GenVidBench\Pair2\musev\musev\05360___a car driving down a street with graffiti on a wall.mp4,Pair2\musev\musev\05360___a car driving down a street with graffiti on a wall.mp4,1,fake,Pair2,musev,GenVidBench,False,D:\HaitongNi\MEngProject_SecondBench\02_D3\cache\frames\fake\Pair2_musev_musev_05360__a_car_driving_down_a_street_with_graffiti_on_a_wall.mp4,1,1,2.4959538,-2.4959538,1
F:\MEngDatasets\GenVidBench\GenVidBench\Pair2\svd\svd\10255___a close up of a laptop computer screen.mp4,Pair2\svd\svd\10255___a close up of a laptop computer screen.mp4,1,fake,Pair2,svd,GenVidBench,False,D:\HaitongNi\MEngProject_SecondBench\02_D3\cache\frames\fake\Pair2_svd_svd_10255__a_close_up_of_a_laptop_computer_screen.mp4,1,1,5.8994145,-5.8994145,0
F:\MEngDatasets\GenVidBench\GenVidBench\Pair2\mora\mora\10934___three newspapers sitting on top of a table.mp4,Pair2\mora\mora\10934___three newspapers sitting on top of a table.mp4,1,fake,Pair2,mora,GenVidBench,False,D:\HaitongNi\MEngProject_SecondBench\02_D3\cache\frames\fake\Pair2_mora_mora_10934__three_newspapers_sitting_on_top_of_a_table.mp4,1,1,1.2938125,-1.2938125,1
F:\MEngDatasets\GenVidBench\GenVidBench\Pair1\ms\ms\ms-b186afc4-3c50-566e-8091-11c41ac75c2b.mp4,Pair1\ms\ms\ms-b186afc4-3c50-566e-8091-11c41ac75c2b.mp4,1,fake,Pair1,ms,GenVidBench,False,D:\HaitongNi\MEngProject_SecondBench\02_D3\cache\frames\fake\Pair1_ms_ms_ms-b186afc4-3c50-566e-8091-11c41ac75c2b.mp4,1,1,2.4335828,-2.4335828,1
F:\MEngDatasets\GenVidBench\GenVidBench\Pair1\vc2\vc2\vc-f2af67e1-56fb-530e-9719-0dc5887becd9.mp4,Pair1\vc2\vc2\vc-f2af67e1-56fb-530e-9719-0dc5887becd9.mp4,1,fake,Pair1,vc2,GenVidBench,False,D:\HaitongNi\MEngProject_SecondBench\02_D3\cache\frames\fake\Pair1_vc2_vc2_vc-f2af67e1-56fb-530e-9719-0dc5887becd9.mp4,1,1,0.72289747,-0.72289747,1
F:\MEngDatasets\GenVidBench\GenVidBench\Pair2\svd\svd\05668___a tractor driving down a dirt road.mp4,Pair2\svd\svd\05668___a tractor driving down a dirt road.mp4,1,fake,Pair2,svd,GenVidBench,False,D:\HaitongNi\MEngProject_SecondBench\02_D3\cache\frames\fake\Pair2_svd_svd_05668__a_tractor_driving_down_a_dirt_road.mp4,1,1,2.5949588,-2.5949588,1
F:\MEngDatasets\GenVidBench\GenVidBench\Pair1\pika\pika\pika-583bc44d-675d-5eec-bd37-21f879d7269a.mp4,Pair1\pika\pika\pika-583bc44d-675d-5eec-bd37-21f879d7269a.mp4,1,fake,Pair1,pika,GenVidBench,False,D:\HaitongNi\MEngProject_SecondBench\02_D3\cache\frames\fake\Pair1_pika_pika_pika-583bc44d-675d-5eec-bd37-21f879d7269a.mp4,1,1,2.3621256,-2.3621256,1
F:\MEngDatasets\GenVidBench\GenVidBench\Pair1\ms\ms\ms-2c48b7e5-b4e6-5152-83b8-287aa74afb8f.mp4,Pair1\ms\ms\ms-2c48b7e5-b4e6-5152-83b8-287aa74afb8f.mp4,1,fake,Pair1,ms,GenVidBench,False,D:\HaitongNi\MEngProject_SecondBench\02_D3\cache\frames\fake\Pair1_ms_ms_ms-2c48b7e5-b4e6-5152-83b8-287aa74afb8f.mp4,1,1,1.1554701,-1.1554701,1
F:\MEngDatasets\GenVidBench\GenVidBench\Pair1\ms\ms\ms-ed3a73af-7a1d-529c-9cd3-a6d5a43e06d1.mp4,Pair1\ms\ms\ms-ed3a73af-7a1d-529c-9cd3-a6d5a43e06d1.mp4,1,fake,Pair1,ms,GenVidBench,False,D:\HaitongNi\MEngProject_SecondBench\02_D3\cache\frames\fake\Pair1_ms_ms_ms-ed3a73af-7a1d-529c-9cd3-a6d5a43e06d1.mp4,1,1,0.5076807,-0.5076807,1
F:\MEngDatasets\GenVidBench\GenVidBench\Pair1\t2vz\t2vz\t2vz-ed3a73af-7a1d-529c-9cd3-a6d5a43e06d1.mp4,Pair1\t2vz\t2vz\t2vz-ed3a73af-7a1d-529c-9cd3-a6d5a43e06d1.mp4,1,fake,Pair1,t2vz,GenVidBench,False,D:\HaitongNi\MEngProject_SecondBench\02_D3\cache\frames\fake\Pair1_t2vz_t2vz_t2vz-ed3a73af-7a1d-529c-9cd3-a6d5a43e06d1.mp4,1,1,8.46017,-8.46017,0
F:\MEngDatasets\GenVidBench\GenVidBench\Pair2\musev\musev\07585___a doll sitting on a chair in a room.mp4,Pair2\musev\musev\07585___a doll sitting on a chair in a room.mp4,1,fake,Pair2,musev,GenVidBench,False,D:\HaitongNi\MEngProject_SecondBench\02_D3\cache\frames\fake\Pair2_musev_musev_07585__a_doll_sitting_on_a_chair_in_a_room.mp4,1,1,7.2050934,-7.2050934,0
F:\MEngDatasets\GenVidBench\GenVidBench\Pair2\musev\musev\10255___a close up of a laptop computer screen.mp4,Pair2\musev\musev\10255___a close up of a laptop computer screen.mp4,1,fake,Pair2,musev,GenVidBench,False,D:\HaitongNi\MEngProject_SecondBench\02_D3\cache\frames\fake\Pair2_musev_musev_10255__a_close_up_of_a_laptop_computer_screen.mp4,1,1,5.1153874,-5.1153874,0
F:\MEngDatasets\GenVidBench\GenVidBench\Pair1\ms\ms\ms-52085ef4-0f41-54af-a053-fa5dc9ede520.mp4,Pair1\ms\ms\ms-52085ef4-0f41-54af-a053-fa5dc9ede520.mp4,1,fake,Pair1,ms,GenVidBench,False,D:\HaitongNi\MEngProject_SecondBench\02_D3\cache\frames\fake\Pair1_ms_ms_ms-52085ef4-0f41-54af-a053-fa5dc9ede520.mp4,1,1,2.4283783,-2.4283783,1
F:\MEngDatasets\GenVidBench\GenVidBench\Pair1\ms\ms\ms-7510c4f9-8079-571a-b400-71e6e82a225b.mp4,Pair1\ms\ms\ms-7510c4f9-8079-571a-b400-71e6e82a225b.mp4,1,fake,Pair1,ms,GenVidBench,False,D:\HaitongNi\MEngProject_SecondBench\02_D3\cache\frames\fake\Pair1_ms_ms_ms-7510c4f9-8079-571a-b400-71e6e82a225b.mp4,1,1,1.7271109,-1.7271109,1
F:\MEngDatasets\GenVidBench\GenVidBench\Pair1\vc2\vc2\vc-bd8392d9-8352-5800-b3bf-60139ab3acbb.mp4,Pair1\vc2\vc2\vc-bd8392d9-8352-5800-b3bf-60139ab3acbb.mp4,1,fake,Pair1,vc2,GenVidBench,False,D:\HaitongNi\MEngProject_SecondBench\02_D3\cache\frames\fake\Pair1_vc2_vc2_vc-bd8392d9-8352-5800-b3bf-60139ab3acbb.mp4,1,1,0.9773744,-0.9773744,1
F:\MEngDatasets\GenVidBench\GenVidBench\Pair2\svd\svd\02082___a young boy standing on a tiled floor.mp4,Pair2\svd\svd\02082___a young boy standing on a tiled floor.mp4,1,fake,Pair2,svd,GenVidBench,False,D:\HaitongNi\MEngProject_SecondBench\02_D3\cache\frames\fake\Pair2_svd_svd_02082__a_young_boy_standing_on_a_tiled_floor.mp4,1,1,6.993617,-6.993617,0
F:\MEngDatasets\GenVidBench\GenVidBench\Pair2\cogvideo\cogvideo\01784___president barack obama giving a speech in front of an american flag.mp4,Pair2\cogvideo\cogvideo\01784___president barack obama giving a speech in front of an american flag.mp4,1,fake,Pair2,cogvideo,GenVidBench,False,D:\HaitongNi\MEngProject_SecondBench\02_D3\cache\frames\fake\Pair2_cogvideo_cogvideo_01784__president_barack_obama_giving_a_speech_in_front_of_an_american_flag.mp4,1,1,2.2247295,-2.2247295,1
F:\MEngDatasets\GenVidBench\GenVidBench\Pair1\ms\ms\ms-ac7cdff6-76a4-5c2a-ba41-3033afcea9b6.mp4,Pair1\ms\ms\ms-ac7cdff6-76a4-5c2a-ba41-3033afcea9b6.mp4,1,fake,Pair1,ms,GenVidBench,False,D:\HaitongNi\MEngProject_SecondBench\02_D3\cache\frames\fake\Pair1_ms_ms_ms-ac7cdff6-76a4-5c2a-ba41-3033afcea9b6.mp4,1,1,1.8579637,-1.8579637,1
F:\MEngDatasets\GenVidBench\GenVidBench\Pair1\vc2\vc2\vc-70770d2b-1dab-5c0e-935c-12fc3779bf06.mp4,Pair1\vc2\vc2\vc-70770d2b-1dab-5c0e-935c-12fc3779bf06.mp4,1,fake,Pair1,vc2,GenVidBench,False,D:\HaitongNi\MEngProject_SecondBench\02_D3\cache\frames\fake\Pair1_vc2_vc2_vc-70770d2b-1dab-5c0e-935c-12fc3779bf06.mp4,1,1,1.4410028,-1.4410028,1
F:\MEngDatasets\GenVidBench\GenVidBench\Pair1\t2vz\t2vz\t2vz-70d666ee-bd5d-5ade-b0d1-b5b9085d5ca5.mp4,Pair1\t2vz\t2vz\t2vz-70d666ee-bd5d-5ade-b0d1-b5b9085d5ca5.mp4,1,fake,Pair1,t2vz,GenVidBench,False,D:\HaitongNi\MEngProject_SecondBench\02_D3\cache\frames\fake\Pair1_t2vz_t2vz_t2vz-70d666ee-bd5d-5ade-b0d1-b5b9085d5ca5.mp4,1,1,5.964056,-5.964056,0
F:\MEngDatasets\GenVidBench\GenVidBench\Pair1\t2vz\t2vz\t2vz-1d8e9939-76eb-5dc8-aab3-a78612eceb41.mp4,Pair1\t2vz\t2vz\t2vz-1d8e9939-76eb-5dc8-aab3-a78612eceb41.mp4,1,fake,Pair1,t2vz,GenVidBench,False,D:\HaitongNi\MEngProject_SecondBench\02_D3\cache\frames\fake\Pair1_t2vz_t2vz_t2vz-1d8e9939-76eb-5dc8-aab3-a78612eceb41.mp4,1,1,11.113489,-11.113489,0
F:\MEngDatasets\GenVidBench\GenVidBench\Pair2\mora\mora\13790___a building with a kite flying in the sky.mp4,Pair2\mora\mora\13790___a building with a kite flying in the sky.mp4,1,fake,Pair2,mora,GenVidBench,False,D:\HaitongNi\MEngProject_SecondBench\02_D3\cache\frames\fake\Pair2_mora_mora_13790__a_building_with_a_kite_flying_in_the_sky.mp4,1,1,2.2465835,-2.2465835,1
F:\MEngDatasets\GenVidBench\GenVidBench\Pair2\svd\svd\08151___a picture of a tall building with a blue sky in the background.mp4,Pair2\svd\svd\08151___a picture of a tall building with a blue sky in the background.mp4,1,fake,Pair2,svd,GenVidBench,False,D:\HaitongNi\MEngProject_SecondBench\02_D3\cache\frames\fake\Pair2_svd_svd_08151__a_picture_of_a_tall_building_with_a_blue_sky_in_the_background.mp4,1,1,3.7311158,-3.7311158,1
F:\MEngDatasets\GenVidBench\GenVidBench\Pair1\pika\pika\pika-20ae02c0-bf3c-51f6-8382-5e54799ede52.mp4,Pair1\pika\pika\pika-20ae02c0-bf3c-51f6-8382-5e54799ede52.mp4,1,fake,Pair1,pika,GenVidBench,False,D:\HaitongNi\MEngProject_SecondBench\02_D3\cache\frames\fake\Pair1_pika_pika_pika-20ae02c0-bf3c-51f6-8382-5e54799ede52.mp4,1,1,1.6749965,-1.6749965,1
F:\MEngDatasets\GenVidBench\GenVidBench\Pair1\ms\ms\ms-89ed5c66-7b9e-5447-ae61-2e8f9ce6a9a9.mp4,Pair1\ms\ms\ms-89ed5c66-7b9e-5447-ae61-2e8f9ce6a9a9.mp4,1,fake,Pair1,ms,GenVidBench,False,D:\HaitongNi\MEngProject_SecondBench\02_D3\cache\frames\fake\Pair1_ms_ms_ms-89ed5c66-7b9e-5447-ae61-2e8f9ce6a9a9.mp4,1,1,1.5393105,-1.5393105,1
F:\MEngDatasets\GenVidBench\GenVidBench\Pair2\svd\svd\03751___a sign with a picture of a plant in a greenhouse.mp4,Pair2\svd\svd\03751___a sign with a picture of a plant in a greenhouse.mp4,1,fake,Pair2,svd,GenVidBench,False,D:\HaitongNi\MEngProject_SecondBench\02_D3\cache\frames\fake\Pair2_svd_svd_03751__a_sign_with_a_picture_of_a_plant_in_a_greenhouse.mp4,1,1,4.8768244,-4.8768244,0
F:\MEngDatasets\GenVidBench\GenVidBench\Pair2\cogvideo\cogvideo\13790___a building with a kite flying in the sky.mp4,Pair2\cogvideo\cogvideo\13790___a building with a kite flying in the sky.mp4,1,fake,Pair2,cogvideo,GenVidBench,False,D:\HaitongNi\MEngProject_SecondBench\02_D3\cache\frames\fake\Pair2_cogvideo_cogvideo_13790__a_building_with_a_kite_flying_in_the_sky.mp4,1,1,2.6739273,-2.6739273,1
F:\MEngDatasets\GenVidBench\GenVidBench\Pair1\vc2\vc2\vc-89ed5c66-7b9e-5447-ae61-2e8f9ce6a9a9.mp4,Pair1\vc2\vc2\vc-89ed5c66-7b9e-5447-ae61-2e8f9ce6a9a9.mp4,1,fake,Pair1,vc2,GenVidBench,False,D:\HaitongNi\MEngProject_SecondBench\02_D3\cache\frames\fake\Pair1_vc2_vc2_vc-89ed5c66-7b9e-5447-ae61-2e8f9ce6a9a9.mp4,1,1,0.4915374,-0.4915374,1
F:\MEngDatasets\GenVidBench\GenVidBench\Pair2\mora\mora\03669___a screen shot of a website with a shopping cart.mp4,Pair2\mora\mora\03669___a screen shot of a website with a shopping cart.mp4,1,fake,Pair2,mora,GenVidBench,False,D:\HaitongNi\MEngProject_SecondBench\02_D3\cache\frames\fake\Pair2_mora_mora_03669__a_screen_shot_of_a_website_with_a_shopping_cart.mp4,1,1,3.8510933,-3.8510933,1
F:\MEngDatasets\GenVidBench\GenVidBench\Pair1\pika\pika\pika-f2af67e1-56fb-530e-9719-0dc5887becd9.mp4,Pair1\pika\pika\pika-f2af67e1-56fb-530e-9719-0dc5887becd9.mp4,1,fake,Pair1,pika,GenVidBench,False,D:\HaitongNi\MEngProject_SecondBench\02_D3\cache\frames\fake\Pair1_pika_pika_pika-f2af67e1-56fb-530e-9719-0dc5887becd9.mp4,1,1,1.9697819,-1.9697819,1
F:\MEngDatasets\GenVidBench\GenVidBench\Pair2\musev\musev\03011___a car driving down a dark highway at night.mp4,Pair2\musev\musev\03011___a car driving down a dark highway at night.mp4,1,fake,Pair2,musev,GenVidBench,False,D:\HaitongNi\MEngProject_SecondBench\02_D3\cache\frames\fake\Pair2_musev_musev_03011__a_car_driving_down_a_dark_highway_at_night.mp4,1,1,6.22306,-6.22306,0
F:\MEngDatasets\GenVidBench\GenVidBench\Pair2\cogvideo\cogvideo\02778___a map of japan with a red face on it.mp4,Pair2\cogvideo\cogvideo\02778___a map of japan with a red face on it.mp4,1,fake,Pair2,cogvideo,GenVidBench,False,D:\HaitongNi\MEngProject_SecondBench\02_D3\cache\frames\fake\Pair2_cogvideo_cogvideo_02778__a_map_of_japan_with_a_red_face_on_it.mp4,1,1,1.5821116,-1.5821116,1
F:\MEngDatasets\GenVidBench\GenVidBench\Pair2\cogvideo\cogvideo\10070___the back of a van filled with bags of drugs.mp4,Pair2\cogvideo\cogvideo\10070___the back of a van filled with bags of drugs.mp4,1,fake,Pair2,cogvideo,GenVidBench,False,D:\HaitongNi\MEngProject_SecondBench\02_D3\cache\frames\fake\Pair2_cogvideo_cogvideo_10070__the_back_of_a_van_filled_with_bags_of_drugs.mp4,1,1,1.6219857,-1.6219857,1
F:\MEngDatasets\GenVidBench\GenVidBench\Pair1\ms\ms\ms-a8e00099-b278-55d0-bfff-0011efad5914.mp4,Pair1\ms\ms\ms-a8e00099-b278-55d0-bfff-0011efad5914.mp4,1,fake,Pair1,ms,GenVidBench,False,D:\HaitongNi\MEngProject_SecondBench\02_D3\cache\frames\fake\Pair1_ms_ms_ms-a8e00099-b278-55d0-bfff-0011efad5914.mp4,1,1,2.1289024,-2.1289024,1
F:\MEngDatasets\GenVidBench\GenVidBench\Pair1\t2vz\t2vz\t2vz-f36b292c-0950-50ea-bbf7-dd0a5d5e63fe.mp4,Pair1\t2vz\t2vz\t2vz-f36b292c-0950-50ea-bbf7-dd0a5d5e63fe.mp4,1,fake,Pair1,t2vz,GenVidBench,False,D:\HaitongNi\MEngProject_SecondBench\02_D3\cache\frames\fake\Pair1_t2vz_t2vz_t2vz-f36b292c-0950-50ea-bbf7-dd0a5d5e63fe.mp4,1,1,9.761555,-9.761555,0
F:\MEngDatasets\GenVidBench\GenVidBench\Pair2\svd\svd\13425___a news screen with a picture of a child abuse scandal.mp4,Pair2\svd\svd\13425___a news screen with a picture of a child abuse scandal.mp4,1,fake,Pair2,svd,GenVidBench,False,D:\HaitongNi\MEngProject_SecondBench\02_D3\cache\frames\fake\Pair2_svd_svd_13425__a_news_screen_with_a_picture_of_a_child_abuse_scandal.mp4,1,1,3.7785673,-3.7785673,1
F:\MEngDatasets\GenVidBench\GenVidBench\Pair2\svd\svd\06329___a brown and white bird sitting in a tree.mp4,Pair2\svd\svd\06329___a brown and white bird sitting in a tree.mp4,1,fake,Pair2,svd,GenVidBench,False,D:\HaitongNi\MEngProject_SecondBench\02_D3\cache\frames\fake\Pair2_svd_svd_06329__a_brown_and_white_bird_sitting_in_a_tree.mp4,1,1,3.481957,-3.481957,1
F:\MEngDatasets\GenVidBench\GenVidBench\Pair1\vc2\vc2\vc-7510c4f9-8079-571a-b400-71e6e82a225b.mp4,Pair1\vc2\vc2\vc-7510c4f9-8079-571a-b400-71e6e82a225b.mp4,1,fake,Pair1,vc2,GenVidBench,False,D:\HaitongNi\MEngProject_SecondBench\02_D3\cache\frames\fake\Pair1_vc2_vc2_vc-7510c4f9-8079-571a-b400-71e6e82a225b.mp4,1,1,0.69629854,-0.69629854,1
F:\MEngDatasets\GenVidBench\GenVidBench\Pair2\musev\musev\13629___a sign on top of a pile of wood.mp4,Pair2\musev\musev\13629___a sign on top of a pile of wood.mp4,1,fake,Pair2,musev,GenVidBench,False,D:\HaitongNi\MEngProject_SecondBench\02_D3\cache\frames\fake\Pair2_musev_musev_13629__a_sign_on_top_of_a_pile_of_wood.mp4,1,1,2.5247328,-2.5247328,1
F:\MEngDatasets\GenVidBench\GenVidBench\Pair2\mora\mora\12030___a young boy standing in the grass with a sign that says $ 200.mp4,Pair2\mora\mora\12030___a young boy standing in the grass with a sign that says $ 200.mp4,1,fake,Pair2,mora,GenVidBench,False,D:\HaitongNi\MEngProject_SecondBench\02_D3\cache\frames\fake\Pair2_mora_mora_12030__a_young_boy_standing_in_the_grass_with_a_sign_that_says_$_200.mp4,1,1,3.6403656,-3.6403656,1
F:\MEngDatasets\GenVidBench\GenVidBench\Pair2\musev\musev\01843___a group of softball players talking to each other.mp4,Pair2\musev\musev\01843___a group of softball players talking to each other.mp4,1,fake,Pair2,musev,GenVidBench,False,D:\HaitongNi\MEngProject_SecondBench\02_D3\cache\frames\fake\Pair2_musev_musev_01843__a_group_of_softball_players_talking_to_each_other.mp4,1,1,3.326015,-3.326015,1
F:\MEngDatasets\GenVidBench\GenVidBench\Pair2\mora\mora\12708___a cat sitting on top of a flat screen tv.mp4,Pair2\mora\mora\12708___a cat sitting on top of a flat screen tv.mp4,1,fake,Pair2,mora,GenVidBench,False,D:\HaitongNi\MEngProject_SecondBench\02_D3\cache\frames\fake\Pair2_mora_mora_12708__a_cat_sitting_on_top_of_a_flat_screen_tv.mp4,1,1,3.0137396,-3.0137396,1
F:\MEngDatasets\GenVidBench\GenVidBench\Pair2\musev\musev\13725___a close up of a vehicle's undercarriage.mp4,Pair2\musev\musev\13725___a close up of a vehicle's undercarriage.mp4,1,fake,Pair2,musev,GenVidBench,False,D:\HaitongNi\MEngProject_SecondBench\02_D3\cache\frames\fake\Pair2_musev_musev_13725__a_close_up_of_a_vehicle's_undercarriage.mp4,1,1,1.1575824,-1.1575824,1
F:\MEngDatasets\GenVidBench\GenVidBench\Pair2\cogvideo\cogvideo\02929___a group of football players standing together on a field.mp4,Pair2\cogvideo\cogvideo\02929___a group of football players standing together on a field.mp4,1,fake,Pair2,cogvideo,GenVidBench,False,D:\HaitongNi\MEngProject_SecondBench\02_D3\cache\frames\fake\Pair2_cogvideo_cogvideo_02929__a_group_of_football_players_standing_together_on_a_field.mp4,1,1,1.2491251,-1.2491251,1
F:\MEngDatasets\GenVidBench\GenVidBench\Pair1\t2vz\t2vz\t2vz-3d912141-6b6e-5cfd-8c30-12bad1a64b89.mp4,Pair1\t2vz\t2vz\t2vz-3d912141-6b6e-5cfd-8c30-12bad1a64b89.mp4,1,fake,Pair1,t2vz,GenVidBench,False,D:\HaitongNi\MEngProject_SecondBench\02_D3\cache\frames\fake\Pair1_t2vz_t2vz_t2vz-3d912141-6b6e-5cfd-8c30-12bad1a64b89.mp4,1,1,9.050349,-9.050349,0
F:\MEngDatasets\GenVidBench\GenVidBench\Pair1\pika\pika\pika-534de1b2-2307-5aaa-bc5b-cda0f4697261.mp4,Pair1\pika\pika\pika-534de1b2-2307-5aaa-bc5b-cda0f4697261.mp4,1,fake,Pair1,pika,GenVidBench,False,D:\HaitongNi\MEngProject_SecondBench\02_D3\cache\frames\fake\Pair1_pika_pika_pika-534de1b2-2307-5aaa-bc5b-cda0f4697261.mp4,1,1,1.0909908,-1.0909908,1
F:\MEngDatasets\GenVidBench\GenVidBench\Pair1\pika\pika\pika-f36b292c-0950-50ea-bbf7-dd0a5d5e63fe.mp4,Pair1\pika\pika\pika-f36b292c-0950-50ea-bbf7-dd0a5d5e63fe.mp4,1,fake,Pair1,pika,GenVidBench,False,D:\HaitongNi\MEngProject_SecondBench\02_D3\cache\frames\fake\Pair1_pika_pika_pika-f36b292c-0950-50ea-bbf7-dd0a5d5e63fe.mp4,1,1,0.24252738,-0.24252738,1
F:\MEngDatasets\GenVidBench\GenVidBench\Pair2\svd\svd\10737___a bedroom with a bed and a lamp next to it.mp4,Pair2\svd\svd\10737___a bedroom with a bed and a lamp next to it.mp4,1,fake,Pair2,svd,GenVidBench,False,D:\HaitongNi\MEngProject_SecondBench\02_D3\cache\frames\fake\Pair2_svd_svd_10737__a_bedroom_with_a_bed_and_a_lamp_next_to_it.mp4,1,1,2.7911968,-2.7911968,1
F:\MEngDatasets\GenVidBench\GenVidBench\Pair1\pika\pika\pika-7aec879d-90c5-52e5-b196-bb3657575b82.mp4,Pair1\pika\pika\pika-7aec879d-90c5-52e5-b196-bb3657575b82.mp4,1,fake,Pair1,pika,GenVidBench,False,D:\HaitongNi\MEngProject_SecondBench\02_D3\cache\frames\fake\Pair1_pika_pika_pika-7aec879d-90c5-52e5-b196-bb3657575b82.mp4,1,1,2.8039126,-2.8039126,1
F:\MEngDatasets\GenVidBench\GenVidBench\Pair1\ms\ms\ms-7aec879d-90c5-52e5-b196-bb3657575b82.mp4,Pair1\ms\ms\ms-7aec879d-90c5-52e5-b196-bb3657575b82.mp4,1,fake,Pair1,ms,GenVidBench,False,D:\HaitongNi\MEngProject_SecondBench\02_D3\cache\frames\fake\Pair1_ms_ms_ms-7aec879d-90c5-52e5-b196-bb3657575b82.mp4,1,1,0.8669185,-0.8669185,1
F:\MEngDatasets\GenVidBench\GenVidBench\Pair1\t2vz\t2vz\t2vz-6836d5d3-0d92-5d85-a32b-b121f9ba9b04.mp4,Pair1\t2vz\t2vz\t2vz-6836d5d3-0d92-5d85-a32b-b121f9ba9b04.mp4,1,fake,Pair1,t2vz,GenVidBench,False,D:\HaitongNi\MEngProject_SecondBench\02_D3\cache\frames\fake\Pair1_t2vz_t2vz_t2vz-6836d5d3-0d92-5d85-a32b-b121f9ba9b04.mp4,1,1,12.357919,-12.357919,0
F:\MEngDatasets\GenVidBench\GenVidBench\Pair2\mora\mora\03657___a computer screen showing a page with a picture on it.mp4,Pair2\mora\mora\03657___a computer screen showing a page with a picture on it.mp4,1,fake,Pair2,mora,GenVidBench,False,D:\HaitongNi\MEngProject_SecondBench\02_D3\cache\frames\fake\Pair2_mora_mora_03657__a_computer_screen_showing_a_page_with_a_picture_on_it.mp4,1,1,2.2373648,-2.2373648,1
F:\MEngDatasets\GenVidBench\GenVidBench\Pair2\musev\musev\03042___a couple of speed boats in the ocean.mp4,Pair2\musev\musev\03042___a couple of speed boats in the ocean.mp4,1,fake,Pair2,musev,GenVidBench,False,D:\HaitongNi\MEngProject_SecondBench\02_D3\cache\frames\fake\Pair2_musev_musev_03042__a_couple_of_speed_boats_in_the_ocean.mp4,1,1,6.855098,-6.855098,0
F:\MEngDatasets\GenVidBench\GenVidBench\Pair2\cogvideo\cogvideo\10686___the front door of a house with a sign on it.mp4,Pair2\cogvideo\cogvideo\10686___the front door of a house with a sign on it.mp4,1,fake,Pair2,cogvideo,GenVidBench,False,D:\HaitongNi\MEngProject_SecondBench\02_D3\cache\frames\fake\Pair2_cogvideo_cogvideo_10686__the_front_door_of_a_house_with_a_sign_on_it.mp4,1,1,0.7279212,-0.7279212,1
F:\MEngDatasets\GenVidBench\GenVidBench\Pair2\musev\musev\02837___a close up of a nigerian id card.mp4,Pair2\musev\musev\02837___a close up of a nigerian id card.mp4,1,fake,Pair2,musev,GenVidBench,False,D:\HaitongNi\MEngProject_SecondBench\02_D3\cache\frames\fake\Pair2_musev_musev_02837__a_close_up_of_a_nigerian_id_card.mp4,1,1,1.841364,-1.841364,1
F:\MEngDatasets\GenVidBench\GenVidBench\Pair1\ms\ms\ms-e35c583d-5dfe-5ba8-a937-5a1b5548a63f.mp4,Pair1\ms\ms\ms-e35c583d-5dfe-5ba8-a937-5a1b5548a63f.mp4,1,fake,Pair1,ms,GenVidBench,False,D:\HaitongNi\MEngProject_SecondBench\02_D3\cache\frames\fake\Pair1_ms_ms_ms-e35c583d-5dfe-5ba8-a937-5a1b5548a63f.mp4,1,1,3.5825174,-3.5825174,1
F:\MEngDatasets\GenVidBench\GenVidBench\Pair1\pika\pika\pika-70d666ee-bd5d-5ade-b0d1-b5b9085d5ca5.mp4,Pair1\pika\pika\pika-70d666ee-bd5d-5ade-b0d1-b5b9085d5ca5.mp4,1,fake,Pair1,pika,GenVidBench,False,D:\HaitongNi\MEngProject_SecondBench\02_D3\cache\frames\fake\Pair1_pika_pika_pika-70d666ee-bd5d-5ade-b0d1-b5b9085d5ca5.mp4,1,1,0.6827906,-0.6827906,1
F:\MEngDatasets\GenVidBench\GenVidBench\Pair2\musev\musev\12192___a close up of a doll laying on a bed.mp4,Pair2\musev\musev\12192___a close up of a doll laying on a bed.mp4,1,fake,Pair2,musev,GenVidBench,False,D:\HaitongNi\MEngProject_SecondBench\02_D3\cache\frames\fake\Pair2_musev_musev_12192__a_close_up_of_a_doll_laying_on_a_bed.mp4,1,1,6.983932,-6.983932,0
F:\MEngDatasets\GenVidBench\GenVidBench\Pair2\mora\mora\06904___a picture of a machine that is making something.mp4,Pair2\mora\mora\06904___a picture of a machine that is making something.mp4,1,fake,Pair2,mora,GenVidBench,False,D:\HaitongNi\MEngProject_SecondBench\02_D3\cache\frames\fake\Pair2_mora_mora_06904__a_picture_of_a_machine_that_is_making_something.mp4,1,1,1.0048949,-1.0048949,1
F:\MEngDatasets\GenVidBench\GenVidBench\Pair2\cogvideo\cogvideo\10095___a young boy sitting at a table eating a piece of pizza.mp4,Pair2\cogvideo\cogvideo\10095___a young boy sitting at a table eating a piece of pizza.mp4,1,fake,Pair2,cogvideo,GenVidBench,False,D:\HaitongNi\MEngProject_SecondBench\02_D3\cache\frames\fake\Pair2_cogvideo_cogvideo_10095__a_young_boy_sitting_at_a_table_eating_a_piece_of_pizza.mp4,1,1,2.0081317,-2.0081317,1
F:\MEngDatasets\GenVidBench\GenVidBench\Pair1\pika\pika\pika-a91ce67d-d3cc-5c0b-a386-21036e392c74.mp4,Pair1\pika\pika\pika-a91ce67d-d3cc-5c0b-a386-21036e392c74.mp4,1,fake,Pair1,pika,GenVidBench,False,D:\HaitongNi\MEngProject_SecondBench\02_D3\cache\frames\fake\Pair1_pika_pika_pika-a91ce67d-d3cc-5c0b-a386-21036e392c74.mp4,1,1,2.3775709,-2.3775709,1
F:\MEngDatasets\GenVidBench\GenVidBench\Pair2\svd\svd\13435___a large animal standing in the snow on a foggy day.mp4,Pair2\svd\svd\13435___a large animal standing in the snow on a foggy day.mp4,1,fake,Pair2,svd,GenVidBench,False,D:\HaitongNi\MEngProject_SecondBench\02_D3\cache\frames\fake\Pair2_svd_svd_13435__a_large_animal_standing_in_the_snow_on_a_foggy_day.mp4,1,1,4.679081,-4.679081,0
F:\MEngDatasets\GenVidBench\GenVidBench\Pair1\t2vz\t2vz\t2vz-d878522c-5d22-5769-a99d-8a03bdecf654.mp4,Pair1\t2vz\t2vz\t2vz-d878522c-5d22-5769-a99d-8a03bdecf654.mp4,1,fake,Pair1,t2vz,GenVidBench,False,D:\HaitongNi\MEngProject_SecondBench\02_D3\cache\frames\fake\Pair1_t2vz_t2vz_t2vz-d878522c-5d22-5769-a99d-8a03bdecf654.mp4,1,1,10.821076,-10.821076,0
F:\MEngDatasets\GenVidBench\GenVidBench\Pair1\pika\pika\pika-6dad3ece-d203-551b-b5f0-9b8a4fa19024.mp4,Pair1\pika\pika\pika-6dad3ece-d203-551b-b5f0-9b8a4fa19024.mp4,1,fake,Pair1,pika,GenVidBench,False,D:\HaitongNi\MEngProject_SecondBench\02_D3\cache\frames\fake\Pair1_pika_pika_pika-6dad3ece-d203-551b-b5f0-9b8a4fa19024.mp4,1,1,1.8013864,-1.8013864,1
F:\MEngDatasets\GenVidBench\GenVidBench\Pair1\ms\ms\ms-0a0e36af-7512-5f96-b85a-5221fc0c267e.mp4,Pair1\ms\ms\ms-0a0e36af-7512-5f96-b85a-5221fc0c267e.mp4,1,fake,Pair1,ms,GenVidBench,False,D:\HaitongNi\MEngProject_SecondBench\02_D3\cache\frames\fake\Pair1_ms_ms_ms-0a0e36af-7512-5f96-b85a-5221fc0c267e.mp4,1,1,1.684026,-1.684026,1
F:\MEngDatasets\GenVidBench\GenVidBench\Pair2\mora\mora\13222___an image of a green screen with letters on it.mp4,Pair2\mora\mora\13222___an image of a green screen with letters on it.mp4,1,fake,Pair2,mora,GenVidBench,False,D:\HaitongNi\MEngProject_SecondBench\02_D3\cache\frames\fake\Pair2_mora_mora_13222__an_image_of_a_green_screen_with_letters_on_it.mp4,1,1,4.1878114,-4.1878114,1
F:\MEngDatasets\GenVidBench\GenVidBench\Pair1\ms\ms\ms-3d22a760-43ce-5ddf-a6a6-2813cf54d6b7.mp4,Pair1\ms\ms\ms-3d22a760-43ce-5ddf-a6a6-2813cf54d6b7.mp4,1,fake,Pair1,ms,GenVidBench,False,D:\HaitongNi\MEngProject_SecondBench\02_D3\cache\frames\fake\Pair1_ms_ms_ms-3d22a760-43ce-5ddf-a6a6-2813cf54d6b7.mp4,1,1,2.8225405,-2.8225405,1
F:\MEngDatasets\GenVidBench\GenVidBench\Pair1\vc2\vc2\vc-08d9a859-f62c-59bc-9fe7-89464deaa706.mp4,Pair1\vc2\vc2\vc-08d9a859-f62c-59bc-9fe7-89464deaa706.mp4,1,fake,Pair1,vc2,GenVidBench,False,D:\HaitongNi\MEngProject_SecondBench\02_D3\cache\frames\fake\Pair1_vc2_vc2_vc-08d9a859-f62c-59bc-9fe7-89464deaa706.mp4,1,1,0.4352154,-0.4352154,1
F:\MEngDatasets\GenVidBench\GenVidBench\Pair2\cogvideo\cogvideo\11890___a silver ford focus parked on the side of the road.mp4,Pair2\cogvideo\cogvideo\11890___a silver ford focus parked on the side of the road.mp4,1,fake,Pair2,cogvideo,GenVidBench,False,D:\HaitongNi\MEngProject_SecondBench\02_D3\cache\frames\fake\Pair2_cogvideo_cogvideo_11890__a_silver_ford_focus_parked_on_the_side_of_the_road.mp4,1,1,1.6760209,-1.6760209,1
F:\MEngDatasets\GenVidBench\GenVidBench\Pair2\svd\svd\09456___a screen shot of a computer with a large wave in the background.mp4,Pair2\svd\svd\09456___a screen shot of a computer with a large wave in the background.mp4,1,fake,Pair2,svd,GenVidBench,False,D:\HaitongNi\MEngProject_SecondBench\02_D3\cache\frames\fake\Pair2_svd_svd_09456__a_screen_shot_of_a_computer_with_a_large_wave_in_the_background.mp4,1,1,2.133046,-2.133046,1
F:\MEngDatasets\GenVidBench\GenVidBench\Pair1\vc2\vc2\vc-d5614d82-b71b-59a9-997f-6410624cb493.mp4,Pair1\vc2\vc2\vc-d5614d82-b71b-59a9-997f-6410624cb493.mp4,1,fake,Pair1,vc2,GenVidBench,False,D:\HaitongNi\MEngProject_SecondBench\02_D3\cache\frames\fake\Pair1_vc2_vc2_vc-d5614d82-b71b-59a9-997f-6410624cb493.mp4,1,1,1.7549615,-1.7549615,1
F:\MEngDatasets\GenVidBench\GenVidBench\Pair1\pika\pika\pika-4aef9374-9f2b-51a9-89d3-5d4be1f88f1b.mp4,Pair1\pika\pika\pika-4aef9374-9f2b-51a9-89d3-5d4be1f88f1b.mp4,1,fake,Pair1,pika,GenVidBench,False,D:\HaitongNi\MEngProject_SecondBench\02_D3\cache\frames\fake\Pair1_pika_pika_pika-4aef9374-9f2b-51a9-89d3-5d4be1f88f1b.mp4,1,1,1.6800838,-1.6800838,1
F:\MEngDatasets\GenVidBench\GenVidBench\Pair1\pika\pika\pika-af7aa6cd-c500-5cc9-bb3a-27e557edeb6c.mp4,Pair1\pika\pika\pika-af7aa6cd-c500-5cc9-bb3a-27e557edeb6c.mp4,1,fake,Pair1,pika,GenVidBench,False,D:\HaitongNi\MEngProject_SecondBench\02_D3\cache\frames\fake\Pair1_pika_pika_pika-af7aa6cd-c500-5cc9-bb3a-27e557edeb6c.mp4,1,1,0.63005227,-0.63005227,1
F:\MEngDatasets\GenVidBench\GenVidBench\Pair1\pika\pika\pika-d1418574-5192-5596-96da-d1d5a308670a.mp4,Pair1\pika\pika\pika-d1418574-5192-5596-96da-d1d5a308670a.mp4,1,fake,Pair1,pika,GenVidBench,False,D:\HaitongNi\MEngProject_SecondBench\02_D3\cache\frames\fake\Pair1_pika_pika_pika-d1418574-5192-5596-96da-d1d5a308670a.mp4,1,1,1.5958562,-1.5958562,1
F:\MEngDatasets\GenVidBench\GenVidBench\Pair1\t2vz\t2vz\t2vz-15d13bf9-a053-5dfe-a244-32086ec1c77b.mp4,Pair1\t2vz\t2vz\t2vz-15d13bf9-a053-5dfe-a244-32086ec1c77b.mp4,1,fake,Pair1,t2vz,GenVidBench,False,D:\HaitongNi\MEngProject_SecondBench\02_D3\cache\frames\fake\Pair1_t2vz_t2vz_t2vz-15d13bf9-a053-5dfe-a244-32086ec1c77b.mp4,1,1,11.668737,-11.668737,0
F:\MEngDatasets\GenVidBench\GenVidBench\Pair2\musev\musev\04212___a view of the interior of an auditorium.mp4,Pair2\musev\musev\04212___a view of the interior of an auditorium.mp4,1,fake,Pair2,musev,GenVidBench,False,D:\HaitongNi\MEngProject_SecondBench\02_D3\cache\frames\fake\Pair2_musev_musev_04212__a_view_of_the_interior_of_an_auditorium.mp4,1,1,4.466613,-4.466613,0
F:\MEngDatasets\GenVidBench\GenVidBench\Pair2\musev\musev\07924___a large group of fish swimming in a blue ocean.mp4,Pair2\musev\musev\07924___a large group of fish swimming in a blue ocean.mp4,1,fake,Pair2,musev,GenVidBench,False,D:\HaitongNi\MEngProject_SecondBench\02_D3\cache\frames\fake\Pair2_musev_musev_07924__a_large_group_of_fish_swimming_in_a_blue_ocean.mp4,1,1,3.8618486,-3.8618486,1
F:\MEngDatasets\GenVidBench\GenVidBench\Pair2\musev\musev\02737___a sign that says district warren news.mp4,Pair2\musev\musev\02737___a sign that says district warren news.mp4,1,fake,Pair2,musev,GenVidBench,False,D:\HaitongNi\MEngProject_SecondBench\02_D3\cache\frames\fake\Pair2_musev_musev_02737__a_sign_that_says_district_warren_news.mp4,1,1,3.2266781,-3.2266781,1
F:\MEngDatasets\GenVidBench\GenVidBench\Pair2\musev\musev\05471___a close up of a tree with leaves on it.mp4,Pair2\musev\musev\05471___a close up of a tree with leaves on it.mp4,1,fake,Pair2,musev,GenVidBench,False,D:\HaitongNi\MEngProject_SecondBench\02_D3\cache\frames\fake\Pair2_musev_musev_05471__a_close_up_of_a_tree_with_leaves_on_it.mp4,1,1,4.916432,-4.916432,0
F:\MEngDatasets\GenVidBench\GenVidBench\Pair2\musev\musev\13407___three bars of soap sitting on a wire rack.mp4,Pair2\musev\musev\13407___three bars of soap sitting on a wire rack.mp4,1,fake,Pair2,musev,GenVidBench,False,D:\HaitongNi\MEngProject_SecondBench\02_D3\cache\frames\fake\Pair2_musev_musev_13407__three_bars_of_soap_sitting_on_a_wire_rack.mp4,1,1,2.0891356,-2.0891356,1
F:\MEngDatasets\GenVidBench\GenVidBench\Pair1\vc2\vc2\vc-3726faf1-874e-5a95-8b2f-87b7e04766a7.mp4,Pair1\vc2\vc2\vc-3726faf1-874e-5a95-8b2f-87b7e04766a7.mp4,1,fake,Pair1,vc2,GenVidBench,False,D:\HaitongNi\MEngProject_SecondBench\02_D3\cache\frames\fake\Pair1_vc2_vc2_vc-3726faf1-874e-5a95-8b2f-87b7e04766a7.mp4,1,1,0.9220452,-0.9220452,1
F:\MEngDatasets\GenVidBench\GenVidBench\Pair2\svd\svd\13725___a close up of a vehicle's undercarriage.mp4,Pair2\svd\svd\13725___a close up of a vehicle's undercarriage.mp4,1,fake,Pair2,svd,GenVidBench,False,D:\HaitongNi\MEngProject_SecondBench\02_D3\cache\frames\fake\Pair2_svd_svd_13725__a_close_up_of_a_vehicle's_undercarriage.mp4,1,1,2.4087262,-2.4087262,1
F:\MEngDatasets\GenVidBench\GenVidBench\Pair2\svd\svd\10955___a news anchor is talking to a camera.mp4,Pair2\svd\svd\10955___a news anchor is talking to a camera.mp4,1,fake,Pair2,svd,GenVidBench,False,D:\HaitongNi\MEngProject_SecondBench\02_D3\cache\frames\fake\Pair2_svd_svd_10955__a_news_anchor_is_talking_to_a_camera.mp4,1,1,3.5948875,-3.5948875,1
F:\MEngDatasets\GenVidBench\GenVidBench\Pair2\cogvideo\cogvideo\05529___a boat floating in the middle of a body of water.mp4,Pair2\cogvideo\cogvideo\05529___a boat floating in the middle of a body of water.mp4,1,fake,Pair2,cogvideo,GenVidBench,False,D:\HaitongNi\MEngProject_SecondBench\02_D3\cache\frames\fake\Pair2_cogvideo_cogvideo_05529__a_boat_floating_in_the_middle_of_a_body_of_water.mp4,1,1,2.2588456,-2.2588456,1
F:\MEngDatasets\GenVidBench\GenVidBench\Pair2\musev\musev\07576___a red tractor in the middle of a lush green field.mp4,Pair2\musev\musev\07576___a red tractor in the middle of a lush green field.mp4,1,fake,Pair2,musev,GenVidBench,False,D:\HaitongNi\MEngProject_SecondBench\02_D3\cache\frames\fake\Pair2_musev_musev_07576__a_red_tractor_in_the_middle_of_a_lush_green_field.mp4,1,1,2.5814385,-2.5814385,1
F:\MEngDatasets\GenVidBench\GenVidBench\Pair2\musev\musev\09152___a yellow gun in a video game.mp4,Pair2\musev\musev\09152___a yellow gun in a video game.mp4,1,fake,Pair2,musev,GenVidBench,False,D:\HaitongNi\MEngProject_SecondBench\02_D3\cache\frames\fake\Pair2_musev_musev_09152__a_yellow_gun_in_a_video_game.mp4,1,1,8.710181,-8.710181,0
F:\MEngDatasets\GenVidBench\GenVidBench\Pair2\svd\svd\13849___a tree branch with ants crawling on it.mp4,Pair2\svd\svd\13849___a tree branch with ants crawling on it.mp4,1,fake,Pair2,svd,GenVidBench,False,D:\HaitongNi\MEngProject_SecondBench\02_D3\cache\frames\fake\Pair2_svd_svd_13849__a_tree_branch_with_ants_crawling_on_it.mp4,1,1,2.7325532,-2.7325532,1
F:\MEngDatasets\GenVidBench\GenVidBench\Pair1\pika\pika\pika-89ed5c66-7b9e-5447-ae61-2e8f9ce6a9a9.mp4,Pair1\pika\pika\pika-89ed5c66-7b9e-5447-ae61-2e8f9ce6a9a9.mp4,1,fake,Pair1,pika,GenVidBench,False,D:\HaitongNi\MEngProject_SecondBench\02_D3\cache\frames\fake\Pair1_pika_pika_pika-89ed5c66-7b9e-5447-ae61-2e8f9ce6a9a9.mp4,1,1,1.3484497,-1.3484497,1
F:\MEngDatasets\GenVidBench\GenVidBench\Pair2\mora\mora\10095___a young boy sitting at a table eating a piece of pizza.mp4,Pair2\mora\mora\10095___a young boy sitting at a table eating a piece of pizza.mp4,1,fake,Pair2,mora,GenVidBench,False,D:\HaitongNi\MEngProject_SecondBench\02_D3\cache\frames\fake\Pair2_mora_mora_10095__a_young_boy_sitting_at_a_table_eating_a_piece_of_pizza.mp4,1,1,5.548803,-5.548803,0
F:\MEngDatasets\GenVidBench\GenVidBench\Pair1\t2vz\t2vz\t2vz-25580f7b-c375-508d-9bb3-0cb7e318744a.mp4,Pair1\t2vz\t2vz\t2vz-25580f7b-c375-508d-9bb3-0cb7e318744a.mp4,1,fake,Pair1,t2vz,GenVidBench,False,D:\HaitongNi\MEngProject_SecondBench\02_D3\cache\frames\fake\Pair1_t2vz_t2vz_t2vz-25580f7b-c375-508d-9bb3-0cb7e318744a.mp4,1,1,12.069209,-12.069209,0
F:\MEngDatasets\GenVidBench\GenVidBench\Pair1\vc2\vc2\vc-e06925ad-b463-54de-b811-4986d1fe04fe.mp4,Pair1\vc2\vc2\vc-e06925ad-b463-54de-b811-4986d1fe04fe.mp4,1,fake,Pair1,vc2,GenVidBench,False,D:\HaitongNi\MEngProject_SecondBench\02_D3\cache\frames\fake\Pair1_vc2_vc2_vc-e06925ad-b463-54de-b811-4986d1fe04fe.mp4,1,1,1.819627,-1.819627,1
F:\MEngDatasets\GenVidBench\GenVidBench\Pair2\cogvideo\cogvideo\13565___a close up of a piece of broccoli.mp4,Pair2\cogvideo\cogvideo\13565___a close up of a piece of broccoli.mp4,1,fake,Pair2,cogvideo,GenVidBench,False,D:\HaitongNi\MEngProject_SecondBench\02_D3\cache\frames\fake\Pair2_cogvideo_cogvideo_13565__a_close_up_of_a_piece_of_broccoli.mp4,1,1,2.3853695,-2.3853695,1
F:\MEngDatasets\GenVidBench\GenVidBench\Pair1\pika\pika\pika-560931d1-903d-56e8-87ac-149535967748.mp4,Pair1\pika\pika\pika-560931d1-903d-56e8-87ac-149535967748.mp4,1,fake,Pair1,pika,GenVidBench,False,D:\HaitongNi\MEngProject_SecondBench\02_D3\cache\frames\fake\Pair1_pika_pika_pika-560931d1-903d-56e8-87ac-149535967748.mp4,1,1,1.1491804,-1.1491804,1
F:\MEngDatasets\GenVidBench\GenVidBench\Pair2\cogvideo\cogvideo\07277___a close up of the exhaust pipe on a red car.mp4,Pair2\cogvideo\cogvideo\07277___a close up of the exhaust pipe on a red car.mp4,1,fake,Pair2,cogvideo,GenVidBench,False,D:\HaitongNi\MEngProject_SecondBench\02_D3\cache\frames\fake\Pair2_cogvideo_cogvideo_07277__a_close_up_of_the_exhaust_pipe_on_a_red_car.mp4,1,1,3.307416,-3.307416,1
F:\MEngDatasets\GenVidBench\GenVidBench\Pair1\t2vz\t2vz\t2vz-3d22a760-43ce-5ddf-a6a6-2813cf54d6b7.mp4,Pair1\t2vz\t2vz\t2vz-3d22a760-43ce-5ddf-a6a6-2813cf54d6b7.mp4,1,fake,Pair1,t2vz,GenVidBench,False,D:\HaitongNi\MEngProject_SecondBench\02_D3\cache\frames\fake\Pair1_t2vz_t2vz_t2vz-3d22a760-43ce-5ddf-a6a6-2813cf54d6b7.mp4,1,1,17.728676,-17.728676,0
F:\MEngDatasets\GenVidBench\GenVidBench\Pair2\mora\mora\05067___a lone skier in the middle of a snowy mountain.mp4,Pair2\mora\mora\05067___a lone skier in the middle of a snowy mountain.mp4,1,fake,Pair2,mora,GenVidBench,False,D:\HaitongNi\MEngProject_SecondBench\02_D3\cache\frames\fake\Pair2_mora_mora_05067__a_lone_skier_in_the_middle_of_a_snowy_mountain.mp4,1,1,1.4754045,-1.4754045,1
F:\MEngDatasets\GenVidBench\GenVidBench\Pair1\pika\pika\pika-d5614d82-b71b-59a9-997f-6410624cb493.mp4,Pair1\pika\pika\pika-d5614d82-b71b-59a9-997f-6410624cb493.mp4,1,fake,Pair1,pika,GenVidBench,False,D:\HaitongNi\MEngProject_SecondBench\02_D3\cache\frames\fake\Pair1_pika_pika_pika-d5614d82-b71b-59a9-997f-6410624cb493.mp4,1,1,0.5628334,-0.5628334,1
F:\MEngDatasets\GenVidBench\GenVidBench\Pair2\mora\mora\11771___a close up of the front wheel of a silver car.mp4,Pair2\mora\mora\11771___a close up of the front wheel of a silver car.mp4,1,fake,Pair2,mora,GenVidBench,False,D:\HaitongNi\MEngProject_SecondBench\02_D3\cache\frames\fake\Pair2_mora_mora_11771__a_close_up_of_the_front_wheel_of_a_silver_car.mp4,1,1,1.1904092,-1.1904092,1
F:\MEngDatasets\GenVidBench\GenVidBench\Pair2\svd\svd\01482___a long hallway with numbers on the walls.mp4,Pair2\svd\svd\01482___a long hallway with numbers on the walls.mp4,1,fake,Pair2,svd,GenVidBench,False,D:\HaitongNi\MEngProject_SecondBench\02_D3\cache\frames\fake\Pair2_svd_svd_01482__a_long_hallway_with_numbers_on_the_walls.mp4,1,1,6.481474,-6.481474,0
F:\MEngDatasets\GenVidBench\GenVidBench\Pair1\vc2\vc2\vc-4b8e1b54-4f2b-59ec-ad4e-f60c6d6639ce.mp4,Pair1\vc2\vc2\vc-4b8e1b54-4f2b-59ec-ad4e-f60c6d6639ce.mp4,1,fake,Pair1,vc2,GenVidBench,False,D:\HaitongNi\MEngProject_SecondBench\02_D3\cache\frames\fake\Pair1_vc2_vc2_vc-4b8e1b54-4f2b-59ec-ad4e-f60c6d6639ce.mp4,1,1,0.6994897,-0.6994897,1
F:\MEngDatasets\GenVidBench\GenVidBench\Pair1\ms\ms\ms-6dad3ece-d203-551b-b5f0-9b8a4fa19024.mp4,Pair1\ms\ms\ms-6dad3ece-d203-551b-b5f0-9b8a4fa19024.mp4,1,fake,Pair1,ms,GenVidBench,False,D:\HaitongNi\MEngProject_SecondBench\02_D3\cache\frames\fake\Pair1_ms_ms_ms-6dad3ece-d203-551b-b5f0-9b8a4fa19024.mp4,1,1,1.0113667,-1.0113667,1
F:\MEngDatasets\GenVidBench\GenVidBench\Pair2\svd\svd\07001___a close up of a white umbrella.mp4,Pair2\svd\svd\07001___a close up of a white umbrella.mp4,1,fake,Pair2,svd,GenVidBench,False,D:\HaitongNi\MEngProject_SecondBench\02_D3\cache\frames\fake\Pair2_svd_svd_07001__a_close_up_of_a_white_umbrella.mp4,1,1,4.1443195,-4.1443195,1
F:\MEngDatasets\GenVidBench\GenVidBench\Pair1\vc2\vc2\vc-534de1b2-2307-5aaa-bc5b-cda0f4697261.mp4,Pair1\vc2\vc2\vc-534de1b2-2307-5aaa-bc5b-cda0f4697261.mp4,1,fake,Pair1,vc2,GenVidBench,False,D:\HaitongNi\MEngProject_SecondBench\02_D3\cache\frames\fake\Pair1_vc2_vc2_vc-534de1b2-2307-5aaa-bc5b-cda0f4697261.mp4,1,1,0.4215045,-0.4215045,1
F:\MEngDatasets\GenVidBench\GenVidBench\Pair2\cogvideo\cogvideo\02141___a building with a fire hydrant on the side of it.mp4,Pair2\cogvideo\cogvideo\02141___a building with a fire hydrant on the side of it.mp4,1,fake,Pair2,cogvideo,GenVidBench,False,D:\HaitongNi\MEngProject_SecondBench\02_D3\cache\frames\fake\Pair2_cogvideo_cogvideo_02141__a_building_with_a_fire_hydrant_on_the_side_of_it.mp4,1,1,2.4987233,-2.4987233,1
F:\MEngDatasets\GenVidBench\GenVidBench\Pair2\svd\svd\01857___a young boy sitting at a counter with a bowl of food.mp4,Pair2\svd\svd\01857___a young boy sitting at a counter with a bowl of food.mp4,1,fake,Pair2,svd,GenVidBench,False,D:\HaitongNi\MEngProject_SecondBench\02_D3\cache\frames\fake\Pair2_svd_svd_01857__a_young_boy_sitting_at_a_counter_with_a_bowl_of_food.mp4,1,1,5.6299467,-5.6299467,0
F:\MEngDatasets\GenVidBench\GenVidBench\Pair2\mora\mora\01612___a weather screen showing the 7 day forecast.mp4,Pair2\mora\mora\01612___a weather screen showing the 7 day forecast.mp4,1,fake,Pair2,mora,GenVidBench,False,D:\HaitongNi\MEngProject_SecondBench\02_D3\cache\frames\fake\Pair2_mora_mora_01612__a_weather_screen_showing_the_7_day_forecast.mp4,1,1,2.657489,-2.657489,1
F:\MEngDatasets\GenVidBench\GenVidBench\Pair2\svd\svd\05351___a video game character standing in front of a screen.mp4,Pair2\svd\svd\05351___a video game character standing in front of a screen.mp4,1,fake,Pair2,svd,GenVidBench,False,D:\HaitongNi\MEngProject_SecondBench\02_D3\cache\frames\fake\Pair2_svd_svd_05351__a_video_game_character_standing_in_front_of_a_screen.mp4,1,1,2.602057,-2.602057,1
F:\MEngDatasets\GenVidBench\GenVidBench\Pair2\cogvideo\cogvideo\12332___an empty aquarium with three lights on it.mp4,Pair2\cogvideo\cogvideo\12332___an empty aquarium with three lights on it.mp4,1,fake,Pair2,cogvideo,GenVidBench,False,D:\HaitongNi\MEngProject_SecondBench\02_D3\cache\frames\fake\Pair2_cogvideo_cogvideo_12332__an_empty_aquarium_with_three_lights_on_it.mp4,1,1,2.8706722,-2.8706722,1
F:\MEngDatasets\GenVidBench\GenVidBench\Pair1\ms\ms\ms-4aef9374-9f2b-51a9-89d3-5d4be1f88f1b.mp4,Pair1\ms\ms\ms-4aef9374-9f2b-51a9-89d3-5d4be1f88f1b.mp4,1,fake,Pair1,ms,GenVidBench,False,D:\HaitongNi\MEngProject_SecondBench\02_D3\cache\frames\fake\Pair1_ms_ms_ms-4aef9374-9f2b-51a9-89d3-5d4be1f88f1b.mp4,1,1,1.8567119,-1.8567119,1
F:\MEngDatasets\GenVidBench\GenVidBench\Pair1\pika\pika\pika-10ccb150-0997-5ceb-82f6-6705b4fd31aa.mp4,Pair1\pika\pika\pika-10ccb150-0997-5ceb-82f6-6705b4fd31aa.mp4,1,fake,Pair1,pika,GenVidBench,False,D:\HaitongNi\MEngProject_SecondBench\02_D3\cache\frames\fake\Pair1_pika_pika_pika-10ccb150-0997-5ceb-82f6-6705b4fd31aa.mp4,1,1,1.7085621,-1.7085621,1
F:\MEngDatasets\GenVidBench\GenVidBench\Pair2\musev\musev\10334___a large white building with several flags on it.mp4,Pair2\musev\musev\10334___a large white building with several flags on it.mp4,1,fake,Pair2,musev,GenVidBench,False,D:\HaitongNi\MEngProject_SecondBench\02_D3\cache\frames\fake\Pair2_musev_musev_10334__a_large_white_building_with_several_flags_on_it.mp4,1,1,1.9638222,-1.9638222,1
F:\MEngDatasets\GenVidBench\GenVidBench\Pair1\ms\ms\ms-59c0e702-22bd-5c63-9579-6ed5a4344d4c.mp4,Pair1\ms\ms\ms-59c0e702-22bd-5c63-9579-6ed5a4344d4c.mp4,1,fake,Pair1,ms,GenVidBench,False,D:\HaitongNi\MEngProject_SecondBench\02_D3\cache\frames\fake\Pair1_ms_ms_ms-59c0e702-22bd-5c63-9579-6ed5a4344d4c.mp4,1,1,1.629435,-1.629435,1
F:\MEngDatasets\GenVidBench\GenVidBench\Pair2\cogvideo\cogvideo\06904___a picture of a machine that is making something.mp4,Pair2\cogvideo\cogvideo\06904___a picture of a machine that is making something.mp4,1,fake,Pair2,cogvideo,GenVidBench,False,D:\HaitongNi\MEngProject_SecondBench\02_D3\cache\frames\fake\Pair2_cogvideo_cogvideo_06904__a_picture_of_a_machine_that_is_making_something.mp4,1,1,2.921115,-2.921115,1
F:\MEngDatasets\GenVidBench\GenVidBench\Pair2\cogvideo\cogvideo\11925___a green background with a clock on it.mp4,Pair2\cogvideo\cogvideo\11925___a green background with a clock on it.mp4,1,fake,Pair2,cogvideo,GenVidBench,False,D:\HaitongNi\MEngProject_SecondBench\02_D3\cache\frames\fake\Pair2_cogvideo_cogvideo_11925__a_green_background_with_a_clock_on_it.mp4,1,1,1.274169,-1.274169,1
F:\MEngDatasets\GenVidBench\GenVidBench\Pair2\svd\svd\13364___a cartoon character wearing a yellow shirt and red tie.mp4,Pair2\svd\svd\13364___a cartoon character wearing a yellow shirt and red tie.mp4,1,fake,Pair2,svd,GenVidBench,False,D:\HaitongNi\MEngProject_SecondBench\02_D3\cache\frames\fake\Pair2_svd_svd_13364__a_cartoon_character_wearing_a_yellow_shirt_and_red_tie.mp4,1,1,4.670912,-4.670912,0
F:\MEngDatasets\GenVidBench\GenVidBench\Pair2\musev\musev\08583___a computer screen showing a drawing of a horse.mp4,Pair2\musev\musev\08583___a computer screen showing a drawing of a horse.mp4,1,fake,Pair2,musev,GenVidBench,False,D:\HaitongNi\MEngProject_SecondBench\02_D3\cache\frames\fake\Pair2_musev_musev_08583__a_computer_screen_showing_a_drawing_of_a_horse.mp4,1,1,4.7422028,-4.7422028,0
F:\MEngDatasets\GenVidBench\GenVidBench\Pair1\vc2\vc2\vc-27721ed0-d584-54e5-8d96-a411192695f6.mp4,Pair1\vc2\vc2\vc-27721ed0-d584-54e5-8d96-a411192695f6.mp4,1,fake,Pair1,vc2,GenVidBench,False,D:\HaitongNi\MEngProject_SecondBench\02_D3\cache\frames\fake\Pair1_vc2_vc2_vc-27721ed0-d584-54e5-8d96-a411192695f6.mp4,1,1,0.7375475,-0.7375475,1
F:\MEngDatasets\GenVidBench\GenVidBench\Pair1\pika\pika\pika-6836d5d3-0d92-5d85-a32b-b121f9ba9b04.mp4,Pair1\pika\pika\pika-6836d5d3-0d92-5d85-a32b-b121f9ba9b04.mp4,1,fake,Pair1,pika,GenVidBench,False,D:\HaitongNi\MEngProject_SecondBench\02_D3\cache\frames\fake\Pair1_pika_pika_pika-6836d5d3-0d92-5d85-a32b-b121f9ba9b04.mp4,1,1,1.0232023,-1.0232023,1
F:\MEngDatasets\GenVidBench\GenVidBench\Pair1\pika\pika\pika-27721ed0-d584-54e5-8d96-a411192695f6.mp4,Pair1\pika\pika\pika-27721ed0-d584-54e5-8d96-a411192695f6.mp4,1,fake,Pair1,pika,GenVidBench,False,D:\HaitongNi\MEngProject_SecondBench\02_D3\cache\frames\fake\Pair1_pika_pika_pika-27721ed0-d584-54e5-8d96-a411192695f6.mp4,1,1,0.8866657,-0.8866657,1
F:\MEngDatasets\GenVidBench\GenVidBench\Pair1\ms\ms\ms-ba73da46-9e5c-5739-abef-c90fe2406aea.mp4,Pair1\ms\ms\ms-ba73da46-9e5c-5739-abef-c90fe2406aea.mp4,1,fake,Pair1,ms,GenVidBench,False,D:\HaitongNi\MEngProject_SecondBench\02_D3\cache\frames\fake\Pair1_ms_ms_ms-ba73da46-9e5c-5739-abef-c90fe2406aea.mp4,1,1,3.012049,-3.012049,1
F:\MEngDatasets\GenVidBench\GenVidBench\Pair1\ms\ms\ms-a6aa3db8-6774-54ed-abf8-89bb1a29dc4d.mp4,Pair1\ms\ms\ms-a6aa3db8-6774-54ed-abf8-89bb1a29dc4d.mp4,1,fake,Pair1,ms,GenVidBench,False,D:\HaitongNi\MEngProject_SecondBench\02_D3\cache\frames\fake\Pair1_ms_ms_ms-a6aa3db8-6774-54ed-abf8-89bb1a29dc4d.mp4,1,1,1.5523354,-1.5523354,1
F:\MEngDatasets\GenVidBench\GenVidBench\Pair2\svd\svd\11975___a bunk bed in a room with wooden walls.mp4,Pair2\svd\svd\11975___a bunk bed in a room with wooden walls.mp4,1,fake,Pair2,svd,GenVidBench,False,D:\HaitongNi\MEngProject_SecondBench\02_D3\cache\frames\fake\Pair2_svd_svd_11975__a_bunk_bed_in_a_room_with_wooden_walls.mp4,1,1,4.171258,-4.171258,1
F:\MEngDatasets\GenVidBench\GenVidBench\Pair2\mora\mora\12970___a close up of a bunch of craft supplies.mp4,Pair2\mora\mora\12970___a close up of a bunch of craft supplies.mp4,1,fake,Pair2,mora,GenVidBench,False,D:\HaitongNi\MEngProject_SecondBench\02_D3\cache\frames\fake\Pair2_mora_mora_12970__a_close_up_of_a_bunch_of_craft_supplies.mp4,1,1,1.274297,-1.274297,1
F:\MEngDatasets\GenVidBench\GenVidBench\Pair2\musev\musev\08954___a news story about a church in north austin.mp4,Pair2\musev\musev\08954___a news story about a church in north austin.mp4,1,fake,Pair2,musev,GenVidBench,False,D:\HaitongNi\MEngProject_SecondBench\02_D3\cache\frames\fake\Pair2_musev_musev_08954__a_news_story_about_a_church_in_north_austin.mp4,1,1,3.3788545,-3.3788545,1
F:\MEngDatasets\GenVidBench\GenVidBench\Pair2\svd\svd\13818___a black leather case laying on a bed.mp4,Pair2\svd\svd\13818___a black leather case laying on a bed.mp4,1,fake,Pair2,svd,GenVidBench,False,D:\HaitongNi\MEngProject_SecondBench\02_D3\cache\frames\fake\Pair2_svd_svd_13818__a_black_leather_case_laying_on_a_bed.mp4,1,1,2.3168738,-2.3168738,1
