sample_id,video_id,path,label,label_name,source_type,task_type,generator_id,original_score,optical_score,final_score,error,pred_label,correct
fake_00001,50KDhKUOrqI_57_294to582.mp4,F:\MEngDatasets\AIGVDBench\videos\OpenSource\I2V\EasyAnimate\videos\50KDhKUOrqI_57_294to582.mp4,1,fake,OpenSource,I2V,OpenSource_I2V_EasyAnimate,0.76002904959023,6.95655350908234e-13,0.3800145247954628,,0,False
fake_00002,bG8EwSG8Hh4_1_0to149.mp4,F:\MEngDatasets\AIGVDBench\videos\OpenSource\T2V\EasyAnimate\videos\bG8EwSG8Hh4_1_0to149.mp4,1,fake,OpenSource,T2V,OpenSource_T2V_EasyAnimate,0.8359006695682183,4.392769471582355e-05,0.41797229863146707,,0,False
fake_00003,eENFTG4UQsI_3_337to522.mp4,F:\MEngDatasets\AIGVDBench\videos\OpenSource\T2V\EasyAnimate\videos\eENFTG4UQsI_3_337to522.mp4,1,fake,OpenSource,T2V,OpenSource_T2V_EasyAnimate,1.0,0.017246591922831272,0.5086232959614156,,1,True
fake_00004,smJlYSVS9Ds_340_112to226.mp4,F:\MEngDatasets\AIGVDBench\videos\OpenSource\T2V\AccVideo\videos\smJlYSVS9Ds_340_112to226.mp4,1,fake,OpenSource,T2V,OpenSource_T2V_AccVideo,0.9999998062849045,0.050023893088048985,0.5250118496864767,,1,True
real_00001,5Pthjtsl5fA_5_0to109.mp4,F:\MEngDatasets\AIGVDBench\videos\Real\Real\videos\5Pthjtsl5fA_5_0to109.mp4,0,real,Real,,Real,1.9558093486342723e-08,0.25814121265386014,0.1290706161059768,,0,True
fake_00005,4cvgTuAaMDM_1_0to181.mp4,F:\MEngDatasets\AIGVDBench\videos\OpenSource\T2V\AnimateDiff\home\lma\Benchmark\bench\opensource\T2V\AnimateDiff\videos\4cvgTuAaMDM_1_0to181.mp4,1,fake,OpenSource,T2V,OpenSource_T2V_AnimateDiff,0.9999998584389687,0.00647237965852665,0.5032361190487477,,1,True
fake_00006,HlRfdCWGMzI_22_114to219.mp4,F:\MEngDatasets\AIGVDBench\videos\OpenSource\I2V\VideoCrafter\videos\HlRfdCWGMzI_22_114to219.mp4,1,fake,OpenSource,I2V,OpenSource_I2V_VideoCrafter,0.9999999552965164,1.5655209437474553e-11,0.49999997765608584,,0,False
fake_00007,nhskgJQ5XMU_202_0to114.mp4,F:\MEngDatasets\AIGVDBench\videos\OpenSource\I2V\EasyAnimate\videos\nhskgJQ5XMU_202_0to114.mp4,1,fake,OpenSource,I2V,OpenSource_I2V_EasyAnimate,0.9999996870756149,4.8990141951374105e-08,0.49999986803287844,,0,False
fake_00008,W5R52mgaBgk_13_85to215.mp4,F:\MEngDatasets\AIGVDBench\videos\OpenSource\T2V\Pyramid-Flow\videos\W5R52mgaBgk_13_85to215.mp4,1,fake,OpenSource,T2V,OpenSource_T2V_Pyramid-Flow,0.9668011479079723,0.07331975396450824,0.5200604509362403,,1,True
real_00002,3fb8Akzz59s_21_170to294.mp4,F:\MEngDatasets\AIGVDBench\videos\Real\Real\videos\3fb8Akzz59s_21_170to294.mp4,0,real,Real,,Real,3.93499655960399e-15,1.1071366245762169e-08,5.535685090379365e-09,,0,True
fake_00009,0BPQnk47p6M_2_55to191.mp4,F:\MEngDatasets\AIGVDBench\videos\OpenSource\T2V\LTX\videos\0BPQnk47p6M_2_55to191.mp4,1,fake,OpenSource,T2V,OpenSource_T2V_LTX,4.701758923864041e-08,6.923617168475005e-08,5.812688046169523e-08,,0,False
real_00003,TikS17iZ8cM_57_0to383.mp4,F:\MEngDatasets\AIGVDBench\videos\Real\Real\videos\TikS17iZ8cM_57_0to383.mp4,0,real,Real,,Real,3.7179396236377725e-12,0.00035655310548581167,0.00017827655460187565,,0,True
fake_00010,0BPQnk47p6M_2_55to191.mp4,F:\MEngDatasets\AIGVDBench\videos\OpenSource\I2V\VideoCrafter\videos\0BPQnk47p6M_2_55to191.mp4,1,fake,OpenSource,I2V,OpenSource_I2V_VideoCrafter,0.3023791722371243,6.725192714137126e-16,0.15118958611856248,,0,False
fake_00011,QRYsvqSzYuE_43_455to1014.mp4,F:\MEngDatasets\AIGVDBench\videos\OpenSource\V2V\Cogvideox1.5\videos\QRYsvqSzYuE_43_455to1014.mp4,1,fake,OpenSource,V2V,OpenSource_V2V_Cogvideox1.5,0.9992408379912376,4.424810234293794e-08,0.49962044111966997,,0,False
fake_00012,nhskgJQ5XMU_202_0to114.mp4,F:\MEngDatasets\AIGVDBench\videos\OpenSource\T2V\Wan2.1\videos\nhskgJQ5XMU_202_0to114.mp4,1,fake,OpenSource,T2V,OpenSource_T2V_Wan2.1,1.0,0.2128997903666221,0.606449895183311,,1,True
fake_00013,jet4_Hc5j8I_13_0to109.mp4,F:\MEngDatasets\AIGVDBench\videos\OpenSource\T2V\RepVideo\videos\jet4_Hc5j8I_13_0to109.mp4,1,fake,OpenSource,T2V,OpenSource_T2V_RepVideo,0.06579493173012452,0.13127654787314594,0.09853573980163523,,0,False
real_00004,leGtOV0Z2lo_361_87to299.mp4,F:\MEngDatasets\AIGVDBench\videos\Real\Real\videos\leGtOV0Z2lo_361_87to299.mp4,0,real,Real,,Real,0.008501293439024948,0.1318443117830789,0.07017280261105192,,0,True
fake_00014,7TCW9wOxAWk_48_0to214.mp4,F:\MEngDatasets\AIGVDBench\videos\OpenSource\T2V\RepVideo\videos\7TCW9wOxAWk_48_0to214.mp4,1,fake,OpenSource,T2V,OpenSource_T2V_RepVideo,0.9933423362672329,0.009324573984165406,0.5013334551256992,,1,True
fake_00015,0BPQnk47p6M_2_55to191.mp4,F:\MEngDatasets\AIGVDBench\videos\OpenSource\T2V\HunyuanVideo\videos\0BPQnk47p6M_2_55to191.mp4,1,fake,OpenSource,T2V,OpenSource_T2V_HunyuanVideo,0.00032804182608003885,0.01664477132329813,0.008486406574689085,,0,False
real_00005,m3bEGpvIUVI_9_0to199.mp4,F:\MEngDatasets\AIGVDBench\videos\Real\Real\videos\m3bEGpvIUVI_9_0to199.mp4,0,real,Real,,Real,1.0561190770877471e-08,0.0008840622230163121,0.0004420363921035415,,0,True
fake_00016,jet4_Hc5j8I_13_0to109.mp4,F:\MEngDatasets\AIGVDBench\videos\OpenSource\I2V\LTX\videos\jet4_Hc5j8I_13_0to109.mp4,1,fake,OpenSource,I2V,OpenSource_I2V_LTX,0.0033642091561887355,1.4243001552098159e-06,0.0016828167281719728,,0,False
real_00006,XvtyLeB6Fps_10_0to523.mp4,F:\MEngDatasets\AIGVDBench\videos\Real\Real\videos\XvtyLeB6Fps_10_0to523.mp4,0,real,Real,,Real,1.1209306365075975e-06,0.188352869522055,0.09417699522634575,,0,True
real_00007,AkvMMfpXzzc_15_0to470.mp4,F:\MEngDatasets\AIGVDBench\videos\Real\Real\videos\AkvMMfpXzzc_15_0to470.mp4,0,real,Real,,Real,1.1922992662970308e-06,0.15872655961563448,0.07936387595745038,,0,True
fake_00017,o82SKvbybvY_14_104to700.mp4,F:\MEngDatasets\AIGVDBench\videos\OpenSource\I2V\LTX\videos\o82SKvbybvY_14_104to700.mp4,1,fake,OpenSource,I2V,OpenSource_I2V_LTX,3.0372601474981664e-06,0.04841587485396038,0.02420945605705394,,0,False
real_00008,QvMiA9c88_c_19_0to295.mp4,F:\MEngDatasets\AIGVDBench\videos\Real\Real\videos\QvMiA9c88_c_19_0to295.mp4,0,real,Real,,Real,1.8042627357168616e-10,0.097983642463248,0.04899182132183714,,0,True
real_00009,fXGmXiDv528_23_0to216.mp4,F:\MEngDatasets\AIGVDBench\videos\Real\Real\videos\fXGmXiDv528_23_0to216.mp4,0,real,Real,,Real,0.14680235916057427,0.003917139341219903,0.07535974925089708,,0,True
real_00010,03vWwqYPf60_76_117to407.mp4,F:\MEngDatasets\AIGVDBench\videos\Real\Real\videos\03vWwqYPf60_76_117to407.mp4,0,real,Real,,Real,1.0639952639258932e-07,0.1005058705823531,0.050252988490939746,,0,True
fake_00018,0BPQnk47p6M_2_55to191.mp4,F:\MEngDatasets\AIGVDBench\videos\OpenSource\V2V\LTX\videos\0BPQnk47p6M_2_55to191.mp4,1,fake,OpenSource,V2V,OpenSource_V2V_LTX,0.00016183565606198158,1.9425009001122306e-13,8.091782812811583e-05,,0,False
fake_00019,o82SKvbybvY_14_104to700.mp4,F:\MEngDatasets\AIGVDBench\videos\OpenSource\T2V\VideoCrafter\videos\o82SKvbybvY_14_104to700.mp4,1,fake,OpenSource,T2V,OpenSource_T2V_VideoCrafter,0.9998691342771053,7.539157606870092e-13,0.49993456713892964,,0,False
fake_00020,EHRI1gr4zik_3_323to481.mp4,F:\MEngDatasets\AIGVDBench\videos\OpenSource\T2V\Wan2.1\videos\EHRI1gr4zik_3_323to481.mp4,1,fake,OpenSource,T2V,OpenSource_T2V_Wan2.1,0.9541093520820141,0.09227456170547,0.5231919568937421,,1,True
real_00011,XD_lwLkd6ls_12_32to416.mp4,F:\MEngDatasets\AIGVDBench\videos\Real\Real\videos\XD_lwLkd6ls_12_32to416.mp4,0,real,Real,,Real,0.04630158628000029,0.02886758863845233,0.03758458745922631,,0,True
real_00012,tmjVEZcnVxI_21_0to144.mp4,F:\MEngDatasets\AIGVDBench\videos\Real\Real\videos\tmjVEZcnVxI_21_0to144.mp4,0,real,Real,,Real,0.00016906099143589463,0.01130030778427982,0.005734684387857857,,0,True
fake_00021,50KDhKUOrqI_57_294to582.mp4,F:\MEngDatasets\AIGVDBench\videos\OpenSource\I2V\SVD\videos\50KDhKUOrqI_57_294to582.mp4,1,fake,OpenSource,I2V,OpenSource_I2V_SVD,0.0014713262644363567,1.7384923467554434e-15,0.0007356631322190476,,0,False
real_00013,XpzM5ZpZNzs_39_0to127.mp4,F:\MEngDatasets\AIGVDBench\videos\Real\Real\videos\XpzM5ZpZNzs_39_0to127.mp4,0,real,Real,,Real,4.878512350833136e-10,5.734616743211518e-05,2.867332764167513e-05,,0,True
real_00014,8eVGlETNN0M_25_0to332.mp4,F:\MEngDatasets\AIGVDBench\videos\Real\Real\videos\8eVGlETNN0M_25_0to332.mp4,0,real,Real,,Real,6.652842113858919e-09,0.00011852007494241646,5.926336389226516e-05,,0,True
real_00015,DqRGHhsKBlQ_15_0to174.mp4,F:\MEngDatasets\AIGVDBench\videos\Real\Real\videos\DqRGHhsKBlQ_15_0to174.mp4,0,real,Real,,Real,2.3059897575976838e-10,0.3121201526684066,0.1560600764495028,,0,True
fake_00022,bG8EwSG8Hh4_1_0to149.mp4,F:\MEngDatasets\AIGVDBench\videos\OpenSource\T2V\AnimateDiff\home\lma\Benchmark\bench\opensource\T2V\AnimateDiff\videos\bG8EwSG8Hh4_1_0to149.mp4,1,fake,OpenSource,T2V,OpenSource_T2V_AnimateDiff,1.0,0.00015028656399801305,0.500075143281999,,1,True
fake_00023,W5R52mgaBgk_13_85to215.mp4,F:\MEngDatasets\AIGVDBench\videos\OpenSource\I2V\SEINE\videos\W5R52mgaBgk_13_85to215.mp4,1,fake,OpenSource,I2V,OpenSource_I2V_SEINE,4.242279759125722e-05,2.4142597397580704e-11,2.121141086692731e-05,,0,False
fake_00024,HlRfdCWGMzI_22_114to219.mp4,F:\MEngDatasets\AIGVDBench\videos\OpenSource\T2V\VideoCrafter\videos\HlRfdCWGMzI_22_114to219.mp4,1,fake,OpenSource,T2V,OpenSource_T2V_VideoCrafter,1.0,1.133606473690221e-12,0.5000000000005668,,1,True
real_00016,FKiVUq9dwpk_43_0to203.mp4,F:\MEngDatasets\AIGVDBench\videos\Real\Real\videos\FKiVUq9dwpk_43_0to203.mp4,0,real,Real,,Real,1.466819562773694e-10,1.0760744866545854e-08,5.453713411411612e-09,,0,True
real_00017,wKnfWUW27ns_3_0to416.mp4,F:\MEngDatasets\AIGVDBench\videos\Real\Real\videos\wKnfWUW27ns_3_0to416.mp4,0,real,Real,,Real,9.544515538416706e-17,9.87294444331356e-07,4.936472222134005e-07,,0,True
real_00018,WPPARIBNRU8_25_0to170.mp4,F:\MEngDatasets\AIGVDBench\videos\Real\Real\videos\WPPARIBNRU8_25_0to170.mp4,0,real,Real,,Real,1.8490128799730776e-06,0.04698413277490506,0.023492990893892517,,0,True
real_00019,bhZmvvGsTiY_8_0to185.mp4,F:\MEngDatasets\AIGVDBench\videos\Real\Real\videos\bhZmvvGsTiY_8_0to185.mp4,0,real,Real,,Real,1.37135155960956e-07,0.012926316163724163,0.0064632266494400615,,0,True
fake_00025,jet4_Hc5j8I_13_0to109.mp4,F:\MEngDatasets\AIGVDBench\videos\OpenSource\V2V\Cogvideox1.5\videos\jet4_Hc5j8I_13_0to109.mp4,1,fake,OpenSource,V2V,OpenSource_V2V_Cogvideox1.5,0.00011976497363264116,3.406583214051702e-08,5.9899519732390836e-05,,0,False
real_00020,7pxFZkYiZKA_6_0to115.mp4,F:\MEngDatasets\AIGVDBench\videos\Real\Real\videos\7pxFZkYiZKA_6_0to115.mp4,0,real,Real,,Real,3.859982747496382e-09,0.019022168932830746,0.009511086396406746,,0,True
real_00021,gW8RvUtToZ0_7_18to240.mp4,F:\MEngDatasets\AIGVDBench\videos\Real\Real\videos\gW8RvUtToZ0_7_18to240.mp4,0,real,Real,,Real,2.160334319378787e-06,0.10079805510623491,0.05040010772027714,,0,True
fake_00026,jet4_Hc5j8I_13_0to109.mp4,F:\MEngDatasets\AIGVDBench\videos\OpenSource\T2V\VideoCrafter\videos\jet4_Hc5j8I_13_0to109.mp4,1,fake,OpenSource,T2V,OpenSource_T2V_VideoCrafter,0.9999727830290794,2.097299443905386e-14,0.4999863915145502,,0,False
fake_00027,HlRfdCWGMzI_22_114to219.mp4,F:\MEngDatasets\AIGVDBench\videos\OpenSource\I2V\SVD\videos\HlRfdCWGMzI_22_114to219.mp4,1,fake,OpenSource,I2V,OpenSource_I2V_SVD,0.5184503085911274,4.7890886642879754e-11,0.25922515431950915,,0,False
real_00022,enNgq6wSUkw_16_0to270.mp4,F:\MEngDatasets\AIGVDBench\videos\Real\Real\videos\enNgq6wSUkw_16_0to270.mp4,0,real,Real,,Real,0.005046604618545234,0.3858444109556634,0.19544550778710432,,0,True
fake_00028,bG8EwSG8Hh4_1_0to149.mp4,F:\MEngDatasets\AIGVDBench\videos\OpenSource\T2V\Open-Sora\videos\bG8EwSG8Hh4_1_0to149.mp4,1,fake,OpenSource,T2V,OpenSource_T2V_Open-Sora,0.46044927602633834,5.408089921643581e-20,0.23022463801316917,,0,False
fake_00029,02M4tj70Ju0_20_0to116.mp4,F:\MEngDatasets\AIGVDBench\videos\OpenSource\I2V\Pyramid-Flow\videos\02M4tj70Ju0_20_0to116.mp4,1,fake,OpenSource,I2V,OpenSource_I2V_Pyramid-Flow,0.3988196771897492,4.268344089721025e-05,0.1994311803153232,,0,False
fake_00030,Vh2cObLYHJ8_13_0to496.mp4,F:\MEngDatasets\AIGVDBench\videos\OpenSource\T2V\RepVideo\videos\Vh2cObLYHJ8_13_0to496.mp4,1,fake,OpenSource,T2V,OpenSource_T2V_RepVideo,0.9999983161687851,0.2748063322675686,0.6374023242181769,,1,True
real_00023,MM1788iVsF8_1_0to148.mp4,F:\MEngDatasets\AIGVDBench\videos\Real\Real\videos\MM1788iVsF8_1_0to148.mp4,0,real,Real,,Real,0.004874764565531375,0.00019502233469340287,0.002534893450112389,,0,True
fake_00031,4cvgTuAaMDM_1_0to181.mp4,F:\MEngDatasets\AIGVDBench\videos\OpenSource\I2V\SEINE\videos\4cvgTuAaMDM_1_0to181.mp4,1,fake,OpenSource,I2V,OpenSource_I2V_SEINE,0.9999874979257584,9.667900336265236e-12,0.49999374896771315,,0,False
real_00024,QRYsvqSzYuE_43_455to1014.mp4,F:\MEngDatasets\AIGVDBench\videos\Real\Real\videos\QRYsvqSzYuE_43_455to1014.mp4,0,real,Real,,Real,3.591495330788257e-05,0.014063104689590692,0.007049509821449287,,0,True
real_00025,FlGiwUwMdEo_5_0to619.mp4,F:\MEngDatasets\AIGVDBench\videos\Real\Real\videos\FlGiwUwMdEo_5_0to619.mp4,0,real,Real,,Real,6.161630619974311e-10,0.03485212175128204,0.017426061183722554,,0,True
fake_00032,90u26k64J9A_14_0to144.mp4,F:\MEngDatasets\AIGVDBench\videos\OpenSource\I2V\SVD\videos\90u26k64J9A_14_0to144.mp4,1,fake,OpenSource,I2V,OpenSource_I2V_SVD,0.0018914037573267706,2.366433109911702e-10,0.0009457019969850408,,0,False
real_00026,smJlYSVS9Ds_340_112to226.mp4,F:\MEngDatasets\AIGVDBench\videos\Real\Real\videos\smJlYSVS9Ds_340_112to226.mp4,0,real,Real,,Real,4.8125416314876335e-08,7.89613698545503e-05,3.950474763543259e-05,,0,True
real_00027,ljIFtQKRX6I_1_0to102.mp4,F:\MEngDatasets\AIGVDBench\videos\Real\Real\videos\ljIFtQKRX6I_1_0to102.mp4,0,real,Real,,Real,3.2395169785419398e-06,0.2015322637497994,0.10076775163338897,,0,True
fake_00033,02M4tj70Ju0_20_0to116.mp4,F:\MEngDatasets\AIGVDBench\videos\OpenSource\T2V\LTX\videos\02M4tj70Ju0_20_0to116.mp4,1,fake,OpenSource,T2V,OpenSource_T2V_LTX,0.060065868266974576,0.0003587135661539562,0.030212290916564265,,0,False
real_00028,D4iNNhBSODA_4_0to115.mp4,F:\MEngDatasets\AIGVDBench\videos\Real\Real\videos\D4iNNhBSODA_4_0to115.mp4,0,real,Real,,Real,2.0265378248741255e-12,0.19295763765016835,0.09647881882609745,,0,True
real_00029,2OvJnvfYp34_7_46to173.mp4,F:\MEngDatasets\AIGVDBench\videos\Real\Real\videos\2OvJnvfYp34_7_46to173.mp4,0,real,Real,,Real,1.2373870366191864e-07,0.0024571603163110467,0.0012286420275073543,,0,True
fake_00034,90u26k64J9A_14_0to144.mp4,F:\MEngDatasets\AIGVDBench\videos\OpenSource\I2V\LTX\videos\90u26k64J9A_14_0to144.mp4,1,fake,OpenSource,I2V,OpenSource_I2V_LTX,2.5232448220308124e-05,0.1363815778769189,0.0682034051625696,,0,False
real_00030,Rxbcg4_nUbU_2_73to196.mp4,F:\MEngDatasets\AIGVDBench\videos\Real\Real\videos\Rxbcg4_nUbU_2_73to196.mp4,0,real,Real,,Real,4.168406662918324e-08,0.07457583172494224,0.037287936704504435,,0,True
fake_00035,Vh2cObLYHJ8_13_0to496.mp4,F:\MEngDatasets\AIGVDBench\videos\OpenSource\I2V\SVD\videos\Vh2cObLYHJ8_13_0to496.mp4,1,fake,OpenSource,I2V,OpenSource_I2V_SVD,5.010419163592461e-08,3.1137473557488037e-12,2.505365269164018e-08,,0,False
fake_00036,90u26k64J9A_14_0to144.mp4,F:\MEngDatasets\AIGVDBench\videos\OpenSource\T2V\AnimateDiff\home\lma\Benchmark\bench\opensource\T2V\AnimateDiff\videos\90u26k64J9A_14_0to144.mp4,1,fake,OpenSource,T2V,OpenSource_T2V_AnimateDiff,1.0,0.9998214602470398,0.9999107301235199,,1,True
fake_00037,bG8EwSG8Hh4_1_0to149.mp4,F:\MEngDatasets\AIGVDBench\videos\OpenSource\T2V\AccVideo\videos\bG8EwSG8Hh4_1_0to149.mp4,1,fake,OpenSource,T2V,OpenSource_T2V_AccVideo,0.9999980106949806,0.018941251347375024,0.5094696310211778,,1,True
fake_00038,gcgj6G8r-IQ_28_24to180.mp4,F:\MEngDatasets\AIGVDBench\videos\OpenSource\T2V\Pyramid-Flow\videos\gcgj6G8r-IQ_28_24to180.mp4,1,fake,OpenSource,T2V,OpenSource_T2V_Pyramid-Flow,3.5885270079916154e-06,0.015895032692651512,0.007949310609829752,,0,False
real_00031,MVAJfvbmNpg_8_0to104.mp4,F:\MEngDatasets\AIGVDBench\videos\Real\Real\videos\MVAJfvbmNpg_8_0to104.mp4,0,real,Real,,Real,2.600747569525552e-07,0.9790891249974568,0.4895446925361069,,0,True
fake_00039,xPcAfdYCj5k_136_0to424.mp4,F:\MEngDatasets\AIGVDBench\videos\OpenSource\I2V\LTX\videos\xPcAfdYCj5k_136_0to424.mp4,1,fake,OpenSource,I2V,OpenSource_I2V_LTX,6.413471347558458e-07,0.009037275348545416,0.004518958347840086,,0,False
real_00032,68BXnGOdJ34_53_93to260.mp4,F:\MEngDatasets\AIGVDBench\videos\Real\Real\videos\68BXnGOdJ34_53_93to260.mp4,0,real,Real,,Real,1.5724925720816789e-09,1.0126943727543972e-06,5.071334326632394e-07,,0,True
real_00033,_TR4npFh6K8_83_0to438.mp4,F:\MEngDatasets\AIGVDBench\videos\Real\Real\videos\_TR4npFh6K8_83_0to438.mp4,0,real,Real,,Real,5.793766302630106e-10,0.3100883657180031,0.15504418314868987,,0,True
fake_00040,eENFTG4UQsI_3_337to522.mp4,F:\MEngDatasets\AIGVDBench\videos\OpenSource\I2V\SEINE\videos\eENFTG4UQsI_3_337to522.mp4,1,fake,OpenSource,I2V,OpenSource_I2V_SEINE,0.49536964106664527,1.4010920284812346e-12,0.2476848205340232,,0,False
fake_00041,gcgj6G8r-IQ_28_24to180.mp4,F:\MEngDatasets\AIGVDBench\videos\OpenSource\T2V\EasyAnimate\videos\gcgj6G8r-IQ_28_24to180.mp4,1,fake,OpenSource,T2V,OpenSource_T2V_EasyAnimate,0.6150774635607377,0.14155742755167566,0.37831744555620667,,0,False
real_00034,jqcy6k033fI_23_0to113.mp4,F:\MEngDatasets\AIGVDBench\videos\Real\Real\videos\jqcy6k033fI_23_0to113.mp4,0,real,Real,,Real,1.6662136829368986e-11,1.0152633282859419e-08,5.084647709844394e-09,,0,True
real_00035,9YUwzwQ8mCY_0_778to912.mp4,F:\MEngDatasets\AIGVDBench\videos\Real\Real\videos\9YUwzwQ8mCY_0_778to912.mp4,0,real,Real,,Real,4.3508586967597185e-09,0.18342344118425918,0.09171172276755894,,0,True
fake_00042,o82SKvbybvY_14_104to700.mp4,F:\MEngDatasets\AIGVDBench\videos\OpenSource\T2V\AccVideo\videos\o82SKvbybvY_14_104to700.mp4,1,fake,OpenSource,T2V,OpenSource_T2V_AccVideo,0.999984934926033,0.10533061594629865,0.5526577754361658,,1,True
real_00036,IMGYRIBZ-gk_90_0to109.mp4,F:\MEngDatasets\AIGVDBench\videos\Real\Real\videos\IMGYRIBZ-gk_90_0to109.mp4,0,real,Real,,Real,1.458604844957836e-07,0.0001715272273801934,8.58365439323446e-05,,0,True
fake_00043,y3vyO-025CI_3_0to339.mp4,F:\MEngDatasets\AIGVDBench\videos\OpenSource\I2V\SEINE\videos\y3vyO-025CI_3_0to339.mp4,1,fake,OpenSource,I2V,OpenSource_I2V_SEINE,0.5613671145401895,6.0187781917263315e-09,0.2806835602794838,,0,False
real_00037,LFMFJLMI9jU_2_19to695.mp4,F:\MEngDatasets\AIGVDBench\videos\Real\Real\videos\LFMFJLMI9jU_2_19to695.mp4,0,real,Real,,Real,1.4436073315082787e-06,0.026498791120764212,0.01325011736404786,,0,True
fake_00044,Vh2cObLYHJ8_13_0to496.mp4,F:\MEngDatasets\AIGVDBench\videos\OpenSource\T2V\AnimateDiff\home\lma\Benchmark\bench\opensource\T2V\AnimateDiff\videos\Vh2cObLYHJ8_13_0to496.mp4,1,fake,OpenSource,T2V,OpenSource_T2V_AnimateDiff,1.0,0.9921012957890828,0.9960506478945415,,1,True
real_00038,ifrtA4XyoXU_10_0to267.mp4,F:\MEngDatasets\AIGVDBench\videos\Real\Real\videos\ifrtA4XyoXU_10_0to267.mp4,0,real,Real,,Real,0.02765579307212136,0.031225131754536343,0.02944046241332885,,0,True
real_00039,GQPjdCtGHZg_11_0to132.mp4,F:\MEngDatasets\AIGVDBench\videos\Real\Real\videos\GQPjdCtGHZg_11_0to132.mp4,0,real,Real,,Real,2.242120484968746e-07,6.982433363321947e-08,1.4701819106504703e-07,,0,True
real_00040,klsbV5XLDc8_37_16to286.mp4,F:\MEngDatasets\AIGVDBench\videos\Real\Real\videos\klsbV5XLDc8_37_16to286.mp4,0,real,Real,,Real,2.27389718351987e-06,0.04436442053874191,0.022183347217962713,,0,True
real_00041,o87SsbCZwFM_40_60to239.mp4,F:\MEngDatasets\AIGVDBench\videos\Real\Real\videos\o87SsbCZwFM_40_60to239.mp4,0,real,Real,,Real,9.374565005604296e-06,0.2897949163028405,0.14490214543392305,,0,True
fake_00045,QRYsvqSzYuE_43_455to1014.mp4,F:\MEngDatasets\AIGVDBench\videos\OpenSource\I2V\LTX\videos\QRYsvqSzYuE_43_455to1014.mp4,1,fake,OpenSource,I2V,OpenSource_I2V_LTX,0.052818092113966486,0.008758408231820588,0.030788250172893536,,0,False
fake_00046,QRYsvqSzYuE_43_455to1014.mp4,F:\MEngDatasets\AIGVDBench\videos\OpenSource\V2V\LTX\videos\QRYsvqSzYuE_43_455to1014.mp4,1,fake,OpenSource,V2V,OpenSource_V2V_LTX,0.14143174122247615,0.00022002378003616128,0.07082588250125615,,0,False
fake_00047,y3vyO-025CI_3_0to339.mp4,F:\MEngDatasets\AIGVDBench\videos\OpenSource\T2V\Cogvideox1.5\videos\y3vyO-025CI_3_0to339.mp4,1,fake,OpenSource,T2V,OpenSource_T2V_Cogvideox1.5,0.6123057482764125,0.014818890200937554,0.313562319238675,,0,False
fake_00048,4cvgTuAaMDM_1_0to181.mp4,F:\MEngDatasets\AIGVDBench\videos\OpenSource\T2V\HunyuanVideo\videos\4cvgTuAaMDM_1_0to181.mp4,1,fake,OpenSource,T2V,OpenSource_T2V_HunyuanVideo,0.9996783286333084,0.19757963817294996,0.5986289834031292,,1,True
real_00042,r8Y26Uq07Kw_0_0to167.mp4,F:\MEngDatasets\AIGVDBench\videos\Real\Real\videos\r8Y26Uq07Kw_0_0to167.mp4,0,real,Real,,Real,1.5658908075755207e-07,0.6244264906492389,0.3122133236191599,,0,True
real_00043,eCHK3-pWxIg_31_18to130.mp4,F:\MEngDatasets\AIGVDBench\videos\Real\Real\videos\eCHK3-pWxIg_31_18to130.mp4,0,real,Real,,Real,0.001752512850096366,0.004022818676837047,0.0028876657634667067,,0,True
real_00044,FYnm8Wwz514_10_0to103.mp4,F:\MEngDatasets\AIGVDBench\videos\Real\Real\videos\FYnm8Wwz514_10_0to103.mp4,0,real,Real,,Real,0.00042621873342950237,0.00012292470404023467,0.00027457171873486853,,0,True
fake_00049,EHRI1gr4zik_3_323to481.mp4,F:\MEngDatasets\AIGVDBench\videos\OpenSource\I2V\EasyAnimate\videos\EHRI1gr4zik_3_323to481.mp4,1,fake,OpenSource,I2V,OpenSource_I2V_EasyAnimate,0.9999983608722687,1.0801711672938592e-13,0.49999918043618835,,0,False
real_00045,nz5H6BBlDeE_26_0to129.mp4,F:\MEngDatasets\AIGVDBench\videos\Real\Real\videos\nz5H6BBlDeE_26_0to129.mp4,0,real,Real,,Real,2.840120559832612e-14,0.00011091301778232143,5.545650890536132e-05,,0,True
fake_00050,bG8EwSG8Hh4_1_0to149.mp4,F:\MEngDatasets\AIGVDBench\videos\OpenSource\T2V\IPOC\videos\bG8EwSG8Hh4_1_0to149.mp4,1,fake,OpenSource,T2V,OpenSource_T2V_IPOC,0.797412266023457,0.13987824651732125,0.46864525627038917,,0,False
real_00046,iGZMt8h2DUM_1_0to239.mp4,F:\MEngDatasets\AIGVDBench\videos\Real\Real\videos\iGZMt8h2DUM_1_0to239.mp4,0,real,Real,,Real,7.595854001191918e-11,0.00021260621648269568,0.00010630314622061785,,0,True
fake_00051,y3vyO-025CI_3_0to339.mp4,F:\MEngDatasets\AIGVDBench\videos\OpenSource\T2V\HunyuanVideo\videos\y3vyO-025CI_3_0to339.mp4,1,fake,OpenSource,T2V,OpenSource_T2V_HunyuanVideo,1.0,7.819263520711198e-05,0.5000390963176036,,1,True
real_00047,v-zRpfsZ7hc_65_0to154.mp4,F:\MEngDatasets\AIGVDBench\videos\Real\Real\videos\v-zRpfsZ7hc_65_0to154.mp4,0,real,Real,,Real,2.055807625743727e-08,0.003937650937201001,0.0019688357476386293,,0,True
real_00048,4onNa-MUai0_1_0to132.mp4,F:\MEngDatasets\AIGVDBench\videos\Real\Real\videos\4onNa-MUai0_1_0to132.mp4,0,real,Real,,Real,9.846170555605216e-06,0.7395131474981705,0.3697614968343631,,0,True
fake_00052,HlRfdCWGMzI_22_114to219.mp4,F:\MEngDatasets\AIGVDBench\videos\OpenSource\T2V\Open-Sora\videos\HlRfdCWGMzI_22_114to219.mp4,1,fake,OpenSource,T2V,OpenSource_T2V_Open-Sora,0.8197611141949892,1.690996889840012e-17,0.4098805570974946,,0,False
fake_00053,gcgj6G8r-IQ_28_24to180.mp4,F:\MEngDatasets\AIGVDBench\videos\OpenSource\T2V\Cogvideox1.5\videos\gcgj6G8r-IQ_28_24to180.mp4,1,fake,OpenSource,T2V,OpenSource_T2V_Cogvideox1.5,0.0010619798035804706,0.2169578030424115,0.10900989142299598,,0,False
real_00049,UZ1-1DrWesQ_15_679to830.mp4,F:\MEngDatasets\AIGVDBench\videos\Real\Real\videos\UZ1-1DrWesQ_15_679to830.mp4,0,real,Real,,Real,1.420898628926937e-10,0.16982083100729142,0.08491041557469065,,0,True
fake_00054,0BPQnk47p6M_2_55to191.mp4,F:\MEngDatasets\AIGVDBench\videos\OpenSource\T2V\Wan2.1\videos\0BPQnk47p6M_2_55to191.mp4,1,fake,OpenSource,T2V,OpenSource_T2V_Wan2.1,0.11275985760917484,0.5616075625678908,0.3371837100885328,,0,False
real_00050,Pm8YbDi80Kg_0_927to1111.mp4,F:\MEngDatasets\AIGVDBench\videos\Real\Real\videos\Pm8YbDi80Kg_0_927to1111.mp4,0,real,Real,,Real,2.186228446110494e-06,0.432102308951382,0.21605224758991406,,0,True
fake_00055,smJlYSVS9Ds_340_112to226.mp4,F:\MEngDatasets\AIGVDBench\videos\OpenSource\I2V\VideoCrafter\videos\smJlYSVS9Ds_340_112to226.mp4,1,fake,OpenSource,I2V,OpenSource_I2V_VideoCrafter,1.0,1.5836533782585395e-09,0.5000000007918267,,1,True
fake_00056,vUVwNN47Uv0_7_1227to1461.mp4,F:\MEngDatasets\AIGVDBench\videos\OpenSource\I2V\VideoCrafter\videos\vUVwNN47Uv0_7_1227to1461.mp4,1,fake,OpenSource,I2V,OpenSource_I2V_VideoCrafter,0.9801315441727638,3.9665568088565043e-10,0.49006577228470977,,0,False
fake_00057,Vh2cObLYHJ8_13_0to496.mp4,F:\MEngDatasets\AIGVDBench\videos\OpenSource\I2V\Pyramid-Flow\videos\Vh2cObLYHJ8_13_0to496.mp4,1,fake,OpenSource,I2V,OpenSource_I2V_Pyramid-Flow,2.213406675721785e-06,1.181393430439504e-08,1.1126103050130902e-06,,0,False
fake_00058,W5R52mgaBgk_13_85to215.mp4,F:\MEngDatasets\AIGVDBench\videos\OpenSource\V2V\Cogvideox1.5\videos\W5R52mgaBgk_13_85to215.mp4,1,fake,OpenSource,V2V,OpenSource_V2V_Cogvideox1.5,0.0004647781443054555,0.4204257822713013,0.21044528020780337,,0,False
real_00051,SzBj0CNP3pA_9_0to197.mp4,F:\MEngDatasets\AIGVDBench\videos\Real\Real\videos\SzBj0CNP3pA_9_0to197.mp4,0,real,Real,,Real,4.7911045655268936e-06,0.5050049425801262,0.25250486684234585,,0,True
fake_00059,90u26k64J9A_14_0to144.mp4,F:\MEngDatasets\AIGVDBench\videos\OpenSource\T2V\VideoCrafter\videos\90u26k64J9A_14_0to144.mp4,1,fake,OpenSource,T2V,OpenSource_T2V_VideoCrafter,1.0,1.1313862000401099e-10,0.5000000000565693,,1,True
fake_00060,4cvgTuAaMDM_1_0to181.mp4,F:\MEngDatasets\AIGVDBench\videos\OpenSource\I2V\LTX\videos\4cvgTuAaMDM_1_0to181.mp4,1,fake,OpenSource,I2V,OpenSource_I2V_LTX,0.09330215254158247,0.0012144256433612056,0.04725828909247184,,0,False
fake_00061,QRYsvqSzYuE_43_455to1014.mp4,F:\MEngDatasets\AIGVDBench\videos\OpenSource\T2V\LTX\videos\QRYsvqSzYuE_43_455to1014.mp4,1,fake,OpenSource,T2V,OpenSource_T2V_LTX,0.22276037117944725,0.5669116114998664,0.3948359913396568,,0,False
fake_00062,smJlYSVS9Ds_340_112to226.mp4,F:\MEngDatasets\AIGVDBench\videos\OpenSource\V2V\LTX\videos\smJlYSVS9Ds_340_112to226.mp4,1,fake,OpenSource,V2V,OpenSource_V2V_LTX,0.996077973395586,0.5235861622834364,0.7598320678395112,,1,True
fake_00063,gcgj6G8r-IQ_28_24to180.mp4,F:\MEngDatasets\AIGVDBench\videos\OpenSource\T2V\LTX\videos\gcgj6G8r-IQ_28_24to180.mp4,1,fake,OpenSource,T2V,OpenSource_T2V_LTX,0.1423600240959786,0.563224800377308,0.3527924122366433,,0,False
real_00052,vNQR3ixE8AE_123_159to312.mp4,F:\MEngDatasets\AIGVDBench\videos\Real\Real\videos\vNQR3ixE8AE_123_159to312.mp4,0,real,Real,,Real,1.4302384276909663e-09,8.033364612558778e-10,1.1167874444734221e-09,,0,True
real_00053,Zo80l_TCe0Q_4_560to698.mp4,F:\MEngDatasets\AIGVDBench\videos\Real\Real\videos\Zo80l_TCe0Q_4_560to698.mp4,0,real,Real,,Real,1.2670593146947573e-06,0.30138604138046504,0.15069365421988987,,0,True
real_00054,1wVS8h33ttU_39_0to112.mp4,F:\MEngDatasets\AIGVDBench\videos\Real\Real\videos\1wVS8h33ttU_39_0to112.mp4,0,real,Real,,Real,0.00015405289914313284,0.001864675426476751,0.001009364162809942,,0,True
fake_00064,4cvgTuAaMDM_1_0to181.mp4,F:\MEngDatasets\AIGVDBench\videos\OpenSource\V2V\LTX\videos\4cvgTuAaMDM_1_0to181.mp4,1,fake,OpenSource,V2V,OpenSource_V2V_LTX,0.02876672689581028,0.46658735341580887,0.24767704015580957,,0,False
fake_00065,W5R52mgaBgk_13_85to215.mp4,F:\MEngDatasets\AIGVDBench\videos\OpenSource\I2V\LTX\videos\W5R52mgaBgk_13_85to215.mp4,1,fake,OpenSource,I2V,OpenSource_I2V_LTX,1.1202129192137977e-08,0.02526939912709746,0.012634705164613326,,0,False
real_00055,PB0z_PlnXcc_3_29to178.mp4,F:\MEngDatasets\AIGVDBench\videos\Real\Real\videos\PB0z_PlnXcc_3_29to178.mp4,0,real,Real,,Real,0.010310966612694372,5.621099133269077e-12,0.005155483309157736,,0,True
fake_00066,90u26k64J9A_14_0to144.mp4,F:\MEngDatasets\AIGVDBench\videos\OpenSource\T2V\RepVideo\videos\90u26k64J9A_14_0to144.mp4,1,fake,OpenSource,T2V,OpenSource_T2V_RepVideo,1.0,0.13269825098395813,0.566349125491979,,1,True
real_00056,ehC6Qe9oXuA_9_22to155.mp4,F:\MEngDatasets\AIGVDBench\videos\Real\Real\videos\ehC6Qe9oXuA_9_22to155.mp4,0,real,Real,,Real,7.458720221165156e-08,0.06591891833879909,0.03295949646300065,,0,True
fake_00067,nhskgJQ5XMU_202_0to114.mp4,F:\MEngDatasets\AIGVDBench\videos\OpenSource\T2V\Cogvideox1.5\videos\nhskgJQ5XMU_202_0to114.mp4,1,fake,OpenSource,T2V,OpenSource_T2V_Cogvideox1.5,0.9998025707900524,0.4051640170406093,0.7024832939153308,,1,True
real_00057,Lf3oF-8fWfQ_35_0to137.mp4,F:\MEngDatasets\AIGVDBench\videos\Real\Real\videos\Lf3oF-8fWfQ_35_0to137.mp4,0,real,Real,,Real,7.455615275483302e-07,0.00028544814566192994,0.00014309685359473914,,0,True
real_00058,n9vQahQYFgI_8_0to129.mp4,F:\MEngDatasets\AIGVDBench\videos\Real\Real\videos\n9vQahQYFgI_8_0to129.mp4,0,real,Real,,Real,1.1437977287531709e-07,0.0048947346846349,0.002447424532203888,,0,True
fake_00068,W5R52mgaBgk_13_85to215.mp4,F:\MEngDatasets\AIGVDBench\videos\OpenSource\I2V\Pyramid-Flow\videos\W5R52mgaBgk_13_85to215.mp4,1,fake,OpenSource,I2V,OpenSource_I2V_Pyramid-Flow,1.8072652530065625e-07,6.005799809177439e-10,9.0663552640787e-08,,0,False
fake_00069,7TCW9wOxAWk_48_0to214.mp4,F:\MEngDatasets\AIGVDBench\videos\OpenSource\I2V\SEINE\videos\7TCW9wOxAWk_48_0to214.mp4,1,fake,OpenSource,I2V,OpenSource_I2V_SEINE,0.0006557830565725453,3.0446625102260812e-12,0.0003278915298086039,,0,False
real_00059,6rWfZUMp8fA_11_0to181.mp4,F:\MEngDatasets\AIGVDBench\videos\Real\Real\videos\6rWfZUMp8fA_11_0to181.mp4,0,real,Real,,Real,9.946773332103476e-06,1.430163114117916e-07,5.044894821757634e-06,,0,True
fake_00070,90u26k64J9A_14_0to144.mp4,F:\MEngDatasets\AIGVDBench\videos\OpenSource\T2V\Pyramid-Flow\videos\90u26k64J9A_14_0to144.mp4,1,fake,OpenSource,T2V,OpenSource_T2V_Pyramid-Flow,0.9990004934370518,0.006373397840307386,0.5026869456386795,,1,True
fake_00071,NWYRv_MKaA8_10_24to132.mp4,F:\MEngDatasets\AIGVDBench\videos\OpenSource\T2V\LTX\videos\NWYRv_MKaA8_10_24to132.mp4,1,fake,OpenSource,T2V,OpenSource_T2V_LTX,3.952694977993332e-06,1.8586012533851684e-06,2.90564811568925e-06,,0,False
fake_00072,jet4_Hc5j8I_13_0to109.mp4,F:\MEngDatasets\AIGVDBench\videos\OpenSource\I2V\SEINE\videos\jet4_Hc5j8I_13_0to109.mp4,1,fake,OpenSource,I2V,OpenSource_I2V_SEINE,0.8081757384352386,1.2389549463774486e-17,0.4040878692176193,,0,False
fake_00073,jet4_Hc5j8I_13_0to109.mp4,F:\MEngDatasets\AIGVDBench\videos\OpenSource\T2V\Open-Sora\videos\jet4_Hc5j8I_13_0to109.mp4,1,fake,OpenSource,T2V,OpenSource_T2V_Open-Sora,0.9960130080580711,5.3879368317516706e-17,0.49800650402903557,,0,False
real_00060,RsW5mXGVSTw_33_0to117.mp4,F:\MEngDatasets\AIGVDBench\videos\Real\Real\videos\RsW5mXGVSTw_33_0to117.mp4,0,real,Real,,Real,6.894095453263693e-07,0.0002898157992049436,0.000145252604375135,,0,True
fake_00074,02M4tj70Ju0_20_0to116.mp4,F:\MEngDatasets\AIGVDBench\videos\OpenSource\V2V\LTX\videos\02M4tj70Ju0_20_0to116.mp4,1,fake,OpenSource,V2V,OpenSource_V2V_LTX,0.08502219632691776,0.3681073446988928,0.22656477051290527,,0,False
fake_00075,Vh2cObLYHJ8_13_0to496.mp4,F:\MEngDatasets\AIGVDBench\videos\OpenSource\I2V\LTX\videos\Vh2cObLYHJ8_13_0to496.mp4,1,fake,OpenSource,I2V,OpenSource_I2V_LTX,2.3399548557470617e-09,0.008468727948385595,0.004234365144170225,,0,False
real_00061,zHrMHdpfL-k_3_0to922.mp4,F:\MEngDatasets\AIGVDBench\videos\Real\Real\videos\zHrMHdpfL-k_3_0to922.mp4,0,real,Real,,Real,8.419823569810722e-12,1.317022141795768e-07,6.58553170015733e-08,,0,True
real_00062,_icmM8z-QeM_16_0to230.mp4,F:\MEngDatasets\AIGVDBench\videos\Real\Real\videos\_icmM8z-QeM_16_0to230.mp4,0,real,Real,,Real,4.056403532341768e-08,0.2915017937539929,0.1457509171590141,,0,True
real_00063,0udRm5E8Ft0_1_0to136.mp4,F:\MEngDatasets\AIGVDBench\videos\Real\Real\videos\0udRm5E8Ft0_1_0to136.mp4,0,real,Real,,Real,0.06202190233696214,0.004721659925625386,0.033371781131293764,,0,True
real_00064,ZF44B91CSwU_10_20to167.mp4,F:\MEngDatasets\AIGVDBench\videos\Real\Real\videos\ZF44B91CSwU_10_20to167.mp4,0,real,Real,,Real,0.001035832299097983,0.0004168348586749223,0.0007263335788864526,,0,True
real_00065,xrmweOOHFvc_23_0to1140.mp4,F:\MEngDatasets\AIGVDBench\videos\Real\Real\videos\xrmweOOHFvc_23_0to1140.mp4,0,real,Real,,Real,0.0005402145794468627,0.3343987636782913,0.16746948912886908,,0,True
real_00066,loOVcFRvCeE_32_45to195.mp4,F:\MEngDatasets\AIGVDBench\videos\Real\Real\videos\loOVcFRvCeE_32_45to195.mp4,0,real,Real,,Real,2.3303961232956638e-07,1.0895314081651262e-13,1.165198606413536e-07,,0,True
real_00067,9j-LJj-OUDU_1_0to440.mp4,F:\MEngDatasets\AIGVDBench\videos\Real\Real\videos\9j-LJj-OUDU_1_0to440.mp4,0,real,Real,,Real,1.9325118583809762e-07,0.05237101386477118,0.02618560355797851,,0,True
fake_00076,50KDhKUOrqI_57_294to582.mp4,F:\MEngDatasets\AIGVDBench\videos\OpenSource\T2V\Cogvideox1.5\videos\50KDhKUOrqI_57_294to582.mp4,1,fake,OpenSource,T2V,OpenSource_T2V_Cogvideox1.5,6.188597356793224e-08,0.00011591807814728545,5.798998206042669e-05,,0,False
real_00068,F1JDI5MSpjE_13_0to188.mp4,F:\MEngDatasets\AIGVDBench\videos\Real\Real\videos\F1JDI5MSpjE_13_0to188.mp4,0,real,Real,,Real,0.002102461591459104,0.15109977047658887,0.07660111603402399,,0,True
fake_00077,xPcAfdYCj5k_136_0to424.mp4,F:\MEngDatasets\AIGVDBench\videos\OpenSource\T2V\RepVideo\videos\xPcAfdYCj5k_136_0to424.mp4,1,fake,OpenSource,T2V,OpenSource_T2V_RepVideo,0.4790660030730578,2.4243695824812303e-06,0.23953421372132014,,0,False
fake_00078,y3vyO-025CI_3_0to339.mp4,F:\MEngDatasets\AIGVDBench\videos\OpenSource\T2V\VideoCrafter\videos\y3vyO-025CI_3_0to339.mp4,1,fake,OpenSource,T2V,OpenSource_T2V_VideoCrafter,1.0,4.23128714668636e-09,0.5000000021156435,,1,True
fake_00079,smJlYSVS9Ds_340_112to226.mp4,F:\MEngDatasets\AIGVDBench\videos\OpenSource\T2V\LTX\videos\smJlYSVS9Ds_340_112to226.mp4,1,fake,OpenSource,T2V,OpenSource_T2V_LTX,0.009422086379526462,0.2645431118224618,0.13698259910099414,,0,False
real_00069,2F3iNVTXozM_35_0to624.mp4,F:\MEngDatasets\AIGVDBench\videos\Real\Real\videos\2F3iNVTXozM_35_0to624.mp4,0,real,Real,,Real,5.101246920539981e-08,2.0429748013569535e-07,1.276549746705476e-07,,0,True
fake_00080,EHRI1gr4zik_3_323to481.mp4,F:\MEngDatasets\AIGVDBench\videos\OpenSource\T2V\LTX\videos\EHRI1gr4zik_3_323to481.mp4,1,fake,OpenSource,T2V,OpenSource_T2V_LTX,0.46656337905964307,0.22985084912468143,0.34820711409216226,,0,False
real_00070,bVl9O8Qo3ug_72_0to139.mp4,F:\MEngDatasets\AIGVDBench\videos\Real\Real\videos\bVl9O8Qo3ug_72_0to139.mp4,0,real,Real,,Real,1.4098084858450778e-10,0.020007619940180507,0.010003810040580678,,0,True
fake_00081,xPcAfdYCj5k_136_0to424.mp4,F:\MEngDatasets\AIGVDBench\videos\OpenSource\I2V\VideoCrafter\videos\xPcAfdYCj5k_136_0to424.mp4,1,fake,OpenSource,I2V,OpenSource_I2V_VideoCrafter,0.21221865294501185,5.271532499780906e-14,0.10610932647253228,,0,False
real_00071,LXwI6j6eYRc_375_0to109.mp4,F:\MEngDatasets\AIGVDBench\videos\Real\Real\videos\LXwI6j6eYRc_375_0to109.mp4,0,real,Real,,Real,5.0087921253716416e-05,0.1380968825802275,0.06907348525074061,,0,True
fake_00082,o82SKvbybvY_14_104to700.mp4,F:\MEngDatasets\AIGVDBench\videos\OpenSource\V2V\LTX\videos\o82SKvbybvY_14_104to700.mp4,1,fake,OpenSource,V2V,OpenSource_V2V_LTX,6.983414476735561e-05,0.0005294300836457003,0.00029963211420652795,,0,False
real_00072,9iTPbbb8Rkw_67_156to400.mp4,F:\MEngDatasets\AIGVDBench\videos\Real\Real\videos\9iTPbbb8Rkw_67_156to400.mp4,0,real,Real,,Real,2.5375244453925208e-05,1.1953961701522596e-06,1.3285320312038734e-05,,0,True
fake_00083,gcgj6G8r-IQ_28_24to180.mp4,F:\MEngDatasets\AIGVDBench\videos\OpenSource\T2V\Wan2.1\videos\gcgj6G8r-IQ_28_24to180.mp4,1,fake,OpenSource,T2V,OpenSource_T2V_Wan2.1,1.0,0.2059154303225813,0.6029577151612906,,1,True
real_00073,01ECJXvPQlQ_70_0to556.mp4,F:\MEngDatasets\AIGVDBench\videos\Real\Real\videos\01ECJXvPQlQ_70_0to556.mp4,0,real,Real,,Real,6.914484674386788e-10,0.2154710140506766,0.10773550737106252,,0,True
real_00074,5Z5BRmlwpAc_88_0to121.mp4,F:\MEngDatasets\AIGVDBench\videos\Real\Real\videos\5Z5BRmlwpAc_88_0to121.mp4,0,real,Real,,Real,3.7444003968545303e-06,1.315902845533401e-05,8.45171442609427e-06,,0,True
fake_00084,EHRI1gr4zik_3_323to481.mp4,F:\MEngDatasets\AIGVDBench\videos\OpenSource\T2V\AnimateDiff\home\lma\Benchmark\bench\opensource\T2V\AnimateDiff\videos\EHRI1gr4zik_3_323to481.mp4,1,fake,OpenSource,T2V,OpenSource_T2V_AnimateDiff,1.0,0.03751661698219758,0.5187583084910988,,1,True
real_00075,cclTlIvBJCI_53_49to264.mp4,F:\MEngDatasets\AIGVDBench\videos\Real\Real\videos\cclTlIvBJCI_53_49to264.mp4,0,real,Real,,Real,1.1210024685948073e-12,4.767222338368053e-08,2.383667219307456e-08,,0,True
fake_00085,W5R52mgaBgk_13_85to215.mp4,F:\MEngDatasets\AIGVDBench\videos\OpenSource\T2V\RepVideo\videos\W5R52mgaBgk_13_85to215.mp4,1,fake,OpenSource,T2V,OpenSource_T2V_RepVideo,0.2950843684375286,0.5704377274261787,0.43276104793185366,,0,False
fake_00086,02M4tj70Ju0_20_0to116.mp4,F:\MEngDatasets\AIGVDBench\videos\OpenSource\I2V\SEINE\videos\02M4tj70Ju0_20_0to116.mp4,1,fake,OpenSource,I2V,OpenSource_I2V_SEINE,0.9874948970973492,1.5868240917500847e-10,0.4937474486280158,,0,False
fake_00087,90u26k64J9A_14_0to144.mp4,F:\MEngDatasets\AIGVDBench\videos\OpenSource\T2V\HunyuanVideo\videos\90u26k64J9A_14_0to144.mp4,1,fake,OpenSource,T2V,OpenSource_T2V_HunyuanVideo,1.0,0.9828663508097331,0.9914331754048665,,1,True
fake_00088,jet4_Hc5j8I_13_0to109.mp4,F:\MEngDatasets\AIGVDBench\videos\OpenSource\I2V\VideoCrafter\videos\jet4_Hc5j8I_13_0to109.mp4,1,fake,OpenSource,I2V,OpenSource_I2V_VideoCrafter,1.0,4.745327577442333e-13,0.5000000000002373,,1,True
fake_00089,NWYRv_MKaA8_10_24to132.mp4,F:\MEngDatasets\AIGVDBench\videos\OpenSource\T2V\AccVideo\videos\NWYRv_MKaA8_10_24to132.mp4,1,fake,OpenSource,T2V,OpenSource_T2V_AccVideo,0.9998016618192196,4.621888029987531e-05,0.49992394034975973,,0,False
fake_00090,eENFTG4UQsI_3_337to522.mp4,F:\MEngDatasets\AIGVDBench\videos\OpenSource\T2V\Pyramid-Flow\videos\eENFTG4UQsI_3_337to522.mp4,1,fake,OpenSource,T2V,OpenSource_T2V_Pyramid-Flow,0.9677970595657825,0.000617209787318034,0.4842071346765503,,0,False
fake_00091,xPcAfdYCj5k_136_0to424.mp4,F:\MEngDatasets\AIGVDBench\videos\OpenSource\T2V\AccVideo\videos\xPcAfdYCj5k_136_0to424.mp4,1,fake,OpenSource,T2V,OpenSource_T2V_AccVideo,0.9999977797269821,0.13752732437394416,0.5687625520504631,,1,True
real_00076,vRCA5Rf-Isc_1_0to109.mp4,F:\MEngDatasets\AIGVDBench\videos\Real\Real\videos\vRCA5Rf-Isc_1_0to109.mp4,0,real,Real,,Real,1.4736860007075666e-13,5.207252367881443e-05,2.6036261913091515e-05,,0,True
fake_00092,y3vyO-025CI_3_0to339.mp4,F:\MEngDatasets\AIGVDBench\videos\OpenSource\T2V\AnimateDiff\home\lma\Benchmark\bench\opensource\T2V\AnimateDiff\videos\y3vyO-025CI_3_0to339.mp4,1,fake,OpenSource,T2V,OpenSource_T2V_AnimateDiff,1.0,0.6574232854705769,0.8287116427352885,,1,True
real_00077,L58nCKZFfwM_15_0to221.mp4,F:\MEngDatasets\AIGVDBench\videos\Real\Real\videos\L58nCKZFfwM_15_0to221.mp4,0,real,Real,,Real,0.8238518400175963,5.36968291460956e-06,0.41192860485025545,,0,True
real_00078,68hpMUdn5ZE_0_0to115.mp4,F:\MEngDatasets\AIGVDBench\videos\Real\Real\videos\68hpMUdn5ZE_0_0to115.mp4,0,real,Real,,Real,9.43430683544215e-11,0.0720770093661482,0.03603850473024564,,0,True
real_00079,TUWLm9fR2qY_17_0to102.mp4,F:\MEngDatasets\AIGVDBench\videos\Real\Real\videos\TUWLm9fR2qY_17_0to102.mp4,0,real,Real,,Real,0.1658847895641955,0.39452538459251324,0.28020508707835434,,0,True
real_00080,FVvUiMTYXJA_93_0to109.mp4,F:\MEngDatasets\AIGVDBench\videos\Real\Real\videos\FVvUiMTYXJA_93_0to109.mp4,0,real,Real,,Real,4.686754149954427e-10,0.0015143020560808515,0.0007571512623781333,,0,True
real_00081,_t3Y3Xp3-6w_18_0to134.mp4,F:\MEngDatasets\AIGVDBench\videos\Real\Real\videos\_t3Y3Xp3-6w_18_0to134.mp4,0,real,Real,,Real,2.176923404885976e-09,0.014734923977368142,0.007367463077145774,,0,True
fake_00093,y3vyO-025CI_3_0to339.mp4,F:\MEngDatasets\AIGVDBench\videos\OpenSource\V2V\LTX\videos\y3vyO-025CI_3_0to339.mp4,1,fake,OpenSource,V2V,OpenSource_V2V_LTX,0.00472509541305044,0.07545828127622371,0.040091688344637076,,0,False
real_00082,r-DzbTILA-k_15_0to173.mp4,F:\MEngDatasets\AIGVDBench\videos\Real\Real\videos\r-DzbTILA-k_15_0to173.mp4,0,real,Real,,Real,2.2417137761354677e-07,0.0830596781667241,0.04152995116905086,,0,True
real_00083,bWfMuy56LmU_4_54to261.mp4,F:\MEngDatasets\AIGVDBench\videos\Real\Real\videos\bWfMuy56LmU_4_54to261.mp4,0,real,Real,,Real,2.1457381082381588e-10,0.0002821500242584844,0.0001410751194161476,,0,True
real_00084,XdQO4o-tdBI_8_29to266.mp4,F:\MEngDatasets\AIGVDBench\videos\Real\Real\videos\XdQO4o-tdBI_8_29to266.mp4,0,real,Real,,Real,6.260333005572889e-10,0.13866950103159373,0.06933475082881352,,0,True
real_00085,RiwfiO6Wh1I_4_0to117.mp4,F:\MEngDatasets\AIGVDBench\videos\Real\Real\videos\RiwfiO6Wh1I_4_0to117.mp4,0,real,Real,,Real,5.55426001580539e-08,0.021088824325846207,0.010544439934223182,,0,True
fake_00094,o82SKvbybvY_14_104to700.mp4,F:\MEngDatasets\AIGVDBench\videos\OpenSource\T2V\LTX\videos\o82SKvbybvY_14_104to700.mp4,1,fake,OpenSource,T2V,OpenSource_T2V_LTX,0.5076284073293209,0.0016371911091172995,0.2546327992192191,,0,False
fake_00095,o82SKvbybvY_14_104to700.mp4,F:\MEngDatasets\AIGVDBench\videos\OpenSource\T2V\AnimateDiff\home\lma\Benchmark\bench\opensource\T2V\AnimateDiff\videos\o82SKvbybvY_14_104to700.mp4,1,fake,OpenSource,T2V,OpenSource_T2V_AnimateDiff,1.0,0.2794089384833569,0.6397044692416785,,1,True
real_00086,OXDxv3c5j1w_10_118to897.mp4,F:\MEngDatasets\AIGVDBench\videos\Real\Real\videos\OXDxv3c5j1w_10_118to897.mp4,0,real,Real,,Real,0.0007674274170312856,0.33560361084801116,0.16818551913252122,,0,True
fake_00096,02M4tj70Ju0_20_0to116.mp4,F:\MEngDatasets\AIGVDBench\videos\OpenSource\T2V\AccVideo\videos\02M4tj70Ju0_20_0to116.mp4,1,fake,OpenSource,T2V,OpenSource_T2V_AccVideo,1.0,0.0015538298904663069,0.5007769149452331,,1,True
real_00087,Kx0UQf8-4Uc_7_0to195.mp4,F:\MEngDatasets\AIGVDBench\videos\Real\Real\videos\Kx0UQf8-4Uc_7_0to195.mp4,0,real,Real,,Real,2.843442179623198e-08,0.08305247654706936,0.041526252490745576,,0,True
fake_00097,HlRfdCWGMzI_22_114to219.mp4,F:\MEngDatasets\AIGVDBench\videos\OpenSource\I2V\LTX\videos\HlRfdCWGMzI_22_114to219.mp4,1,fake,OpenSource,I2V,OpenSource_I2V_LTX,0.002269599698138336,0.17492385783595335,0.08859672876704584,,0,False
fake_00098,02M4tj70Ju0_20_0to116.mp4,F:\MEngDatasets\AIGVDBench\videos\OpenSource\T2V\Open-Sora\videos\02M4tj70Ju0_20_0to116.mp4,1,fake,OpenSource,T2V,OpenSource_T2V_Open-Sora,0.0008169105158231105,1.5002303325130574e-17,0.0004084552579115627,,0,False
real_00088,nHoa0XBBQfA_5_0to185.mp4,F:\MEngDatasets\AIGVDBench\videos\Real\Real\videos\nHoa0XBBQfA_5_0to185.mp4,0,real,Real,,Real,1.7531970051859903e-07,0.3710538293816048,0.18552700235065267,,0,True
real_00089,5vTxKv9YCzA_85_58to274.mp4,F:\MEngDatasets\AIGVDBench\videos\Real\Real\videos\5vTxKv9YCzA_85_58to274.mp4,0,real,Real,,Real,3.86753001232476e-05,0.2597123349985301,0.12987550514932666,,0,True
real_00090,d7ifb-aEW7Q_56_0to140.mp4,F:\MEngDatasets\AIGVDBench\videos\Real\Real\videos\d7ifb-aEW7Q_56_0to140.mp4,0,real,Real,,Real,1.5493375007934477e-11,0.5330127158512672,0.2665063579333803,,0,True
fake_00099,90u26k64J9A_14_0to144.mp4,F:\MEngDatasets\AIGVDBench\videos\OpenSource\T2V\Wan2.1\videos\90u26k64J9A_14_0to144.mp4,1,fake,OpenSource,T2V,OpenSource_T2V_Wan2.1,1.0,0.8625098053831607,0.9312549026915804,,1,True
fake_00100,jet4_Hc5j8I_13_0to109.mp4,F:\MEngDatasets\AIGVDBench\videos\OpenSource\T2V\EasyAnimate\videos\jet4_Hc5j8I_13_0to109.mp4,1,fake,OpenSource,T2V,OpenSource_T2V_EasyAnimate,1.0,7.768665946935871e-08,0.5000000388433298,,1,True
fake_00101,QRYsvqSzYuE_43_455to1014.mp4,F:\MEngDatasets\AIGVDBench\videos\OpenSource\T2V\Wan2.1\videos\QRYsvqSzYuE_43_455to1014.mp4,1,fake,OpenSource,T2V,OpenSource_T2V_Wan2.1,0.9998755715787411,0.2825750570817981,0.6412253143302695,,1,True
fake_00102,Vh2cObLYHJ8_13_0to496.mp4,F:\MEngDatasets\AIGVDBench\videos\OpenSource\T2V\Open-Sora\videos\Vh2cObLYHJ8_13_0to496.mp4,1,fake,OpenSource,T2V,OpenSource_T2V_Open-Sora,0.9958354644477367,3.346409629146694e-19,0.49791773222386837,,0,False
fake_00103,jty7y2KedUE_23_0to259.mp4,F:\MEngDatasets\AIGVDBench\videos\OpenSource\T2V\AccVideo\videos\jty7y2KedUE_23_0to259.mp4,1,fake,OpenSource,T2V,OpenSource_T2V_AccVideo,0.999277226626873,0.8378411031017701,0.9185591648643215,,1,True
real_00091,4HLv8_TO5IE_13_0to174.mp4,F:\MEngDatasets\AIGVDBench\videos\Real\Real\videos\4HLv8_TO5IE_13_0to174.mp4,0,real,Real,,Real,1.9291821350053145e-11,0.2935109144789785,0.14675545724913516,,0,True
real_00092,r8u-6wQdM-A_26_0to234.mp4,F:\MEngDatasets\AIGVDBench\videos\Real\Real\videos\r8u-6wQdM-A_26_0to234.mp4,0,real,Real,,Real,4.4622440115861027e-11,0.002748748891641194,0.0013743744681318172,,0,True
real_00093,dgAFkFpHtFU_31_0to127.mp4,F:\MEngDatasets\AIGVDBench\videos\Real\Real\videos\dgAFkFpHtFU_31_0to127.mp4,0,real,Real,,Real,3.724590045563192e-05,2.174436967940022e-19,1.8622950227816068e-05,,0,True
real_00094,oTZsxZFAp70_2_133to366.mp4,F:\MEngDatasets\AIGVDBench\videos\Real\Real\videos\oTZsxZFAp70_2_133to366.mp4,0,real,Real,,Real,2.3324920001285723e-14,4.480165825406571e-08,2.2400840789492856e-08,,0,True
real_00095,Am7nVGuKnS4_2_0to168.mp4,F:\MEngDatasets\AIGVDBench\videos\Real\Real\videos\Am7nVGuKnS4_2_0to168.mp4,0,real,Real,,Real,3.594728008742167e-09,0.005685224919555877,0.0028426142571419425,,0,True
fake_00104,nhskgJQ5XMU_202_0to114.mp4,F:\MEngDatasets\AIGVDBench\videos\OpenSource\I2V\SVD\videos\nhskgJQ5XMU_202_0to114.mp4,1,fake,OpenSource,I2V,OpenSource_I2V_SVD,0.3644440622301772,5.134779568885572e-12,0.182222031117656,,0,False
real_00096,ssZ-df_jhQ0_44_0to157.mp4,F:\MEngDatasets\AIGVDBench\videos\Real\Real\videos\ssZ-df_jhQ0_44_0to157.mp4,0,real,Real,,Real,9.644130170675946e-09,0.004408809995203915,0.0022044098196670426,,0,True
real_00097,hzudjZ1dC7U_10_0to620.mp4,F:\MEngDatasets\AIGVDBench\videos\Real\Real\videos\hzudjZ1dC7U_10_0to620.mp4,0,real,Real,,Real,1.2672792273904498e-08,0.3419569143094122,0.17097846349110224,,0,True
fake_00105,smJlYSVS9Ds_340_112to226.mp4,F:\MEngDatasets\AIGVDBench\videos\OpenSource\I2V\LTX\videos\smJlYSVS9Ds_340_112to226.mp4,1,fake,OpenSource,I2V,OpenSource_I2V_LTX,0.9492317996919155,0.2434891807714545,0.596360490231685,,1,True
fake_00106,02M4tj70Ju0_20_0to116.mp4,F:\MEngDatasets\AIGVDBench\videos\OpenSource\T2V\AnimateDiff\home\lma\Benchmark\bench\opensource\T2V\AnimateDiff\videos\02M4tj70Ju0_20_0to116.mp4,1,fake,OpenSource,T2V,OpenSource_T2V_AnimateDiff,0.9999357536435127,0.73830376137048,0.8691197575069964,,1,True
fake_00107,r03AuoH00eM_5_399to542.mp4,F:\MEngDatasets\AIGVDBench\videos\OpenSource\I2V\Pyramid-Flow\videos\r03AuoH00eM_5_399to542.mp4,1,fake,OpenSource,I2V,OpenSource_I2V_Pyramid-Flow,1.496824403035557e-06,1.0582197825762783e-05,6.03951111439917e-06,,0,False
fake_00108,0BPQnk47p6M_2_55to191.mp4,F:\MEngDatasets\AIGVDBench\videos\OpenSource\T2V\Open-Sora\videos\0BPQnk47p6M_2_55to191.mp4,1,fake,OpenSource,T2V,OpenSource_T2V_Open-Sora,1.0794304259320597e-05,7.555078049242467e-18,5.3971521296640764e-06,,0,False
fake_00109,50KDhKUOrqI_57_294to582.mp4,F:\MEngDatasets\AIGVDBench\videos\OpenSource\I2V\SEINE\videos\50KDhKUOrqI_57_294to582.mp4,1,fake,OpenSource,I2V,OpenSource_I2V_SEINE,0.3995671726297587,1.5348500694015375e-11,0.1997835863225536,,0,False
real_00098,Jgegx5BH5xM_41_0to121.mp4,F:\MEngDatasets\AIGVDBench\videos\Real\Real\videos\Jgegx5BH5xM_41_0to121.mp4,0,real,Real,,Real,3.565043383174952e-07,1.8066715694592797e-10,1.7834250273722057e-07,,0,True
fake_00110,xPcAfdYCj5k_136_0to424.mp4,F:\MEngDatasets\AIGVDBench\videos\OpenSource\T2V\VideoCrafter\videos\xPcAfdYCj5k_136_0to424.mp4,1,fake,OpenSource,T2V,OpenSource_T2V_VideoCrafter,1.0,1.221981198747069e-09,0.5000000006109906,,1,True
real_00099,dXQSmGV-y4I_2_0to132.mp4,F:\MEngDatasets\AIGVDBench\videos\Real\Real\videos\dXQSmGV-y4I_2_0to132.mp4,0,real,Real,,Real,1.2122048632240423e-08,0.00017962230294087944,8.981721249475584e-05,,0,True
fake_00111,jet4_Hc5j8I_13_0to109.mp4,F:\MEngDatasets\AIGVDBench\videos\OpenSource\T2V\LTX\videos\jet4_Hc5j8I_13_0to109.mp4,1,fake,OpenSource,T2V,OpenSource_T2V_LTX,0.000497252005629889,0.013133199040857475,0.006815225523243682,,0,False
real_00100,HNad9oDp0uY_230_0to141.mp4,F:\MEngDatasets\AIGVDBench\videos\Real\Real\videos\HNad9oDp0uY_230_0to141.mp4,0,real,Real,,Real,1.612190882463655e-08,0.24621386533058112,0.12310694072624498,,0,True
real_00101,IFLdH8tEzF0_0_0to813.mp4,F:\MEngDatasets\AIGVDBench\videos\Real\Real\videos\IFLdH8tEzF0_0_0to813.mp4,0,real,Real,,Real,1.0520950270535845e-07,0.7229789301753045,0.36148951769240356,,0,True
fake_00112,NWYRv_MKaA8_10_24to132.mp4,F:\MEngDatasets\AIGVDBench\videos\OpenSource\T2V\Wan2.1\videos\NWYRv_MKaA8_10_24to132.mp4,1,fake,OpenSource,T2V,OpenSource_T2V_Wan2.1,1.0,0.00314998230665348,0.5015749911533267,,1,True
fake_00113,o82SKvbybvY_14_104to700.mp4,F:\MEngDatasets\AIGVDBench\videos\OpenSource\T2V\Open-Sora\videos\o82SKvbybvY_14_104to700.mp4,1,fake,OpenSource,T2V,OpenSource_T2V_Open-Sora,0.0001061964476321009,3.701992860327751e-16,5.309822381623555e-05,,0,False
fake_00114,guL5esGDFbk_11_0to163.mp4,F:\MEngDatasets\AIGVDBench\videos\OpenSource\T2V\AccVideo\videos\guL5esGDFbk_11_0to163.mp4,1,fake,OpenSource,T2V,OpenSource_T2V_AccVideo,0.0012787542472096902,2.6866112577859876e-06,0.0006407204292337381,,0,False
real_00102,GyhPEjXw1yA_5_0to107.mp4,F:\MEngDatasets\AIGVDBench\videos\Real\Real\videos\GyhPEjXw1yA_5_0to107.mp4,0,real,Real,,Real,8.586600788035303e-10,8.438438803916098e-09,4.648549441359814e-09,,0,True
fake_00115,y3vyO-025CI_3_0to339.mp4,F:\MEngDatasets\AIGVDBench\videos\OpenSource\T2V\AccVideo\videos\y3vyO-025CI_3_0to339.mp4,1,fake,OpenSource,T2V,OpenSource_T2V_AccVideo,1.0,0.01989835118682019,0.5099491755934101,,1,True
real_00103,V_9LGoLDPyY_10_0to595.mp4,F:\MEngDatasets\AIGVDBench\videos\Real\Real\videos\V_9LGoLDPyY_10_0to595.mp4,0,real,Real,,Real,3.331397618790838e-08,0.10637807641190734,0.053189054862941766,,0,True
fake_00116,r03AuoH00eM_5_399to542.mp4,F:\MEngDatasets\AIGVDBench\videos\OpenSource\T2V\VideoCrafter\videos\r03AuoH00eM_5_399to542.mp4,1,fake,OpenSource,T2V,OpenSource_T2V_VideoCrafter,1.0,3.024934416519245e-15,0.5000000000000016,,1,True
fake_00117,7TCW9wOxAWk_48_0to214.mp4,F:\MEngDatasets\AIGVDBench\videos\OpenSource\T2V\Cogvideox1.5\videos\7TCW9wOxAWk_48_0to214.mp4,1,fake,OpenSource,T2V,OpenSource_T2V_Cogvideox1.5,5.99780705243802e-05,0.027504108841637617,0.013782043456080998,,0,False
real_00104,b8SNtHukYiA_7_0to231.mp4,F:\MEngDatasets\AIGVDBench\videos\Real\Real\videos\b8SNtHukYiA_7_0to231.mp4,0,real,Real,,Real,0.00015714845846097336,0.3655487803441505,0.18285296440130575,,0,True
fake_00118,W5R52mgaBgk_13_85to215.mp4,F:\MEngDatasets\AIGVDBench\videos\OpenSource\T2V\EasyAnimate\videos\W5R52mgaBgk_13_85to215.mp4,1,fake,OpenSource,T2V,OpenSource_T2V_EasyAnimate,0.9418085440993309,0.005829874064713807,0.47381920908202235,,0,False
fake_00119,NWYRv_MKaA8_10_24to132.mp4,F:\MEngDatasets\AIGVDBench\videos\OpenSource\V2V\LTX\videos\NWYRv_MKaA8_10_24to132.mp4,1,fake,OpenSource,V2V,OpenSource_V2V_LTX,1.704732042334678e-08,0.0021120511960494863,0.0010560341216849548,,0,False
real_00105,LtXvZgnorTs_56_0to104.mp4,F:\MEngDatasets\AIGVDBench\videos\Real\Real\videos\LtXvZgnorTs_56_0to104.mp4,0,real,Real,,Real,3.7806109924876097e-06,0.0006180298773163921,0.0003109052441544399,,0,True
fake_00120,50KDhKUOrqI_57_294to582.mp4,F:\MEngDatasets\AIGVDBench\videos\OpenSource\T2V\RepVideo\videos\50KDhKUOrqI_57_294to582.mp4,1,fake,OpenSource,T2V,OpenSource_T2V_RepVideo,0.0004785219741663127,0.001007506816774395,0.0007430143954703539,,0,False
real_00106,o82SKvbybvY_14_104to700.mp4,F:\MEngDatasets\AIGVDBench\videos\Real\Real\videos\o82SKvbybvY_14_104to700.mp4,0,real,Real,,Real,7.713056531682451e-09,0.15775058448053594,0.07887529609679624,,0,True
fake_00121,vUVwNN47Uv0_7_1227to1461.mp4,F:\MEngDatasets\AIGVDBench\videos\OpenSource\I2V\LTX\videos\vUVwNN47Uv0_7_1227to1461.mp4,1,fake,OpenSource,I2V,OpenSource_I2V_LTX,0.27294798611165483,0.12510575183199155,0.1990268689718232,,0,False
real_00107,F_uI_R233XI_28_104to333.mp4,F:\MEngDatasets\AIGVDBench\videos\Real\Real\videos\F_uI_R233XI_28_104to333.mp4,0,real,Real,,Real,5.767915053672863e-09,0.06765889567851022,0.03382945072321263,,0,True
fake_00122,Vh2cObLYHJ8_13_0to496.mp4,F:\MEngDatasets\AIGVDBench\videos\OpenSource\T2V\VideoCrafter\videos\Vh2cObLYHJ8_13_0to496.mp4,1,fake,OpenSource,T2V,OpenSource_T2V_VideoCrafter,0.999999649822712,1.745890061247325e-11,0.49999982492008543,,0,False
fake_00123,0BPQnk47p6M_2_55to191.mp4,F:\MEngDatasets\AIGVDBench\videos\OpenSource\I2V\LTX\videos\0BPQnk47p6M_2_55to191.mp4,1,fake,OpenSource,I2V,OpenSource_I2V_LTX,4.972898386412794e-07,9.731024449383065e-15,2.486449241861519e-07,,0,False
real_00108,aIGHTfekBqE_169_0to103.mp4,F:\MEngDatasets\AIGVDBench\videos\Real\Real\videos\aIGHTfekBqE_169_0to103.mp4,0,real,Real,,Real,3.4505703480467885e-11,0.0026112895731554985,0.001305644803830601,,0,True
fake_00124,vUVwNN47Uv0_7_1227to1461.mp4,F:\MEngDatasets\AIGVDBench\videos\OpenSource\V2V\LTX\videos\vUVwNN47Uv0_7_1227to1461.mp4,1,fake,OpenSource,V2V,OpenSource_V2V_LTX,0.06314059457426424,0.5509519871623904,0.3070462908683273,,0,False
real_00109,2MhlyrpXayw_82_245to468.mp4,F:\MEngDatasets\AIGVDBench\videos\Real\Real\videos\2MhlyrpXayw_82_245to468.mp4,0,real,Real,,Real,2.6640396654015698e-08,1.437902415992756e-08,2.0509710406971627e-08,,0,True
fake_00125,NWYRv_MKaA8_10_24to132.mp4,F:\MEngDatasets\AIGVDBench\videos\OpenSource\I2V\SEINE\videos\NWYRv_MKaA8_10_24to132.mp4,1,fake,OpenSource,I2V,OpenSource_I2V_SEINE,0.5865926694823429,1.1703257228695743e-09,0.2932963353263343,,0,False
real_00110,YVxnWyjgdrU_1_0to104.mp4,F:\MEngDatasets\AIGVDBench\videos\Real\Real\videos\YVxnWyjgdrU_1_0to104.mp4,0,real,Real,,Real,1.0856378720828047e-07,0.06631028486989529,0.03315519671684125,,0,True
real_00111,Mkioc1jHbfE_0_0to242.mp4,F:\MEngDatasets\AIGVDBench\videos\Real\Real\videos\Mkioc1jHbfE_0_0to242.mp4,0,real,Real,,Real,3.116047795508059e-06,0.0010287654654773952,0.0005159407566364516,,0,True
real_00112,OcPIcSqetew_4_33to275.mp4,F:\MEngDatasets\AIGVDBench\videos\Real\Real\videos\OcPIcSqetew_4_33to275.mp4,0,real,Real,,Real,5.443105633752554e-08,0.8311182808130979,0.4155591676220771,,0,True
fake_00126,nhskgJQ5XMU_202_0to114.mp4,F:\MEngDatasets\AIGVDBench\videos\OpenSource\V2V\Cogvideox1.5\videos\nhskgJQ5XMU_202_0to114.mp4,1,fake,OpenSource,V2V,OpenSource_V2V_Cogvideox1.5,0.9076660899445415,0.06237855789397777,0.4850223239192596,,0,False
real_00113,pmUgNlHem8A_11_0to133.mp4,F:\MEngDatasets\AIGVDBench\videos\Real\Real\videos\pmUgNlHem8A_11_0to133.mp4,0,real,Real,,Real,1.2370764935543122e-05,0.04625968293620019,0.023136026850567867,,0,True
real_00114,gUeQlJzk1KI_18_0to182.mp4,F:\MEngDatasets\AIGVDBench\videos\Real\Real\videos\gUeQlJzk1KI_18_0to182.mp4,0,real,Real,,Real,0.0004212097505364742,0.12572747553236022,0.06307434264144834,,0,True
real_00115,4cvgTuAaMDM_1_0to181.mp4,F:\MEngDatasets\AIGVDBench\videos\Real\Real\videos\4cvgTuAaMDM_1_0to181.mp4,0,real,Real,,Real,1.7167302272688047e-05,0.2834911351454796,0.14175415122387613,,0,True
real_00116,PHbEXJGZBEA_4_0to299.mp4,F:\MEngDatasets\AIGVDBench\videos\Real\Real\videos\PHbEXJGZBEA_4_0to299.mp4,0,real,Real,,Real,5.484618542264761e-07,0.19099195620452855,0.0954962523331914,,0,True
fake_00127,y3vyO-025CI_3_0to339.mp4,F:\MEngDatasets\AIGVDBench\videos\OpenSource\I2V\EasyAnimate\videos\y3vyO-025CI_3_0to339.mp4,1,fake,OpenSource,I2V,OpenSource_I2V_EasyAnimate,0.9998619928956032,4.265921440089261e-09,0.4999309985807623,,0,False
fake_00128,jet4_Hc5j8I_13_0to109.mp4,F:\MEngDatasets\AIGVDBench\videos\OpenSource\T2V\IPOC\videos\jet4_Hc5j8I_13_0to109.mp4,1,fake,OpenSource,T2V,OpenSource_T2V_IPOC,0.9704842641949654,0.10116223205307809,0.5358232481240217,,1,True
real_00117,K-yJX0ekkc4_18_0to171.mp4,F:\MEngDatasets\AIGVDBench\videos\Real\Real\videos\K-yJX0ekkc4_18_0to171.mp4,0,real,Real,,Real,1.2505625939657206e-07,0.0003278579211936954,0.000163991488726546,,0,True
real_00118,m9ZSeb0n_1g_37_0to142.mp4,F:\MEngDatasets\AIGVDBench\videos\Real\Real\videos\m9ZSeb0n_1g_37_0to142.mp4,0,real,Real,,Real,4.5808665766722955e-07,0.03882464390257267,0.01941255099461517,,0,True
real_00119,UzC6wrrVAm4_20_30to430.mp4,F:\MEngDatasets\AIGVDBench\videos\Real\Real\videos\UzC6wrrVAm4_20_30to430.mp4,0,real,Real,,Real,1.6116873480021e-05,0.7291159965097904,0.3645660566916352,,0,True
real_00120,xLkHEZTSeoU_22_18to143.mp4,F:\MEngDatasets\AIGVDBench\videos\Real\Real\videos\xLkHEZTSeoU_22_18to143.mp4,0,real,Real,,Real,0.08600986007513711,0.07171475814745538,0.07886230911129624,,0,True
real_00121,pY5vMP2zC98_0_0to181.mp4,F:\MEngDatasets\AIGVDBench\videos\Real\Real\videos\pY5vMP2zC98_0_0to181.mp4,0,real,Real,,Real,3.0496194828861893e-09,0.2758444840806798,0.13792224356514965,,0,True
real_00122,-SUfEy_6Q2k_23_96to594.mp4,F:\MEngDatasets\AIGVDBench\videos\Real\Real\videos\-SUfEy_6Q2k_23_96to594.mp4,0,real,Real,,Real,0.037594282625626925,0.0009353133763734674,0.019264798001000196,,0,True
real_00123,dAoeNx2Qdh0_10_66to170.mp4,F:\MEngDatasets\AIGVDBench\videos\Real\Real\videos\dAoeNx2Qdh0_10_66to170.mp4,0,real,Real,,Real,2.0021100962004656e-09,0.12247612638837353,0.06123806419524182,,0,True
fake_00129,gcgj6G8r-IQ_28_24to180.mp4,F:\MEngDatasets\AIGVDBench\videos\OpenSource\V2V\LTX\videos\gcgj6G8r-IQ_28_24to180.mp4,1,fake,OpenSource,V2V,OpenSource_V2V_LTX,0.1252039634855464,0.5268497442516188,0.3260268538685826,,0,False
fake_00130,y3vyO-025CI_3_0to339.mp4,F:\MEngDatasets\AIGVDBench\videos\OpenSource\T2V\IPOC\videos\y3vyO-025CI_3_0to339.mp4,1,fake,OpenSource,T2V,OpenSource_T2V_IPOC,1.0,0.4480128789010147,0.7240064394505074,,1,True
fake_00131,vUVwNN47Uv0_7_1227to1461.mp4,F:\MEngDatasets\AIGVDBench\videos\OpenSource\T2V\RepVideo\videos\vUVwNN47Uv0_7_1227to1461.mp4,1,fake,OpenSource,T2V,OpenSource_T2V_RepVideo,0.6941894390620291,0.34639427765168873,0.520291858356859,,1,True
real_00124,etvI7eOGcBQ_4_0to577.mp4,F:\MEngDatasets\AIGVDBench\videos\Real\Real\videos\etvI7eOGcBQ_4_0to577.mp4,0,real,Real,,Real,3.655006038091879e-06,5.867645598546568e-05,3.116573101177878e-05,,0,True
real_00125,q7bO_JMnLuk_28_0to136.mp4,F:\MEngDatasets\AIGVDBench\videos\Real\Real\videos\q7bO_JMnLuk_28_0to136.mp4,0,real,Real,,Real,0.000867583592992105,4.9254059682664795e-09,0.0004337942591990366,,0,True
fake_00132,vUVwNN47Uv0_7_1227to1461.mp4,F:\MEngDatasets\AIGVDBench\videos\OpenSource\I2V\EasyAnimate\videos\vUVwNN47Uv0_7_1227to1461.mp4,1,fake,OpenSource,I2V,OpenSource_I2V_EasyAnimate,0.5808845407627814,1.6899477688150695e-05,0.29045072012023476,,0,False
fake_00133,gcgj6G8r-IQ_28_24to180.mp4,F:\MEngDatasets\AIGVDBench\videos\OpenSource\T2V\VideoCrafter\videos\gcgj6G8r-IQ_28_24to180.mp4,1,fake,OpenSource,T2V,OpenSource_T2V_VideoCrafter,0.999999962747097,8.691681372088532e-13,0.4999999813739831,,0,False
fake_00134,EHRI1gr4zik_3_323to481.mp4,F:\MEngDatasets\AIGVDBench\videos\OpenSource\T2V\VideoCrafter\videos\EHRI1gr4zik_3_323to481.mp4,1,fake,OpenSource,T2V,OpenSource_T2V_VideoCrafter,0.9999999180436134,1.5227558123184312e-14,0.4999999590218143,,0,False
real_00126,guL5esGDFbk_11_0to163.mp4,F:\MEngDatasets\AIGVDBench\videos\Real\Real\videos\guL5esGDFbk_11_0to163.mp4,0,real,Real,,Real,3.301189313917898e-16,2.4203496447732612e-05,1.2101748224031366e-05,,0,True
fake_00135,jty7y2KedUE_23_0to259.mp4,F:\MEngDatasets\AIGVDBench\videos\OpenSource\T2V\EasyAnimate\videos\jty7y2KedUE_23_0to259.mp4,1,fake,OpenSource,T2V,OpenSource_T2V_EasyAnimate,0.9762287549674511,1.3083100568020335e-05,0.48812091903400956,,0,False
real_00127,Nd8y0oRy0e4_14_59to168.mp4,F:\MEngDatasets\AIGVDBench\videos\Real\Real\videos\Nd8y0oRy0e4_14_59to168.mp4,0,real,Real,,Real,3.2200993642372833e-09,0.2903607712437709,0.14518038723193513,,0,True
real_00128,t2e1xOcGpDc_47_24to178.mp4,F:\MEngDatasets\AIGVDBench\videos\Real\Real\videos\t2e1xOcGpDc_47_24to178.mp4,0,real,Real,,Real,1.6427574513373788e-10,0.006540898945483302,0.0032704495548795233,,0,True
real_00129,VpmmpSW8sBA_9_352to461.mp4,F:\MEngDatasets\AIGVDBench\videos\Real\Real\videos\VpmmpSW8sBA_9_352to461.mp4,0,real,Real,,Real,0.016748753559845397,0.0006929390407007983,0.008720846300273097,,0,True
real_00130,DowgTXvI580_7_0to138.mp4,F:\MEngDatasets\AIGVDBench\videos\Real\Real\videos\DowgTXvI580_7_0to138.mp4,0,real,Real,,Real,1.3960975387306007e-05,0.2540836622105417,0.1270488115929645,,0,True
fake_00136,xPcAfdYCj5k_136_0to424.mp4,F:\MEngDatasets\AIGVDBench\videos\OpenSource\T2V\Pyramid-Flow\videos\xPcAfdYCj5k_136_0to424.mp4,1,fake,OpenSource,T2V,OpenSource_T2V_Pyramid-Flow,0.26347058372857646,1.5570616334402177e-10,0.1317352919421413,,0,False
fake_00137,QRYsvqSzYuE_43_455to1014.mp4,F:\MEngDatasets\AIGVDBench\videos\OpenSource\T2V\IPOC\videos\QRYsvqSzYuE_43_455to1014.mp4,1,fake,OpenSource,T2V,OpenSource_T2V_IPOC,0.9993484616279602,0.4456214728724869,0.7224849672502236,,1,True
real_00131,bJ-ISoSXxD0_5_35to137.mp4,F:\MEngDatasets\AIGVDBench\videos\Real\Real\videos\bJ-ISoSXxD0_5_35to137.mp4,0,real,Real,,Real,0.016807164202873537,0.0001514176512046106,0.008479290927039074,,0,True
fake_00138,jty7y2KedUE_23_0to259.mp4,F:\MEngDatasets\AIGVDBench\videos\OpenSource\I2V\VideoCrafter\videos\jty7y2KedUE_23_0to259.mp4,1,fake,OpenSource,I2V,OpenSource_I2V_VideoCrafter,0.9821011386811733,2.393707250938091e-15,0.4910505693405879,,0,False
real_00132,rnS-H_4fjMk_53_0to131.mp4,F:\MEngDatasets\AIGVDBench\videos\Real\Real\videos\rnS-H_4fjMk_53_0to131.mp4,0,real,Real,,Real,5.941103112978472e-06,0.010709727940785544,0.005357834521949261,,0,True
real_00133,dNBxy8VuvC4_17_0to108.mp4,F:\MEngDatasets\AIGVDBench\videos\Real\Real\videos\dNBxy8VuvC4_17_0to108.mp4,0,real,Real,,Real,6.6057480214108344e-09,5.338835717717909e-05,2.669748146260025e-05,,0,True
real_00134,IGOCCo_tTsQ_1_18to311.mp4,F:\MEngDatasets\AIGVDBench\videos\Real\Real\videos\IGOCCo_tTsQ_1_18to311.mp4,0,real,Real,,Real,2.573243702452821e-06,0.1458329788614113,0.07291777605255688,,0,True
fake_00139,NWYRv_MKaA8_10_24to132.mp4,F:\MEngDatasets\AIGVDBench\videos\OpenSource\T2V\VideoCrafter\videos\NWYRv_MKaA8_10_24to132.mp4,1,fake,OpenSource,T2V,OpenSource_T2V_VideoCrafter,0.9999909996986389,2.942269013244831e-12,0.4999954998507906,,0,False
real_00135,Gf5_NXL7ZUk_82_16to138.mp4,F:\MEngDatasets\AIGVDBench\videos\Real\Real\videos\Gf5_NXL7ZUk_82_16to138.mp4,0,real,Real,,Real,4.123121623036334e-15,0.0001831244443573835,9.15622221807533e-05,,0,True
fake_00140,QRYsvqSzYuE_43_455to1014.mp4,F:\MEngDatasets\AIGVDBench\videos\OpenSource\I2V\EasyAnimate\videos\QRYsvqSzYuE_43_455to1014.mp4,1,fake,OpenSource,I2V,OpenSource_I2V_EasyAnimate,0.9999887198209763,1.8684136138693782e-06,0.49999529411729504,,0,False
real_00136,W5R52mgaBgk_13_85to215.mp4,F:\MEngDatasets\AIGVDBench\videos\Real\Real\videos\W5R52mgaBgk_13_85to215.mp4,0,real,Real,,Real,2.673321366007935e-06,0.4265628362408734,0.2132827547811197,,0,True
real_00137,6TQAiymtBQg_9_27to154.mp4,F:\MEngDatasets\AIGVDBench\videos\Real\Real\videos\6TQAiymtBQg_9_27to154.mp4,0,real,Real,,Real,5.554815663994054e-09,0.1996048602313825,0.09980243289309908,,0,True
fake_00141,4cvgTuAaMDM_1_0to181.mp4,F:\MEngDatasets\AIGVDBench\videos\OpenSource\I2V\SVD\videos\4cvgTuAaMDM_1_0to181.mp4,1,fake,OpenSource,I2V,OpenSource_I2V_SVD,0.9800738729536533,3.8357275976206527e-13,0.49003693647701846,,0,False
real_00138,ochW9SHXtso_41_0to228.mp4,F:\MEngDatasets\AIGVDBench\videos\Real\Real\videos\ochW9SHXtso_41_0to228.mp4,0,real,Real,,Real,1.7527328783229629e-09,0.0003499142162996227,0.0001749579845162505,,0,True
fake_00142,7TCW9wOxAWk_48_0to214.mp4,F:\MEngDatasets\AIGVDBench\videos\OpenSource\T2V\IPOC\videos\7TCW9wOxAWk_48_0to214.mp4,1,fake,OpenSource,T2V,OpenSource_T2V_IPOC,0.9997588098049164,0.028657791343033447,0.5142083005739749,,1,True
fake_00143,bG8EwSG8Hh4_1_0to149.mp4,F:\MEngDatasets\AIGVDBench\videos\OpenSource\I2V\SEINE\videos\bG8EwSG8Hh4_1_0to149.mp4,1,fake,OpenSource,I2V,OpenSource_I2V_SEINE,0.43910636511952816,2.3418896265081154e-10,0.21955318267685855,,0,False
fake_00144,EHRI1gr4zik_3_323to481.mp4,F:\MEngDatasets\AIGVDBench\videos\OpenSource\T2V\IPOC\videos\EHRI1gr4zik_3_323to481.mp4,1,fake,OpenSource,T2V,OpenSource_T2V_IPOC,0.9996931031346321,0.06425545661955993,0.531974279877096,,1,True
real_00139,dUDS7EiZf7k_21_143to343.mp4,F:\MEngDatasets\AIGVDBench\videos\Real\Real\videos\dUDS7EiZf7k_21_143to343.mp4,0,real,Real,,Real,0.6095548617153099,1.6147073304814107e-10,0.3047774309383903,,0,True
real_00140,XX2qUA41HME_42_0to183.mp4,F:\MEngDatasets\AIGVDBench\videos\Real\Real\videos\XX2qUA41HME_42_0to183.mp4,0,real,Real,,Real,1.1982158522354973e-09,0.04257214387440702,0.021286072536311436,,0,True
real_00141,m_uowp9xlpY_6_0to628.mp4,F:\MEngDatasets\AIGVDBench\videos\Real\Real\videos\m_uowp9xlpY_6_0to628.mp4,0,real,Real,,Real,0.0020233684200778868,0.11177491367470277,0.05689914104739033,,0,True
fake_00145,90u26k64J9A_14_0to144.mp4,F:\MEngDatasets\AIGVDBench\videos\OpenSource\T2V\Cogvideox1.5\videos\90u26k64J9A_14_0to144.mp4,1,fake,OpenSource,T2V,OpenSource_T2V_Cogvideox1.5,1.0,5.667991784644837e-05,0.5000283399589233,,1,True
real_00142,jaO9L0MTRbU_17_45to170.mp4,F:\MEngDatasets\AIGVDBench\videos\Real\Real\videos\jaO9L0MTRbU_17_45to170.mp4,0,real,Real,,Real,0.03435768254234972,0.07480795578798573,0.054582819165167724,,0,True
real_00143,VDEJIm93giE_6_0to276.mp4,F:\MEngDatasets\AIGVDBench\videos\Real\Real\videos\VDEJIm93giE_6_0to276.mp4,0,real,Real,,Real,1.8788887549088996e-05,0.19884216769363736,0.09943047829059322,,0,True
real_00144,SCxn-lNP3KQ_24_17to216.mp4,F:\MEngDatasets\AIGVDBench\videos\Real\Real\videos\SCxn-lNP3KQ_24_17to216.mp4,0,real,Real,,Real,2.552470635894255e-09,1.3533631572041413e-09,1.9529168965491983e-09,,0,True
fake_00146,NWYRv_MKaA8_10_24to132.mp4,F:\MEngDatasets\AIGVDBench\videos\OpenSource\V2V\Cogvideox1.5\videos\NWYRv_MKaA8_10_24to132.mp4,1,fake,OpenSource,V2V,OpenSource_V2V_Cogvideox1.5,0.002087357673796506,0.05315907135374446,0.027623214513770485,,0,False
fake_00147,50KDhKUOrqI_57_294to582.mp4,F:\MEngDatasets\AIGVDBench\videos\OpenSource\T2V\Wan2.1\videos\50KDhKUOrqI_57_294to582.mp4,1,fake,OpenSource,T2V,OpenSource_T2V_Wan2.1,0.9995960518717766,0.000155479720960212,0.4998757657963684,,0,False
fake_00148,50KDhKUOrqI_57_294to582.mp4,F:\MEngDatasets\AIGVDBench\videos\OpenSource\T2V\IPOC\videos\50KDhKUOrqI_57_294to582.mp4,1,fake,OpenSource,T2V,OpenSource_T2V_IPOC,0.056520070909755304,0.00012326650945480277,0.028321668709605053,,0,False
fake_00149,HlRfdCWGMzI_22_114to219.mp4,F:\MEngDatasets\AIGVDBench\videos\OpenSource\I2V\EasyAnimate\videos\HlRfdCWGMzI_22_114to219.mp4,1,fake,OpenSource,I2V,OpenSource_I2V_EasyAnimate,0.9896924868226051,1.8691395505405558e-06,0.49484717798107786,,0,False
real_00145,IX-R6dEYWCs_17_0to517.mp4,F:\MEngDatasets\AIGVDBench\videos\Real\Real\videos\IX-R6dEYWCs_17_0to517.mp4,0,real,Real,,Real,1.0865822226317073e-05,0.05871402127242727,0.029362443547326797,,0,True
real_00146,oSz7b9vRxxg_43_257to492.mp4,F:\MEngDatasets\AIGVDBench\videos\Real\Real\videos\oSz7b9vRxxg_43_257to492.mp4,0,real,Real,,Real,6.468388784937763e-10,4.292779623095869e-05,2.1464221534918593e-05,,0,True
real_00147,4xSKhrsm3AM_9_170to456.mp4,F:\MEngDatasets\AIGVDBench\videos\Real\Real\videos\4xSKhrsm3AM_9_170to456.mp4,0,real,Real,,Real,4.766080443811542e-05,0.07769494416687008,0.0388713024856541,,0,True
fake_00150,smJlYSVS9Ds_340_112to226.mp4,F:\MEngDatasets\AIGVDBench\videos\OpenSource\T2V\Wan2.1\videos\smJlYSVS9Ds_340_112to226.mp4,1,fake,OpenSource,T2V,OpenSource_T2V_Wan2.1,1.0,0.5429858104615808,0.7714929052307904,,1,True
real_00148,abWRJCy3IPA_34_0to463.mp4,F:\MEngDatasets\AIGVDBench\videos\Real\Real\videos\abWRJCy3IPA_34_0to463.mp4,0,real,Real,,Real,2.123500591993347e-06,0.21947427292953073,0.10973819821506137,,0,True
real_00149,r03AuoH00eM_5_399to542.mp4,F:\MEngDatasets\AIGVDBench\videos\Real\Real\videos\r03AuoH00eM_5_399to542.mp4,0,real,Real,,Real,3.363791084961943e-14,2.012236115248417e-05,1.0061180593061041e-05,,0,True
real_00150,OpamzmJN6Jk_17_0to345.mp4,F:\MEngDatasets\AIGVDBench\videos\Real\Real\videos\OpamzmJN6Jk_17_0to345.mp4,0,real,Real,,Real,2.5244544418438494e-07,3.5532473230707596e-05,1.789245933744599e-05,,0,True
fake_00151,gcgj6G8r-IQ_28_24to180.mp4,F:\MEngDatasets\AIGVDBench\videos\OpenSource\I2V\LTX\videos\gcgj6G8r-IQ_28_24to180.mp4,1,fake,OpenSource,I2V,OpenSource_I2V_LTX,0.46491237776353955,0.5497368100681342,0.5073245939158368,,1,True
real_00151,27BG9R9vrZI_43_0to283.mp4,F:\MEngDatasets\AIGVDBench\videos\Real\Real\videos\27BG9R9vrZI_43_0to283.mp4,0,real,Real,,Real,3.1496388079928976e-05,0.16669616152803676,0.08336382895805834,,0,True
real_00152,NBELKvAWHsU_37_41to227.mp4,F:\MEngDatasets\AIGVDBench\videos\Real\Real\videos\NBELKvAWHsU_37_41to227.mp4,0,real,Real,,Real,0.0004284355943264817,0.04796435625044903,0.024196395922387755,,0,True
real_00153,IQlOhYM7uY4_4_0to242.mp4,F:\MEngDatasets\AIGVDBench\videos\Real\Real\videos\IQlOhYM7uY4_4_0to242.mp4,0,real,Real,,Real,0.06440793016372481,1.9701329926642524e-11,0.03220396509171307,,0,True
fake_00152,4cvgTuAaMDM_1_0to181.mp4,F:\MEngDatasets\AIGVDBench\videos\OpenSource\T2V\IPOC\videos\4cvgTuAaMDM_1_0to181.mp4,1,fake,OpenSource,T2V,OpenSource_T2V_IPOC,0.9999894574284554,0.21558847669252543,0.6077889670604903,,1,True
fake_00153,jet4_Hc5j8I_13_0to109.mp4,F:\MEngDatasets\AIGVDBench\videos\OpenSource\T2V\Wan2.1\videos\jet4_Hc5j8I_13_0to109.mp4,1,fake,OpenSource,T2V,OpenSource_T2V_Wan2.1,1.0,0.07267674950933249,0.5363383747546663,,1,True
real_00154,GoKXJNYNtuc_26_0to127.mp4,F:\MEngDatasets\AIGVDBench\videos\Real\Real\videos\GoKXJNYNtuc_26_0to127.mp4,0,real,Real,,Real,1.5724710549294696e-08,1.234869400744525e-06,6.252970556469099e-07,,0,True
fake_00154,HlRfdCWGMzI_22_114to219.mp4,F:\MEngDatasets\AIGVDBench\videos\OpenSource\I2V\SEINE\videos\HlRfdCWGMzI_22_114to219.mp4,1,fake,OpenSource,I2V,OpenSource_I2V_SEINE,0.5275557795539498,2.8311737778995556e-13,0.26377788977711647,,0,False
fake_00155,W5R52mgaBgk_13_85to215.mp4,F:\MEngDatasets\AIGVDBench\videos\OpenSource\T2V\Wan2.1\videos\W5R52mgaBgk_13_85to215.mp4,1,fake,OpenSource,T2V,OpenSource_T2V_Wan2.1,0.9999995976686478,0.665537771509273,0.8327686845889604,,1,True
fake_00156,90u26k64J9A_14_0to144.mp4,F:\MEngDatasets\AIGVDBench\videos\OpenSource\I2V\Pyramid-Flow\videos\90u26k64J9A_14_0to144.mp4,1,fake,OpenSource,I2V,OpenSource_I2V_Pyramid-Flow,0.0002785695839406799,7.861372885351068e-05,0.00017859165639709529,,0,False
fake_00157,vUVwNN47Uv0_7_1227to1461.mp4,F:\MEngDatasets\AIGVDBench\videos\OpenSource\I2V\SEINE\videos\vUVwNN47Uv0_7_1227to1461.mp4,1,fake,OpenSource,I2V,OpenSource_I2V_SEINE,0.48541760511216125,2.197563378219582e-08,0.2427088135438975,,0,False
fake_00158,guL5esGDFbk_11_0to163.mp4,F:\MEngDatasets\AIGVDBench\videos\OpenSource\I2V\LTX\videos\guL5esGDFbk_11_0to163.mp4,1,fake,OpenSource,I2V,OpenSource_I2V_LTX,7.106123319575135e-14,1.6038727446133237e-06,8.019364078372784e-07,,0,False
fake_00159,jty7y2KedUE_23_0to259.mp4,F:\MEngDatasets\AIGVDBench\videos\OpenSource\I2V\SEINE\videos\jty7y2KedUE_23_0to259.mp4,1,fake,OpenSource,I2V,OpenSource_I2V_SEINE,0.2156903714863745,1.46324979254601e-15,0.10784518574318798,,0,False
fake_00160,r03AuoH00eM_5_399to542.mp4,F:\MEngDatasets\AIGVDBench\videos\OpenSource\T2V\Cogvideox1.5\videos\r03AuoH00eM_5_399to542.mp4,1,fake,OpenSource,T2V,OpenSource_T2V_Cogvideox1.5,0.8578589968383312,0.055723955171989734,0.45679147600516046,,0,False
real_00155,-rXf8vEMpFI_16_456to659.mp4,F:\MEngDatasets\AIGVDBench\videos\Real\Real\videos\-rXf8vEMpFI_16_456to659.mp4,0,real,Real,,Real,5.7119374653746835e-08,0.004732759311271738,0.002366408215323196,,0,True
real_00156,JwYPVbnqU-s_8_0to798.mp4,F:\MEngDatasets\AIGVDBench\videos\Real\Real\videos\JwYPVbnqU-s_8_0to798.mp4,0,real,Real,,Real,0.020537011684021396,0.008384562378120962,0.01446078703107118,,0,True
real_00157,FQDZEktkqvc_35_0to116.mp4,F:\MEngDatasets\AIGVDBench\videos\Real\Real\videos\FQDZEktkqvc_35_0to116.mp4,0,real,Real,,Real,6.034315720715444e-09,0.13243383796136973,0.06621692199784272,,0,True
real_00158,1MCMHvAcrZg_26_0to135.mp4,F:\MEngDatasets\AIGVDBench\videos\Real\Real\videos\1MCMHvAcrZg_26_0to135.mp4,0,real,Real,,Real,1.9066343823204157e-08,0.27577077899081054,0.1378853990285772,,0,True
fake_00161,4cvgTuAaMDM_1_0to181.mp4,F:\MEngDatasets\AIGVDBench\videos\OpenSource\T2V\EasyAnimate\videos\4cvgTuAaMDM_1_0to181.mp4,1,fake,OpenSource,T2V,OpenSource_T2V_EasyAnimate,1.0,3.183434442471044e-06,0.5000015917172212,,1,True
real_00159,IDUim1Cqloo_7_0to162.mp4,F:\MEngDatasets\AIGVDBench\videos\Real\Real\videos\IDUim1Cqloo_7_0to162.mp4,0,real,Real,,Real,5.082721860424605e-09,2.906492058700749e-05,1.4535001654433959e-05,,0,True
real_00160,v1EPNGKcbJQ_24_19to133.mp4,F:\MEngDatasets\AIGVDBench\videos\Real\Real\videos\v1EPNGKcbJQ_24_19to133.mp4,0,real,Real,,Real,2.2037007920694407e-06,0.5619439922777626,0.28097309798927733,,0,True
real_00161,Q0gOJn0jekU_59_357to589.mp4,F:\MEngDatasets\AIGVDBench\videos\Real\Real\videos\Q0gOJn0jekU_59_357to589.mp4,0,real,Real,,Real,0.00012302572053157768,0.018806121163591698,0.009464573442061638,,0,True
real_00162,0qBtDxT6Wow_7_0to123.mp4,F:\MEngDatasets\AIGVDBench\videos\Real\Real\videos\0qBtDxT6Wow_7_0to123.mp4,0,real,Real,,Real,7.874320999211129e-13,2.6546904655763058e-05,1.327345272159758e-05,,0,True
fake_00162,4cvgTuAaMDM_1_0to181.mp4,F:\MEngDatasets\AIGVDBench\videos\OpenSource\I2V\VideoCrafter\videos\4cvgTuAaMDM_1_0to181.mp4,1,fake,OpenSource,I2V,OpenSource_I2V_VideoCrafter,1.0,1.6663859385875928e-10,0.5000000000833194,,1,True
fake_00163,o82SKvbybvY_14_104to700.mp4,F:\MEngDatasets\AIGVDBench\videos\OpenSource\T2V\IPOC\videos\o82SKvbybvY_14_104to700.mp4,1,fake,OpenSource,T2V,OpenSource_T2V_IPOC,0.9996043145656586,0.06356235231312864,0.5315833334393936,,1,True
fake_00164,jty7y2KedUE_23_0to259.mp4,F:\MEngDatasets\AIGVDBench\videos\OpenSource\I2V\EasyAnimate\videos\jty7y2KedUE_23_0to259.mp4,1,fake,OpenSource,I2V,OpenSource_I2V_EasyAnimate,0.9242770951241255,3.352848390111117e-05,0.4621553118040133,,0,False
real_00163,gpPbugLgG2Q_19_0to338.mp4,F:\MEngDatasets\AIGVDBench\videos\Real\Real\videos\gpPbugLgG2Q_19_0to338.mp4,0,real,Real,,Real,3.085951104408232e-09,0.24719569692764937,0.12359785000680024,,0,True
real_00164,UNDddGy_NZ4_19_0to125.mp4,F:\MEngDatasets\AIGVDBench\videos\Real\Real\videos\UNDddGy_NZ4_19_0to125.mp4,0,real,Real,,Real,7.68715605357689e-12,0.0005978007211599169,0.0002989003644235365,,0,True
fake_00165,0BPQnk47p6M_2_55to191.mp4,F:\MEngDatasets\AIGVDBench\videos\OpenSource\T2V\Cogvideox1.5\videos\0BPQnk47p6M_2_55to191.mp4,1,fake,OpenSource,T2V,OpenSource_T2V_Cogvideox1.5,0.0008667123802297283,3.8297008602087114e-13,0.0004333561903063492,,0,False
real_00165,nuy5PIjuQ6k_95_0to203.mp4,F:\MEngDatasets\AIGVDBench\videos\Real\Real\videos\nuy5PIjuQ6k_95_0to203.mp4,0,real,Real,,Real,0.0009629256190087365,0.04639973391525334,0.023681329767131037,,0,True
fake_00166,4cvgTuAaMDM_1_0to181.mp4,F:\MEngDatasets\AIGVDBench\videos\OpenSource\T2V\Cogvideox1.5\videos\4cvgTuAaMDM_1_0to181.mp4,1,fake,OpenSource,T2V,OpenSource_T2V_Cogvideox1.5,0.5356564248213544,0.0005052071452684196,0.26808081598331146,,0,False
real_00166,jQ-ljwdpAEE_18_0to718.mp4,F:\MEngDatasets\AIGVDBench\videos\Real\Real\videos\jQ-ljwdpAEE_18_0to718.mp4,0,real,Real,,Real,2.2428936699643207e-10,0.155984896205094,0.07799244821469169,,0,True
fake_00167,EHRI1gr4zik_3_323to481.mp4,F:\MEngDatasets\AIGVDBench\videos\OpenSource\T2V\Cogvideox1.5\videos\EHRI1gr4zik_3_323to481.mp4,1,fake,OpenSource,T2V,OpenSource_T2V_Cogvideox1.5,0.9126132875680923,0.05221810448128963,0.482415696024691,,0,False
fake_00168,Vh2cObLYHJ8_13_0to496.mp4,F:\MEngDatasets\AIGVDBench\videos\OpenSource\I2V\VideoCrafter\videos\Vh2cObLYHJ8_13_0to496.mp4,1,fake,OpenSource,I2V,OpenSource_I2V_VideoCrafter,0.4708891921909526,6.163955318498154e-15,0.23544459609547938,,0,False
real_00167,NWYRv_MKaA8_10_24to132.mp4,F:\MEngDatasets\AIGVDBench\videos\Real\Real\videos\NWYRv_MKaA8_10_24to132.mp4,0,real,Real,,Real,2.873378946832609e-09,0.002006317929348215,0.0010031604013635807,,0,True
real_00168,ABp98mmiX8g_24_0to185.mp4,F:\MEngDatasets\AIGVDBench\videos\Real\Real\videos\ABp98mmiX8g_24_0to185.mp4,0,real,Real,,Real,1.307917068919318e-16,3.1608032843820353e-07,1.580401642844976e-07,,0,True
fake_00169,jty7y2KedUE_23_0to259.mp4,F:\MEngDatasets\AIGVDBench\videos\OpenSource\T2V\Cogvideox1.5\videos\jty7y2KedUE_23_0to259.mp4,1,fake,OpenSource,T2V,OpenSource_T2V_Cogvideox1.5,0.034155286477471236,0.09309183365524697,0.06362356006635911,,0,False
fake_00170,EHRI1gr4zik_3_323to481.mp4,F:\MEngDatasets\AIGVDBench\videos\OpenSource\I2V\LTX\videos\EHRI1gr4zik_3_323to481.mp4,1,fake,OpenSource,I2V,OpenSource_I2V_LTX,0.8412961699068546,0.07554388441255742,0.45842002715970603,,0,False
fake_00171,EHRI1gr4zik_3_323to481.mp4,F:\MEngDatasets\AIGVDBench\videos\OpenSource\T2V\Pyramid-Flow\videos\EHRI1gr4zik_3_323to481.mp4,1,fake,OpenSource,T2V,OpenSource_T2V_Pyramid-Flow,0.9999992474913597,8.33902588795109e-07,0.5000000406969742,,1,True
fake_00172,r03AuoH00eM_5_399to542.mp4,F:\MEngDatasets\AIGVDBench\videos\OpenSource\I2V\LTX\videos\r03AuoH00eM_5_399to542.mp4,1,fake,OpenSource,I2V,OpenSource_I2V_LTX,2.1189814514849248e-06,4.964365251091837e-05,2.5881316981201648e-05,,0,False
real_00169,Z92LMTR0fhw_27_0to371.mp4,F:\MEngDatasets\AIGVDBench\videos\Real\Real\videos\Z92LMTR0fhw_27_0to371.mp4,0,real,Real,,Real,2.6534345321652282e-05,0.0003301827837164349,0.0001783585645190436,,0,True
real_00170,wnPqGM9wqWg_10_0to172.mp4,F:\MEngDatasets\AIGVDBench\videos\Real\Real\videos\wnPqGM9wqWg_10_0to172.mp4,0,real,Real,,Real,0.046801653178135894,0.6914919828074441,0.36914681799279,,0,True
real_00171,KR62f4KtLdo_40_0to371.mp4,F:\MEngDatasets\AIGVDBench\videos\Real\Real\videos\KR62f4KtLdo_40_0to371.mp4,0,real,Real,,Real,3.1231353219261775e-07,0.0011859222081533833,0.0005931172608427879,,0,True
real_00172,RNFbU-LRIgg_13_0to134.mp4,F:\MEngDatasets\AIGVDBench\videos\Real\Real\videos\RNFbU-LRIgg_13_0to134.mp4,0,real,Real,,Real,0.000688729093056395,7.014132653590521e-06,0.00034787161285499275,,0,True
real_00173,qwQDOBqaXrU_60_54to254.mp4,F:\MEngDatasets\AIGVDBench\videos\Real\Real\videos\qwQDOBqaXrU_60_54to254.mp4,0,real,Real,,Real,1.5048189871968987e-07,0.05456774591995743,0.027283948200928075,,0,True
real_00174,3sN2lrkabII_75_0to194.mp4,F:\MEngDatasets\AIGVDBench\videos\Real\Real\videos\3sN2lrkabII_75_0to194.mp4,0,real,Real,,Real,0.0018119102225604422,0.20064246148347895,0.1012271858530197,,0,True
fake_00173,o82SKvbybvY_14_104to700.mp4,F:\MEngDatasets\AIGVDBench\videos\OpenSource\I2V\Pyramid-Flow\videos\o82SKvbybvY_14_104to700.mp4,1,fake,OpenSource,I2V,OpenSource_I2V_Pyramid-Flow,0.007097752491517895,1.9533190417704502e-08,0.003548886012354156,,0,False
fake_00174,4cvgTuAaMDM_1_0to181.mp4,F:\MEngDatasets\AIGVDBench\videos\OpenSource\T2V\VideoCrafter\videos\4cvgTuAaMDM_1_0to181.mp4,1,fake,OpenSource,T2V,OpenSource_T2V_VideoCrafter,0.9999850988388062,6.985293795722384e-13,0.49999254941975235,,0,False
real_00175,5wWRP-YvHOo_18_99to221.mp4,F:\MEngDatasets\AIGVDBench\videos\Real\Real\videos\5wWRP-YvHOo_18_99to221.mp4,0,real,Real,,Real,0.0028083014118465144,0.08438468188135934,0.043596491646602925,,0,True
fake_00175,y3vyO-025CI_3_0to339.mp4,F:\MEngDatasets\AIGVDBench\videos\OpenSource\T2V\Wan2.1\videos\y3vyO-025CI_3_0to339.mp4,1,fake,OpenSource,T2V,OpenSource_T2V_Wan2.1,1.0,1.6010768001312348e-06,0.5000008005384,,1,True
real_00176,X1lI_SIFsBI_12_87to238.mp4,F:\MEngDatasets\AIGVDBench\videos\Real\Real\videos\X1lI_SIFsBI_12_87to238.mp4,0,real,Real,,Real,0.010894778504914741,3.4203092872973257e-07,0.005447560267921736,,0,True
real_00177,GOTo1I2YK4o_22_0to124.mp4,F:\MEngDatasets\AIGVDBench\videos\Real\Real\videos\GOTo1I2YK4o_22_0to124.mp4,0,real,Real,,Real,4.1626110746249205e-07,0.12231077736798206,0.06115559681454476,,0,True
fake_00176,02M4tj70Ju0_20_0to116.mp4,F:\MEngDatasets\AIGVDBench\videos\OpenSource\T2V\RepVideo\videos\02M4tj70Ju0_20_0to116.mp4,1,fake,OpenSource,T2V,OpenSource_T2V_RepVideo,1.0,0.1742028791648598,0.5871014395824299,,1,True
real_00178,a2cOE_CBbX4_37_0to138.mp4,F:\MEngDatasets\AIGVDBench\videos\Real\Real\videos\a2cOE_CBbX4_37_0to138.mp4,0,real,Real,,Real,9.431058650806696e-07,0.06647607755236462,0.03323851032911485,,0,True
real_00179,Xp7Xpe5K4fw_143_0to138.mp4,F:\MEngDatasets\AIGVDBench\videos\Real\Real\videos\Xp7Xpe5K4fw_143_0to138.mp4,0,real,Real,,Real,0.8787280717501744,0.9026252435830732,0.8906766576666238,,1,False
real_00180,JiMnA1Jos38_54_426to551.mp4,F:\MEngDatasets\AIGVDBench\videos\Real\Real\videos\JiMnA1Jos38_54_426to551.mp4,0,real,Real,,Real,2.969769540006606e-08,0.07377817519301703,0.03688910244535622,,0,True
real_00181,8E_EqVsYfKk_13_28to160.mp4,F:\MEngDatasets\AIGVDBench\videos\Real\Real\videos\8E_EqVsYfKk_13_28to160.mp4,0,real,Real,,Real,7.143516300800457e-05,0.05920118147187168,0.029636308317439842,,0,True
real_00182,cVXOomRcwbc_23_0to706.mp4,F:\MEngDatasets\AIGVDBench\videos\Real\Real\videos\cVXOomRcwbc_23_0to706.mp4,0,real,Real,,Real,7.51166519326221e-09,0.29010803615519287,0.14505402183342903,,0,True
real_00183,3ZMZsIn4B_U_2_0to109.mp4,F:\MEngDatasets\AIGVDBench\videos\Real\Real\videos\3ZMZsIn4B_U_2_0to109.mp4,0,real,Real,,Real,7.266087270973998e-06,0.06734975991965898,0.03367851300346498,,0,True
real_00184,s9R1LAyD1Xc_37_0to323.mp4,F:\MEngDatasets\AIGVDBench\videos\Real\Real\videos\s9R1LAyD1Xc_37_0to323.mp4,0,real,Real,,Real,1.754928072826567e-08,1.033933032729024e-07,6.047129200058404e-08,,0,True
real_00185,gecJ4L9Iz0Q_19_0to110.mp4,F:\MEngDatasets\AIGVDBench\videos\Real\Real\videos\gecJ4L9Iz0Q_19_0to110.mp4,0,real,Real,,Real,4.118225085114613e-07,0.2931958903291767,0.14659815107584262,,0,True
fake_00177,guL5esGDFbk_11_0to163.mp4,F:\MEngDatasets\AIGVDBench\videos\OpenSource\I2V\SEINE\videos\guL5esGDFbk_11_0to163.mp4,1,fake,OpenSource,I2V,OpenSource_I2V_SEINE,0.0007456580627231979,1.0918174187281575e-12,0.00037282903190750765,,0,False
real_00186,8h2VzhXzW78_8_0to136.mp4,F:\MEngDatasets\AIGVDBench\videos\Real\Real\videos\8h2VzhXzW78_8_0to136.mp4,0,real,Real,,Real,3.6950685923683687e-06,0.004805883543219162,0.002404789305905765,,0,True
real_00187,_jybBErIEz0_0_0to158.mp4,F:\MEngDatasets\AIGVDBench\videos\Real\Real\videos\_jybBErIEz0_0_0to158.mp4,0,real,Real,,Real,2.1916884946749477e-09,0.12368534073364555,0.061842671462667025,,0,True
real_00188,nfn4QVJ7d24_12_49to303.mp4,F:\MEngDatasets\AIGVDBench\videos\Real\Real\videos\nfn4QVJ7d24_12_49to303.mp4,0,real,Real,,Real,1.3745039879192733e-07,0.0060900824261339425,0.003045109938266367,,0,True
real_00189,59rVyli9rss_31_101to216.mp4,F:\MEngDatasets\AIGVDBench\videos\Real\Real\videos\59rVyli9rss_31_101to216.mp4,0,real,Real,,Real,6.066560950070762e-11,0.5686527219154717,0.2843263609880686,,0,True
fake_00178,QRYsvqSzYuE_43_455to1014.mp4,F:\MEngDatasets\AIGVDBench\videos\OpenSource\T2V\HunyuanVideo\videos\QRYsvqSzYuE_43_455to1014.mp4,1,fake,OpenSource,T2V,OpenSource_T2V_HunyuanVideo,0.9999998286366463,0.15645949806809464,0.5782296633523705,,1,True
real_00190,9aMid-fqDDI_15_0to201.mp4,F:\MEngDatasets\AIGVDBench\videos\Real\Real\videos\9aMid-fqDDI_15_0to201.mp4,0,real,Real,,Real,1.2191416017340306e-07,2.424519925788379e-06,1.273217042980891e-06,,0,True
real_00191,AVyiv6eJWq0_11_0to104.mp4,F:\MEngDatasets\AIGVDBench\videos\Real\Real\videos\AVyiv6eJWq0_11_0to104.mp4,0,real,Real,,Real,1.4755847258863305e-10,0.0013045363319607705,0.0006522682397596216,,0,True
fake_00179,o82SKvbybvY_14_104to700.mp4,F:\MEngDatasets\AIGVDBench\videos\OpenSource\T2V\Pyramid-Flow\videos\o82SKvbybvY_14_104to700.mp4,1,fake,OpenSource,T2V,OpenSource_T2V_Pyramid-Flow,0.9641910120844841,8.469639589889504e-09,0.4820955102770618,,0,False
real_00192,a743JFvmp9k_2_26to157.mp4,F:\MEngDatasets\AIGVDBench\videos\Real\Real\videos\a743JFvmp9k_2_26to157.mp4,0,real,Real,,Real,5.7367608642016135e-08,0.8891606648763021,0.44458036112195537,,0,True
fake_00180,guL5esGDFbk_11_0to163.mp4,F:\MEngDatasets\AIGVDBench\videos\OpenSource\T2V\Cogvideox1.5\videos\guL5esGDFbk_11_0to163.mp4,1,fake,OpenSource,T2V,OpenSource_T2V_Cogvideox1.5,4.103783410869255e-07,1.3014017303756341e-05,6.712197822421633e-06,,0,False
real_00193,vO3lAoKlsxY_43_0to200.mp4,F:\MEngDatasets\AIGVDBench\videos\Real\Real\videos\vO3lAoKlsxY_43_0to200.mp4,0,real,Real,,Real,1.4320221151553034e-11,0.21784757391379858,0.1089237869640594,,0,True
real_00194,cWn5vARbHB0_28_46to166.mp4,F:\MEngDatasets\AIGVDBench\videos\Real\Real\videos\cWn5vARbHB0_28_46to166.mp4,0,real,Real,,Real,1.888548901681289e-10,0.19418123991514827,0.09709062005200159,,0,True
real_00195,jty7y2KedUE_23_0to259.mp4,F:\MEngDatasets\AIGVDBench\videos\Real\Real\videos\jty7y2KedUE_23_0to259.mp4,0,real,Real,,Real,3.8310622363440464e-06,0.2006602191388412,0.10033202510053876,,0,True
fake_00181,02M4tj70Ju0_20_0to116.mp4,F:\MEngDatasets\AIGVDBench\videos\OpenSource\T2V\EasyAnimate\videos\02M4tj70Ju0_20_0to116.mp4,1,fake,OpenSource,T2V,OpenSource_T2V_EasyAnimate,1.0,3.811297191794105e-05,0.500019056485959,,1,True
real_00196,hU-KE7VvDfM_21_67to381.mp4,F:\MEngDatasets\AIGVDBench\videos\Real\Real\videos\hU-KE7VvDfM_21_67to381.mp4,0,real,Real,,Real,4.896479442272452e-07,0.05137918364330805,0.025689836645626137,,0,True
real_00197,p8ib7bXxYwc_4_655to814.mp4,F:\MEngDatasets\AIGVDBench\videos\Real\Real\videos\p8ib7bXxYwc_4_655to814.mp4,0,real,Real,,Real,1.7646539855026392e-13,6.682751051154379e-13,4.2237025183285093e-13,,0,True
fake_00182,smJlYSVS9Ds_340_112to226.mp4,F:\MEngDatasets\AIGVDBench\videos\OpenSource\T2V\VideoCrafter\videos\smJlYSVS9Ds_340_112to226.mp4,1,fake,OpenSource,T2V,OpenSource_T2V_VideoCrafter,1.0,1.4429073936143656e-09,0.5000000007214537,,1,True
fake_00183,nhskgJQ5XMU_202_0to114.mp4,F:\MEngDatasets\AIGVDBench\videos\OpenSource\T2V\LTX\videos\nhskgJQ5XMU_202_0to114.mp4,1,fake,OpenSource,T2V,OpenSource_T2V_LTX,0.9876646883785725,0.09819818040770793,0.5429314343931402,,1,True
real_00198,VtXuGg0Qkro_82_0to197.mp4,F:\MEngDatasets\AIGVDBench\videos\Real\Real\videos\VtXuGg0Qkro_82_0to197.mp4,0,real,Real,,Real,3.231726933807579e-12,6.398432109141995e-07,3.1992322132056667e-07,,0,True
real_00199,8nieamUmSEA_256_0to102.mp4,F:\MEngDatasets\AIGVDBench\videos\Real\Real\videos\8nieamUmSEA_256_0to102.mp4,0,real,Real,,Real,0.007711284943468399,0.016437549314053657,0.012074417128761028,,0,True
fake_00184,90u26k64J9A_14_0to144.mp4,F:\MEngDatasets\AIGVDBench\videos\OpenSource\T2V\IPOC\videos\90u26k64J9A_14_0to144.mp4,1,fake,OpenSource,T2V,OpenSource_T2V_IPOC,0.9999996870756149,0.6258386261508956,0.8129191566132552,,1,True
real_00200,axKP6KBH49c_4_0to185.mp4,F:\MEngDatasets\AIGVDBench\videos\Real\Real\videos\axKP6KBH49c_4_0to185.mp4,0,real,Real,,Real,5.438926182466087e-10,0.015058869188728126,0.007529434866310372,,0,True
real_00201,iWdkJPc7TV8_24_0to115.mp4,F:\MEngDatasets\AIGVDBench\videos\Real\Real\videos\iWdkJPc7TV8_24_0to115.mp4,0,real,Real,,Real,0.0013311419290857884,0.0009698068306230804,0.0011504743798544344,,0,True
fake_00185,QRYsvqSzYuE_43_455to1014.mp4,F:\MEngDatasets\AIGVDBench\videos\OpenSource\T2V\VideoCrafter\videos\QRYsvqSzYuE_43_455to1014.mp4,1,fake,OpenSource,T2V,OpenSource_T2V_VideoCrafter,1.0,2.6056478208956826e-15,0.5000000000000013,,1,True
fake_00186,NWYRv_MKaA8_10_24to132.mp4,F:\MEngDatasets\AIGVDBench\videos\OpenSource\I2V\EasyAnimate\videos\NWYRv_MKaA8_10_24to132.mp4,1,fake,OpenSource,I2V,OpenSource_I2V_EasyAnimate,0.9889370687305927,0.0005265774852110534,0.49473182310790187,,0,False
real_00202,o2LQGDTAF0A_25_0to126.mp4,F:\MEngDatasets\AIGVDBench\videos\Real\Real\videos\o2LQGDTAF0A_25_0to126.mp4,0,real,Real,,Real,8.39604434456462e-08,3.9824154144871283e-08,6.189229879525874e-08,,0,True
fake_00187,eENFTG4UQsI_3_337to522.mp4,F:\MEngDatasets\AIGVDBench\videos\OpenSource\V2V\LTX\videos\eENFTG4UQsI_3_337to522.mp4,1,fake,OpenSource,V2V,OpenSource_V2V_LTX,0.0016466809769042356,0.009330228156174453,0.005488454566539344,,0,False
fake_00188,jet4_Hc5j8I_13_0to109.mp4,F:\MEngDatasets\AIGVDBench\videos\OpenSource\T2V\HunyuanVideo\videos\jet4_Hc5j8I_13_0to109.mp4,1,fake,OpenSource,T2V,OpenSource_T2V_HunyuanVideo,1.0,0.36992420981017254,0.6849621049050862,,1,True
real_00203,33aJsPSvRSk_56_74to478.mp4,F:\MEngDatasets\AIGVDBench\videos\Real\Real\videos\33aJsPSvRSk_56_74to478.mp4,0,real,Real,,Real,6.168864019641229e-12,1.8927907990343215e-08,9.467038427181428e-09,,0,True
real_00204,0K-NUNgaM6Y_35_0to253.mp4,F:\MEngDatasets\AIGVDBench\videos\Real\Real\videos\0K-NUNgaM6Y_35_0to253.mp4,0,real,Real,,Real,0.26900910578547155,0.19093565462099527,0.2299723802032334,,0,True
fake_00189,50KDhKUOrqI_57_294to582.mp4,F:\MEngDatasets\AIGVDBench\videos\OpenSource\T2V\AnimateDiff\home\lma\Benchmark\bench\opensource\T2V\AnimateDiff\videos\50KDhKUOrqI_57_294to582.mp4,1,fake,OpenSource,T2V,OpenSource_T2V_AnimateDiff,0.9621601663529873,0.47951650350393416,0.7208383349284607,,1,True
real_00205,15jukZlAd-A_31_36to137.mp4,F:\MEngDatasets\AIGVDBench\videos\Real\Real\videos\15jukZlAd-A_31_36to137.mp4,0,real,Real,,Real,5.843527132648463e-06,0.2348144237369302,0.11741013363203143,,0,True
fake_00190,nhskgJQ5XMU_202_0to114.mp4,F:\MEngDatasets\AIGVDBench\videos\OpenSource\I2V\SEINE\videos\nhskgJQ5XMU_202_0to114.mp4,1,fake,OpenSource,I2V,OpenSource_I2V_SEINE,0.9944723136723042,4.160025989998228e-12,0.4972361568382321,,0,False
real_00206,jcfvZocnrV8_29_55to259.mp4,F:\MEngDatasets\AIGVDBench\videos\Real\Real\videos\jcfvZocnrV8_29_55to259.mp4,0,real,Real,,Real,5.154834840774038e-11,3.427227643197043e-05,1.713616399015942e-05,,0,True
real_00207,lePRQNJP0BU_29_0to1128.mp4,F:\MEngDatasets\AIGVDBench\videos\Real\Real\videos\lePRQNJP0BU_29_0to1128.mp4,0,real,Real,,Real,3.7964932113158933e-06,0.04320428419801054,0.021604040345610927,,0,True
real_00208,RlUIPfb_a7Y_2_0to1223.mp4,F:\MEngDatasets\AIGVDBench\videos\Real\Real\videos\RlUIPfb_a7Y_2_0to1223.mp4,0,real,Real,,Real,7.355986287908671e-06,0.28358452521619787,0.1417959406012429,,0,True
fake_00191,r03AuoH00eM_5_399to542.mp4,F:\MEngDatasets\AIGVDBench\videos\OpenSource\T2V\HunyuanVideo\videos\r03AuoH00eM_5_399to542.mp4,1,fake,OpenSource,T2V,OpenSource_T2V_HunyuanVideo,0.9999986663460732,3.3212694444243836e-05,0.5000159395202587,,1,True
fake_00192,EHRI1gr4zik_3_323to481.mp4,F:\MEngDatasets\AIGVDBench\videos\OpenSource\V2V\LTX\videos\EHRI1gr4zik_3_323to481.mp4,1,fake,OpenSource,V2V,OpenSource_V2V_LTX,0.8402384929358959,0.1890392060779656,0.5146388495069307,,1,True
real_00209,jet4_Hc5j8I_13_0to109.mp4,F:\MEngDatasets\AIGVDBench\videos\Real\Real\videos\jet4_Hc5j8I_13_0to109.mp4,0,real,Real,,Real,3.964233652358276e-07,5.288168399766313e-05,2.663905368144948e-05,,0,True
real_00210,EFaSEk3e5f4_46_19to358.mp4,F:\MEngDatasets\AIGVDBench\videos\Real\Real\videos\EFaSEk3e5f4_46_19to358.mp4,0,real,Real,,Real,3.1544927336829066e-12,0.030584784028359867,0.01529239201575718,,0,True
fake_00193,y3vyO-025CI_3_0to339.mp4,F:\MEngDatasets\AIGVDBench\videos\OpenSource\I2V\LTX\videos\y3vyO-025CI_3_0to339.mp4,1,fake,OpenSource,I2V,OpenSource_I2V_LTX,3.025593733121945e-06,0.04322286857477932,0.02161294708425622,,0,False
fake_00194,jty7y2KedUE_23_0to259.mp4,F:\MEngDatasets\AIGVDBench\videos\OpenSource\I2V\LTX\videos\jty7y2KedUE_23_0to259.mp4,1,fake,OpenSource,I2V,OpenSource_I2V_LTX,5.057115389583977e-05,0.07832743005018497,0.039189000602040405,,0,False
fake_00195,xPcAfdYCj5k_136_0to424.mp4,F:\MEngDatasets\AIGVDBench\videos\OpenSource\I2V\SVD\videos\xPcAfdYCj5k_136_0to424.mp4,1,fake,OpenSource,I2V,OpenSource_I2V_SVD,4.7384723863785894e-05,1.0032946492035252e-10,2.369241209662541e-05,,0,False
fake_00196,vUVwNN47Uv0_7_1227to1461.mp4,F:\MEngDatasets\AIGVDBench\videos\OpenSource\T2V\AnimateDiff\home\lma\Benchmark\bench\opensource\T2V\AnimateDiff\videos\vUVwNN47Uv0_7_1227to1461.mp4,1,fake,OpenSource,T2V,OpenSource_T2V_AnimateDiff,0.9999873414635658,0.2714017600295747,0.6356945507465703,,1,True
fake_00197,HlRfdCWGMzI_22_114to219.mp4,F:\MEngDatasets\AIGVDBench\videos\OpenSource\T2V\Wan2.1\videos\HlRfdCWGMzI_22_114to219.mp4,1,fake,OpenSource,T2V,OpenSource_T2V_Wan2.1,0.9999940395355225,0.27699400123916956,0.638494020387346,,1,True
real_00211,tdeP8cJicXA_14_0to136.mp4,F:\MEngDatasets\AIGVDBench\videos\Real\Real\videos\tdeP8cJicXA_14_0to136.mp4,0,real,Real,,Real,2.0513646990636167e-12,0.0005327069540975968,0.00026635347807448076,,0,True
real_00212,R-cKZCZctnM_21_411to660.mp4,F:\MEngDatasets\AIGVDBench\videos\Real\Real\videos\R-cKZCZctnM_21_411to660.mp4,0,real,Real,,Real,9.949413609829094e-09,0.1506862026376044,0.075343106293509,,0,True
fake_00198,r03AuoH00eM_5_399to542.mp4,F:\MEngDatasets\AIGVDBench\videos\OpenSource\I2V\EasyAnimate\videos\r03AuoH00eM_5_399to542.mp4,1,fake,OpenSource,I2V,OpenSource_I2V_EasyAnimate,0.01763500780356253,8.314102078406686e-11,0.008817503943351776,,0,False
fake_00199,gcgj6G8r-IQ_28_24to180.mp4,F:\MEngDatasets\AIGVDBench\videos\OpenSource\I2V\EasyAnimate\videos\gcgj6G8r-IQ_28_24to180.mp4,1,fake,OpenSource,I2V,OpenSource_I2V_EasyAnimate,0.9999993667006493,5.826092512843198e-06,0.5000025963965811,,1,True
fake_00200,02M4tj70Ju0_20_0to116.mp4,F:\MEngDatasets\AIGVDBench\videos\OpenSource\T2V\VideoCrafter\videos\02M4tj70Ju0_20_0to116.mp4,1,fake,OpenSource,T2V,OpenSource_T2V_VideoCrafter,1.0,7.7419934331658e-08,0.5000000387099671,,1,True
fake_00201,jty7y2KedUE_23_0to259.mp4,F:\MEngDatasets\AIGVDBench\videos\OpenSource\T2V\IPOC\videos\jty7y2KedUE_23_0to259.mp4,1,fake,OpenSource,T2V,OpenSource_T2V_IPOC,0.9446577299386263,0.0092528521324828,0.47695529103555456,,0,False
real_00213,Avh9ayHAH_U_3_17to131.mp4,F:\MEngDatasets\AIGVDBench\videos\Real\Real\videos\Avh9ayHAH_U_3_17to131.mp4,0,real,Real,,Real,0.1882349505926868,0.1951478521414174,0.1916914013670521,,0,True
fake_00202,90u26k64J9A_14_0to144.mp4,F:\MEngDatasets\AIGVDBench\videos\OpenSource\T2V\LTX\videos\90u26k64J9A_14_0to144.mp4,1,fake,OpenSource,T2V,OpenSource_T2V_LTX,0.10802915856766049,0.1639964726582548,0.13601281561295764,,0,False
fake_00203,smJlYSVS9Ds_340_112to226.mp4,F:\MEngDatasets\AIGVDBench\videos\OpenSource\T2V\Cogvideox1.5\videos\smJlYSVS9Ds_340_112to226.mp4,1,fake,OpenSource,T2V,OpenSource_T2V_Cogvideox1.5,0.8345346730202436,0.0778628048700663,0.45619873894515495,,0,False
fake_00204,r03AuoH00eM_5_399to542.mp4,F:\MEngDatasets\AIGVDBench\videos\OpenSource\T2V\AnimateDiff\home\lma\Benchmark\bench\opensource\T2V\AnimateDiff\videos\r03AuoH00eM_5_399to542.mp4,1,fake,OpenSource,T2V,OpenSource_T2V_AnimateDiff,0.999837052077055,0.00027358172442291104,0.5000553169007389,,1,True
fake_00205,r03AuoH00eM_5_399to542.mp4,F:\MEngDatasets\AIGVDBench\videos\OpenSource\T2V\Open-Sora\videos\r03AuoH00eM_5_399to542.mp4,1,fake,OpenSource,T2V,OpenSource_T2V_Open-Sora,0.9814747162163258,1.3673286415104726e-20,0.4907373581081629,,0,False
fake_00206,xPcAfdYCj5k_136_0to424.mp4,F:\MEngDatasets\AIGVDBench\videos\OpenSource\I2V\EasyAnimate\videos\xPcAfdYCj5k_136_0to424.mp4,1,fake,OpenSource,I2V,OpenSource_I2V_EasyAnimate,0.007863018534784771,1.0015519011415497e-10,0.0039315093174699806,,0,False
real_00214,zGeGtUCzNZU_1_58to390.mp4,F:\MEngDatasets\AIGVDBench\videos\Real\Real\videos\zGeGtUCzNZU_1_58to390.mp4,0,real,Real,,Real,7.749363755470769e-10,0.07459687234743043,0.0372984365611834,,0,True
real_00215,xPcAfdYCj5k_136_0to424.mp4,F:\MEngDatasets\AIGVDBench\videos\Real\Real\videos\xPcAfdYCj5k_136_0to424.mp4,0,real,Real,,Real,1.1862422599894038e-10,0.009507358769758117,0.004753679444191172,,0,True
fake_00207,eENFTG4UQsI_3_337to522.mp4,F:\MEngDatasets\AIGVDBench\videos\OpenSource\T2V\Cogvideox1.5\videos\eENFTG4UQsI_3_337to522.mp4,1,fake,OpenSource,T2V,OpenSource_T2V_Cogvideox1.5,0.10843429280510009,0.1201590573111384,0.11429667505811925,,0,False
real_00216,trqDnLNRuSc_17_17to156.mp4,F:\MEngDatasets\AIGVDBench\videos\Real\Real\videos\trqDnLNRuSc_17_17to156.mp4,0,real,Real,,Real,4.0008632479215933e-07,0.18834428376113557,0.09417234192373018,,0,True
fake_00208,xPcAfdYCj5k_136_0to424.mp4,F:\MEngDatasets\AIGVDBench\videos\OpenSource\I2V\Pyramid-Flow\videos\xPcAfdYCj5k_136_0to424.mp4,1,fake,OpenSource,I2V,OpenSource_I2V_Pyramid-Flow,2.813858021921689e-06,2.899190410625027e-07,1.551888531492096e-06,,0,False
real_00217,HMMCE4hivA4_56_102to217.mp4,F:\MEngDatasets\AIGVDBench\videos\Real\Real\videos\HMMCE4hivA4_56_102to217.mp4,0,real,Real,,Real,1.1971195150624336e-10,0.2712987941235776,0.13564939712164478,,0,True
real_00218,j57D2cpkKI0_8_24to215.mp4,F:\MEngDatasets\AIGVDBench\videos\Real\Real\videos\j57D2cpkKI0_8_24to215.mp4,0,real,Real,,Real,1.8526141357805281e-07,0.06546334694956296,0.032731766105488266,,0,True
real_00219,oACmLZHF-qA_3_0to113.mp4,F:\MEngDatasets\AIGVDBench\videos\Real\Real\videos\oACmLZHF-qA_3_0to113.mp4,0,real,Real,,Real,0.1951861305278726,4.738152221921813e-06,0.09759543434004726,,0,True
real_00220,AZPjrvFAbww_29_0to106.mp4,F:\MEngDatasets\AIGVDBench\videos\Real\Real\videos\AZPjrvFAbww_29_0to106.mp4,0,real,Real,,Real,1.4961619089983347e-12,0.032120898210875264,0.016060449106185714,,0,True
fake_00209,nhskgJQ5XMU_202_0to114.mp4,F:\MEngDatasets\AIGVDBench\videos\OpenSource\I2V\VideoCrafter\videos\nhskgJQ5XMU_202_0to114.mp4,1,fake,OpenSource,I2V,OpenSource_I2V_VideoCrafter,1.0,1.9038062827157046e-16,0.5000000000000001,,1,True
real_00221,sQJdH2V_kdk_23_0to105.mp4,F:\MEngDatasets\AIGVDBench\videos\Real\Real\videos\sQJdH2V_kdk_23_0to105.mp4,0,real,Real,,Real,0.004130782854758763,0.26768957733555987,0.13591018009515932,,0,True
real_00222,O_mFIGbNCyc_49_63to299.mp4,F:\MEngDatasets\AIGVDBench\videos\Real\Real\videos\O_mFIGbNCyc_49_63to299.mp4,0,real,Real,,Real,4.015031254206436e-05,0.010233089465485927,0.0051366198890139955,,0,True
real_00223,Yn47rqiN76I_49_85to327.mp4,F:\MEngDatasets\AIGVDBench\videos\Real\Real\videos\Yn47rqiN76I_49_85to327.mp4,0,real,Real,,Real,0.006959662214460179,0.027059826814288937,0.017009744514374557,,0,True
real_00224,xFOZpCz5f_E_10_0to223.mp4,F:\MEngDatasets\AIGVDBench\videos\Real\Real\videos\xFOZpCz5f_E_10_0to223.mp4,0,real,Real,,Real,2.769155476523011e-05,0.40652537244034953,0.20327653199755738,,0,True
real_00225,h1MwFGecnGA_41_0to104.mp4,F:\MEngDatasets\AIGVDBench\videos\Real\Real\videos\h1MwFGecnGA_41_0to104.mp4,0,real,Real,,Real,2.7296392415268253e-09,5.166402265549171e-05,2.583337614736662e-05,,0,True
real_00226,ESHGxyt9GOE_18_0to125.mp4,F:\MEngDatasets\AIGVDBench\videos\Real\Real\videos\ESHGxyt9GOE_18_0to125.mp4,0,real,Real,,Real,0.5300214515445987,0.44687680080533027,0.4884491261749645,,0,True
real_00227,bG8EwSG8Hh4_1_0to149.mp4,F:\MEngDatasets\AIGVDBench\videos\Real\Real\videos\bG8EwSG8Hh4_1_0to149.mp4,0,real,Real,,Real,7.0841596245012e-07,7.040491626260821e-05,3.5556666112529166e-05,,0,True
real_00228,oEPyjAe0huc_1_568to1226.mp4,F:\MEngDatasets\AIGVDBench\videos\Real\Real\videos\oEPyjAe0huc_1_568to1226.mp4,0,real,Real,,Real,0.01251777904350126,0.2482882189845408,0.13040299901402103,,0,True
real_00229,ONjRr1-mjfY_32_42to223.mp4,F:\MEngDatasets\AIGVDBench\videos\Real\Real\videos\ONjRr1-mjfY_32_42to223.mp4,0,real,Real,,Real,1.417783347390511e-07,0.0003453264097638766,0.00017273409404930783,,0,True
fake_00210,jty7y2KedUE_23_0to259.mp4,F:\MEngDatasets\AIGVDBench\videos\OpenSource\T2V\RepVideo\videos\jty7y2KedUE_23_0to259.mp4,1,fake,OpenSource,T2V,OpenSource_T2V_RepVideo,0.5615922389551997,0.08913416494426049,0.3253632019497301,,0,False
fake_00211,eENFTG4UQsI_3_337to522.mp4,F:\MEngDatasets\AIGVDBench\videos\OpenSource\I2V\SVD\videos\eENFTG4UQsI_3_337to522.mp4,1,fake,OpenSource,I2V,OpenSource_I2V_SVD,0.014667601421024301,2.405308249841261e-10,0.007333800830777563,,0,False
real_00230,_WiwgIe4F1Q_9_94to267.mp4,F:\MEngDatasets\AIGVDBench\videos\Real\Real\videos\_WiwgIe4F1Q_9_94to267.mp4,0,real,Real,,Real,0.002653611692305713,3.6274768120482566e-08,0.0013268239835369166,,0,True
fake_00212,EHRI1gr4zik_3_323to481.mp4,F:\MEngDatasets\AIGVDBench\videos\OpenSource\I2V\Pyramid-Flow\videos\EHRI1gr4zik_3_323to481.mp4,1,fake,OpenSource,I2V,OpenSource_I2V_Pyramid-Flow,0.9475196786224842,1.6248508625049657e-14,0.4737598393112502,,0,False
fake_00213,02M4tj70Ju0_20_0to116.mp4,F:\MEngDatasets\AIGVDBench\videos\OpenSource\V2V\Cogvideox1.5\videos\02M4tj70Ju0_20_0to116.mp4,1,fake,OpenSource,V2V,OpenSource_V2V_Cogvideox1.5,0.9978861697018147,0.1239540770195387,0.5609201233606766,,1,True
fake_00214,4cvgTuAaMDM_1_0to181.mp4,F:\MEngDatasets\AIGVDBench\videos\OpenSource\T2V\AccVideo\videos\4cvgTuAaMDM_1_0to181.mp4,1,fake,OpenSource,T2V,OpenSource_T2V_AccVideo,0.9999513104557991,0.11199324406922243,0.5559722772625108,,1,True
fake_00215,02M4tj70Ju0_20_0to116.mp4,F:\MEngDatasets\AIGVDBench\videos\OpenSource\I2V\LTX\videos\02M4tj70Ju0_20_0to116.mp4,1,fake,OpenSource,I2V,OpenSource_I2V_LTX,0.0020783682721230434,0.07697449584182543,0.03952643205697424,,0,False
fake_00216,r03AuoH00eM_5_399to542.mp4,F:\MEngDatasets\AIGVDBench\videos\OpenSource\I2V\SEINE\videos\r03AuoH00eM_5_399to542.mp4,1,fake,OpenSource,I2V,OpenSource_I2V_SEINE,0.06040768722135681,9.509023521843963e-14,0.03020384361072595,,0,False
fake_00217,7TCW9wOxAWk_48_0to214.mp4,F:\MEngDatasets\AIGVDBench\videos\OpenSource\I2V\VideoCrafter\videos\7TCW9wOxAWk_48_0to214.mp4,1,fake,OpenSource,I2V,OpenSource_I2V_VideoCrafter,0.4245584961026907,6.481586356365367e-13,0.21227924805166942,,0,False
real_00231,Sj28-ffTyO0_28_0to136.mp4,F:\MEngDatasets\AIGVDBench\videos\Real\Real\videos\Sj28-ffTyO0_28_0to136.mp4,0,real,Real,,Real,0.003912127650359769,2.0942885887254284e-11,0.0019560638356513277,,0,True
fake_00218,eENFTG4UQsI_3_337to522.mp4,F:\MEngDatasets\AIGVDBench\videos\OpenSource\T2V\AccVideo\videos\eENFTG4UQsI_3_337to522.mp4,1,fake,OpenSource,T2V,OpenSource_T2V_AccVideo,0.9792659096419811,0.22576794136967546,0.6025169255058282,,1,True
fake_00219,QRYsvqSzYuE_43_455to1014.mp4,F:\MEngDatasets\AIGVDBench\videos\OpenSource\T2V\AccVideo\videos\QRYsvqSzYuE_43_455to1014.mp4,1,fake,OpenSource,T2V,OpenSource_T2V_AccVideo,1.0,0.40508930694001416,0.702544653470007,,1,True
fake_00220,smJlYSVS9Ds_340_112to226.mp4,F:\MEngDatasets\AIGVDBench\videos\OpenSource\I2V\SEINE\videos\smJlYSVS9Ds_340_112to226.mp4,1,fake,OpenSource,I2V,OpenSource_I2V_SEINE,0.9999556131660938,1.717846675647134e-09,0.49997780744197023,,0,False
fake_00221,QRYsvqSzYuE_43_455to1014.mp4,F:\MEngDatasets\AIGVDBench\videos\OpenSource\T2V\Pyramid-Flow\videos\QRYsvqSzYuE_43_455to1014.mp4,1,fake,OpenSource,T2V,OpenSource_T2V_Pyramid-Flow,0.9999999925494194,0.006612794191537192,0.5033063933704783,,1,True
real_00232,Kuxxw41aRmk_46_0to235.mp4,F:\MEngDatasets\AIGVDBench\videos\Real\Real\videos\Kuxxw41aRmk_46_0to235.mp4,0,real,Real,,Real,5.828055416672267e-13,6.584441477099542e-08,3.292249878826854e-08,,0,True
real_00233,aFBLBdZQHlo_3_0to160.mp4,F:\MEngDatasets\AIGVDBench\videos\Real\Real\videos\aFBLBdZQHlo_3_0to160.mp4,0,real,Real,,Real,1.8203023878313091e-09,0.13363668597773287,0.06681834389901763,,0,True
real_00234,e2JMpgN21w8_66_0to130.mp4,F:\MEngDatasets\AIGVDBench\videos\Real\Real\videos\e2JMpgN21w8_66_0to130.mp4,0,real,Real,,Real,2.0294242455125004e-12,2.2095473876678077e-07,1.1047838409551314e-07,,0,True
fake_00222,W5R52mgaBgk_13_85to215.mp4,F:\MEngDatasets\AIGVDBench\videos\OpenSource\I2V\VideoCrafter\videos\W5R52mgaBgk_13_85to215.mp4,1,fake,OpenSource,I2V,OpenSource_I2V_VideoCrafter,0.9818583503365517,1.0400809530335646e-14,0.49092917516828105,,0,False
fake_00223,smJlYSVS9Ds_340_112to226.mp4,F:\MEngDatasets\AIGVDBench\videos\OpenSource\T2V\RepVideo\videos\smJlYSVS9Ds_340_112to226.mp4,1,fake,OpenSource,T2V,OpenSource_T2V_RepVideo,0.7194926477968693,0.23187530908956736,0.4756839784432183,,0,False
fake_00224,vUVwNN47Uv0_7_1227to1461.mp4,F:\MEngDatasets\AIGVDBench\videos\OpenSource\T2V\AccVideo\videos\vUVwNN47Uv0_7_1227to1461.mp4,1,fake,OpenSource,T2V,OpenSource_T2V_AccVideo,0.9990699738264084,0.06008149644956594,0.5295757351379872,,1,True
real_00235,NscwPqLwLYo_76_0to115.mp4,F:\MEngDatasets\AIGVDBench\videos\Real\Real\videos\NscwPqLwLYo_76_0to115.mp4,0,real,Real,,Real,8.463391057249303e-07,0.0006639118694564893,0.00033237910428110713,,0,True
real_00236,Lh0GNbIB_c8_39_0to186.mp4,F:\MEngDatasets\AIGVDBench\videos\Real\Real\videos\Lh0GNbIB_c8_39_0to186.mp4,0,real,Real,,Real,1.5899722366485847e-07,9.786957682678122e-06,4.97297745317149e-06,,0,True
real_00237,1ihtBI15Jpc_10_0to249.mp4,F:\MEngDatasets\AIGVDBench\videos\Real\Real\videos\1ihtBI15Jpc_10_0to249.mp4,0,real,Real,,Real,7.361460676813536e-06,0.01768295743203785,0.008845159446357331,,0,True
real_00238,QFCHkqBOTNg_6_92to212.mp4,F:\MEngDatasets\AIGVDBench\videos\Real\Real\videos\QFCHkqBOTNg_6_92to212.mp4,0,real,Real,,Real,6.435894326362046e-07,8.228585746650197e-06,4.436087589643201e-06,,0,True
fake_00225,QRYsvqSzYuE_43_455to1014.mp4,F:\MEngDatasets\AIGVDBench\videos\OpenSource\I2V\SEINE\videos\QRYsvqSzYuE_43_455to1014.mp4,1,fake,OpenSource,I2V,OpenSource_I2V_SEINE,0.9242925997823477,3.8343191916422726e-13,0.4621462998913656,,0,False
fake_00226,0BPQnk47p6M_2_55to191.mp4,F:\MEngDatasets\AIGVDBench\videos\OpenSource\V2V\Cogvideox1.5\videos\0BPQnk47p6M_2_55to191.mp4,1,fake,OpenSource,V2V,OpenSource_V2V_Cogvideox1.5,0.21000323363114148,1.943152433298747e-16,0.10500161681557084,,0,False
real_00239,t6vZbYAw0SU_17_162to270.mp4,F:\MEngDatasets\AIGVDBench\videos\Real\Real\videos\t6vZbYAw0SU_17_162to270.mp4,0,real,Real,,Real,0.00012764636835381482,0.14984403798686496,0.0749858421776094,,0,True
real_00240,HxOEbss9p_k_10_250to417.mp4,F:\MEngDatasets\AIGVDBench\videos\Real\Real\videos\HxOEbss9p_k_10_250to417.mp4,0,real,Real,,Real,5.118567828921172e-05,0.0625618679553142,0.031306526816801704,,0,True
real_00241,9sFgt4rkLBg_29_0to526.mp4,F:\MEngDatasets\AIGVDBench\videos\Real\Real\videos\9sFgt4rkLBg_29_0to526.mp4,0,real,Real,,Real,8.380800140860359e-07,0.13171437532091973,0.0658576067004669,,0,True
real_00242,1NAWrgZeMn8_2_0to387.mp4,F:\MEngDatasets\AIGVDBench\videos\Real\Real\videos\1NAWrgZeMn8_2_0to387.mp4,0,real,Real,,Real,0.00038750551971133973,0.00019893526184806045,0.0002932203907797001,,0,True
fake_00227,NWYRv_MKaA8_10_24to132.mp4,F:\MEngDatasets\AIGVDBench\videos\OpenSource\I2V\LTX\videos\NWYRv_MKaA8_10_24to132.mp4,1,fake,OpenSource,I2V,OpenSource_I2V_LTX,3.7082549648689324e-08,1.164140296628198e-06,6.006114231384437e-07,,0,False
real_00243,3Ay4Sk7NRCY_22_0to156.mp4,F:\MEngDatasets\AIGVDBench\videos\Real\Real\videos\3Ay4Sk7NRCY_22_0to156.mp4,0,real,Real,,Real,0.0004913044221510621,0.00392411836564861,0.002207711393899836,,0,True
real_00244,RRXZGS60mqk_58_38to210.mp4,F:\MEngDatasets\AIGVDBench\videos\Real\Real\videos\RRXZGS60mqk_58_38to210.mp4,0,real,Real,,Real,1.7154674780629937e-08,0.15331532769509662,0.0766576724248857,,0,True
real_00245,Ug-RhOvj8pI_0_0to1461.mp4,F:\MEngDatasets\AIGVDBench\videos\Real\Real\videos\Ug-RhOvj8pI_0_0to1461.mp4,0,real,Real,,Real,2.6100170164239725e-09,0.5577163018002628,0.2788581522051399,,0,True
fake_00228,guL5esGDFbk_11_0to163.mp4,F:\MEngDatasets\AIGVDBench\videos\OpenSource\T2V\Wan2.1\videos\guL5esGDFbk_11_0to163.mp4,1,fake,OpenSource,T2V,OpenSource_T2V_Wan2.1,0.0010314582309436382,5.012991618668147e-08,0.0005157541804299124,,0,False
real_00246,Z7Z_qbVIbsc_1_19to140.mp4,F:\MEngDatasets\AIGVDBench\videos\Real\Real\videos\Z7Z_qbVIbsc_1_19to140.mp4,0,real,Real,,Real,2.1753604409792404e-06,0.8868692676226299,0.44343572149153543,,0,True
real_00247,tIfCwcRs_vE_34_0to264.mp4,F:\MEngDatasets\AIGVDBench\videos\Real\Real\videos\tIfCwcRs_vE_34_0to264.mp4,0,real,Real,,Real,2.452454875600575e-08,2.426343505146184e-08,2.4393991903733796e-08,,0,True
fake_00229,nhskgJQ5XMU_202_0to114.mp4,F:\MEngDatasets\AIGVDBench\videos\OpenSource\V2V\LTX\videos\nhskgJQ5XMU_202_0to114.mp4,1,fake,OpenSource,V2V,OpenSource_V2V_LTX,0.473058313538786,0.10714141743510158,0.2900998654869438,,0,False
fake_00230,50KDhKUOrqI_57_294to582.mp4,F:\MEngDatasets\AIGVDBench\videos\OpenSource\T2V\VideoCrafter\videos\50KDhKUOrqI_57_294to582.mp4,1,fake,OpenSource,T2V,OpenSource_T2V_VideoCrafter,0.9999886453151703,6.025225944239495e-11,0.49999432268771127,,0,False
fake_00231,7TCW9wOxAWk_48_0to214.mp4,F:\MEngDatasets\AIGVDBench\videos\OpenSource\T2V\Wan2.1\videos\7TCW9wOxAWk_48_0to214.mp4,1,fake,OpenSource,T2V,OpenSource_T2V_Wan2.1,1.0,0.008657824020417945,0.504328912010209,,1,True
fake_00232,guL5esGDFbk_11_0to163.mp4,F:\MEngDatasets\AIGVDBench\videos\OpenSource\I2V\SVD\videos\guL5esGDFbk_11_0to163.mp4,1,fake,OpenSource,I2V,OpenSource_I2V_SVD,1.6807555065605218e-10,4.932927620252328e-15,8.404024179183621e-11,,0,False
fake_00233,xPcAfdYCj5k_136_0to424.mp4,F:\MEngDatasets\AIGVDBench\videos\OpenSource\I2V\SEINE\videos\xPcAfdYCj5k_136_0to424.mp4,1,fake,OpenSource,I2V,OpenSource_I2V_SEINE,0.00015551736488816914,7.948386327786409e-12,7.775868641827774e-05,,0,False
fake_00234,0BPQnk47p6M_2_55to191.mp4,F:\MEngDatasets\AIGVDBench\videos\OpenSource\I2V\SVD\videos\0BPQnk47p6M_2_55to191.mp4,1,fake,OpenSource,I2V,OpenSource_I2V_SVD,2.017544255750181e-05,5.450866100669783e-13,1.008772155129421e-05,,0,False
real_00248,NhHxwA3zLIM_39_0to744.mp4,F:\MEngDatasets\AIGVDBench\videos\Real\Real\videos\NhHxwA3zLIM_39_0to744.mp4,0,real,Real,,Real,1.3098201720476764e-06,1.9084142925123855e-07,7.503308006494575e-07,,0,True
real_00249,0BPQnk47p6M_2_55to191.mp4,F:\MEngDatasets\AIGVDBench\videos\Real\Real\videos\0BPQnk47p6M_2_55to191.mp4,0,real,Real,,Real,3.644029999521644e-12,2.4819363652053224e-09,1.242790197602422e-09,,0,True
real_00250,ANAekpD8mDQ_28_55to547.mp4,F:\MEngDatasets\AIGVDBench\videos\Real\Real\videos\ANAekpD8mDQ_28_55to547.mp4,0,real,Real,,Real,9.587573938029618e-08,0.2833568969717362,0.1416784964237378,,0,True
fake_00235,7TCW9wOxAWk_48_0to214.mp4,F:\MEngDatasets\AIGVDBench\videos\OpenSource\I2V\LTX\videos\7TCW9wOxAWk_48_0to214.mp4,1,fake,OpenSource,I2V,OpenSource_I2V_LTX,0.028094106211663507,0.16089763491117537,0.09449587056141943,,0,False
real_00251,CFXfSBR5Q9w_6_49to247.mp4,F:\MEngDatasets\AIGVDBench\videos\Real\Real\videos\CFXfSBR5Q9w_6_49to247.mp4,0,real,Real,,Real,0.0007242475630597767,0.13771068931634983,0.0692174684397048,,0,True
real_00252,7fy-TO_tOd8_5_65to601.mp4,F:\MEngDatasets\AIGVDBench\videos\Real\Real\videos\7fy-TO_tOd8_5_65to601.mp4,0,real,Real,,Real,0.003586305151003444,0.2507221956573397,0.12715425040417158,,0,True
real_00253,t1TrCs897CI_58_0to246.mp4,F:\MEngDatasets\AIGVDBench\videos\Real\Real\videos\t1TrCs897CI_58_0to246.mp4,0,real,Real,,Real,1.6331857740411154e-08,0.057629066178472,0.02881454125516487,,0,True
real_00254,WkM86Qbl-r8_3_0to111.mp4,F:\MEngDatasets\AIGVDBench\videos\Real\Real\videos\WkM86Qbl-r8_3_0to111.mp4,0,real,Real,,Real,0.03327873929811176,0.0016889213945129693,0.017483830346312363,,0,True
real_00255,S3aByfnJbGE_61_0to164.mp4,F:\MEngDatasets\AIGVDBench\videos\Real\Real\videos\S3aByfnJbGE_61_0to164.mp4,0,real,Real,,Real,5.504244247889201e-10,8.926336073149286e-05,4.463195557795882e-05,,0,True
fake_00236,HlRfdCWGMzI_22_114to219.mp4,F:\MEngDatasets\AIGVDBench\videos\OpenSource\T2V\RepVideo\videos\HlRfdCWGMzI_22_114to219.mp4,1,fake,OpenSource,T2V,OpenSource_T2V_RepVideo,0.9944427199661732,0.10888012566844954,0.5516614228173113,,1,True
fake_00237,EHRI1gr4zik_3_323to481.mp4,F:\MEngDatasets\AIGVDBench\videos\OpenSource\I2V\SEINE\videos\EHRI1gr4zik_3_323to481.mp4,1,fake,OpenSource,I2V,OpenSource_I2V_SEINE,0.9999936670064926,1.8462820667052175e-11,0.4999968335124777,,0,False
fake_00238,jty7y2KedUE_23_0to259.mp4,F:\MEngDatasets\AIGVDBench\videos\OpenSource\T2V\HunyuanVideo\videos\jty7y2KedUE_23_0to259.mp4,1,fake,OpenSource,T2V,OpenSource_T2V_HunyuanVideo,0.9999029226601124,0.24589640336781796,0.6228996630139652,,1,True
real_00256,RNH667QhwMU_14_0to144.mp4,F:\MEngDatasets\AIGVDBench\videos\Real\Real\videos\RNH667QhwMU_14_0to144.mp4,0,real,Real,,Real,2.544500491301338e-05,0.0015602376174662091,0.0007928413111896113,,0,True
real_00257,dfu2UfqnXk4_1_94to284.mp4,F:\MEngDatasets\AIGVDBench\videos\Real\Real\videos\dfu2UfqnXk4_1_94to284.mp4,0,real,Real,,Real,4.0136956167780014e-05,0.621987320910957,0.3110137289335624,,0,True
real_00258,a86X32mBO0o_104_0to103.mp4,F:\MEngDatasets\AIGVDBench\videos\Real\Real\videos\a86X32mBO0o_104_0to103.mp4,0,real,Real,,Real,1.3728193388952599e-06,0.00030669416799848176,0.0001540334936686885,,0,True
real_00259,SNG9ILDuAyk_1_0to1374.mp4,F:\MEngDatasets\AIGVDBench\videos\Real\Real\videos\SNG9ILDuAyk_1_0to1374.mp4,0,real,Real,,Real,2.8864174675483903e-09,0.026429026342622553,0.01321451461452001,,0,True
real_00260,jmHXwoFzFJw_25_32to156.mp4,F:\MEngDatasets\AIGVDBench\videos\Real\Real\videos\jmHXwoFzFJw_25_32to156.mp4,0,real,Real,,Real,2.5393564678594105e-05,0.08221131051467306,0.04111835203967583,,0,True
fake_00239,02M4tj70Ju0_20_0to116.mp4,F:\MEngDatasets\AIGVDBench\videos\OpenSource\T2V\Pyramid-Flow\videos\02M4tj70Ju0_20_0to116.mp4,1,fake,OpenSource,T2V,OpenSource_T2V_Pyramid-Flow,0.7311425304360455,0.009783062156715696,0.37046279629638057,,0,False
fake_00240,r03AuoH00eM_5_399to542.mp4,F:\MEngDatasets\AIGVDBench\videos\OpenSource\T2V\RepVideo\videos\r03AuoH00eM_5_399to542.mp4,1,fake,OpenSource,T2V,OpenSource_T2V_RepVideo,0.6335018470417708,6.391079805408614e-06,0.3167541190607881,,0,False
fake_00241,guL5esGDFbk_11_0to163.mp4,F:\MEngDatasets\AIGVDBench\videos\OpenSource\T2V\AnimateDiff\home\lma\Benchmark\bench\opensource\T2V\AnimateDiff\videos\guL5esGDFbk_11_0to163.mp4,1,fake,OpenSource,T2V,OpenSource_T2V_AnimateDiff,0.4883266865508631,0.10188831292531783,0.2951074997380905,,0,False
real_00261,ntBZJZo4Pt0_18_16to194.mp4,F:\MEngDatasets\AIGVDBench\videos\Real\Real\videos\ntBZJZo4Pt0_18_16to194.mp4,0,real,Real,,Real,1.0716117407145526e-12,0.014367233071044172,0.007183616536057892,,0,True
real_00262,lmwZughLY00_3_0to154.mp4,F:\MEngDatasets\AIGVDBench\videos\Real\Real\videos\lmwZughLY00_3_0to154.mp4,0,real,Real,,Real,4.925107519714728e-07,0.08870609112436907,0.04435329181756052,,0,True
fake_00242,0BPQnk47p6M_2_55to191.mp4,F:\MEngDatasets\AIGVDBench\videos\OpenSource\T2V\VideoCrafter\videos\0BPQnk47p6M_2_55to191.mp4,1,fake,OpenSource,T2V,OpenSource_T2V_VideoCrafter,1.0,1.3016665425647126e-08,0.5000000065083328,,1,True
fake_00243,xPcAfdYCj5k_136_0to424.mp4,F:\MEngDatasets\AIGVDBench\videos\OpenSource\T2V\IPOC\videos\xPcAfdYCj5k_136_0to424.mp4,1,fake,OpenSource,T2V,OpenSource_T2V_IPOC,0.9984151348471642,1.539026390087914e-06,0.49920833693677713,,0,False
fake_00244,smJlYSVS9Ds_340_112to226.mp4,F:\MEngDatasets\AIGVDBench\videos\OpenSource\V2V\Cogvideox1.5\videos\smJlYSVS9Ds_340_112to226.mp4,1,fake,OpenSource,V2V,OpenSource_V2V_Cogvideox1.5,0.9999903738498688,0.07086645522815307,0.5354284145390109,,1,True
fake_00245,W5R52mgaBgk_13_85to215.mp4,F:\MEngDatasets\AIGVDBench\videos\OpenSource\T2V\AnimateDiff\home\lma\Benchmark\bench\opensource\T2V\AnimateDiff\videos\W5R52mgaBgk_13_85to215.mp4,1,fake,OpenSource,T2V,OpenSource_T2V_AnimateDiff,1.0,0.9028823852539063,0.9514411926269531,,1,True
real_00263,D1CtTAPbHG0_2_0to1512.mp4,F:\MEngDatasets\AIGVDBench\videos\Real\Real\videos\D1CtTAPbHG0_2_0to1512.mp4,0,real,Real,,Real,0.001444504710718289,0.5794758425488667,0.29046017362979254,,0,True
fake_00246,jty7y2KedUE_23_0to259.mp4,F:\MEngDatasets\AIGVDBench\videos\OpenSource\V2V\Cogvideox1.5\videos\jty7y2KedUE_23_0to259.mp4,1,fake,OpenSource,V2V,OpenSource_V2V_Cogvideox1.5,0.886757355183363,0.26380147127985437,0.5752794132316087,,1,True
fake_00247,HlRfdCWGMzI_22_114to219.mp4,F:\MEngDatasets\AIGVDBench\videos\OpenSource\T2V\HunyuanVideo\videos\HlRfdCWGMzI_22_114to219.mp4,1,fake,OpenSource,T2V,OpenSource_T2V_HunyuanVideo,0.9999998286366463,0.1997809994177563,0.5998904140272012,,1,True
real_00264,X3faHvP6oeM_78_0to154.mp4,F:\MEngDatasets\AIGVDBench\videos\Real\Real\videos\X3faHvP6oeM_78_0to154.mp4,0,real,Real,,Real,3.1139505462032813e-09,2.8905035973284903e-06,1.4468087739373468e-06,,0,True
fake_00248,nhskgJQ5XMU_202_0to114.mp4,F:\MEngDatasets\AIGVDBench\videos\OpenSource\I2V\LTX\videos\nhskgJQ5XMU_202_0to114.mp4,1,fake,OpenSource,I2V,OpenSource_I2V_LTX,0.8441214286722243,0.07992220034053996,0.46202181450638213,,0,False
real_00265,YUganaCXzlA_16_50to159.mp4,F:\MEngDatasets\AIGVDBench\videos\Real\Real\videos\YUganaCXzlA_16_50to159.mp4,0,real,Real,,Real,8.774386482191324e-08,0.001984405381957129,0.0009922465629109754,,0,True
real_00266,eENFTG4UQsI_3_337to522.mp4,F:\MEngDatasets\AIGVDBench\videos\Real\Real\videos\eENFTG4UQsI_3_337to522.mp4,0,real,Real,,Real,3.6281227689869116e-11,0.0741363793324419,0.03706818968436156,,0,True
real_00267,mhC1bh5GnYY_58_38to276.mp4,F:\MEngDatasets\AIGVDBench\videos\Real\Real\videos\mhC1bh5GnYY_58_38to276.mp4,0,real,Real,,Real,2.1546735645139314e-06,0.07286407514155555,0.03643311490756003,,0,True
fake_00249,7TCW9wOxAWk_48_0to214.mp4,F:\MEngDatasets\AIGVDBench\videos\OpenSource\T2V\HunyuanVideo\videos\7TCW9wOxAWk_48_0to214.mp4,1,fake,OpenSource,T2V,OpenSource_T2V_HunyuanVideo,0.9955858066678047,0.04174499593020841,0.5186654012990065,,1,True
real_00268,d0rEhcaKlSs_2_0to118.mp4,F:\MEngDatasets\AIGVDBench\videos\Real\Real\videos\d0rEhcaKlSs_2_0to118.mp4,0,real,Real,,Real,4.01402048654919e-09,0.04334014396307158,0.02167007398854603,,0,True
real_00269,NDznxcukiUM_64_0to161.mp4,F:\MEngDatasets\AIGVDBench\videos\Real\Real\videos\NDznxcukiUM_64_0to161.mp4,0,real,Real,,Real,5.852667730947667e-12,0.0011649952093165776,0.0005824976075846227,,0,True
fake_00250,7TCW9wOxAWk_48_0to214.mp4,F:\MEngDatasets\AIGVDBench\videos\OpenSource\V2V\LTX\videos\7TCW9wOxAWk_48_0to214.mp4,1,fake,OpenSource,V2V,OpenSource_V2V_LTX,7.635881996935159e-05,0.04730308257531615,0.023689720697642754,,0,False
real_00270,EHRI1gr4zik_3_323to481.mp4,F:\MEngDatasets\AIGVDBench\videos\Real\Real\videos\EHRI1gr4zik_3_323to481.mp4,0,real,Real,,Real,0.9868701994419098,0.5483157515525818,0.7675929754972458,,1,False
real_00271,XKoYGXadgl0_25_0to126.mp4,F:\MEngDatasets\AIGVDBench\videos\Real\Real\videos\XKoYGXadgl0_25_0to126.mp4,0,real,Real,,Real,3.090677501718556e-11,0.061585925908927835,0.030792962969917306,,0,True
fake_00251,gcgj6G8r-IQ_28_24to180.mp4,F:\MEngDatasets\AIGVDBench\videos\OpenSource\T2V\AccVideo\videos\gcgj6G8r-IQ_28_24to180.mp4,1,fake,OpenSource,T2V,OpenSource_T2V_AccVideo,0.9999893456697464,0.44958559155053684,0.7247874686101416,,1,True
fake_00252,0BPQnk47p6M_2_55to191.mp4,F:\MEngDatasets\AIGVDBench\videos\OpenSource\T2V\Pyramid-Flow\videos\0BPQnk47p6M_2_55to191.mp4,1,fake,OpenSource,T2V,OpenSource_T2V_Pyramid-Flow,3.591770016186935e-06,8.997446064557714e-17,1.7958850081384546e-06,,0,False
real_00272,vP4LHRkhu-U_1_0to156.mp4,F:\MEngDatasets\AIGVDBench\videos\Real\Real\videos\vP4LHRkhu-U_1_0to156.mp4,0,real,Real,,Real,3.87620405595257e-06,1.899663786275596e-07,2.033085217290065e-06,,0,True
real_00273,7DoM11yV_Qw_3_0to123.mp4,F:\MEngDatasets\AIGVDBench\videos\Real\Real\videos\7DoM11yV_Qw_3_0to123.mp4,0,real,Real,,Real,0.06137464724904351,2.907713576803713e-05,0.030701862192405775,,0,True
fake_00253,HlRfdCWGMzI_22_114to219.mp4,F:\MEngDatasets\AIGVDBench\videos\OpenSource\I2V\Pyramid-Flow\videos\HlRfdCWGMzI_22_114to219.mp4,1,fake,OpenSource,I2V,OpenSource_I2V_Pyramid-Flow,0.703994975425303,0.0005341280222255196,0.35226455172376425,,0,False
fake_00254,7TCW9wOxAWk_48_0to214.mp4,F:\MEngDatasets\AIGVDBench\videos\OpenSource\T2V\Open-Sora\videos\7TCW9wOxAWk_48_0to214.mp4,1,fake,OpenSource,T2V,OpenSource_T2V_Open-Sora,0.20007037604227662,5.816740559146016e-20,0.10003518802113831,,0,False
real_00274,x96KZ2Gd2JY_21_0to126.mp4,F:\MEngDatasets\AIGVDBench\videos\Real\Real\videos\x96KZ2Gd2JY_21_0to126.mp4,0,real,Real,,Real,0.40270017058355734,0.4111699656660979,0.4069350681248276,,0,True
fake_00255,guL5esGDFbk_11_0to163.mp4,F:\MEngDatasets\AIGVDBench\videos\OpenSource\I2V\VideoCrafter\videos\guL5esGDFbk_11_0to163.mp4,1,fake,OpenSource,I2V,OpenSource_I2V_VideoCrafter,0.0002536403468411663,4.2011726995627143e-16,0.00012682017342079322,,0,False
real_00275,iFo7QhNnAmA_27_0to338.mp4,F:\MEngDatasets\AIGVDBench\videos\Real\Real\videos\iFo7QhNnAmA_27_0to338.mp4,0,real,Real,,Real,1.2947719740807884e-05,0.8529512994612257,0.42648212359048326,,0,True
fake_00256,7TCW9wOxAWk_48_0to214.mp4,F:\MEngDatasets\AIGVDBench\videos\OpenSource\I2V\Pyramid-Flow\videos\7TCW9wOxAWk_48_0to214.mp4,1,fake,OpenSource,I2V,OpenSource_I2V_Pyramid-Flow,7.775686470523624e-05,5.320398867913932e-11,3.8878458954612456e-05,,0,False
real_00276,lofR-R_rFJ0_6_0to212.mp4,F:\MEngDatasets\AIGVDBench\videos\Real\Real\videos\lofR-R_rFJ0_6_0to212.mp4,0,real,Real,,Real,3.0712316324985127e-10,5.903749986247139e-12,1.565134566180492e-10,,0,True
fake_00257,EHRI1gr4zik_3_323to481.mp4,F:\MEngDatasets\AIGVDBench\videos\OpenSource\I2V\SVD\videos\EHRI1gr4zik_3_323to481.mp4,1,fake,OpenSource,I2V,OpenSource_I2V_SVD,0.9562743008136749,8.579859183106897e-11,0.47813715044973676,,0,False
real_00277,fJC-CDOx98M_39_55to350.mp4,F:\MEngDatasets\AIGVDBench\videos\Real\Real\videos\fJC-CDOx98M_39_55to350.mp4,0,real,Real,,Real,6.884575425499971e-06,0.06703033165201984,0.03351860811372267,,0,True
fake_00258,vUVwNN47Uv0_7_1227to1461.mp4,F:\MEngDatasets\AIGVDBench\videos\OpenSource\T2V\Open-Sora\videos\vUVwNN47Uv0_7_1227to1461.mp4,1,fake,OpenSource,T2V,OpenSource_T2V_Open-Sora,0.0050204465551360045,1.539469972662652e-16,0.002510223277568079,,0,False
real_00278,HXCmwiBewAs_63_0to212.mp4,F:\MEngDatasets\AIGVDBench\videos\Real\Real\videos\HXCmwiBewAs_63_0to212.mp4,0,real,Real,,Real,1.823017121245149e-08,0.07420175196823202,0.03710088509920161,,0,True
real_00279,RLnAOn-rxTk_39_0to115.mp4,F:\MEngDatasets\AIGVDBench\videos\Real\Real\videos\RLnAOn-rxTk_39_0to115.mp4,0,real,Real,,Real,3.2175904784992326e-06,3.5522732183971656e-06,3.384931848448199e-06,,0,True
real_00280,b_ZbXBgbuRA_15_41to155.mp4,F:\MEngDatasets\AIGVDBench\videos\Real\Real\videos\b_ZbXBgbuRA_15_41to155.mp4,0,real,Real,,Real,0.0025722614080887496,0.5549909262607495,0.27878159383441914,,0,True
fake_00259,guL5esGDFbk_11_0to163.mp4,F:\MEngDatasets\AIGVDBench\videos\OpenSource\T2V\EasyAnimate\videos\guL5esGDFbk_11_0to163.mp4,1,fake,OpenSource,T2V,OpenSource_T2V_EasyAnimate,0.32189140445552766,9.598908589410558e-13,0.16094570222824378,,0,False
real_00281,Q5XrVBAu_OA_5_87to205.mp4,F:\MEngDatasets\AIGVDBench\videos\Real\Real\videos\Q5XrVBAu_OA_5_87to205.mp4,0,real,Real,,Real,9.74213270055202e-05,0.4972729789202541,0.24868520012362982,,0,True
real_00282,JZIEfgYvQio_37_106to215.mp4,F:\MEngDatasets\AIGVDBench\videos\Real\Real\videos\JZIEfgYvQio_37_106to215.mp4,0,real,Real,,Real,2.6569491806285774e-12,0.0619111233516296,0.030955561677143275,,0,True
real_00283,g-XIIG-_jsY_60_0to139.mp4,F:\MEngDatasets\AIGVDBench\videos\Real\Real\videos\g-XIIG-_jsY_60_0to139.mp4,0,real,Real,,Real,1.3693630619877883e-07,5.859546223953062e-10,6.876113041058707e-08,,0,True
real_00284,Amfrm2V_KO0_52_0to155.mp4,F:\MEngDatasets\AIGVDBench\videos\Real\Real\videos\Amfrm2V_KO0_52_0to155.mp4,0,real,Real,,Real,9.976653666305522e-07,0.34661786087989493,0.1733094292726308,,0,True
real_00285,UghRV0LelPA_0_0to1092.mp4,F:\MEngDatasets\AIGVDBench\videos\Real\Real\videos\UghRV0LelPA_0_0to1092.mp4,0,real,Real,,Real,3.284507556330831e-08,0.2158692204959232,0.10793462667049938,,0,True
real_00286,5q6XOGXMrJA_34_90to339.mp4,F:\MEngDatasets\AIGVDBench\videos\Real\Real\videos\5q6XOGXMrJA_34_90to339.mp4,0,real,Real,,Real,7.3958366787087695e-09,0.06852933898659692,0.0342646731912168,,0,True
fake_00260,xPcAfdYCj5k_136_0to424.mp4,F:\MEngDatasets\AIGVDBench\videos\OpenSource\T2V\Wan2.1\videos\xPcAfdYCj5k_136_0to424.mp4,1,fake,OpenSource,T2V,OpenSource_T2V_Wan2.1,0.9221122954040766,0.0007931299373093541,0.461452712670693,,0,False
fake_00261,bG8EwSG8Hh4_1_0to149.mp4,F:\MEngDatasets\AIGVDBench\videos\OpenSource\I2V\EasyAnimate\videos\bG8EwSG8Hh4_1_0to149.mp4,1,fake,OpenSource,I2V,OpenSource_I2V_EasyAnimate,0.7565786906181984,3.354718792459921e-08,0.37828936208269315,,0,False
fake_00262,NWYRv_MKaA8_10_24to132.mp4,F:\MEngDatasets\AIGVDBench\videos\OpenSource\T2V\Open-Sora\videos\NWYRv_MKaA8_10_24to132.mp4,1,fake,OpenSource,T2V,OpenSource_T2V_Open-Sora,0.013561075156758307,4.612966907282939e-16,0.006780537578379384,,0,False
fake_00263,gcgj6G8r-IQ_28_24to180.mp4,F:\MEngDatasets\AIGVDBench\videos\OpenSource\I2V\SEINE\videos\gcgj6G8r-IQ_28_24to180.mp4,1,fake,OpenSource,I2V,OpenSource_I2V_SEINE,0.844975246116519,1.9762407598081115e-10,0.4224876231570715,,0,False
real_00287,pv97fCP13SE_21_0to136.mp4,F:\MEngDatasets\AIGVDBench\videos\Real\Real\videos\pv97fCP13SE_21_0to136.mp4,0,real,Real,,Real,0.012736642372555673,0.051164913695755376,0.031950778034155525,,0,True
real_00288,--5Uy5YZMjA_54_104to259.mp4,F:\MEngDatasets\AIGVDBench\videos\Real\Real\videos\--5Uy5YZMjA_54_104to259.mp4,0,real,Real,,Real,0.0007350874598017754,0.16181874058749543,0.0812769140236486,,0,True
real_00289,4j-MnvZg6rw_8_0to311.mp4,F:\MEngDatasets\AIGVDBench\videos\Real\Real\videos\4j-MnvZg6rw_8_0to311.mp4,0,real,Real,,Real,2.568221243275917e-10,4.675807022048595e-08,2.350744617240677e-08,,0,True
fake_00264,xPcAfdYCj5k_136_0to424.mp4,F:\MEngDatasets\AIGVDBench\videos\OpenSource\T2V\AnimateDiff\home\lma\Benchmark\bench\opensource\T2V\AnimateDiff\videos\xPcAfdYCj5k_136_0to424.mp4,1,fake,OpenSource,T2V,OpenSource_T2V_AnimateDiff,1.0,3.4425993151225115e-05,0.5000172129965756,,1,True
real_00290,Cz3nSPKFNLM_81_26to293.mp4,F:\MEngDatasets\AIGVDBench\videos\Real\Real\videos\Cz3nSPKFNLM_81_26to293.mp4,0,real,Real,,Real,3.795374555470854e-07,0.06539180115302433,0.03269609034523994,,0,True
fake_00265,nhskgJQ5XMU_202_0to114.mp4,F:\MEngDatasets\AIGVDBench\videos\OpenSource\T2V\Pyramid-Flow\videos\nhskgJQ5XMU_202_0to114.mp4,1,fake,OpenSource,T2V,OpenSource_T2V_Pyramid-Flow,0.9973907172679901,0.0957927433108887,0.5465917302894394,,1,True
fake_00266,bG8EwSG8Hh4_1_0to149.mp4,F:\MEngDatasets\AIGVDBench\videos\OpenSource\T2V\VideoCrafter\videos\bG8EwSG8Hh4_1_0to149.mp4,1,fake,OpenSource,T2V,OpenSource_T2V_VideoCrafter,1.0,9.178448105388875e-13,0.500000000000459,,1,True
real_00291,Ql565KLE5Og_21_0to118.mp4,F:\MEngDatasets\AIGVDBench\videos\Real\Real\videos\Ql565KLE5Og_21_0to118.mp4,0,real,Real,,Real,0.000596926777781448,0.06083464710778704,0.030715786942784245,,0,True
real_00292,yB5f_KE0lWk_20_0to705.mp4,F:\MEngDatasets\AIGVDBench\videos\Real\Real\videos\yB5f_KE0lWk_20_0to705.mp4,0,real,Real,,Real,4.313178232000052e-09,2.5239915150343808e-05,1.2622114164287904e-05,,0,True
real_00293,UImljzWeGh0_15_0to106.mp4,F:\MEngDatasets\AIGVDBench\videos\Real\Real\videos\UImljzWeGh0_15_0to106.mp4,0,real,Real,,Real,1.0758935329490919e-10,0.20295531420853896,0.10147765715806416,,0,True
real_00294,7u67Buew2tg_0_0to376.mp4,F:\MEngDatasets\AIGVDBench\videos\Real\Real\videos\7u67Buew2tg_0_0to376.mp4,0,real,Real,,Real,8.884018444099695e-05,0.24176931448973246,0.12092907733708673,,0,True
real_00295,WeSUDLaxMhU_15_0to728.mp4,F:\MEngDatasets\AIGVDBench\videos\Real\Real\videos\WeSUDLaxMhU_15_0to728.mp4,0,real,Real,,Real,3.832290731068874e-05,0.0016297035024883141,0.0008340132048995014,,0,True
fake_00267,jet4_Hc5j8I_13_0to109.mp4,F:\MEngDatasets\AIGVDBench\videos\OpenSource\V2V\LTX\videos\jet4_Hc5j8I_13_0to109.mp4,1,fake,OpenSource,V2V,OpenSource_V2V_LTX,0.004623819851303779,1.5887931698820284e-06,0.00231270432223683,,0,False
fake_00268,W5R52mgaBgk_13_85to215.mp4,F:\MEngDatasets\AIGVDBench\videos\OpenSource\T2V\Open-Sora\videos\W5R52mgaBgk_13_85to215.mp4,1,fake,OpenSource,T2V,OpenSource_T2V_Open-Sora,0.030853633285005344,1.779966246043437e-14,0.015426816642511571,,0,False
fake_00269,0BPQnk47p6M_2_55to191.mp4,F:\MEngDatasets\AIGVDBench\videos\OpenSource\T2V\EasyAnimate\videos\0BPQnk47p6M_2_55to191.mp4,1,fake,OpenSource,T2V,OpenSource_T2V_EasyAnimate,0.9999995678663254,7.332064745397081e-10,0.49999978429976594,,0,False
real_00296,GDr_-UnTtJk_166_0to116.mp4,F:\MEngDatasets\AIGVDBench\videos\Real\Real\videos\GDr_-UnTtJk_166_0to116.mp4,0,real,Real,,Real,6.899706757146178e-05,0.0007700264759081376,0.0004195117717397997,,0,True
real_00297,kN__dhihmTE_44_0to109.mp4,F:\MEngDatasets\AIGVDBench\videos\Real\Real\videos\kN__dhihmTE_44_0to109.mp4,0,real,Real,,Real,0.2693843646195546,0.00026245909963715046,0.13482341185959587,,0,True
fake_00270,NWYRv_MKaA8_10_24to132.mp4,F:\MEngDatasets\AIGVDBench\videos\OpenSource\T2V\AnimateDiff\home\lma\Benchmark\bench\opensource\T2V\AnimateDiff\videos\NWYRv_MKaA8_10_24to132.mp4,1,fake,OpenSource,T2V,OpenSource_T2V_AnimateDiff,1.0,0.9960822383562724,0.9980411191781362,,1,True
real_00298,xHAnQq4NZQQ_8_21to284.mp4,F:\MEngDatasets\AIGVDBench\videos\Real\Real\videos\xHAnQq4NZQQ_8_21to284.mp4,0,real,Real,,Real,1.2507834331095674e-06,0.004778010534306939,0.0023896306588700243,,0,True
real_00299,6ezWis4TNn8_139_77to244.mp4,F:\MEngDatasets\AIGVDBench\videos\Real\Real\videos\6ezWis4TNn8_139_77to244.mp4,0,real,Real,,Real,0.0031101162122902895,0.12033796828309534,0.06172404224769282,,0,True
fake_00271,gcgj6G8r-IQ_28_24to180.mp4,F:\MEngDatasets\AIGVDBench\videos\OpenSource\V2V\Cogvideox1.5\videos\gcgj6G8r-IQ_28_24to180.mp4,1,fake,OpenSource,V2V,OpenSource_V2V_Cogvideox1.5,0.15086351486388594,0.20832841939651794,0.17959596713020193,,0,False
real_00300,4sa460KtMbM_2_0to1077.mp4,F:\MEngDatasets\AIGVDBench\videos\Real\Real\videos\4sa460KtMbM_2_0to1077.mp4,0,real,Real,,Real,1.3248924688078007e-10,0.4150552418137295,0.20752762097310937,,0,True
real_00301,HPoXMfaRYwQ_26_0to580.mp4,F:\MEngDatasets\AIGVDBench\videos\Real\Real\videos\HPoXMfaRYwQ_26_0to580.mp4,0,real,Real,,Real,0.0025189758700321363,0.46196852140941913,0.23224374863972563,,0,True
fake_00272,0BPQnk47p6M_2_55to191.mp4,F:\MEngDatasets\AIGVDBench\videos\OpenSource\T2V\IPOC\videos\0BPQnk47p6M_2_55to191.mp4,1,fake,OpenSource,T2V,OpenSource_T2V_IPOC,0.996877234429121,6.971381715571509e-06,0.4984421029054183,,0,False
real_00302,Ghcjnzv4ZjM_5_39to275.mp4,F:\MEngDatasets\AIGVDBench\videos\Real\Real\videos\Ghcjnzv4ZjM_5_39to275.mp4,0,real,Real,,Real,0.0035542208512417744,0.5221183057244781,0.26283626328786,,0,True
real_00303,Q66yzo2mBBI_1_109to281.mp4,F:\MEngDatasets\AIGVDBench\videos\Real\Real\videos\Q66yzo2mBBI_1_109to281.mp4,0,real,Real,,Real,8.016354897787913e-13,6.840725301359178e-08,3.4204027324540785e-08,,0,True
fake_00273,o82SKvbybvY_14_104to700.mp4,F:\MEngDatasets\AIGVDBench\videos\OpenSource\T2V\Wan2.1\videos\o82SKvbybvY_14_104to700.mp4,1,fake,OpenSource,T2V,OpenSource_T2V_Wan2.1,1.0,0.0004152888853751202,0.5002076444426875,,1,True
real_00304,tFMtl2JgxIo_31_0to166.mp4,F:\MEngDatasets\AIGVDBench\videos\Real\Real\videos\tFMtl2JgxIo_31_0to166.mp4,0,real,Real,,Real,1.1643928763960254e-05,0.0895435020760426,0.04477757300240328,,0,True
real_00305,B_Dh5QxGkrg_10_27to348.mp4,F:\MEngDatasets\AIGVDBench\videos\Real\Real\videos\B_Dh5QxGkrg_10_27to348.mp4,0,real,Real,,Real,0.0020670551490553635,0.000655364738541632,0.0013612099437984976,,0,True
real_00306,_z-VHQyqbrw_7_160to373.mp4,F:\MEngDatasets\AIGVDBench\videos\Real\Real\videos\_z-VHQyqbrw_7_160to373.mp4,0,real,Real,,Real,5.766725672103885e-11,0.21051815967782114,0.1052590798677442,,0,True
fake_00274,NWYRv_MKaA8_10_24to132.mp4,F:\MEngDatasets\AIGVDBench\videos\OpenSource\I2V\VideoCrafter\videos\NWYRv_MKaA8_10_24to132.mp4,1,fake,OpenSource,I2V,OpenSource_I2V_VideoCrafter,0.999999962747097,3.492015771623099e-15,0.49999998137355023,,0,False
real_00307,HHuq1U0XgS8_36_0to136.mp4,F:\MEngDatasets\AIGVDBench\videos\Real\Real\videos\HHuq1U0XgS8_36_0to136.mp4,0,real,Real,,Real,3.1954590879108066e-06,7.555377602712782e-10,1.598107312835539e-06,,0,True
real_00308,vUVwNN47Uv0_7_1227to1461.mp4,F:\MEngDatasets\AIGVDBench\videos\Real\Real\videos\vUVwNN47Uv0_7_1227to1461.mp4,0,real,Real,,Real,0.09359307148629775,0.09318041853854699,0.09338674501242236,,0,True
fake_00275,W5R52mgaBgk_13_85to215.mp4,F:\MEngDatasets\AIGVDBench\videos\OpenSource\T2V\LTX\videos\W5R52mgaBgk_13_85to215.mp4,1,fake,OpenSource,T2V,OpenSource_T2V_LTX,0.29662526719039306,0.3657267578158212,0.33117601250310713,,0,False
fake_00276,eENFTG4UQsI_3_337to522.mp4,F:\MEngDatasets\AIGVDBench\videos\OpenSource\T2V\IPOC\videos\eENFTG4UQsI_3_337to522.mp4,1,fake,OpenSource,T2V,OpenSource_T2V_IPOC,0.9995493330061436,0.04628851715858436,0.5229189250823639,,1,True
fake_00277,7TCW9wOxAWk_48_0to214.mp4,F:\MEngDatasets\AIGVDBench\videos\OpenSource\T2V\LTX\videos\7TCW9wOxAWk_48_0to214.mp4,1,fake,OpenSource,T2V,OpenSource_T2V_LTX,0.3839540018234402,6.2191881931187815e-06,0.19198011050581665,,0,False
real_00309,WXecl5wx3l8_1_93to475.mp4,F:\MEngDatasets\AIGVDBench\videos\Real\Real\videos\WXecl5wx3l8_1_93to475.mp4,0,real,Real,,Real,1.1416827794529552e-06,0.3322047086033028,0.16610292514304112,,0,True
fake_00278,bG8EwSG8Hh4_1_0to149.mp4,F:\MEngDatasets\AIGVDBench\videos\OpenSource\I2V\LTX\videos\bG8EwSG8Hh4_1_0to149.mp4,1,fake,OpenSource,I2V,OpenSource_I2V_LTX,0.03945191897923905,0.039307414271758385,0.039379666625498716,,0,False
fake_00279,02M4tj70Ju0_20_0to116.mp4,F:\MEngDatasets\AIGVDBench\videos\OpenSource\I2V\SVD\videos\02M4tj70Ju0_20_0to116.mp4,1,fake,OpenSource,I2V,OpenSource_I2V_SVD,0.31352023035287857,4.150569345940824e-12,0.15676011517851457,,0,False
real_00310,5A1hsAWgyp4_9_0to273.mp4,F:\MEngDatasets\AIGVDBench\videos\Real\Real\videos\5A1hsAWgyp4_9_0to273.mp4,0,real,Real,,Real,2.822972569332322e-05,0.06666665962795323,0.03334744467682328,,0,True
real_00311,hSGYpeH1Kgs_19_58to420.mp4,F:\MEngDatasets\AIGVDBench\videos\Real\Real\videos\hSGYpeH1Kgs_19_58to420.mp4,0,real,Real,,Real,2.7306712198761716e-08,0.7151858171198303,0.35759292221327127,,0,True
real_00312,8KWGPcdr-a0_16_0to592.mp4,F:\MEngDatasets\AIGVDBench\videos\Real\Real\videos\8KWGPcdr-a0_16_0to592.mp4,0,real,Real,,Real,3.883786297920189e-05,0.0010724399115350264,0.0005556388872571141,,0,True
fake_00280,4cvgTuAaMDM_1_0to181.mp4,F:\MEngDatasets\AIGVDBench\videos\OpenSource\T2V\Open-Sora\videos\4cvgTuAaMDM_1_0to181.mp4,1,fake,OpenSource,T2V,OpenSource_T2V_Open-Sora,0.910686444491148,1.176283423700422e-15,0.4553432222455746,,0,False
fake_00281,90u26k64J9A_14_0to144.mp4,F:\MEngDatasets\AIGVDBench\videos\OpenSource\T2V\AccVideo\videos\90u26k64J9A_14_0to144.mp4,1,fake,OpenSource,T2V,OpenSource_T2V_AccVideo,0.9999746680259705,0.006868633737909609,0.50342165088194,,1,True
fake_00282,Vh2cObLYHJ8_13_0to496.mp4,F:\MEngDatasets\AIGVDBench\videos\OpenSource\T2V\HunyuanVideo\videos\Vh2cObLYHJ8_13_0to496.mp4,1,fake,OpenSource,T2V,OpenSource_T2V_HunyuanVideo,0.9991458430886269,0.0002089601409654603,0.4996774016147962,,0,False
fake_00283,7TCW9wOxAWk_48_0to214.mp4,F:\MEngDatasets\AIGVDBench\videos\OpenSource\T2V\Pyramid-Flow\videos\7TCW9wOxAWk_48_0to214.mp4,1,fake,OpenSource,T2V,OpenSource_T2V_Pyramid-Flow,0.14363690305617638,2.1081057077506577e-11,0.07181845153862872,,0,False
real_00313,6KKaJWOOTbc_11_0to193.mp4,F:\MEngDatasets\AIGVDBench\videos\Real\Real\videos\6KKaJWOOTbc_11_0to193.mp4,0,real,Real,,Real,1.236778032942392e-15,8.150394478191426e-14,4.137036140742833e-14,,0,True
real_00314,zd-EAPpZI_A_56_0to111.mp4,F:\MEngDatasets\AIGVDBench\videos\Real\Real\videos\zd-EAPpZI_A_56_0to111.mp4,0,real,Real,,Real,1.740163861532057e-10,2.583556124114613e-05,1.2917867628766142e-05,,0,True
fake_00284,o82SKvbybvY_14_104to700.mp4,F:\MEngDatasets\AIGVDBench\videos\OpenSource\I2V\SVD\videos\o82SKvbybvY_14_104to700.mp4,1,fake,OpenSource,I2V,OpenSource_I2V_SVD,0.06202972005849006,5.502063647959807e-14,0.031014860029272538,,0,False
fake_00285,vUVwNN47Uv0_7_1227to1461.mp4,F:\MEngDatasets\AIGVDBench\videos\OpenSource\I2V\Pyramid-Flow\videos\vUVwNN47Uv0_7_1227to1461.mp4,1,fake,OpenSource,I2V,OpenSource_I2V_Pyramid-Flow,0.17209131637099517,0.047322254819629504,0.10970678559531234,,0,False
fake_00286,xPcAfdYCj5k_136_0to424.mp4,F:\MEngDatasets\AIGVDBench\videos\OpenSource\T2V\EasyAnimate\videos\xPcAfdYCj5k_136_0to424.mp4,1,fake,OpenSource,T2V,OpenSource_T2V_EasyAnimate,0.9991646371781826,9.58529956267072e-13,0.4995823185895706,,0,False
real_00315,90u26k64J9A_14_0to144.mp4,F:\MEngDatasets\AIGVDBench\videos\Real\Real\videos\90u26k64J9A_14_0to144.mp4,0,real,Real,,Real,2.526230352293754e-10,0.12542036054624398,0.0627101803994335,,0,True
real_00316,e22MWfddMOk_40_492to713.mp4,F:\MEngDatasets\AIGVDBench\videos\Real\Real\videos\e22MWfddMOk_40_492to713.mp4,0,real,Real,,Real,2.882657973923234e-09,0.22499437054301338,0.11249718671283568,,0,True
real_00317,QWSRMwWSuFs_13_0to106.mp4,F:\MEngDatasets\AIGVDBench\videos\Real\Real\videos\QWSRMwWSuFs_13_0to106.mp4,0,real,Real,,Real,3.920553322961373e-08,0.0002730488605883316,0.0001365440330607806,,0,True
real_00318,Yucbqr3ANi0_19_0to209.mp4,F:\MEngDatasets\AIGVDBench\videos\Real\Real\videos\Yucbqr3ANi0_19_0to209.mp4,0,real,Real,,Real,6.495609094182237e-12,0.18580124894119526,0.09290062447384544,,0,True
fake_00287,r03AuoH00eM_5_399to542.mp4,F:\MEngDatasets\AIGVDBench\videos\OpenSource\T2V\AccVideo\videos\r03AuoH00eM_5_399to542.mp4,1,fake,OpenSource,T2V,OpenSource_T2V_AccVideo,0.9999999180436134,0.15013598797725838,0.5750679530104359,,1,True
fake_00288,y3vyO-025CI_3_0to339.mp4,F:\MEngDatasets\AIGVDBench\videos\OpenSource\V2V\Cogvideox1.5\videos\y3vyO-025CI_3_0to339.mp4,1,fake,OpenSource,V2V,OpenSource_V2V_Cogvideox1.5,0.999999463558197,0.34122807877138256,0.6706137711647898,,1,True
real_00319,CmpJjeyTpfU_16_114to217.mp4,F:\MEngDatasets\AIGVDBench\videos\Real\Real\videos\CmpJjeyTpfU_16_114to217.mp4,0,real,Real,,Real,2.3170058538425284e-05,0.02126805734238,0.010645613700459213,,0,True
real_00320,rd-zarq6T8Q_17_0to1180.mp4,F:\MEngDatasets\AIGVDBench\videos\Real\Real\videos\rd-zarq6T8Q_17_0to1180.mp4,0,real,Real,,Real,3.5642028064879205e-06,0.4531905192681805,0.2265970417354935,,0,True
fake_00289,gcgj6G8r-IQ_28_24to180.mp4,F:\MEngDatasets\AIGVDBench\videos\OpenSource\I2V\SVD\videos\gcgj6G8r-IQ_28_24to180.mp4,1,fake,OpenSource,I2V,OpenSource_I2V_SVD,0.9997806921601295,3.4862332527376185e-12,0.4998903460818079,,0,False
fake_00290,jty7y2KedUE_23_0to259.mp4,F:\MEngDatasets\AIGVDBench\videos\OpenSource\I2V\SVD\videos\jty7y2KedUE_23_0to259.mp4,1,fake,OpenSource,I2V,OpenSource_I2V_SVD,0.8420380430761725,1.2750238558132832e-10,0.4210190216018374,,0,False
real_00321,8YLy4kHzkdY_72_25to149.mp4,F:\MEngDatasets\AIGVDBench\videos\Real\Real\videos\8YLy4kHzkdY_72_25to149.mp4,0,real,Real,,Real,7.125766984690789e-07,0.0029553853748664383,0.0014780489757824536,,0,True
real_00322,Hb9-kcCKO1s_39_0to111.mp4,F:\MEngDatasets\AIGVDBench\videos\Real\Real\videos\Hb9-kcCKO1s_39_0to111.mp4,0,real,Real,,Real,1.3205168331773508e-06,2.674975421263236e-07,7.940071876518372e-07,,0,True
fake_00291,W5R52mgaBgk_13_85to215.mp4,F:\MEngDatasets\AIGVDBench\videos\OpenSource\T2V\HunyuanVideo\videos\W5R52mgaBgk_13_85to215.mp4,1,fake,OpenSource,T2V,OpenSource_T2V_HunyuanVideo,0.9999978914856911,0.6725211646252622,0.8362595280554767,,1,True
fake_00292,bG8EwSG8Hh4_1_0to149.mp4,F:\MEngDatasets\AIGVDBench\videos\OpenSource\T2V\Cogvideox1.5\videos\bG8EwSG8Hh4_1_0to149.mp4,1,fake,OpenSource,T2V,OpenSource_T2V_Cogvideox1.5,0.9990694373846054,0.07262311906109034,0.5358462782228479,,1,True
fake_00293,QRYsvqSzYuE_43_455to1014.mp4,F:\MEngDatasets\AIGVDBench\videos\OpenSource\T2V\Cogvideox1.5\videos\QRYsvqSzYuE_43_455to1014.mp4,1,fake,OpenSource,T2V,OpenSource_T2V_Cogvideox1.5,0.9981237761676311,0.4526187373994617,0.7253712567835464,,1,True
fake_00294,smJlYSVS9Ds_340_112to226.mp4,F:\MEngDatasets\AIGVDBench\videos\OpenSource\T2V\AnimateDiff\home\lma\Benchmark\bench\opensource\T2V\AnimateDiff\videos\smJlYSVS9Ds_340_112to226.mp4,1,fake,OpenSource,T2V,OpenSource_T2V_AnimateDiff,1.0,0.09246623168819497,0.5462331158440975,,1,True
fake_00295,Vh2cObLYHJ8_13_0to496.mp4,F:\MEngDatasets\AIGVDBench\videos\OpenSource\V2V\LTX\videos\Vh2cObLYHJ8_13_0to496.mp4,1,fake,OpenSource,V2V,OpenSource_V2V_LTX,4.735157345392427e-08,0.00867677130249831,0.0043384093270358816,,0,False
fake_00296,90u26k64J9A_14_0to144.mp4,F:\MEngDatasets\AIGVDBench\videos\OpenSource\I2V\EasyAnimate\videos\90u26k64J9A_14_0to144.mp4,1,fake,OpenSource,I2V,OpenSource_I2V_EasyAnimate,0.6316868215799332,1.6834342090830348e-06,0.3158442525070711,,0,False
fake_00297,W5R52mgaBgk_13_85to215.mp4,F:\MEngDatasets\AIGVDBench\videos\OpenSource\V2V\LTX\videos\W5R52mgaBgk_13_85to215.mp4,1,fake,OpenSource,V2V,OpenSource_V2V_LTX,1.498765315188777e-07,0.0014455512338138862,0.0007228505551727025,,0,False
real_00323,LCj92toBBBE_3_0to145.mp4,F:\MEngDatasets\AIGVDBench\videos\Real\Real\videos\LCj92toBBBE_3_0to145.mp4,0,real,Real,,Real,4.263027976334735e-05,0.2005028657627239,0.10027274802124361,,0,True
fake_00298,W5R52mgaBgk_13_85to215.mp4,F:\MEngDatasets\AIGVDBench\videos\OpenSource\T2V\VideoCrafter\videos\W5R52mgaBgk_13_85to215.mp4,1,fake,OpenSource,T2V,OpenSource_T2V_VideoCrafter,1.0,3.945784128883062e-05,0.5000197289206444,,1,True
real_00324,XQR-c1MFjEE_14_0to280.mp4,F:\MEngDatasets\AIGVDBench\videos\Real\Real\videos\XQR-c1MFjEE_14_0to280.mp4,0,real,Real,,Real,0.5087333201007596,0.08965119804537375,0.2991922590730667,,0,True
fake_00299,HlRfdCWGMzI_22_114to219.mp4,F:\MEngDatasets\AIGVDBench\videos\OpenSource\T2V\Pyramid-Flow\videos\HlRfdCWGMzI_22_114to219.mp4,1,fake,OpenSource,T2V,OpenSource_T2V_Pyramid-Flow,0.8296198593452573,5.36640417964529e-05,0.41483676169352685,,0,False
real_00325,XfKW1oVWluY_4_0to131.mp4,F:\MEngDatasets\AIGVDBench\videos\Real\Real\videos\XfKW1oVWluY_4_0to131.mp4,0,real,Real,,Real,0.00039030436554099435,2.8079226459160055e-05,0.0002091917960000772,,0,True
real_00326,gcgj6G8r-IQ_28_24to180.mp4,F:\MEngDatasets\AIGVDBench\videos\Real\Real\videos\gcgj6G8r-IQ_28_24to180.mp4,0,real,Real,,Real,9.698282312342599e-06,0.9484897732734681,0.4742497357778902,,0,True
fake_00300,0BPQnk47p6M_2_55to191.mp4,F:\MEngDatasets\AIGVDBench\videos\OpenSource\I2V\EasyAnimate\videos\0BPQnk47p6M_2_55to191.mp4,1,fake,OpenSource,I2V,OpenSource_I2V_EasyAnimate,0.7680119560827734,3.675406462801521e-22,0.3840059780413867,,0,False
real_00327,w-NUjFCZsKM_6_0to101.mp4,F:\MEngDatasets\AIGVDBench\videos\Real\Real\videos\w-NUjFCZsKM_6_0to101.mp4,0,real,Real,,Real,0.00012401877946288664,0.0002288068244321077,0.00017641280194749716,,0,True
fake_00301,50KDhKUOrqI_57_294to582.mp4,F:\MEngDatasets\AIGVDBench\videos\OpenSource\V2V\Cogvideox1.5\videos\50KDhKUOrqI_57_294to582.mp4,1,fake,OpenSource,V2V,OpenSource_V2V_Cogvideox1.5,2.8089150035270904e-05,0.09349564598201082,0.046761867566023047,,0,False
fake_00302,eENFTG4UQsI_3_337to522.mp4,F:\MEngDatasets\AIGVDBench\videos\OpenSource\T2V\Wan2.1\videos\eENFTG4UQsI_3_337to522.mp4,1,fake,OpenSource,T2V,OpenSource_T2V_Wan2.1,1.0,0.018838317498477274,0.5094191587492386,,1,True
fake_00303,eENFTG4UQsI_3_337to522.mp4,F:\MEngDatasets\AIGVDBench\videos\OpenSource\I2V\EasyAnimate\videos\eENFTG4UQsI_3_337to522.mp4,1,fake,OpenSource,I2V,OpenSource_I2V_EasyAnimate,0.9998069889843464,2.8978601269306366e-06,0.4999049434222367,,0,False
fake_00304,o82SKvbybvY_14_104to700.mp4,F:\MEngDatasets\AIGVDBench\videos\OpenSource\V2V\Cogvideox1.5\videos\o82SKvbybvY_14_104to700.mp4,1,fake,OpenSource,V2V,OpenSource_V2V_Cogvideox1.5,0.12911702452402096,0.0018628029661497446,0.06548991374508535,,0,False
real_00328,urWboswP8pU_13_26to163.mp4,F:\MEngDatasets\AIGVDBench\videos\Real\Real\videos\urWboswP8pU_13_26to163.mp4,0,real,Real,,Real,7.993469216712986e-07,0.0028270900518136905,0.0014139446993676808,,0,True
real_00329,DqGAK7Vi5Jc_28_0to306.mp4,F:\MEngDatasets\AIGVDBench\videos\Real\Real\videos\DqGAK7Vi5Jc_28_0to306.mp4,0,real,Real,,Real,3.5799268081470204e-10,0.10207093402054852,0.0510354671892706,,0,True
fake_00305,xPcAfdYCj5k_136_0to424.mp4,F:\MEngDatasets\AIGVDBench\videos\OpenSource\T2V\Cogvideox1.5\videos\xPcAfdYCj5k_136_0to424.mp4,1,fake,OpenSource,T2V,OpenSource_T2V_Cogvideox1.5,0.027646826780028277,0.000683701844702785,0.014165264312365531,,0,False
fake_00306,o82SKvbybvY_14_104to700.mp4,F:\MEngDatasets\AIGVDBench\videos\OpenSource\T2V\RepVideo\videos\o82SKvbybvY_14_104to700.mp4,1,fake,OpenSource,T2V,OpenSource_T2V_RepVideo,0.059999740158673376,0.027292571737786,0.04364615594822969,,0,False
real_00330,8ujniyn3tjg_15_0to235.mp4,F:\MEngDatasets\AIGVDBench\videos\Real\Real\videos\8ujniyn3tjg_15_0to235.mp4,0,real,Real,,Real,2.3986161278318604e-12,0.06342129628190475,0.03171064814215169,,0,True
real_00331,WG-gUJfXJrE_43_100to638.mp4,F:\MEngDatasets\AIGVDBench\videos\Real\Real\videos\WG-gUJfXJrE_43_100to638.mp4,0,real,Real,,Real,0.0008287799538174022,0.2370386604936529,0.11893372022373516,,0,True
fake_00307,Vh2cObLYHJ8_13_0to496.mp4,F:\MEngDatasets\AIGVDBench\videos\OpenSource\V2V\Cogvideox1.5\videos\Vh2cObLYHJ8_13_0to496.mp4,1,fake,OpenSource,V2V,OpenSource_V2V_Cogvideox1.5,0.9999965503811836,0.013073283277261061,0.5065349168292224,,1,True
real_00332,peZbzdef1Hs_8_0to315.mp4,F:\MEngDatasets\AIGVDBench\videos\Real\Real\videos\peZbzdef1Hs_8_0to315.mp4,0,real,Real,,Real,1.349143639976124e-12,0.001117455536838728,0.0005587277690939359,,0,True
fake_00308,HlRfdCWGMzI_22_114to219.mp4,F:\MEngDatasets\AIGVDBench\videos\OpenSource\V2V\Cogvideox1.5\videos\HlRfdCWGMzI_22_114to219.mp4,1,fake,OpenSource,V2V,OpenSource_V2V_Cogvideox1.5,0.5766272530891001,0.09142240206710994,0.33402482757810503,,0,False
real_00333,cgexTg6KRsQ_179_29to182.mp4,F:\MEngDatasets\AIGVDBench\videos\Real\Real\videos\cgexTg6KRsQ_179_29to182.mp4,0,real,Real,,Real,0.0682046543515753,9.201329295012902e-07,0.0341027872422524,,0,True
real_00334,0yt-RZwC4o4_157_25to153.mp4,F:\MEngDatasets\AIGVDBench\videos\Real\Real\videos\0yt-RZwC4o4_157_25to153.mp4,0,real,Real,,Real,3.0622180340610886e-12,0.07474883645527232,0.03737441822916727,,0,True
real_00335,5xn-IIkZ3fA_28_0to254.mp4,F:\MEngDatasets\AIGVDBench\videos\Real\Real\videos\5xn-IIkZ3fA_28_0to254.mp4,0,real,Real,,Real,0.007302016108170939,0.22907565911027958,0.11818883760922526,,0,True
fake_00309,eENFTG4UQsI_3_337to522.mp4,F:\MEngDatasets\AIGVDBench\videos\OpenSource\V2V\Cogvideox1.5\videos\eENFTG4UQsI_3_337to522.mp4,1,fake,OpenSource,V2V,OpenSource_V2V_Cogvideox1.5,0.9379743412137032,0.01912874512574388,0.47855154316972354,,0,False
real_00336,0ojwJ00IxOM_5_96to472.mp4,F:\MEngDatasets\AIGVDBench\videos\Real\Real\videos\0ojwJ00IxOM_5_96to472.mp4,0,real,Real,,Real,0.8488174039521255,0.12436560690499997,0.4865915054285627,,0,True
real_00337,uUoQuaVcXu4_89_48to151.mp4,F:\MEngDatasets\AIGVDBench\videos\Real\Real\videos\uUoQuaVcXu4_89_48to151.mp4,0,real,Real,,Real,0.0004065838308124903,7.422665187860671e-07,0.00020366304866563817,,0,True
fake_00310,90u26k64J9A_14_0to144.mp4,F:\MEngDatasets\AIGVDBench\videos\OpenSource\V2V\Cogvideox1.5\videos\90u26k64J9A_14_0to144.mp4,1,fake,OpenSource,V2V,OpenSource_V2V_Cogvideox1.5,0.00013277902110075956,0.0611364500822134,0.03063461455165708,,0,False
fake_00311,NWYRv_MKaA8_10_24to132.mp4,F:\MEngDatasets\AIGVDBench\videos\OpenSource\T2V\Pyramid-Flow\videos\NWYRv_MKaA8_10_24to132.mp4,1,fake,OpenSource,T2V,OpenSource_T2V_Pyramid-Flow,0.6562041169963777,1.9697132697274312e-15,0.32810205849818985,,0,False
fake_00312,Vh2cObLYHJ8_13_0to496.mp4,F:\MEngDatasets\AIGVDBench\videos\OpenSource\T2V\Cogvideox1.5\videos\Vh2cObLYHJ8_13_0to496.mp4,1,fake,OpenSource,T2V,OpenSource_T2V_Cogvideox1.5,0.6188826335128397,0.0015226083658667732,0.31020262093935325,,0,False
fake_00313,gcgj6G8r-IQ_28_24to180.mp4,F:\MEngDatasets\AIGVDBench\videos\OpenSource\T2V\Open-Sora\videos\gcgj6G8r-IQ_28_24to180.mp4,1,fake,OpenSource,T2V,OpenSource_T2V_Open-Sora,0.8387926630675793,3.065396768795786e-17,0.41939633153378963,,0,False
real_00338,FQZcloAq5bo_11_27to169.mp4,F:\MEngDatasets\AIGVDBench\videos\Real\Real\videos\FQZcloAq5bo_11_27to169.mp4,0,real,Real,,Real,0.9628708846867085,0.02796424823572858,0.49541756646121854,,0,True
fake_00314,Vh2cObLYHJ8_13_0to496.mp4,F:\MEngDatasets\AIGVDBench\videos\OpenSource\T2V\Pyramid-Flow\videos\Vh2cObLYHJ8_13_0to496.mp4,1,fake,OpenSource,T2V,OpenSource_T2V_Pyramid-Flow,0.05681292599183507,1.5540628374814217e-07,0.028406540699059412,,0,False
fake_00315,y3vyO-025CI_3_0to339.mp4,F:\MEngDatasets\AIGVDBench\videos\OpenSource\T2V\Pyramid-Flow\videos\y3vyO-025CI_3_0to339.mp4,1,fake,OpenSource,T2V,OpenSource_T2V_Pyramid-Flow,0.9186142953112721,1.7014041895828665e-08,0.459307156162657,,0,False
fake_00316,4cvgTuAaMDM_1_0to181.mp4,F:\MEngDatasets\AIGVDBench\videos\OpenSource\I2V\EasyAnimate\videos\4cvgTuAaMDM_1_0to181.mp4,1,fake,OpenSource,I2V,OpenSource_I2V_EasyAnimate,0.9881462901830673,3.748608945222722e-07,0.49407333252198093,,0,False
fake_00317,vUVwNN47Uv0_7_1227to1461.mp4,F:\MEngDatasets\AIGVDBench\videos\OpenSource\V2V\Cogvideox1.5\videos\vUVwNN47Uv0_7_1227to1461.mp4,1,fake,OpenSource,V2V,OpenSource_V2V_Cogvideox1.5,0.7284402707009576,0.2176784926043832,0.4730593816526704,,0,False
fake_00318,guL5esGDFbk_11_0to163.mp4,F:\MEngDatasets\AIGVDBench\videos\OpenSource\T2V\Open-Sora\videos\guL5esGDFbk_11_0to163.mp4,1,fake,OpenSource,T2V,OpenSource_T2V_Open-Sora,0.0003326443704736448,8.479150927554376e-17,0.0001663221852368648,,0,False
fake_00319,Vh2cObLYHJ8_13_0to496.mp4,F:\MEngDatasets\AIGVDBench\videos\OpenSource\I2V\SEINE\videos\Vh2cObLYHJ8_13_0to496.mp4,1,fake,OpenSource,I2V,OpenSource_I2V_SEINE,0.03399714578779367,2.1345056300038605e-12,0.01699857289496409,,0,False
fake_00320,xPcAfdYCj5k_136_0to424.mp4,F:\MEngDatasets\AIGVDBench\videos\OpenSource\V2V\Cogvideox1.5\videos\xPcAfdYCj5k_136_0to424.mp4,1,fake,OpenSource,V2V,OpenSource_V2V_Cogvideox1.5,0.00031937267864279306,6.518037737950305e-09,0.0001596895983402655,,0,False
real_00339,49t2UhE8UfA_415_0to131.mp4,F:\MEngDatasets\AIGVDBench\videos\Real\Real\videos\49t2UhE8UfA_415_0to131.mp4,0,real,Real,,Real,3.8922817460379594e-16,0.0009719279553782674,0.0004859639776893283,,0,True
fake_00321,7TCW9wOxAWk_48_0to214.mp4,F:\MEngDatasets\AIGVDBench\videos\OpenSource\T2V\VideoCrafter\videos\7TCW9wOxAWk_48_0to214.mp4,1,fake,OpenSource,T2V,OpenSource_T2V_VideoCrafter,0.9987972527742386,6.376350376593614e-08,0.4993986582688712,,0,False
real_00340,FcQuhewq7_c_10_565to788.mp4,F:\MEngDatasets\AIGVDBench\videos\Real\Real\videos\FcQuhewq7_c_10_565to788.mp4,0,real,Real,,Real,2.157564514091578e-11,0.026997019587745776,0.01349850980466071,,0,True
fake_00322,HlRfdCWGMzI_22_114to219.mp4,F:\MEngDatasets\AIGVDBench\videos\OpenSource\T2V\LTX\videos\HlRfdCWGMzI_22_114to219.mp4,1,fake,OpenSource,T2V,OpenSource_T2V_LTX,6.1582066889463716e-09,0.2523278437563931,0.1261639249572999,,0,False
fake_00323,xPcAfdYCj5k_136_0to424.mp4,F:\MEngDatasets\AIGVDBench\videos\OpenSource\V2V\LTX\videos\xPcAfdYCj5k_136_0to424.mp4,1,fake,OpenSource,V2V,OpenSource_V2V_LTX,1.1938614705997441e-06,0.00029177664805404765,0.0001464852547623237,,0,False
fake_00324,guL5esGDFbk_11_0to163.mp4,F:\MEngDatasets\AIGVDBench\videos\OpenSource\T2V\HunyuanVideo\videos\guL5esGDFbk_11_0to163.mp4,1,fake,OpenSource,T2V,OpenSource_T2V_HunyuanVideo,1.9263830395743753e-05,2.0074941661169885e-05,1.9669386028456817e-05,,0,False
real_00341,9WeoZZ5CcY8_35_0to439.mp4,F:\MEngDatasets\AIGVDBench\videos\Real\Real\videos\9WeoZZ5CcY8_35_0to439.mp4,0,real,Real,,Real,1.9058053141577692e-06,0.06911315516684645,0.034557530486080304,,0,True
real_00342,2B9BLASX3YQ_27_0to157.mp4,F:\MEngDatasets\AIGVDBench\videos\Real\Real\videos\2B9BLASX3YQ_27_0to157.mp4,0,real,Real,,Real,6.525458870374509e-09,0.11409141859815293,0.0570457125618059,,0,True
fake_00325,nhskgJQ5XMU_202_0to114.mp4,F:\MEngDatasets\AIGVDBench\videos\OpenSource\T2V\AnimateDiff\home\lma\Benchmark\bench\opensource\T2V\AnimateDiff\videos\nhskgJQ5XMU_202_0to114.mp4,1,fake,OpenSource,T2V,OpenSource_T2V_AnimateDiff,1.0,0.019677856915831172,0.5098389284579156,,1,True
real_00343,LV3MODQ0IRs_9_22to142.mp4,F:\MEngDatasets\AIGVDBench\videos\Real\Real\videos\LV3MODQ0IRs_9_22to142.mp4,0,real,Real,,Real,2.570542238037285e-09,0.0025803547144171842,0.001290178642479711,,0,True
real_00344,R076_ORzIgM_1_0to303.mp4,F:\MEngDatasets\AIGVDBench\videos\Real\Real\videos\R076_ORzIgM_1_0to303.mp4,0,real,Real,,Real,1.3690602932738254e-09,0.16315856254996308,0.08157928195951168,,0,True
real_00345,7TxVWght5yw_4_0to296.mp4,F:\MEngDatasets\AIGVDBench\videos\Real\Real\videos\7TxVWght5yw_4_0to296.mp4,0,real,Real,,Real,0.0010277465319976642,0.06862085865492228,0.03482430259345997,,0,True
fake_00326,NWYRv_MKaA8_10_24to132.mp4,F:\MEngDatasets\AIGVDBench\videos\OpenSource\T2V\HunyuanVideo\videos\NWYRv_MKaA8_10_24to132.mp4,1,fake,OpenSource,T2V,OpenSource_T2V_HunyuanVideo,0.9996051117777824,4.733072442376014e-10,0.49980255612554486,,0,False
fake_00327,0BPQnk47p6M_2_55to191.mp4,F:\MEngDatasets\AIGVDBench\videos\OpenSource\I2V\SEINE\videos\0BPQnk47p6M_2_55to191.mp4,1,fake,OpenSource,I2V,OpenSource_I2V_SEINE,3.8299922665741004e-05,7.72100554422367e-19,1.914996133287089e-05,,0,False
fake_00328,guL5esGDFbk_11_0to163.mp4,F:\MEngDatasets\AIGVDBench\videos\OpenSource\T2V\IPOC\videos\guL5esGDFbk_11_0to163.mp4,1,fake,OpenSource,T2V,OpenSource_T2V_IPOC,0.003422021316634691,1.0221802941520878e-05,0.001716121559788106,,0,False
fake_00329,EHRI1gr4zik_3_323to481.mp4,F:\MEngDatasets\AIGVDBench\videos\OpenSource\T2V\AccVideo\videos\EHRI1gr4zik_3_323to481.mp4,1,fake,OpenSource,T2V,OpenSource_T2V_AccVideo,1.0,0.8000074634949367,0.9000037317474683,,1,True
real_00346,PF7NpKG_S8g_2_56to408.mp4,F:\MEngDatasets\AIGVDBench\videos\Real\Real\videos\PF7NpKG_S8g_2_56to408.mp4,0,real,Real,,Real,6.75460769095082e-07,0.31076543179478905,0.15538305362777907,,0,True
real_00347,UgUXeOJEmjQ_2_66to213.mp4,F:\MEngDatasets\AIGVDBench\videos\Real\Real\videos\UgUXeOJEmjQ_2_66to213.mp4,0,real,Real,,Real,0.00014162936639139367,0.1730072761461391,0.08657445275626524,,0,True
real_00348,ZVJ5oLS74mc_81_120to282.mp4,F:\MEngDatasets\AIGVDBench\videos\Real\Real\videos\ZVJ5oLS74mc_81_120to282.mp4,0,real,Real,,Real,0.011065363239351266,0.20023634752732658,0.10565085538333892,,0,True
real_00349,wyQ6oYCe4uA_27_0to175.mp4,F:\MEngDatasets\AIGVDBench\videos\Real\Real\videos\wyQ6oYCe4uA_27_0to175.mp4,0,real,Real,,Real,0.0014939278445566216,0.2764489349214863,0.13897143138302145,,0,True
fake_00330,02M4tj70Ju0_20_0to116.mp4,F:\MEngDatasets\AIGVDBench\videos\OpenSource\T2V\Wan2.1\videos\02M4tj70Ju0_20_0to116.mp4,1,fake,OpenSource,T2V,OpenSource_T2V_Wan2.1,1.0,0.18490413832125682,0.5924520691606284,,1,True
real_00350,RidX1TOSQDg_19_21to218.mp4,F:\MEngDatasets\AIGVDBench\videos\Real\Real\videos\RidX1TOSQDg_19_21to218.mp4,0,real,Real,,Real,0.7971138001885265,0.172030364069396,0.48457208212896125,,0,True
fake_00331,7TCW9wOxAWk_48_0to214.mp4,F:\MEngDatasets\AIGVDBench\videos\OpenSource\T2V\AccVideo\videos\7TCW9wOxAWk_48_0to214.mp4,1,fake,OpenSource,T2V,OpenSource_T2V_AccVideo,0.989623736590147,0.0005558867754110614,0.49508981168277905,,0,False
fake_00332,xPcAfdYCj5k_136_0to424.mp4,F:\MEngDatasets\AIGVDBench\videos\OpenSource\T2V\Open-Sora\videos\xPcAfdYCj5k_136_0to424.mp4,1,fake,OpenSource,T2V,OpenSource_T2V_Open-Sora,0.057559394917916507,1.3551037909763339e-16,0.028779697458958323,,0,False
fake_00333,bG8EwSG8Hh4_1_0to149.mp4,F:\MEngDatasets\AIGVDBench\videos\OpenSource\T2V\HunyuanVideo\videos\bG8EwSG8Hh4_1_0to149.mp4,1,fake,OpenSource,T2V,OpenSource_T2V_HunyuanVideo,0.9999881833791733,0.19171246323094238,0.5958503233050578,,1,True
real_00351,7TCW9wOxAWk_48_0to214.mp4,F:\MEngDatasets\AIGVDBench\videos\Real\Real\videos\7TCW9wOxAWk_48_0to214.mp4,0,real,Real,,Real,1.1640067669546294e-11,0.07581158751456987,0.03790579376310497,,0,True
fake_00334,r03AuoH00eM_5_399to542.mp4,F:\MEngDatasets\AIGVDBench\videos\OpenSource\T2V\LTX\videos\r03AuoH00eM_5_399to542.mp4,1,fake,OpenSource,T2V,OpenSource_T2V_LTX,0.09477429257094627,7.107491423966096e-05,0.047422683742592966,,0,False
real_00352,rgdTYAO41ZM_25_0to285.mp4,F:\MEngDatasets\AIGVDBench\videos\Real\Real\videos\rgdTYAO41ZM_25_0to285.mp4,0,real,Real,,Real,3.735479626707384e-05,0.33366826079532513,0.16685280779579612,,0,True
real_00353,zBKLvi7AnQQ_145_0to106.mp4,F:\MEngDatasets\AIGVDBench\videos\Real\Real\videos\zBKLvi7AnQQ_145_0to106.mp4,0,real,Real,,Real,0.0001607306221255156,0.1191349539695561,0.05964784229584081,,0,True
fake_00335,HlRfdCWGMzI_22_114to219.mp4,F:\MEngDatasets\AIGVDBench\videos\OpenSource\T2V\AccVideo\videos\HlRfdCWGMzI_22_114to219.mp4,1,fake,OpenSource,T2V,OpenSource_T2V_AccVideo,0.9999999776482582,0.0024171991979263416,0.5012085884230922,,1,True
real_00354,gi3DWHw_Ufs_9_0to127.mp4,F:\MEngDatasets\AIGVDBench\videos\Real\Real\videos\gi3DWHw_Ufs_9_0to127.mp4,0,real,Real,,Real,5.111849993317402e-07,1.1270644721523073e-05,5.890914860427407e-06,,0,True
real_00355,l83gNISH_wE_26_46to148.mp4,F:\MEngDatasets\AIGVDBench\videos\Real\Real\videos\l83gNISH_wE_26_46to148.mp4,0,real,Real,,Real,6.272482632989763e-08,2.0742653770586585e-09,3.239954585347814e-08,,0,True
fake_00336,50KDhKUOrqI_57_294to582.mp4,F:\MEngDatasets\AIGVDBench\videos\OpenSource\T2V\EasyAnimate\videos\50KDhKUOrqI_57_294to582.mp4,1,fake,OpenSource,T2V,OpenSource_T2V_EasyAnimate,0.9999998509883881,1.0677485199429022e-07,0.49999997888162,,0,False
fake_00337,50KDhKUOrqI_57_294to582.mp4,F:\MEngDatasets\AIGVDBench\videos\OpenSource\I2V\Pyramid-Flow\videos\50KDhKUOrqI_57_294to582.mp4,1,fake,OpenSource,I2V,OpenSource_I2V_Pyramid-Flow,0.0002869683220865227,1.4585393306269489e-09,0.00014348489031292666,,0,False
fake_00338,QRYsvqSzYuE_43_455to1014.mp4,F:\MEngDatasets\AIGVDBench\videos\OpenSource\I2V\SVD\videos\QRYsvqSzYuE_43_455to1014.mp4,1,fake,OpenSource,I2V,OpenSource_I2V_SVD,0.9999729283154011,4.393454683361962e-11,0.4999864641796678,,0,False
fake_00339,r03AuoH00eM_5_399to542.mp4,F:\MEngDatasets\AIGVDBench\videos\OpenSource\T2V\EasyAnimate\videos\r03AuoH00eM_5_399to542.mp4,1,fake,OpenSource,T2V,OpenSource_T2V_EasyAnimate,1.0,5.5064978160278694e-08,0.5000000275324891,,1,True
fake_00340,gcgj6G8r-IQ_28_24to180.mp4,F:\MEngDatasets\AIGVDBench\videos\OpenSource\T2V\RepVideo\videos\gcgj6G8r-IQ_28_24to180.mp4,1,fake,OpenSource,T2V,OpenSource_T2V_RepVideo,0.9999984502792358,0.7958222872803162,0.897910368779776,,1,True
real_00356,31XudeRs0cI_66_0to150.mp4,F:\MEngDatasets\AIGVDBench\videos\Real\Real\videos\31XudeRs0cI_66_0to150.mp4,0,real,Real,,Real,6.402733210923017e-08,4.421392443191166e-08,5.4120628270570917e-08,,0,True
fake_00341,smJlYSVS9Ds_340_112to226.mp4,F:\MEngDatasets\AIGVDBench\videos\OpenSource\I2V\SVD\videos\smJlYSVS9Ds_340_112to226.mp4,1,fake,OpenSource,I2V,OpenSource_I2V_SVD,0.9999992325901985,3.4821301785110196e-10,0.49999961646920577,,0,False
real_00357,WRQ-RSNImIM_3_0to123.mp4,F:\MEngDatasets\AIGVDBench\videos\Real\Real\videos\WRQ-RSNImIM_3_0to123.mp4,0,real,Real,,Real,0.005475740887050051,3.0872602451899785e-07,0.0027380248065372852,,0,True
real_00358,9XyuVIYcDvg_77_0to148.mp4,F:\MEngDatasets\AIGVDBench\videos\Real\Real\videos\9XyuVIYcDvg_77_0to148.mp4,0,real,Real,,Real,7.205897118150312e-09,2.355286023885128e-05,1.1780033067984715e-05,,0,True
real_00359,OFGnDcLXfo0_4_0to137.mp4,F:\MEngDatasets\AIGVDBench\videos\Real\Real\videos\OFGnDcLXfo0_4_0to137.mp4,0,real,Real,,Real,0.05191954414293676,0.0010171935613414007,0.02646836885213908,,0,True
fake_00342,nhskgJQ5XMU_202_0to114.mp4,F:\MEngDatasets\AIGVDBench\videos\OpenSource\T2V\IPOC\videos\nhskgJQ5XMU_202_0to114.mp4,1,fake,OpenSource,T2V,OpenSource_T2V_IPOC,0.9999999925494194,0.2758716184332959,0.6379358054913576,,1,True
fake_00343,eENFTG4UQsI_3_337to522.mp4,F:\MEngDatasets\AIGVDBench\videos\OpenSource\I2V\VideoCrafter\videos\eENFTG4UQsI_3_337to522.mp4,1,fake,OpenSource,I2V,OpenSource_I2V_VideoCrafter,0.9993144646286964,1.4412771570540968e-12,0.49965723231506887,,0,False
fake_00344,y3vyO-025CI_3_0to339.mp4,F:\MEngDatasets\AIGVDBench\videos\OpenSource\T2V\RepVideo\videos\y3vyO-025CI_3_0to339.mp4,1,fake,OpenSource,T2V,OpenSource_T2V_RepVideo,0.937663751814398,5.84995191804483e-05,0.4688611256667892,,0,False
fake_00345,NWYRv_MKaA8_10_24to132.mp4,F:\MEngDatasets\AIGVDBench\videos\OpenSource\I2V\Pyramid-Flow\videos\NWYRv_MKaA8_10_24to132.mp4,1,fake,OpenSource,I2V,OpenSource_I2V_Pyramid-Flow,0.05186132438721813,6.519441609777714e-11,0.025930662226206276,,0,False
fake_00346,0BPQnk47p6M_2_55to191.mp4,F:\MEngDatasets\AIGVDBench\videos\OpenSource\T2V\RepVideo\videos\0BPQnk47p6M_2_55to191.mp4,1,fake,OpenSource,T2V,OpenSource_T2V_RepVideo,0.8999399580061436,0.00017602695797568716,0.45005799248205963,,0,False
real_00360,26oLlN0r43Y_23_0to113.mp4,F:\MEngDatasets\AIGVDBench\videos\Real\Real\videos\26oLlN0r43Y_23_0to113.mp4,0,real,Real,,Real,0.042614508458827416,9.740672989558007e-06,0.02131212456590849,,0,True
real_00361,Twqwaglkj0w_18_129to303.mp4,F:\MEngDatasets\AIGVDBench\videos\Real\Real\videos\Twqwaglkj0w_18_129to303.mp4,0,real,Real,,Real,4.454883384814173e-06,8.350877280170443e-10,2.2278592362710953e-06,,0,True
real_00362,Rl9aNRRRLes_0_0to270.mp4,F:\MEngDatasets\AIGVDBench\videos\Real\Real\videos\Rl9aNRRRLes_0_0to270.mp4,0,real,Real,,Real,2.5804310591071022e-08,0.2099762034814708,0.1049881146428907,,0,True
fake_00347,02M4tj70Ju0_20_0to116.mp4,F:\MEngDatasets\AIGVDBench\videos\OpenSource\T2V\Cogvideox1.5\videos\02M4tj70Ju0_20_0to116.mp4,1,fake,OpenSource,T2V,OpenSource_T2V_Cogvideox1.5,0.9988190978765488,0.12046011060023526,0.559639604238392,,1,True
fake_00348,jty7y2KedUE_23_0to259.mp4,F:\MEngDatasets\AIGVDBench\videos\OpenSource\T2V\Wan2.1\videos\jty7y2KedUE_23_0to259.mp4,1,fake,OpenSource,T2V,OpenSource_T2V_Wan2.1,0.9999112822115421,0.10530485737003119,0.5526080697907867,,1,True
fake_00349,y3vyO-025CI_3_0to339.mp4,F:\MEngDatasets\AIGVDBench\videos\OpenSource\T2V\EasyAnimate\videos\y3vyO-025CI_3_0to339.mp4,1,fake,OpenSource,T2V,OpenSource_T2V_EasyAnimate,0.9999999105930328,4.732655266256538e-14,0.49999995529654007,,0,False
fake_00350,W5R52mgaBgk_13_85to215.mp4,F:\MEngDatasets\AIGVDBench\videos\OpenSource\T2V\AccVideo\videos\W5R52mgaBgk_13_85to215.mp4,1,fake,OpenSource,T2V,OpenSource_T2V_AccVideo,0.9999899789690971,0.7726790208369494,0.8863344999030233,,1,True
real_00363,lf6pex8dvzY_4_59to474.mp4,F:\MEngDatasets\AIGVDBench\videos\Real\Real\videos\lf6pex8dvzY_4_59to474.mp4,0,real,Real,,Real,8.039647734185348e-06,0.33231956240073734,0.16616380102423575,,0,True
real_00364,0xqq0sCP5zw_31_0to146.mp4,F:\MEngDatasets\AIGVDBench\videos\Real\Real\videos\0xqq0sCP5zw_31_0to146.mp4,0,real,Real,,Real,0.0074824085148677,0.08279040531388689,0.04513640691437729,,0,True
real_00365,m7V1i3jhomo_105_0to194.mp4,F:\MEngDatasets\AIGVDBench\videos\Real\Real\videos\m7V1i3jhomo_105_0to194.mp4,0,real,Real,,Real,8.142059321173e-14,1.085778512210922e-07,5.4288966320842706e-08,,0,True
real_00366,3dD02kCEhsc_18_107to226.mp4,F:\MEngDatasets\AIGVDBench\videos\Real\Real\videos\3dD02kCEhsc_18_107to226.mp4,0,real,Real,,Real,1.0384524179441173e-06,0.01125460757392915,0.005627823013173547,,0,True
real_00367,Nkbw67bFRXo_10_30to345.mp4,F:\MEngDatasets\AIGVDBench\videos\Real\Real\videos\Nkbw67bFRXo_10_30to345.mp4,0,real,Real,,Real,0.0001493169176592983,0.04797066119041294,0.02405998905403612,,0,True
fake_00351,4cvgTuAaMDM_1_0to181.mp4,F:\MEngDatasets\AIGVDBench\videos\OpenSource\T2V\Pyramid-Flow\videos\4cvgTuAaMDM_1_0to181.mp4,1,fake,OpenSource,T2V,OpenSource_T2V_Pyramid-Flow,0.9999999701976776,1.2524557560788442e-07,0.5000000477216267,,1,True
fake_00352,7TCW9wOxAWk_48_0to214.mp4,F:\MEngDatasets\AIGVDBench\videos\OpenSource\I2V\SVD\videos\7TCW9wOxAWk_48_0to214.mp4,1,fake,OpenSource,I2V,OpenSource_I2V_SVD,4.049150015816849e-05,1.1461435355747228e-12,2.0245750652156014e-05,,0,False
real_00368,Y7qCpUrDv1Y_45_0to163.mp4,F:\MEngDatasets\AIGVDBench\videos\Real\Real\videos\Y7qCpUrDv1Y_45_0to163.mp4,0,real,Real,,Real,4.4522168722474324e-09,1.3918857217528936e-06,6.981689693125705e-07,,0,True
fake_00353,7TCW9wOxAWk_48_0to214.mp4,F:\MEngDatasets\AIGVDBench\videos\OpenSource\V2V\Cogvideox1.5\videos\7TCW9wOxAWk_48_0to214.mp4,1,fake,OpenSource,V2V,OpenSource_V2V_Cogvideox1.5,0.03849755945338984,0.00024359558927476333,0.0193705775213323,,0,False
real_00369,vMZFya23iKw_5_24to304.mp4,F:\MEngDatasets\AIGVDBench\videos\Real\Real\videos\vMZFya23iKw_5_24to304.mp4,0,real,Real,,Real,1.8404214298384236e-09,0.06844202064258768,0.034221011241504555,,0,True
fake_00354,W5R52mgaBgk_13_85to215.mp4,F:\MEngDatasets\AIGVDBench\videos\OpenSource\I2V\SVD\videos\W5R52mgaBgk_13_85to215.mp4,1,fake,OpenSource,I2V,OpenSource_I2V_SVD,0.0004480422674930651,1.9305598833190456e-12,0.00022402113471181248,,0,False
real_00370,2v8cSbtddZA_5_0to128.mp4,F:\MEngDatasets\AIGVDBench\videos\Real\Real\videos\2v8cSbtddZA_5_0to128.mp4,0,real,Real,,Real,9.324916069343436e-07,0.11290286888634442,0.056451900688975674,,0,True
real_00371,lQeVwW6IUH0_81_0to110.mp4,F:\MEngDatasets\AIGVDBench\videos\Real\Real\videos\lQeVwW6IUH0_81_0to110.mp4,0,real,Real,,Real,7.0968496646397e-08,0.005884129744269684,0.002942100356383165,,0,True
real_00372,e-cj2KueU0w_57_249to386.mp4,F:\MEngDatasets\AIGVDBench\videos\Real\Real\videos\e-cj2KueU0w_57_249to386.mp4,0,real,Real,,Real,3.1403293775328443e-09,1.6861730416735028e-11,1.5785955539747897e-09,,0,True
real_00373,csvw7Azxbf4_13_0to151.mp4,F:\MEngDatasets\AIGVDBench\videos\Real\Real\videos\csvw7Azxbf4_13_0to151.mp4,0,real,Real,,Real,0.0022668119709123857,8.775675617774444e-06,0.00113779382326508,,0,True
real_00374,y_4S3juFS3I_61_0to115.mp4,F:\MEngDatasets\AIGVDBench\videos\Real\Real\videos\y_4S3juFS3I_61_0to115.mp4,0,real,Real,,Real,7.664137595142053e-10,0.011234812496666417,0.005617406631540088,,0,True
real_00375,3NzWDC2xIx8_8_0to140.mp4,F:\MEngDatasets\AIGVDBench\videos\Real\Real\videos\3NzWDC2xIx8_8_0to140.mp4,0,real,Real,,Real,2.2900020542515173e-11,0.0002311155301209135,0.00011555777651046702,,0,True
real_00376,tAyqv7qX1BA_109_0to153.mp4,F:\MEngDatasets\AIGVDBench\videos\Real\Real\videos\tAyqv7qX1BA_109_0to153.mp4,0,real,Real,,Real,2.1846239361082015e-06,0.07097185982584034,0.035487022224888226,,0,True
real_00377,hgpqnWcv7uw_71_19to447.mp4,F:\MEngDatasets\AIGVDBench\videos\Real\Real\videos\hgpqnWcv7uw_71_19to447.mp4,0,real,Real,,Real,1.2013505933236232e-07,0.0545237418309562,0.027261930983007766,,0,True
real_00378,J1lBHGzqoQA_13_0to102.mp4,F:\MEngDatasets\AIGVDBench\videos\Real\Real\videos\J1lBHGzqoQA_13_0to102.mp4,0,real,Real,,Real,0.1641029379848078,0.2044121159046578,0.1842575269447328,,0,True
fake_00355,r03AuoH00eM_5_399to542.mp4,F:\MEngDatasets\AIGVDBench\videos\OpenSource\T2V\Wan2.1\videos\r03AuoH00eM_5_399to542.mp4,1,fake,OpenSource,T2V,OpenSource_T2V_Wan2.1,0.9999964907765388,0.00025500930624032064,0.5001257500413896,,1,True
fake_00356,eENFTG4UQsI_3_337to522.mp4,F:\MEngDatasets\AIGVDBench\videos\OpenSource\T2V\HunyuanVideo\videos\eENFTG4UQsI_3_337to522.mp4,1,fake,OpenSource,T2V,OpenSource_T2V_HunyuanVideo,0.04954467677453067,0.04341966574301352,0.0464821712587721,,0,False
fake_00357,jty7y2KedUE_23_0to259.mp4,F:\MEngDatasets\AIGVDBench\videos\OpenSource\T2V\VideoCrafter\videos\jty7y2KedUE_23_0to259.mp4,1,fake,OpenSource,T2V,OpenSource_T2V_VideoCrafter,0.9999980852007866,2.2714568130554234e-10,0.4999990427139661,,0,False
fake_00358,smJlYSVS9Ds_340_112to226.mp4,F:\MEngDatasets\AIGVDBench\videos\OpenSource\T2V\Open-Sora\videos\smJlYSVS9Ds_340_112to226.mp4,1,fake,OpenSource,T2V,OpenSource_T2V_Open-Sora,0.6876013651490211,1.687411228461052e-17,0.3438006825745106,,0,False
fake_00359,bG8EwSG8Hh4_1_0to149.mp4,F:\MEngDatasets\AIGVDBench\videos\OpenSource\T2V\RepVideo\videos\bG8EwSG8Hh4_1_0to149.mp4,1,fake,OpenSource,T2V,OpenSource_T2V_RepVideo,0.7028568903915584,0.12732421625806487,0.41509055332481165,,0,False
real_00379,ENIw1quFhGc_24_29to136.mp4,F:\MEngDatasets\AIGVDBench\videos\Real\Real\videos\ENIw1quFhGc_24_29to136.mp4,0,real,Real,,Real,1.4005651169934907e-06,0.07712032067938708,0.03856086062225204,,0,True
fake_00360,bG8EwSG8Hh4_1_0to149.mp4,F:\MEngDatasets\AIGVDBench\videos\OpenSource\I2V\VideoCrafter\videos\bG8EwSG8Hh4_1_0to149.mp4,1,fake,OpenSource,I2V,OpenSource_I2V_VideoCrafter,1.0,4.190891904276146e-13,0.5000000000002095,,1,True
real_00380,lK9ytBrA5Bs_11_0to281.mp4,F:\MEngDatasets\AIGVDBench\videos\Real\Real\videos\lK9ytBrA5Bs_11_0to281.mp4,0,real,Real,,Real,1.0078115467163075e-05,4.3898324648225904e-05,2.698822005769449e-05,,0,True
fake_00361,W5R52mgaBgk_13_85to215.mp4,F:\MEngDatasets\AIGVDBench\videos\OpenSource\T2V\IPOC\videos\W5R52mgaBgk_13_85to215.mp4,1,fake,OpenSource,T2V,OpenSource_T2V_IPOC,0.9548027627170086,0.44941230730940634,0.7021075350132074,,1,True
fake_00362,02M4tj70Ju0_20_0to116.mp4,F:\MEngDatasets\AIGVDBench\videos\OpenSource\T2V\HunyuanVideo\videos\02M4tj70Ju0_20_0to116.mp4,1,fake,OpenSource,T2V,OpenSource_T2V_HunyuanVideo,0.9999998584389687,0.0005407911169229489,0.5002703247779458,,1,True
fake_00363,smJlYSVS9Ds_340_112to226.mp4,F:\MEngDatasets\AIGVDBench\videos\OpenSource\T2V\EasyAnimate\videos\smJlYSVS9Ds_340_112to226.mp4,1,fake,OpenSource,T2V,OpenSource_T2V_EasyAnimate,0.9997371286153793,4.222309905314662e-09,0.49986856641884464,,0,False
fake_00364,nhskgJQ5XMU_202_0to114.mp4,F:\MEngDatasets\AIGVDBench\videos\OpenSource\T2V\VideoCrafter\videos\nhskgJQ5XMU_202_0to114.mp4,1,fake,OpenSource,T2V,OpenSource_T2V_VideoCrafter,0.9999993294477463,3.0461287941916946e-06,0.5000011877882702,,1,True
real_00381,r_nOiEVkhGM_6_64to735.mp4,F:\MEngDatasets\AIGVDBench\videos\Real\Real\videos\r_nOiEVkhGM_6_64to735.mp4,0,real,Real,,Real,3.017054105028741e-07,0.18860008968344882,0.09430019569442967,,0,True
fake_00365,gcgj6G8r-IQ_28_24to180.mp4,F:\MEngDatasets\AIGVDBench\videos\OpenSource\I2V\VideoCrafter\videos\gcgj6G8r-IQ_28_24to180.mp4,1,fake,OpenSource,I2V,OpenSource_I2V_VideoCrafter,1.0,9.82624623425432e-12,0.5000000000049131,,1,True
fake_00366,eENFTG4UQsI_3_337to522.mp4,F:\MEngDatasets\AIGVDBench\videos\OpenSource\T2V\VideoCrafter\videos\eENFTG4UQsI_3_337to522.mp4,1,fake,OpenSource,T2V,OpenSource_T2V_VideoCrafter,1.0,5.936436490861442e-07,0.5000002968218246,,1,True
fake_00367,o82SKvbybvY_14_104to700.mp4,F:\MEngDatasets\AIGVDBench\videos\OpenSource\T2V\HunyuanVideo\videos\o82SKvbybvY_14_104to700.mp4,1,fake,OpenSource,T2V,OpenSource_T2V_HunyuanVideo,0.9999983832240105,0.056320497147810414,0.5281594401859104,,1,True
fake_00368,jty7y2KedUE_23_0to259.mp4,F:\MEngDatasets\AIGVDBench\videos\OpenSource\T2V\LTX\videos\jty7y2KedUE_23_0to259.mp4,1,fake,OpenSource,T2V,OpenSource_T2V_LTX,4.268742184354579e-05,0.06379864783321998,0.03192066762753176,,0,False
fake_00369,vUVwNN47Uv0_7_1227to1461.mp4,F:\MEngDatasets\AIGVDBench\videos\OpenSource\T2V\VideoCrafter\videos\vUVwNN47Uv0_7_1227to1461.mp4,1,fake,OpenSource,T2V,OpenSource_T2V_VideoCrafter,1.0,1.6563930611859516e-07,0.500000082819653,,1,True
fake_00370,jet4_Hc5j8I_13_0to109.mp4,F:\MEngDatasets\AIGVDBench\videos\OpenSource\I2V\SVD\videos\jet4_Hc5j8I_13_0to109.mp4,1,fake,OpenSource,I2V,OpenSource_I2V_SVD,0.3716749156010337,3.364695344686313e-10,0.18583745796875162,,0,False
fake_00371,jet4_Hc5j8I_13_0to109.mp4,F:\MEngDatasets\AIGVDBench\videos\OpenSource\T2V\Pyramid-Flow\videos\jet4_Hc5j8I_13_0to109.mp4,1,fake,OpenSource,T2V,OpenSource_T2V_Pyramid-Flow,1.0,1.4147410058064112e-05,0.5000070737050291,,1,True
fake_00372,smJlYSVS9Ds_340_112to226.mp4,F:\MEngDatasets\AIGVDBench\videos\OpenSource\T2V\HunyuanVideo\videos\smJlYSVS9Ds_340_112to226.mp4,1,fake,OpenSource,T2V,OpenSource_T2V_HunyuanVideo,1.0,0.5908269041732638,0.7954134520866318,,1,True
real_00382,nDbgFCWpnNk_3_43to204.mp4,F:\MEngDatasets\AIGVDBench\videos\Real\Real\videos\nDbgFCWpnNk_3_43to204.mp4,0,real,Real,,Real,0.0005155236184695156,0.06112896232218832,0.030822242970328918,,0,True
fake_00373,EHRI1gr4zik_3_323to481.mp4,F:\MEngDatasets\AIGVDBench\videos\OpenSource\V2V\Cogvideox1.5\videos\EHRI1gr4zik_3_323to481.mp4,1,fake,OpenSource,V2V,OpenSource_V2V_Cogvideox1.5,1.0,3.111336424580936e-06,0.5000015556682122,,1,True
fake_00374,W5R52mgaBgk_13_85to215.mp4,F:\MEngDatasets\AIGVDBench\videos\OpenSource\I2V\EasyAnimate\videos\W5R52mgaBgk_13_85to215.mp4,1,fake,OpenSource,I2V,OpenSource_I2V_EasyAnimate,0.0005069630710750062,9.865813918465745e-06,0.00025841444249673597,,0,False
real_00383,wylDl_NBMMk_3_0to262.mp4,F:\MEngDatasets\AIGVDBench\videos\Real\Real\videos\wylDl_NBMMk_3_0to262.mp4,0,real,Real,,Real,0.1203433867167405,0.11498917209803441,0.11766627940738746,,0,True
fake_00375,vUVwNN47Uv0_7_1227to1461.mp4,F:\MEngDatasets\AIGVDBench\videos\OpenSource\T2V\LTX\videos\vUVwNN47Uv0_7_1227to1461.mp4,1,fake,OpenSource,T2V,OpenSource_T2V_LTX,0.015161887569320243,0.002946170359221408,0.009054028964270825,,0,False
real_00384,NPg_pFZLago_38_0to177.mp4,F:\MEngDatasets\AIGVDBench\videos\Real\Real\videos\NPg_pFZLago_38_0to177.mp4,0,real,Real,,Real,4.6029797780896414e-07,0.06823414558506768,0.034117302941522744,,0,True
real_00385,a5tU973I35w_0_0to109.mp4,F:\MEngDatasets\AIGVDBench\videos\Real\Real\videos\a5tU973I35w_0_0to109.mp4,0,real,Real,,Real,1.1966027629483744e-05,1.284329885880888e-07,6.047230309035916e-06,,0,True
real_00386,zkWV9iWp4-c_8_0to311.mp4,F:\MEngDatasets\AIGVDBench\videos\Real\Real\videos\zkWV9iWp4-c_8_0to311.mp4,0,real,Real,,Real,6.134658862421306e-08,0.14481221045423986,0.07240613590041424,,0,True
fake_00376,gcgj6G8r-IQ_28_24to180.mp4,F:\MEngDatasets\AIGVDBench\videos\OpenSource\T2V\AnimateDiff\home\lma\Benchmark\bench\opensource\T2V\AnimateDiff\videos\gcgj6G8r-IQ_28_24to180.mp4,1,fake,OpenSource,T2V,OpenSource_T2V_AnimateDiff,1.0,0.3287705073685023,0.6643852536842512,,1,True
real_00387,W4AOdOhERY0_9_0to388.mp4,F:\MEngDatasets\AIGVDBench\videos\Real\Real\videos\W4AOdOhERY0_9_0to388.mp4,0,real,Real,,Real,0.6188313383609056,0.008917195115015156,0.31387426673796043,,0,True
fake_00377,vUVwNN47Uv0_7_1227to1461.mp4,F:\MEngDatasets\AIGVDBench\videos\OpenSource\T2V\Pyramid-Flow\videos\vUVwNN47Uv0_7_1227to1461.mp4,1,fake,OpenSource,T2V,OpenSource_T2V_Pyramid-Flow,0.9999998360872269,0.00014614374535535976,0.5000729899162911,,1,True
fake_00378,r03AuoH00eM_5_399to542.mp4,F:\MEngDatasets\AIGVDBench\videos\OpenSource\I2V\SVD\videos\r03AuoH00eM_5_399to542.mp4,1,fake,OpenSource,I2V,OpenSource_I2V_SVD,0.00014684779778306734,3.849670863883855e-13,7.342389908401722e-05,,0,False
fake_00379,50KDhKUOrqI_57_294to582.mp4,F:\MEngDatasets\AIGVDBench\videos\OpenSource\T2V\AccVideo\videos\50KDhKUOrqI_57_294to582.mp4,1,fake,OpenSource,T2V,OpenSource_T2V_AccVideo,0.960769034922123,0.09815725739618684,0.5294631461591549,,1,True
real_00388,nnyRZotnPSU_29_0to256.mp4,F:\MEngDatasets\AIGVDBench\videos\Real\Real\videos\nnyRZotnPSU_29_0to256.mp4,0,real,Real,,Real,3.082786919684534e-08,1.9023471364362123e-20,1.5413934598432182e-08,,0,True
fake_00380,jty7y2KedUE_23_0to259.mp4,F:\MEngDatasets\AIGVDBench\videos\OpenSource\V2V\LTX\videos\jty7y2KedUE_23_0to259.mp4,1,fake,OpenSource,V2V,OpenSource_V2V_LTX,0.21980571772025526,0.1726453019109679,0.1962255098156116,,0,False
fake_00381,90u26k64J9A_14_0to144.mp4,F:\MEngDatasets\AIGVDBench\videos\OpenSource\T2V\Open-Sora\videos\90u26k64J9A_14_0to144.mp4,1,fake,OpenSource,T2V,OpenSource_T2V_Open-Sora,0.06698474561562762,8.034334805746438e-17,0.03349237280781385,,0,False
real_00389,4fsKk2b4leY_3_0to131.mp4,F:\MEngDatasets\AIGVDBench\videos\Real\Real\videos\4fsKk2b4leY_3_0to131.mp4,0,real,Real,,Real,8.95839973224911e-07,0.007160296780925875,0.00358059631044955,,0,True
fake_00382,smJlYSVS9Ds_340_112to226.mp4,F:\MEngDatasets\AIGVDBench\videos\OpenSource\T2V\IPOC\videos\smJlYSVS9Ds_340_112to226.mp4,1,fake,OpenSource,T2V,OpenSource_T2V_IPOC,0.9999974295496941,0.042028347656443504,0.5210128886030688,,1,True
fake_00383,HlRfdCWGMzI_22_114to219.mp4,F:\MEngDatasets\AIGVDBench\videos\OpenSource\T2V\AnimateDiff\home\lma\Benchmark\bench\opensource\T2V\AnimateDiff\videos\HlRfdCWGMzI_22_114to219.mp4,1,fake,OpenSource,T2V,OpenSource_T2V_AnimateDiff,1.0,0.02534662528942598,0.5126733126447129,,1,True
real_00390,_ax0ZLp5mJw_220_0to111.mp4,F:\MEngDatasets\AIGVDBench\videos\Real\Real\videos\_ax0ZLp5mJw_220_0to111.mp4,0,real,Real,,Real,1.266414585110692e-09,0.12895345568405406,0.06447672847523432,,0,True
fake_00384,QRYsvqSzYuE_43_455to1014.mp4,F:\MEngDatasets\AIGVDBench\videos\OpenSource\I2V\VideoCrafter\videos\QRYsvqSzYuE_43_455to1014.mp4,1,fake,OpenSource,I2V,OpenSource_I2V_VideoCrafter,0.9999999850988388,1.1954911351042714e-10,0.499999992609194,,0,False
real_00391,Lz6KoxGDNjQ_5_125to244.mp4,F:\MEngDatasets\AIGVDBench\videos\Real\Real\videos\Lz6KoxGDNjQ_5_125to244.mp4,0,real,Real,,Real,3.261988900149504e-05,0.10994458863585115,0.05498860426242632,,0,True
fake_00385,QRYsvqSzYuE_43_455to1014.mp4,F:\MEngDatasets\AIGVDBench\videos\OpenSource\T2V\RepVideo\videos\QRYsvqSzYuE_43_455to1014.mp4,1,fake,OpenSource,T2V,OpenSource_T2V_RepVideo,0.9541691429913044,0.21571565211692628,0.5849423975541154,,1,True
fake_00386,W5R52mgaBgk_13_85to215.mp4,F:\MEngDatasets\AIGVDBench\videos\OpenSource\T2V\Cogvideox1.5\videos\W5R52mgaBgk_13_85to215.mp4,1,fake,OpenSource,T2V,OpenSource_T2V_Cogvideox1.5,0.9701273143291473,0.3109822746972971,0.6405547945132222,,1,True
real_00392,_AwZc_Mglvg_5_0to124.mp4,F:\MEngDatasets\AIGVDBench\videos\Real\Real\videos\_AwZc_Mglvg_5_0to124.mp4,0,real,Real,,Real,5.189461029300735e-09,0.11611508859650713,0.05805754689298408,,0,True
real_00393,QWwT3zUM8CM_38_20to122.mp4,F:\MEngDatasets\AIGVDBench\videos\Real\Real\videos\QWwT3zUM8CM_38_20to122.mp4,0,real,Real,,Real,4.064757822386418e-05,6.924495664959917e-07,2.0670013895180085e-05,,0,True
fake_00387,vUVwNN47Uv0_7_1227to1461.mp4,F:\MEngDatasets\AIGVDBench\videos\OpenSource\T2V\EasyAnimate\videos\vUVwNN47Uv0_7_1227to1461.mp4,1,fake,OpenSource,T2V,OpenSource_T2V_EasyAnimate,0.9999083429574966,6.633068330989137e-05,0.49998733682040325,,0,False
fake_00388,o82SKvbybvY_14_104to700.mp4,F:\MEngDatasets\AIGVDBench\videos\OpenSource\I2V\VideoCrafter\videos\o82SKvbybvY_14_104to700.mp4,1,fake,OpenSource,I2V,OpenSource_I2V_VideoCrafter,0.9999989941716194,7.82684014882973e-16,0.4999994970858101,,0,False
fake_00389,r03AuoH00eM_5_399to542.mp4,F:\MEngDatasets\AIGVDBench\videos\OpenSource\I2V\VideoCrafter\videos\r03AuoH00eM_5_399to542.mp4,1,fake,OpenSource,I2V,OpenSource_I2V_VideoCrafter,0.8967572590336204,2.3181628097644724e-12,0.44837862951796925,,0,False
real_00394,906-6KTOWq8_1_23to209.mp4,F:\MEngDatasets\AIGVDBench\videos\Real\Real\videos\906-6KTOWq8_1_23to209.mp4,0,real,Real,,Real,0.008691166740853698,0.18000970938694916,0.09435043806390142,,0,True
real_00395,Hxc1AXTUzA4_19_0to264.mp4,F:\MEngDatasets\AIGVDBench\videos\Real\Real\videos\Hxc1AXTUzA4_19_0to264.mp4,0,real,Real,,Real,1.3370481969737347e-05,0.39780269385963546,0.1989080321708026,,0,True
real_00396,5lqsl8B5n8s_11_0to226.mp4,F:\MEngDatasets\AIGVDBench\videos\Real\Real\videos\5lqsl8B5n8s_11_0to226.mp4,0,real,Real,,Real,7.340075957305327e-09,0.3015275395468778,0.15076377344347686,,0,True
real_00397,Ju4B2liOmoc_5_0to148.mp4,F:\MEngDatasets\AIGVDBench\videos\Real\Real\videos\Ju4B2liOmoc_5_0to148.mp4,0,real,Real,,Real,0.22649508779986505,0.19734168274248465,0.21191838527117485,,0,True
fake_00390,4cvgTuAaMDM_1_0to181.mp4,F:\MEngDatasets\AIGVDBench\videos\OpenSource\V2V\Cogvideox1.5\videos\4cvgTuAaMDM_1_0to181.mp4,1,fake,OpenSource,V2V,OpenSource_V2V_Cogvideox1.5,0.9951988831162453,0.11531992009206811,0.5552594016041567,,1,True
fake_00391,y3vyO-025CI_3_0to339.mp4,F:\MEngDatasets\AIGVDBench\videos\OpenSource\T2V\LTX\videos\y3vyO-025CI_3_0to339.mp4,1,fake,OpenSource,T2V,OpenSource_T2V_LTX,2.582554165897477e-05,4.3345000285392265e-06,1.5080020843757e-05,,0,False
real_00398,QKh-B4_yL2w_22_0to115.mp4,F:\MEngDatasets\AIGVDBench\videos\Real\Real\videos\QKh-B4_yL2w_22_0to115.mp4,0,real,Real,,Real,0.14095146149702487,0.029974327982268772,0.08546289473964681,,0,True
real_00399,aUo5thn2Ci4_41_0to222.mp4,F:\MEngDatasets\AIGVDBench\videos\Real\Real\videos\aUo5thn2Ci4_41_0to222.mp4,0,real,Real,,Real,7.396351623344382e-10,3.084301463443888e-05,1.5421877134800607e-05,,0,True
fake_00392,guL5esGDFbk_11_0to163.mp4,F:\MEngDatasets\AIGVDBench\videos\OpenSource\I2V\EasyAnimate\videos\guL5esGDFbk_11_0to163.mp4,1,fake,OpenSource,I2V,OpenSource_I2V_EasyAnimate,3.467151731689766e-07,2.747257986183023e-10,1.7349494948379746e-07,,0,False
fake_00393,y3vyO-025CI_3_0to339.mp4,F:\MEngDatasets\AIGVDBench\videos\OpenSource\I2V\VideoCrafter\videos\y3vyO-025CI_3_0to339.mp4,1,fake,OpenSource,I2V,OpenSource_I2V_VideoCrafter,0.9999998733401299,1.500297369238733e-15,0.4999999366700657,,0,False
fake_00394,bG8EwSG8Hh4_1_0to149.mp4,F:\MEngDatasets\AIGVDBench\videos\OpenSource\V2V\LTX\videos\bG8EwSG8Hh4_1_0to149.mp4,1,fake,OpenSource,V2V,OpenSource_V2V_LTX,0.015270200167901038,0.000565116941224512,0.007917658554562775,,0,False
fake_00395,4cvgTuAaMDM_1_0to181.mp4,F:\MEngDatasets\AIGVDBench\videos\OpenSource\T2V\Wan2.1\videos\4cvgTuAaMDM_1_0to181.mp4,1,fake,OpenSource,T2V,OpenSource_T2V_Wan2.1,1.0,0.18987071895269308,0.5949353594763466,,1,True
fake_00396,guL5esGDFbk_11_0to163.mp4,F:\MEngDatasets\AIGVDBench\videos\OpenSource\T2V\VideoCrafter\videos\guL5esGDFbk_11_0to163.mp4,1,fake,OpenSource,T2V,OpenSource_T2V_VideoCrafter,0.9999980926513672,6.795807370915457e-13,0.4999990463260234,,0,False
fake_00397,vUVwNN47Uv0_7_1227to1461.mp4,F:\MEngDatasets\AIGVDBench\videos\OpenSource\I2V\SVD\videos\vUVwNN47Uv0_7_1227to1461.mp4,1,fake,OpenSource,I2V,OpenSource_I2V_SVD,0.18715674530540127,1.5187654233835777e-09,0.09357837341208335,,0,False
fake_00398,guL5esGDFbk_11_0to163.mp4,F:\MEngDatasets\AIGVDBench\videos\OpenSource\T2V\Pyramid-Flow\videos\guL5esGDFbk_11_0to163.mp4,1,fake,OpenSource,T2V,OpenSource_T2V_Pyramid-Flow,3.970428873268107e-08,3.9967964113168964e-11,1.987212834839712e-08,,0,False
fake_00399,4cvgTuAaMDM_1_0to181.mp4,F:\MEngDatasets\AIGVDBench\videos\OpenSource\T2V\LTX\videos\4cvgTuAaMDM_1_0to181.mp4,1,fake,OpenSource,T2V,OpenSource_T2V_LTX,0.00010748444356067921,0.07890374643261945,0.039505615438090065,,0,False
fake_00400,02M4tj70Ju0_20_0to116.mp4,F:\MEngDatasets\AIGVDBench\videos\OpenSource\I2V\VideoCrafter\videos\02M4tj70Ju0_20_0to116.mp4,1,fake,OpenSource,I2V,OpenSource_I2V_VideoCrafter,0.9999995604157448,3.3268396624587727e-08,0.4999997968420707,,0,False
fake_00401,50KDhKUOrqI_57_294to582.mp4,F:\MEngDatasets\AIGVDBench\videos\OpenSource\T2V\Open-Sora\videos\50KDhKUOrqI_57_294to582.mp4,1,fake,OpenSource,T2V,OpenSource_T2V_Open-Sora,5.455081389982297e-05,1.149934107829145e-13,2.727540700740819e-05,,0,False
fake_00402,jty7y2KedUE_23_0to259.mp4,F:\MEngDatasets\AIGVDBench\videos\OpenSource\I2V\Pyramid-Flow\videos\jty7y2KedUE_23_0to259.mp4,1,fake,OpenSource,I2V,OpenSource_I2V_Pyramid-Flow,0.0035408448475209298,2.85380520508895e-08,0.0017704366927864903,,0,False
fake_00403,r03AuoH00eM_5_399to542.mp4,F:\MEngDatasets\AIGVDBench\videos\OpenSource\V2V\Cogvideox1.5\videos\r03AuoH00eM_5_399to542.mp4,1,fake,OpenSource,V2V,OpenSource_V2V_Cogvideox1.5,0.025314023241662653,1.7718687427541692e-11,0.01265701162969067,,0,False
fake_00404,o82SKvbybvY_14_104to700.mp4,F:\MEngDatasets\AIGVDBench\videos\OpenSource\I2V\SEINE\videos\o82SKvbybvY_14_104to700.mp4,1,fake,OpenSource,I2V,OpenSource_I2V_SEINE,0.4994668969884515,1.0678400147569727e-15,0.24973344849422627,,0,False
fake_00405,02M4tj70Ju0_20_0to116.mp4,F:\MEngDatasets\AIGVDBench\videos\OpenSource\T2V\IPOC\videos\02M4tj70Ju0_20_0to116.mp4,1,fake,OpenSource,T2V,OpenSource_T2V_IPOC,0.9999610111117363,0.00974650277469646,0.5048537569432163,,1,True
real_00400,2hD4C48zkgs_42_92to197.mp4,F:\MEngDatasets\AIGVDBench\videos\Real\Real\videos\2hD4C48zkgs_42_92to197.mp4,0,real,Real,,Real,4.6267952918427335e-05,0.030677975851202237,0.015362121902060332,,0,True
real_00401,Q7gVhxcSvrM_12_16to237.mp4,F:\MEngDatasets\AIGVDBench\videos\Real\Real\videos\Q7gVhxcSvrM_12_16to237.mp4,0,real,Real,,Real,0.5871139137370847,0.06484635341334316,0.32598013357521394,,0,True
fake_00406,QRYsvqSzYuE_43_455to1014.mp4,F:\MEngDatasets\AIGVDBench\videos\OpenSource\T2V\AnimateDiff\home\lma\Benchmark\bench\opensource\T2V\AnimateDiff\videos\QRYsvqSzYuE_43_455to1014.mp4,1,fake,OpenSource,T2V,OpenSource_T2V_AnimateDiff,1.0,0.6331945726764389,0.8165972863382194,,1,True
real_00402,xXtMJhCcm0E_61_0to105.mp4,F:\MEngDatasets\AIGVDBench\videos\Real\Real\videos\xXtMJhCcm0E_61_0to105.mp4,0,real,Real,,Real,0.007038596219123505,0.47827207376678404,0.24265533499295378,,0,True
fake_00407,jet4_Hc5j8I_13_0to109.mp4,F:\MEngDatasets\AIGVDBench\videos\OpenSource\I2V\EasyAnimate\videos\jet4_Hc5j8I_13_0to109.mp4,1,fake,OpenSource,I2V,OpenSource_I2V_EasyAnimate,0.9965412020683289,3.9356141228317134e-13,0.4982706010343612,,0,False
real_00403,d-slobcQTVs_28_92to241.mp4,F:\MEngDatasets\AIGVDBench\videos\Real\Real\videos\d-slobcQTVs_28_92to241.mp4,0,real,Real,,Real,0.4537375227082521,0.0679303708358134,0.26083394677203275,,0,True
fake_00408,eENFTG4UQsI_3_337to522.mp4,F:\MEngDatasets\AIGVDBench\videos\OpenSource\I2V\LTX\videos\eENFTG4UQsI_3_337to522.mp4,1,fake,OpenSource,I2V,OpenSource_I2V_LTX,0.00013725899388816742,0.02460356862161085,0.012370413807749508,,0,False
real_00404,z2j45k0DrhQ_22_153to280.mp4,F:\MEngDatasets\AIGVDBench\videos\Real\Real\videos\z2j45k0DrhQ_22_153to280.mp4,0,real,Real,,Real,2.495759532178569e-15,2.1473950443046014e-08,1.0736976469402774e-08,,0,True
fake_00409,Vh2cObLYHJ8_13_0to496.mp4,F:\MEngDatasets\AIGVDBench\videos\OpenSource\T2V\AccVideo\videos\Vh2cObLYHJ8_13_0to496.mp4,1,fake,OpenSource,T2V,OpenSource_T2V_AccVideo,1.0,0.0007341708049073802,0.5003670854024537,,1,True
fake_00410,eENFTG4UQsI_3_337to522.mp4,F:\MEngDatasets\AIGVDBench\videos\OpenSource\T2V\RepVideo\videos\eENFTG4UQsI_3_337to522.mp4,1,fake,OpenSource,T2V,OpenSource_T2V_RepVideo,0.003806158653787861,0.048812203521758114,0.026309181087772988,,0,False
fake_00411,r03AuoH00eM_5_399to542.mp4,F:\MEngDatasets\AIGVDBench\videos\OpenSource\T2V\Pyramid-Flow\videos\r03AuoH00eM_5_399to542.mp4,1,fake,OpenSource,T2V,OpenSource_T2V_Pyramid-Flow,0.9999976381659508,5.1796292367482746e-08,0.49999884498112157,,0,False
fake_00412,EHRI1gr4zik_3_323to481.mp4,F:\MEngDatasets\AIGVDBench\videos\OpenSource\T2V\Open-Sora\videos\EHRI1gr4zik_3_323to481.mp4,1,fake,OpenSource,T2V,OpenSource_T2V_Open-Sora,0.776763828471303,4.1152943419975363e-17,0.3883819142356515,,0,False
fake_00413,vUVwNN47Uv0_7_1227to1461.mp4,F:\MEngDatasets\AIGVDBench\videos\OpenSource\T2V\Wan2.1\videos\vUVwNN47Uv0_7_1227to1461.mp4,1,fake,OpenSource,T2V,OpenSource_T2V_Wan2.1,0.9999963864684105,0.24131212773998717,0.6206542571041989,,1,True
fake_00414,7TCW9wOxAWk_48_0to214.mp4,F:\MEngDatasets\AIGVDBench\videos\OpenSource\T2V\EasyAnimate\videos\7TCW9wOxAWk_48_0to214.mp4,1,fake,OpenSource,T2V,OpenSource_T2V_EasyAnimate,0.999999962747097,4.4245661779552695e-07,0.5000002026018574,,1,True
real_00405,7XUtfvFFwKg_3_0to110.mp4,F:\MEngDatasets\AIGVDBench\videos\Real\Real\videos\7XUtfvFFwKg_3_0to110.mp4,0,real,Real,,Real,3.247651153413453e-05,1.8908047748624726e-06,1.71836581544985e-05,,0,True
fake_00415,nhskgJQ5XMU_202_0to114.mp4,F:\MEngDatasets\AIGVDBench\videos\OpenSource\I2V\Pyramid-Flow\videos\nhskgJQ5XMU_202_0to114.mp4,1,fake,OpenSource,I2V,OpenSource_I2V_Pyramid-Flow,0.999773845076561,0.060534502243416215,0.5301541736599886,,1,True
real_00406,UYqtFwLZXRc_2_0to1505.mp4,F:\MEngDatasets\AIGVDBench\videos\Real\Real\videos\UYqtFwLZXRc_2_0to1505.mp4,0,real,Real,,Real,3.677717177004089e-07,0.0995469723835413,0.0497736700776295,,0,True
fake_00416,90u26k64J9A_14_0to144.mp4,F:\MEngDatasets\AIGVDBench\videos\OpenSource\T2V\EasyAnimate\videos\90u26k64J9A_14_0to144.mp4,1,fake,OpenSource,T2V,OpenSource_T2V_EasyAnimate,1.0,0.17906400746401155,0.5895320037320058,,1,True
fake_00417,jet4_Hc5j8I_13_0to109.mp4,F:\MEngDatasets\AIGVDBench\videos\OpenSource\I2V\Pyramid-Flow\videos\jet4_Hc5j8I_13_0to109.mp4,1,fake,OpenSource,I2V,OpenSource_I2V_Pyramid-Flow,0.7551268078386784,2.4896889371917664e-11,0.3775634039317876,,0,False
fake_00418,eENFTG4UQsI_3_337to522.mp4,F:\MEngDatasets\AIGVDBench\videos\OpenSource\T2V\AnimateDiff\home\lma\Benchmark\bench\opensource\T2V\AnimateDiff\videos\eENFTG4UQsI_3_337to522.mp4,1,fake,OpenSource,T2V,OpenSource_T2V_AnimateDiff,1.0,0.9504131416479746,0.9752065708239873,,1,True
real_00407,jKd6Edd0noc_72_24to205.mp4,F:\MEngDatasets\AIGVDBench\videos\Real\Real\videos\jKd6Edd0noc_72_24to205.mp4,0,real,Real,,Real,6.464024170094174e-09,0.05874784047733535,0.02937392347067976,,0,True
fake_00419,4cvgTuAaMDM_1_0to181.mp4,F:\MEngDatasets\AIGVDBench\videos\OpenSource\I2V\Pyramid-Flow\videos\4cvgTuAaMDM_1_0to181.mp4,1,fake,OpenSource,I2V,OpenSource_I2V_Pyramid-Flow,0.7386397190857679,3.5606540843250052e-06,0.3693216398699261,,0,False
fake_00420,nhskgJQ5XMU_202_0to114.mp4,F:\MEngDatasets\AIGVDBench\videos\OpenSource\T2V\RepVideo\videos\nhskgJQ5XMU_202_0to114.mp4,1,fake,OpenSource,T2V,OpenSource_T2V_RepVideo,1.0,0.3284138710994739,0.664206935549737,,1,True
real_00408,riCmfzb2kZI_4_16to174.mp4,F:\MEngDatasets\AIGVDBench\videos\Real\Real\videos\riCmfzb2kZI_4_16to174.mp4,0,real,Real,,Real,3.4687355424112276e-07,1.6545054205747823e-05,8.445963879994473e-06,,0,True
real_00409,hClEBob9veQ_9_133to340.mp4,F:\MEngDatasets\AIGVDBench\videos\Real\Real\videos\hClEBob9veQ_9_133to340.mp4,0,real,Real,,Real,0.019685637384544208,0.0006605429607740613,0.010173090172659134,,0,True
fake_00421,vUVwNN47Uv0_7_1227to1461.mp4,F:\MEngDatasets\AIGVDBench\videos\OpenSource\T2V\IPOC\videos\vUVwNN47Uv0_7_1227to1461.mp4,1,fake,OpenSource,T2V,OpenSource_T2V_IPOC,0.8433826004620641,0.0028302146745872517,0.4231064075683257,,0,False
real_00410,af8sNYbdBRo_15_0to187.mp4,F:\MEngDatasets\AIGVDBench\videos\Real\Real\videos\af8sNYbdBRo_15_0to187.mp4,0,real,Real,,Real,0.07552897263229807,0.15132257047575148,0.11342577155402478,,0,True
fake_00422,gcgj6G8r-IQ_28_24to180.mp4,F:\MEngDatasets\AIGVDBench\videos\OpenSource\T2V\HunyuanVideo\videos\gcgj6G8r-IQ_28_24to180.mp4,1,fake,OpenSource,T2V,OpenSource_T2V_HunyuanVideo,0.9999725073575974,0.5135077301490127,0.756740118753305,,1,True
fake_00423,QRYsvqSzYuE_43_455to1014.mp4,F:\MEngDatasets\AIGVDBench\videos\OpenSource\T2V\Open-Sora\videos\QRYsvqSzYuE_43_455to1014.mp4,1,fake,OpenSource,T2V,OpenSource_T2V_Open-Sora,0.6374239081051201,1.0576798577435084e-16,0.3187119540525601,,0,False
real_00411,7xalOoH4Wjg_4_0to162.mp4,F:\MEngDatasets\AIGVDBench\videos\Real\Real\videos\7xalOoH4Wjg_4_0to162.mp4,0,real,Real,,Real,0.0014659791572861213,0.30493767986342407,0.1532018295103551,,0,True
real_00412,Vh2cObLYHJ8_13_0to496.mp4,F:\MEngDatasets\AIGVDBench\videos\Real\Real\videos\Vh2cObLYHJ8_13_0to496.mp4,0,real,Real,,Real,6.038308985040249e-07,0.33707098390986673,0.16853579387038262,,0,True
fake_00424,xPcAfdYCj5k_136_0to424.mp4,F:\MEngDatasets\AIGVDBench\videos\OpenSource\T2V\HunyuanVideo\videos\xPcAfdYCj5k_136_0to424.mp4,1,fake,OpenSource,T2V,OpenSource_T2V_HunyuanVideo,0.9999761693179607,0.005616092883101792,0.5027961311005312,,1,True
fake_00425,90u26k64J9A_14_0to144.mp4,F:\MEngDatasets\AIGVDBench\videos\OpenSource\I2V\VideoCrafter\videos\90u26k64J9A_14_0to144.mp4,1,fake,OpenSource,I2V,OpenSource_I2V_VideoCrafter,0.9914049915969372,1.9450980882113987e-10,0.4957024958957235,,0,False
fake_00426,Vh2cObLYHJ8_13_0to496.mp4,F:\MEngDatasets\AIGVDBench\videos\OpenSource\T2V\Wan2.1\videos\Vh2cObLYHJ8_13_0to496.mp4,1,fake,OpenSource,T2V,OpenSource_T2V_Wan2.1,0.9999985620379448,0.01960461805531161,0.5098015900466282,,1,True
fake_00427,bG8EwSG8Hh4_1_0to149.mp4,F:\MEngDatasets\AIGVDBench\videos\OpenSource\I2V\SVD\videos\bG8EwSG8Hh4_1_0to149.mp4,1,fake,OpenSource,I2V,OpenSource_I2V_SVD,0.9941721223294735,2.573913351320086e-13,0.4970860611648654,,0,False
fake_00428,nhskgJQ5XMU_202_0to114.mp4,F:\MEngDatasets\AIGVDBench\videos\OpenSource\T2V\EasyAnimate\videos\nhskgJQ5XMU_202_0to114.mp4,1,fake,OpenSource,T2V,OpenSource_T2V_EasyAnimate,1.0,5.865280007325187e-05,0.5000293264000366,,1,True
fake_00429,50KDhKUOrqI_57_294to582.mp4,F:\MEngDatasets\AIGVDBench\videos\OpenSource\I2V\LTX\videos\50KDhKUOrqI_57_294to582.mp4,1,fake,OpenSource,I2V,OpenSource_I2V_LTX,5.114499221470226e-06,0.0003157688781657238,0.00016044168869359701,,0,False
fake_00430,NWYRv_MKaA8_10_24to132.mp4,F:\MEngDatasets\AIGVDBench\videos\OpenSource\T2V\EasyAnimate\videos\NWYRv_MKaA8_10_24to132.mp4,1,fake,OpenSource,T2V,OpenSource_T2V_EasyAnimate,0.9442213512957096,1.0946713293021395e-07,0.47211073038142126,,0,False
fake_00431,7TCW9wOxAWk_48_0to214.mp4,F:\MEngDatasets\AIGVDBench\videos\OpenSource\T2V\AnimateDiff\home\lma\Benchmark\bench\opensource\T2V\AnimateDiff\videos\7TCW9wOxAWk_48_0to214.mp4,1,fake,OpenSource,T2V,OpenSource_T2V_AnimateDiff,1.0,0.18826727190601864,0.5941336359530093,,1,True
real_00413,3-h1C9ak67E_2_0to1423.mp4,F:\MEngDatasets\AIGVDBench\videos\Real\Real\videos\3-h1C9ak67E_2_0to1423.mp4,0,real,Real,,Real,3.7466108618789866e-07,0.1969129888660128,0.09845668176354949,,0,True
fake_00432,Vh2cObLYHJ8_13_0to496.mp4,F:\MEngDatasets\AIGVDBench\videos\OpenSource\T2V\LTX\videos\Vh2cObLYHJ8_13_0to496.mp4,1,fake,OpenSource,T2V,OpenSource_T2V_LTX,2.536658315621665e-07,0.0912793536098017,0.04563980363781663,,0,False
fake_00433,o82SKvbybvY_14_104to700.mp4,F:\MEngDatasets\AIGVDBench\videos\OpenSource\T2V\EasyAnimate\videos\o82SKvbybvY_14_104to700.mp4,1,fake,OpenSource,T2V,OpenSource_T2V_EasyAnimate,0.9999991282820702,5.108340097991976e-05,0.500025105841525,,1,True
fake_00434,QRYsvqSzYuE_43_455to1014.mp4,F:\MEngDatasets\AIGVDBench\videos\OpenSource\I2V\Pyramid-Flow\videos\QRYsvqSzYuE_43_455to1014.mp4,1,fake,OpenSource,I2V,OpenSource_I2V_Pyramid-Flow,0.9177270364016294,2.8387235799482263e-05,0.45887771181871445,,0,False
real_00414,1SsRvQvzN8Y_9_0to118.mp4,F:\MEngDatasets\AIGVDBench\videos\Real\Real\videos\1SsRvQvzN8Y_9_0to118.mp4,0,real,Real,,Real,1.258825408044506e-07,7.34519150924211e-06,3.7355370250232803e-06,,0,True
fake_00435,o82SKvbybvY_14_104to700.mp4,F:\MEngDatasets\AIGVDBench\videos\OpenSource\I2V\EasyAnimate\videos\o82SKvbybvY_14_104to700.mp4,1,fake,OpenSource,I2V,OpenSource_I2V_EasyAnimate,0.9990330711007118,2.523084894146769e-07,0.49951666170460063,,0,False
real_00415,-fW7LrHAyHg_35_120to303.mp4,F:\MEngDatasets\AIGVDBench\videos\Real\Real\videos\-fW7LrHAyHg_35_120to303.mp4,0,real,Real,,Real,4.247429011006165e-07,0.020037156245165576,0.010018790494033338,,0,True
real_00416,cpSjuQ_ZJvY_4_0to181.mp4,F:\MEngDatasets\AIGVDBench\videos\Real\Real\videos\cpSjuQ_ZJvY_4_0to181.mp4,0,real,Real,,Real,3.0132884054623332e-05,0.2926729984589195,0.14635156567148705,,0,True
fake_00436,Vh2cObLYHJ8_13_0to496.mp4,F:\MEngDatasets\AIGVDBench\videos\OpenSource\T2V\IPOC\videos\Vh2cObLYHJ8_13_0to496.mp4,1,fake,OpenSource,T2V,OpenSource_T2V_IPOC,0.9606247879564762,0.010766132080692733,0.4856954600185845,,0,False
fake_00437,y3vyO-025CI_3_0to339.mp4,F:\MEngDatasets\AIGVDBench\videos\OpenSource\T2V\Open-Sora\videos\y3vyO-025CI_3_0to339.mp4,1,fake,OpenSource,T2V,OpenSource_T2V_Open-Sora,0.8087763469666243,4.122083580999385e-18,0.40438817348331213,,0,False
real_00417,HVXLuHNVdzk_43_94to205.mp4,F:\MEngDatasets\AIGVDBench\videos\Real\Real\videos\HVXLuHNVdzk_43_94to205.mp4,0,real,Real,,Real,1.0974467334196047e-07,3.58465961430041e-05,1.797817040817303e-05,,0,True
real_00418,enNDRuuH1Dw_8_0to1541.mp4,F:\MEngDatasets\AIGVDBench\videos\Real\Real\videos\enNDRuuH1Dw_8_0to1541.mp4,0,real,Real,,Real,2.4808747740520404e-07,0.006025219007167121,0.003012733547322263,,0,True
real_00419,hWFbU-uAnSU_2_0to1480.mp4,F:\MEngDatasets\AIGVDBench\videos\Real\Real\videos\hWFbU-uAnSU_2_0to1480.mp4,0,real,Real,,Real,1.4510036922129547e-07,0.05066142296953633,0.025330784034952775,,0,True
fake_00438,guL5esGDFbk_11_0to163.mp4,F:\MEngDatasets\AIGVDBench\videos\OpenSource\T2V\RepVideo\videos\guL5esGDFbk_11_0to163.mp4,1,fake,OpenSource,T2V,OpenSource_T2V_RepVideo,1.6253093267732874e-08,0.002082734616462321,0.0010413754347777943,,0,False
real_00420,k2R_EtCkV8U_46_105to264.mp4,F:\MEngDatasets\AIGVDBench\videos\Real\Real\videos\k2R_EtCkV8U_46_105to264.mp4,0,real,Real,,Real,5.160462500711487e-08,0.5400295366763165,0.27001479414047075,,0,True
real_00421,ZU7vDFnZ9d8_64_0to105.mp4,F:\MEngDatasets\AIGVDBench\videos\Real\Real\videos\ZU7vDFnZ9d8_64_0to105.mp4,0,real,Real,,Real,7.816306601893253e-05,0.004080525312517125,0.0020793441892680287,,0,True
fake_00439,EHRI1gr4zik_3_323to481.mp4,F:\MEngDatasets\AIGVDBench\videos\OpenSource\T2V\HunyuanVideo\videos\EHRI1gr4zik_3_323to481.mp4,1,fake,OpenSource,T2V,OpenSource_T2V_HunyuanVideo,0.9999999850988388,0.3178814057808703,0.6589406954398546,,1,True
real_00422,0G4XFfTqh3M_0_321to456.mp4,F:\MEngDatasets\AIGVDBench\videos\Real\Real\videos\0G4XFfTqh3M_0_321to456.mp4,0,real,Real,,Real,2.0406141719442328e-07,0.053828884391042345,0.02691454422622977,,0,True
real_00423,86-iDJ2LNxw_3_25to161.mp4,F:\MEngDatasets\AIGVDBench\videos\Real\Real\videos\86-iDJ2LNxw_3_25to161.mp4,0,real,Real,,Real,1.223551650032399e-13,1.82995617061788e-06,9.149781464865224e-07,,0,True
real_00424,lnLiNNgN980_27_0to137.mp4,F:\MEngDatasets\AIGVDBench\videos\Real\Real\videos\lnLiNNgN980_27_0to137.mp4,0,real,Real,,Real,7.1506630190940924e-06,3.257782647112316e-06,5.204222833103204e-06,,0,True
fake_00440,jet4_Hc5j8I_13_0to109.mp4,F:\MEngDatasets\AIGVDBench\videos\OpenSource\T2V\AccVideo\videos\jet4_Hc5j8I_13_0to109.mp4,1,fake,OpenSource,T2V,OpenSource_T2V_AccVideo,0.9999993592500687,0.015516455138975498,0.5077579071945221,,1,True
real_00425,NDOQWsDH-tQ_0_0to125.mp4,F:\MEngDatasets\AIGVDBench\videos\Real\Real\videos\NDOQWsDH-tQ_0_0to125.mp4,0,real,Real,,Real,8.119415775364693e-07,0.0547645342555682,0.02738267309857287,,0,True
fake_00441,90u26k64J9A_14_0to144.mp4,F:\MEngDatasets\AIGVDBench\videos\OpenSource\I2V\SEINE\videos\90u26k64J9A_14_0to144.mp4,1,fake,OpenSource,I2V,OpenSource_I2V_SEINE,0.13695302861742675,3.18845239669263e-11,0.06847651432465564,,0,False
real_00426,8CLy3EPC5nI_22_114to246.mp4,F:\MEngDatasets\AIGVDBench\videos\Real\Real\videos\8CLy3EPC5nI_22_114to246.mp4,0,real,Real,,Real,3.321378939329762e-13,0.0002757162149001053,0.00013785810761612161,,0,True
real_00427,g4tld6ppv7Q_2_86to197.mp4,F:\MEngDatasets\AIGVDBench\videos\Real\Real\videos\g4tld6ppv7Q_2_86to197.mp4,0,real,Real,,Real,0.14198705529634026,0.8774039654061199,0.5096955103512301,,1,False
real_00428,dPYYWy1mmpY_2_528to1275.mp4,F:\MEngDatasets\AIGVDBench\videos\Real\Real\videos\dPYYWy1mmpY_2_528to1275.mp4,0,real,Real,,Real,1.6239476619966942e-06,0.15469743839935196,0.07734953117350699,,0,True
real_00429,qUNVSfQNbdk_73_119to300.mp4,F:\MEngDatasets\AIGVDBench\videos\Real\Real\videos\qUNVSfQNbdk_73_119to300.mp4,0,real,Real,,Real,4.77172251822644e-05,0.0031860815899852108,0.0016168994075837376,,0,True
fake_00442,EHRI1gr4zik_3_323to481.mp4,F:\MEngDatasets\AIGVDBench\videos\OpenSource\I2V\VideoCrafter\videos\EHRI1gr4zik_3_323to481.mp4,1,fake,OpenSource,I2V,OpenSource_I2V_VideoCrafter,1.0,9.43132224374239e-10,0.5000000004715661,,1,True
real_00430,CX7_yAPGIgE_15_0to433.mp4,F:\MEngDatasets\AIGVDBench\videos\Real\Real\videos\CX7_yAPGIgE_15_0to433.mp4,0,real,Real,,Real,2.5277055644242125e-11,5.272821119384715e-10,2.762795837913568e-10,,0,True
fake_00443,HlRfdCWGMzI_22_114to219.mp4,F:\MEngDatasets\AIGVDBench\videos\OpenSource\V2V\LTX\videos\HlRfdCWGMzI_22_114to219.mp4,1,fake,OpenSource,V2V,OpenSource_V2V_LTX,0.008961909868048679,0.054277732518342246,0.031619821193195466,,0,False
fake_00444,02M4tj70Ju0_20_0to116.mp4,F:\MEngDatasets\AIGVDBench\videos\OpenSource\I2V\EasyAnimate\videos\02M4tj70Ju0_20_0to116.mp4,1,fake,OpenSource,I2V,OpenSource_I2V_EasyAnimate,0.8551991250715218,2.176328144861165e-07,0.42759967135216814,,0,False
fake_00445,nhskgJQ5XMU_202_0to114.mp4,F:\MEngDatasets\AIGVDBench\videos\OpenSource\T2V\Open-Sora\videos\nhskgJQ5XMU_202_0to114.mp4,1,fake,OpenSource,T2V,OpenSource_T2V_Open-Sora,0.9991613887250423,7.961049552156384e-16,0.49958069436252156,,0,False
fake_00446,bG8EwSG8Hh4_1_0to149.mp4,F:\MEngDatasets\AIGVDBench\videos\OpenSource\V2V\Cogvideox1.5\videos\bG8EwSG8Hh4_1_0to149.mp4,1,fake,OpenSource,V2V,OpenSource_V2V_Cogvideox1.5,0.9974073432385921,0.03493875744723338,0.5161730503429127,,1,True
real_00431,0BaVZOa_gi4_3_19to925.mp4,F:\MEngDatasets\AIGVDBench\videos\Real\Real\videos\0BaVZOa_gi4_3_19to925.mp4,0,real,Real,,Real,7.792845298573714e-08,0.04175754741504605,0.02087881267174952,,0,True
fake_00447,bG8EwSG8Hh4_1_0to149.mp4,F:\MEngDatasets\AIGVDBench\videos\OpenSource\T2V\LTX\videos\bG8EwSG8Hh4_1_0to149.mp4,1,fake,OpenSource,T2V,OpenSource_T2V_LTX,0.0010778259149759606,0.11596407119763512,0.05852094855630554,,0,False
real_00432,y3vyO-025CI_3_0to339.mp4,F:\MEngDatasets\AIGVDBench\videos\Real\Real\videos\y3vyO-025CI_3_0to339.mp4,0,real,Real,,Real,8.899279911342718e-14,0.09259755046840527,0.046298775234247136,,0,True
real_00433,36xeuI0F6Ro_0_0to221.mp4,F:\MEngDatasets\AIGVDBench\videos\Real\Real\videos\36xeuI0F6Ro_0_0to221.mp4,0,real,Real,,Real,2.4493638325906453e-07,0.3640944663618238,0.18204735564910351,,0,True
real_00434,3ebhqmMWg14_0_0to199.mp4,F:\MEngDatasets\AIGVDBench\videos\Real\Real\videos\3ebhqmMWg14_0_0to199.mp4,0,real,Real,,Real,0.001011446825626372,0.09775025396421301,0.04938085039491969,,0,True
real_00435,ZTvi-PzwLWo_9_92to197.mp4,F:\MEngDatasets\AIGVDBench\videos\Real\Real\videos\ZTvi-PzwLWo_9_92to197.mp4,0,real,Real,,Real,0.1334223743833718,0.34692471217131243,0.2401735432773421,,0,True
real_00436,lU3ymKSqYVU_19_0to232.mp4,F:\MEngDatasets\AIGVDBench\videos\Real\Real\videos\lU3ymKSqYVU_19_0to232.mp4,0,real,Real,,Real,1.4597066548723003e-06,0.43786967460368736,0.21893556715517112,,0,True
real_00437,tbM2MAepv0M_11_0to221.mp4,F:\MEngDatasets\AIGVDBench\videos\Real\Real\videos\tbM2MAepv0M_11_0to221.mp4,0,real,Real,,Real,3.211179735174152e-07,0.41470698279787066,0.2073536519579221,,0,True
fake_00448,nhskgJQ5XMU_202_0to114.mp4,F:\MEngDatasets\AIGVDBench\videos\OpenSource\T2V\HunyuanVideo\videos\nhskgJQ5XMU_202_0to114.mp4,1,fake,OpenSource,T2V,OpenSource_T2V_HunyuanVideo,1.0,0.13233484085913289,0.5661674204295665,,1,True
real_00438,-tEvQoxGlYY_35_0to136.mp4,F:\MEngDatasets\AIGVDBench\videos\Real\Real\videos\-tEvQoxGlYY_35_0to136.mp4,0,real,Real,,Real,0.003381542253354297,0.045071679572702354,0.024226610913028326,,0,True
fake_00449,gcgj6G8r-IQ_28_24to180.mp4,F:\MEngDatasets\AIGVDBench\videos\OpenSource\T2V\IPOC\videos\gcgj6G8r-IQ_28_24to180.mp4,1,fake,OpenSource,T2V,OpenSource_T2V_IPOC,0.9983492009341717,0.6383882825573285,0.8183687417457501,,1,True
real_00439,3j_xaxMEuzA_3_0to104.mp4,F:\MEngDatasets\AIGVDBench\videos\Real\Real\videos\3j_xaxMEuzA_3_0to104.mp4,0,real,Real,,Real,4.687830078980992e-09,1.7201767119057187e-06,8.624322709923499e-07,,0,True
fake_00450,4cvgTuAaMDM_1_0to181.mp4,F:\MEngDatasets\AIGVDBench\videos\OpenSource\T2V\RepVideo\videos\4cvgTuAaMDM_1_0to181.mp4,1,fake,OpenSource,T2V,OpenSource_T2V_RepVideo,0.9983223713934422,0.029663630722572314,0.5139930010580073,,1,True
real_00440,JFnvP9FAy20_38_0to164.mp4,F:\MEngDatasets\AIGVDBench\videos\Real\Real\videos\JFnvP9FAy20_38_0to164.mp4,0,real,Real,,Real,1.9573746602719044e-06,0.05390343963761916,0.026952698506139718,,0,True
fake_00451,QRYsvqSzYuE_43_455to1014.mp4,F:\MEngDatasets\AIGVDBench\videos\OpenSource\T2V\EasyAnimate\videos\QRYsvqSzYuE_43_455to1014.mp4,1,fake,OpenSource,T2V,OpenSource_T2V_EasyAnimate,1.0,0.054446895535071774,0.5272234477675359,,1,True
fake_00452,vUVwNN47Uv0_7_1227to1461.mp4,F:\MEngDatasets\AIGVDBench\videos\OpenSource\T2V\Cogvideox1.5\videos\vUVwNN47Uv0_7_1227to1461.mp4,1,fake,OpenSource,T2V,OpenSource_T2V_Cogvideox1.5,0.32085872278548777,0.09306742527716398,0.20696307403132588,,0,False
fake_00453,jet4_Hc5j8I_13_0to109.mp4,F:\MEngDatasets\AIGVDBench\videos\OpenSource\T2V\Cogvideox1.5\videos\jet4_Hc5j8I_13_0to109.mp4,1,fake,OpenSource,T2V,OpenSource_T2V_Cogvideox1.5,7.221553302017014e-07,0.0003358775920324556,0.00016829987368132865,,0,False
real_00441,Vclh_WXAFWo_30_0to188.mp4,F:\MEngDatasets\AIGVDBench\videos\Real\Real\videos\Vclh_WXAFWo_30_0to188.mp4,0,real,Real,,Real,0.00012953322232080178,0.06522327613535121,0.03267640467883601,,0,True
fake_00454,HlRfdCWGMzI_22_114to219.mp4,F:\MEngDatasets\AIGVDBench\videos\OpenSource\T2V\Cogvideox1.5\videos\HlRfdCWGMzI_22_114to219.mp4,1,fake,OpenSource,T2V,OpenSource_T2V_Cogvideox1.5,0.796182956546545,7.342171623022272e-06,0.398095149359084,,0,False
real_00442,IMlAZsNPvYw_16_0to166.mp4,F:\MEngDatasets\AIGVDBench\videos\Real\Real\videos\IMlAZsNPvYw_16_0to166.mp4,0,real,Real,,Real,2.1291605208917375e-05,0.14299766514996862,0.07150947837758877,,0,True
fake_00455,HlRfdCWGMzI_22_114to219.mp4,F:\MEngDatasets\AIGVDBench\videos\OpenSource\T2V\EasyAnimate\videos\HlRfdCWGMzI_22_114to219.mp4,1,fake,OpenSource,T2V,OpenSource_T2V_EasyAnimate,1.0,7.768131757267717e-06,0.5000038840658786,,1,True
real_00443,8WBd6K_CJXE_189_126to243.mp4,F:\MEngDatasets\AIGVDBench\videos\Real\Real\videos\8WBd6K_CJXE_189_126to243.mp4,0,real,Real,,Real,1.486208667321031e-08,0.06401731318038231,0.03200866402123449,,0,True
real_00444,36wnadZbpyo_0_26to163.mp4,F:\MEngDatasets\AIGVDBench\videos\Real\Real\videos\36wnadZbpyo_0_26to163.mp4,0,real,Real,,Real,7.130258426225888e-09,0.22473589889220116,0.1123679530112298,,0,True
fake_00456,50KDhKUOrqI_57_294to582.mp4,F:\MEngDatasets\AIGVDBench\videos\OpenSource\V2V\LTX\videos\50KDhKUOrqI_57_294to582.mp4,1,fake,OpenSource,V2V,OpenSource_V2V_LTX,4.4528023782630655e-05,0.00020384694593676667,0.00012418748485969866,,0,False
fake_00457,eENFTG4UQsI_3_337to522.mp4,F:\MEngDatasets\AIGVDBench\videos\OpenSource\T2V\LTX\videos\eENFTG4UQsI_3_337to522.mp4,1,fake,OpenSource,T2V,OpenSource_T2V_LTX,0.0016417992652577595,0.020037202323922077,0.010839500794589918,,0,False
fake_00458,bG8EwSG8Hh4_1_0to149.mp4,F:\MEngDatasets\AIGVDBench\videos\OpenSource\T2V\Pyramid-Flow\videos\bG8EwSG8Hh4_1_0to149.mp4,1,fake,OpenSource,T2V,OpenSource_T2V_Pyramid-Flow,0.9384608962573111,2.0432160565598174e-05,0.46924066420893834,,0,False
real_00445,9DtKXbiWwtE_81_0to130.mp4,F:\MEngDatasets\AIGVDBench\videos\Real\Real\videos\9DtKXbiWwtE_81_0to130.mp4,0,real,Real,,Real,8.351528734727525e-11,1.3666656502427561e-05,6.833370008857454e-06,,0,True
real_00446,pv97fCP13SE_40_46to197.mp4,F:\MEngDatasets\AIGVDBench\videos\Real\Real\videos\pv97fCP13SE_40_46to197.mp4,0,real,Real,,Real,3.9013846912794303e-07,0.4583287301162879,0.2291645601273785,,0,True
real_00447,om5Jf1eMy6w_2_0to165.mp4,F:\MEngDatasets\AIGVDBench\videos\Real\Real\videos\om5Jf1eMy6w_2_0to165.mp4,0,real,Real,,Real,1.6567898872697404e-11,0.0641071970160374,0.03205359851630265,,0,True
fake_00459,guL5esGDFbk_11_0to163.mp4,F:\MEngDatasets\AIGVDBench\videos\OpenSource\I2V\Pyramid-Flow\videos\guL5esGDFbk_11_0to163.mp4,1,fake,OpenSource,I2V,OpenSource_I2V_Pyramid-Flow,2.936592513212363e-10,8.752616412784468e-12,1.512059338670104e-10,,0,False
fake_00460,Vh2cObLYHJ8_13_0to496.mp4,F:\MEngDatasets\AIGVDBench\videos\OpenSource\T2V\EasyAnimate\videos\Vh2cObLYHJ8_13_0to496.mp4,1,fake,OpenSource,T2V,OpenSource_T2V_EasyAnimate,1.0,6.008402526966277e-08,0.5000000300420127,,1,True
real_00448,_YJTbDMIVys_27_0to272.mp4,F:\MEngDatasets\AIGVDBench\videos\Real\Real\videos\_YJTbDMIVys_27_0to272.mp4,0,real,Real,,Real,0.013046711955605049,9.9407925356824e-06,0.006528326374070366,,0,True
fake_00461,o82SKvbybvY_14_104to700.mp4,F:\MEngDatasets\AIGVDBench\videos\OpenSource\T2V\Cogvideox1.5\videos\o82SKvbybvY_14_104to700.mp4,1,fake,OpenSource,T2V,OpenSource_T2V_Cogvideox1.5,0.03615088532978916,0.0005390775626627746,0.01834498144622597,,0,False
real_00449,uNGXuJl297c_25_0to156.mp4,F:\MEngDatasets\AIGVDBench\videos\Real\Real\videos\uNGXuJl297c_25_0to156.mp4,0,real,Real,,Real,0.32814386923837446,0.16892626462480015,0.2485350669315873,,0,True
fake_00462,50KDhKUOrqI_57_294to582.mp4,F:\MEngDatasets\AIGVDBench\videos\OpenSource\T2V\LTX\videos\50KDhKUOrqI_57_294to582.mp4,1,fake,OpenSource,T2V,OpenSource_T2V_LTX,9.369106266809979e-06,7.443036400151592e-05,4.189973513416295e-05,,0,False
fake_00463,50KDhKUOrqI_57_294to582.mp4,F:\MEngDatasets\AIGVDBench\videos\OpenSource\T2V\HunyuanVideo\videos\50KDhKUOrqI_57_294to582.mp4,1,fake,OpenSource,T2V,OpenSource_T2V_HunyuanVideo,0.9838503673672676,0.22030421587820873,0.6020772916227382,,1,True
real_00450,dX2S7MxxtN0_25_0to118.mp4,F:\MEngDatasets\AIGVDBench\videos\Real\Real\videos\dX2S7MxxtN0_25_0to118.mp4,0,real,Real,,Real,7.205885981936833e-07,0.13952431081454458,0.06976251570157138,,0,True
fake_00464,eENFTG4UQsI_3_337to522.mp4,F:\MEngDatasets\AIGVDBench\videos\OpenSource\I2V\Pyramid-Flow\videos\eENFTG4UQsI_3_337to522.mp4,1,fake,OpenSource,I2V,OpenSource_I2V_Pyramid-Flow,0.03387023641289488,5.173195558491888e-10,0.01693511846510722,,0,False
real_00451,hhwYTSuBuZY_13_0to1311.mp4,F:\MEngDatasets\AIGVDBench\videos\Real\Real\videos\hhwYTSuBuZY_13_0to1311.mp4,0,real,Real,,Real,4.8286355425398346e-08,0.7405634007237495,0.3702817245050525,,0,True
real_00452,HlRfdCWGMzI_22_114to219.mp4,F:\MEngDatasets\AIGVDBench\videos\Real\Real\videos\HlRfdCWGMzI_22_114to219.mp4,0,real,Real,,Real,9.177560501552259e-07,0.00016593936346141666,8.342855975578594e-05,,0,True
fake_00465,bG8EwSG8Hh4_1_0to149.mp4,F:\MEngDatasets\AIGVDBench\videos\OpenSource\T2V\Wan2.1\videos\bG8EwSG8Hh4_1_0to149.mp4,1,fake,OpenSource,T2V,OpenSource_T2V_Wan2.1,0.9999990835785866,0.29213470117981616,0.6460668923792013,,1,True
fake_00466,r03AuoH00eM_5_399to542.mp4,F:\MEngDatasets\AIGVDBench\videos\OpenSource\V2V\LTX\videos\r03AuoH00eM_5_399to542.mp4,1,fake,OpenSource,V2V,OpenSource_V2V_LTX,3.7681671032161607e-10,0.00012107065405857525,6.0535515437642785e-05,,0,False
fake_00467,0BPQnk47p6M_2_55to191.mp4,F:\MEngDatasets\AIGVDBench\videos\OpenSource\I2V\Pyramid-Flow\videos\0BPQnk47p6M_2_55to191.mp4,1,fake,OpenSource,I2V,OpenSource_I2V_Pyramid-Flow,1.3290512237418284e-06,5.6881396577844e-10,6.648100188538034e-07,,0,False
real_00453,ofurWzQTGeI_94_342to615.mp4,F:\MEngDatasets\AIGVDBench\videos\Real\Real\videos\ofurWzQTGeI_94_342to615.mp4,0,real,Real,,Real,1.6633460976807346e-07,0.005272836274174857,0.0026365013043923124,,0,True
real_00454,JFuanBMh6ko_1_0to154.mp4,F:\MEngDatasets\AIGVDBench\videos\Real\Real\videos\JFuanBMh6ko_1_0to154.mp4,0,real,Real,,Real,1.6868924532259549e-09,0.000206818246937616,0.00010340996691503461,,0,True
real_00455,549hAQCHF7c_2_0to990.mp4,F:\MEngDatasets\AIGVDBench\videos\Real\Real\videos\549hAQCHF7c_2_0to990.mp4,0,real,Real,,Real,0.0006396887635586466,0.014879208192006072,0.007759448477782359,,0,True
fake_00468,NWYRv_MKaA8_10_24to132.mp4,F:\MEngDatasets\AIGVDBench\videos\OpenSource\T2V\IPOC\videos\NWYRv_MKaA8_10_24to132.mp4,1,fake,OpenSource,T2V,OpenSource_T2V_IPOC,1.0,4.235823164473509e-09,0.5000000021179116,,1,True
fake_00469,7TCW9wOxAWk_48_0to214.mp4,F:\MEngDatasets\AIGVDBench\videos\OpenSource\I2V\EasyAnimate\videos\7TCW9wOxAWk_48_0to214.mp4,1,fake,OpenSource,I2V,OpenSource_I2V_EasyAnimate,0.2625288068775262,7.198113655747441e-12,0.13126440344236218,,0,False
real_00456,8Ie8de9eq3Y_10_0to111.mp4,F:\MEngDatasets\AIGVDBench\videos\Real\Real\videos\8Ie8de9eq3Y_10_0to111.mp4,0,real,Real,,Real,4.83580289486335e-06,0.0017414408633360226,0.000873138333115443,,0,True
real_00457,kKRh1p2XX3k_59_67to287.mp4,F:\MEngDatasets\AIGVDBench\videos\Real\Real\videos\kKRh1p2XX3k_59_67to287.mp4,0,real,Real,,Real,0.10056196440543701,0.021446022185856832,0.061003993295646916,,0,True
real_00458,o2Fgk14mBKs_12_85to262.mp4,F:\MEngDatasets\AIGVDBench\videos\Real\Real\videos\o2Fgk14mBKs_12_85to262.mp4,0,real,Real,,Real,2.8043644142994317e-10,0.0022808386052179347,0.001140419442827188,,0,True
real_00459,IDKbioWJe0U_9_0to198.mp4,F:\MEngDatasets\AIGVDBench\videos\Real\Real\videos\IDKbioWJe0U_9_0to198.mp4,0,real,Real,,Real,2.6110605121835404e-10,2.992376160378581e-08,1.509243382750208e-08,,0,True
real_00460,JtpcTe859CU_16_0to107.mp4,F:\MEngDatasets\AIGVDBench\videos\Real\Real\videos\JtpcTe859CU_16_0to107.mp4,0,real,Real,,Real,1.629727724150598e-05,0.0668719757755601,0.033444136526400804,,0,True
fake_00470,EHRI1gr4zik_3_323to481.mp4,F:\MEngDatasets\AIGVDBench\videos\OpenSource\T2V\RepVideo\videos\EHRI1gr4zik_3_323to481.mp4,1,fake,OpenSource,T2V,OpenSource_T2V_RepVideo,0.33318673726171255,0.0013192093390533917,0.16725297330038297,,0,False
fake_00471,y3vyO-025CI_3_0to339.mp4,F:\MEngDatasets\AIGVDBench\videos\OpenSource\I2V\Pyramid-Flow\videos\y3vyO-025CI_3_0to339.mp4,1,fake,OpenSource,I2V,OpenSource_I2V_Pyramid-Flow,0.010954889763922893,2.0509463835101046e-12,0.005477444882986919,,0,False
real_00461,KgrTKtOqcA0_6_66to318.mp4,F:\MEngDatasets\AIGVDBench\videos\Real\Real\videos\KgrTKtOqcA0_6_66to318.mp4,0,real,Real,,Real,0.001585109444306454,0.5463591828864689,0.2739721461653877,,0,True
fake_00472,HlRfdCWGMzI_22_114to219.mp4,F:\MEngDatasets\AIGVDBench\videos\OpenSource\T2V\IPOC\videos\HlRfdCWGMzI_22_114to219.mp4,1,fake,OpenSource,T2V,OpenSource_T2V_IPOC,0.3218442903835239,0.44015466597666847,0.38099947818009616,,0,False
real_00462,DJRDbSDG1GU_53_0to148.mp4,F:\MEngDatasets\AIGVDBench\videos\Real\Real\videos\DJRDbSDG1GU_53_0to148.mp4,0,real,Real,,Real,0.0003042416652552591,0.002862367019065533,0.0015833043421603962,,0,True
real_00463,nhskgJQ5XMU_202_0to114.mp4,F:\MEngDatasets\AIGVDBench\videos\Real\Real\videos\nhskgJQ5XMU_202_0to114.mp4,0,real,Real,,Real,0.0017190948026382102,0.8112586410716176,0.4064888679371279,,0,True
real_00464,rkP0vK1plbU_20_0to162.mp4,F:\MEngDatasets\AIGVDBench\videos\Real\Real\videos\rkP0vK1plbU_20_0to162.mp4,0,real,Real,,Real,0.003362376075804776,0.09509484068306241,0.049228608379433596,,0,True
fake_00473,NWYRv_MKaA8_10_24to132.mp4,F:\MEngDatasets\AIGVDBench\videos\OpenSource\I2V\SVD\videos\NWYRv_MKaA8_10_24to132.mp4,1,fake,OpenSource,I2V,OpenSource_I2V_SVD,0.6594324363395572,3.103703638627212e-10,0.3297162183249638,,0,False
real_00465,EfU4Nt-EUcU_16_0to104.mp4,F:\MEngDatasets\AIGVDBench\videos\Real\Real\videos\EfU4Nt-EUcU_16_0to104.mp4,0,real,Real,,Real,4.883761612006765e-06,0.16458822081513064,0.08229655228837132,,0,True
real_00466,A7jwsYPnrSk_30_0to109.mp4,F:\MEngDatasets\AIGVDBench\videos\Real\Real\videos\A7jwsYPnrSk_30_0to109.mp4,0,real,Real,,Real,7.196894080710767e-06,0.07083406102882214,0.03542062896145143,,0,True
real_00467,0NIGyLAVV8M_209_27to290.mp4,F:\MEngDatasets\AIGVDBench\videos\Real\Real\videos\0NIGyLAVV8M_209_27to290.mp4,0,real,Real,,Real,0.9984693005681038,0.3495799946161393,0.6740246475921216,,1,False
fake_00474,eENFTG4UQsI_3_337to522.mp4,F:\MEngDatasets\AIGVDBench\videos\OpenSource\T2V\Open-Sora\videos\eENFTG4UQsI_3_337to522.mp4,1,fake,OpenSource,T2V,OpenSource_T2V_Open-Sora,0.02979592719930224,9.643511869662456e-19,0.01489796359965112,,0,False
fake_00475,90u26k64J9A_14_0to144.mp4,F:\MEngDatasets\AIGVDBench\videos\OpenSource\V2V\LTX\videos\90u26k64J9A_14_0to144.mp4,1,fake,OpenSource,V2V,OpenSource_V2V_LTX,4.957845463948729e-06,0.2822957312178914,0.14115034453167769,,0,False
fake_00476,50KDhKUOrqI_57_294to582.mp4,F:\MEngDatasets\AIGVDBench\videos\OpenSource\I2V\VideoCrafter\videos\50KDhKUOrqI_57_294to582.mp4,1,fake,OpenSource,I2V,OpenSource_I2V_VideoCrafter,0.9999998956918716,9.010431269586932e-15,0.4999999478459403,,0,False
fake_00477,xPcAfdYCj5k_136_0to424.mp4,F:\MEngDatasets\AIGVDBench\videos\OpenSource\T2V\LTX\videos\xPcAfdYCj5k_136_0to424.mp4,1,fake,OpenSource,T2V,OpenSource_T2V_LTX,1.7776493822951878e-05,0.07311166667150228,0.036564721582662614,,0,False
real_00468,u9CMrLbY5S8_44_44to190.mp4,F:\MEngDatasets\AIGVDBench\videos\Real\Real\videos\u9CMrLbY5S8_44_44to190.mp4,0,real,Real,,Real,0.00026041291857303845,1.5439986115102963e-08,0.00013021417927957678,,0,True
fake_00478,guL5esGDFbk_11_0to163.mp4,F:\MEngDatasets\AIGVDBench\videos\OpenSource\V2V\LTX\videos\guL5esGDFbk_11_0to163.mp4,1,fake,OpenSource,V2V,OpenSource_V2V_LTX,5.52569727804262e-14,8.150750801264624e-05,4.0753754033951605e-05,,0,False
fake_00479,Vh2cObLYHJ8_13_0to496.mp4,F:\MEngDatasets\AIGVDBench\videos\OpenSource\I2V\EasyAnimate\videos\Vh2cObLYHJ8_13_0to496.mp4,1,fake,OpenSource,I2V,OpenSource_I2V_EasyAnimate,0.08450964099029079,5.64404898205593e-09,0.042254823317169884,,0,False
fake_00480,jty7y2KedUE_23_0to259.mp4,F:\MEngDatasets\AIGVDBench\videos\OpenSource\T2V\Open-Sora\videos\jty7y2KedUE_23_0to259.mp4,1,fake,OpenSource,T2V,OpenSource_T2V_Open-Sora,0.0017606182982490282,4.882469054203832e-16,0.0008803091491247582,,0,False
real_00469,OPMa5Y-ABaA_14_0to154.mp4,F:\MEngDatasets\AIGVDBench\videos\Real\Real\videos\OPMa5Y-ABaA_14_0to154.mp4,0,real,Real,,Real,3.3151065618852726e-05,0.00031977229127343296,0.00017646167844614284,,0,True
fake_00481,gcgj6G8r-IQ_28_24to180.mp4,F:\MEngDatasets\AIGVDBench\videos\OpenSource\I2V\Pyramid-Flow\videos\gcgj6G8r-IQ_28_24to180.mp4,1,fake,OpenSource,I2V,OpenSource_I2V_Pyramid-Flow,0.9317565523087978,0.00037005717782736755,0.4660633047433126,,0,False
fake_00482,NWYRv_MKaA8_10_24to132.mp4,F:\MEngDatasets\AIGVDBench\videos\OpenSource\T2V\RepVideo\videos\NWYRv_MKaA8_10_24to132.mp4,1,fake,OpenSource,T2V,OpenSource_T2V_RepVideo,0.4742924040183425,0.013804769250274756,0.24404858663430862,,0,False
fake_00483,bG8EwSG8Hh4_1_0to149.mp4,F:\MEngDatasets\AIGVDBench\videos\OpenSource\I2V\Pyramid-Flow\videos\bG8EwSG8Hh4_1_0to149.mp4,1,fake,OpenSource,I2V,OpenSource_I2V_Pyramid-Flow,0.2124638915847754,6.413379344974124e-10,0.10623194611305667,,0,False
fake_00484,0BPQnk47p6M_2_55to191.mp4,F:\MEngDatasets\AIGVDBench\videos\OpenSource\T2V\AnimateDiff\home\lma\Benchmark\bench\opensource\T2V\AnimateDiff\videos\0BPQnk47p6M_2_55to191.mp4,1,fake,OpenSource,T2V,OpenSource_T2V_AnimateDiff,0.9999864846467972,0.057001697330925555,0.5284940909888614,,1,True
real_00470,MTV8_vY9VuU_7_0to204.mp4,F:\MEngDatasets\AIGVDBench\videos\Real\Real\videos\MTV8_vY9VuU_7_0to204.mp4,0,real,Real,,Real,4.778120412662901e-07,0.07177104300490535,0.035885760408473306,,0,True
fake_00485,r03AuoH00eM_5_399to542.mp4,F:\MEngDatasets\AIGVDBench\videos\OpenSource\T2V\IPOC\videos\r03AuoH00eM_5_399to542.mp4,1,fake,OpenSource,T2V,OpenSource_T2V_IPOC,0.9632155261933804,0.08272262151525259,0.5229690738543165,,1,True
fake_00486,jet4_Hc5j8I_13_0to109.mp4,F:\MEngDatasets\AIGVDBench\videos\OpenSource\T2V\AnimateDiff\home\lma\Benchmark\bench\opensource\T2V\AnimateDiff\videos\jet4_Hc5j8I_13_0to109.mp4,1,fake,OpenSource,T2V,OpenSource_T2V_AnimateDiff,1.0,0.36441340536500016,0.6822067026825,,1,True
real_00471,wcY6nDp_HzM_58_22to134.mp4,F:\MEngDatasets\AIGVDBench\videos\Real\Real\videos\wcY6nDp_HzM_58_22to134.mp4,0,real,Real,,Real,1.6041594529505113e-09,3.0841354475008576e-05,1.5421479317230763e-05,,0,True
fake_00487,jty7y2KedUE_23_0to259.mp4,F:\MEngDatasets\AIGVDBench\videos\OpenSource\T2V\AnimateDiff\home\lma\Benchmark\bench\opensource\T2V\AnimateDiff\videos\jty7y2KedUE_23_0to259.mp4,1,fake,OpenSource,T2V,OpenSource_T2V_AnimateDiff,0.999909482896328,0.49540071699461424,0.7476550999454711,,1,True
fake_00488,smJlYSVS9Ds_340_112to226.mp4,F:\MEngDatasets\AIGVDBench\videos\OpenSource\I2V\EasyAnimate\videos\smJlYSVS9Ds_340_112to226.mp4,1,fake,OpenSource,I2V,OpenSource_I2V_EasyAnimate,0.9999998360872269,0.0006299670919023288,0.5003149015895646,,1,True
real_00472,X2zqiX6yL3I_91_0to114.mp4,F:\MEngDatasets\AIGVDBench\videos\Real\Real\videos\X2zqiX6yL3I_91_0to114.mp4,0,real,Real,,Real,1.5693330022381602e-05,0.1775930979029439,0.08880439561648314,,0,True
real_00473,wSwpV85OXNs_139_0to124.mp4,F:\MEngDatasets\AIGVDBench\videos\Real\Real\videos\wSwpV85OXNs_139_0to124.mp4,0,real,Real,,Real,0.0024402912162973965,0.02001755665011776,0.011228923933207579,,0,True
fake_00489,smJlYSVS9Ds_340_112to226.mp4,F:\MEngDatasets\AIGVDBench\videos\OpenSource\I2V\Pyramid-Flow\videos\smJlYSVS9Ds_340_112to226.mp4,1,fake,OpenSource,I2V,OpenSource_I2V_Pyramid-Flow,0.9999885708093643,0.0005573511437883677,0.5002729609765764,,1,True
fake_00490,jty7y2KedUE_23_0to259.mp4,F:\MEngDatasets\AIGVDBench\videos\OpenSource\T2V\Pyramid-Flow\videos\jty7y2KedUE_23_0to259.mp4,1,fake,OpenSource,T2V,OpenSource_T2V_Pyramid-Flow,0.12331120618910063,4.522011427917007e-06,0.061657864100264276,,0,False
fake_00491,EHRI1gr4zik_3_323to481.mp4,F:\MEngDatasets\AIGVDBench\videos\OpenSource\T2V\EasyAnimate\videos\EHRI1gr4zik_3_323to481.mp4,1,fake,OpenSource,T2V,OpenSource_T2V_EasyAnimate,1.0,0.08087034580161975,0.5404351729008099,,1,True
real_00474,3-TF4iCcNbg_9_16to446.mp4,F:\MEngDatasets\AIGVDBench\videos\Real\Real\videos\3-TF4iCcNbg_9_16to446.mp4,0,real,Real,,Real,3.014150544986601e-08,0.06492815425345577,0.03246409219748061,,0,True
real_00475,50KDhKUOrqI_57_294to582.mp4,F:\MEngDatasets\AIGVDBench\videos\Real\Real\videos\50KDhKUOrqI_57_294to582.mp4,0,real,Real,,Real,0.001114672392759487,0.06474846451553887,0.03293156845414918,,0,True
real_00476,SGKXbHR2Atg_7_0to104.mp4,F:\MEngDatasets\AIGVDBench\videos\Real\Real\videos\SGKXbHR2Atg_7_0to104.mp4,0,real,Real,,Real,1.1452631800270912e-07,0.04551328020564124,0.022756697365979624,,0,True
real_00477,2zf8uvZBL44_0_0to1461.mp4,F:\MEngDatasets\AIGVDBench\videos\Real\Real\videos\2zf8uvZBL44_0_0to1461.mp4,0,real,Real,,Real,0.016795827179606704,0.14687306722180818,0.08183444720070744,,0,True
real_00478,mzInI2iwql0_1_0to155.mp4,F:\MEngDatasets\AIGVDBench\videos\Real\Real\videos\mzInI2iwql0_1_0to155.mp4,0,real,Real,,Real,2.316926090876548e-08,0.07430441216468656,0.037152217666973734,,0,True
real_00479,ZsxlTeh1BIo_42_20to148.mp4,F:\MEngDatasets\AIGVDBench\videos\Real\Real\videos\ZsxlTeh1BIo_42_20to148.mp4,0,real,Real,,Real,1.988405936556581e-06,0.17777870259449174,0.08889034550021416,,0,True
fake_00492,guL5esGDFbk_11_0to163.mp4,F:\MEngDatasets\AIGVDBench\videos\OpenSource\V2V\Cogvideox1.5\videos\guL5esGDFbk_11_0to163.mp4,1,fake,OpenSource,V2V,OpenSource_V2V_Cogvideox1.5,6.124916562431568e-11,5.659823199200668e-07,2.8302178454284554e-07,,0,False
real_00480,FT7EyOI4OpU_7_0to381.mp4,F:\MEngDatasets\AIGVDBench\videos\Real\Real\videos\FT7EyOI4OpU_7_0to381.mp4,0,real,Real,,Real,3.480275644481714e-09,0.000105619207462028,5.2811343868836244e-05,,0,True
real_00481,uD1qsJjHi14_6_0to210.mp4,F:\MEngDatasets\AIGVDBench\videos\Real\Real\videos\uD1qsJjHi14_6_0to210.mp4,0,real,Real,,Real,7.736120848523403e-09,0.1244386505941634,0.062219329165142126,,0,True
fake_00493,guL5esGDFbk_11_0to163.mp4,F:\MEngDatasets\AIGVDBench\videos\OpenSource\T2V\LTX\videos\guL5esGDFbk_11_0to163.mp4,1,fake,OpenSource,T2V,OpenSource_T2V_LTX,1.0155741875174547e-11,9.544064940903614e-05,4.772032978238901e-05,,0,False
real_00482,3Ym6Ip3M3fQ_39_45to225.mp4,F:\MEngDatasets\AIGVDBench\videos\Real\Real\videos\3Ym6Ip3M3fQ_39_45to225.mp4,0,real,Real,,Real,6.8317351083441e-08,0.05932205867489985,0.029661063496125465,,0,True
real_00483,NwGuCTHwXaY_24_17to144.mp4,F:\MEngDatasets\AIGVDBench\videos\Real\Real\videos\NwGuCTHwXaY_24_17to144.mp4,0,real,Real,,Real,1.521480103277434e-08,0.035629872261981665,0.017814943738391348,,0,True
real_00484,wcPaoCqMtMc_50_30to141.mp4,F:\MEngDatasets\AIGVDBench\videos\Real\Real\videos\wcPaoCqMtMc_50_30to141.mp4,0,real,Real,,Real,0.00015774159656117143,0.5293015280186485,0.2647296348076048,,0,True
fake_00494,vUVwNN47Uv0_7_1227to1461.mp4,F:\MEngDatasets\AIGVDBench\videos\OpenSource\T2V\HunyuanVideo\videos\vUVwNN47Uv0_7_1227to1461.mp4,1,fake,OpenSource,T2V,OpenSource_T2V_HunyuanVideo,0.05849793225934263,4.070453305214198e-05,0.029269318396197386,,0,False
real_00485,LJGo6Nla1L8_7_0to198.mp4,F:\MEngDatasets\AIGVDBench\videos\Real\Real\videos\LJGo6Nla1L8_7_0to198.mp4,0,real,Real,,Real,2.504875747848332e-09,9.789697633285262e-08,5.0200926040350476e-08,,0,True
fake_00495,0BPQnk47p6M_2_55to191.mp4,F:\MEngDatasets\AIGVDBench\videos\OpenSource\T2V\AccVideo\videos\0BPQnk47p6M_2_55to191.mp4,1,fake,OpenSource,T2V,OpenSource_T2V_AccVideo,0.08367971996767665,1.943312285839876e-08,0.041839869700399754,,0,False
real_00486,TzndBGp5IcI_359_0to171.mp4,F:\MEngDatasets\AIGVDBench\videos\Real\Real\videos\TzndBGp5IcI_359_0to171.mp4,0,real,Real,,Real,1.16736452089399e-07,0.14130687508939394,0.07065349591292301,,0,True
fake_00496,nhskgJQ5XMU_202_0to114.mp4,F:\MEngDatasets\AIGVDBench\videos\OpenSource\T2V\AccVideo\videos\nhskgJQ5XMU_202_0to114.mp4,1,fake,OpenSource,T2V,OpenSource_T2V_AccVideo,1.0,0.2819906385290736,0.6409953192645368,,1,True
fake_00497,50KDhKUOrqI_57_294to582.mp4,F:\MEngDatasets\AIGVDBench\videos\OpenSource\T2V\Pyramid-Flow\videos\50KDhKUOrqI_57_294to582.mp4,1,fake,OpenSource,T2V,OpenSource_T2V_Pyramid-Flow,0.9749549552798271,2.337082570587021e-10,0.4874774777567677,,0,False
real_00487,n6vXpIlCJAE_5_0to1336.mp4,F:\MEngDatasets\AIGVDBench\videos\Real\Real\videos\n6vXpIlCJAE_5_0to1336.mp4,0,real,Real,,Real,6.76529232046261e-05,0.06843702885601728,0.034252340889610954,,0,True
real_00488,nEFenj7hi4Y_5_0to637.mp4,F:\MEngDatasets\AIGVDBench\videos\Real\Real\videos\nEFenj7hi4Y_5_0to637.mp4,0,real,Real,,Real,4.155375295830481e-08,0.11769421985209418,0.058847130702923564,,0,True
real_00489,J0htRZc7Vew_4_24to147.mp4,F:\MEngDatasets\AIGVDBench\videos\Real\Real\videos\J0htRZc7Vew_4_24to147.mp4,0,real,Real,,Real,0.001189724037367057,0.06227153033700119,0.03173062718718413,,0,True
real_00490,8418w-jd_Fg_20_0to106.mp4,F:\MEngDatasets\AIGVDBench\videos\Real\Real\videos\8418w-jd_Fg_20_0to106.mp4,0,real,Real,,Real,0.8117298203287646,0.15647608234911559,0.4841029513389401,,0,True
real_00491,Cwv7zcFgVzY_18_0to265.mp4,F:\MEngDatasets\AIGVDBench\videos\Real\Real\videos\Cwv7zcFgVzY_18_0to265.mp4,0,real,Real,,Real,1.0486348491341125e-10,0.0061257028496219,0.0030628514772426925,,0,True
real_00492,Dbz52u3Ikcg_12_19to140.mp4,F:\MEngDatasets\AIGVDBench\videos\Real\Real\videos\Dbz52u3Ikcg_12_19to140.mp4,0,real,Real,,Real,9.080461915111915e-06,0.18096029082199916,0.09048468564195714,,0,True
real_00493,c5AwstOsjtg_3_847to1518.mp4,F:\MEngDatasets\AIGVDBench\videos\Real\Real\videos\c5AwstOsjtg_3_847to1518.mp4,0,real,Real,,Real,1.3565399857334265e-11,0.08940690803090207,0.04470345402223373,,0,True
real_00494,iUxEjC-H82E_12_19to211.mp4,F:\MEngDatasets\AIGVDBench\videos\Real\Real\videos\iUxEjC-H82E_12_19to211.mp4,0,real,Real,,Real,0.9887370765209198,0.28108793863405784,0.6349125075774888,,1,False
fake_00498,y3vyO-025CI_3_0to339.mp4,F:\MEngDatasets\AIGVDBench\videos\OpenSource\I2V\SVD\videos\y3vyO-025CI_3_0to339.mp4,1,fake,OpenSource,I2V,OpenSource_I2V_SVD,0.0055683983518974856,2.9237435479933405e-12,0.0027841991774106146,,0,False
real_00495,02M4tj70Ju0_20_0to116.mp4,F:\MEngDatasets\AIGVDBench\videos\Real\Real\videos\02M4tj70Ju0_20_0to116.mp4,0,real,Real,,Real,6.744990701038067e-08,0.004915850147787193,0.002457958798847102,,0,True
fake_00499,NWYRv_MKaA8_10_24to132.mp4,F:\MEngDatasets\AIGVDBench\videos\OpenSource\T2V\Cogvideox1.5\videos\NWYRv_MKaA8_10_24to132.mp4,1,fake,OpenSource,T2V,OpenSource_T2V_Cogvideox1.5,0.9956110566854477,0.2526003790871376,0.6241057178862927,,1,True
real_00496,wxKZ4N2rP-M_35_0to218.mp4,F:\MEngDatasets\AIGVDBench\videos\Real\Real\videos\wxKZ4N2rP-M_35_0to218.mp4,0,real,Real,,Real,4.972395132544095e-08,0.00016225898870368956,8.11543563275075e-05,,0,True
real_00497,pmhn8wnIXD0_25_23to178.mp4,F:\MEngDatasets\AIGVDBench\videos\Real\Real\videos\pmhn8wnIXD0_25_23to178.mp4,0,real,Real,,Real,1.0787949093701515e-11,0.01535607875388557,0.00767803938233676,,0,True
real_00498,PNBoSIO7DS4_14_283to398.mp4,F:\MEngDatasets\AIGVDBench\videos\Real\Real\videos\PNBoSIO7DS4_14_283to398.mp4,0,real,Real,,Real,1.7159741786147362e-10,5.077188346144107e-06,2.538679971780984e-06,,0,True
fake_00500,smJlYSVS9Ds_340_112to226.mp4,F:\MEngDatasets\AIGVDBench\videos\OpenSource\T2V\Pyramid-Flow\videos\smJlYSVS9Ds_340_112to226.mp4,1,fake,OpenSource,T2V,OpenSource_T2V_Pyramid-Flow,0.9999988526105881,9.115644964819676e-07,0.49999988208754226,,0,False
real_00499,hrIO6_fBc6A_27_0to488.mp4,F:\MEngDatasets\AIGVDBench\videos\Real\Real\videos\hrIO6_fBc6A_27_0to488.mp4,0,real,Real,,Real,0.004373341951101395,0.025072047155131838,0.014722694553116616,,0,True
real_00500,Bxu9BH_q-78_316_0to110.mp4,F:\MEngDatasets\AIGVDBench\videos\Real\Real\videos\Bxu9BH_q-78_316_0to110.mp4,0,real,Real,,Real,3.364308446333379e-13,0.0025395343223719733,0.0012697671613542021,,0,True
