video_id,path,label,label_name,source_type,task_type,generator_id,logit,prob_fake,error
Pair2\cogvideo\cogvideo\01698___a screen shot of an image in adobe illustrator.mp4,F:\MEngDatasets\GenVidBench\GenVidBench\Pair2\cogvideo\cogvideo\01698___a screen shot of an image in adobe illustrator.mp4,1,fake,Pair2,Pair2,cogvideo,9.127484032602021,0.9998913732284092,
Pair2\musev\musev\10955___a news anchor is talking to a camera.mp4,F:\MEngDatasets\GenVidBench\GenVidBench\Pair2\musev\musev\10955___a news anchor is talking to a camera.mp4,1,fake,Pair2,Pair2,musev,10.269201645484337,0.9999653161476664,
Pair2\musev\musev\01479___a group of police officers standing next to each other.mp4,F:\MEngDatasets\GenVidBench\GenVidBench\Pair2\musev\musev\01479___a group of police officers standing next to each other.mp4,1,fake,Pair2,Pair2,musev,9.98376098045936,0.9999538589303413,
Pair1\ms\ms\ms-c9b2959a-0cce-5df3-90e3-e0a70895dd77.mp4,F:\MEngDatasets\GenVidBench\GenVidBench\Pair1\ms\ms\ms-c9b2959a-0cce-5df3-90e3-e0a70895dd77.mp4,1,fake,Pair1,Pair1,ms,2.4749252833426,0.9223651873282088,
Pair1\vript\vript\-4-C3-Af7V8-Scene-001.mp4,F:\MEngDatasets\GenVidBench\GenVidBench\Pair1\vript\vript\-4-C3-Af7V8-Scene-001.mp4,0,real,Pair1,Pair1,vript,-4.836506866356906,0.007872258556184772,
Pair1\ms\ms\ms-70d666ee-bd5d-5ade-b0d1-b5b9085d5ca5.mp4,F:\MEngDatasets\GenVidBench\GenVidBench\Pair1\ms\ms\ms-70d666ee-bd5d-5ade-b0d1-b5b9085d5ca5.mp4,1,fake,Pair1,Pair1,ms,-2.9340169802308083,0.05049737307723239,
Pair1\ms\ms\ms-fd1c0be6-3ea0-504d-a8eb-3124d364ce30.mp4,F:\MEngDatasets\GenVidBench\GenVidBench\Pair1\ms\ms\ms-fd1c0be6-3ea0-504d-a8eb-3124d364ce30.mp4,1,fake,Pair1,Pair1,ms,0.8266720985993743,0.6956508031106822,
Pair2\cogvideo\cogvideo\03071___a shelf with a variety of metal items on it.mp4,F:\MEngDatasets\GenVidBench\GenVidBench\Pair2\cogvideo\cogvideo\03071___a shelf with a variety of metal items on it.mp4,1,fake,Pair2,Pair2,cogvideo,9.59381964712432,0.9999318560237576,
Pair2\svd\svd\12738___a stop sign with a street sign on top of it.mp4,F:\MEngDatasets\GenVidBench\GenVidBench\Pair2\svd\svd\12738___a stop sign with a street sign on top of it.mp4,1,fake,Pair2,Pair2,svd,8.95509842463902,0.999870939270582,
Pair2\hd_vg_130m\hd_vg_130m\10945___EP24CfRpQyU.11_3.mp4,F:\MEngDatasets\GenVidBench\GenVidBench\Pair2\hd_vg_130m\hd_vg_130m\10945___EP24CfRpQyU.11_3.mp4,0,real,Pair2,Pair2,hd_vg_130m,-2.804025068700403,0.057107055932155065,
Pair1\pika\pika\pika-12576125-3471-5ed6-9be2-055b7a86f8ce.mp4,F:\MEngDatasets\GenVidBench\GenVidBench\Pair1\pika\pika\pika-12576125-3471-5ed6-9be2-055b7a86f8ce.mp4,1,fake,Pair1,Pair1,pika,9.793706523047554,0.9999442014303922,
Pair2\hd_vg_130m\hd_vg_130m\01373___14ZZb-QvH5c.1_2.mp4,F:\MEngDatasets\GenVidBench\GenVidBench\Pair2\hd_vg_130m\hd_vg_130m\01373___14ZZb-QvH5c.1_2.mp4,0,real,Pair2,Pair2,hd_vg_130m,-7.1142530610106585,0.0008127669381768924,
Pair1\ms\ms\ms-38cf1d7c-c109-5d4c-aad6-d7638135a2b6.mp4,F:\MEngDatasets\GenVidBench\GenVidBench\Pair1\ms\ms\ms-38cf1d7c-c109-5d4c-aad6-d7638135a2b6.mp4,1,fake,Pair1,Pair1,ms,-0.43812641873955727,0.39218749660244534,
Pair1\vc2\vc2\vc-ba73da46-9e5c-5739-abef-c90fe2406aea.mp4,F:\MEngDatasets\GenVidBench\GenVidBench\Pair1\vc2\vc2\vc-ba73da46-9e5c-5739-abef-c90fe2406aea.mp4,1,fake,Pair1,Pair1,vc2,10.166730105876923,0.9999615737036867,
Pair1\vc2\vc2\vc-fd1c0be6-3ea0-504d-a8eb-3124d364ce30.mp4,F:\MEngDatasets\GenVidBench\GenVidBench\Pair1\vc2\vc2\vc-fd1c0be6-3ea0-504d-a8eb-3124d364ce30.mp4,1,fake,Pair1,Pair1,vc2,9.647554636001587,0.999935420866954,
Pair1\t2vz\t2vz\t2vz-560931d1-903d-56e8-87ac-149535967748.mp4,F:\MEngDatasets\GenVidBench\GenVidBench\Pair1\t2vz\t2vz\t2vz-560931d1-903d-56e8-87ac-149535967748.mp4,1,fake,Pair1,Pair1,t2vz,2.1803481094539165,0.8984708313987069,
Pair1\vript\vript\3C-vozLC-IM-Scene-038.mp4,F:\MEngDatasets\GenVidBench\GenVidBench\Pair1\vript\vript\3C-vozLC-IM-Scene-038.mp4,0,real,Pair1,Pair1,vript,-8.030942411873284,0.0003251358052696142,
Pair1\t2vz\t2vz\t2vz-10f4cf37-bc88-59ab-a946-4fd0f3368410.mp4,F:\MEngDatasets\GenVidBench\GenVidBench\Pair1\t2vz\t2vz\t2vz-10f4cf37-bc88-59ab-a946-4fd0f3368410.mp4,1,fake,Pair1,Pair1,t2vz,4.093047842383385,0.9835856350441881,
Pair1\pika\pika\pika-07de788b-da8a-5eba-b85c-7a3bb267ea0b.mp4,F:\MEngDatasets\GenVidBench\GenVidBench\Pair1\pika\pika\pika-07de788b-da8a-5eba-b85c-7a3bb267ea0b.mp4,1,fake,Pair1,Pair1,pika,9.178896082772148,0.9998968162596251,
Pair1\vript\vript\-L_VVyillvU-Scene-033.mp4,F:\MEngDatasets\GenVidBench\GenVidBench\Pair1\vript\vript\-L_VVyillvU-Scene-033.mp4,0,real,Pair1,Pair1,vript,-5.297562639393024,0.0049788619548882,
Pair2\cogvideo\cogvideo\03657___a computer screen showing a page with a picture on it.mp4,F:\MEngDatasets\GenVidBench\GenVidBench\Pair2\cogvideo\cogvideo\03657___a computer screen showing a page with a picture on it.mp4,1,fake,Pair2,Pair2,cogvideo,8.180461580103094,0.9997200057843845,
Pair2\hd_vg_130m\hd_vg_130m\02086___2u4ZjOVLTqk.3_1.mp4,F:\MEngDatasets\GenVidBench\GenVidBench\Pair2\hd_vg_130m\hd_vg_130m\02086___2u4ZjOVLTqk.3_1.mp4,0,real,Pair2,Pair2,hd_vg_130m,-9.281922871416265,9.308328210513839e-05,
Pair1\vript\vript\-gdaWqydHzk-Scene-050.mp4,F:\MEngDatasets\GenVidBench\GenVidBench\Pair1\vript\vript\-gdaWqydHzk-Scene-050.mp4,0,real,Pair1,Pair1,vript,-7.38414159318903,0.0006206380948325129,
Pair2\cogvideo\cogvideo\07832___a white letter e on a purple background.mp4,F:\MEngDatasets\GenVidBench\GenVidBench\Pair2\cogvideo\cogvideo\07832___a white letter e on a purple background.mp4,1,fake,Pair2,Pair2,cogvideo,10.375115018902402,0.9999688016770972,
Pair2\hd_vg_130m\hd_vg_130m\10833___Gsuz6Vs9azY.2_1.mp4,F:\MEngDatasets\GenVidBench\GenVidBench\Pair2\hd_vg_130m\hd_vg_130m\10833___Gsuz6Vs9azY.2_1.mp4,0,real,Pair2,Pair2,hd_vg_130m,-7.846753405479944,0.00039086655474566186,
Pair2\hd_vg_130m\hd_vg_130m\01407___-NIP2zgVsRY.0_3.mp4,F:\MEngDatasets\GenVidBench\GenVidBench\Pair2\hd_vg_130m\hd_vg_130m\01407___-NIP2zgVsRY.0_3.mp4,0,real,Pair2,Pair2,hd_vg_130m,-5.6604981914342165,0.003468708550652277,
Pair2\hd_vg_130m\hd_vg_130m\12847___DY-FIDOx3Ks.0_2.mp4,F:\MEngDatasets\GenVidBench\GenVidBench\Pair2\hd_vg_130m\hd_vg_130m\12847___DY-FIDOx3Ks.0_2.mp4,0,real,Pair2,Pair2,hd_vg_130m,-3.9899918119958104,0.018163837052003206,
Pair1\vc2\vc2\vc-0a0e36af-7512-5f96-b85a-5221fc0c267e.mp4,F:\MEngDatasets\GenVidBench\GenVidBench\Pair1\vc2\vc2\vc-0a0e36af-7512-5f96-b85a-5221fc0c267e.mp4,1,fake,Pair1,Pair1,vc2,7.30596986413002,0.9993289327192716,
Pair1\t2vz\t2vz\t2vz-ed905ae2-ee34-529c-a804-3ce2d5e7e939.mp4,F:\MEngDatasets\GenVidBench\GenVidBench\Pair1\t2vz\t2vz\t2vz-ed905ae2-ee34-529c-a804-3ce2d5e7e939.mp4,1,fake,Pair1,Pair1,t2vz,9.272393226623535,0.9999060255109421,
Pair1\vc2\vc2\vc-07de788b-da8a-5eba-b85c-7a3bb267ea0b.mp4,F:\MEngDatasets\GenVidBench\GenVidBench\Pair1\vc2\vc2\vc-07de788b-da8a-5eba-b85c-7a3bb267ea0b.mp4,1,fake,Pair1,Pair1,vc2,7.937183678150177,0.9996429164698171,
Pair1\vript\vript\3UHTQdotAzk-Scene-057.mp4,F:\MEngDatasets\GenVidBench\GenVidBench\Pair1\vript\vript\3UHTQdotAzk-Scene-057.mp4,0,real,Pair1,Pair1,vript,-6.784173858899842,0.001130263190625622,
Pair2\hd_vg_130m\hd_vg_130m\04154___44H2_zaW0sM.4_2.mp4,F:\MEngDatasets\GenVidBench\GenVidBench\Pair2\hd_vg_130m\hd_vg_130m\04154___44H2_zaW0sM.4_2.mp4,0,real,Pair2,Pair2,hd_vg_130m,3.667080815542828,0.9750856365155975,
Pair2\mora\mora\03015___a box of a toy ice cream maker for kids.mp4,F:\MEngDatasets\GenVidBench\GenVidBench\Pair2\mora\mora\03015___a box of a toy ice cream maker for kids.mp4,1,fake,Pair2,Pair2,mora,9.898883064587912,0.9999497717677575,
Pair1\vript\vript\-qGozrMz4DM-Scene-073.mp4,F:\MEngDatasets\GenVidBench\GenVidBench\Pair1\vript\vript\-qGozrMz4DM-Scene-073.mp4,0,real,Pair1,Pair1,vript,-6.051758797348294,0.002348191667255585,
Pair1\vript\vript\-CLU35KDfkI-Scene-014.mp4,F:\MEngDatasets\GenVidBench\GenVidBench\Pair1\vript\vript\-CLU35KDfkI-Scene-014.mp4,0,real,Pair1,Pair1,vript,-7.978942190583848,0.00034248430245946887,
Pair2\hd_vg_130m\hd_vg_130m\07440___6z-J6edJvcA.3_0.mp4,F:\MEngDatasets\GenVidBench\GenVidBench\Pair2\hd_vg_130m\hd_vg_130m\07440___6z-J6edJvcA.3_0.mp4,0,real,Pair2,Pair2,hd_vg_130m,-7.50985266793546,0.0005473620016666589,
Pair1\ms\ms\ms-25580f7b-c375-508d-9bb3-0cb7e318744a.mp4,F:\MEngDatasets\GenVidBench\GenVidBench\Pair1\ms\ms\ms-25580f7b-c375-508d-9bb3-0cb7e318744a.mp4,1,fake,Pair1,Pair1,ms,4.051748260855675,0.9829053664878773,
Pair2\mora\mora\01698___a screen shot of an image in adobe illustrator.mp4,F:\MEngDatasets\GenVidBench\GenVidBench\Pair2\mora\mora\01698___a screen shot of an image in adobe illustrator.mp4,1,fake,Pair2,Pair2,mora,10.340296626091003,0.9999676963047518,
Pair1\t2vz\t2vz\t2vz-8eeeefe2-5303-5ec2-895d-394d73ded281.mp4,F:\MEngDatasets\GenVidBench\GenVidBench\Pair1\t2vz\t2vz\t2vz-8eeeefe2-5303-5ec2-895d-394d73ded281.mp4,1,fake,Pair1,Pair1,t2vz,2.6288333907723427,0.9326943517777079,
Pair2\hd_vg_130m\hd_vg_130m\06836___B5OaRWCofOE.0_3.mp4,F:\MEngDatasets\GenVidBench\GenVidBench\Pair2\hd_vg_130m\hd_vg_130m\06836___B5OaRWCofOE.0_3.mp4,0,real,Pair2,Pair2,hd_vg_130m,-7.387205426882662,0.0006187406476966201,
Pair1\vript\vript\-Tznlx878UU-Scene-493.mp4,F:\MEngDatasets\GenVidBench\GenVidBench\Pair1\vript\vript\-Tznlx878UU-Scene-493.mp4,0,real,Pair1,Pair1,vript,-3.830161311851882,0.02124496819468301,
Pair2\hd_vg_130m\hd_vg_130m\08321___9J7L4KG7JmI.2_0.mp4,F:\MEngDatasets\GenVidBench\GenVidBench\Pair2\hd_vg_130m\hd_vg_130m\08321___9J7L4KG7JmI.2_0.mp4,0,real,Pair2,Pair2,hd_vg_130m,-5.831372089320567,0.002925464984590156,
Pair1\vript\vript\-j8An5lGDt0-Scene-077.mp4,F:\MEngDatasets\GenVidBench\GenVidBench\Pair1\vript\vript\-j8An5lGDt0-Scene-077.mp4,0,real,Pair1,Pair1,vript,-8.521908001104991,0.0001990196408138874,
Pair1\vc2\vc2\vc-a48b75cf-0aba-57f5-99ec-7a8ca28edaee.mp4,F:\MEngDatasets\GenVidBench\GenVidBench\Pair1\vc2\vc2\vc-a48b75cf-0aba-57f5-99ec-7a8ca28edaee.mp4,1,fake,Pair1,Pair1,vc2,9.084443032741547,0.9998865962890617,
Pair1\vript\vript\-7BKjOyJrk8-Scene-059.mp4,F:\MEngDatasets\GenVidBench\GenVidBench\Pair1\vript\vript\-7BKjOyJrk8-Scene-059.mp4,0,real,Pair1,Pair1,vript,-0.9122012609361925,0.28654960245661437,
Pair1\vript\vript\-8D05dM6q7U-Scene-028.mp4,F:\MEngDatasets\GenVidBench\GenVidBench\Pair1\vript\vript\-8D05dM6q7U-Scene-028.mp4,0,real,Pair1,Pair1,vript,-7.229995133009273,0.0007239998338572074,
Pair1\t2vz\t2vz\t2vz-0a0e36af-7512-5f96-b85a-5221fc0c267e.mp4,F:\MEngDatasets\GenVidBench\GenVidBench\Pair1\t2vz\t2vz\t2vz-0a0e36af-7512-5f96-b85a-5221fc0c267e.mp4,1,fake,Pair1,Pair1,t2vz,6.143760979175568,0.9978577648067991,
Pair2\mora\mora\13433___a refrigerator filled with eggs and milk.mp4,F:\MEngDatasets\GenVidBench\GenVidBench\Pair2\mora\mora\13433___a refrigerator filled with eggs and milk.mp4,1,fake,Pair2,Pair2,mora,9.583168745040894,0.9999311264002504,
Pair1\vript\vript\-6iIC9iblj0-Scene-028.mp4,F:\MEngDatasets\GenVidBench\GenVidBench\Pair1\vript\vript\-6iIC9iblj0-Scene-028.mp4,0,real,Pair1,Pair1,vript,-5.351231889058185,0.004719922093392764,
Pair2\svd\svd\02120___a close up of the inside of a microwave.mp4,F:\MEngDatasets\GenVidBench\GenVidBench\Pair2\svd\svd\02120___a close up of the inside of a microwave.mp4,1,fake,Pair2,Pair2,svd,10.01107999256679,0.9999551023404871,
Pair2\mora\mora\04343___a screenshot of a video game.mp4,F:\MEngDatasets\GenVidBench\GenVidBench\Pair2\mora\mora\04343___a screenshot of a video game.mp4,1,fake,Pair2,Pair2,mora,9.0346386830012,0.9998808059694821,
Pair1\t2vz\t2vz\t2vz-7b1711ba-3c30-539f-8ba7-5dff10e848c6.mp4,F:\MEngDatasets\GenVidBench\GenVidBench\Pair1\t2vz\t2vz\t2vz-7b1711ba-3c30-539f-8ba7-5dff10e848c6.mp4,1,fake,Pair1,Pair1,t2vz,8.712065815925598,0.9998354391899774,
Pair1\vript\vript\0MPSYshRlms-Scene-017.mp4,F:\MEngDatasets\GenVidBench\GenVidBench\Pair1\vript\vript\0MPSYshRlms-Scene-017.mp4,0,real,Pair1,Pair1,vript,-7.293195377412389,0.0006796889455581741,
Pair2\mora\mora\07835___an iphone sitting on a table in a dark room.mp4,F:\MEngDatasets\GenVidBench\GenVidBench\Pair2\mora\mora\07835___an iphone sitting on a table in a dark room.mp4,1,fake,Pair2,Pair2,mora,8.988330046335856,0.9998751571606576,
Pair2\hd_vg_130m\hd_vg_130m\02822___4ZeNq6s_aX4.0_0.mp4,F:\MEngDatasets\GenVidBench\GenVidBench\Pair2\hd_vg_130m\hd_vg_130m\02822___4ZeNq6s_aX4.0_0.mp4,0,real,Pair2,Pair2,hd_vg_130m,-5.46422591527969,0.004217753710251634,
Pair2\hd_vg_130m\hd_vg_130m\09660___HXdDdnHBNfg.7_1.mp4,F:\MEngDatasets\GenVidBench\GenVidBench\Pair2\hd_vg_130m\hd_vg_130m\09660___HXdDdnHBNfg.7_1.mp4,0,real,Pair2,Pair2,hd_vg_130m,-8.47668547713803,0.00020822450209735026,
Pair2\mora\mora\08566___a close up of a metal cylinder with a gauge on it.mp4,F:\MEngDatasets\GenVidBench\GenVidBench\Pair2\mora\mora\08566___a close up of a metal cylinder with a gauge on it.mp4,1,fake,Pair2,Pair2,mora,9.789989749590555,0.9999439936654966,
Pair2\hd_vg_130m\hd_vg_130m\06296___6VGXxUfYRVc.15_4.mp4,F:\MEngDatasets\GenVidBench\GenVidBench\Pair2\hd_vg_130m\hd_vg_130m\06296___6VGXxUfYRVc.15_4.mp4,0,real,Pair2,Pair2,hd_vg_130m,-3.6563776347357315,0.025175709112758765,
Pair2\hd_vg_130m\hd_vg_130m\00462___37lDTC7pDtg.11_0.mp4,F:\MEngDatasets\GenVidBench\GenVidBench\Pair2\hd_vg_130m\hd_vg_130m\00462___37lDTC7pDtg.11_0.mp4,0,real,Pair2,Pair2,hd_vg_130m,-6.080679893493652,0.0022814047561580783,
Pair2\svd\svd\00797___a close up of a bathroom sink.mp4,F:\MEngDatasets\GenVidBench\GenVidBench\Pair2\svd\svd\00797___a close up of a bathroom sink.mp4,1,fake,Pair2,Pair2,svd,9.022211142948695,0.9998793156181431,
Pair1\vript\vript\-hoUDV8bdpA-Scene-002.mp4,F:\MEngDatasets\GenVidBench\GenVidBench\Pair1\vript\vript\-hoUDV8bdpA-Scene-002.mp4,0,real,Pair1,Pair1,vript,-8.958448244177777,0.00012862917808835564,
Pair2\hd_vg_130m\hd_vg_130m\08345___B8v4LobEdFQ.10_2.mp4,F:\MEngDatasets\GenVidBench\GenVidBench\Pair2\hd_vg_130m\hd_vg_130m\08345___B8v4LobEdFQ.10_2.mp4,0,real,Pair2,Pair2,hd_vg_130m,-5.274287621138745,0.005095506763918009,
Pair2\cogvideo\cogvideo\00400___a stone archway with a clock on it.mp4,F:\MEngDatasets\GenVidBench\GenVidBench\Pair2\cogvideo\cogvideo\00400___a stone archway with a clock on it.mp4,1,fake,Pair2,Pair2,cogvideo,9.95996111089533,0.9999527476591925,
Pair2\hd_vg_130m\hd_vg_130m\08041___A17cnUV_AGI.13_0.mp4,F:\MEngDatasets\GenVidBench\GenVidBench\Pair2\hd_vg_130m\hd_vg_130m\08041___A17cnUV_AGI.13_0.mp4,0,real,Pair2,Pair2,hd_vg_130m,-4.930501579610925,0.0071710836502903875,
Pair2\mora\mora\09705___a screen shot of a character in a game.mp4,F:\MEngDatasets\GenVidBench\GenVidBench\Pair2\mora\mora\09705___a screen shot of a character in a game.mp4,1,fake,Pair2,Pair2,mora,8.2573455174764,0.9997407207340802,
Pair2\musev\musev\03689___the reflection of a cat in the window of a car.mp4,F:\MEngDatasets\GenVidBench\GenVidBench\Pair2\musev\musev\03689___the reflection of a cat in the window of a car.mp4,1,fake,Pair2,Pair2,musev,7.44711028612577,0.999417215593639,
Pair1\ms\ms\ms-a48b75cf-0aba-57f5-99ec-7a8ca28edaee.mp4,F:\MEngDatasets\GenVidBench\GenVidBench\Pair1\ms\ms\ms-a48b75cf-0aba-57f5-99ec-7a8ca28edaee.mp4,1,fake,Pair1,Pair1,ms,3.340121116489172,0.9657798453287085,
Pair2\svd\svd\10018___a black background with some logos on it.mp4,F:\MEngDatasets\GenVidBench\GenVidBench\Pair2\svd\svd\10018___a black background with some logos on it.mp4,1,fake,Pair2,Pair2,svd,4.61739199927875,0.990218105003796,
Pair2\hd_vg_130m\hd_vg_130m\01533___1T5KOtow1WU.0_2.mp4,F:\MEngDatasets\GenVidBench\GenVidBench\Pair2\hd_vg_130m\hd_vg_130m\01533___1T5KOtow1WU.0_2.mp4,0,real,Pair2,Pair2,hd_vg_130m,-5.576067227602664,0.0037731408611092867,
Pair2\cogvideo\cogvideo\04455___a green plant growing inside of a cage.mp4,F:\MEngDatasets\GenVidBench\GenVidBench\Pair2\cogvideo\cogvideo\04455___a green plant growing inside of a cage.mp4,1,fake,Pair2,Pair2,cogvideo,9.385075771447385,0.9999160391329261,
Pair2\hd_vg_130m\hd_vg_130m\09965___GfwQglHldVE.12_1.mp4,F:\MEngDatasets\GenVidBench\GenVidBench\Pair2\hd_vg_130m\hd_vg_130m\09965___GfwQglHldVE.12_1.mp4,0,real,Pair2,Pair2,hd_vg_130m,-3.80741989726112,0.021723028830984786,
Pair1\vript\vript\-Xl33P57QOs-Scene-056.mp4,F:\MEngDatasets\GenVidBench\GenVidBench\Pair1\vript\vript\-Xl33P57QOs-Scene-056.mp4,0,real,Pair1,Pair1,vript,-7.0230120947813015,0.0008903438378255749,
Pair2\mora\mora\07832___a white letter e on a purple background.mp4,F:\MEngDatasets\GenVidBench\GenVidBench\Pair2\mora\mora\07832___a white letter e on a purple background.mp4,1,fake,Pair2,Pair2,mora,8.485421160856882,0.9997935861855204,
Pair2\musev\musev\10018___a black background with some logos on it.mp4,F:\MEngDatasets\GenVidBench\GenVidBench\Pair2\musev\musev\10018___a black background with some logos on it.mp4,1,fake,Pair2,Pair2,musev,9.16215991973877,0.9998950750106487,
Pair1\vript\vript\04zSZBpj4vs-Scene-008.mp4,F:\MEngDatasets\GenVidBench\GenVidBench\Pair1\vript\vript\04zSZBpj4vs-Scene-008.mp4,0,real,Pair1,Pair1,vript,1.364506778655908,0.7964911910677438,
Pair1\vript\vript\-GFt-X9J04U-Scene-006.mp4,F:\MEngDatasets\GenVidBench\GenVidBench\Pair1\vript\vript\-GFt-X9J04U-Scene-006.mp4,0,real,Pair1,Pair1,vript,-5.653910958868826,0.0034915531200571687,
Pair1\ms\ms\ms-ed905ae2-ee34-529c-a804-3ce2d5e7e939.mp4,F:\MEngDatasets\GenVidBench\GenVidBench\Pair1\ms\ms\ms-ed905ae2-ee34-529c-a804-3ce2d5e7e939.mp4,1,fake,Pair1,Pair1,ms,1.8485178649425507,0.8639529894257638,
Pair2\hd_vg_130m\hd_vg_130m\07309___5w58rwwmKjg.0_1.mp4,F:\MEngDatasets\GenVidBench\GenVidBench\Pair2\hd_vg_130m\hd_vg_130m\07309___5w58rwwmKjg.0_1.mp4,0,real,Pair2,Pair2,hd_vg_130m,-2.410362429270461,0.08238591488010677,
Pair2\mora\mora\07294___four different colored dice with the words _playing the decks_.mp4,F:\MEngDatasets\GenVidBench\GenVidBench\Pair2\mora\mora\07294___four different colored dice with the words _playing the decks_.mp4,1,fake,Pair2,Pair2,mora,9.358628942320744,0.9999137892050617,
Pair1\vript\vript\--FQi0TgjRU-Scene-042.mp4,F:\MEngDatasets\GenVidBench\GenVidBench\Pair1\vript\vript\--FQi0TgjRU-Scene-042.mp4,0,real,Pair1,Pair1,vript,-10.251411571297595,3.530637984151932e-05,
Pair1\ms\ms\ms-6836d5d3-0d92-5d85-a32b-b121f9ba9b04.mp4,F:\MEngDatasets\GenVidBench\GenVidBench\Pair1\ms\ms\ms-6836d5d3-0d92-5d85-a32b-b121f9ba9b04.mp4,1,fake,Pair1,Pair1,ms,2.7577451542019844,0.9403492795719218,
Pair2\hd_vg_130m\hd_vg_130m\09822___Er7jN4fRi14.1_1.mp4,F:\MEngDatasets\GenVidBench\GenVidBench\Pair2\hd_vg_130m\hd_vg_130m\09822___Er7jN4fRi14.1_1.mp4,0,real,Pair2,Pair2,hd_vg_130m,-8.99673003103675,0.00012379868281592603,
Pair1\vript\vript\-H22U5yUnqM-Scene-052.mp4,F:\MEngDatasets\GenVidBench\GenVidBench\Pair1\vript\vript\-H22U5yUnqM-Scene-052.mp4,0,real,Pair1,Pair1,vript,-5.436284108698823,0.004336749005350159,
Pair2\hd_vg_130m\hd_vg_130m\10710___D2cX-yme0gI.5_1.mp4,F:\MEngDatasets\GenVidBench\GenVidBench\Pair2\hd_vg_130m\hd_vg_130m\10710___D2cX-yme0gI.5_1.mp4,0,real,Pair2,Pair2,hd_vg_130m,-3.4186323477645937,0.03171820504367847,
Pair1\vript\vript\0CnsW0ZK2Uo-Scene-010.mp4,F:\MEngDatasets\GenVidBench\GenVidBench\Pair1\vript\vript\0CnsW0ZK2Uo-Scene-010.mp4,0,real,Pair1,Pair1,vript,-0.9680334261407191,0.2752726555801846,
Pair2\cogvideo\cogvideo\04924___a close up of a teddy bear sitting on a rock.mp4,F:\MEngDatasets\GenVidBench\GenVidBench\Pair2\cogvideo\cogvideo\04924___a close up of a teddy bear sitting on a rock.mp4,1,fake,Pair2,Pair2,cogvideo,9.717988650004068,0.9999398126788006,
Pair1\vc2\vc2\vc-4aef9374-9f2b-51a9-89d3-5d4be1f88f1b.mp4,F:\MEngDatasets\GenVidBench\GenVidBench\Pair1\vc2\vc2\vc-4aef9374-9f2b-51a9-89d3-5d4be1f88f1b.mp4,1,fake,Pair1,Pair1,vc2,9.860739886760712,0.999947818997658,
Pair2\musev\musev\13435___a large animal standing in the snow on a foggy day.mp4,F:\MEngDatasets\GenVidBench\GenVidBench\Pair2\musev\musev\13435___a large animal standing in the snow on a foggy day.mp4,1,fake,Pair2,Pair2,musev,9.82990000798152,0.9999461847581239,
Pair1\pika\pika\pika-52085ef4-0f41-54af-a053-fa5dc9ede520.mp4,F:\MEngDatasets\GenVidBench\GenVidBench\Pair1\pika\pika\pika-52085ef4-0f41-54af-a053-fa5dc9ede520.mp4,1,fake,Pair1,Pair1,pika,5.927869922584957,0.9973429280437934,
Pair1\vript\vript\-JuE-FDLxXE-Scene-002.mp4,F:\MEngDatasets\GenVidBench\GenVidBench\Pair1\vript\vript\-JuE-FDLxXE-Scene-002.mp4,0,real,Pair1,Pair1,vript,-7.364106380939484,0.0006331901590779242,
Pair1\vript\vript\-1RsCsSKt7A-Scene-104.mp4,F:\MEngDatasets\GenVidBench\GenVidBench\Pair1\vript\vript\-1RsCsSKt7A-Scene-104.mp4,0,real,Pair1,Pair1,vript,-4.020104531828366,0.017634529385767712,
Pair1\vript\vript\-48qmeLbPcw-Scene-022.mp4,F:\MEngDatasets\GenVidBench\GenVidBench\Pair1\vript\vript\-48qmeLbPcw-Scene-022.mp4,0,real,Pair1,Pair1,vript,-3.550362343944254,0.027912740399454565,
Pair2\cogvideo\cogvideo\03129___a picture of a window with rain drops on it.mp4,F:\MEngDatasets\GenVidBench\GenVidBench\Pair2\cogvideo\cogvideo\03129___a picture of a window with rain drops on it.mp4,1,fake,Pair2,Pair2,cogvideo,8.46411064899329,0.9997891411340606,
Pair2\hd_vg_130m\hd_vg_130m\03363___4ABLs6ojxLU.1_0.mp4,F:\MEngDatasets\GenVidBench\GenVidBench\Pair2\hd_vg_130m\hd_vg_130m\03363___4ABLs6ojxLU.1_0.mp4,0,real,Pair2,Pair2,hd_vg_130m,-6.834787199618639,0.0010745403205203504,
Pair1\pika\pika\pika-ba73da46-9e5c-5739-abef-c90fe2406aea.mp4,F:\MEngDatasets\GenVidBench\GenVidBench\Pair1\pika\pika\pika-ba73da46-9e5c-5739-abef-c90fe2406aea.mp4,1,fake,Pair1,Pair1,pika,9.335309704144796,0.9999117553910717,
Pair1\vript\vript\-ubuwVaj9Ew-Scene-017.mp4,F:\MEngDatasets\GenVidBench\GenVidBench\Pair1\vript\vript\-ubuwVaj9Ew-Scene-017.mp4,0,real,Pair1,Pair1,vript,-8.967542906931792,0.00012746479108595693,
Pair1\pika\pika\pika-3d912141-6b6e-5cfd-8c30-12bad1a64b89.mp4,F:\MEngDatasets\GenVidBench\GenVidBench\Pair1\pika\pika\pika-3d912141-6b6e-5cfd-8c30-12bad1a64b89.mp4,1,fake,Pair1,Pair1,pika,9.330682661798265,0.9999113461697156,
Pair2\hd_vg_130m\hd_vg_130m\12066___CTATatgxb5U.3_0.mp4,F:\MEngDatasets\GenVidBench\GenVidBench\Pair2\hd_vg_130m\hd_vg_130m\12066___CTATatgxb5U.3_0.mp4,0,real,Pair2,Pair2,hd_vg_130m,-9.554185152053833,7.089887064206339e-05,
Pair2\hd_vg_130m\hd_vg_130m\08011___9xEOLs910lg.1_0.mp4,F:\MEngDatasets\GenVidBench\GenVidBench\Pair2\hd_vg_130m\hd_vg_130m\08011___9xEOLs910lg.1_0.mp4,0,real,Pair2,Pair2,hd_vg_130m,-9.323690495248568,8.927582931687176e-05,
Pair2\svd\svd\05471___a close up of a tree with leaves on it.mp4,F:\MEngDatasets\GenVidBench\GenVidBench\Pair2\svd\svd\05471___a close up of a tree with leaves on it.mp4,1,fake,Pair2,Pair2,svd,9.851416996547155,0.9999473302708913,
Pair2\musev\musev\04325___a pink burner on top of a stove.mp4,F:\MEngDatasets\GenVidBench\GenVidBench\Pair2\musev\musev\04325___a pink burner on top of a stove.mp4,1,fake,Pair2,Pair2,musev,7.451576269589937,0.9994198109892891,
Pair1\vript\vript\-9OLmLzDvSo-Scene-007.mp4,F:\MEngDatasets\GenVidBench\GenVidBench\Pair1\vript\vript\-9OLmLzDvSo-Scene-007.mp4,0,real,Pair1,Pair1,vript,-7.436110645124357,0.0005892264133533171,
Pair1\t2vz\t2vz\t2vz-4aef9374-9f2b-51a9-89d3-5d4be1f88f1b.mp4,F:\MEngDatasets\GenVidBench\GenVidBench\Pair1\t2vz\t2vz\t2vz-4aef9374-9f2b-51a9-89d3-5d4be1f88f1b.mp4,1,fake,Pair1,Pair1,t2vz,9.689277529716492,0.9999380596957822,
Pair1\vript\vript\-ZBbU-LbO1Y-Scene-002.mp4,F:\MEngDatasets\GenVidBench\GenVidBench\Pair1\vript\vript\-ZBbU-LbO1Y-Scene-002.mp4,0,real,Pair1,Pair1,vript,-7.933826733898643,0.0003582838237407428,
Pair1\ms\ms\ms-07de788b-da8a-5eba-b85c-7a3bb267ea0b.mp4,F:\MEngDatasets\GenVidBench\GenVidBench\Pair1\ms\ms\ms-07de788b-da8a-5eba-b85c-7a3bb267ea0b.mp4,1,fake,Pair1,Pair1,ms,2.494126034900546,0.9237290058987633,
Pair1\ms\ms\ms-807ec19f-d33e-5059-8aa2-877ca8f7c20f.mp4,F:\MEngDatasets\GenVidBench\GenVidBench\Pair1\ms\ms\ms-807ec19f-d33e-5059-8aa2-877ca8f7c20f.mp4,1,fake,Pair1,Pair1,ms,-3.634977474808693,0.02570628059911913,
Pair2\cogvideo\cogvideo\08566___a close up of a metal cylinder with a gauge on it.mp4,F:\MEngDatasets\GenVidBench\GenVidBench\Pair2\cogvideo\cogvideo\08566___a close up of a metal cylinder with a gauge on it.mp4,1,fake,Pair2,Pair2,cogvideo,9.532040711605188,0.9999275137160224,
Pair1\vc2\vc2\vc-3d22a760-43ce-5ddf-a6a6-2813cf54d6b7.mp4,F:\MEngDatasets\GenVidBench\GenVidBench\Pair1\vc2\vc2\vc-3d22a760-43ce-5ddf-a6a6-2813cf54d6b7.mp4,1,fake,Pair1,Pair1,vc2,10.01140308380127,0.9999551168435331,
Pair2\hd_vg_130m\hd_vg_130m\07449___8ScN3EXd7yE.10_1.mp4,F:\MEngDatasets\GenVidBench\GenVidBench\Pair2\hd_vg_130m\hd_vg_130m\07449___8ScN3EXd7yE.10_1.mp4,0,real,Pair2,Pair2,hd_vg_130m,-7.571498689343852,0.0005146551583674657,
Pair1\t2vz\t2vz\t2vz-2de502f9-15f8-5091-b937-972cf561c94a.mp4,F:\MEngDatasets\GenVidBench\GenVidBench\Pair1\t2vz\t2vz\t2vz-2de502f9-15f8-5091-b937-972cf561c94a.mp4,1,fake,Pair1,Pair1,t2vz,4.895519822835922,0.9925755153650818,
Pair2\cogvideo\cogvideo\02320___a speedometer with the word scotty written on it.mp4,F:\MEngDatasets\GenVidBench\GenVidBench\Pair2\cogvideo\cogvideo\02320___a speedometer with the word scotty written on it.mp4,1,fake,Pair2,Pair2,cogvideo,8.65992108258334,0.9998266320711655,
Pair2\svd\svd\03011___a car driving down a dark highway at night.mp4,F:\MEngDatasets\GenVidBench\GenVidBench\Pair2\svd\svd\03011___a car driving down a dark highway at night.mp4,1,fake,Pair2,Pair2,svd,7.346362897327968,0.9993554818813374,
Pair1\vc2\vc2\vc-ccb9b3b6-4648-507c-a041-71a022447232.mp4,F:\MEngDatasets\GenVidBench\GenVidBench\Pair1\vc2\vc2\vc-ccb9b3b6-4648-507c-a041-71a022447232.mp4,1,fake,Pair1,Pair1,vc2,10.078243374824524,0.9999580186613823,
Pair2\svd\svd\05360___a car driving down a street with graffiti on a wall.mp4,F:\MEngDatasets\GenVidBench\GenVidBench\Pair2\svd\svd\05360___a car driving down a street with graffiti on a wall.mp4,1,fake,Pair2,Pair2,svd,9.673864092145648,0.9999370976476355,
Pair2\hd_vg_130m\hd_vg_130m\13323___D6QL20dmmtQ.1_1.mp4,F:\MEngDatasets\GenVidBench\GenVidBench\Pair2\hd_vg_130m\hd_vg_130m\13323___D6QL20dmmtQ.1_1.mp4,0,real,Pair2,Pair2,hd_vg_130m,-8.463822412061262,0.0002109196391910392,
Pair1\vript\vript\-FjYy8xXm3w-Scene-074.mp4,F:\MEngDatasets\GenVidBench\GenVidBench\Pair1\vript\vript\-FjYy8xXm3w-Scene-074.mp4,0,real,Pair1,Pair1,vript,-7.574403387995867,0.0005131631752892858,
Pair2\hd_vg_130m\hd_vg_130m\06545___8BJoT-j_6Ac.4_1.mp4,F:\MEngDatasets\GenVidBench\GenVidBench\Pair2\hd_vg_130m\hd_vg_130m\06545___8BJoT-j_6Ac.4_1.mp4,0,real,Pair2,Pair2,hd_vg_130m,-5.033362161587267,0.006474668422471027,
Pair1\vc2\vc2\vc-ff2b6437-8e05-5974-948a-46e35895dc41.mp4,F:\MEngDatasets\GenVidBench\GenVidBench\Pair1\vc2\vc2\vc-ff2b6437-8e05-5974-948a-46e35895dc41.mp4,1,fake,Pair1,Pair1,vc2,6.952757000923157,0.9990449172194976,
Pair2\cogvideo\cogvideo\05197___a child is kneading dough on a table.mp4,F:\MEngDatasets\GenVidBench\GenVidBench\Pair2\cogvideo\cogvideo\05197___a child is kneading dough on a table.mp4,1,fake,Pair2,Pair2,cogvideo,4.786771633408287,0.9917296329669332,
Pair1\vript\vript\--CXWZW1Hjs-Scene-012.mp4,F:\MEngDatasets\GenVidBench\GenVidBench\Pair1\vript\vript\--CXWZW1Hjs-Scene-012.mp4,0,real,Pair1,Pair1,vript,-9.274327925180545,9.379286954843152e-05,
Pair1\t2vz\t2vz\t2vz-7aec879d-90c5-52e5-b196-bb3657575b82.mp4,F:\MEngDatasets\GenVidBench\GenVidBench\Pair1\t2vz\t2vz\t2vz-7aec879d-90c5-52e5-b196-bb3657575b82.mp4,1,fake,Pair1,Pair1,t2vz,4.8492376655340195,0.9922265522258622,
Pair1\vript\vript\-3Ql-TiUSfk-Scene-031.mp4,F:\MEngDatasets\GenVidBench\GenVidBench\Pair1\vript\vript\-3Ql-TiUSfk-Scene-031.mp4,0,real,Pair1,Pair1,vript,-6.699813039059851,0.0012296282096313743,
Pair2\musev\musev\09456___a screen shot of a computer with a large wave in the background.mp4,F:\MEngDatasets\GenVidBench\GenVidBench\Pair2\musev\musev\09456___a screen shot of a computer with a large wave in the background.mp4,1,fake,Pair2,Pair2,musev,3.996823842708881,0.9819576045347347,
Pair1\vript\vript\4fb2THzyrT0-Scene-062.mp4,F:\MEngDatasets\GenVidBench\GenVidBench\Pair1\vript\vript\4fb2THzyrT0-Scene-062.mp4,0,real,Pair1,Pair1,vript,-9.362813634387518,8.585081401071178e-05,
Pair2\hd_vg_130m\hd_vg_130m\03993___4EnZuVca74Y.18_1.mp4,F:\MEngDatasets\GenVidBench\GenVidBench\Pair2\hd_vg_130m\hd_vg_130m\03993___4EnZuVca74Y.18_1.mp4,0,real,Pair2,Pair2,hd_vg_130m,-2.034030322325325,0.11567600095470908,
Pair2\cogvideo\cogvideo\11555___a girl sitting on the ground looking at her cell phone.mp4,F:\MEngDatasets\GenVidBench\GenVidBench\Pair2\cogvideo\cogvideo\11555___a girl sitting on the ground looking at her cell phone.mp4,1,fake,Pair2,Pair2,cogvideo,9.04215228918827,0.9998816980848403,
Pair2\mora\mora\11890___a silver ford focus parked on the side of the road.mp4,F:\MEngDatasets\GenVidBench\GenVidBench\Pair2\mora\mora\11890___a silver ford focus parked on the side of the road.mp4,1,fake,Pair2,Pair2,mora,9.723991950352987,0.9999401728974179,
Pair1\vript\vript\-Z3priQFMeE-Scene-054.mp4,F:\MEngDatasets\GenVidBench\GenVidBench\Pair1\vript\vript\-Z3priQFMeE-Scene-054.mp4,0,real,Pair1,Pair1,vript,-7.639228763358055,0.00048096798609607004,
Pair2\svd\svd\01843___a group of softball players talking to each other.mp4,F:\MEngDatasets\GenVidBench\GenVidBench\Pair2\svd\svd\01843___a group of softball players talking to each other.mp4,1,fake,Pair2,Pair2,svd,-0.6664719943489347,0.3392872698383359,
Pair1\pika\pika\pika-0a0e36af-7512-5f96-b85a-5221fc0c267e.mp4,F:\MEngDatasets\GenVidBench\GenVidBench\Pair1\pika\pika\pika-0a0e36af-7512-5f96-b85a-5221fc0c267e.mp4,1,fake,Pair1,Pair1,pika,2.164119479763839,0.8969808370771919,
Pair2\mora\mora\07451___a cartoon peppa pig dressed in a top hat and coat.mp4,F:\MEngDatasets\GenVidBench\GenVidBench\Pair2\mora\mora\07451___a cartoon peppa pig dressed in a top hat and coat.mp4,1,fake,Pair2,Pair2,mora,4.824030528465907,0.9920296969587465,
Pair2\svd\svd\02737___a sign that says district warren news.mp4,F:\MEngDatasets\GenVidBench\GenVidBench\Pair2\svd\svd\02737___a sign that says district warren news.mp4,1,fake,Pair2,Pair2,svd,7.733405317578997,0.9995622415010553,
Pair1\vript\vript\-1xu0IP35FI-Scene-044.mp4,F:\MEngDatasets\GenVidBench\GenVidBench\Pair1\vript\vript\-1xu0IP35FI-Scene-044.mp4,0,real,Pair1,Pair1,vript,-9.31095738844438,9.04197525942853e-05,
Pair1\vc2\vc2\vc-e35c583d-5dfe-5ba8-a937-5a1b5548a63f.mp4,F:\MEngDatasets\GenVidBench\GenVidBench\Pair1\vc2\vc2\vc-e35c583d-5dfe-5ba8-a937-5a1b5548a63f.mp4,1,fake,Pair1,Pair1,vc2,9.97484290599823,0.9999534456197751,
Pair2\cogvideo\cogvideo\13222___an image of a green screen with letters on it.mp4,F:\MEngDatasets\GenVidBench\GenVidBench\Pair2\cogvideo\cogvideo\13222___an image of a green screen with letters on it.mp4,1,fake,Pair2,Pair2,cogvideo,9.233743104067715,0.999902322642993,
Pair2\hd_vg_130m\hd_vg_130m\03271___3veDkO8Fxn4.3_3.mp4,F:\MEngDatasets\GenVidBench\GenVidBench\Pair2\hd_vg_130m\hd_vg_130m\03271___3veDkO8Fxn4.3_3.mp4,0,real,Pair2,Pair2,hd_vg_130m,-0.5991404767295248,0.35454036376278325,
Pair2\hd_vg_130m\hd_vg_130m\08395___AtQDdQA7rMo.0_2.mp4,F:\MEngDatasets\GenVidBench\GenVidBench\Pair2\hd_vg_130m\hd_vg_130m\08395___AtQDdQA7rMo.0_2.mp4,0,real,Pair2,Pair2,hd_vg_130m,-9.036275083913743,0.00011899916399152827,
Pair2\hd_vg_130m\hd_vg_130m\03427___0ZKKTxq8IGM.18_0.mp4,F:\MEngDatasets\GenVidBench\GenVidBench\Pair2\hd_vg_130m\hd_vg_130m\03427___0ZKKTxq8IGM.18_0.mp4,0,real,Pair2,Pair2,hd_vg_130m,-8.309224141438802,0.0002461743960570675,
Pair2\hd_vg_130m\hd_vg_130m\12514___CiiPykPGJGU.3_1.mp4,F:\MEngDatasets\GenVidBench\GenVidBench\Pair2\hd_vg_130m\hd_vg_130m\12514___CiiPykPGJGU.3_1.mp4,0,real,Pair2,Pair2,hd_vg_130m,-5.362492883306715,0.004667315905331083,
Pair2\hd_vg_130m\hd_vg_130m\01564___-Zi3kyUC8cY.3_2.mp4,F:\MEngDatasets\GenVidBench\GenVidBench\Pair2\hd_vg_130m\hd_vg_130m\01564___-Zi3kyUC8cY.3_2.mp4,0,real,Pair2,Pair2,hd_vg_130m,-3.7118550157273544,0.023849465238763922,
Pair2\hd_vg_130m\hd_vg_130m\01723___22afd8zGhWU.11_2.mp4,F:\MEngDatasets\GenVidBench\GenVidBench\Pair2\hd_vg_130m\hd_vg_130m\01723___22afd8zGhWU.11_2.mp4,0,real,Pair2,Pair2,hd_vg_130m,-9.028804454973962,0.00011989138458147285,
Pair2\hd_vg_130m\hd_vg_130m\12226___EMYlVPjbIIM.0_0.mp4,F:\MEngDatasets\GenVidBench\GenVidBench\Pair2\hd_vg_130m\hd_vg_130m\12226___EMYlVPjbIIM.0_0.mp4,0,real,Pair2,Pair2,hd_vg_130m,-6.630533143877983,0.0013177207576543916,
Pair2\musev\musev\03751___a sign with a picture of a plant in a greenhouse.mp4,F:\MEngDatasets\GenVidBench\GenVidBench\Pair2\musev\musev\03751___a sign with a picture of a plant in a greenhouse.mp4,1,fake,Pair2,Pair2,musev,9.654434937697191,0.9999358636374313,
Pair1\vript\vript\-Tznlx878UU-Scene-462.mp4,F:\MEngDatasets\GenVidBench\GenVidBench\Pair1\vript\vript\-Tznlx878UU-Scene-462.mp4,0,real,Pair1,Pair1,vript,-3.5883345805983526,0.02690068019195595,
Pair1\t2vz\t2vz\t2vz-27721ed0-d584-54e5-8d96-a411192695f6.mp4,F:\MEngDatasets\GenVidBench\GenVidBench\Pair1\t2vz\t2vz\t2vz-27721ed0-d584-54e5-8d96-a411192695f6.mp4,1,fake,Pair1,Pair1,t2vz,5.507390022277832,0.9959597087481188,
Pair1\t2vz\t2vz\t2vz-08d9a859-f62c-59bc-9fe7-89464deaa706.mp4,F:\MEngDatasets\GenVidBench\GenVidBench\Pair1\t2vz\t2vz\t2vz-08d9a859-f62c-59bc-9fe7-89464deaa706.mp4,1,fake,Pair1,Pair1,t2vz,8.129795849323273,0.9997054584370506,
Pair1\pika\pika\pika-3726faf1-874e-5a95-8b2f-87b7e04766a7.mp4,F:\MEngDatasets\GenVidBench\GenVidBench\Pair1\pika\pika\pika-3726faf1-874e-5a95-8b2f-87b7e04766a7.mp4,1,fake,Pair1,Pair1,pika,8.801874332957798,0.9998495718163112,
Pair2\hd_vg_130m\hd_vg_130m\02539___1EgN0dChGv8.15_0.mp4,F:\MEngDatasets\GenVidBench\GenVidBench\Pair2\hd_vg_130m\hd_vg_130m\02539___1EgN0dChGv8.15_0.mp4,0,real,Pair2,Pair2,hd_vg_130m,-1.8238828287555706,0.13896861626105397,
Pair2\svd\svd\03014___the inside of a pharmacy store with lots of shelves.mp4,F:\MEngDatasets\GenVidBench\GenVidBench\Pair2\svd\svd\03014___the inside of a pharmacy store with lots of shelves.mp4,1,fake,Pair2,Pair2,svd,10.222452981131417,0.999963656286971,
Pair1\vript\vript\-10AyOGp5Zg-Scene-014.mp4,F:\MEngDatasets\GenVidBench\GenVidBench\Pair1\vript\vript\-10AyOGp5Zg-Scene-014.mp4,0,real,Pair1,Pair1,vript,-7.549703016877174,0.0005259895855044739,
Pair1\ms\ms\ms-27721ed0-d584-54e5-8d96-a411192695f6.mp4,F:\MEngDatasets\GenVidBench\GenVidBench\Pair1\ms\ms\ms-27721ed0-d584-54e5-8d96-a411192695f6.mp4,1,fake,Pair1,Pair1,ms,2.315586242824793,0.9101596847827995,
Pair2\hd_vg_130m\hd_vg_130m\06779___AA1b6t7nWJw.0_0.mp4,F:\MEngDatasets\GenVidBench\GenVidBench\Pair2\hd_vg_130m\hd_vg_130m\06779___AA1b6t7nWJw.0_0.mp4,0,real,Pair2,Pair2,hd_vg_130m,-6.147099324716971,0.0021351108395791904,
Pair1\vc2\vc2\vc-d1418574-5192-5596-96da-d1d5a308670a.mp4,F:\MEngDatasets\GenVidBench\GenVidBench\Pair1\vc2\vc2\vc-d1418574-5192-5596-96da-d1d5a308670a.mp4,1,fake,Pair1,Pair1,vc2,8.481080710887909,0.9997926884956423,
Pair1\vript\vript\-5kkT_RBHk8-Scene-068.mp4,F:\MEngDatasets\GenVidBench\GenVidBench\Pair1\vript\vript\-5kkT_RBHk8-Scene-068.mp4,0,real,Pair1,Pair1,vript,-6.685445468038158,0.0012474003079516436,
Pair1\vc2\vc2\vc-7b1711ba-3c30-539f-8ba7-5dff10e848c6.mp4,F:\MEngDatasets\GenVidBench\GenVidBench\Pair1\vc2\vc2\vc-7b1711ba-3c30-539f-8ba7-5dff10e848c6.mp4,1,fake,Pair1,Pair1,vc2,8.258096545934677,0.999740915336652,
Pair1\vript\vript\-4exm90cQrw-Scene-008.mp4,F:\MEngDatasets\GenVidBench\GenVidBench\Pair1\vript\vript\-4exm90cQrw-Scene-008.mp4,0,real,Pair1,Pair1,vript,-4.6792363006560524,0.009200664651154721,
Pair1\vript\vript\-a_sh9HeAoE-Scene-002.mp4,F:\MEngDatasets\GenVidBench\GenVidBench\Pair1\vript\vript\-a_sh9HeAoE-Scene-002.mp4,0,real,Pair1,Pair1,vript,-1.9230032553517722,0.12752703847525662,
Pair2\musev\musev\03014___the inside of a pharmacy store with lots of shelves.mp4,F:\MEngDatasets\GenVidBench\GenVidBench\Pair2\musev\musev\03014___the inside of a pharmacy store with lots of shelves.mp4,1,fake,Pair2,Pair2,musev,6.923457879286546,0.9990165480870278,
Pair2\hd_vg_130m\hd_vg_130m\07142___8PFqVKR1PVI.15_1.mp4,F:\MEngDatasets\GenVidBench\GenVidBench\Pair2\hd_vg_130m\hd_vg_130m\07142___8PFqVKR1PVI.15_1.mp4,0,real,Pair2,Pair2,hd_vg_130m,-6.579668601798243,0.0013863845712189637,
Pair1\t2vz\t2vz\t2vz-ff2c8815-2aff-5fdb-8394-1917fb571f42.mp4,F:\MEngDatasets\GenVidBench\GenVidBench\Pair1\t2vz\t2vz\t2vz-ff2c8815-2aff-5fdb-8394-1917fb571f42.mp4,1,fake,Pair1,Pair1,t2vz,2.748372580856085,0.9398213734765593,
Pair2\mora\mora\00609___a couple of kids playing basketball on a court.mp4,F:\MEngDatasets\GenVidBench\GenVidBench\Pair2\mora\mora\00609___a couple of kids playing basketball on a court.mp4,1,fake,Pair2,Pair2,mora,8.804051132202149,0.9998498988630303,
Pair1\pika\pika\pika-bd8392d9-8352-5800-b3bf-60139ab3acbb.mp4,F:\MEngDatasets\GenVidBench\GenVidBench\Pair1\pika\pika\pika-bd8392d9-8352-5800-b3bf-60139ab3acbb.mp4,1,fake,Pair1,Pair1,pika,9.187796473503113,0.9998977304668737,
Pair1\ms\ms\ms-560931d1-903d-56e8-87ac-149535967748.mp4,F:\MEngDatasets\GenVidBench\GenVidBench\Pair1\ms\ms\ms-560931d1-903d-56e8-87ac-149535967748.mp4,1,fake,Pair1,Pair1,ms,6.83417197316885,0.9989247991014713,
Pair1\ms\ms\ms-d5614d82-b71b-59a9-997f-6410624cb493.mp4,F:\MEngDatasets\GenVidBench\GenVidBench\Pair1\ms\ms\ms-d5614d82-b71b-59a9-997f-6410624cb493.mp4,1,fake,Pair1,Pair1,ms,-1.1351111624389887,0.2432190878415395,
Pair2\svd\svd\01479___a group of police officers standing next to each other.mp4,F:\MEngDatasets\GenVidBench\GenVidBench\Pair2\svd\svd\01479___a group of police officers standing next to each other.mp4,1,fake,Pair2,Pair2,svd,9.870532512664795,0.9999483274666028,
Pair1\ms\ms\ms-534de1b2-2307-5aaa-bc5b-cda0f4697261.mp4,F:\MEngDatasets\GenVidBench\GenVidBench\Pair1\ms\ms\ms-534de1b2-2307-5aaa-bc5b-cda0f4697261.mp4,1,fake,Pair1,Pair1,ms,3.532922863960266,0.9716101474380466,
Pair1\vript\vript\-A8LKuncijo-Scene-062.mp4,F:\MEngDatasets\GenVidBench\GenVidBench\Pair1\vript\vript\-A8LKuncijo-Scene-062.mp4,0,real,Pair1,Pair1,vript,-7.712525509874108,0.00044699077525390776,
Pair2\musev\musev\02082___a young boy standing on a tiled floor.mp4,F:\MEngDatasets\GenVidBench\GenVidBench\Pair2\musev\musev\02082___a young boy standing on a tiled floor.mp4,1,fake,Pair2,Pair2,musev,8.883707926823543,0.9998613900308629,
Pair1\vript\vript\-Je5_YZjQbI-Scene-023.mp4,F:\MEngDatasets\GenVidBench\GenVidBench\Pair1\vript\vript\-Je5_YZjQbI-Scene-023.mp4,0,real,Pair1,Pair1,vript,-9.083672340219106,0.00011349113409505493,
Pair1\vript\vript\073BMGVWan0-Scene-200.mp4,F:\MEngDatasets\GenVidBench\GenVidBench\Pair1\vript\vript\073BMGVWan0-Scene-200.mp4,0,real,Pair1,Pair1,vript,-8.646383070377073,0.0001757305298984694,
Pair1\vript\vript\0-Wxeo4JfWU-Scene-001.mp4,F:\MEngDatasets\GenVidBench\GenVidBench\Pair1\vript\vript\0-Wxeo4JfWU-Scene-001.mp4,0,real,Pair1,Pair1,vript,-8.814073138021344,0.0001486045579378056,
Pair1\vript\vript\-jx2w2S0LMc-Scene-120.mp4,F:\MEngDatasets\GenVidBench\GenVidBench\Pair1\vript\vript\-jx2w2S0LMc-Scene-120.mp4,0,real,Pair1,Pair1,vript,-7.033638889357547,0.0008809407227564851,
Pair2\hd_vg_130m\hd_vg_130m\01110___133FVf0XYdI.0_1.mp4,F:\MEngDatasets\GenVidBench\GenVidBench\Pair2\hd_vg_130m\hd_vg_130m\01110___133FVf0XYdI.0_1.mp4,0,real,Pair2,Pair2,hd_vg_130m,-6.520343663503237,0.0014709957269810328,
Pair1\vc2\vc2\vc-20ae02c0-bf3c-51f6-8382-5e54799ede52.mp4,F:\MEngDatasets\GenVidBench\GenVidBench\Pair1\vc2\vc2\vc-20ae02c0-bf3c-51f6-8382-5e54799ede52.mp4,1,fake,Pair1,Pair1,vc2,4.296856289729476,0.986571497383295,
Pair1\vript\vript\-THy8MfI-aM-Scene-036.mp4,F:\MEngDatasets\GenVidBench\GenVidBench\Pair1\vript\vript\-THy8MfI-aM-Scene-036.mp4,0,real,Pair1,Pair1,vript,-7.506276714618132,0.0005493217693528072,
Pair1\vript\vript\-Tznlx878UU-Scene-068.mp4,F:\MEngDatasets\GenVidBench\GenVidBench\Pair1\vript\vript\-Tznlx878UU-Scene-068.mp4,0,real,Pair1,Pair1,vript,-5.21986590064678,0.005378964562001691,
Pair1\vript\vript\-3XbGflMtF8-Scene-069.mp4,F:\MEngDatasets\GenVidBench\GenVidBench\Pair1\vript\vript\-3XbGflMtF8-Scene-069.mp4,0,real,Pair1,Pair1,vript,0.6222911436352452,0.6507394539145185,
Pair1\vript\vript\-5kkT_RBHk8-Scene-123.mp4,F:\MEngDatasets\GenVidBench\GenVidBench\Pair1\vript\vript\-5kkT_RBHk8-Scene-123.mp4,0,real,Pair1,Pair1,vript,-4.625139162967018,0.009707138629104113,
Pair1\pika\pika\pika-2c48b7e5-b4e6-5152-83b8-287aa74afb8f.mp4,F:\MEngDatasets\GenVidBench\GenVidBench\Pair1\pika\pika\pika-2c48b7e5-b4e6-5152-83b8-287aa74afb8f.mp4,1,fake,Pair1,Pair1,pika,9.61272186703152,0.9999331319134882,
Pair1\ms\ms\ms-20ae02c0-bf3c-51f6-8382-5e54799ede52.mp4,F:\MEngDatasets\GenVidBench\GenVidBench\Pair1\ms\ms\ms-20ae02c0-bf3c-51f6-8382-5e54799ede52.mp4,1,fake,Pair1,Pair1,ms,-2.9099972248077393,0.05166157142994841,
Pair1\vript\vript\-8D05dM6q7U-Scene-018.mp4,F:\MEngDatasets\GenVidBench\GenVidBench\Pair1\vript\vript\-8D05dM6q7U-Scene-018.mp4,0,real,Pair1,Pair1,vript,-7.085065948813934,0.0008368187000207533,
Pair1\ms\ms\ms-e06925ad-b463-54de-b811-4986d1fe04fe.mp4,F:\MEngDatasets\GenVidBench\GenVidBench\Pair1\ms\ms\ms-e06925ad-b463-54de-b811-4986d1fe04fe.mp4,1,fake,Pair1,Pair1,ms,-3.743854269385338,0.023115743165473615,
Pair1\vript\vript\-fBRN_pUYzk-Scene-004.mp4,F:\MEngDatasets\GenVidBench\GenVidBench\Pair1\vript\vript\-fBRN_pUYzk-Scene-004.mp4,0,real,Pair1,Pair1,vript,-8.922254223436923,0.0001333694312538236,
Pair2\cogvideo\cogvideo\07294___four different colored dice with the words _playing the decks_.mp4,F:\MEngDatasets\GenVidBench\GenVidBench\Pair2\cogvideo\cogvideo\07294___four different colored dice with the words _playing the decks_.mp4,1,fake,Pair2,Pair2,cogvideo,10.42377974770286,0.9999702835402284,
Pair2\svd\svd\07095___a blurry picture of some text on a screen.mp4,F:\MEngDatasets\GenVidBench\GenVidBench\Pair2\svd\svd\07095___a blurry picture of some text on a screen.mp4,1,fake,Pair2,Pair2,svd,-3.14502557686397,0.04128773238779992,
Pair2\hd_vg_130m\hd_vg_130m\08176___9PqCYf4Jz0Q.8_0.mp4,F:\MEngDatasets\GenVidBench\GenVidBench\Pair2\hd_vg_130m\hd_vg_130m\08176___9PqCYf4Jz0Q.8_0.mp4,0,real,Pair2,Pair2,hd_vg_130m,-4.078079335094348,0.016657787997851965,
Pair1\vript\vript\-HFo_GBrXX8-Scene-024.mp4,F:\MEngDatasets\GenVidBench\GenVidBench\Pair1\vript\vript\-HFo_GBrXX8-Scene-024.mp4,0,real,Pair1,Pair1,vript,-3.7871347946940728,0.02215831857245081,
Pair1\vript\vript\-4mPZVP6HfA-Scene-012.mp4,F:\MEngDatasets\GenVidBench\GenVidBench\Pair1\vript\vript\-4mPZVP6HfA-Scene-012.mp4,0,real,Pair1,Pair1,vript,-5.611012727381235,0.0036440360048118777,
Pair1\vc2\vc2\vc-d878522c-5d22-5769-a99d-8a03bdecf654.mp4,F:\MEngDatasets\GenVidBench\GenVidBench\Pair1\vc2\vc2\vc-d878522c-5d22-5769-a99d-8a03bdecf654.mp4,1,fake,Pair1,Pair1,vc2,9.115862548351288,0.9998901035996315,
Pair2\musev\musev\08012___a sign for a restaurant that says chef kung.mp4,F:\MEngDatasets\GenVidBench\GenVidBench\Pair2\musev\musev\08012___a sign for a restaurant that says chef kung.mp4,1,fake,Pair2,Pair2,musev,11.106610664954552,0.9999849874745843,
Pair1\vc2\vc2\vc-38cf1d7c-c109-5d4c-aad6-d7638135a2b6.mp4,F:\MEngDatasets\GenVidBench\GenVidBench\Pair1\vc2\vc2\vc-38cf1d7c-c109-5d4c-aad6-d7638135a2b6.mp4,1,fake,Pair1,Pair1,vc2,6.875118285417557,0.9989678909278926,
Pair2\svd\svd\05175___an amazon may enter home fitness biz.mp4,F:\MEngDatasets\GenVidBench\GenVidBench\Pair2\svd\svd\05175___an amazon may enter home fitness biz.mp4,1,fake,Pair2,Pair2,svd,10.005765642438616,0.9999548631142714,
Pair1\ms\ms\ms-10ccb150-0997-5ceb-82f6-6705b4fd31aa.mp4,F:\MEngDatasets\GenVidBench\GenVidBench\Pair1\ms\ms\ms-10ccb150-0997-5ceb-82f6-6705b4fd31aa.mp4,1,fake,Pair1,Pair1,ms,2.3007549606263638,0.9089395451995481,
Pair2\hd_vg_130m\hd_vg_130m\12765___HbB9Xc_myZM.10_1.mp4,F:\MEngDatasets\GenVidBench\GenVidBench\Pair2\hd_vg_130m\hd_vg_130m\12765___HbB9Xc_myZM.10_1.mp4,0,real,Pair2,Pair2,hd_vg_130m,-7.1747791719197025,0.000765068998771001,
Pair2\hd_vg_130m\hd_vg_130m\08298___BeGDFVrOQ_0.5_0.mp4,F:\MEngDatasets\GenVidBench\GenVidBench\Pair2\hd_vg_130m\hd_vg_130m\08298___BeGDFVrOQ_0.5_0.mp4,0,real,Pair2,Pair2,hd_vg_130m,-6.6945931816990285,0.0012360555201183746,
Pair1\vript\vript\-L95YoZnq1U-Scene-020.mp4,F:\MEngDatasets\GenVidBench\GenVidBench\Pair1\vript\vript\-L95YoZnq1U-Scene-020.mp4,0,real,Pair1,Pair1,vript,-4.840759434401989,0.007839114197772017,
Pair1\vript\vript\-CVqAVX5aAc-Scene-001.mp4,F:\MEngDatasets\GenVidBench\GenVidBench\Pair1\vript\vript\-CVqAVX5aAc-Scene-001.mp4,0,real,Pair1,Pair1,vript,-9.014267044942736,0.00012164681154430068,
Pair2\hd_vg_130m\hd_vg_130m\09254___5xAruNOMYEQ.1_1.mp4,F:\MEngDatasets\GenVidBench\GenVidBench\Pair2\hd_vg_130m\hd_vg_130m\09254___5xAruNOMYEQ.1_1.mp4,0,real,Pair2,Pair2,hd_vg_130m,1.8394788982593617,0.8628870659839656,
Pair2\mora\mora\05467___a map showing the locations of north korea and south korea.mp4,F:\MEngDatasets\GenVidBench\GenVidBench\Pair2\mora\mora\05467___a map showing the locations of north korea and south korea.mp4,1,fake,Pair2,Pair2,mora,8.094314754009247,0.9996948234136238,
Pair2\hd_vg_130m\hd_vg_130m\13332___ByHcjOTuPI8.2_0.mp4,F:\MEngDatasets\GenVidBench\GenVidBench\Pair2\hd_vg_130m\hd_vg_130m\13332___ByHcjOTuPI8.2_0.mp4,0,real,Pair2,Pair2,hd_vg_130m,-6.0752046035078475,0.0022939016356382735,
Pair2\hd_vg_130m\hd_vg_130m\09601___DgVQ4Pi5vo4.0_0.mp4,F:\MEngDatasets\GenVidBench\GenVidBench\Pair2\hd_vg_130m\hd_vg_130m\09601___DgVQ4Pi5vo4.0_0.mp4,0,real,Pair2,Pair2,hd_vg_130m,-6.81932224978048,0.0010912689183404417,
Pair2\cogvideo\cogvideo\12067___a cell phone with a cartoon game on it.mp4,F:\MEngDatasets\GenVidBench\GenVidBench\Pair2\cogvideo\cogvideo\12067___a cell phone with a cartoon game on it.mp4,1,fake,Pair2,Pair2,cogvideo,9.70483551603375,0.999939015846245,
Pair2\musev\musev\00797___a close up of a bathroom sink.mp4,F:\MEngDatasets\GenVidBench\GenVidBench\Pair2\musev\musev\00797___a close up of a bathroom sink.mp4,1,fake,Pair2,Pair2,musev,5.8119761026822605,0.9970174097652186,
Pair2\cogvideo\cogvideo\13288___a small animal inside of a glass enclosure.mp4,F:\MEngDatasets\GenVidBench\GenVidBench\Pair2\cogvideo\cogvideo\13288___a small animal inside of a glass enclosure.mp4,1,fake,Pair2,Pair2,cogvideo,9.146872693842107,0.9998934588476779,
Pair2\svd\svd\12336___a close up of a bird in a cage.mp4,F:\MEngDatasets\GenVidBench\GenVidBench\Pair2\svd\svd\12336___a close up of a bird in a cage.mp4,1,fake,Pair2,Pair2,svd,8.508410658155169,0.9997982764580261,
Pair2\mora\mora\00354___two pictures of a bird in a cage.mp4,F:\MEngDatasets\GenVidBench\GenVidBench\Pair2\mora\mora\00354___two pictures of a bird in a cage.mp4,1,fake,Pair2,Pair2,mora,10.293222228686014,0.9999661393197011,
Pair2\hd_vg_130m\hd_vg_130m\05596___7g5d90xgSTk.17_0.mp4,F:\MEngDatasets\GenVidBench\GenVidBench\Pair2\hd_vg_130m\hd_vg_130m\05596___7g5d90xgSTk.17_0.mp4,0,real,Pair2,Pair2,hd_vg_130m,-7.707897330087329,0.00044906339244614143,
Pair1\t2vz\t2vz\t2vz-534de1b2-2307-5aaa-bc5b-cda0f4697261.mp4,F:\MEngDatasets\GenVidBench\GenVidBench\Pair1\t2vz\t2vz\t2vz-534de1b2-2307-5aaa-bc5b-cda0f4697261.mp4,1,fake,Pair1,Pair1,t2vz,6.004440486431122,0.9975383051828666,
Pair1\vript\vript\-HsVkwyi-mk-Scene-038.mp4,F:\MEngDatasets\GenVidBench\GenVidBench\Pair1\vript\vript\-HsVkwyi-mk-Scene-038.mp4,0,real,Pair1,Pair1,vript,-3.9819793001103485,0.01830728452727284,
Pair2\svd\svd\10334___a large white building with several flags on it.mp4,F:\MEngDatasets\GenVidBench\GenVidBench\Pair2\svd\svd\10334___a large white building with several flags on it.mp4,1,fake,Pair2,Pair2,svd,4.619771787098476,0.9902411292559405,
Pair2\hd_vg_130m\hd_vg_130m\01810___3EojkH43qno.15_1.mp4,F:\MEngDatasets\GenVidBench\GenVidBench\Pair2\hd_vg_130m\hd_vg_130m\01810___3EojkH43qno.15_1.mp4,0,real,Pair2,Pair2,hd_vg_130m,-7.323342670913504,0.0006595172659691513,
Pair2\hd_vg_130m\hd_vg_130m\00417___-bZ2P98IoGg.3_0.mp4,F:\MEngDatasets\GenVidBench\GenVidBench\Pair2\hd_vg_130m\hd_vg_130m\00417___-bZ2P98IoGg.3_0.mp4,0,real,Pair2,Pair2,hd_vg_130m,-8.140093965371827,0.00029152478424248495,
Pair1\t2vz\t2vz\t2vz-70770d2b-1dab-5c0e-935c-12fc3779bf06.mp4,F:\MEngDatasets\GenVidBench\GenVidBench\Pair1\t2vz\t2vz\t2vz-70770d2b-1dab-5c0e-935c-12fc3779bf06.mp4,1,fake,Pair1,Pair1,t2vz,8.759734332561493,0.9998430983287422,
Pair2\svd\svd\09152___a yellow gun in a video game.mp4,F:\MEngDatasets\GenVidBench\GenVidBench\Pair2\svd\svd\09152___a yellow gun in a video game.mp4,1,fake,Pair2,Pair2,svd,8.560670988900322,0.999808545899344,
Pair1\ms\ms\ms-1d8e9939-76eb-5dc8-aab3-a78612eceb41.mp4,F:\MEngDatasets\GenVidBench\GenVidBench\Pair1\ms\ms\ms-1d8e9939-76eb-5dc8-aab3-a78612eceb41.mp4,1,fake,Pair1,Pair1,ms,-1.6678331978619099,0.15871328367792795,
Pair1\vript\vript\-7TU0EcBQpQ-Scene-063.mp4,F:\MEngDatasets\GenVidBench\GenVidBench\Pair1\vript\vript\-7TU0EcBQpQ-Scene-063.mp4,0,real,Pair1,Pair1,vript,-4.544871368022128,0.01050990750654503,
Pair1\ms\ms\ms-08d9a859-f62c-59bc-9fe7-89464deaa706.mp4,F:\MEngDatasets\GenVidBench\GenVidBench\Pair1\ms\ms\ms-08d9a859-f62c-59bc-9fe7-89464deaa706.mp4,1,fake,Pair1,Pair1,ms,8.068937301635742,0.9996869821588211,
Pair2\hd_vg_130m\hd_vg_130m\05675___6U_tv6BlIBA.3_0.mp4,F:\MEngDatasets\GenVidBench\GenVidBench\Pair2\hd_vg_130m\hd_vg_130m\05675___6U_tv6BlIBA.3_0.mp4,0,real,Pair2,Pair2,hd_vg_130m,-7.011291215169479,0.0009008313916481416,
Pair1\t2vz\t2vz\t2vz-828040e4-9aca-515d-a9bc-3dd881ef1ed7.mp4,F:\MEngDatasets\GenVidBench\GenVidBench\Pair1\t2vz\t2vz\t2vz-828040e4-9aca-515d-a9bc-3dd881ef1ed7.mp4,1,fake,Pair1,Pair1,t2vz,-1.292077362537384,0.2155014032147752,
Pair2\musev\musev\07170___a news anchor is standing in front of a plane.mp4,F:\MEngDatasets\GenVidBench\GenVidBench\Pair2\musev\musev\07170___a news anchor is standing in front of a plane.mp4,1,fake,Pair2,Pair2,musev,5.789932434375469,0.9969511352062793,
Pair1\vript\vript\-E2IPygbwJ4-Scene-050.mp4,F:\MEngDatasets\GenVidBench\GenVidBench\Pair1\vript\vript\-E2IPygbwJ4-Scene-050.mp4,0,real,Pair1,Pair1,vript,-5.98460748732563,0.0025108811641331133,
Pair2\musev\musev\12738___a stop sign with a street sign on top of it.mp4,F:\MEngDatasets\GenVidBench\GenVidBench\Pair2\musev\musev\12738___a stop sign with a street sign on top of it.mp4,1,fake,Pair2,Pair2,musev,5.678622138041717,0.9965933796339657,
Pair1\vc2\vc2\vc-a6aa3db8-6774-54ed-abf8-89bb1a29dc4d.mp4,F:\MEngDatasets\GenVidBench\GenVidBench\Pair1\vc2\vc2\vc-a6aa3db8-6774-54ed-abf8-89bb1a29dc4d.mp4,1,fake,Pair1,Pair1,vc2,8.210693418979645,0.9997283415866877,
Pair2\hd_vg_130m\hd_vg_130m\01118___0mHpPl2zXgY.0_0.mp4,F:\MEngDatasets\GenVidBench\GenVidBench\Pair2\hd_vg_130m\hd_vg_130m\01118___0mHpPl2zXgY.0_0.mp4,0,real,Pair2,Pair2,hd_vg_130m,-1.1791686752427541,0.23520170356150122,
Pair1\t2vz\t2vz\t2vz-6dad3ece-d203-551b-b5f0-9b8a4fa19024.mp4,F:\MEngDatasets\GenVidBench\GenVidBench\Pair1\t2vz\t2vz\t2vz-6dad3ece-d203-551b-b5f0-9b8a4fa19024.mp4,1,fake,Pair1,Pair1,t2vz,3.9265899062156677,0.9806702310367609,
Pair2\hd_vg_130m\hd_vg_130m\09027___9GKNYhd3LYY.1_0.mp4,F:\MEngDatasets\GenVidBench\GenVidBench\Pair2\hd_vg_130m\hd_vg_130m\09027___9GKNYhd3LYY.1_0.mp4,0,real,Pair2,Pair2,hd_vg_130m,-7.398217164130307,0.000611968761398619,
Pair2\cogvideo\cogvideo\10934___three newspapers sitting on top of a table.mp4,F:\MEngDatasets\GenVidBench\GenVidBench\Pair2\cogvideo\cogvideo\10934___three newspapers sitting on top of a table.mp4,1,fake,Pair2,Pair2,cogvideo,9.603048122290408,0.9999324819536589,
Pair1\vript\vript\-ZRyNa57YeA-Scene-004.mp4,F:\MEngDatasets\GenVidBench\GenVidBench\Pair1\vript\vript\-ZRyNa57YeA-Scene-004.mp4,0,real,Pair1,Pair1,vript,-5.7242630172478055,0.0032551287309152415,
Pair1\t2vz\t2vz\t2vz-a8e00099-b278-55d0-bfff-0011efad5914.mp4,F:\MEngDatasets\GenVidBench\GenVidBench\Pair1\t2vz\t2vz\t2vz-a8e00099-b278-55d0-bfff-0011efad5914.mp4,1,fake,Pair1,Pair1,t2vz,9.891557574272156,0.9999494024890233,
Pair2\cogvideo\cogvideo\07451___a cartoon peppa pig dressed in a top hat and coat.mp4,F:\MEngDatasets\GenVidBench\GenVidBench\Pair2\cogvideo\cogvideo\07451___a cartoon peppa pig dressed in a top hat and coat.mp4,1,fake,Pair2,Pair2,cogvideo,9.474216128840592,0.9999231990027436,
Pair1\vript\vript\-uyHPBbfN1Y-Scene-026.mp4,F:\MEngDatasets\GenVidBench\GenVidBench\Pair1\vript\vript\-uyHPBbfN1Y-Scene-026.mp4,0,real,Pair1,Pair1,vript,-8.489133543811494,0.00020564910526453406,
Pair1\vc2\vc2\vc-21a72913-48de-5e80-85bf-da10c639ab49.mp4,F:\MEngDatasets\GenVidBench\GenVidBench\Pair1\vc2\vc2\vc-21a72913-48de-5e80-85bf-da10c639ab49.mp4,1,fake,Pair1,Pair1,vc2,8.376398831605911,0.9997698154185115,
Pair1\vript\vript\-NIP2zgVsRY-Scene-036.mp4,F:\MEngDatasets\GenVidBench\GenVidBench\Pair1\vript\vript\-NIP2zgVsRY-Scene-036.mp4,0,real,Pair1,Pair1,vript,-4.713163834906394,0.008896475249417678,
Pair2\mora\mora\00469___a cartoon character standing next to a dog.mp4,F:\MEngDatasets\GenVidBench\GenVidBench\Pair2\mora\mora\00469___a cartoon character standing next to a dog.mp4,1,fake,Pair2,Pair2,mora,8.402142238616943,0.9997756642175117,
Pair2\hd_vg_130m\hd_vg_130m\01616___2ORrNI7cop8.3_1.mp4,F:\MEngDatasets\GenVidBench\GenVidBench\Pair2\hd_vg_130m\hd_vg_130m\01616___2ORrNI7cop8.3_1.mp4,0,real,Pair2,Pair2,hd_vg_130m,-6.002448594719795,0.002466591026621093,
Pair2\hd_vg_130m\hd_vg_130m\09506___FhSRTcjcp2U.2_0.mp4,F:\MEngDatasets\GenVidBench\GenVidBench\Pair2\hd_vg_130m\hd_vg_130m\09506___FhSRTcjcp2U.2_0.mp4,0,real,Pair2,Pair2,hd_vg_130m,-7.759780328947564,0.00042636840358356,
Pair2\hd_vg_130m\hd_vg_130m\03138___080W85QxpEU.12_0.mp4,F:\MEngDatasets\GenVidBench\GenVidBench\Pair2\hd_vg_130m\hd_vg_130m\03138___080W85QxpEU.12_0.mp4,0,real,Pair2,Pair2,hd_vg_130m,-7.902690233112957,0.0003696108316301612,
Pair1\vc2\vc2\vc-8eeeefe2-5303-5ec2-895d-394d73ded281.mp4,F:\MEngDatasets\GenVidBench\GenVidBench\Pair1\vc2\vc2\vc-8eeeefe2-5303-5ec2-895d-394d73ded281.mp4,1,fake,Pair1,Pair1,vc2,8.300001055002213,0.9997515451802161,
Pair2\hd_vg_130m\hd_vg_130m\02639___58EmJJ_f4as.15_0.mp4,F:\MEngDatasets\GenVidBench\GenVidBench\Pair2\hd_vg_130m\hd_vg_130m\02639___58EmJJ_f4as.15_0.mp4,0,real,Pair2,Pair2,hd_vg_130m,-3.2017835603276295,0.03909865940550346,
Pair1\vript\vript\-Qzhy9pr_Kk-Scene-006.mp4,F:\MEngDatasets\GenVidBench\GenVidBench\Pair1\vript\vript\-Qzhy9pr_Kk-Scene-006.mp4,0,real,Pair1,Pair1,vript,-6.259785913416252,0.0019080075603016204,
Pair2\hd_vg_130m\hd_vg_130m\10100___CfWdFTzqsnc.1_1.mp4,F:\MEngDatasets\GenVidBench\GenVidBench\Pair2\hd_vg_130m\hd_vg_130m\10100___CfWdFTzqsnc.1_1.mp4,0,real,Pair2,Pair2,hd_vg_130m,-3.5917084184095183,0.026812503953280633,
Pair2\hd_vg_130m\hd_vg_130m\01177___1JU8cSIQ3ZI.3_2.mp4,F:\MEngDatasets\GenVidBench\GenVidBench\Pair2\hd_vg_130m\hd_vg_130m\01177___1JU8cSIQ3ZI.3_2.mp4,0,real,Pair2,Pair2,hd_vg_130m,-7.069596491518774,0.0008498533895505937,
Pair2\cogvideo\cogvideo\03669___a screen shot of a website with a shopping cart.mp4,F:\MEngDatasets\GenVidBench\GenVidBench\Pair2\cogvideo\cogvideo\03669___a screen shot of a website with a shopping cart.mp4,1,fake,Pair2,Pair2,cogvideo,9.776650457671195,0.9999432416183175,
Pair1\pika\pika\pika-ccb9b3b6-4648-507c-a041-71a022447232.mp4,F:\MEngDatasets\GenVidBench\GenVidBench\Pair1\pika\pika\pika-ccb9b3b6-4648-507c-a041-71a022447232.mp4,1,fake,Pair1,Pair1,pika,10.656752599610222,0.999976459215741,
Pair1\vript\vript\-Tznlx878UU-Scene-557.mp4,F:\MEngDatasets\GenVidBench\GenVidBench\Pair1\vript\vript\-Tznlx878UU-Scene-557.mp4,0,real,Pair1,Pair1,vript,-7.624632289276862,0.00048803645849848,
Pair2\hd_vg_130m\hd_vg_130m\02192___3eex1P_a1rs.10_2.mp4,F:\MEngDatasets\GenVidBench\GenVidBench\Pair2\hd_vg_130m\hd_vg_130m\02192___3eex1P_a1rs.10_2.mp4,0,real,Pair2,Pair2,hd_vg_130m,-4.901473962738795,0.007380734865935338,
Pair1\vript\vript\-PRRcoxSb94-Scene-015.mp4,F:\MEngDatasets\GenVidBench\GenVidBench\Pair1\vript\vript\-PRRcoxSb94-Scene-015.mp4,0,real,Pair1,Pair1,vript,-10.16722841210704,3.84071537557677e-05,
Pair2\hd_vg_130m\hd_vg_130m\10474___DagFak3Vsnw.0_1.mp4,F:\MEngDatasets\GenVidBench\GenVidBench\Pair2\hd_vg_130m\hd_vg_130m\10474___DagFak3Vsnw.0_1.mp4,0,real,Pair2,Pair2,hd_vg_130m,-4.913125082548114,0.007295863820428235,
Pair2\hd_vg_130m\hd_vg_130m\03722___19OgEsLAOO4.11_1.mp4,F:\MEngDatasets\GenVidBench\GenVidBench\Pair2\hd_vg_130m\hd_vg_130m\03722___19OgEsLAOO4.11_1.mp4,0,real,Pair2,Pair2,hd_vg_130m,-5.07556201296824,0.006208784393620183,
Pair1\vript\vript\-AsjE601CYo-Scene-039.mp4,F:\MEngDatasets\GenVidBench\GenVidBench\Pair1\vript\vript\-AsjE601CYo-Scene-039.mp4,0,real,Pair1,Pair1,vript,-7.038423189750085,0.0008767397901677098,
Pair2\hd_vg_130m\hd_vg_130m\11042___H8OfNfdKEls.10_0.mp4,F:\MEngDatasets\GenVidBench\GenVidBench\Pair2\hd_vg_130m\hd_vg_130m\11042___H8OfNfdKEls.10_0.mp4,0,real,Pair2,Pair2,hd_vg_130m,-6.189498836455929,0.002046656914030356,
Pair1\vc2\vc2\vc-6836d5d3-0d92-5d85-a32b-b121f9ba9b04.mp4,F:\MEngDatasets\GenVidBench\GenVidBench\Pair1\vc2\vc2\vc-6836d5d3-0d92-5d85-a32b-b121f9ba9b04.mp4,1,fake,Pair1,Pair1,vc2,9.551792562007904,0.9999289313064039,
Pair1\pika\pika\pika-a6aa3db8-6774-54ed-abf8-89bb1a29dc4d.mp4,F:\MEngDatasets\GenVidBench\GenVidBench\Pair1\pika\pika\pika-a6aa3db8-6774-54ed-abf8-89bb1a29dc4d.mp4,1,fake,Pair1,Pair1,pika,9.98121436436971,0.999953741282448,
Pair1\t2vz\t2vz\t2vz-807ec19f-d33e-5059-8aa2-877ca8f7c20f.mp4,F:\MEngDatasets\GenVidBench\GenVidBench\Pair1\t2vz\t2vz\t2vz-807ec19f-d33e-5059-8aa2-877ca8f7c20f.mp4,1,fake,Pair1,Pair1,t2vz,9.37795341014862,0.9999154390493942,
Pair1\vript\vript\-NPDexE9me0-Scene-004.mp4,F:\MEngDatasets\GenVidBench\GenVidBench\Pair1\vript\vript\-NPDexE9me0-Scene-004.mp4,0,real,Pair1,Pair1,vript,-4.827841698681866,0.007940225405320543,
Pair1\vript\vript\-DvrJYKZetE-Scene-022.mp4,F:\MEngDatasets\GenVidBench\GenVidBench\Pair1\vript\vript\-DvrJYKZetE-Scene-022.mp4,0,real,Pair1,Pair1,vript,-6.871007748173945,0.0010363559205587983,
Pair2\cogvideo\cogvideo\08843___four different types of iphone iphone iphone iphone iphone iphone iphone iphone iph.mp4,F:\MEngDatasets\GenVidBench\GenVidBench\Pair2\cogvideo\cogvideo\08843___four different types of iphone iphone iphone iphone iphone iphone iphone iphone iph.mp4,1,fake,Pair2,Pair2,cogvideo,10.435409979386764,0.9999706271374581,
Pair1\t2vz\t2vz\t2vz-ff2b6437-8e05-5974-948a-46e35895dc41.mp4,F:\MEngDatasets\GenVidBench\GenVidBench\Pair1\t2vz\t2vz\t2vz-ff2b6437-8e05-5974-948a-46e35895dc41.mp4,1,fake,Pair1,Pair1,t2vz,8.386194944381714,0.999772058812433,
Pair1\t2vz\t2vz\t2vz-015b6972-c260-5220-9166-33f0d10c2ce8.mp4,F:\MEngDatasets\GenVidBench\GenVidBench\Pair1\t2vz\t2vz\t2vz-015b6972-c260-5220-9166-33f0d10c2ce8.mp4,1,fake,Pair1,Pair1,t2vz,2.181213330477476,0.8985497305160868,
Pair2\hd_vg_130m\hd_vg_130m\00903___3NfrRXjNr40.0_5.mp4,F:\MEngDatasets\GenVidBench\GenVidBench\Pair2\hd_vg_130m\hd_vg_130m\00903___3NfrRXjNr40.0_5.mp4,0,real,Pair2,Pair2,hd_vg_130m,-2.0563548727390857,0.11341182995315324,
Pair2\musev\musev\13364___a cartoon character wearing a yellow shirt and red tie.mp4,F:\MEngDatasets\GenVidBench\GenVidBench\Pair2\musev\musev\13364___a cartoon character wearing a yellow shirt and red tie.mp4,1,fake,Pair2,Pair2,musev,8.486537896669828,0.9997938165190571,
Pair1\vript\vript\-nLkf7UJhZo-Scene-010.mp4,F:\MEngDatasets\GenVidBench\GenVidBench\Pair1\vript\vript\-nLkf7UJhZo-Scene-010.mp4,0,real,Pair1,Pair1,vript,-9.482618827819824,7.615841423940917e-05,
Pair2\hd_vg_130m\hd_vg_130m\08696___6qNJCfvMbyI.3_0.mp4,F:\MEngDatasets\GenVidBench\GenVidBench\Pair2\hd_vg_130m\hd_vg_130m\08696___6qNJCfvMbyI.3_0.mp4,0,real,Pair2,Pair2,hd_vg_130m,-7.234281192268182,0.0007209056004831208,
Pair1\vript\vript\-B9cy8VnHSk-Scene-006.mp4,F:\MEngDatasets\GenVidBench\GenVidBench\Pair1\vript\vript\-B9cy8VnHSk-Scene-006.mp4,0,real,Pair1,Pair1,vript,-8.444757690950603,0.0002149784660998408,
Pair1\vript\vript\-6qN1b9ELQM-Scene-056.mp4,F:\MEngDatasets\GenVidBench\GenVidBench\Pair1\vript\vript\-6qN1b9ELQM-Scene-056.mp4,0,real,Pair1,Pair1,vript,-4.248419665743507,0.01408555654348248,
Pair2\svd\svd\01072___a baseball player wearing a chicago cubs uniform.mp4,F:\MEngDatasets\GenVidBench\GenVidBench\Pair2\svd\svd\01072___a baseball player wearing a chicago cubs uniform.mp4,1,fake,Pair2,Pair2,svd,-1.1121986199702536,0.24746122509234328,
Pair1\pika\pika\pika-015b6972-c260-5220-9166-33f0d10c2ce8.mp4,F:\MEngDatasets\GenVidBench\GenVidBench\Pair1\pika\pika\pika-015b6972-c260-5220-9166-33f0d10c2ce8.mp4,1,fake,Pair1,Pair1,pika,9.98269510269165,0.9999538097256543,
Pair1\vript\vript\-SilAqrDTw8-Scene-041.mp4,F:\MEngDatasets\GenVidBench\GenVidBench\Pair1\vript\vript\-SilAqrDTw8-Scene-041.mp4,0,real,Pair1,Pair1,vript,-6.769163997650146,0.0011473366340808316,
Pair1\ms\ms\ms-426d9667-3ab8-5792-9634-aa99a5c2be26.mp4,F:\MEngDatasets\GenVidBench\GenVidBench\Pair1\ms\ms\ms-426d9667-3ab8-5792-9634-aa99a5c2be26.mp4,1,fake,Pair1,Pair1,ms,5.126432683318853,0.9940973438179512,
Pair1\vript\vript\-DXCtGr0DVI-Scene-014.mp4,F:\MEngDatasets\GenVidBench\GenVidBench\Pair1\vript\vript\-DXCtGr0DVI-Scene-014.mp4,0,real,Pair1,Pair1,vript,-5.887998771000575,0.0027648539835284295,
Pair1\vript\vript\-XmegTG3YdY-Scene-018.mp4,F:\MEngDatasets\GenVidBench\GenVidBench\Pair1\vript\vript\-XmegTG3YdY-Scene-018.mp4,0,real,Pair1,Pair1,vript,-6.905904341530014,0.0010008499473207432,
Pair2\hd_vg_130m\hd_vg_130m\04481___1QXPTEC1ITc.12_2.mp4,F:\MEngDatasets\GenVidBench\GenVidBench\Pair2\hd_vg_130m\hd_vg_130m\04481___1QXPTEC1ITc.12_2.mp4,0,real,Pair2,Pair2,hd_vg_130m,-5.925830356076764,0.002662482317975377,
Pair1\t2vz\t2vz\t2vz-d5614d82-b71b-59a9-997f-6410624cb493.mp4,F:\MEngDatasets\GenVidBench\GenVidBench\Pair1\t2vz\t2vz\t2vz-d5614d82-b71b-59a9-997f-6410624cb493.mp4,1,fake,Pair1,Pair1,t2vz,5.691659688949585,0.9966373569707173,
Pair1\vript\vript\-CgxuW203fk-Scene-033.mp4,F:\MEngDatasets\GenVidBench\GenVidBench\Pair1\vript\vript\-CgxuW203fk-Scene-033.mp4,0,real,Pair1,Pair1,vript,-9.45275260925293,7.84671039132361e-05,
Pair2\cogvideo\cogvideo\08787___a yellow school bus driving down a street.mp4,F:\MEngDatasets\GenVidBench\GenVidBench\Pair2\cogvideo\cogvideo\08787___a yellow school bus driving down a street.mp4,1,fake,Pair2,Pair2,cogvideo,10.2200914440733,0.9999635703616546,
Pair2\hd_vg_130m\hd_vg_130m\12812___E4xoji0xGus.1_1.mp4,F:\MEngDatasets\GenVidBench\GenVidBench\Pair2\hd_vg_130m\hd_vg_130m\12812___E4xoji0xGus.1_1.mp4,0,real,Pair2,Pair2,hd_vg_130m,-5.976924612907307,0.002530197245807745,
Pair2\hd_vg_130m\hd_vg_130m\03632___3QWFk473SUI.7_1.mp4,F:\MEngDatasets\GenVidBench\GenVidBench\Pair2\hd_vg_130m\hd_vg_130m\03632___3QWFk473SUI.7_1.mp4,0,real,Pair2,Pair2,hd_vg_130m,-6.282488747646934,0.0018652582797242419,
Pair2\mora\mora\10070___the back of a van filled with bags of drugs.mp4,F:\MEngDatasets\GenVidBench\GenVidBench\Pair2\mora\mora\10070___the back of a van filled with bags of drugs.mp4,1,fake,Pair2,Pair2,mora,10.424045403798422,0.9999702914333041,
Pair2\hd_vg_130m\hd_vg_130m\06543___7xjYXaXhg6s.16_1.mp4,F:\MEngDatasets\GenVidBench\GenVidBench\Pair2\hd_vg_130m\hd_vg_130m\06543___7xjYXaXhg6s.16_1.mp4,0,real,Pair2,Pair2,hd_vg_130m,-9.00904765017039,0.00012228331627584907,
Pair1\pika\pika\pika-828040e4-9aca-515d-a9bc-3dd881ef1ed7.mp4,F:\MEngDatasets\GenVidBench\GenVidBench\Pair1\pika\pika\pika-828040e4-9aca-515d-a9bc-3dd881ef1ed7.mp4,1,fake,Pair1,Pair1,pika,8.061436931292215,0.9996846263257404,
Pair2\mora\mora\02778___a map of japan with a red face on it.mp4,F:\MEngDatasets\GenVidBench\GenVidBench\Pair2\mora\mora\02778___a map of japan with a red face on it.mp4,1,fake,Pair2,Pair2,mora,9.370508432388306,0.9999148071994952,
Pair1\pika\pika\pika-b186afc4-3c50-566e-8091-11c41ac75c2b.mp4,F:\MEngDatasets\GenVidBench\GenVidBench\Pair1\pika\pika\pika-b186afc4-3c50-566e-8091-11c41ac75c2b.mp4,1,fake,Pair1,Pair1,pika,9.59845232963562,0.9999321709616847,
Pair2\hd_vg_130m\hd_vg_130m\10508___EXeZyO9XCsE.6_5.mp4,F:\MEngDatasets\GenVidBench\GenVidBench\Pair2\hd_vg_130m\hd_vg_130m\10508___EXeZyO9XCsE.6_5.mp4,0,real,Pair2,Pair2,hd_vg_130m,-8.350597097266535,0.0002361996054115883,
Pair1\vript\vript\-Z3priQFMeE-Scene-066.mp4,F:\MEngDatasets\GenVidBench\GenVidBench\Pair1\vript\vript\-Z3priQFMeE-Scene-066.mp4,0,real,Pair1,Pair1,vript,-7.286015618373366,0.000684583156243456,
Pair2\hd_vg_130m\hd_vg_130m\08790___B4-1towx-tw.0_2.mp4,F:\MEngDatasets\GenVidBench\GenVidBench\Pair2\hd_vg_130m\hd_vg_130m\08790___B4-1towx-tw.0_2.mp4,0,real,Pair2,Pair2,hd_vg_130m,-8.377585467477823,0.00022991166096686136,
Pair2\musev\musev\05668___a tractor driving down a dirt road.mp4,F:\MEngDatasets\GenVidBench\GenVidBench\Pair2\musev\musev\05668___a tractor driving down a dirt road.mp4,1,fake,Pair2,Pair2,musev,8.761243072839884,0.9998433348370672,
Pair1\vript\vript\-JzFLgHXyak-Scene-004.mp4,F:\MEngDatasets\GenVidBench\GenVidBench\Pair1\vript\vript\-JzFLgHXyak-Scene-004.mp4,0,real,Pair1,Pair1,vript,-8.440219794234185,0.00021595602184531977,
Pair1\vript\vript\-KWuh6hzi8E-Scene-007.mp4,F:\MEngDatasets\GenVidBench\GenVidBench\Pair1\vript\vript\-KWuh6hzi8E-Scene-007.mp4,0,real,Pair1,Pair1,vript,-5.593989372153897,0.0037063688561698297,
Pair2\hd_vg_130m\hd_vg_130m\10779___EkiZT5v5c24.7_2.mp4,F:\MEngDatasets\GenVidBench\GenVidBench\Pair2\hd_vg_130m\hd_vg_130m\10779___EkiZT5v5c24.7_2.mp4,0,real,Pair2,Pair2,hd_vg_130m,-8.258957236199766,0.0002588618253355607,
Pair1\vc2\vc2\vc-3d912141-6b6e-5cfd-8c30-12bad1a64b89.mp4,F:\MEngDatasets\GenVidBench\GenVidBench\Pair1\vc2\vc2\vc-3d912141-6b6e-5cfd-8c30-12bad1a64b89.mp4,1,fake,Pair1,Pair1,vc2,1.4030542382970452,0.8026681027718215,
Pair1\vc2\vc2\vc-ff2c8815-2aff-5fdb-8394-1917fb571f42.mp4,F:\MEngDatasets\GenVidBench\GenVidBench\Pair1\vc2\vc2\vc-ff2c8815-2aff-5fdb-8394-1917fb571f42.mp4,1,fake,Pair1,Pair1,vc2,7.330859005451202,0.9993454180705176,
Pair1\pika\pika\pika-e06925ad-b463-54de-b811-4986d1fe04fe.mp4,F:\MEngDatasets\GenVidBench\GenVidBench\Pair1\pika\pika\pika-e06925ad-b463-54de-b811-4986d1fe04fe.mp4,1,fake,Pair1,Pair1,pika,9.54914096991221,0.9999287426246029,
Pair2\cogvideo\cogvideo\05067___a lone skier in the middle of a snowy mountain.mp4,F:\MEngDatasets\GenVidBench\GenVidBench\Pair2\cogvideo\cogvideo\05067___a lone skier in the middle of a snowy mountain.mp4,1,fake,Pair2,Pair2,cogvideo,8.474525596156266,0.9997913253656691,
Pair1\vript\vript\-uyHPBbfN1Y-Scene-097.mp4,F:\MEngDatasets\GenVidBench\GenVidBench\Pair1\vript\vript\-uyHPBbfN1Y-Scene-097.mp4,0,real,Pair1,Pair1,vript,-9.292893606532704,9.206776476350956e-05,
Pair1\vript\vript\-KMOH0xbUIs-Scene-012.mp4,F:\MEngDatasets\GenVidBench\GenVidBench\Pair1\vript\vript\-KMOH0xbUIs-Scene-012.mp4,0,real,Pair1,Pair1,vript,-4.809524597800695,0.008085820668677803,
Pair1\vript\vript\-8JCVzvR560-Scene-089.mp4,F:\MEngDatasets\GenVidBench\GenVidBench\Pair1\vript\vript\-8JCVzvR560-Scene-089.mp4,0,real,Pair1,Pair1,vript,-6.517471820972273,0.0014752200259100618,
Pair1\t2vz\t2vz\t2vz-12576125-3471-5ed6-9be2-055b7a86f8ce.mp4,F:\MEngDatasets\GenVidBench\GenVidBench\Pair1\t2vz\t2vz\t2vz-12576125-3471-5ed6-9be2-055b7a86f8ce.mp4,1,fake,Pair1,Pair1,t2vz,7.833241522312164,0.9996038183669095,
Pair1\vript\vript\-2NL1IFwtS8-Scene-062.mp4,F:\MEngDatasets\GenVidBench\GenVidBench\Pair1\vript\vript\-2NL1IFwtS8-Scene-062.mp4,0,real,Pair1,Pair1,vript,2.5464544481781113,0.9273349599177889,
Pair2\hd_vg_130m\hd_vg_130m\02397___-PWE9sLkSLY.3_1.mp4,F:\MEngDatasets\GenVidBench\GenVidBench\Pair2\hd_vg_130m\hd_vg_130m\02397___-PWE9sLkSLY.3_1.mp4,0,real,Pair2,Pair2,hd_vg_130m,-1.6288088220084753,0.1639936060155006,
Pair2\hd_vg_130m\hd_vg_130m\01071___1Dfwqzh5VME.35_0.mp4,F:\MEngDatasets\GenVidBench\GenVidBench\Pair2\hd_vg_130m\hd_vg_130m\01071___1Dfwqzh5VME.35_0.mp4,0,real,Pair2,Pair2,hd_vg_130m,-8.34465502800151,0.00023760696351123517,
Pair2\cogvideo\cogvideo\09705___a screen shot of a character in a game.mp4,F:\MEngDatasets\GenVidBench\GenVidBench\Pair2\cogvideo\cogvideo\09705___a screen shot of a character in a game.mp4,1,fake,Pair2,Pair2,cogvideo,7.184892762791026,0.9992426237694741,
Pair1\vript\vript\-5ReoIc3C_o-Scene-073.mp4,F:\MEngDatasets\GenVidBench\GenVidBench\Pair1\vript\vript\-5ReoIc3C_o-Scene-073.mp4,0,real,Pair1,Pair1,vript,-2.5590646243339084,0.07181987110019557,
Pair1\vript\vript\-ELZ6vigbxo-Scene-005.mp4,F:\MEngDatasets\GenVidBench\GenVidBench\Pair1\vript\vript\-ELZ6vigbxo-Scene-005.mp4,0,real,Pair1,Pair1,vript,-3.685338784908426,0.024474637429064947,
Pair1\vript\vript\-pbPgOKDy-Y-Scene-076.mp4,F:\MEngDatasets\GenVidBench\GenVidBench\Pair1\vript\vript\-pbPgOKDy-Y-Scene-076.mp4,0,real,Pair1,Pair1,vript,-7.663062896805736,0.0004696453829016127,
Pair1\pika\pika\pika-ed905ae2-ee34-529c-a804-3ce2d5e7e939.mp4,F:\MEngDatasets\GenVidBench\GenVidBench\Pair1\pika\pika\pika-ed905ae2-ee34-529c-a804-3ce2d5e7e939.mp4,1,fake,Pair1,Pair1,pika,9.720595280329386,0.999939969351197,
Pair1\vc2\vc2\vc-af7aa6cd-c500-5cc9-bb3a-27e557edeb6c.mp4,F:\MEngDatasets\GenVidBench\GenVidBench\Pair1\vc2\vc2\vc-af7aa6cd-c500-5cc9-bb3a-27e557edeb6c.mp4,1,fake,Pair1,Pair1,vc2,6.82639878988266,0.9989164178919705,
Pair1\vript\vript\3O7icCqFfEo-Scene-002.mp4,F:\MEngDatasets\GenVidBench\GenVidBench\Pair1\vript\vript\3O7icCqFfEo-Scene-002.mp4,0,real,Pair1,Pair1,vript,-3.734330351188989,0.0233317862177669,
Pair2\mora\mora\03071___a shelf with a variety of metal items on it.mp4,F:\MEngDatasets\GenVidBench\GenVidBench\Pair2\mora\mora\03071___a shelf with a variety of metal items on it.mp4,1,fake,Pair2,Pair2,mora,10.580748756726583,0.9999746003244268,
Pair1\t2vz\t2vz\t2vz-3726faf1-874e-5a95-8b2f-87b7e04766a7.mp4,F:\MEngDatasets\GenVidBench\GenVidBench\Pair1\t2vz\t2vz\t2vz-3726faf1-874e-5a95-8b2f-87b7e04766a7.mp4,1,fake,Pair1,Pair1,t2vz,9.197296977043152,0.999898697380154,
Pair2\mora\mora\02141___a building with a fire hydrant on the side of it.mp4,F:\MEngDatasets\GenVidBench\GenVidBench\Pair2\mora\mora\02141___a building with a fire hydrant on the side of it.mp4,1,fake,Pair2,Pair2,mora,10.001087684631347,0.9999546514807792,
Pair2\mora\mora\06848___a coach being carried on the shoulders of his players.mp4,F:\MEngDatasets\GenVidBench\GenVidBench\Pair2\mora\mora\06848___a coach being carried on the shoulders of his players.mp4,1,fake,Pair2,Pair2,mora,9.649931073188782,0.9999355741431222,
Pair2\cogvideo\cogvideo\10264___two stuffed animals standing next to a desk.mp4,F:\MEngDatasets\GenVidBench\GenVidBench\Pair2\cogvideo\cogvideo\10264___two stuffed animals standing next to a desk.mp4,1,fake,Pair2,Pair2,cogvideo,10.220223195625074,0.999963575160825,
Pair2\mora\mora\08595___a picture of a motorcycle with a light on it.mp4,F:\MEngDatasets\GenVidBench\GenVidBench\Pair2\mora\mora\08595___a picture of a motorcycle with a light on it.mp4,1,fake,Pair2,Pair2,mora,10.196370323499044,0.9999626959115829,
Pair2\musev\musev\11382___a wooden chest of drawers sitting on top of a counter.mp4,F:\MEngDatasets\GenVidBench\GenVidBench\Pair2\musev\musev\11382___a wooden chest of drawers sitting on top of a counter.mp4,1,fake,Pair2,Pair2,musev,8.005709868211012,0.9996665585816745,
Pair1\vript\vript\-QtO4Z2zH2Y-Scene-002.mp4,F:\MEngDatasets\GenVidBench\GenVidBench\Pair1\vript\vript\-QtO4Z2zH2Y-Scene-002.mp4,0,real,Pair1,Pair1,vript,-3.8081368302808736,0.02170779841088628,
Pair1\vript\vript\-CFnpUuy9MM-Scene-018.mp4,F:\MEngDatasets\GenVidBench\GenVidBench\Pair1\vript\vript\-CFnpUuy9MM-Scene-018.mp4,0,real,Pair1,Pair1,vript,-5.638062840037875,0.003547130626150673,
Pair2\hd_vg_130m\hd_vg_130m\05949___6NyRMkQmezM.1_0.mp4,F:\MEngDatasets\GenVidBench\GenVidBench\Pair2\hd_vg_130m\hd_vg_130m\05949___6NyRMkQmezM.1_0.mp4,0,real,Pair2,Pair2,hd_vg_130m,-6.430468557927853,0.0016091021022484214,
Pair1\vript\vript\-CDAG1CTjLo-Scene-078.mp4,F:\MEngDatasets\GenVidBench\GenVidBench\Pair1\vript\vript\-CDAG1CTjLo-Scene-078.mp4,0,real,Pair1,Pair1,vript,-7.082981467729638,0.0008385633877909467,
Pair2\musev\musev\02476___a park that is flooded with water.mp4,F:\MEngDatasets\GenVidBench\GenVidBench\Pair2\musev\musev\02476___a park that is flooded with water.mp4,1,fake,Pair2,Pair2,musev,10.399266316340519,0.9999695461084511,
Pair2\hd_vg_130m\hd_vg_130m\10638___EhFCnA0EPFo.1_4.mp4,F:\MEngDatasets\GenVidBench\GenVidBench\Pair2\hd_vg_130m\hd_vg_130m\10638___EhFCnA0EPFo.1_4.mp4,0,real,Pair2,Pair2,hd_vg_130m,-7.078440050366509,0.000842377099397408,
Pair2\hd_vg_130m\hd_vg_130m\06925___B3E8wGfVk7w.4_0.mp4,F:\MEngDatasets\GenVidBench\GenVidBench\Pair2\hd_vg_130m\hd_vg_130m\06925___B3E8wGfVk7w.4_0.mp4,0,real,Pair2,Pair2,hd_vg_130m,-4.489745538201482,0.011098930557663632,
Pair2\hd_vg_130m\hd_vg_130m\00968___0EXb0-eUDDk.12_2.mp4,F:\MEngDatasets\GenVidBench\GenVidBench\Pair2\hd_vg_130m\hd_vg_130m\00968___0EXb0-eUDDk.12_2.mp4,0,real,Pair2,Pair2,hd_vg_130m,-4.190787242943974,0.014908731562906348,
Pair1\vript\vript\-1RsCsSKt7A-Scene-086.mp4,F:\MEngDatasets\GenVidBench\GenVidBench\Pair1\vript\vript\-1RsCsSKt7A-Scene-086.mp4,0,real,Pair1,Pair1,vript,-7.763748708856169,0.00042468048170576526,
Pair1\ms\ms\ms-15d13bf9-a053-5dfe-a244-32086ec1c77b.mp4,F:\MEngDatasets\GenVidBench\GenVidBench\Pair1\ms\ms\ms-15d13bf9-a053-5dfe-a244-32086ec1c77b.mp4,1,fake,Pair1,Pair1,ms,3.361614128574729,0.9664831034042197,
Pair1\pika\pika\pika-8eeeefe2-5303-5ec2-895d-394d73ded281.mp4,F:\MEngDatasets\GenVidBench\GenVidBench\Pair1\pika\pika\pika-8eeeefe2-5303-5ec2-895d-394d73ded281.mp4,1,fake,Pair1,Pair1,pika,6.646180232365926,0.9987027107240378,
Pair2\cogvideo\cogvideo\06819___a table topped with ingredients for a cake.mp4,F:\MEngDatasets\GenVidBench\GenVidBench\Pair2\cogvideo\cogvideo\06819___a table topped with ingredients for a cake.mp4,1,fake,Pair2,Pair2,cogvideo,7.469088005297111,0.9994298769201928,
Pair1\vript\vript\--amuSGpp94-Scene-011.mp4,F:\MEngDatasets\GenVidBench\GenVidBench\Pair1\vript\vript\--amuSGpp94-Scene-011.mp4,0,real,Pair1,Pair1,vript,-3.2410503037988323,0.03764981709222813,
Pair1\vript\vript\-ZxpBUbhvQM-Scene-071.mp4,F:\MEngDatasets\GenVidBench\GenVidBench\Pair1\vript\vript\-ZxpBUbhvQM-Scene-071.mp4,0,real,Pair1,Pair1,vript,-6.867730642954508,0.0010397542019142413,
Pair2\musev\musev\12336___a close up of a bird in a cage.mp4,F:\MEngDatasets\GenVidBench\GenVidBench\Pair2\musev\musev\12336___a close up of a bird in a cage.mp4,1,fake,Pair2,Pair2,musev,10.35771736731896,0.9999682541678991,
Pair2\hd_vg_130m\hd_vg_130m\05213___9wA0Xe76aSk.28_1.mp4,F:\MEngDatasets\GenVidBench\GenVidBench\Pair2\hd_vg_130m\hd_vg_130m\05213___9wA0Xe76aSk.28_1.mp4,0,real,Pair2,Pair2,hd_vg_130m,4.029807703536071,0.9825327796229131,
Pair2\musev\musev\08003___an airplane flying through a clear blue sky.mp4,F:\MEngDatasets\GenVidBench\GenVidBench\Pair2\musev\musev\08003___an airplane flying through a clear blue sky.mp4,1,fake,Pair2,Pair2,musev,7.36874323624831,0.9993697372094769,
Pair1\vript\vript\-JYuGS4buzs-Scene-047.mp4,F:\MEngDatasets\GenVidBench\GenVidBench\Pair1\vript\vript\-JYuGS4buzs-Scene-047.mp4,0,real,Pair1,Pair1,vript,-8.857934442340818,0.00014222835178773723,
Pair2\musev\musev\06329___a brown and white bird sitting in a tree.mp4,F:\MEngDatasets\GenVidBench\GenVidBench\Pair2\musev\musev\06329___a brown and white bird sitting in a tree.mp4,1,fake,Pair2,Pair2,musev,7.09054696559906,0.9991677515638271,
Pair1\ms\ms\ms-7b1711ba-3c30-539f-8ba7-5dff10e848c6.mp4,F:\MEngDatasets\GenVidBench\GenVidBench\Pair1\ms\ms\ms-7b1711ba-3c30-539f-8ba7-5dff10e848c6.mp4,1,fake,Pair1,Pair1,ms,-1.389362720772624,0.19950951433630879,
Pair2\hd_vg_130m\hd_vg_130m\12797___CRdy1e-k-tk.9_0.mp4,F:\MEngDatasets\GenVidBench\GenVidBench\Pair2\hd_vg_130m\hd_vg_130m\12797___CRdy1e-k-tk.9_0.mp4,0,real,Pair2,Pair2,hd_vg_130m,-7.492685859585985,0.0005568342999188122,
Pair1\vript\vript\-NmJouiMnaM-Scene-004.mp4,F:\MEngDatasets\GenVidBench\GenVidBench\Pair1\vript\vript\-NmJouiMnaM-Scene-004.mp4,0,real,Pair1,Pair1,vript,-7.877693274962729,0.000378962876198046,
Pair2\musev\musev\01857___a young boy sitting at a counter with a bowl of food.mp4,F:\MEngDatasets\GenVidBench\GenVidBench\Pair2\musev\musev\01857___a young boy sitting at a counter with a bowl of food.mp4,1,fake,Pair2,Pair2,musev,10.392183817349947,0.9999693296598164,
Pair2\cogvideo\cogvideo\06831___a weather map with snow on it.mp4,F:\MEngDatasets\GenVidBench\GenVidBench\Pair2\cogvideo\cogvideo\06831___a weather map with snow on it.mp4,1,fake,Pair2,Pair2,cogvideo,8.557383898532752,0.9998079156580352,
Pair2\svd\svd\08583___a computer screen showing a drawing of a horse.mp4,F:\MEngDatasets\GenVidBench\GenVidBench\Pair2\svd\svd\08583___a computer screen showing a drawing of a horse.mp4,1,fake,Pair2,Pair2,svd,7.837547404425485,0.9996055199393548,
Pair2\cogvideo\cogvideo\00609___a couple of kids playing basketball on a court.mp4,F:\MEngDatasets\GenVidBench\GenVidBench\Pair2\cogvideo\cogvideo\00609___a couple of kids playing basketball on a court.mp4,1,fake,Pair2,Pair2,cogvideo,9.0408886273702,0.9998815485144514,
Pair1\vript\vript\-OgDFzqzjpE-Scene-053.mp4,F:\MEngDatasets\GenVidBench\GenVidBench\Pair1\vript\vript\-OgDFzqzjpE-Scene-053.mp4,0,real,Pair1,Pair1,vript,-7.9757323381377425,0.0003435850144406485,
Pair1\vript\vript\0JMLUdQG9FQ-Scene-098.mp4,F:\MEngDatasets\GenVidBench\GenVidBench\Pair1\vript\vript\0JMLUdQG9FQ-Scene-098.mp4,0,real,Pair1,Pair1,vript,-5.8037494332449775,0.003007154133821115,
Pair2\hd_vg_130m\hd_vg_130m\09868___CaSTlTXG-90.26_0.mp4,F:\MEngDatasets\GenVidBench\GenVidBench\Pair2\hd_vg_130m\hd_vg_130m\09868___CaSTlTXG-90.26_0.mp4,0,real,Pair2,Pair2,hd_vg_130m,-2.7462508140071744,0.06029873967373403,
Pair2\hd_vg_130m\hd_vg_130m\09067___6uHjLgR68LA.1_0.mp4,F:\MEngDatasets\GenVidBench\GenVidBench\Pair2\hd_vg_130m\hd_vg_130m\09067___6uHjLgR68LA.1_0.mp4,0,real,Pair2,Pair2,hd_vg_130m,-9.540913574426554,7.18460140462705e-05,
Pair1\vript\vript\-_Ch9H2JzIM-Scene-008.mp4,F:\MEngDatasets\GenVidBench\GenVidBench\Pair1\vript\vript\-_Ch9H2JzIM-Scene-008.mp4,0,real,Pair1,Pair1,vript,-8.53834936823418,0.0001957748737355331,
Pair1\vript\vript\-8vE8JrxABo-Scene-064.mp4,F:\MEngDatasets\GenVidBench\GenVidBench\Pair1\vript\vript\-8vE8JrxABo-Scene-064.mp4,0,real,Pair1,Pair1,vript,-6.075482861757278,0.0022932648909628358,
Pair2\cogvideo\cogvideo\12577___the cbs logo on a blue background.mp4,F:\MEngDatasets\GenVidBench\GenVidBench\Pair2\cogvideo\cogvideo\12577___the cbs logo on a blue background.mp4,1,fake,Pair2,Pair2,cogvideo,8.430680014870383,0.9997819743985537,
Pair1\t2vz\t2vz\t2vz-a91ce67d-d3cc-5c0b-a386-21036e392c74.mp4,F:\MEngDatasets\GenVidBench\GenVidBench\Pair1\t2vz\t2vz\t2vz-a91ce67d-d3cc-5c0b-a386-21036e392c74.mp4,1,fake,Pair1,Pair1,t2vz,6.149016618728638,0.9978689701585023,
Pair2\hd_vg_130m\hd_vg_130m\11225___G0Mydde4QI8.10_1.mp4,F:\MEngDatasets\GenVidBench\GenVidBench\Pair2\hd_vg_130m\hd_vg_130m\11225___G0Mydde4QI8.10_1.mp4,0,real,Pair2,Pair2,hd_vg_130m,-8.379003026144845,0.00022958605336281478,
Pair1\vc2\vc2\vc-52085ef4-0f41-54af-a053-fa5dc9ede520.mp4,F:\MEngDatasets\GenVidBench\GenVidBench\Pair1\vc2\vc2\vc-52085ef4-0f41-54af-a053-fa5dc9ede520.mp4,1,fake,Pair1,Pair1,vc2,5.849566429853439,0.997127129099329,
Pair2\hd_vg_130m\hd_vg_130m\11415___E0rMcADCSWw.4_0.mp4,F:\MEngDatasets\GenVidBench\GenVidBench\Pair2\hd_vg_130m\hd_vg_130m\11415___E0rMcADCSWw.4_0.mp4,0,real,Pair2,Pair2,hd_vg_130m,-5.024771150664904,0.006530167189848662,
Pair1\vript\vript\-OdWi5yyDRg-Scene-005.mp4,F:\MEngDatasets\GenVidBench\GenVidBench\Pair1\vript\vript\-OdWi5yyDRg-Scene-005.mp4,0,real,Pair1,Pair1,vript,-6.667656851286935,0.001269759942467505,
Pair1\t2vz\t2vz\t2vz-89ed5c66-7b9e-5447-ae61-2e8f9ce6a9a9.mp4,F:\MEngDatasets\GenVidBench\GenVidBench\Pair1\t2vz\t2vz\t2vz-89ed5c66-7b9e-5447-ae61-2e8f9ce6a9a9.mp4,1,fake,Pair1,Pair1,t2vz,3.5208804421126842,0.9712760775982782,
Pair2\hd_vg_130m\hd_vg_130m\06240___9wEQ4FwtsHQ.18_1.mp4,F:\MEngDatasets\GenVidBench\GenVidBench\Pair2\hd_vg_130m\hd_vg_130m\06240___9wEQ4FwtsHQ.18_1.mp4,0,real,Pair2,Pair2,hd_vg_130m,-7.255055167458274,0.0007060944755700694,
Pair1\vript\vript\0ErVpaTWRFM-Scene-040.mp4,F:\MEngDatasets\GenVidBench\GenVidBench\Pair1\vript\vript\0ErVpaTWRFM-Scene-040.mp4,0,real,Pair1,Pair1,vript,-8.499904779287485,0.00020344634549822826,
Pair2\hd_vg_130m\hd_vg_130m\07012___8hN-ytS_zCw.8_0.mp4,F:\MEngDatasets\GenVidBench\GenVidBench\Pair2\hd_vg_130m\hd_vg_130m\07012___8hN-ytS_zCw.8_0.mp4,0,real,Pair2,Pair2,hd_vg_130m,-4.650120739545164,0.009469910949952389,
Pair1\vript\vript\-8DcaBhYbHI-Scene-068.mp4,F:\MEngDatasets\GenVidBench\GenVidBench\Pair1\vript\vript\-8DcaBhYbHI-Scene-068.mp4,0,real,Pair1,Pair1,vript,-8.651278898911775,0.00017487243606079805,
Pair1\vript\vript\-8QN_w1MhmM-Scene-071.mp4,F:\MEngDatasets\GenVidBench\GenVidBench\Pair1\vript\vript\-8QN_w1MhmM-Scene-071.mp4,0,real,Pair1,Pair1,vript,-9.26992421593171,9.420677786173193e-05,
Pair1\vript\vript\-5ajPCpJl-c-Scene-028.mp4,F:\MEngDatasets\GenVidBench\GenVidBench\Pair1\vript\vript\-5ajPCpJl-c-Scene-028.mp4,0,real,Pair1,Pair1,vript,1.4289383834502736,0.8067358497170851,
Pair2\hd_vg_130m\hd_vg_130m\09061___BV3p_aYvArQ.40_0.mp4,F:\MEngDatasets\GenVidBench\GenVidBench\Pair2\hd_vg_130m\hd_vg_130m\09061___BV3p_aYvArQ.40_0.mp4,0,real,Pair2,Pair2,hd_vg_130m,-3.4919837678923753,0.02954117942487108,
Pair1\vript\vript\-YIl2latzhY-Scene-063.mp4,F:\MEngDatasets\GenVidBench\GenVidBench\Pair1\vript\vript\-YIl2latzhY-Scene-063.mp4,0,real,Pair1,Pair1,vript,-5.992213164225663,0.0024919040593769206,
Pair2\mora\mora\03690___a row of bottles of milk sitting on a shelf.mp4,F:\MEngDatasets\GenVidBench\GenVidBench\Pair2\mora\mora\03690___a row of bottles of milk sitting on a shelf.mp4,1,fake,Pair2,Pair2,mora,10.277306954065958,0.999965596125136,
Pair2\hd_vg_130m\hd_vg_130m\01780___4Ec0AKuS8ms.0_2.mp4,F:\MEngDatasets\GenVidBench\GenVidBench\Pair2\hd_vg_130m\hd_vg_130m\01780___4Ec0AKuS8ms.0_2.mp4,0,real,Pair2,Pair2,hd_vg_130m,-4.672917963121611,0.009258441670998707,
Pair1\vript\vript\-KB3YUUz38c-Scene-082.mp4,F:\MEngDatasets\GenVidBench\GenVidBench\Pair1\vript\vript\-KB3YUUz38c-Scene-082.mp4,0,real,Pair1,Pair1,vript,-8.83710237193752,0.00014522190524424982,
Pair2\hd_vg_130m\hd_vg_130m\11974___F7gDC_jUjKs.15_0.mp4,F:\MEngDatasets\GenVidBench\GenVidBench\Pair2\hd_vg_130m\hd_vg_130m\11974___F7gDC_jUjKs.15_0.mp4,0,real,Pair2,Pair2,hd_vg_130m,-8.26480853013825,0.00025735196015141867,
Pair2\hd_vg_130m\hd_vg_130m\01582___02ZEJR8WDfk.13_3.mp4,F:\MEngDatasets\GenVidBench\GenVidBench\Pair2\hd_vg_130m\hd_vg_130m\01582___02ZEJR8WDfk.13_3.mp4,0,real,Pair2,Pair2,hd_vg_130m,-7.480867729173042,0.0005634503500406222,
Pair1\pika\pika\pika-3d22a760-43ce-5ddf-a6a6-2813cf54d6b7.mp4,F:\MEngDatasets\GenVidBench\GenVidBench\Pair1\pika\pika\pika-3d22a760-43ce-5ddf-a6a6-2813cf54d6b7.mp4,1,fake,Pair1,Pair1,pika,9.920298311445448,0.9999508359295535,
Pair2\hd_vg_130m\hd_vg_130m\10510___F1RuTpHgsAc.3_0.mp4,F:\MEngDatasets\GenVidBench\GenVidBench\Pair2\hd_vg_130m\hd_vg_130m\10510___F1RuTpHgsAc.3_0.mp4,0,real,Pair2,Pair2,hd_vg_130m,-8.362935255265095,0.00023330391773118637,
Pair1\vript\vript\-0xMfZOYTcU-Scene-049.mp4,F:\MEngDatasets\GenVidBench\GenVidBench\Pair1\vript\vript\-0xMfZOYTcU-Scene-049.mp4,0,real,Pair1,Pair1,vript,-0.8422531546911097,0.3010604558847825,
Pair2\svd\svd\12192___a close up of a doll laying on a bed.mp4,F:\MEngDatasets\GenVidBench\GenVidBench\Pair2\svd\svd\12192___a close up of a doll laying on a bed.mp4,1,fake,Pair2,Pair2,svd,10.179155145372663,0.9999620481800182,
Pair2\hd_vg_130m\hd_vg_130m\01832___06XJHOYANcQ.14_0.mp4,F:\MEngDatasets\GenVidBench\GenVidBench\Pair2\hd_vg_130m\hd_vg_130m\01832___06XJHOYANcQ.14_0.mp4,0,real,Pair2,Pair2,hd_vg_130m,-7.348184055752224,0.0006433461716757833,
Pair2\musev\musev\06882___a group of basketball players posing for a picture.mp4,F:\MEngDatasets\GenVidBench\GenVidBench\Pair2\musev\musev\06882___a group of basketball players posing for a picture.mp4,1,fake,Pair2,Pair2,musev,5.529216864934335,0.9960465952331734,
Pair2\hd_vg_130m\hd_vg_130m\09964___GgwrKSMqlsg.1_6.mp4,F:\MEngDatasets\GenVidBench\GenVidBench\Pair2\hd_vg_130m\hd_vg_130m\09964___GgwrKSMqlsg.1_6.mp4,0,real,Pair2,Pair2,hd_vg_130m,-4.731643238402249,0.008735006262449005,
Pair2\hd_vg_130m\hd_vg_130m\11825___Di9Ch4_Xu9g.16_0.mp4,F:\MEngDatasets\GenVidBench\GenVidBench\Pair2\hd_vg_130m\hd_vg_130m\11825___Di9Ch4_Xu9g.16_0.mp4,0,real,Pair2,Pair2,hd_vg_130m,-9.626969476478601,6.592219329496655e-05,
Pair2\hd_vg_130m\hd_vg_130m\02485___0YOsJk4OKzU.23_0.mp4,F:\MEngDatasets\GenVidBench\GenVidBench\Pair2\hd_vg_130m\hd_vg_130m\02485___0YOsJk4OKzU.23_0.mp4,0,real,Pair2,Pair2,hd_vg_130m,-8.188027481196043,0.0002778843871872169,
Pair2\musev\musev\09691___a group of geisha dolls sitting on a bamboo pole.mp4,F:\MEngDatasets\GenVidBench\GenVidBench\Pair2\musev\musev\09691___a group of geisha dolls sitting on a bamboo pole.mp4,1,fake,Pair2,Pair2,musev,6.919088391157297,0.9990122457574839,
Pair1\vript\vript\-5_jTyh-3Ng-Scene-013.mp4,F:\MEngDatasets\GenVidBench\GenVidBench\Pair1\vript\vript\-5_jTyh-3Ng-Scene-013.mp4,0,real,Pair1,Pair1,vript,-8.356963867669577,0.00023470090570563157,
Pair2\hd_vg_130m\hd_vg_130m\10934___ByyiUEpm3No.12_1.mp4,F:\MEngDatasets\GenVidBench\GenVidBench\Pair2\hd_vg_130m\hd_vg_130m\10934___ByyiUEpm3No.12_1.mp4,0,real,Pair2,Pair2,hd_vg_130m,-7.967648838089302,0.0003463726737592694,
Pair1\t2vz\t2vz\t2vz-c9b2959a-0cce-5df3-90e3-e0a70895dd77.mp4,F:\MEngDatasets\GenVidBench\GenVidBench\Pair1\t2vz\t2vz\t2vz-c9b2959a-0cce-5df3-90e3-e0a70895dd77.mp4,1,fake,Pair1,Pair1,t2vz,9.95000445842743,0.9999522748566511,
Pair1\pika\pika\pika-25580f7b-c375-508d-9bb3-0cb7e318744a.mp4,F:\MEngDatasets\GenVidBench\GenVidBench\Pair1\pika\pika\pika-25580f7b-c375-508d-9bb3-0cb7e318744a.mp4,1,fake,Pair1,Pair1,pika,10.234949986139933,0.9999641076321275,
Pair2\hd_vg_130m\hd_vg_130m\13764___HM5DFTU1GRg.0_7.mp4,F:\MEngDatasets\GenVidBench\GenVidBench\Pair2\hd_vg_130m\hd_vg_130m\13764___HM5DFTU1GRg.0_7.mp4,0,real,Pair2,Pair2,hd_vg_130m,-3.786110936694901,0.022180513695870912,
Pair2\hd_vg_130m\hd_vg_130m\04140___1APDfJVmf1M.14_3.mp4,F:\MEngDatasets\GenVidBench\GenVidBench\Pair2\hd_vg_130m\hd_vg_130m\04140___1APDfJVmf1M.14_3.mp4,0,real,Pair2,Pair2,hd_vg_130m,-8.464413367392503,0.00021079505819468069,
Pair1\pika\pika\pika-ff2b6437-8e05-5974-948a-46e35895dc41.mp4,F:\MEngDatasets\GenVidBench\GenVidBench\Pair1\pika\pika\pika-ff2b6437-8e05-5974-948a-46e35895dc41.mp4,1,fake,Pair1,Pair1,pika,8.319539096620348,0.9997563512149376,
Pair2\hd_vg_130m\hd_vg_130m\08326___9KqISPT5NWk.0_3.mp4,F:\MEngDatasets\GenVidBench\GenVidBench\Pair2\hd_vg_130m\hd_vg_130m\08326___9KqISPT5NWk.0_3.mp4,0,real,Pair2,Pair2,hd_vg_130m,-3.2180293134173628,0.03849285659243716,
Pair2\hd_vg_130m\hd_vg_130m\12715___CsK4eNtTTMo.10_0.mp4,F:\MEngDatasets\GenVidBench\GenVidBench\Pair2\hd_vg_130m\hd_vg_130m\12715___CsK4eNtTTMo.10_0.mp4,0,real,Pair2,Pair2,hd_vg_130m,-6.395378918810324,0.0016664714694784193,
Pair1\t2vz\t2vz\t2vz-ccb9b3b6-4648-507c-a041-71a022447232.mp4,F:\MEngDatasets\GenVidBench\GenVidBench\Pair1\t2vz\t2vz\t2vz-ccb9b3b6-4648-507c-a041-71a022447232.mp4,1,fake,Pair1,Pair1,t2vz,8.781651973724365,0.9998464993085211,
Pair2\cogvideo\cogvideo\12030___a young boy standing in the grass with a sign that says $ 200.mp4,F:\MEngDatasets\GenVidBench\GenVidBench\Pair2\cogvideo\cogvideo\12030___a young boy standing in the grass with a sign that says $ 200.mp4,1,fake,Pair2,Pair2,cogvideo,11.003822846846147,0.9999833623021862,
Pair2\hd_vg_130m\hd_vg_130m\01664___-7UBuZqP-Bc.0_1.mp4,F:\MEngDatasets\GenVidBench\GenVidBench\Pair2\hd_vg_130m\hd_vg_130m\01664___-7UBuZqP-Bc.0_1.mp4,0,real,Pair2,Pair2,hd_vg_130m,-4.786088729601525,0.008275970069584027,
Pair1\vc2\vc2\vc-70d666ee-bd5d-5ade-b0d1-b5b9085d5ca5.mp4,F:\MEngDatasets\GenVidBench\GenVidBench\Pair1\vc2\vc2\vc-70d666ee-bd5d-5ade-b0d1-b5b9085d5ca5.mp4,1,fake,Pair1,Pair1,vc2,9.040016174316406,0.9998814451382542,
Pair1\pika\pika\pika-ed3a73af-7a1d-529c-9cd3-a6d5a43e06d1.mp4,F:\MEngDatasets\GenVidBench\GenVidBench\Pair1\pika\pika\pika-ed3a73af-7a1d-529c-9cd3-a6d5a43e06d1.mp4,1,fake,Pair1,Pair1,pika,9.402016520500183,0.9999174493963024,
Pair2\hd_vg_130m\hd_vg_130m\04179___5Cn8BGeAy-0.18_0.mp4,F:\MEngDatasets\GenVidBench\GenVidBench\Pair2\hd_vg_130m\hd_vg_130m\04179___5Cn8BGeAy-0.18_0.mp4,0,real,Pair2,Pair2,hd_vg_130m,-5.945023706831624,0.0026119998528400567,
Pair2\hd_vg_130m\hd_vg_130m\10774___DUa3AUBhD1k.1_1.mp4,F:\MEngDatasets\GenVidBench\GenVidBench\Pair2\hd_vg_130m\hd_vg_130m\10774___DUa3AUBhD1k.1_1.mp4,0,real,Pair2,Pair2,hd_vg_130m,-4.097017540490671,0.016350397325499297,
Pair2\musev\musev\13849___a tree branch with ants crawling on it.mp4,F:\MEngDatasets\GenVidBench\GenVidBench\Pair2\musev\musev\13849___a tree branch with ants crawling on it.mp4,1,fake,Pair2,Pair2,musev,9.391734710106483,0.9999165963193656,
Pair2\hd_vg_130m\hd_vg_130m\09169___6aWOAgf_jZk.12_0.mp4,F:\MEngDatasets\GenVidBench\GenVidBench\Pair2\hd_vg_130m\hd_vg_130m\09169___6aWOAgf_jZk.12_0.mp4,0,real,Pair2,Pair2,hd_vg_130m,-3.457665423552195,0.03054108045161333,
Pair2\mora\mora\01040___a close up of a pair of scissors.mp4,F:\MEngDatasets\GenVidBench\GenVidBench\Pair2\mora\mora\01040___a close up of a pair of scissors.mp4,1,fake,Pair2,Pair2,mora,9.746313400268555,0.9999414934537646,
Pair2\hd_vg_130m\hd_vg_130m\06335___7DxLWrzgfFk.103_3.mp4,F:\MEngDatasets\GenVidBench\GenVidBench\Pair2\hd_vg_130m\hd_vg_130m\06335___7DxLWrzgfFk.103_3.mp4,0,real,Pair2,Pair2,hd_vg_130m,-1.9015968477707252,0.12992784944468397,
Pair1\vript\vript\-Nwg8U3jmlw-Scene-001.mp4,F:\MEngDatasets\GenVidBench\GenVidBench\Pair1\vript\vript\-Nwg8U3jmlw-Scene-001.mp4,0,real,Pair1,Pair1,vript,-8.226609629458608,0.00026737001493008577,
Pair1\vript\vript\-fikrO9_aRc-Scene-039.mp4,F:\MEngDatasets\GenVidBench\GenVidBench\Pair1\vript\vript\-fikrO9_aRc-Scene-039.mp4,0,real,Pair1,Pair1,vript,-2.363322020817218,0.08601267608577402,
Pair1\pika\pika\pika-426d9667-3ab8-5792-9634-aa99a5c2be26.mp4,F:\MEngDatasets\GenVidBench\GenVidBench\Pair1\pika\pika\pika-426d9667-3ab8-5792-9634-aa99a5c2be26.mp4,1,fake,Pair1,Pair1,pika,8.050454318523407,0.9996811447196237,
Pair1\vc2\vc2\vc-12576125-3471-5ed6-9be2-055b7a86f8ce.mp4,F:\MEngDatasets\GenVidBench\GenVidBench\Pair1\vc2\vc2\vc-12576125-3471-5ed6-9be2-055b7a86f8ce.mp4,1,fake,Pair1,Pair1,vc2,8.386964827775955,0.999772234193078,
Pair2\hd_vg_130m\hd_vg_130m\01038___0WctBTVPyps.26_0.mp4,F:\MEngDatasets\GenVidBench\GenVidBench\Pair2\hd_vg_130m\hd_vg_130m\01038___0WctBTVPyps.26_0.mp4,0,real,Pair2,Pair2,hd_vg_130m,-7.162599716155858,0.0007744368382916793,
Pair1\vript\vript\-c88ZCPF10M-Scene-167.mp4,F:\MEngDatasets\GenVidBench\GenVidBench\Pair1\vript\vript\-c88ZCPF10M-Scene-167.mp4,0,real,Pair1,Pair1,vript,-5.3628050954478566,0.004665865738096042,
Pair2\cogvideo\cogvideo\11137___a clock with the words amazon's uniform design for echo echo echo echo echo echo echo echo echo echo echo echo echo echo echo echo echo echo echo.mp4,F:\MEngDatasets\GenVidBench\GenVidBench\Pair2\cogvideo\cogvideo\11137___a clock with the words amazon's uniform design for echo echo echo echo echo echo echo echo echo echo echo echo echo echo echo echo echo echo echo.mp4,1,fake,Pair2,Pair2,cogvideo,6.803145155762181,0.9988909536948457,
Pair2\cogvideo\cogvideo\06848___a coach being carried on the shoulders of his players.mp4,F:\MEngDatasets\GenVidBench\GenVidBench\Pair2\cogvideo\cogvideo\06848___a coach being carried on the shoulders of his players.mp4,1,fake,Pair2,Pair2,cogvideo,8.562467965212734,0.9998088895632081,
Pair2\mora\mora\05529___a boat floating in the middle of a body of water.mp4,F:\MEngDatasets\GenVidBench\GenVidBench\Pair2\mora\mora\05529___a boat floating in the middle of a body of water.mp4,1,fake,Pair2,Pair2,mora,9.320813616116842,0.9999104669881439,
Pair2\musev\musev\04273___a red rectangle with a white background.mp4,F:\MEngDatasets\GenVidBench\GenVidBench\Pair2\musev\musev\04273___a red rectangle with a white background.mp4,1,fake,Pair2,Pair2,musev,9.387049161470854,0.9999162046432178,
Pair1\t2vz\t2vz\t2vz-2c48b7e5-b4e6-5152-83b8-287aa74afb8f.mp4,F:\MEngDatasets\GenVidBench\GenVidBench\Pair1\t2vz\t2vz\t2vz-2c48b7e5-b4e6-5152-83b8-287aa74afb8f.mp4,1,fake,Pair1,Pair1,t2vz,9.01161938905716,0.9998780307221413,
Pair1\vript\vript\-ClQTAGJ0yI-Scene-026.mp4,F:\MEngDatasets\GenVidBench\GenVidBench\Pair1\vript\vript\-ClQTAGJ0yI-Scene-026.mp4,0,real,Pair1,Pair1,vript,-8.528132748348632,0.00019778488588414564,
Pair2\hd_vg_130m\hd_vg_130m\06565___BCI2hqvpqkA.1_2.mp4,F:\MEngDatasets\GenVidBench\GenVidBench\Pair2\hd_vg_130m\hd_vg_130m\06565___BCI2hqvpqkA.1_2.mp4,0,real,Pair2,Pair2,hd_vg_130m,-7.014538305668743,0.0008979136766710564,
Pair2\cogvideo\cogvideo\04343___a screenshot of a video game.mp4,F:\MEngDatasets\GenVidBench\GenVidBench\Pair2\cogvideo\cogvideo\04343___a screenshot of a video game.mp4,1,fake,Pair2,Pair2,cogvideo,9.408944592331395,0.9999180192895185,
Pair2\cogvideo\cogvideo\07591___a picture of an egg on a blue background.mp4,F:\MEngDatasets\GenVidBench\GenVidBench\Pair2\cogvideo\cogvideo\07591___a picture of an egg on a blue background.mp4,1,fake,Pair2,Pair2,cogvideo,5.341012774994879,0.995231828355661,
Pair1\t2vz\t2vz\t2vz-e06925ad-b463-54de-b811-4986d1fe04fe.mp4,F:\MEngDatasets\GenVidBench\GenVidBench\Pair1\t2vz\t2vz\t2vz-e06925ad-b463-54de-b811-4986d1fe04fe.mp4,1,fake,Pair1,Pair1,t2vz,9.482386589050293,0.9999238238981176,
Pair1\pika\pika\pika-1d8e9939-76eb-5dc8-aab3-a78612eceb41.mp4,F:\MEngDatasets\GenVidBench\GenVidBench\Pair1\pika\pika\pika-1d8e9939-76eb-5dc8-aab3-a78612eceb41.mp4,1,fake,Pair1,Pair1,pika,10.593758861223856,0.9999749286283104,
Pair1\vript\vript\-yQ34T8gXGg-Scene-015.mp4,F:\MEngDatasets\GenVidBench\GenVidBench\Pair1\vript\vript\-yQ34T8gXGg-Scene-015.mp4,0,real,Pair1,Pair1,vript,-7.477401117483775,0.000565405896825945,
Pair2\svd\svd\03689___the reflection of a cat in the window of a car.mp4,F:\MEngDatasets\GenVidBench\GenVidBench\Pair2\svd\svd\03689___the reflection of a cat in the window of a car.mp4,1,fake,Pair2,Pair2,svd,10.746112891605922,0.9999784715323156,
Pair2\musev\musev\00321___a piece of paper sitting on top of a wooden table.mp4,F:\MEngDatasets\GenVidBench\GenVidBench\Pair2\musev\musev\00321___a piece of paper sitting on top of a wooden table.mp4,1,fake,Pair2,Pair2,musev,2.941558205164396,0.9498629857114178,
Pair1\ms\ms\ms-21a72913-48de-5e80-85bf-da10c639ab49.mp4,F:\MEngDatasets\GenVidBench\GenVidBench\Pair1\ms\ms\ms-21a72913-48de-5e80-85bf-da10c639ab49.mp4,1,fake,Pair1,Pair1,ms,8.409355700016022,0.9997772762733579,
Pair2\svd\svd\11382___a wooden chest of drawers sitting on top of a counter.mp4,F:\MEngDatasets\GenVidBench\GenVidBench\Pair2\svd\svd\11382___a wooden chest of drawers sitting on top of a counter.mp4,1,fake,Pair2,Pair2,svd,9.981755256652832,0.9999537662955094,
Pair2\cogvideo\cogvideo\08595___a picture of a motorcycle with a light on it.mp4,F:\MEngDatasets\GenVidBench\GenVidBench\Pair2\cogvideo\cogvideo\08595___a picture of a motorcycle with a light on it.mp4,1,fake,Pair2,Pair2,cogvideo,8.555200013247402,0.9998074957903162,
Pair1\vript\vript\-41qhay-Zzg-Scene-017.mp4,F:\MEngDatasets\GenVidBench\GenVidBench\Pair1\vript\vript\-41qhay-Zzg-Scene-017.mp4,0,real,Pair1,Pair1,vript,2.187591075897217,0.8991296377471902,
Pair2\hd_vg_130m\hd_vg_130m\09732___C8kdm32B8XA.16_0.mp4,F:\MEngDatasets\GenVidBench\GenVidBench\Pair2\hd_vg_130m\hd_vg_130m\09732___C8kdm32B8XA.16_0.mp4,0,real,Pair2,Pair2,hd_vg_130m,-7.712244167756499,0.000447116494041158,
Pair2\musev\musev\01482___a long hallway with numbers on the walls.mp4,F:\MEngDatasets\GenVidBench\GenVidBench\Pair2\musev\musev\01482___a long hallway with numbers on the walls.mp4,1,fake,Pair2,Pair2,musev,10.56089525956374,0.9999740910261579,
Pair1\vript\vript\-Y7E_C3yd4Q-Scene-016.mp4,F:\MEngDatasets\GenVidBench\GenVidBench\Pair1\vript\vript\-Y7E_C3yd4Q-Scene-016.mp4,0,real,Pair1,Pair1,vript,0.38873390689707144,0.5959778760395057,
Pair2\mora\mora\01784___president barack obama giving a speech in front of an american flag.mp4,F:\MEngDatasets\GenVidBench\GenVidBench\Pair2\mora\mora\01784___president barack obama giving a speech in front of an american flag.mp4,1,fake,Pair2,Pair2,mora,9.507704178492228,0.9999257281429911,
Pair1\vript\vript\-X8FNyBD8O8-Scene-056.mp4,F:\MEngDatasets\GenVidBench\GenVidBench\Pair1\vript\vript\-X8FNyBD8O8-Scene-056.mp4,0,real,Pair1,Pair1,vript,-6.887229329579837,0.0010196972116929693,
Pair1\vript\vript\-L95YoZnq1U-Scene-016.mp4,F:\MEngDatasets\GenVidBench\GenVidBench\Pair1\vript\vript\-L95YoZnq1U-Scene-016.mp4,0,real,Pair1,Pair1,vript,-3.5534255930831313,0.027829743451949062,
Pair2\hd_vg_130m\hd_vg_130m\06209___A9hVKgVCepM.4_2.mp4,F:\MEngDatasets\GenVidBench\GenVidBench\Pair2\hd_vg_130m\hd_vg_130m\06209___A9hVKgVCepM.4_2.mp4,0,real,Pair2,Pair2,hd_vg_130m,-4.862072090762002,0.00767507837276003,
Pair2\hd_vg_130m\hd_vg_130m\02763___4PlWTGYtv2Y.3_0.mp4,F:\MEngDatasets\GenVidBench\GenVidBench\Pair2\hd_vg_130m\hd_vg_130m\02763___4PlWTGYtv2Y.3_0.mp4,0,real,Pair2,Pair2,hd_vg_130m,-4.879935488579379,0.007540217305377974,
Pair1\ms\ms\ms-3d912141-6b6e-5cfd-8c30-12bad1a64b89.mp4,F:\MEngDatasets\GenVidBench\GenVidBench\Pair1\ms\ms\ms-3d912141-6b6e-5cfd-8c30-12bad1a64b89.mp4,1,fake,Pair1,Pair1,ms,1.450003258883953,0.8099989355295849,
Pair1\vript\vript\-HsVkwyi-mk-Scene-044.mp4,F:\MEngDatasets\GenVidBench\GenVidBench\Pair1\vript\vript\-HsVkwyi-mk-Scene-044.mp4,0,real,Pair1,Pair1,vript,-7.4456942699041715,0.0005836097411262475,
Pair1\vript\vript\-CgxuW203fk-Scene-064.mp4,F:\MEngDatasets\GenVidBench\GenVidBench\Pair1\vript\vript\-CgxuW203fk-Scene-064.mp4,0,real,Pair1,Pair1,vript,-4.1649977935721045,0.015292264139089297,
Pair1\vript\vript\-D3qsFC0E0E-Scene-005.mp4,F:\MEngDatasets\GenVidBench\GenVidBench\Pair1\vript\vript\-D3qsFC0E0E-Scene-005.mp4,0,real,Pair1,Pair1,vript,-7.969922797080198,0.0003455862032398928,
Pair1\vript\vript\-THy8MfI-aM-Scene-034.mp4,F:\MEngDatasets\GenVidBench\GenVidBench\Pair1\vript\vript\-THy8MfI-aM-Scene-034.mp4,0,real,Pair1,Pair1,vript,-8.561593425171129,0.00019127761164224464,
Pair1\vript\vript\-liMa4Ve-_8-Scene-038.mp4,F:\MEngDatasets\GenVidBench\GenVidBench\Pair1\vript\vript\-liMa4Ve-_8-Scene-038.mp4,0,real,Pair1,Pair1,vript,-8.821736261348596,0.00014747030233971673,
Pair1\vript\vript\-Xe9ATwapx8-Scene-113.mp4,F:\MEngDatasets\GenVidBench\GenVidBench\Pair1\vript\vript\-Xe9ATwapx8-Scene-113.mp4,0,real,Pair1,Pair1,vript,-5.055403794288635,0.006334411580758036,
Pair2\hd_vg_130m\hd_vg_130m\02384___0xRkyu_39UE.17_1.mp4,F:\MEngDatasets\GenVidBench\GenVidBench\Pair2\hd_vg_130m\hd_vg_130m\02384___0xRkyu_39UE.17_1.mp4,0,real,Pair2,Pair2,hd_vg_130m,-5.494756656664389,0.004091447347291625,
Pair2\hd_vg_130m\hd_vg_130m\08363___6bUDjs73UZg.33_0.mp4,F:\MEngDatasets\GenVidBench\GenVidBench\Pair2\hd_vg_130m\hd_vg_130m\08363___6bUDjs73UZg.33_0.mp4,0,real,Pair2,Pair2,hd_vg_130m,-3.325964723582043,0.03469110871536971,
Pair1\vript\vript\-7rMo-TJCbI-Scene-148.mp4,F:\MEngDatasets\GenVidBench\GenVidBench\Pair1\vript\vript\-7rMo-TJCbI-Scene-148.mp4,0,real,Pair1,Pair1,vript,-7.227062001199779,0.0007261249939741667,
Pair1\t2vz\t2vz\t2vz-426d9667-3ab8-5792-9634-aa99a5c2be26.mp4,F:\MEngDatasets\GenVidBench\GenVidBench\Pair1\t2vz\t2vz\t2vz-426d9667-3ab8-5792-9634-aa99a5c2be26.mp4,1,fake,Pair1,Pair1,t2vz,7.011466205120087,0.9990993260890344,
Pair2\mora\mora\12577___the cbs logo on a blue background.mp4,F:\MEngDatasets\GenVidBench\GenVidBench\Pair2\mora\mora\12577___the cbs logo on a blue background.mp4,1,fake,Pair2,Pair2,mora,9.80919329325358,0.9999450588659499,
Pair2\hd_vg_130m\hd_vg_130m\09333___C7qG7sRKa-0.0_0.mp4,F:\MEngDatasets\GenVidBench\GenVidBench\Pair2\hd_vg_130m\hd_vg_130m\09333___C7qG7sRKa-0.0_0.mp4,0,real,Pair2,Pair2,hd_vg_130m,-4.464232702587345,0.011382474249958044,
Pair2\mora\mora\11461___a potted plant with a bottle of liquid next to it.mp4,F:\MEngDatasets\GenVidBench\GenVidBench\Pair2\mora\mora\11461___a potted plant with a bottle of liquid next to it.mp4,1,fake,Pair2,Pair2,mora,8.631196856498718,0.9998215809019174,
Pair1\vc2\vc2\vc-e1653180-f281-52be-b6ff-1fd19ded0d5b.mp4,F:\MEngDatasets\GenVidBench\GenVidBench\Pair1\vc2\vc2\vc-e1653180-f281-52be-b6ff-1fd19ded0d5b.mp4,1,fake,Pair1,Pair1,vc2,9.0587158203125,0.9998836412172971,
Pair1\ms\ms\ms-a91ce67d-d3cc-5c0b-a386-21036e392c74.mp4,F:\MEngDatasets\GenVidBench\GenVidBench\Pair1\ms\ms\ms-a91ce67d-d3cc-5c0b-a386-21036e392c74.mp4,1,fake,Pair1,Pair1,ms,0.1204856047697831,0.5300850151970172,
Pair2\cogvideo\cogvideo\00901___two cars are parked in front of a house.mp4,F:\MEngDatasets\GenVidBench\GenVidBench\Pair2\cogvideo\cogvideo\00901___two cars are parked in front of a house.mp4,1,fake,Pair2,Pair2,cogvideo,10.317723014137961,0.9999669588252931,
Pair2\mora\mora\08843___four different types of iphone iphone iphone iphone iphone iphone iphone iphone iph.mp4,F:\MEngDatasets\GenVidBench\GenVidBench\Pair2\mora\mora\08843___four different types of iphone iphone iphone iphone iphone iphone iphone iphone iph.mp4,1,fake,Pair2,Pair2,mora,10.394489685694376,0.9999694002979463,
Pair1\ms\ms\ms-10f4cf37-bc88-59ab-a946-4fd0f3368410.mp4,F:\MEngDatasets\GenVidBench\GenVidBench\Pair1\ms\ms\ms-10f4cf37-bc88-59ab-a946-4fd0f3368410.mp4,1,fake,Pair1,Pair1,ms,2.939261246472597,0.9497534838701969,
Pair2\hd_vg_130m\hd_vg_130m\13233___EflFM6MhhYQ.12_2.mp4,F:\MEngDatasets\GenVidBench\GenVidBench\Pair2\hd_vg_130m\hd_vg_130m\13233___EflFM6MhhYQ.12_2.mp4,0,real,Pair2,Pair2,hd_vg_130m,-7.648162128346176,0.0004766924973997428,
Pair1\ms\ms\ms-d1418574-5192-5596-96da-d1d5a308670a.mp4,F:\MEngDatasets\GenVidBench\GenVidBench\Pair1\ms\ms\ms-d1418574-5192-5596-96da-d1d5a308670a.mp4,1,fake,Pair1,Pair1,ms,3.2494097482413054,0.9626518969974447,
Pair1\ms\ms\ms-ccb9b3b6-4648-507c-a041-71a022447232.mp4,F:\MEngDatasets\GenVidBench\GenVidBench\Pair1\ms\ms\ms-ccb9b3b6-4648-507c-a041-71a022447232.mp4,1,fake,Pair1,Pair1,ms,-1.5326113365590572,0.17761193730157446,
Pair2\mora\mora\03129___a picture of a window with rain drops on it.mp4,F:\MEngDatasets\GenVidBench\GenVidBench\Pair2\mora\mora\03129___a picture of a window with rain drops on it.mp4,1,fake,Pair2,Pair2,mora,8.686228712399801,0.9998311327397413,
Pair2\svd\svd\04212___a view of the interior of an auditorium.mp4,F:\MEngDatasets\GenVidBench\GenVidBench\Pair2\svd\svd\04212___a view of the interior of an auditorium.mp4,1,fake,Pair2,Pair2,svd,10.00574507032122,0.9999548621857423,
Pair1\vript\vript\-TT_Igi7gME-Scene-018.mp4,F:\MEngDatasets\GenVidBench\GenVidBench\Pair1\vript\vript\-TT_Igi7gME-Scene-018.mp4,0,real,Pair1,Pair1,vript,-10.157424893872491,3.878551599444825e-05,
Pair2\hd_vg_130m\hd_vg_130m\00317___-NKrNpQ7ZeY.20_2.mp4,F:\MEngDatasets\GenVidBench\GenVidBench\Pair2\hd_vg_130m\hd_vg_130m\00317___-NKrNpQ7ZeY.20_2.mp4,0,real,Pair2,Pair2,hd_vg_130m,-6.160707268994374,0.002106313945719013,
Pair2\hd_vg_130m\hd_vg_130m\08798___BhHnVz4jDN8.1_5.mp4,F:\MEngDatasets\GenVidBench\GenVidBench\Pair2\hd_vg_130m\hd_vg_130m\08798___BhHnVz4jDN8.1_5.mp4,0,real,Pair2,Pair2,hd_vg_130m,-7.25347324844817,0.0007072115532299589,
Pair1\ms\ms\ms-ff2c8815-2aff-5fdb-8394-1917fb571f42.mp4,F:\MEngDatasets\GenVidBench\GenVidBench\Pair1\ms\ms\ms-ff2c8815-2aff-5fdb-8394-1917fb571f42.mp4,1,fake,Pair1,Pair1,ms,-1.4251210535876453,0.19386001907241832,
Pair1\t2vz\t2vz\t2vz-07de788b-da8a-5eba-b85c-7a3bb267ea0b.mp4,F:\MEngDatasets\GenVidBench\GenVidBench\Pair1\t2vz\t2vz\t2vz-07de788b-da8a-5eba-b85c-7a3bb267ea0b.mp4,1,fake,Pair1,Pair1,t2vz,6.633902192115784,0.998686705416633,
Pair1\ms\ms\ms-f2af67e1-56fb-530e-9719-0dc5887becd9.mp4,F:\MEngDatasets\GenVidBench\GenVidBench\Pair1\ms\ms\ms-f2af67e1-56fb-530e-9719-0dc5887becd9.mp4,1,fake,Pair1,Pair1,ms,1.453837914392352,0.8105883901130541,
Pair1\vript\vript\-5kkT_RBHk8-Scene-111.mp4,F:\MEngDatasets\GenVidBench\GenVidBench\Pair1\vript\vript\-5kkT_RBHk8-Scene-111.mp4,0,real,Pair1,Pair1,vript,-6.688769248582549,0.0012432662519178367,
Pair1\vript\vript\04pOrJ3GnOM-Scene-018.mp4,F:\MEngDatasets\GenVidBench\GenVidBench\Pair1\vript\vript\04pOrJ3GnOM-Scene-018.mp4,0,real,Pair1,Pair1,vript,-3.9251810115018335,0.019356494247484226,
Pair2\hd_vg_130m\hd_vg_130m\06444___BC2fZVcB9ww.1_2.mp4,F:\MEngDatasets\GenVidBench\GenVidBench\Pair2\hd_vg_130m\hd_vg_130m\06444___BC2fZVcB9ww.1_2.mp4,0,real,Pair2,Pair2,hd_vg_130m,-5.529878708509218,0.0039507994309473365,
Pair2\hd_vg_130m\hd_vg_130m\07553___6jhuSjAHRlI.16_0.mp4,F:\MEngDatasets\GenVidBench\GenVidBench\Pair2\hd_vg_130m\hd_vg_130m\07553___6jhuSjAHRlI.16_0.mp4,0,real,Pair2,Pair2,hd_vg_130m,-3.131128972418168,0.04184132242802739,
Pair2\mora\mora\12067___a cell phone with a cartoon game on it.mp4,F:\MEngDatasets\GenVidBench\GenVidBench\Pair2\mora\mora\12067___a cell phone with a cartoon game on it.mp4,1,fake,Pair2,Pair2,mora,10.200553894042969,0.9999628516440848,
Pair1\vc2\vc2\vc-560931d1-903d-56e8-87ac-149535967748.mp4,F:\MEngDatasets\GenVidBench\GenVidBench\Pair1\vc2\vc2\vc-560931d1-903d-56e8-87ac-149535967748.mp4,1,fake,Pair1,Pair1,vc2,7.7508498430252075,0.9995698085118279,
Pair1\vript\vript\-b9sTS7kcC4-Scene-017.mp4,F:\MEngDatasets\GenVidBench\GenVidBench\Pair1\vript\vript\-b9sTS7kcC4-Scene-017.mp4,0,real,Pair1,Pair1,vript,-4.438082016233174,0.011680537230851674,
Pair2\hd_vg_130m\hd_vg_130m\02637___25yquwhDIzg.0_0.mp4,F:\MEngDatasets\GenVidBench\GenVidBench\Pair2\hd_vg_130m\hd_vg_130m\02637___25yquwhDIzg.0_0.mp4,0,real,Pair2,Pair2,hd_vg_130m,-6.949490069081544,0.0009582050784574491,
Pair2\hd_vg_130m\hd_vg_130m\03026___-ZEGPQAOn7I.25_0.mp4,F:\MEngDatasets\GenVidBench\GenVidBench\Pair2\hd_vg_130m\hd_vg_130m\03026___-ZEGPQAOn7I.25_0.mp4,0,real,Pair2,Pair2,hd_vg_130m,-1.1134924228276526,0.24722036646338041,
Pair1\vript\vript\-F3jb9eoKS8-Scene-033.mp4,F:\MEngDatasets\GenVidBench\GenVidBench\Pair1\vript\vript\-F3jb9eoKS8-Scene-033.mp4,0,real,Pair1,Pair1,vript,-6.799430433841585,0.001113169170650493,
Pair2\cogvideo\cogvideo\01040___a close up of a pair of scissors.mp4,F:\MEngDatasets\GenVidBench\GenVidBench\Pair2\cogvideo\cogvideo\01040___a close up of a pair of scissors.mp4,1,fake,Pair2,Pair2,cogvideo,6.664830496816924,0.9987266507657123,
Pair1\vript\vript\-6iIC9iblj0-Scene-026.mp4,F:\MEngDatasets\GenVidBench\GenVidBench\Pair1\vript\vript\-6iIC9iblj0-Scene-026.mp4,0,real,Pair1,Pair1,vript,-7.843922564963333,0.0003919741689133623,
Pair1\vript\vript\-IBSPylJNR4-Scene-019.mp4,F:\MEngDatasets\GenVidBench\GenVidBench\Pair1\vript\vript\-IBSPylJNR4-Scene-019.mp4,0,real,Pair1,Pair1,vript,-0.5219062918230243,0.372406587052776,
Pair2\hd_vg_130m\hd_vg_130m\12625___GAKUeQsM_Vg.3_0.mp4,F:\MEngDatasets\GenVidBench\GenVidBench\Pair2\hd_vg_130m\hd_vg_130m\12625___GAKUeQsM_Vg.3_0.mp4,0,real,Pair2,Pair2,hd_vg_130m,-6.713307933061702,0.001213165966141595,
Pair1\t2vz\t2vz\t2vz-4b8e1b54-4f2b-59ec-ad4e-f60c6d6639ce.mp4,F:\MEngDatasets\GenVidBench\GenVidBench\Pair1\t2vz\t2vz\t2vz-4b8e1b54-4f2b-59ec-ad4e-f60c6d6639ce.mp4,1,fake,Pair1,Pair1,t2vz,8.343223214149475,0.9997620526648827,
Pair2\hd_vg_130m\hd_vg_130m\07413___BHNfCZFJ8hg.13_0.mp4,F:\MEngDatasets\GenVidBench\GenVidBench\Pair2\hd_vg_130m\hd_vg_130m\07413___BHNfCZFJ8hg.13_0.mp4,0,real,Pair2,Pair2,hd_vg_130m,-9.057592474645183,0.00011648955204671169,
Pair1\vript\vript\-8upat2I7as-Scene-003.mp4,F:\MEngDatasets\GenVidBench\GenVidBench\Pair1\vript\vript\-8upat2I7as-Scene-003.mp4,0,real,Pair1,Pair1,vript,-5.435940167631012,0.004338234376009207,
Pair1\vc2\vc2\vc-2c48b7e5-b4e6-5152-83b8-287aa74afb8f.mp4,F:\MEngDatasets\GenVidBench\GenVidBench\Pair1\vc2\vc2\vc-2c48b7e5-b4e6-5152-83b8-287aa74afb8f.mp4,1,fake,Pair1,Pair1,vc2,9.776321947574615,0.999943222970612,
Pair1\t2vz\t2vz\t2vz-b186afc4-3c50-566e-8091-11c41ac75c2b.mp4,F:\MEngDatasets\GenVidBench\GenVidBench\Pair1\t2vz\t2vz\t2vz-b186afc4-3c50-566e-8091-11c41ac75c2b.mp4,1,fake,Pair1,Pair1,t2vz,9.868841886520386,0.999948240038305,
Pair1\t2vz\t2vz\t2vz-e35c583d-5dfe-5ba8-a937-5a1b5548a63f.mp4,F:\MEngDatasets\GenVidBench\GenVidBench\Pair1\t2vz\t2vz\t2vz-e35c583d-5dfe-5ba8-a937-5a1b5548a63f.mp4,1,fake,Pair1,Pair1,t2vz,5.695040583610535,0.9966486684798738,
Pair2\mora\mora\00400___a stone archway with a clock on it.mp4,F:\MEngDatasets\GenVidBench\GenVidBench\Pair2\mora\mora\00400___a stone archway with a clock on it.mp4,1,fake,Pair2,Pair2,mora,9.198525468508402,0.999898821740563,
Pair2\mora\mora\10264___two stuffed animals standing next to a desk.mp4,F:\MEngDatasets\GenVidBench\GenVidBench\Pair2\mora\mora\10264___two stuffed animals standing next to a desk.mp4,1,fake,Pair2,Pair2,mora,10.492920597394308,0.9999722686864196,
Pair2\mora\mora\04924___a close up of a teddy bear sitting on a rock.mp4,F:\MEngDatasets\GenVidBench\GenVidBench\Pair2\mora\mora\04924___a close up of a teddy bear sitting on a rock.mp4,1,fake,Pair2,Pair2,mora,7.654816309611003,0.9995264674736714,
Pair2\hd_vg_130m\hd_vg_130m\00171___-ozYm2_O1mQ.1_0.mp4,F:\MEngDatasets\GenVidBench\GenVidBench\Pair2\hd_vg_130m\hd_vg_130m\00171___-ozYm2_O1mQ.1_0.mp4,0,real,Pair2,Pair2,hd_vg_130m,-5.473602953986329,0.004178553012860814,
Pair2\hd_vg_130m\hd_vg_130m\02854___1xmHHboQDfg.19_2.mp4,F:\MEngDatasets\GenVidBench\GenVidBench\Pair2\hd_vg_130m\hd_vg_130m\02854___1xmHHboQDfg.19_2.mp4,0,real,Pair2,Pair2,hd_vg_130m,-8.721153453163717,0.00016307235844484455,
Pair1\vript\vript\-L7T3aHyVBY-Scene-028.mp4,F:\MEngDatasets\GenVidBench\GenVidBench\Pair1\vript\vript\-L7T3aHyVBY-Scene-028.mp4,0,real,Pair1,Pair1,vript,-6.782620853185653,0.0011320178709439677,
Pair2\cogvideo\cogvideo\00354___two pictures of a bird in a cage.mp4,F:\MEngDatasets\GenVidBench\GenVidBench\Pair2\cogvideo\cogvideo\00354___two pictures of a bird in a cage.mp4,1,fake,Pair2,Pair2,cogvideo,9.592016104495887,0.9999317330206944,
Pair2\hd_vg_130m\hd_vg_130m\02272___1CYJHlEMFD4.1_0.mp4,F:\MEngDatasets\GenVidBench\GenVidBench\Pair2\hd_vg_130m\hd_vg_130m\02272___1CYJHlEMFD4.1_0.mp4,0,real,Pair2,Pair2,hd_vg_130m,-6.222881072857341,0.001979595732595232,
Pair2\hd_vg_130m\hd_vg_130m\13727___GnIaOWhMfG8.0_0.mp4,F:\MEngDatasets\GenVidBench\GenVidBench\Pair2\hd_vg_130m\hd_vg_130m\13727___GnIaOWhMfG8.0_0.mp4,0,real,Pair2,Pair2,hd_vg_130m,-5.106440437902318,0.006021133361322679,
Pair1\vript\vript\0FSHBq27aWg-Scene-001.mp4,F:\MEngDatasets\GenVidBench\GenVidBench\Pair1\vript\vript\0FSHBq27aWg-Scene-001.mp4,0,real,Pair1,Pair1,vript,-5.884416809270593,0.002774747813772883,
Pair2\hd_vg_130m\hd_vg_130m\00500___4tHUGF2EEpI.26_0.mp4,F:\MEngDatasets\GenVidBench\GenVidBench\Pair2\hd_vg_130m\hd_vg_130m\00500___4tHUGF2EEpI.26_0.mp4,0,real,Pair2,Pair2,hd_vg_130m,-8.937029193696521,0.00013141364475051238,
Pair1\vript\vript\-fcVoEd8_y4-Scene-015.mp4,F:\MEngDatasets\GenVidBench\GenVidBench\Pair1\vript\vript\-fcVoEd8_y4-Scene-015.mp4,0,real,Pair1,Pair1,vript,-5.133258963205728,0.005862735636581603,
Pair1\t2vz\t2vz\t2vz-fd1c0be6-3ea0-504d-a8eb-3124d364ce30.mp4,F:\MEngDatasets\GenVidBench\GenVidBench\Pair1\t2vz\t2vz\t2vz-fd1c0be6-3ea0-504d-a8eb-3124d364ce30.mp4,1,fake,Pair1,Pair1,t2vz,9.511735796928406,0.9999260269538782,
Pair2\mora\mora\05197___a child is kneading dough on a table.mp4,F:\MEngDatasets\GenVidBench\GenVidBench\Pair2\mora\mora\05197___a child is kneading dough on a table.mp4,1,fake,Pair2,Pair2,mora,7.774439295132955,0.9995798335223667,
Pair1\pika\pika\pika-d878522c-5d22-5769-a99d-8a03bdecf654.mp4,F:\MEngDatasets\GenVidBench\GenVidBench\Pair1\pika\pika\pika-d878522c-5d22-5769-a99d-8a03bdecf654.mp4,1,fake,Pair1,Pair1,pika,10.48705784479777,0.9999721056316161,
Pair2\hd_vg_130m\hd_vg_130m\00391___48JTh6ZStfI.18_0.mp4,F:\MEngDatasets\GenVidBench\GenVidBench\Pair2\hd_vg_130m\hd_vg_130m\00391___48JTh6ZStfI.18_0.mp4,0,real,Pair2,Pair2,hd_vg_130m,-9.397780175111732,8.290102931314197e-05,
Pair1\vript\vript\-RY8EuEgedY-Scene-024.mp4,F:\MEngDatasets\GenVidBench\GenVidBench\Pair1\vript\vript\-RY8EuEgedY-Scene-024.mp4,0,real,Pair1,Pair1,vript,-9.195254204765199,0.00010150974850946549,
Pair2\hd_vg_130m\hd_vg_130m\00548___3fioM7OJbHM.6_2.mp4,F:\MEngDatasets\GenVidBench\GenVidBench\Pair2\hd_vg_130m\hd_vg_130m\00548___3fioM7OJbHM.6_2.mp4,0,real,Pair2,Pair2,hd_vg_130m,-8.35194838232327,0.00023588072320005236,
Pair1\vript\vript\-wBRFI1bqXE-Scene-062.mp4,F:\MEngDatasets\GenVidBench\GenVidBench\Pair1\vript\vript\-wBRFI1bqXE-Scene-062.mp4,0,real,Pair1,Pair1,vript,-4.798135688304901,0.008177678363472558,
Pair1\vript\vript\-SilAqrDTw8-Scene-062.mp4,F:\MEngDatasets\GenVidBench\GenVidBench\Pair1\vript\vript\-SilAqrDTw8-Scene-062.mp4,0,real,Pair1,Pair1,vript,-8.904364248116812,0.00013577655058073882,
Pair2\svd\svd\09691___a group of geisha dolls sitting on a bamboo pole.mp4,F:\MEngDatasets\GenVidBench\GenVidBench\Pair2\svd\svd\09691___a group of geisha dolls sitting on a bamboo pole.mp4,1,fake,Pair2,Pair2,svd,10.383497714996338,0.9999690621020093,
Pair1\t2vz\t2vz\t2vz-7510c4f9-8079-571a-b400-71e6e82a225b.mp4,F:\MEngDatasets\GenVidBench\GenVidBench\Pair1\t2vz\t2vz\t2vz-7510c4f9-8079-571a-b400-71e6e82a225b.mp4,1,fake,Pair1,Pair1,t2vz,9.2902330160141,0.999907686977106,
Pair1\ms\ms\ms-4b8e1b54-4f2b-59ec-ad4e-f60c6d6639ce.mp4,F:\MEngDatasets\GenVidBench\GenVidBench\Pair1\ms\ms\ms-4b8e1b54-4f2b-59ec-ad4e-f60c6d6639ce.mp4,1,fake,Pair1,Pair1,ms,5.15310275554657,0.9942517944184206,
Pair2\hd_vg_130m\hd_vg_130m\11424___EZr_THYPtXU.1_1.mp4,F:\MEngDatasets\GenVidBench\GenVidBench\Pair2\hd_vg_130m\hd_vg_130m\11424___EZr_THYPtXU.1_1.mp4,0,real,Pair2,Pair2,hd_vg_130m,-3.1015633081455203,0.0430428160523992,
Pair1\vript\vript\-c88ZCPF10M-Scene-232.mp4,F:\MEngDatasets\GenVidBench\GenVidBench\Pair1\vript\vript\-c88ZCPF10M-Scene-232.mp4,0,real,Pair1,Pair1,vript,-6.820706049601237,0.0010897615094698377,
Pair1\t2vz\t2vz\t2vz-ba73da46-9e5c-5739-abef-c90fe2406aea.mp4,F:\MEngDatasets\GenVidBench\GenVidBench\Pair1\t2vz\t2vz\t2vz-ba73da46-9e5c-5739-abef-c90fe2406aea.mp4,1,fake,Pair1,Pair1,t2vz,5.614565134048462,0.9963688392047256,
Pair1\pika\pika\pika-2de502f9-15f8-5091-b937-972cf561c94a.mp4,F:\MEngDatasets\GenVidBench\GenVidBench\Pair1\pika\pika\pika-2de502f9-15f8-5091-b937-972cf561c94a.mp4,1,fake,Pair1,Pair1,pika,10.2460484902064,0.9999645037672585,
Pair1\vc2\vc2\vc-ed3a73af-7a1d-529c-9cd3-a6d5a43e06d1.mp4,F:\MEngDatasets\GenVidBench\GenVidBench\Pair1\vc2\vc2\vc-ed3a73af-7a1d-529c-9cd3-a6d5a43e06d1.mp4,1,fake,Pair1,Pair1,vc2,9.599198877811432,0.9999322215770018,
Pair1\ms\ms\ms-3726faf1-874e-5a95-8b2f-87b7e04766a7.mp4,F:\MEngDatasets\GenVidBench\GenVidBench\Pair1\ms\ms\ms-3726faf1-874e-5a95-8b2f-87b7e04766a7.mp4,1,fake,Pair1,Pair1,ms,-0.7797973640263081,0.3143635603966037,
Pair1\vript\vript\-TPF9fnqZXk-Scene-037.mp4,F:\MEngDatasets\GenVidBench\GenVidBench\Pair1\vript\vript\-TPF9fnqZXk-Scene-037.mp4,0,real,Pair1,Pair1,vript,-2.1450941249310413,0.10479054927257547,
Pair1\vc2\vc2\vc-807ec19f-d33e-5059-8aa2-877ca8f7c20f.mp4,F:\MEngDatasets\GenVidBench\GenVidBench\Pair1\vc2\vc2\vc-807ec19f-d33e-5059-8aa2-877ca8f7c20f.mp4,1,fake,Pair1,Pair1,vc2,6.196560263633728,0.9979677152298544,
Pair2\musev\musev\01415___a news anchor is standing in front of a set of stairs.mp4,F:\MEngDatasets\GenVidBench\GenVidBench\Pair2\musev\musev\01415___a news anchor is standing in front of a set of stairs.mp4,1,fake,Pair2,Pair2,musev,10.32201231442965,0.9999671002406475,
Pair1\vript\vript\-8DcaBhYbHI-Scene-077.mp4,F:\MEngDatasets\GenVidBench\GenVidBench\Pair1\vript\vript\-8DcaBhYbHI-Scene-077.mp4,0,real,Pair1,Pair1,vript,-4.315633752059053,0.013181994934302036,
Pair2\cogvideo\cogvideo\13433___a refrigerator filled with eggs and milk.mp4,F:\MEngDatasets\GenVidBench\GenVidBench\Pair2\cogvideo\cogvideo\13433___a refrigerator filled with eggs and milk.mp4,1,fake,Pair2,Pair2,cogvideo,8.887767199314002,0.9998619514685387,
Pair1\vript\vript\-9IXrnrORYU-Scene-039.mp4,F:\MEngDatasets\GenVidBench\GenVidBench\Pair1\vript\vript\-9IXrnrORYU-Scene-039.mp4,0,real,Pair1,Pair1,vript,-3.8367811621590096,0.02110775292173371,
Pair2\hd_vg_130m\hd_vg_130m\03205___-oOTYyny5VI.21_1.mp4,F:\MEngDatasets\GenVidBench\GenVidBench\Pair2\hd_vg_130m\hd_vg_130m\03205___-oOTYyny5VI.21_1.mp4,0,real,Pair2,Pair2,hd_vg_130m,-3.5618604224068777,0.027602443654712178,
Pair1\vript\vript\-1RsCsSKt7A-Scene-067.mp4,F:\MEngDatasets\GenVidBench\GenVidBench\Pair1\vript\vript\-1RsCsSKt7A-Scene-067.mp4,0,real,Pair1,Pair1,vript,-8.537524692205169,0.00019593635952447192,
Pair1\pika\pika\pika-7510c4f9-8079-571a-b400-71e6e82a225b.mp4,F:\MEngDatasets\GenVidBench\GenVidBench\Pair1\pika\pika\pika-7510c4f9-8079-571a-b400-71e6e82a225b.mp4,1,fake,Pair1,Pair1,pika,10.536244206958347,0.9999734444226562,
Pair2\hd_vg_130m\hd_vg_130m\11426___Hc6FBa0EWp8.4_0.mp4,F:\MEngDatasets\GenVidBench\GenVidBench\Pair2\hd_vg_130m\hd_vg_130m\11426___Hc6FBa0EWp8.4_0.mp4,0,real,Pair2,Pair2,hd_vg_130m,-7.688673587462392,0.00045777559193592963,
Pair2\hd_vg_130m\hd_vg_130m\08801___5afrtpsmz5M.16_1.mp4,F:\MEngDatasets\GenVidBench\GenVidBench\Pair2\hd_vg_130m\hd_vg_130m\08801___5afrtpsmz5M.16_1.mp4,0,real,Pair2,Pair2,hd_vg_130m,-8.28853192167767,0.0002513200646146476,
Pair1\vc2\vc2\vc-b186afc4-3c50-566e-8091-11c41ac75c2b.mp4,F:\MEngDatasets\GenVidBench\GenVidBench\Pair1\vc2\vc2\vc-b186afc4-3c50-566e-8091-11c41ac75c2b.mp4,1,fake,Pair1,Pair1,vc2,9.856980502605438,0.9999476224703198,
Pair2\hd_vg_130m\hd_vg_130m\13739___DfCaemLAfVE.18_1.mp4,F:\MEngDatasets\GenVidBench\GenVidBench\Pair2\hd_vg_130m\hd_vg_130m\13739___DfCaemLAfVE.18_1.mp4,0,real,Pair2,Pair2,hd_vg_130m,-4.903944702613408,0.007362655598253117,
Pair1\vript\vript\-C1-SRVKuBg-Scene-005.mp4,F:\MEngDatasets\GenVidBench\GenVidBench\Pair1\vript\vript\-C1-SRVKuBg-Scene-005.mp4,0,real,Pair1,Pair1,vript,-7.970396069455738,0.00034542274201652463,
Pair1\ms\ms\ms-ff2b6437-8e05-5974-948a-46e35895dc41.mp4,F:\MEngDatasets\GenVidBench\GenVidBench\Pair1\ms\ms\ms-ff2b6437-8e05-5974-948a-46e35895dc41.mp4,1,fake,Pair1,Pair1,ms,4.684031635522842,0.9908429469555096,
Pair2\svd\svd\07648___a fire pit that is on the ground.mp4,F:\MEngDatasets\GenVidBench\GenVidBench\Pair2\svd\svd\07648___a fire pit that is on the ground.mp4,1,fake,Pair2,Pair2,svd,8.602816377367292,0.9998164456866174,
Pair1\vript\vript\-tD02vztV6g-Scene-061.mp4,F:\MEngDatasets\GenVidBench\GenVidBench\Pair1\vript\vript\-tD02vztV6g-Scene-061.mp4,0,real,Pair1,Pair1,vript,-9.41902561099441,8.115847990681779e-05,
Pair1\vript\vript\-T8OEzoW-Aw-Scene-128.mp4,F:\MEngDatasets\GenVidBench\GenVidBench\Pair1\vript\vript\-T8OEzoW-Aw-Scene-128.mp4,0,real,Pair1,Pair1,vript,-0.9938524591426054,0.2701518167471803,
Pair2\cogvideo\cogvideo\12970___a close up of a bunch of craft supplies.mp4,F:\MEngDatasets\GenVidBench\GenVidBench\Pair2\cogvideo\cogvideo\12970___a close up of a bunch of craft supplies.mp4,1,fake,Pair2,Pair2,cogvideo,8.693629669420647,0.999832377696966,
Pair2\svd\svd\07170___a news anchor is standing in front of a plane.mp4,F:\MEngDatasets\GenVidBench\GenVidBench\Pair2\svd\svd\07170___a news anchor is standing in front of a plane.mp4,1,fake,Pair2,Pair2,svd,6.933482101985386,0.9990263476309558,
Pair2\hd_vg_130m\hd_vg_130m\07235___A6wZq_PeD4Y.11_0.mp4,F:\MEngDatasets\GenVidBench\GenVidBench\Pair2\hd_vg_130m\hd_vg_130m\07235___A6wZq_PeD4Y.11_0.mp4,0,real,Pair2,Pair2,hd_vg_130m,-8.75299927987248,0.00015796181139846787,
Pair1\ms\ms\ms-d878522c-5d22-5769-a99d-8a03bdecf654.mp4,F:\MEngDatasets\GenVidBench\GenVidBench\Pair1\ms\ms\ms-d878522c-5d22-5769-a99d-8a03bdecf654.mp4,1,fake,Pair1,Pair1,ms,-3.140561565756798,0.04146479386155247,
Pair2\hd_vg_130m\hd_vg_130m\08731___6owe8huyFS0.0_0.mp4,F:\MEngDatasets\GenVidBench\GenVidBench\Pair2\hd_vg_130m\hd_vg_130m\08731___6owe8huyFS0.0_0.mp4,0,real,Pair2,Pair2,hd_vg_130m,-7.219897508009886,0.0007313421737824142,
Pair2\cogvideo\cogvideo\03015___a box of a toy ice cream maker for kids.mp4,F:\MEngDatasets\GenVidBench\GenVidBench\Pair2\cogvideo\cogvideo\03015___a box of a toy ice cream maker for kids.mp4,1,fake,Pair2,Pair2,cogvideo,10.073113932754055,0.9999578027764132,
Pair2\hd_vg_130m\hd_vg_130m\03835___0UsIv4bnX5M.6_0.mp4,F:\MEngDatasets\GenVidBench\GenVidBench\Pair2\hd_vg_130m\hd_vg_130m\03835___0UsIv4bnX5M.6_0.mp4,0,real,Pair2,Pair2,hd_vg_130m,-4.158206031510704,0.015394874683732946,
Pair2\mora\mora\11555___a girl sitting on the ground looking at her cell phone.mp4,F:\MEngDatasets\GenVidBench\GenVidBench\Pair2\mora\mora\11555___a girl sitting on the ground looking at her cell phone.mp4,1,fake,Pair2,Pair2,mora,9.501363714536032,0.9999252557641892,
Pair1\vript\vript\-Hpg214Kk_U-Scene-012.mp4,F:\MEngDatasets\GenVidBench\GenVidBench\Pair1\vript\vript\-Hpg214Kk_U-Scene-012.mp4,0,real,Pair1,Pair1,vript,-5.15284706739335,0.00574966706592085,
Pair2\svd\svd\07924___a large group of fish swimming in a blue ocean.mp4,F:\MEngDatasets\GenVidBench\GenVidBench\Pair2\svd\svd\07924___a large group of fish swimming in a blue ocean.mp4,1,fake,Pair2,Pair2,svd,9.471116610935756,0.9999229606057495,
Pair1\vript\vript\-8vE8JrxABo-Scene-035.mp4,F:\MEngDatasets\GenVidBench\GenVidBench\Pair1\vript\vript\-8vE8JrxABo-Scene-035.mp4,0,real,Pair1,Pair1,vript,-8.467842907741153,0.0002100735178887979,
Pair2\hd_vg_130m\hd_vg_130m\06502___8_PcURNK_ss.19_0.mp4,F:\MEngDatasets\GenVidBench\GenVidBench\Pair2\hd_vg_130m\hd_vg_130m\06502___8_PcURNK_ss.19_0.mp4,0,real,Pair2,Pair2,hd_vg_130m,-7.980624069247329,0.0003419089663223846,
Pair2\hd_vg_130m\hd_vg_130m\03114___1Oupzn1YvAE.14_0.mp4,F:\MEngDatasets\GenVidBench\GenVidBench\Pair2\hd_vg_130m\hd_vg_130m\03114___1Oupzn1YvAE.14_0.mp4,0,real,Pair2,Pair2,hd_vg_130m,-8.717125038946829,0.0001637304986342703,
Pair2\musev\musev\08151___a picture of a tall building with a blue sky in the background.mp4,F:\MEngDatasets\GenVidBench\GenVidBench\Pair2\musev\musev\08151___a picture of a tall building with a blue sky in the background.mp4,1,fake,Pair2,Pair2,musev,5.904074448805589,0.9972791176000396,
Pair1\vript\vript\-P2rqYVqLhM-Scene-037.mp4,F:\MEngDatasets\GenVidBench\GenVidBench\Pair1\vript\vript\-P2rqYVqLhM-Scene-037.mp4,0,real,Pair1,Pair1,vript,-6.606752478473884,0.0013493898123901529,
Pair2\hd_vg_130m\hd_vg_130m\10898___EVfpBLsXM9g.4_0.mp4,F:\MEngDatasets\GenVidBench\GenVidBench\Pair2\hd_vg_130m\hd_vg_130m\10898___EVfpBLsXM9g.4_0.mp4,0,real,Pair2,Pair2,hd_vg_130m,-9.6265526682042,6.594967412522583e-05,
Pair1\vript\vript\-NRpuiOcclo-Scene-035.mp4,F:\MEngDatasets\GenVidBench\GenVidBench\Pair1\vript\vript\-NRpuiOcclo-Scene-035.mp4,0,real,Pair1,Pair1,vript,-3.718441740974136,0.02369660184741452,
Pair2\hd_vg_130m\hd_vg_130m\04974___AZD64PPFkn0.25_1.mp4,F:\MEngDatasets\GenVidBench\GenVidBench\Pair2\hd_vg_130m\hd_vg_130m\04974___AZD64PPFkn0.25_1.mp4,0,real,Pair2,Pair2,hd_vg_130m,-6.5377325421512715,0.0014456745312864706,
Pair1\vript\vript\04pOrJ3GnOM-Scene-022.mp4,F:\MEngDatasets\GenVidBench\GenVidBench\Pair1\vript\vript\04pOrJ3GnOM-Scene-022.mp4,0,real,Pair1,Pair1,vript,-4.326437463525866,0.013042194403766284,
Pair2\hd_vg_130m\hd_vg_130m\03457___4NGA1cLWqzQ.10_4.mp4,F:\MEngDatasets\GenVidBench\GenVidBench\Pair2\hd_vg_130m\hd_vg_130m\03457___4NGA1cLWqzQ.10_4.mp4,0,real,Pair2,Pair2,hd_vg_130m,-6.65528062269724,0.0012855521016361296,
Pair1\vc2\vc2\vc-426d9667-3ab8-5792-9634-aa99a5c2be26.mp4,F:\MEngDatasets\GenVidBench\GenVidBench\Pair1\vc2\vc2\vc-426d9667-3ab8-5792-9634-aa99a5c2be26.mp4,1,fake,Pair1,Pair1,vc2,8.369408667087555,0.9997682011278829,
Pair2\cogvideo\cogvideo\00469___a cartoon character standing next to a dog.mp4,F:\MEngDatasets\GenVidBench\GenVidBench\Pair2\cogvideo\cogvideo\00469___a cartoon character standing next to a dog.mp4,1,fake,Pair2,Pair2,cogvideo,7.911045305656664,0.9996334633015838,
Pair2\svd\svd\08954___a news story about a church in north austin.mp4,F:\MEngDatasets\GenVidBench\GenVidBench\Pair2\svd\svd\08954___a news story about a church in north austin.mp4,1,fake,Pair2,Pair2,svd,9.806006363459996,0.9999448835027768,
Pair2\mora\mora\02320___a speedometer with the word scotty written on it.mp4,F:\MEngDatasets\GenVidBench\GenVidBench\Pair2\mora\mora\02320___a speedometer with the word scotty written on it.mp4,1,fake,Pair2,Pair2,mora,8.320216457049051,0.9997565161569303,
Pair2\hd_vg_130m\hd_vg_130m\07076___6HJCB2sU69w.17_3.mp4,F:\MEngDatasets\GenVidBench\GenVidBench\Pair2\hd_vg_130m\hd_vg_130m\07076___6HJCB2sU69w.17_3.mp4,0,real,Pair2,Pair2,hd_vg_130m,-6.574356752542349,0.0013937581393702015,
Pair2\hd_vg_130m\hd_vg_130m\08531___Bf-DNUSv2NM.5_1.mp4,F:\MEngDatasets\GenVidBench\GenVidBench\Pair2\hd_vg_130m\hd_vg_130m\08531___Bf-DNUSv2NM.5_1.mp4,0,real,Pair2,Pair2,hd_vg_130m,-5.828558679412259,0.002933682925790495,
Pair1\vript\vript\-Tznlx878UU-Scene-288.mp4,F:\MEngDatasets\GenVidBench\GenVidBench\Pair1\vript\vript\-Tznlx878UU-Scene-288.mp4,0,real,Pair1,Pair1,vript,-7.841608354385863,0.00039288197331381033,
Pair2\musev\musev\07001___a close up of a white umbrella.mp4,F:\MEngDatasets\GenVidBench\GenVidBench\Pair2\musev\musev\07001___a close up of a white umbrella.mp4,1,fake,Pair2,Pair2,musev,9.782111608065092,0.9999435507220795,
Pair2\hd_vg_130m\hd_vg_130m\00065___2PCwnCC5Sw0.1_3.mp4,F:\MEngDatasets\GenVidBench\GenVidBench\Pair2\hd_vg_130m\hd_vg_130m\00065___2PCwnCC5Sw0.1_3.mp4,0,real,Pair2,Pair2,hd_vg_130m,-5.853513264338176,0.0028615868842573494,
Pair2\svd\svd\03042___a couple of speed boats in the ocean.mp4,F:\MEngDatasets\GenVidBench\GenVidBench\Pair2\svd\svd\03042___a couple of speed boats in the ocean.mp4,1,fake,Pair2,Pair2,svd,7.920556511197772,0.9996369317211574,
Pair1\t2vz\t2vz\t2vz-a48b75cf-0aba-57f5-99ec-7a8ca28edaee.mp4,F:\MEngDatasets\GenVidBench\GenVidBench\Pair1\t2vz\t2vz\t2vz-a48b75cf-0aba-57f5-99ec-7a8ca28edaee.mp4,1,fake,Pair1,Pair1,t2vz,8.900878190994263,0.9998637493632333,
Pair1\vript\vript\-gwzJWXvJuo-Scene-010.mp4,F:\MEngDatasets\GenVidBench\GenVidBench\Pair1\vript\vript\-gwzJWXvJuo-Scene-010.mp4,0,real,Pair1,Pair1,vript,-6.416592585576045,0.0016315489049853965,
Pair1\vript\vript\-9LBAHo_5Zc-Scene-020.mp4,F:\MEngDatasets\GenVidBench\GenVidBench\Pair1\vript\vript\-9LBAHo_5Zc-Scene-020.mp4,0,real,Pair1,Pair1,vript,-9.69275704982925,6.172516948654113e-05,
Pair2\hd_vg_130m\hd_vg_130m\07171___7h31FF5lbWw.1_1.mp4,F:\MEngDatasets\GenVidBench\GenVidBench\Pair2\hd_vg_130m\hd_vg_130m\07171___7h31FF5lbWw.1_1.mp4,0,real,Pair2,Pair2,hd_vg_130m,-8.304549964903417,0.0002473274667809787,
Pair1\vript\vript\-BDQmaMlb2g-Scene-014.mp4,F:\MEngDatasets\GenVidBench\GenVidBench\Pair1\vript\vript\-BDQmaMlb2g-Scene-014.mp4,0,real,Pair1,Pair1,vript,-7.4120697691078075,0.0006035549277457297,
Pair2\hd_vg_130m\hd_vg_130m\00184___2-UK61Str2w.14_0.mp4,F:\MEngDatasets\GenVidBench\GenVidBench\Pair2\hd_vg_130m\hd_vg_130m\00184___2-UK61Str2w.14_0.mp4,0,real,Pair2,Pair2,hd_vg_130m,-8.821788771324847,0.0001474625600228195,
Pair1\vc2\vc2\vc-25580f7b-c375-508d-9bb3-0cb7e318744a.mp4,F:\MEngDatasets\GenVidBench\GenVidBench\Pair1\vc2\vc2\vc-25580f7b-c375-508d-9bb3-0cb7e318744a.mp4,1,fake,Pair1,Pair1,vc2,9.574701011180878,0.999930540761429,
Pair2\svd\svd\07585___a doll sitting on a chair in a room.mp4,F:\MEngDatasets\GenVidBench\GenVidBench\Pair2\svd\svd\07585___a doll sitting on a chair in a room.mp4,1,fake,Pair2,Pair2,svd,8.960766247340612,0.9998716686012297,
Pair2\musev\musev\07648___a fire pit that is on the ground.mp4,F:\MEngDatasets\GenVidBench\GenVidBench\Pair2\musev\musev\07648___a fire pit that is on the ground.mp4,1,fake,Pair2,Pair2,musev,4.945427018862504,0.9929344025092066,
Pair1\vript\vript\-bvYuskY0ZQ-Scene-014.mp4,F:\MEngDatasets\GenVidBench\GenVidBench\Pair1\vript\vript\-bvYuskY0ZQ-Scene-014.mp4,0,real,Pair1,Pair1,vript,-7.378509332789457,0.000624141364854356,
Pair1\vript\vript\-1o0lgzDaig-Scene-046.mp4,F:\MEngDatasets\GenVidBench\GenVidBench\Pair1\vript\vript\-1o0lgzDaig-Scene-046.mp4,0,real,Pair1,Pair1,vript,-4.766288726200611,0.008440070512945312,
Pair1\ms\ms\ms-70770d2b-1dab-5c0e-935c-12fc3779bf06.mp4,F:\MEngDatasets\GenVidBench\GenVidBench\Pair1\ms\ms\ms-70770d2b-1dab-5c0e-935c-12fc3779bf06.mp4,1,fake,Pair1,Pair1,ms,0.28527480736374855,0.5708389360197011,
Pair1\vript\vript\007EvOaWFOA-Scene-005.mp4,F:\MEngDatasets\GenVidBench\GenVidBench\Pair1\vript\vript\007EvOaWFOA-Scene-005.mp4,0,real,Pair1,Pair1,vript,-9.105475058681087,0.00011104377015945416,
Pair1\vript\vript\-3UrpyzrrB8-Scene-019.mp4,F:\MEngDatasets\GenVidBench\GenVidBench\Pair1\vript\vript\-3UrpyzrrB8-Scene-019.mp4,0,real,Pair1,Pair1,vript,-8.242871200195466,0.00026305845365068173,
Pair1\vc2\vc2\vc-a8e00099-b278-55d0-bfff-0011efad5914.mp4,F:\MEngDatasets\GenVidBench\GenVidBench\Pair1\vc2\vc2\vc-a8e00099-b278-55d0-bfff-0011efad5914.mp4,1,fake,Pair1,Pair1,vc2,9.762650966644287,0.9999424414879566,
Pair2\hd_vg_130m\hd_vg_130m\13026___CYYAIeG_DiY.0_1.mp4,F:\MEngDatasets\GenVidBench\GenVidBench\Pair2\hd_vg_130m\hd_vg_130m\13026___CYYAIeG_DiY.0_1.mp4,0,real,Pair2,Pair2,hd_vg_130m,-8.576347092102313,0.00018847680921620587,
Pair2\hd_vg_130m\hd_vg_130m\11079___FU0gjrzvGbs.7_2.mp4,F:\MEngDatasets\GenVidBench\GenVidBench\Pair2\hd_vg_130m\hd_vg_130m\11079___FU0gjrzvGbs.7_2.mp4,0,real,Pair2,Pair2,hd_vg_130m,-9.685422101974487,6.21795566500537e-05,
Pair1\pika\pika\pika-c9b2959a-0cce-5df3-90e3-e0a70895dd77.mp4,F:\MEngDatasets\GenVidBench\GenVidBench\Pair1\pika\pika\pika-c9b2959a-0cce-5df3-90e3-e0a70895dd77.mp4,1,fake,Pair1,Pair1,pika,9.2484263976415,0.9999037462530324,
Pair2\hd_vg_130m\hd_vg_130m\10869___EOIkR5KZnWc.14_0.mp4,F:\MEngDatasets\GenVidBench\GenVidBench\Pair2\hd_vg_130m\hd_vg_130m\10869___EOIkR5KZnWc.14_0.mp4,0,real,Pair2,Pair2,hd_vg_130m,-8.410489633348252,0.00022247137207426947,
Pair1\vript\vript\073BMGVWan0-Scene-061.mp4,F:\MEngDatasets\GenVidBench\GenVidBench\Pair1\vript\vript\073BMGVWan0-Scene-061.mp4,0,real,Pair1,Pair1,vript,-7.90508836996861,0.0003687258426892521,
Pair1\t2vz\t2vz\t2vz-20ae02c0-bf3c-51f6-8382-5e54799ede52.mp4,F:\MEngDatasets\GenVidBench\GenVidBench\Pair1\t2vz\t2vz\t2vz-20ae02c0-bf3c-51f6-8382-5e54799ede52.mp4,1,fake,Pair1,Pair1,t2vz,9.062270164489746,0.9998840540144598,
Pair2\hd_vg_130m\hd_vg_130m\11161___ExP65Wf15AY.5_0.mp4,F:\MEngDatasets\GenVidBench\GenVidBench\Pair2\hd_vg_130m\hd_vg_130m\11161___ExP65Wf15AY.5_0.mp4,0,real,Pair2,Pair2,hd_vg_130m,-3.4759843290442287,0.03000332807789853,
Pair1\vript\vript\-c88ZCPF10M-Scene-023.mp4,F:\MEngDatasets\GenVidBench\GenVidBench\Pair1\vript\vript\-c88ZCPF10M-Scene-023.mp4,0,real,Pair1,Pair1,vript,-6.15904759372299,0.002109805263863009,
Pair1\vript\vript\-Tznlx878UU-Scene-388.mp4,F:\MEngDatasets\GenVidBench\GenVidBench\Pair1\vript\vript\-Tznlx878UU-Scene-388.mp4,0,real,Pair1,Pair1,vript,-7.574675935329777,0.0005130234048339947,
Pair2\mora\mora\12332___an empty aquarium with three lights on it.mp4,F:\MEngDatasets\GenVidBench\GenVidBench\Pair2\mora\mora\12332___an empty aquarium with three lights on it.mp4,1,fake,Pair2,Pair2,mora,9.853972832361857,0.9999474647071277,
Pair1\vript\vript\047cdginMOo-Scene-010.mp4,F:\MEngDatasets\GenVidBench\GenVidBench\Pair1\vript\vript\047cdginMOo-Scene-010.mp4,0,real,Pair1,Pair1,vript,-3.98631941806525,0.01822944622364874,
Pair2\hd_vg_130m\hd_vg_130m\03162___1ADYm5M9bUA.4_4.mp4,F:\MEngDatasets\GenVidBench\GenVidBench\Pair2\hd_vg_130m\hd_vg_130m\03162___1ADYm5M9bUA.4_4.mp4,0,real,Pair2,Pair2,hd_vg_130m,-4.441240402431214,0.011644132674601527,
Pair1\pika\pika\pika-e35c583d-5dfe-5ba8-a937-5a1b5548a63f.mp4,F:\MEngDatasets\GenVidBench\GenVidBench\Pair1\pika\pika\pika-e35c583d-5dfe-5ba8-a937-5a1b5548a63f.mp4,1,fake,Pair1,Pair1,pika,9.67368569638994,0.999937086425828,
Pair1\pika\pika\pika-08d9a859-f62c-59bc-9fe7-89464deaa706.mp4,F:\MEngDatasets\GenVidBench\GenVidBench\Pair1\pika\pika\pika-08d9a859-f62c-59bc-9fe7-89464deaa706.mp4,1,fake,Pair1,Pair1,pika,10.763445205158657,0.9999788414475687,
Pair1\pika\pika\pika-21a72913-48de-5e80-85bf-da10c639ab49.mp4,F:\MEngDatasets\GenVidBench\GenVidBench\Pair1\pika\pika\pika-21a72913-48de-5e80-85bf-da10c639ab49.mp4,1,fake,Pair1,Pair1,pika,8.627123011483086,0.9998208526980897,
Pair1\vript\vript\-gPTO0COLL4-Scene-030.mp4,F:\MEngDatasets\GenVidBench\GenVidBench\Pair1\vript\vript\-gPTO0COLL4-Scene-030.mp4,0,real,Pair1,Pair1,vript,-8.591620755522218,0.00018562048104676067,
Pair2\cogvideo\cogvideo\11771___a close up of the front wheel of a silver car.mp4,F:\MEngDatasets\GenVidBench\GenVidBench\Pair2\cogvideo\cogvideo\11771___a close up of the front wheel of a silver car.mp4,1,fake,Pair2,Pair2,cogvideo,7.7352604143547286,0.999563052478144,
Pair2\mora\mora\13288___a small animal inside of a glass enclosure.mp4,F:\MEngDatasets\GenVidBench\GenVidBench\Pair2\mora\mora\13288___a small animal inside of a glass enclosure.mp4,1,fake,Pair2,Pair2,mora,9.9423086643219,0.9999519061746072,
Pair2\hd_vg_130m\hd_vg_130m\04197___4M9BITr1zhg.0_1.mp4,F:\MEngDatasets\GenVidBench\GenVidBench\Pair2\hd_vg_130m\hd_vg_130m\04197___4M9BITr1zhg.0_1.mp4,0,real,Pair2,Pair2,hd_vg_130m,-3.2961001173844413,0.03570522076710842,
Pair2\hd_vg_130m\hd_vg_130m\00646___3UkkuZ_tl-M.1_3.mp4,F:\MEngDatasets\GenVidBench\GenVidBench\Pair2\hd_vg_130m\hd_vg_130m\00646___3UkkuZ_tl-M.1_3.mp4,0,real,Pair2,Pair2,hd_vg_130m,-6.4345337858418015,0.0016025844753541107,
Pair2\hd_vg_130m\hd_vg_130m\08927___9TeGPKAhJNc.3_0.mp4,F:\MEngDatasets\GenVidBench\GenVidBench\Pair2\hd_vg_130m\hd_vg_130m\08927___9TeGPKAhJNc.3_0.mp4,0,real,Pair2,Pair2,hd_vg_130m,-5.709980761520883,0.0033017982893244636,
Pair2\svd\svd\08003___an airplane flying through a clear blue sky.mp4,F:\MEngDatasets\GenVidBench\GenVidBench\Pair2\svd\svd\08003___an airplane flying through a clear blue sky.mp4,1,fake,Pair2,Pair2,svd,6.537979909351894,0.9985546825201487,
Pair1\ms\ms\ms-2de502f9-15f8-5091-b937-972cf561c94a.mp4,F:\MEngDatasets\GenVidBench\GenVidBench\Pair1\ms\ms\ms-2de502f9-15f8-5091-b937-972cf561c94a.mp4,1,fake,Pair1,Pair1,ms,-0.10201840288937092,0.4745174967480754,
Pair1\pika\pika\pika-15d13bf9-a053-5dfe-a244-32086ec1c77b.mp4,F:\MEngDatasets\GenVidBench\GenVidBench\Pair1\pika\pika\pika-15d13bf9-a053-5dfe-a244-32086ec1c77b.mp4,1,fake,Pair1,Pair1,pika,9.836654173003303,0.9999465469910517,
Pair2\svd\svd\13629___a sign on top of a pile of wood.mp4,F:\MEngDatasets\GenVidBench\GenVidBench\Pair2\svd\svd\13629___a sign on top of a pile of wood.mp4,1,fake,Pair2,Pair2,svd,8.152608462742396,0.9997120997248029,
Pair2\hd_vg_130m\hd_vg_130m\13793___ClZUa-Eo4CI.0_6.mp4,F:\MEngDatasets\GenVidBench\GenVidBench\Pair2\hd_vg_130m\hd_vg_130m\13793___ClZUa-Eo4CI.0_6.mp4,0,real,Pair2,Pair2,hd_vg_130m,-8.259725897962397,0.00025866297605036336,
Pair1\vript\vript\-H22U5yUnqM-Scene-046.mp4,F:\MEngDatasets\GenVidBench\GenVidBench\Pair1\vript\vript\-H22U5yUnqM-Scene-046.mp4,0,real,Pair1,Pair1,vript,-3.085669769644737,0.04370224835754085,
Pair2\mora\mora\11137___a clock with the words amazon's uniform design for echo echo echo echo echo echo echo echo echo echo echo echo echo echo echo echo echo echo echo.mp4,F:\MEngDatasets\GenVidBench\GenVidBench\Pair2\mora\mora\11137___a clock with the words amazon's uniform design for echo echo echo echo echo echo echo echo echo echo echo echo echo echo echo echo echo echo echo.mp4,1,fake,Pair2,Pair2,mora,-0.3429870499530807,0.415084069883982,
Pair2\mora\mora\06819___a table topped with ingredients for a cake.mp4,F:\MEngDatasets\GenVidBench\GenVidBench\Pair2\mora\mora\06819___a table topped with ingredients for a cake.mp4,1,fake,Pair2,Pair2,mora,8.480218648910522,0.9997925097403206,
Pair2\musev\musev\01072___a baseball player wearing a chicago cubs uniform.mp4,F:\MEngDatasets\GenVidBench\GenVidBench\Pair2\musev\musev\01072___a baseball player wearing a chicago cubs uniform.mp4,1,fake,Pair2,Pair2,musev,8.125370098994328,0.9997041523672511,
Pair2\hd_vg_130m\hd_vg_130m\06697___8l03LGSaOdQ.1_3.mp4,F:\MEngDatasets\GenVidBench\GenVidBench\Pair2\hd_vg_130m\hd_vg_130m\06697___8l03LGSaOdQ.1_3.mp4,0,real,Pair2,Pair2,hd_vg_130m,-7.5027673304035325,0.0005512518725619177,
Pair2\hd_vg_130m\hd_vg_130m\02576___3BMFb2gc6Ac.4_0.mp4,F:\MEngDatasets\GenVidBench\GenVidBench\Pair2\hd_vg_130m\hd_vg_130m\02576___3BMFb2gc6Ac.4_0.mp4,0,real,Pair2,Pair2,hd_vg_130m,-6.519806824858414,0.001471784463777323,
Pair1\vript\vript\-kCIAWaqThs-Scene-036.mp4,F:\MEngDatasets\GenVidBench\GenVidBench\Pair1\vript\vript\-kCIAWaqThs-Scene-036.mp4,0,real,Pair1,Pair1,vript,-6.496144249828899,0.0015069728742576158,
Pair1\vript\vript\-J74zMyUAno-Scene-005.mp4,F:\MEngDatasets\GenVidBench\GenVidBench\Pair1\vript\vript\-J74zMyUAno-Scene-005.mp4,0,real,Pair1,Pair1,vript,-3.975776408894767,0.018419097407103766,
Pair1\ms\ms\ms-828040e4-9aca-515d-a9bc-3dd881ef1ed7.mp4,F:\MEngDatasets\GenVidBench\GenVidBench\Pair1\ms\ms\ms-828040e4-9aca-515d-a9bc-3dd881ef1ed7.mp4,1,fake,Pair1,Pair1,ms,2.9283794462680817,0.9492316358953552,
Pair1\vc2\vc2\vc-ed905ae2-ee34-529c-a804-3ce2d5e7e939.mp4,F:\MEngDatasets\GenVidBench\GenVidBench\Pair1\vc2\vc2\vc-ed905ae2-ee34-529c-a804-3ce2d5e7e939.mp4,1,fake,Pair1,Pair1,vc2,7.514105409383774,0.9994549595786265,
Pair2\hd_vg_130m\hd_vg_130m\13187___GqypISP-XEI.13_0.mp4,F:\MEngDatasets\GenVidBench\GenVidBench\Pair2\hd_vg_130m\hd_vg_130m\13187___GqypISP-XEI.13_0.mp4,0,real,Pair2,Pair2,hd_vg_130m,-8.536475266392523,0.00019614204777533578,
Pair2\hd_vg_130m\hd_vg_130m\06344___B9fvzDMC3oQ.6_5.mp4,F:\MEngDatasets\GenVidBench\GenVidBench\Pair2\hd_vg_130m\hd_vg_130m\06344___B9fvzDMC3oQ.6_5.mp4,0,real,Pair2,Pair2,hd_vg_130m,-9.29202035676895,9.214819061961342e-05,
Pair2\mora\mora\02929___a group of football players standing together on a field.mp4,F:\MEngDatasets\GenVidBench\GenVidBench\Pair2\mora\mora\02929___a group of football players standing together on a field.mp4,1,fake,Pair2,Pair2,mora,10.581398924191793,0.9999746168326831,
Pair2\mora\mora\04455___a green plant growing inside of a cage.mp4,F:\MEngDatasets\GenVidBench\GenVidBench\Pair2\mora\mora\04455___a green plant growing inside of a cage.mp4,1,fake,Pair2,Pair2,mora,9.935054461161295,0.9999515560406924,
Pair2\hd_vg_130m\hd_vg_130m\03982___3T_ONJvHlFo.12_0.mp4,F:\MEngDatasets\GenVidBench\GenVidBench\Pair2\hd_vg_130m\hd_vg_130m\03982___3T_ONJvHlFo.12_0.mp4,0,real,Pair2,Pair2,hd_vg_130m,-7.668004850826353,0.0004673312246149446,
Pair1\vript\vript\-9SP-lyKWNQ-Scene-015.mp4,F:\MEngDatasets\GenVidBench\GenVidBench\Pair1\vript\vript\-9SP-lyKWNQ-Scene-015.mp4,0,real,Pair1,Pair1,vript,-4.100198511238359,0.016299316206385146,
Pair1\pika\pika\pika-10f4cf37-bc88-59ab-a946-4fd0f3368410.mp4,F:\MEngDatasets\GenVidBench\GenVidBench\Pair1\pika\pika\pika-10f4cf37-bc88-59ab-a946-4fd0f3368410.mp4,1,fake,Pair1,Pair1,pika,8.969797101285723,0.9998728221792194,
Pair2\musev\musev\02120___a close up of the inside of a microwave.mp4,F:\MEngDatasets\GenVidBench\GenVidBench\Pair2\musev\musev\02120___a close up of the inside of a microwave.mp4,1,fake,Pair2,Pair2,musev,8.776795350588285,0.9998457521155538,
Pair2\musev\musev\10737___a bedroom with a bed and a lamp next to it.mp4,F:\MEngDatasets\GenVidBench\GenVidBench\Pair2\musev\musev\10737___a bedroom with a bed and a lamp next to it.mp4,1,fake,Pair2,Pair2,musev,10.350153336158165,0.9999680131386897,
Pair1\ms\ms\ms-12576125-3471-5ed6-9be2-055b7a86f8ce.mp4,F:\MEngDatasets\GenVidBench\GenVidBench\Pair1\ms\ms\ms-12576125-3471-5ed6-9be2-055b7a86f8ce.mp4,1,fake,Pair1,Pair1,ms,6.189675942063332,0.9979537047866253,
Pair1\vc2\vc2\vc-2de502f9-15f8-5091-b937-972cf561c94a.mp4,F:\MEngDatasets\GenVidBench\GenVidBench\Pair1\vc2\vc2\vc-2de502f9-15f8-5091-b937-972cf561c94a.mp4,1,fake,Pair1,Pair1,vc2,9.645243346691132,0.9999352714429409,
Pair2\cogvideo\cogvideo\03690___a row of bottles of milk sitting on a shelf.mp4,F:\MEngDatasets\GenVidBench\GenVidBench\Pair2\cogvideo\cogvideo\03690___a row of bottles of milk sitting on a shelf.mp4,1,fake,Pair2,Pair2,cogvideo,8.848941239443691,0.9998564869753493,
Pair1\vc2\vc2\vc-015b6972-c260-5220-9166-33f0d10c2ce8.mp4,F:\MEngDatasets\GenVidBench\GenVidBench\Pair1\vc2\vc2\vc-015b6972-c260-5220-9166-33f0d10c2ce8.mp4,1,fake,Pair1,Pair1,vc2,9.328913867473602,0.9999111892344981,
Pair2\hd_vg_130m\hd_vg_130m\10149___BzApShlUaPI.1_4.mp4,F:\MEngDatasets\GenVidBench\GenVidBench\Pair2\hd_vg_130m\hd_vg_130m\10149___BzApShlUaPI.1_4.mp4,0,real,Pair2,Pair2,hd_vg_130m,-9.109156418042105,0.00011063577481323713,
Pair1\t2vz\t2vz\t2vz-583bc44d-675d-5eec-bd37-21f879d7269a.mp4,F:\MEngDatasets\GenVidBench\GenVidBench\Pair1\t2vz\t2vz\t2vz-583bc44d-675d-5eec-bd37-21f879d7269a.mp4,1,fake,Pair1,Pair1,t2vz,4.5504350066185,0.9895477939812881,
Pair2\hd_vg_130m\hd_vg_130m\08980___BRNIBbiFFXQ.7_0.mp4,F:\MEngDatasets\GenVidBench\GenVidBench\Pair2\hd_vg_130m\hd_vg_130m\08980___BRNIBbiFFXQ.7_0.mp4,0,real,Pair2,Pair2,hd_vg_130m,-8.548864570059795,0.00019372744367093298,
Pair2\svd\svd\13407___three bars of soap sitting on a wire rack.mp4,F:\MEngDatasets\GenVidBench\GenVidBench\Pair2\svd\svd\13407___three bars of soap sitting on a wire rack.mp4,1,fake,Pair2,Pair2,svd,10.09419924872262,0.999958683167168,
Pair2\hd_vg_130m\hd_vg_130m\10236___CpgJyaRq1GA.27_0.mp4,F:\MEngDatasets\GenVidBench\GenVidBench\Pair2\hd_vg_130m\hd_vg_130m\10236___CpgJyaRq1GA.27_0.mp4,0,real,Pair2,Pair2,hd_vg_130m,-6.369698824341764,0.001709746723499346,
Pair2\hd_vg_130m\hd_vg_130m\09500___GqXnQ4yAyLI.5_1.mp4,F:\MEngDatasets\GenVidBench\GenVidBench\Pair2\hd_vg_130m\hd_vg_130m\09500___GqXnQ4yAyLI.5_1.mp4,0,real,Pair2,Pair2,hd_vg_130m,-8.756829254808482,0.0001573580737081076,
Pair2\cogvideo\cogvideo\12708___a cat sitting on top of a flat screen tv.mp4,F:\MEngDatasets\GenVidBench\GenVidBench\Pair2\cogvideo\cogvideo\12708___a cat sitting on top of a flat screen tv.mp4,1,fake,Pair2,Pair2,cogvideo,10.523609883857496,0.9999731067915558,
Pair2\hd_vg_130m\hd_vg_130m\08796___9hYq1QuzB7c.21_0.mp4,F:\MEngDatasets\GenVidBench\GenVidBench\Pair2\hd_vg_130m\hd_vg_130m\08796___9hYq1QuzB7c.21_0.mp4,0,real,Pair2,Pair2,hd_vg_130m,-6.61241842326543,0.0013417760926777962,
Pair1\vc2\vc2\vc-583bc44d-675d-5eec-bd37-21f879d7269a.mp4,F:\MEngDatasets\GenVidBench\GenVidBench\Pair1\vc2\vc2\vc-583bc44d-675d-5eec-bd37-21f879d7269a.mp4,1,fake,Pair1,Pair1,vc2,8.966447293758392,0.9998723954981095,
Pair1\vc2\vc2\vc-15d13bf9-a053-5dfe-a244-32086ec1c77b.mp4,F:\MEngDatasets\GenVidBench\GenVidBench\Pair1\vc2\vc2\vc-15d13bf9-a053-5dfe-a244-32086ec1c77b.mp4,1,fake,Pair1,Pair1,vc2,9.490142345428467,0.9999244123717693,
Pair2\cogvideo\cogvideo\07835___an iphone sitting on a table in a dark room.mp4,F:\MEngDatasets\GenVidBench\GenVidBench\Pair2\cogvideo\cogvideo\07835___an iphone sitting on a table in a dark room.mp4,1,fake,Pair2,Pair2,cogvideo,8.290895187493527,0.999749273021501,
Pair1\vc2\vc2\vc-f36b292c-0950-50ea-bbf7-dd0a5d5e63fe.mp4,F:\MEngDatasets\GenVidBench\GenVidBench\Pair1\vc2\vc2\vc-f36b292c-0950-50ea-bbf7-dd0a5d5e63fe.mp4,1,fake,Pair1,Pair1,vc2,9.30030745267868,0.9999086122253149,
Pair1\vript\vript\-KOiDt2AOBU-Scene-073.mp4,F:\MEngDatasets\GenVidBench\GenVidBench\Pair1\vript\vript\-KOiDt2AOBU-Scene-073.mp4,0,real,Pair1,Pair1,vript,-5.005439533409497,0.0066567854634836075,
Pair1\vript\vript\-c88ZCPF10M-Scene-015.mp4,F:\MEngDatasets\GenVidBench\GenVidBench\Pair1\vript\vript\-c88ZCPF10M-Scene-015.mp4,0,real,Pair1,Pair1,vript,-7.759888582229614,0.00042632226997884844,
Pair2\musev\musev\02942___cars driving down a busy street in the city.mp4,F:\MEngDatasets\GenVidBench\GenVidBench\Pair2\musev\musev\02942___cars driving down a busy street in the city.mp4,1,fake,Pair2,Pair2,musev,9.225098316486065,0.9999014746661762,
Pair1\t2vz\t2vz\t2vz-52085ef4-0f41-54af-a053-fa5dc9ede520.mp4,F:\MEngDatasets\GenVidBench\GenVidBench\Pair1\t2vz\t2vz\t2vz-52085ef4-0f41-54af-a053-fa5dc9ede520.mp4,1,fake,Pair1,Pair1,t2vz,6.302090346813202,0.9981708815329068,
Pair2\hd_vg_130m\hd_vg_130m\11034___DGt6AUCBG0k.3_0.mp4,F:\MEngDatasets\GenVidBench\GenVidBench\Pair2\hd_vg_130m\hd_vg_130m\11034___DGt6AUCBG0k.3_0.mp4,0,real,Pair2,Pair2,hd_vg_130m,-2.80510843059291,0.05704874938288899,
Pair2\hd_vg_130m\hd_vg_130m\03035___1zrpaSDJHgo.12_2.mp4,F:\MEngDatasets\GenVidBench\GenVidBench\Pair2\hd_vg_130m\hd_vg_130m\03035___1zrpaSDJHgo.12_2.mp4,0,real,Pair2,Pair2,hd_vg_130m,-5.508566644520559,0.004035559324350332,
Pair1\vc2\vc2\vc-7aec879d-90c5-52e5-b196-bb3657575b82.mp4,F:\MEngDatasets\GenVidBench\GenVidBench\Pair1\vc2\vc2\vc-7aec879d-90c5-52e5-b196-bb3657575b82.mp4,1,fake,Pair1,Pair1,vc2,8.459538608789444,0.9997881750763146,
Pair1\vript\vript\--tLYgJgFS4-Scene-004.mp4,F:\MEngDatasets\GenVidBench\GenVidBench\Pair1\vript\vript\--tLYgJgFS4-Scene-004.mp4,0,real,Pair1,Pair1,vript,-5.177983324344342,0.005607743601816879,
Pair1\vc2\vc2\vc-ac7cdff6-76a4-5c2a-ba41-3033afcea9b6.mp4,F:\MEngDatasets\GenVidBench\GenVidBench\Pair1\vc2\vc2\vc-ac7cdff6-76a4-5c2a-ba41-3033afcea9b6.mp4,1,fake,Pair1,Pair1,vc2,9.084617495536804,0.9998866160698212,
Pair1\vript\vript\-A8LKuncijo-Scene-086.mp4,F:\MEngDatasets\GenVidBench\GenVidBench\Pair1\vript\vript\-A8LKuncijo-Scene-086.mp4,0,real,Pair1,Pair1,vript,-7.849710735263247,0.00038971279079046904,
Pair2\hd_vg_130m\hd_vg_130m\01269___44pzE00hdPA.2_0.mp4,F:\MEngDatasets\GenVidBench\GenVidBench\Pair2\hd_vg_130m\hd_vg_130m\01269___44pzE00hdPA.2_0.mp4,0,real,Pair2,Pair2,hd_vg_130m,-3.217128071951809,0.03852622645868748,
Pair2\hd_vg_130m\hd_vg_130m\01025___2UVDYQfMC-E.1_1.mp4,F:\MEngDatasets\GenVidBench\GenVidBench\Pair2\hd_vg_130m\hd_vg_130m\01025___2UVDYQfMC-E.1_1.mp4,0,real,Pair2,Pair2,hd_vg_130m,-7.504698560968654,0.0005501888905866132,
Pair1\vc2\vc2\vc-a91ce67d-d3cc-5c0b-a386-21036e392c74.mp4,F:\MEngDatasets\GenVidBench\GenVidBench\Pair1\vc2\vc2\vc-a91ce67d-d3cc-5c0b-a386-21036e392c74.mp4,1,fake,Pair1,Pair1,vc2,8.43598872423172,0.9997831285159432,
Pair1\vript\vript\-BDQmaMlb2g-Scene-090.mp4,F:\MEngDatasets\GenVidBench\GenVidBench\Pair1\vript\vript\-BDQmaMlb2g-Scene-090.mp4,0,real,Pair1,Pair1,vript,-6.854961135374001,0.0010531024125382054,
Pair1\vript\vript\-48qmeLbPcw-Scene-070.mp4,F:\MEngDatasets\GenVidBench\GenVidBench\Pair1\vript\vript\-48qmeLbPcw-Scene-070.mp4,0,real,Pair1,Pair1,vript,-3.9580101310355325,0.018743072140048205,
Pair1\vc2\vc2\vc-1d8e9939-76eb-5dc8-aab3-a78612eceb41.mp4,F:\MEngDatasets\GenVidBench\GenVidBench\Pair1\vc2\vc2\vc-1d8e9939-76eb-5dc8-aab3-a78612eceb41.mp4,1,fake,Pair1,Pair1,vc2,6.6486219465732574,0.998705870375344,
Pair2\svd\svd\02837___a close up of a nigerian id card.mp4,F:\MEngDatasets\GenVidBench\GenVidBench\Pair2\svd\svd\02837___a close up of a nigerian id card.mp4,1,fake,Pair2,Pair2,svd,6.62621671812875,0.9986765866489155,
Pair2\musev\musev\05175___an amazon may enter home fitness biz.mp4,F:\MEngDatasets\GenVidBench\GenVidBench\Pair2\musev\musev\05175___an amazon may enter home fitness biz.mp4,1,fake,Pair2,Pair2,musev,9.135003676781288,0.9998921869118751,
Pair2\svd\svd\04325___a pink burner on top of a stove.mp4,F:\MEngDatasets\GenVidBench\GenVidBench\Pair2\svd\svd\04325___a pink burner on top of a stove.mp4,1,fake,Pair2,Pair2,svd,10.110574449811663,0.9999593542019548,
Pair2\hd_vg_130m\hd_vg_130m\10459___Bs0bXbOv6L8.0_0.mp4,F:\MEngDatasets\GenVidBench\GenVidBench\Pair2\hd_vg_130m\hd_vg_130m\10459___Bs0bXbOv6L8.0_0.mp4,0,real,Pair2,Pair2,hd_vg_130m,-5.9403496969379646,0.002624204829225955,
Pair2\svd\svd\07576___a red tractor in the middle of a lush green field.mp4,F:\MEngDatasets\GenVidBench\GenVidBench\Pair2\svd\svd\07576___a red tractor in the middle of a lush green field.mp4,1,fake,Pair2,Pair2,svd,10.116487298692975,0.9999595938156076,
Pair2\svd\svd\07899___a baby and a doll sitting on the floor.mp4,F:\MEngDatasets\GenVidBench\GenVidBench\Pair2\svd\svd\07899___a baby and a doll sitting on the floor.mp4,1,fake,Pair2,Pair2,svd,10.648541041782924,0.999976265117986,
Pair2\cogvideo\cogvideo\01612___a weather screen showing the 7 day forecast.mp4,F:\MEngDatasets\GenVidBench\GenVidBench\Pair2\cogvideo\cogvideo\01612___a weather screen showing the 7 day forecast.mp4,1,fake,Pair2,Pair2,cogvideo,9.958812482429273,0.9999526933551949,
Pair1\vc2\vc2\vc-828040e4-9aca-515d-a9bc-3dd881ef1ed7.mp4,F:\MEngDatasets\GenVidBench\GenVidBench\Pair1\vc2\vc2\vc-828040e4-9aca-515d-a9bc-3dd881ef1ed7.mp4,1,fake,Pair1,Pair1,vc2,8.408095180988312,0.9997769954114918,
Pair2\svd\svd\06882___a group of basketball players posing for a picture.mp4,F:\MEngDatasets\GenVidBench\GenVidBench\Pair2\svd\svd\06882___a group of basketball players posing for a picture.mp4,1,fake,Pair2,Pair2,svd,3.8831471779516766,0.979829297262779,
Pair2\mora\mora\07591___a picture of an egg on a blue background.mp4,F:\MEngDatasets\GenVidBench\GenVidBench\Pair2\mora\mora\07591___a picture of an egg on a blue background.mp4,1,fake,Pair2,Pair2,mora,2.8093576387812695,0.9431794035570003,
Pair1\vc2\vc2\vc-10ccb150-0997-5ceb-82f6-6705b4fd31aa.mp4,F:\MEngDatasets\GenVidBench\GenVidBench\Pair1\vc2\vc2\vc-10ccb150-0997-5ceb-82f6-6705b4fd31aa.mp4,1,fake,Pair1,Pair1,vc2,7.880199432373047,0.9996219853167498,
Pair2\hd_vg_130m\hd_vg_130m\02937___2QgIQZprmiM.21_0.mp4,F:\MEngDatasets\GenVidBench\GenVidBench\Pair2\hd_vg_130m\hd_vg_130m\02937___2QgIQZprmiM.21_0.mp4,0,real,Pair2,Pair2,hd_vg_130m,-4.115460283495485,0.016056412178380972,
Pair1\t2vz\t2vz\t2vz-e1653180-f281-52be-b6ff-1fd19ded0d5b.mp4,F:\MEngDatasets\GenVidBench\GenVidBench\Pair1\t2vz\t2vz\t2vz-e1653180-f281-52be-b6ff-1fd19ded0d5b.mp4,1,fake,Pair1,Pair1,t2vz,8.36514663696289,0.9997672113162818,
Pair2\hd_vg_130m\hd_vg_130m\01199___55nMpX7dCac.13_0.mp4,F:\MEngDatasets\GenVidBench\GenVidBench\Pair2\hd_vg_130m\hd_vg_130m\01199___55nMpX7dCac.13_0.mp4,0,real,Pair2,Pair2,hd_vg_130m,-7.3226912713154055,0.0006599467315935826,
Pair1\pika\pika\pika-70770d2b-1dab-5c0e-935c-12fc3779bf06.mp4,F:\MEngDatasets\GenVidBench\GenVidBench\Pair1\pika\pika\pika-70770d2b-1dab-5c0e-935c-12fc3779bf06.mp4,1,fake,Pair1,Pair1,pika,8.969588061173758,0.9998727955945568,
Pair1\vc2\vc2\vc-59c0e702-22bd-5c63-9579-6ed5a4344d4c.mp4,F:\MEngDatasets\GenVidBench\GenVidBench\Pair1\vc2\vc2\vc-59c0e702-22bd-5c63-9579-6ed5a4344d4c.mp4,1,fake,Pair1,Pair1,vc2,3.7970424070954323,0.9780553396466299,
Pair1\pika\pika\pika-7b1711ba-3c30-539f-8ba7-5dff10e848c6.mp4,F:\MEngDatasets\GenVidBench\GenVidBench\Pair1\pika\pika\pika-7b1711ba-3c30-539f-8ba7-5dff10e848c6.mp4,1,fake,Pair1,Pair1,pika,9.587045457628038,0.9999313928682396,
Pair2\hd_vg_130m\hd_vg_130m\01534___0uf1cWmJ5ig.15_1.mp4,F:\MEngDatasets\GenVidBench\GenVidBench\Pair2\hd_vg_130m\hd_vg_130m\01534___0uf1cWmJ5ig.15_1.mp4,0,real,Pair2,Pair2,hd_vg_130m,-6.711656694210427,0.0012151684114628013,
Pair2\hd_vg_130m\hd_vg_130m\00009___1xYC9nHL3q0.100_0.mp4,F:\MEngDatasets\GenVidBench\GenVidBench\Pair2\hd_vg_130m\hd_vg_130m\00009___1xYC9nHL3q0.100_0.mp4,0,real,Pair2,Pair2,hd_vg_130m,-4.618190604298475,0.009774162568238176,
Pair1\ms\ms\ms-b3731741-7cdc-5075-869b-e5557825a304.mp4,F:\MEngDatasets\GenVidBench\GenVidBench\Pair1\ms\ms\ms-b3731741-7cdc-5075-869b-e5557825a304.mp4,1,fake,Pair1,Pair1,ms,3.7991665825247765,0.9781008847528246,
Pair2\hd_vg_130m\hd_vg_130m\03574___4Bm0Xy6lFGc.17_0.mp4,F:\MEngDatasets\GenVidBench\GenVidBench\Pair2\hd_vg_130m\hd_vg_130m\03574___4Bm0Xy6lFGc.17_0.mp4,0,real,Pair2,Pair2,hd_vg_130m,-7.8442905726763055,0.000391830002446018,
Pair1\vript\vript\1LerlDIC2bY-Scene-025.mp4,F:\MEngDatasets\GenVidBench\GenVidBench\Pair1\vript\vript\1LerlDIC2bY-Scene-025.mp4,0,real,Pair1,Pair1,vript,-8.376854734905695,0.00023007968763575127,
Pair1\vript\vript\-NeUQWAPnMk-Scene-019.mp4,F:\MEngDatasets\GenVidBench\GenVidBench\Pair1\vript\vript\-NeUQWAPnMk-Scene-019.mp4,0,real,Pair1,Pair1,vript,-4.474284103938511,0.011269920431850973,
Pair2\musev\musev\05351___a video game character standing in front of a screen.mp4,F:\MEngDatasets\GenVidBench\GenVidBench\Pair2\musev\musev\05351___a video game character standing in front of a screen.mp4,1,fake,Pair2,Pair2,musev,9.115807019747221,0.9998900974977393,
Pair2\mora\mora\08787___a yellow school bus driving down a street.mp4,F:\MEngDatasets\GenVidBench\GenVidBench\Pair2\mora\mora\08787___a yellow school bus driving down a street.mp4,1,fake,Pair2,Pair2,mora,9.921801765759787,0.9999509097863246,
Pair1\pika\pika\pika-a8e00099-b278-55d0-bfff-0011efad5914.mp4,F:\MEngDatasets\GenVidBench\GenVidBench\Pair1\pika\pika\pika-a8e00099-b278-55d0-bfff-0011efad5914.mp4,1,fake,Pair1,Pair1,pika,9.865484370125664,0.9999480659703559,
Pair1\ms\ms\ms-015b6972-c260-5220-9166-33f0d10c2ce8.mp4,F:\MEngDatasets\GenVidBench\GenVidBench\Pair1\ms\ms\ms-015b6972-c260-5220-9166-33f0d10c2ce8.mp4,1,fake,Pair1,Pair1,ms,5.8440112471580505,0.9971111715979799,
Pair2\hd_vg_130m\hd_vg_130m\10170___EaZI2NWAu5w.3_0.mp4,F:\MEngDatasets\GenVidBench\GenVidBench\Pair2\hd_vg_130m\hd_vg_130m\10170___EaZI2NWAu5w.3_0.mp4,0,real,Pair2,Pair2,hd_vg_130m,-6.163433600874508,0.002100591301985263,
Pair2\hd_vg_130m\hd_vg_130m\05994___Af2N3HYHXcQ.28_0.mp4,F:\MEngDatasets\GenVidBench\GenVidBench\Pair2\hd_vg_130m\hd_vg_130m\05994___Af2N3HYHXcQ.28_0.mp4,0,real,Pair2,Pair2,hd_vg_130m,-4.266919514407283,0.013830942378643806,
Pair2\hd_vg_130m\hd_vg_130m\01306___-k_O6wvEzZU.11_0.mp4,F:\MEngDatasets\GenVidBench\GenVidBench\Pair2\hd_vg_130m\hd_vg_130m\01306___-k_O6wvEzZU.11_0.mp4,0,real,Pair2,Pair2,hd_vg_130m,-0.5232524767428816,0.3720920109001607,
Pair1\vript\vript\-HsVkwyi-mk-Scene-033.mp4,F:\MEngDatasets\GenVidBench\GenVidBench\Pair1\vript\vript\-HsVkwyi-mk-Scene-033.mp4,0,real,Pair1,Pair1,vript,-7.424728752411518,0.0005959672170939546,
Pair1\vc2\vc2\vc-10f4cf37-bc88-59ab-a946-4fd0f3368410.mp4,F:\MEngDatasets\GenVidBench\GenVidBench\Pair1\vc2\vc2\vc-10f4cf37-bc88-59ab-a946-4fd0f3368410.mp4,1,fake,Pair1,Pair1,vc2,8.432398468255997,0.9997823486621703,
Pair2\hd_vg_130m\hd_vg_130m\03431___4dQO4u3O2Fs.3_0.mp4,F:\MEngDatasets\GenVidBench\GenVidBench\Pair2\hd_vg_130m\hd_vg_130m\03431___4dQO4u3O2Fs.3_0.mp4,0,real,Pair2,Pair2,hd_vg_130m,-7.874169252288174,0.00038030019707620814,
Pair1\ms\ms\ms-e1653180-f281-52be-b6ff-1fd19ded0d5b.mp4,F:\MEngDatasets\GenVidBench\GenVidBench\Pair1\ms\ms\ms-e1653180-f281-52be-b6ff-1fd19ded0d5b.mp4,1,fake,Pair1,Pair1,ms,7.939222157001495,0.9996436433765032,
Pair2\svd\svd\02942___cars driving down a busy street in the city.mp4,F:\MEngDatasets\GenVidBench\GenVidBench\Pair2\svd\svd\02942___cars driving down a busy street in the city.mp4,1,fake,Pair2,Pair2,svd,8.461115155901227,0.9997885086946066,
Pair1\pika\pika\pika-38cf1d7c-c109-5d4c-aad6-d7638135a2b6.mp4,F:\MEngDatasets\GenVidBench\GenVidBench\Pair1\pika\pika\pika-38cf1d7c-c109-5d4c-aad6-d7638135a2b6.mp4,1,fake,Pair1,Pair1,pika,9.236587643623352,0.9999026000682757,
Pair2\hd_vg_130m\hd_vg_130m\11504___CwjH9MX5i5s.5_0.mp4,F:\MEngDatasets\GenVidBench\GenVidBench\Pair2\hd_vg_130m\hd_vg_130m\11504___CwjH9MX5i5s.5_0.mp4,0,real,Pair2,Pair2,hd_vg_130m,-6.6706755914893305,0.0012659374919109768,
Pair1\pika\pika\pika-59c0e702-22bd-5c63-9579-6ed5a4344d4c.mp4,F:\MEngDatasets\GenVidBench\GenVidBench\Pair1\pika\pika\pika-59c0e702-22bd-5c63-9579-6ed5a4344d4c.mp4,1,fake,Pair1,Pair1,pika,6.730804923507902,0.9988078510780308,
Pair2\hd_vg_130m\hd_vg_130m\08664___BB8-eufSEj8.14_2.mp4,F:\MEngDatasets\GenVidBench\GenVidBench\Pair2\hd_vg_130m\hd_vg_130m\08664___BB8-eufSEj8.14_2.mp4,0,real,Pair2,Pair2,hd_vg_130m,-6.898391532592284,0.0010083898469194564,
Pair1\vript\vript\04dXPkQov_k-Scene-088.mp4,F:\MEngDatasets\GenVidBench\GenVidBench\Pair1\vript\vript\04dXPkQov_k-Scene-088.mp4,0,real,Pair1,Pair1,vript,-3.531622862654992,0.028425733620843198,
Pair1\ms\ms\ms-8eeeefe2-5303-5ec2-895d-394d73ded281.mp4,F:\MEngDatasets\GenVidBench\GenVidBench\Pair1\ms\ms\ms-8eeeefe2-5303-5ec2-895d-394d73ded281.mp4,1,fake,Pair1,Pair1,ms,-5.158309370279312,0.005718525371454472,
Pair1\vript\vript\-jx2w2S0LMc-Scene-073.mp4,F:\MEngDatasets\GenVidBench\GenVidBench\Pair1\vript\vript\-jx2w2S0LMc-Scene-073.mp4,0,real,Pair1,Pair1,vript,-10.40002389576124,3.0430829746164313e-05,
Pair1\vript\vript\-FMRUGGgHyI-Scene-003.mp4,F:\MEngDatasets\GenVidBench\GenVidBench\Pair1\vript\vript\-FMRUGGgHyI-Scene-003.mp4,0,real,Pair1,Pair1,vript,-4.595607258884081,0.009995175805639274,
Pair2\musev\musev\11975___a bunk bed in a room with wooden walls.mp4,F:\MEngDatasets\GenVidBench\GenVidBench\Pair2\musev\musev\11975___a bunk bed in a room with wooden walls.mp4,1,fake,Pair2,Pair2,musev,10.441004716433012,0.9999707910072686,
Pair2\mora\mora\07277___a close up of the exhaust pipe on a red car.mp4,F:\MEngDatasets\GenVidBench\GenVidBench\Pair2\mora\mora\07277___a close up of the exhaust pipe on a red car.mp4,1,fake,Pair2,Pair2,mora,10.437838157018026,0.9999706983713769,
Pair2\mora\mora\11925___a green background with a clock on it.mp4,F:\MEngDatasets\GenVidBench\GenVidBench\Pair2\mora\mora\11925___a green background with a clock on it.mp4,1,fake,Pair2,Pair2,mora,10.201340357462565,0.9999628808473381,
Pair2\musev\musev\13425___a news screen with a picture of a child abuse scandal.mp4,F:\MEngDatasets\GenVidBench\GenVidBench\Pair2\musev\musev\13425___a news screen with a picture of a child abuse scandal.mp4,1,fake,Pair2,Pair2,musev,8.969384560218224,0.9998727697089984,
Pair1\t2vz\t2vz\t2vz-bd8392d9-8352-5800-b3bf-60139ab3acbb.mp4,F:\MEngDatasets\GenVidBench\GenVidBench\Pair1\t2vz\t2vz\t2vz-bd8392d9-8352-5800-b3bf-60139ab3acbb.mp4,1,fake,Pair1,Pair1,t2vz,5.213451653718948,0.9945866099150307,
Pair1\vript\vript\-C09dP2d2mo-Scene-004.mp4,F:\MEngDatasets\GenVidBench\GenVidBench\Pair1\vript\vript\-C09dP2d2mo-Scene-004.mp4,0,real,Pair1,Pair1,vript,-5.238961309480438,0.005277762455120764,
Pair2\mora\mora\06831___a weather map with snow on it.mp4,F:\MEngDatasets\GenVidBench\GenVidBench\Pair2\mora\mora\06831___a weather map with snow on it.mp4,1,fake,Pair2,Pair2,mora,9.317636529604593,0.9999101821072627,
Pair1\vript\vript\-EZSbbCQie0-Scene-001.mp4,F:\MEngDatasets\GenVidBench\GenVidBench\Pair1\vript\vript\-EZSbbCQie0-Scene-001.mp4,0,real,Pair1,Pair1,vript,-5.859993808738379,0.0028431547582966066,
Pair1\vript\vript\-7ZsH3f29GM-Scene-006.mp4,F:\MEngDatasets\GenVidBench\GenVidBench\Pair1\vript\vript\-7ZsH3f29GM-Scene-006.mp4,0,real,Pair1,Pair1,vript,-6.138820176068031,0.0021528229036006127,
Pair2\hd_vg_130m\hd_vg_130m\08653___8iRz9sXynjQ.20_1.mp4,F:\MEngDatasets\GenVidBench\GenVidBench\Pair2\hd_vg_130m\hd_vg_130m\08653___8iRz9sXynjQ.20_1.mp4,0,real,Pair2,Pair2,hd_vg_130m,-5.919219953100105,0.0026800933731107365,
Pair1\pika\pika\pika-a48b75cf-0aba-57f5-99ec-7a8ca28edaee.mp4,F:\MEngDatasets\GenVidBench\GenVidBench\Pair1\pika\pika\pika-a48b75cf-0aba-57f5-99ec-7a8ca28edaee.mp4,1,fake,Pair1,Pair1,pika,9.08489027288225,0.9998866469906657,
Pair1\ms\ms\ms-f36b292c-0950-50ea-bbf7-dd0a5d5e63fe.mp4,F:\MEngDatasets\GenVidBench\GenVidBench\Pair1\ms\ms\ms-f36b292c-0950-50ea-bbf7-dd0a5d5e63fe.mp4,1,fake,Pair1,Pair1,ms,-1.0207051580655389,0.26489006705145607,
Pair1\t2vz\t2vz\t2vz-ac7cdff6-76a4-5c2a-ba41-3033afcea9b6.mp4,F:\MEngDatasets\GenVidBench\GenVidBench\Pair1\t2vz\t2vz\t2vz-ac7cdff6-76a4-5c2a-ba41-3033afcea9b6.mp4,1,fake,Pair1,Pair1,t2vz,9.945173621177673,0.9999520437575554,
Pair2\cogvideo\cogvideo\05467___a map showing the locations of north korea and south korea.mp4,F:\MEngDatasets\GenVidBench\GenVidBench\Pair2\cogvideo\cogvideo\05467___a map showing the locations of north korea and south korea.mp4,1,fake,Pair2,Pair2,cogvideo,6.280280223398497,0.998130625409151,
Pair1\t2vz\t2vz\t2vz-38cf1d7c-c109-5d4c-aad6-d7638135a2b6.mp4,F:\MEngDatasets\GenVidBench\GenVidBench\Pair1\t2vz\t2vz\t2vz-38cf1d7c-c109-5d4c-aad6-d7638135a2b6.mp4,1,fake,Pair1,Pair1,t2vz,5.929247617721558,0.9973465764519156,
Pair1\vript\vript\-Xl33P57QOs-Scene-088.mp4,F:\MEngDatasets\GenVidBench\GenVidBench\Pair1\vript\vript\-Xl33P57QOs-Scene-088.mp4,0,real,Pair1,Pair1,vript,-7.9122952856636575,0.00036607898871903274,
Pair2\hd_vg_130m\hd_vg_130m\03639___0MH8xf0k-rk.21_1.mp4,F:\MEngDatasets\GenVidBench\GenVidBench\Pair2\hd_vg_130m\hd_vg_130m\03639___0MH8xf0k-rk.21_1.mp4,0,real,Pair2,Pair2,hd_vg_130m,-1.2836702235003628,0.2169261180198287,
Pair2\hd_vg_130m\hd_vg_130m\03556___0TSV6cnBYjs.2_0.mp4,F:\MEngDatasets\GenVidBench\GenVidBench\Pair2\hd_vg_130m\hd_vg_130m\03556___0TSV6cnBYjs.2_0.mp4,0,real,Pair2,Pair2,hd_vg_130m,-4.032246651936923,0.017425412084033084,
Pair2\musev\musev\07095___a blurry picture of some text on a screen.mp4,F:\MEngDatasets\GenVidBench\GenVidBench\Pair2\musev\musev\07095___a blurry picture of some text on a screen.mp4,1,fake,Pair2,Pair2,musev,8.745784172644981,0.9998408945377081,
Pair1\t2vz\t2vz\t2vz-59c0e702-22bd-5c63-9579-6ed5a4344d4c.mp4,F:\MEngDatasets\GenVidBench\GenVidBench\Pair1\t2vz\t2vz\t2vz-59c0e702-22bd-5c63-9579-6ed5a4344d4c.mp4,1,fake,Pair1,Pair1,t2vz,4.3083575665950775,0.9867230187326308,
Pair2\musev\musev\07899___a baby and a doll sitting on the floor.mp4,F:\MEngDatasets\GenVidBench\GenVidBench\Pair2\musev\musev\07899___a baby and a doll sitting on the floor.mp4,1,fake,Pair2,Pair2,musev,10.092255152188814,0.9999586027684557,
Pair1\ms\ms\ms-583bc44d-675d-5eec-bd37-21f879d7269a.mp4,F:\MEngDatasets\GenVidBench\GenVidBench\Pair1\ms\ms\ms-583bc44d-675d-5eec-bd37-21f879d7269a.mp4,1,fake,Pair1,Pair1,ms,8.62124365568161,0.9998197965153695,
Pair1\vript\vript\--XjtHv9tM4-Scene-057.mp4,F:\MEngDatasets\GenVidBench\GenVidBench\Pair1\vript\vript\--XjtHv9tM4-Scene-057.mp4,0,real,Pair1,Pair1,vript,-6.034141384949119,0.00238982754465699,
Pair1\vript\vript\-13Asaa-7KE-Scene-041.mp4,F:\MEngDatasets\GenVidBench\GenVidBench\Pair1\vript\vript\-13Asaa-7KE-Scene-041.mp4,0,real,Pair1,Pair1,vript,-8.7610349465621,0.00015669776735343846,
Pair1\vript\vript\-3CXhx0Mj-Y-Scene-037.mp4,F:\MEngDatasets\GenVidBench\GenVidBench\Pair1\vript\vript\-3CXhx0Mj-Y-Scene-037.mp4,0,real,Pair1,Pair1,vript,-7.9138444675488415,0.0003655125119727429,
Pair2\hd_vg_130m\hd_vg_130m\05133___A9IwuLfLKjM.0_4.mp4,F:\MEngDatasets\GenVidBench\GenVidBench\Pair2\hd_vg_130m\hd_vg_130m\05133___A9IwuLfLKjM.0_4.mp4,0,real,Pair2,Pair2,hd_vg_130m,-4.983136529861015,0.006805897974207727,
Pair2\hd_vg_130m\hd_vg_130m\02330___1vARdf0tK1A.0_2.mp4,F:\MEngDatasets\GenVidBench\GenVidBench\Pair2\hd_vg_130m\hd_vg_130m\02330___1vARdf0tK1A.0_2.mp4,0,real,Pair2,Pair2,hd_vg_130m,-5.395494012440869,0.004516487315314025,
Pair2\svd\svd\02476___a park that is flooded with water.mp4,F:\MEngDatasets\GenVidBench\GenVidBench\Pair2\svd\svd\02476___a park that is flooded with water.mp4,1,fake,Pair2,Pair2,svd,7.230546270098005,0.9992763987907114,
Pair2\mora\mora\00901___two cars are parked in front of a house.mp4,F:\MEngDatasets\GenVidBench\GenVidBench\Pair2\mora\mora\00901___two cars are parked in front of a house.mp4,1,fake,Pair2,Pair2,mora,10.690606594085693,0.999977242808475,
Pair2\hd_vg_130m\hd_vg_130m\07002___9sCbm63-nqE.6_0.mp4,F:\MEngDatasets\GenVidBench\GenVidBench\Pair2\hd_vg_130m\hd_vg_130m\07002___9sCbm63-nqE.6_0.mp4,0,real,Pair2,Pair2,hd_vg_130m,-7.955039444817546,0.000350766333509228,
Pair1\vc2\vc2\vc-6dad3ece-d203-551b-b5f0-9b8a4fa19024.mp4,F:\MEngDatasets\GenVidBench\GenVidBench\Pair1\vc2\vc2\vc-6dad3ece-d203-551b-b5f0-9b8a4fa19024.mp4,1,fake,Pair1,Pair1,vc2,9.28016346693039,0.9999067528178811,
Pair2\hd_vg_130m\hd_vg_130m\07294___8mxvVvgfxtA.6_1.mp4,F:\MEngDatasets\GenVidBench\GenVidBench\Pair2\hd_vg_130m\hd_vg_130m\07294___8mxvVvgfxtA.6_1.mp4,0,real,Pair2,Pair2,hd_vg_130m,-8.234964624371218,0.0002651460357234018,
Pair2\mora\mora\10686___the front door of a house with a sign on it.mp4,F:\MEngDatasets\GenVidBench\GenVidBench\Pair2\mora\mora\10686___the front door of a house with a sign on it.mp4,1,fake,Pair2,Pair2,mora,10.143649538358053,0.9999606765239553,
Pair1\vript\vript\-XmegTG3YdY-Scene-047.mp4,F:\MEngDatasets\GenVidBench\GenVidBench\Pair1\vript\vript\-XmegTG3YdY-Scene-047.mp4,0,real,Pair1,Pair1,vript,-6.628794641561911,0.0013200105841408812,
Pair1\vript\vript\-bzVYVwBjs0-Scene-042.mp4,F:\MEngDatasets\GenVidBench\GenVidBench\Pair1\vript\vript\-bzVYVwBjs0-Scene-042.mp4,0,real,Pair1,Pair1,vript,0.398154896975898,0.5982442736739513,
Pair1\vript\vript\-6FvAU9H98w-Scene-034.mp4,F:\MEngDatasets\GenVidBench\GenVidBench\Pair1\vript\vript\-6FvAU9H98w-Scene-034.mp4,0,real,Pair1,Pair1,vript,-8.060475391077707,0.00031567696879426836,
Pair2\hd_vg_130m\hd_vg_130m\09922___DbVYUMstNhk.1_3.mp4,F:\MEngDatasets\GenVidBench\GenVidBench\Pair2\hd_vg_130m\hd_vg_130m\09922___DbVYUMstNhk.1_3.mp4,0,real,Pair2,Pair2,hd_vg_130m,-6.7751747565933425,0.0011404687963704756,
Pair2\hd_vg_130m\hd_vg_130m\05639___AdIGR5_R0hY.2_0.mp4,F:\MEngDatasets\GenVidBench\GenVidBench\Pair2\hd_vg_130m\hd_vg_130m\05639___AdIGR5_R0hY.2_0.mp4,0,real,Pair2,Pair2,hd_vg_130m,1.3950435264222323,0.8013961928853796,
Pair2\hd_vg_130m\hd_vg_130m\12152___DiEPboB_7OQ.12_1.mp4,F:\MEngDatasets\GenVidBench\GenVidBench\Pair2\hd_vg_130m\hd_vg_130m\12152___DiEPboB_7OQ.12_1.mp4,0,real,Pair2,Pair2,hd_vg_130m,-9.338380379383791,8.797407780030562e-05,
Pair1\vript\vript\-A8LKuncijo-Scene-121.mp4,F:\MEngDatasets\GenVidBench\GenVidBench\Pair1\vript\vript\-A8LKuncijo-Scene-121.mp4,0,real,Pair1,Pair1,vript,-9.46586456861883,7.744504137928661e-05,
Pair2\hd_vg_130m\hd_vg_130m\06884___9h7DSJVeSG8.15_2.mp4,F:\MEngDatasets\GenVidBench\GenVidBench\Pair2\hd_vg_130m\hd_vg_130m\06884___9h7DSJVeSG8.15_2.mp4,0,real,Pair2,Pair2,hd_vg_130m,-4.311151627892781,0.013240426835438157,
Pair1\vript\vript\-y_mlO5P-d4-Scene-002.mp4,F:\MEngDatasets\GenVidBench\GenVidBench\Pair1\vript\vript\-y_mlO5P-d4-Scene-002.mp4,0,real,Pair1,Pair1,vript,-8.310173694139872,0.00024594080890359704,
Pair1\t2vz\t2vz\t2vz-21a72913-48de-5e80-85bf-da10c639ab49.mp4,F:\MEngDatasets\GenVidBench\GenVidBench\Pair1\t2vz\t2vz\t2vz-21a72913-48de-5e80-85bf-da10c639ab49.mp4,1,fake,Pair1,Pair1,t2vz,8.31942331790924,0.9997563230108367,
Pair1\pika\pika\pika-ac7cdff6-76a4-5c2a-ba41-3033afcea9b6.mp4,F:\MEngDatasets\GenVidBench\GenVidBench\Pair1\pika\pika\pika-ac7cdff6-76a4-5c2a-ba41-3033afcea9b6.mp4,1,fake,Pair1,Pair1,pika,8.006609446472591,0.999666858303566,
Pair1\t2vz\t2vz\t2vz-10ccb150-0997-5ceb-82f6-6705b4fd31aa.mp4,F:\MEngDatasets\GenVidBench\GenVidBench\Pair1\t2vz\t2vz\t2vz-10ccb150-0997-5ceb-82f6-6705b4fd31aa.mp4,1,fake,Pair1,Pair1,t2vz,7.3307676911354065,0.9993453583342189,
Pair2\svd\svd\00321___a piece of paper sitting on top of a wooden table.mp4,F:\MEngDatasets\GenVidBench\GenVidBench\Pair2\svd\svd\00321___a piece of paper sitting on top of a wooden table.mp4,1,fake,Pair2,Pair2,svd,2.932139366865158,0.9494125242459993,
Pair1\t2vz\t2vz\t2vz-af7aa6cd-c500-5cc9-bb3a-27e557edeb6c.mp4,F:\MEngDatasets\GenVidBench\GenVidBench\Pair1\t2vz\t2vz\t2vz-af7aa6cd-c500-5cc9-bb3a-27e557edeb6c.mp4,1,fake,Pair1,Pair1,t2vz,4.7140244245529175,0.9911111096456122,
Pair2\hd_vg_130m\hd_vg_130m\11279___CmsOOA4JuVg.12_0.mp4,F:\MEngDatasets\GenVidBench\GenVidBench\Pair2\hd_vg_130m\hd_vg_130m\11279___CmsOOA4JuVg.12_0.mp4,0,real,Pair2,Pair2,hd_vg_130m,-6.196892867613544,0.002031610309572264,
Pair1\ms\ms\ms-af7aa6cd-c500-5cc9-bb3a-27e557edeb6c.mp4,F:\MEngDatasets\GenVidBench\GenVidBench\Pair1\ms\ms\ms-af7aa6cd-c500-5cc9-bb3a-27e557edeb6c.mp4,1,fake,Pair1,Pair1,ms,-2.2848790399730206,0.09238303894245409,
Pair1\vript\vript\-aid2jMEbXw-Scene-013.mp4,F:\MEngDatasets\GenVidBench\GenVidBench\Pair1\vript\vript\-aid2jMEbXw-Scene-013.mp4,0,real,Pair1,Pair1,vript,-9.020956764221191,0.00012083584246025991,
Pair1\pika\pika\pika-e1653180-f281-52be-b6ff-1fd19ded0d5b.mp4,F:\MEngDatasets\GenVidBench\GenVidBench\Pair1\pika\pika\pika-e1653180-f281-52be-b6ff-1fd19ded0d5b.mp4,1,fake,Pair1,Pair1,pika,10.639615535736084,0.9999760523290143,
Pair1\pika\pika\pika-807ec19f-d33e-5059-8aa2-877ca8f7c20f.mp4,F:\MEngDatasets\GenVidBench\GenVidBench\Pair1\pika\pika\pika-807ec19f-d33e-5059-8aa2-877ca8f7c20f.mp4,1,fake,Pair1,Pair1,pika,8.822759946187338,0.9998526805613016,
Pair2\musev\musev\13818___a black leather case laying on a bed.mp4,F:\MEngDatasets\GenVidBench\GenVidBench\Pair2\musev\musev\13818___a black leather case laying on a bed.mp4,1,fake,Pair2,Pair2,musev,9.099077004652758,0.9998882435678045,
Pair1\t2vz\t2vz\t2vz-a6aa3db8-6774-54ed-abf8-89bb1a29dc4d.mp4,F:\MEngDatasets\GenVidBench\GenVidBench\Pair1\t2vz\t2vz\t2vz-a6aa3db8-6774-54ed-abf8-89bb1a29dc4d.mp4,1,fake,Pair1,Pair1,t2vz,8.186689853668213,0.9997217437617928,
Pair2\hd_vg_130m\hd_vg_130m\00406___-9az5_MIS9s.1_2.mp4,F:\MEngDatasets\GenVidBench\GenVidBench\Pair2\hd_vg_130m\hd_vg_130m\00406___-9az5_MIS9s.1_2.mp4,0,real,Pair2,Pair2,hd_vg_130m,0.3140111770154364,0.577864040772844,
Pair1\ms\ms\ms-bd8392d9-8352-5800-b3bf-60139ab3acbb.mp4,F:\MEngDatasets\GenVidBench\GenVidBench\Pair1\ms\ms\ms-bd8392d9-8352-5800-b3bf-60139ab3acbb.mp4,1,fake,Pair1,Pair1,ms,-2.8515138030052185,0.054603119544834884,
Pair1\t2vz\t2vz\t2vz-d1418574-5192-5596-96da-d1d5a308670a.mp4,F:\MEngDatasets\GenVidBench\GenVidBench\Pair1\t2vz\t2vz\t2vz-d1418574-5192-5596-96da-d1d5a308670a.mp4,1,fake,Pair1,Pair1,t2vz,9.342711746692657,0.9999124061128996,
Pair1\pika\pika\pika-fd1c0be6-3ea0-504d-a8eb-3124d364ce30.mp4,F:\MEngDatasets\GenVidBench\GenVidBench\Pair1\pika\pika\pika-fd1c0be6-3ea0-504d-a8eb-3124d364ce30.mp4,1,fake,Pair1,Pair1,pika,10.108886109458076,0.9999592855228472,
Pair1\pika\pika\pika-4b8e1b54-4f2b-59ec-ad4e-f60c6d6639ce.mp4,F:\MEngDatasets\GenVidBench\GenVidBench\Pair1\pika\pika\pika-4b8e1b54-4f2b-59ec-ad4e-f60c6d6639ce.mp4,1,fake,Pair1,Pair1,pika,9.510538895924887,0.9999259383690194,
Pair1\t2vz\t2vz\t2vz-f2af67e1-56fb-530e-9719-0dc5887becd9.mp4,F:\MEngDatasets\GenVidBench\GenVidBench\Pair1\t2vz\t2vz\t2vz-f2af67e1-56fb-530e-9719-0dc5887becd9.mp4,1,fake,Pair1,Pair1,t2vz,7.643007457256317,0.9995208451460744,
Pair2\mora\mora\13565___a close up of a piece of broccoli.mp4,F:\MEngDatasets\GenVidBench\GenVidBench\Pair2\mora\mora\13565___a close up of a piece of broccoli.mp4,1,fake,Pair2,Pair2,mora,9.300502359867096,0.9999086300340858,
Pair2\svd\svd\08012___a sign for a restaurant that says chef kung.mp4,F:\MEngDatasets\GenVidBench\GenVidBench\Pair2\svd\svd\08012___a sign for a restaurant that says chef kung.mp4,1,fake,Pair2,Pair2,svd,10.330758912222725,0.9999673867374625,
Pair1\pika\pika\pika-ff2c8815-2aff-5fdb-8394-1917fb571f42.mp4,F:\MEngDatasets\GenVidBench\GenVidBench\Pair1\pika\pika\pika-ff2c8815-2aff-5fdb-8394-1917fb571f42.mp4,1,fake,Pair1,Pair1,pika,8.632257004578909,0.9998217699186588,
Pair1\vript\vript\-J_y--NmhP8-Scene-028.mp4,F:\MEngDatasets\GenVidBench\GenVidBench\Pair1\vript\vript\-J_y--NmhP8-Scene-028.mp4,0,real,Pair1,Pair1,vript,-7.018806999904572,0.0008940923465661682,
Pair1\vc2\vc2\vc-c9b2959a-0cce-5df3-90e3-e0a70895dd77.mp4,F:\MEngDatasets\GenVidBench\GenVidBench\Pair1\vc2\vc2\vc-c9b2959a-0cce-5df3-90e3-e0a70895dd77.mp4,1,fake,Pair1,Pair1,vc2,3.454883061349392,0.9693764307759716,
Pair2\cogvideo\cogvideo\11461___a potted plant with a bottle of liquid next to it.mp4,F:\MEngDatasets\GenVidBench\GenVidBench\Pair2\cogvideo\cogvideo\11461___a potted plant with a bottle of liquid next to it.mp4,1,fake,Pair2,Pair2,cogvideo,10.695416768391928,0.999977352009206,
Pair1\vript\vript\-HVSYKb3UVw-Scene-003.mp4,F:\MEngDatasets\GenVidBench\GenVidBench\Pair1\vript\vript\-HVSYKb3UVw-Scene-003.mp4,0,real,Pair1,Pair1,vript,-8.744515621030814,0.00015930739168113183,
Pair2\svd\svd\04273___a red rectangle with a white background.mp4,F:\MEngDatasets\GenVidBench\GenVidBench\Pair2\svd\svd\04273___a red rectangle with a white background.mp4,1,fake,Pair2,Pair2,svd,-0.7482159488967487,0.3212101608300085,
Pair1\vript\vript\-4ukRF34UFk-Scene-019.mp4,F:\MEngDatasets\GenVidBench\GenVidBench\Pair1\vript\vript\-4ukRF34UFk-Scene-019.mp4,0,real,Pair1,Pair1,vript,-5.662247605048693,0.0034626666433018893,
Pair1\vript\vript\-On8a0PsDyY-Scene-001.mp4,F:\MEngDatasets\GenVidBench\GenVidBench\Pair1\vript\vript\-On8a0PsDyY-Scene-001.mp4,0,real,Pair1,Pair1,vript,-7.115781999705883,0.0008115262245441135,
Pair2\hd_vg_130m\hd_vg_130m\11184___Gm2DfEeGoZ4.17_3.mp4,F:\MEngDatasets\GenVidBench\GenVidBench\Pair2\hd_vg_130m\hd_vg_130m\11184___Gm2DfEeGoZ4.17_3.mp4,0,real,Pair2,Pair2,hd_vg_130m,-5.521952671352132,0.003982112849153523,
Pair2\musev\musev\05360___a car driving down a street with graffiti on a wall.mp4,F:\MEngDatasets\GenVidBench\GenVidBench\Pair2\musev\musev\05360___a car driving down a street with graffiti on a wall.mp4,1,fake,Pair2,Pair2,musev,9.671151894789476,0.9999369268232522,
Pair2\hd_vg_130m\hd_vg_130m\02260___35E2mS0s6Ho.14_2.mp4,F:\MEngDatasets\GenVidBench\GenVidBench\Pair2\hd_vg_130m\hd_vg_130m\02260___35E2mS0s6Ho.14_2.mp4,0,real,Pair2,Pair2,hd_vg_130m,-6.64874232393387,0.0012939740516918162,
Pair2\svd\svd\10255___a close up of a laptop computer screen.mp4,F:\MEngDatasets\GenVidBench\GenVidBench\Pair2\svd\svd\10255___a close up of a laptop computer screen.mp4,1,fake,Pair2,Pair2,svd,9.267665181841169,0.9999055801853715,
Pair2\mora\mora\10934___three newspapers sitting on top of a table.mp4,F:\MEngDatasets\GenVidBench\GenVidBench\Pair2\mora\mora\10934___three newspapers sitting on top of a table.mp4,1,fake,Pair2,Pair2,mora,9.794830282529196,0.9999442640958519,
Pair1\ms\ms\ms-b186afc4-3c50-566e-8091-11c41ac75c2b.mp4,F:\MEngDatasets\GenVidBench\GenVidBench\Pair1\ms\ms\ms-b186afc4-3c50-566e-8091-11c41ac75c2b.mp4,1,fake,Pair1,Pair1,ms,1.9129188377410173,0.8713467091091637,
Pair1\vript\vript\-bNL86bJrD8-Scene-006.mp4,F:\MEngDatasets\GenVidBench\GenVidBench\Pair1\vript\vript\-bNL86bJrD8-Scene-006.mp4,0,real,Pair1,Pair1,vript,-6.039083064814745,0.002378074929245971,
Pair1\vc2\vc2\vc-f2af67e1-56fb-530e-9719-0dc5887becd9.mp4,F:\MEngDatasets\GenVidBench\GenVidBench\Pair1\vc2\vc2\vc-f2af67e1-56fb-530e-9719-0dc5887becd9.mp4,1,fake,Pair1,Pair1,vc2,8.780878245830536,0.9998463805130475,
Pair2\svd\svd\05668___a tractor driving down a dirt road.mp4,F:\MEngDatasets\GenVidBench\GenVidBench\Pair2\svd\svd\05668___a tractor driving down a dirt road.mp4,1,fake,Pair2,Pair2,svd,9.4098402432033,0.9999180926767296,
Pair2\hd_vg_130m\hd_vg_130m\05640___Bmv5g5CvkHk.1_3.mp4,F:\MEngDatasets\GenVidBench\GenVidBench\Pair2\hd_vg_130m\hd_vg_130m\05640___Bmv5g5CvkHk.1_3.mp4,0,real,Pair2,Pair2,hd_vg_130m,-6.5408601117937755,0.001441166652695908,
Pair1\pika\pika\pika-583bc44d-675d-5eec-bd37-21f879d7269a.mp4,F:\MEngDatasets\GenVidBench\GenVidBench\Pair1\pika\pika\pika-583bc44d-675d-5eec-bd37-21f879d7269a.mp4,1,fake,Pair1,Pair1,pika,9.500830597347683,0.9999252159091095,
Pair1\ms\ms\ms-2c48b7e5-b4e6-5152-83b8-287aa74afb8f.mp4,F:\MEngDatasets\GenVidBench\GenVidBench\Pair1\ms\ms\ms-2c48b7e5-b4e6-5152-83b8-287aa74afb8f.mp4,1,fake,Pair1,Pair1,ms,7.388235807418823,0.999381896168421,
Pair1\vript\vript\-10AyOGp5Zg-Scene-021.mp4,F:\MEngDatasets\GenVidBench\GenVidBench\Pair1\vript\vript\-10AyOGp5Zg-Scene-021.mp4,0,real,Pair1,Pair1,vript,-4.613993627938214,0.009814867231193727,
Pair1\ms\ms\ms-ed3a73af-7a1d-529c-9cd3-a6d5a43e06d1.mp4,F:\MEngDatasets\GenVidBench\GenVidBench\Pair1\ms\ms\ms-ed3a73af-7a1d-529c-9cd3-a6d5a43e06d1.mp4,1,fake,Pair1,Pair1,ms,3.2163239493966103,0.9614439762131053,
Pair1\vript\vript\-dPloZL2_zE-Scene-030.mp4,F:\MEngDatasets\GenVidBench\GenVidBench\Pair1\vript\vript\-dPloZL2_zE-Scene-030.mp4,0,real,Pair1,Pair1,vript,-5.0284193423857175,0.006506542016070322,
Pair1\t2vz\t2vz\t2vz-ed3a73af-7a1d-529c-9cd3-a6d5a43e06d1.mp4,F:\MEngDatasets\GenVidBench\GenVidBench\Pair1\t2vz\t2vz\t2vz-ed3a73af-7a1d-529c-9cd3-a6d5a43e06d1.mp4,1,fake,Pair1,Pair1,t2vz,10.060654044151306,0.9999572737371313,
Pair2\musev\musev\07585___a doll sitting on a chair in a room.mp4,F:\MEngDatasets\GenVidBench\GenVidBench\Pair2\musev\musev\07585___a doll sitting on a chair in a room.mp4,1,fake,Pair2,Pair2,musev,7.198160941784199,0.9992525989397191,
Pair1\vript\vript\-FioietmGSQ-Scene-019.mp4,F:\MEngDatasets\GenVidBench\GenVidBench\Pair1\vript\vript\-FioietmGSQ-Scene-019.mp4,0,real,Pair1,Pair1,vript,-7.279308694080242,0.0006891868603697396,
Pair1\vript\vript\-By0QtiVqcw-Scene-036.mp4,F:\MEngDatasets\GenVidBench\GenVidBench\Pair1\vript\vript\-By0QtiVqcw-Scene-036.mp4,0,real,Pair1,Pair1,vript,-5.958647601951764,0.002576746624320014,
Pair2\musev\musev\10255___a close up of a laptop computer screen.mp4,F:\MEngDatasets\GenVidBench\GenVidBench\Pair2\musev\musev\10255___a close up of a laptop computer screen.mp4,1,fake,Pair2,Pair2,musev,8.663101159609282,0.999827182423709,
Pair1\ms\ms\ms-52085ef4-0f41-54af-a053-fa5dc9ede520.mp4,F:\MEngDatasets\GenVidBench\GenVidBench\Pair1\ms\ms\ms-52085ef4-0f41-54af-a053-fa5dc9ede520.mp4,1,fake,Pair1,Pair1,ms,-1.1214339258149266,0.24574540191596175,
Pair1\ms\ms\ms-7510c4f9-8079-571a-b400-71e6e82a225b.mp4,F:\MEngDatasets\GenVidBench\GenVidBench\Pair1\ms\ms\ms-7510c4f9-8079-571a-b400-71e6e82a225b.mp4,1,fake,Pair1,Pair1,ms,3.88158118724823,0.9797983239972435,
Pair1\vript\vript\-jx2w2S0LMc-Scene-087.mp4,F:\MEngDatasets\GenVidBench\GenVidBench\Pair1\vript\vript\-jx2w2S0LMc-Scene-087.mp4,0,real,Pair1,Pair1,vript,-7.041979253692115,0.0008736303032118945,
Pair1\vript\vript\-8QN_w1MhmM-Scene-002.mp4,F:\MEngDatasets\GenVidBench\GenVidBench\Pair1\vript\vript\-8QN_w1MhmM-Scene-002.mp4,0,real,Pair1,Pair1,vript,-6.575365474663038,0.0013923548900995647,
Pair1\vript\vript\-3-5Y7u2xqI-Scene-025.mp4,F:\MEngDatasets\GenVidBench\GenVidBench\Pair1\vript\vript\-3-5Y7u2xqI-Scene-025.mp4,0,real,Pair1,Pair1,vript,-8.08707236041542,0.0003073941364171179,
Pair2\hd_vg_130m\hd_vg_130m\04261___2ptkVx3IH5c.23_0.mp4,F:\MEngDatasets\GenVidBench\GenVidBench\Pair2\hd_vg_130m\hd_vg_130m\04261___2ptkVx3IH5c.23_0.mp4,0,real,Pair2,Pair2,hd_vg_130m,1.2400605602591646,0.7755745554828153,
Pair1\vc2\vc2\vc-bd8392d9-8352-5800-b3bf-60139ab3acbb.mp4,F:\MEngDatasets\GenVidBench\GenVidBench\Pair1\vc2\vc2\vc-bd8392d9-8352-5800-b3bf-60139ab3acbb.mp4,1,fake,Pair1,Pair1,vc2,8.898685693740845,0.9998634503472016,
Pair2\svd\svd\02082___a young boy standing on a tiled floor.mp4,F:\MEngDatasets\GenVidBench\GenVidBench\Pair2\svd\svd\02082___a young boy standing on a tiled floor.mp4,1,fake,Pair2,Pair2,svd,9.015414135796684,0.9998784926314532,
Pair1\vript\vript\-BDQmaMlb2g-Scene-042.mp4,F:\MEngDatasets\GenVidBench\GenVidBench\Pair1\vript\vript\-BDQmaMlb2g-Scene-042.mp4,0,real,Pair1,Pair1,vript,-5.9903610603676904,0.0024965120683723,
Pair1\vript\vript\-AxBXLwxZNU-Scene-050.mp4,F:\MEngDatasets\GenVidBench\GenVidBench\Pair1\vript\vript\-AxBXLwxZNU-Scene-050.mp4,0,real,Pair1,Pair1,vript,-5.400832403210863,0.00449254881333692,
Pair2\cogvideo\cogvideo\01784___president barack obama giving a speech in front of an american flag.mp4,F:\MEngDatasets\GenVidBench\GenVidBench\Pair2\cogvideo\cogvideo\01784___president barack obama giving a speech in front of an american flag.mp4,1,fake,Pair2,Pair2,cogvideo,5.864300731456641,0.9971690295662823,
Pair1\ms\ms\ms-ac7cdff6-76a4-5c2a-ba41-3033afcea9b6.mp4,F:\MEngDatasets\GenVidBench\GenVidBench\Pair1\ms\ms\ms-ac7cdff6-76a4-5c2a-ba41-3033afcea9b6.mp4,1,fake,Pair1,Pair1,ms,8.227926135063171,0.9997329816536665,
Pair1\vc2\vc2\vc-70770d2b-1dab-5c0e-935c-12fc3779bf06.mp4,F:\MEngDatasets\GenVidBench\GenVidBench\Pair1\vc2\vc2\vc-70770d2b-1dab-5c0e-935c-12fc3779bf06.mp4,1,fake,Pair1,Pair1,vc2,9.433100640773773,0.9999199757359171,
Pair1\t2vz\t2vz\t2vz-70d666ee-bd5d-5ade-b0d1-b5b9085d5ca5.mp4,F:\MEngDatasets\GenVidBench\GenVidBench\Pair1\t2vz\t2vz\t2vz-70d666ee-bd5d-5ade-b0d1-b5b9085d5ca5.mp4,1,fake,Pair1,Pair1,t2vz,7.166525185108185,0.9992285948900088,
Pair1\t2vz\t2vz\t2vz-1d8e9939-76eb-5dc8-aab3-a78612eceb41.mp4,F:\MEngDatasets\GenVidBench\GenVidBench\Pair1\t2vz\t2vz\t2vz-1d8e9939-76eb-5dc8-aab3-a78612eceb41.mp4,1,fake,Pair1,Pair1,t2vz,1.9138928093016148,0.871455853416467,
Pair2\mora\mora\13790___a building with a kite flying in the sky.mp4,F:\MEngDatasets\GenVidBench\GenVidBench\Pair2\mora\mora\13790___a building with a kite flying in the sky.mp4,1,fake,Pair2,Pair2,mora,10.25808072090149,0.9999649282920289,
Pair2\svd\svd\08151___a picture of a tall building with a blue sky in the background.mp4,F:\MEngDatasets\GenVidBench\GenVidBench\Pair2\svd\svd\08151___a picture of a tall building with a blue sky in the background.mp4,1,fake,Pair2,Pair2,svd,9.421119042805262,0.9999190112283786,
Pair1\pika\pika\pika-20ae02c0-bf3c-51f6-8382-5e54799ede52.mp4,F:\MEngDatasets\GenVidBench\GenVidBench\Pair1\pika\pika\pika-20ae02c0-bf3c-51f6-8382-5e54799ede52.mp4,1,fake,Pair1,Pair1,pika,7.855691691239675,0.9996126102075052,
Pair1\ms\ms\ms-89ed5c66-7b9e-5447-ae61-2e8f9ce6a9a9.mp4,F:\MEngDatasets\GenVidBench\GenVidBench\Pair1\ms\ms\ms-89ed5c66-7b9e-5447-ae61-2e8f9ce6a9a9.mp4,1,fake,Pair1,Pair1,ms,6.911410182714462,0.9990046399614348,
Pair2\svd\svd\03751___a sign with a picture of a plant in a greenhouse.mp4,F:\MEngDatasets\GenVidBench\GenVidBench\Pair2\svd\svd\03751___a sign with a picture of a plant in a greenhouse.mp4,1,fake,Pair2,Pair2,svd,5.060561005558286,0.9936979668808056,
Pair2\cogvideo\cogvideo\13790___a building with a kite flying in the sky.mp4,F:\MEngDatasets\GenVidBench\GenVidBench\Pair2\cogvideo\cogvideo\13790___a building with a kite flying in the sky.mp4,1,fake,Pair2,Pair2,cogvideo,7.459591822190718,0.9994244402702539,
Pair1\vc2\vc2\vc-89ed5c66-7b9e-5447-ae61-2e8f9ce6a9a9.mp4,F:\MEngDatasets\GenVidBench\GenVidBench\Pair1\vc2\vc2\vc-89ed5c66-7b9e-5447-ae61-2e8f9ce6a9a9.mp4,1,fake,Pair1,Pair1,vc2,8.418531715869904,0.9997793101928671,
Pair2\mora\mora\03669___a screen shot of a website with a shopping cart.mp4,F:\MEngDatasets\GenVidBench\GenVidBench\Pair2\mora\mora\03669___a screen shot of a website with a shopping cart.mp4,1,fake,Pair2,Pair2,mora,2.2874495026965938,0.9078322645718799,
Pair1\pika\pika\pika-f2af67e1-56fb-530e-9719-0dc5887becd9.mp4,F:\MEngDatasets\GenVidBench\GenVidBench\Pair1\pika\pika\pika-f2af67e1-56fb-530e-9719-0dc5887becd9.mp4,1,fake,Pair1,Pair1,pika,9.026293185022142,0.9998798071936572,
Pair2\hd_vg_130m\hd_vg_130m\12574___CcJjPP-6vlg.10_0.mp4,F:\MEngDatasets\GenVidBench\GenVidBench\Pair2\hd_vg_130m\hd_vg_130m\12574___CcJjPP-6vlg.10_0.mp4,0,real,Pair2,Pair2,hd_vg_130m,0.5026287411498588,0.6230768959721864,
Pair2\hd_vg_130m\hd_vg_130m\09688___EFoYzBmcHhI.2_3.mp4,F:\MEngDatasets\GenVidBench\GenVidBench\Pair2\hd_vg_130m\hd_vg_130m\09688___EFoYzBmcHhI.2_3.mp4,0,real,Pair2,Pair2,hd_vg_130m,-5.281578741563383,0.005058677177846588,
Pair2\musev\musev\03011___a car driving down a dark highway at night.mp4,F:\MEngDatasets\GenVidBench\GenVidBench\Pair2\musev\musev\03011___a car driving down a dark highway at night.mp4,1,fake,Pair2,Pair2,musev,6.994230160346398,0.9990836818228163,
Pair2\hd_vg_130m\hd_vg_130m\01142___2e9rD_36oQ4.0_6.mp4,F:\MEngDatasets\GenVidBench\GenVidBench\Pair2\hd_vg_130m\hd_vg_130m\01142___2e9rD_36oQ4.0_6.mp4,0,real,Pair2,Pair2,hd_vg_130m,-6.031127464588841,0.0023970238685140184,
Pair2\cogvideo\cogvideo\02778___a map of japan with a red face on it.mp4,F:\MEngDatasets\GenVidBench\GenVidBench\Pair2\cogvideo\cogvideo\02778___a map of japan with a red face on it.mp4,1,fake,Pair2,Pair2,cogvideo,10.210496440078273,0.9999632191497401,
Pair2\hd_vg_130m\hd_vg_130m\07465___BdNQE-GAq1o.1_0.mp4,F:\MEngDatasets\GenVidBench\GenVidBench\Pair2\hd_vg_130m\hd_vg_130m\07465___BdNQE-GAq1o.1_0.mp4,0,real,Pair2,Pair2,hd_vg_130m,-5.40061085605057,0.004493539762064382,
Pair2\cogvideo\cogvideo\10070___the back of a van filled with bags of drugs.mp4,F:\MEngDatasets\GenVidBench\GenVidBench\Pair2\cogvideo\cogvideo\10070___the back of a van filled with bags of drugs.mp4,1,fake,Pair2,Pair2,cogvideo,10.310999263416637,0.9999667359235326,
Pair2\hd_vg_130m\hd_vg_130m\09471___E1_pYFlkBCw.16_0.mp4,F:\MEngDatasets\GenVidBench\GenVidBench\Pair2\hd_vg_130m\hd_vg_130m\09471___E1_pYFlkBCw.16_0.mp4,0,real,Pair2,Pair2,hd_vg_130m,-7.473026392300923,0.0005678834028370444,
Pair1\ms\ms\ms-a8e00099-b278-55d0-bfff-0011efad5914.mp4,F:\MEngDatasets\GenVidBench\GenVidBench\Pair1\ms\ms\ms-a8e00099-b278-55d0-bfff-0011efad5914.mp4,1,fake,Pair1,Pair1,ms,1.0877243932336569,0.7479529678603632,
Pair1\t2vz\t2vz\t2vz-f36b292c-0950-50ea-bbf7-dd0a5d5e63fe.mp4,F:\MEngDatasets\GenVidBench\GenVidBench\Pair1\t2vz\t2vz\t2vz-f36b292c-0950-50ea-bbf7-dd0a5d5e63fe.mp4,1,fake,Pair1,Pair1,t2vz,5.290317684412003,0.9949851169814681,
Pair2\svd\svd\13425___a news screen with a picture of a child abuse scandal.mp4,F:\MEngDatasets\GenVidBench\GenVidBench\Pair2\svd\svd\13425___a news screen with a picture of a child abuse scandal.mp4,1,fake,Pair2,Pair2,svd,7.505269391196115,0.9994501249115942,
Pair2\svd\svd\06329___a brown and white bird sitting in a tree.mp4,F:\MEngDatasets\GenVidBench\GenVidBench\Pair2\svd\svd\06329___a brown and white bird sitting in a tree.mp4,1,fake,Pair2,Pair2,svd,9.375646829605103,0.9999152437941828,
Pair1\vc2\vc2\vc-7510c4f9-8079-571a-b400-71e6e82a225b.mp4,F:\MEngDatasets\GenVidBench\GenVidBench\Pair1\vc2\vc2\vc-7510c4f9-8079-571a-b400-71e6e82a225b.mp4,1,fake,Pair1,Pair1,vc2,10.141793489456177,0.9999606034727639,
Pair2\musev\musev\13629___a sign on top of a pile of wood.mp4,F:\MEngDatasets\GenVidBench\GenVidBench\Pair2\musev\musev\13629___a sign on top of a pile of wood.mp4,1,fake,Pair2,Pair2,musev,7.6537323364844685,0.9995259541422958,
Pair2\hd_vg_130m\hd_vg_130m\01281___-M5YkXpMWUk.3_3.mp4,F:\MEngDatasets\GenVidBench\GenVidBench\Pair2\hd_vg_130m\hd_vg_130m\01281___-M5YkXpMWUk.3_3.mp4,0,real,Pair2,Pair2,hd_vg_130m,-6.043065063126192,0.0023686466529181946,
Pair2\mora\mora\12030___a young boy standing in the grass with a sign that says $ 200.mp4,F:\MEngDatasets\GenVidBench\GenVidBench\Pair2\mora\mora\12030___a young boy standing in the grass with a sign that says $ 200.mp4,1,fake,Pair2,Pair2,mora,8.549598832925161,0.9998064147234595,
Pair2\hd_vg_130m\hd_vg_130m\01067___3z6I_YK7fQ4.4_0.mp4,F:\MEngDatasets\GenVidBench\GenVidBench\Pair2\hd_vg_130m\hd_vg_130m\01067___3z6I_YK7fQ4.4_0.mp4,0,real,Pair2,Pair2,hd_vg_130m,-4.407768787759723,0.012035706450774395,
Pair2\musev\musev\01843___a group of softball players talking to each other.mp4,F:\MEngDatasets\GenVidBench\GenVidBench\Pair2\musev\musev\01843___a group of softball players talking to each other.mp4,1,fake,Pair2,Pair2,musev,8.52784252166748,0.9998021577146924,
Pair2\mora\mora\12708___a cat sitting on top of a flat screen tv.mp4,F:\MEngDatasets\GenVidBench\GenVidBench\Pair2\mora\mora\12708___a cat sitting on top of a flat screen tv.mp4,1,fake,Pair2,Pair2,mora,10.614483912785849,0.9999754428737332,
Pair2\musev\musev\13725___a close up of a vehicle's undercarriage.mp4,F:\MEngDatasets\GenVidBench\GenVidBench\Pair2\musev\musev\13725___a close up of a vehicle's undercarriage.mp4,1,fake,Pair2,Pair2,musev,8.697606636927677,0.9998330428905169,
Pair1\vript\vript\047cdginMOo-Scene-064.mp4,F:\MEngDatasets\GenVidBench\GenVidBench\Pair1\vript\vript\047cdginMOo-Scene-064.mp4,0,real,Pair1,Pair1,vript,-3.214859477454616,0.03861034766714266,
Pair2\cogvideo\cogvideo\02929___a group of football players standing together on a field.mp4,F:\MEngDatasets\GenVidBench\GenVidBench\Pair2\cogvideo\cogvideo\02929___a group of football players standing together on a field.mp4,1,fake,Pair2,Pair2,cogvideo,9.833101677172111,0.9999463567719704,
Pair1\t2vz\t2vz\t2vz-3d912141-6b6e-5cfd-8c30-12bad1a64b89.mp4,F:\MEngDatasets\GenVidBench\GenVidBench\Pair1\t2vz\t2vz\t2vz-3d912141-6b6e-5cfd-8c30-12bad1a64b89.mp4,1,fake,Pair1,Pair1,t2vz,3.9440589025616646,0.9809986098938263,
Pair2\hd_vg_130m\hd_vg_130m\13118___GEPR55iId0o.6_0.mp4,F:\MEngDatasets\GenVidBench\GenVidBench\Pair2\hd_vg_130m\hd_vg_130m\13118___GEPR55iId0o.6_0.mp4,0,real,Pair2,Pair2,hd_vg_130m,-8.087094193155115,0.0003073874272971487,
Pair1\vript\vript\-c88ZCPF10M-Scene-043.mp4,F:\MEngDatasets\GenVidBench\GenVidBench\Pair1\vript\vript\-c88ZCPF10M-Scene-043.mp4,0,real,Pair1,Pair1,vript,-5.608203357725001,0.0036542503800655597,
Pair1\pika\pika\pika-534de1b2-2307-5aaa-bc5b-cda0f4697261.mp4,F:\MEngDatasets\GenVidBench\GenVidBench\Pair1\pika\pika\pika-534de1b2-2307-5aaa-bc5b-cda0f4697261.mp4,1,fake,Pair1,Pair1,pika,9.232195920414394,0.9999021714160096,
Pair1\vript\vript\-c88ZCPF10M-Scene-034.mp4,F:\MEngDatasets\GenVidBench\GenVidBench\Pair1\vript\vript\-c88ZCPF10M-Scene-034.mp4,0,real,Pair1,Pair1,vript,-5.5479843176122925,0.003880186530634586,
Pair1\pika\pika\pika-f36b292c-0950-50ea-bbf7-dd0a5d5e63fe.mp4,F:\MEngDatasets\GenVidBench\GenVidBench\Pair1\pika\pika\pika-f36b292c-0950-50ea-bbf7-dd0a5d5e63fe.mp4,1,fake,Pair1,Pair1,pika,8.595092561509874,0.9998150227208622,
Pair2\svd\svd\10737___a bedroom with a bed and a lamp next to it.mp4,F:\MEngDatasets\GenVidBench\GenVidBench\Pair2\svd\svd\10737___a bedroom with a bed and a lamp next to it.mp4,1,fake,Pair2,Pair2,svd,10.841979707990374,0.9999804395183352,
Pair2\hd_vg_130m\hd_vg_130m\12402___HrfR2DPmEbY.7_1.mp4,F:\MEngDatasets\GenVidBench\GenVidBench\Pair2\hd_vg_130m\hd_vg_130m\12402___HrfR2DPmEbY.7_1.mp4,0,real,Pair2,Pair2,hd_vg_130m,1.3865714840206849,0.8000443359778888,
Pair2\hd_vg_130m\hd_vg_130m\11163___EgcMERrT23M.17_0.mp4,F:\MEngDatasets\GenVidBench\GenVidBench\Pair2\hd_vg_130m\hd_vg_130m\11163___EgcMERrT23M.17_0.mp4,0,real,Pair2,Pair2,hd_vg_130m,-5.228626697966196,0.005332296545927406,
Pair1\pika\pika\pika-7aec879d-90c5-52e5-b196-bb3657575b82.mp4,F:\MEngDatasets\GenVidBench\GenVidBench\Pair1\pika\pika\pika-7aec879d-90c5-52e5-b196-bb3657575b82.mp4,1,fake,Pair1,Pair1,pika,10.349575718243917,0.9999679946577599,
Pair1\ms\ms\ms-7aec879d-90c5-52e5-b196-bb3657575b82.mp4,F:\MEngDatasets\GenVidBench\GenVidBench\Pair1\ms\ms\ms-7aec879d-90c5-52e5-b196-bb3657575b82.mp4,1,fake,Pair1,Pair1,ms,2.608368907123804,0.9313982500051003,
Pair1\t2vz\t2vz\t2vz-6836d5d3-0d92-5d85-a32b-b121f9ba9b04.mp4,F:\MEngDatasets\GenVidBench\GenVidBench\Pair1\t2vz\t2vz\t2vz-6836d5d3-0d92-5d85-a32b-b121f9ba9b04.mp4,1,fake,Pair1,Pair1,t2vz,8.507770538330078,0.9997981473155233,
Pair2\mora\mora\03657___a computer screen showing a page with a picture on it.mp4,F:\MEngDatasets\GenVidBench\GenVidBench\Pair2\mora\mora\03657___a computer screen showing a page with a picture on it.mp4,1,fake,Pair2,Pair2,mora,10.539001822471619,0.999973517549914,
Pair2\musev\musev\03042___a couple of speed boats in the ocean.mp4,F:\MEngDatasets\GenVidBench\GenVidBench\Pair2\musev\musev\03042___a couple of speed boats in the ocean.mp4,1,fake,Pair2,Pair2,musev,6.83122154382559,0.9989216255387381,
Pair2\cogvideo\cogvideo\10686___the front door of a house with a sign on it.mp4,F:\MEngDatasets\GenVidBench\GenVidBench\Pair2\cogvideo\cogvideo\10686___the front door of a house with a sign on it.mp4,1,fake,Pair2,Pair2,cogvideo,10.587561722957727,0.9999747727790622,
Pair2\musev\musev\02837___a close up of a nigerian id card.mp4,F:\MEngDatasets\GenVidBench\GenVidBench\Pair2\musev\musev\02837___a close up of a nigerian id card.mp4,1,fake,Pair2,Pair2,musev,9.056639597966122,0.9998833994078231,
Pair1\ms\ms\ms-e35c583d-5dfe-5ba8-a937-5a1b5548a63f.mp4,F:\MEngDatasets\GenVidBench\GenVidBench\Pair1\ms\ms\ms-e35c583d-5dfe-5ba8-a937-5a1b5548a63f.mp4,1,fake,Pair1,Pair1,ms,3.9063829332590103,0.980283441366263,
Pair2\hd_vg_130m\hd_vg_130m\06266___65OWmnuKLWo.7_1.mp4,F:\MEngDatasets\GenVidBench\GenVidBench\Pair2\hd_vg_130m\hd_vg_130m\06266___65OWmnuKLWo.7_1.mp4,0,real,Pair2,Pair2,hd_vg_130m,-7.097671537706168,0.0008263449767024968,
Pair1\pika\pika\pika-70d666ee-bd5d-5ade-b0d1-b5b9085d5ca5.mp4,F:\MEngDatasets\GenVidBench\GenVidBench\Pair1\pika\pika\pika-70d666ee-bd5d-5ade-b0d1-b5b9085d5ca5.mp4,1,fake,Pair1,Pair1,pika,7.860696342256334,0.9996145433694842,
Pair2\musev\musev\12192___a close up of a doll laying on a bed.mp4,F:\MEngDatasets\GenVidBench\GenVidBench\Pair2\musev\musev\12192___a close up of a doll laying on a bed.mp4,1,fake,Pair2,Pair2,musev,9.933113171504093,0.9999514619101623,
Pair2\mora\mora\06904___a picture of a machine that is making something.mp4,F:\MEngDatasets\GenVidBench\GenVidBench\Pair2\mora\mora\06904___a picture of a machine that is making something.mp4,1,fake,Pair2,Pair2,mora,8.242848436037699,0.9997369355595523,
Pair1\vript\vript\-VZe8x1URyY-Scene-003.mp4,F:\MEngDatasets\GenVidBench\GenVidBench\Pair1\vript\vript\-VZe8x1URyY-Scene-003.mp4,0,real,Pair1,Pair1,vript,-2.869642910503206,0.05367478705066403,
Pair2\cogvideo\cogvideo\10095___a young boy sitting at a table eating a piece of pizza.mp4,F:\MEngDatasets\GenVidBench\GenVidBench\Pair2\cogvideo\cogvideo\10095___a young boy sitting at a table eating a piece of pizza.mp4,1,fake,Pair2,Pair2,cogvideo,6.676408377560702,0.9987412899854274,
Pair2\hd_vg_130m\hd_vg_130m\02812___1pNCoJnfZZY.16_0.mp4,F:\MEngDatasets\GenVidBench\GenVidBench\Pair2\hd_vg_130m\hd_vg_130m\02812___1pNCoJnfZZY.16_0.mp4,0,real,Pair2,Pair2,hd_vg_130m,-4.975725710114768,0.006856175519247682,
Pair2\hd_vg_130m\hd_vg_130m\07110___6BMoNyRos9M.10_1.mp4,F:\MEngDatasets\GenVidBench\GenVidBench\Pair2\hd_vg_130m\hd_vg_130m\07110___6BMoNyRos9M.10_1.mp4,0,real,Pair2,Pair2,hd_vg_130m,-2.0573206607883323,0.11331475661494846,
Pair1\pika\pika\pika-a91ce67d-d3cc-5c0b-a386-21036e392c74.mp4,F:\MEngDatasets\GenVidBench\GenVidBench\Pair1\pika\pika\pika-a91ce67d-d3cc-5c0b-a386-21036e392c74.mp4,1,fake,Pair1,Pair1,pika,7.846126635869344,0.9996088884810317,
Pair2\svd\svd\13435___a large animal standing in the snow on a foggy day.mp4,F:\MEngDatasets\GenVidBench\GenVidBench\Pair2\svd\svd\13435___a large animal standing in the snow on a foggy day.mp4,1,fake,Pair2,Pair2,svd,9.171039990016393,0.9998960025307126,
Pair2\hd_vg_130m\hd_vg_130m\06142___6lky0qZc9Vk.3_0.mp4,F:\MEngDatasets\GenVidBench\GenVidBench\Pair2\hd_vg_130m\hd_vg_130m\06142___6lky0qZc9Vk.3_0.mp4,0,real,Pair2,Pair2,hd_vg_130m,-5.2263908273386726,0.005344168423282889,
Pair2\hd_vg_130m\hd_vg_130m\02628___0v1_kuQl74g.17_0.mp4,F:\MEngDatasets\GenVidBench\GenVidBench\Pair2\hd_vg_130m\hd_vg_130m\02628___0v1_kuQl74g.17_0.mp4,0,real,Pair2,Pair2,hd_vg_130m,-7.944701715534282,0.0003544099768208715,
Pair2\hd_vg_130m\hd_vg_130m\13441___Cl4Ekmzbq1E.11_1.mp4,F:\MEngDatasets\GenVidBench\GenVidBench\Pair2\hd_vg_130m\hd_vg_130m\13441___Cl4Ekmzbq1E.11_1.mp4,0,real,Pair2,Pair2,hd_vg_130m,-6.353009498206641,0.0017384706626311411,
Pair1\t2vz\t2vz\t2vz-d878522c-5d22-5769-a99d-8a03bdecf654.mp4,F:\MEngDatasets\GenVidBench\GenVidBench\Pair1\t2vz\t2vz\t2vz-d878522c-5d22-5769-a99d-8a03bdecf654.mp4,1,fake,Pair1,Pair1,t2vz,9.854400515556335,0.9999474871696058,
Pair2\hd_vg_130m\hd_vg_130m\08394___B3tJNHBUlCI.10_1.mp4,F:\MEngDatasets\GenVidBench\GenVidBench\Pair2\hd_vg_130m\hd_vg_130m\08394___B3tJNHBUlCI.10_1.mp4,0,real,Pair2,Pair2,hd_vg_130m,-7.461334744377819,0.0005745580234960135,
Pair1\vript\vript\022hQ9mesig-Scene-034.mp4,F:\MEngDatasets\GenVidBench\GenVidBench\Pair1\vript\vript\022hQ9mesig-Scene-034.mp4,0,real,Pair1,Pair1,vript,-3.3867327742514566,0.03271268100855247,
Pair1\pika\pika\pika-6dad3ece-d203-551b-b5f0-9b8a4fa19024.mp4,F:\MEngDatasets\GenVidBench\GenVidBench\Pair1\pika\pika\pika-6dad3ece-d203-551b-b5f0-9b8a4fa19024.mp4,1,fake,Pair1,Pair1,pika,9.596268971761068,0.999932022714908,
Pair1\vript\vript\-EIekauI_hc-Scene-009.mp4,F:\MEngDatasets\GenVidBench\GenVidBench\Pair1\vript\vript\-EIekauI_hc-Scene-009.mp4,0,real,Pair1,Pair1,vript,-5.7699410561135265,0.0031102376509745612,
Pair1\vript\vript\-5ReoIc3C_o-Scene-096.mp4,F:\MEngDatasets\GenVidBench\GenVidBench\Pair1\vript\vript\-5ReoIc3C_o-Scene-096.mp4,0,real,Pair1,Pair1,vript,-3.5205080046513078,0.02873431480578884,
Pair1\vript\vript\-6_SVE43AL4-Scene-035.mp4,F:\MEngDatasets\GenVidBench\GenVidBench\Pair1\vript\vript\-6_SVE43AL4-Scene-035.mp4,0,real,Pair1,Pair1,vript,-8.211822190981232,0.00027135202906030086,
Pair1\ms\ms\ms-0a0e36af-7512-5f96-b85a-5221fc0c267e.mp4,F:\MEngDatasets\GenVidBench\GenVidBench\Pair1\ms\ms\ms-0a0e36af-7512-5f96-b85a-5221fc0c267e.mp4,1,fake,Pair1,Pair1,ms,6.28574925661087,0.9981408022190256,
Pair1\vript\vript\-3u2xpZF2h4-Scene-020.mp4,F:\MEngDatasets\GenVidBench\GenVidBench\Pair1\vript\vript\-3u2xpZF2h4-Scene-020.mp4,0,real,Pair1,Pair1,vript,-8.429810025475241,0.00021821532253217082,
Pair2\mora\mora\13222___an image of a green screen with letters on it.mp4,F:\MEngDatasets\GenVidBench\GenVidBench\Pair2\mora\mora\13222___an image of a green screen with letters on it.mp4,1,fake,Pair2,Pair2,mora,10.156986872355143,0.9999611974920529,
Pair1\vript\vript\-DUQqI8FfQA-Scene-006.mp4,F:\MEngDatasets\GenVidBench\GenVidBench\Pair1\vript\vript\-DUQqI8FfQA-Scene-006.mp4,0,real,Pair1,Pair1,vript,-5.302610044048602,0.004953919118752718,
Pair2\hd_vg_130m\hd_vg_130m\02881___32Si2qsL-L8.1_0.mp4,F:\MEngDatasets\GenVidBench\GenVidBench\Pair2\hd_vg_130m\hd_vg_130m\02881___32Si2qsL-L8.1_0.mp4,0,real,Pair2,Pair2,hd_vg_130m,-4.085732921661429,0.016532882579659118,
Pair2\hd_vg_130m\hd_vg_130m\02552___4WNAs36-F6U.0_0.mp4,F:\MEngDatasets\GenVidBench\GenVidBench\Pair2\hd_vg_130m\hd_vg_130m\02552___4WNAs36-F6U.0_0.mp4,0,real,Pair2,Pair2,hd_vg_130m,-6.89655543179009,0.0010102411809571451,
Pair1\vript\vript\-MyRjBSFZPg-Scene-017.mp4,F:\MEngDatasets\GenVidBench\GenVidBench\Pair1\vript\vript\-MyRjBSFZPg-Scene-017.mp4,0,real,Pair1,Pair1,vript,-5.884468687259085,0.002774604268560846,
Pair1\ms\ms\ms-3d22a760-43ce-5ddf-a6a6-2813cf54d6b7.mp4,F:\MEngDatasets\GenVidBench\GenVidBench\Pair1\ms\ms\ms-3d22a760-43ce-5ddf-a6a6-2813cf54d6b7.mp4,1,fake,Pair1,Pair1,ms,-1.7682603672146797,0.1457588026804202,
Pair2\hd_vg_130m\hd_vg_130m\00961___4qktAEp7-X8.14_0.mp4,F:\MEngDatasets\GenVidBench\GenVidBench\Pair2\hd_vg_130m\hd_vg_130m\00961___4qktAEp7-X8.14_0.mp4,0,real,Pair2,Pair2,hd_vg_130m,-4.02337299156189,0.017577997229611713,
Pair1\vc2\vc2\vc-08d9a859-f62c-59bc-9fe7-89464deaa706.mp4,F:\MEngDatasets\GenVidBench\GenVidBench\Pair1\vc2\vc2\vc-08d9a859-f62c-59bc-9fe7-89464deaa706.mp4,1,fake,Pair1,Pair1,vc2,5.555208116769791,0.9961476345689536,
Pair2\cogvideo\cogvideo\11890___a silver ford focus parked on the side of the road.mp4,F:\MEngDatasets\GenVidBench\GenVidBench\Pair2\cogvideo\cogvideo\11890___a silver ford focus parked on the side of the road.mp4,1,fake,Pair2,Pair2,cogvideo,9.25150134346702,0.9999040417451446,
Pair2\svd\svd\09456___a screen shot of a computer with a large wave in the background.mp4,F:\MEngDatasets\GenVidBench\GenVidBench\Pair2\svd\svd\09456___a screen shot of a computer with a large wave in the background.mp4,1,fake,Pair2,Pair2,svd,4.266356110572815,0.9861613708864373,
Pair1\vc2\vc2\vc-d5614d82-b71b-59a9-997f-6410624cb493.mp4,F:\MEngDatasets\GenVidBench\GenVidBench\Pair1\vc2\vc2\vc-d5614d82-b71b-59a9-997f-6410624cb493.mp4,1,fake,Pair1,Pair1,vc2,8.234839260578156,0.9997348207312953,
Pair2\hd_vg_130m\hd_vg_130m\01149___4n4ZJPfdyPc.1_0.mp4,F:\MEngDatasets\GenVidBench\GenVidBench\Pair2\hd_vg_130m\hd_vg_130m\01149___4n4ZJPfdyPc.1_0.mp4,0,real,Pair2,Pair2,hd_vg_130m,-4.878870028690253,0.007548194712841474,
Pair1\pika\pika\pika-4aef9374-9f2b-51a9-89d3-5d4be1f88f1b.mp4,F:\MEngDatasets\GenVidBench\GenVidBench\Pair1\pika\pika\pika-4aef9374-9f2b-51a9-89d3-5d4be1f88f1b.mp4,1,fake,Pair1,Pair1,pika,9.346709456708696,0.9999127555583524,
Pair2\hd_vg_130m\hd_vg_130m\12231___E0wIS2N2y6M.0_5.mp4,F:\MEngDatasets\GenVidBench\GenVidBench\Pair2\hd_vg_130m\hd_vg_130m\12231___E0wIS2N2y6M.0_5.mp4,0,real,Pair2,Pair2,hd_vg_130m,-7.240495056057435,0.0007164430797686962,
Pair2\hd_vg_130m\hd_vg_130m\06973___84i_zViaQxg.1_1.mp4,F:\MEngDatasets\GenVidBench\GenVidBench\Pair2\hd_vg_130m\hd_vg_130m\06973___84i_zViaQxg.1_1.mp4,0,real,Pair2,Pair2,hd_vg_130m,-7.066309849309144,0.0008526487631649894,
Pair2\hd_vg_130m\hd_vg_130m\02442___45O-obZTk1c.30_1.mp4,F:\MEngDatasets\GenVidBench\GenVidBench\Pair2\hd_vg_130m\hd_vg_130m\02442___45O-obZTk1c.30_1.mp4,0,real,Pair2,Pair2,hd_vg_130m,-1.1965595608042008,0.23208781684969906,
Pair1\vript\vript\-GAtUjgJpEA-Scene-007.mp4,F:\MEngDatasets\GenVidBench\GenVidBench\Pair1\vript\vript\-GAtUjgJpEA-Scene-007.mp4,0,real,Pair1,Pair1,vript,-7.471203036853748,0.0005689192110800239,
Pair1\vript\vript\-OlWvcbV0Ro-Scene-012.mp4,F:\MEngDatasets\GenVidBench\GenVidBench\Pair1\vript\vript\-OlWvcbV0Ro-Scene-012.mp4,0,real,Pair1,Pair1,vript,-6.840566601072039,0.0010683546472880904,
Pair2\hd_vg_130m\hd_vg_130m\06115___8srcm5bBgNo.1_2.mp4,F:\MEngDatasets\GenVidBench\GenVidBench\Pair2\hd_vg_130m\hd_vg_130m\06115___8srcm5bBgNo.1_2.mp4,0,real,Pair2,Pair2,hd_vg_130m,-7.84766144247099,0.00039051193308554846,
Pair1\pika\pika\pika-af7aa6cd-c500-5cc9-bb3a-27e557edeb6c.mp4,F:\MEngDatasets\GenVidBench\GenVidBench\Pair1\pika\pika\pika-af7aa6cd-c500-5cc9-bb3a-27e557edeb6c.mp4,1,fake,Pair1,Pair1,pika,9.328530616230434,0.9999111551941631,
Pair2\hd_vg_130m\hd_vg_130m\07750___6RCY4t-Qhsw.3_0.mp4,F:\MEngDatasets\GenVidBench\GenVidBench\Pair2\hd_vg_130m\hd_vg_130m\07750___6RCY4t-Qhsw.3_0.mp4,0,real,Pair2,Pair2,hd_vg_130m,-7.237625253779809,0.0007185006034085605,
Pair1\pika\pika\pika-d1418574-5192-5596-96da-d1d5a308670a.mp4,F:\MEngDatasets\GenVidBench\GenVidBench\Pair1\pika\pika\pika-d1418574-5192-5596-96da-d1d5a308670a.mp4,1,fake,Pair1,Pair1,pika,9.488339900970459,0.9999242760167352,
Pair2\hd_vg_130m\hd_vg_130m\03194___3JzwZ4wUNzo.0_3.mp4,F:\MEngDatasets\GenVidBench\GenVidBench\Pair2\hd_vg_130m\hd_vg_130m\03194___3JzwZ4wUNzo.0_3.mp4,0,real,Pair2,Pair2,hd_vg_130m,-7.136509566276322,0.0007948916244932544,
Pair1\t2vz\t2vz\t2vz-15d13bf9-a053-5dfe-a244-32086ec1c77b.mp4,F:\MEngDatasets\GenVidBench\GenVidBench\Pair1\t2vz\t2vz\t2vz-15d13bf9-a053-5dfe-a244-32086ec1c77b.mp4,1,fake,Pair1,Pair1,t2vz,9.28757655620575,0.9999074414479938,
Pair1\vript\vript\-ZCBEZBmHIQ-Scene-034.mp4,F:\MEngDatasets\GenVidBench\GenVidBench\Pair1\vript\vript\-ZCBEZBmHIQ-Scene-034.mp4,0,real,Pair1,Pair1,vript,-4.974355082347322,0.006865514665519836,
Pair2\musev\musev\04212___a view of the interior of an auditorium.mp4,F:\MEngDatasets\GenVidBench\GenVidBench\Pair2\musev\musev\04212___a view of the interior of an auditorium.mp4,1,fake,Pair2,Pair2,musev,8.389663256131685,0.9997728478348734,
Pair2\musev\musev\07924___a large group of fish swimming in a blue ocean.mp4,F:\MEngDatasets\GenVidBench\GenVidBench\Pair2\musev\musev\07924___a large group of fish swimming in a blue ocean.mp4,1,fake,Pair2,Pair2,musev,7.835263655735896,0.9996046183731464,
Pair2\musev\musev\02737___a sign that says district warren news.mp4,F:\MEngDatasets\GenVidBench\GenVidBench\Pair2\musev\musev\02737___a sign that says district warren news.mp4,1,fake,Pair2,Pair2,musev,9.56775712966919,0.9999300568001008,
Pair1\vript\vript\-NIP2zgVsRY-Scene-028.mp4,F:\MEngDatasets\GenVidBench\GenVidBench\Pair1\vript\vript\-NIP2zgVsRY-Scene-028.mp4,0,real,Pair1,Pair1,vript,-8.79164568351133,0.00015197452200090561,
Pair2\musev\musev\05471___a close up of a tree with leaves on it.mp4,F:\MEngDatasets\GenVidBench\GenVidBench\Pair2\musev\musev\05471___a close up of a tree with leaves on it.mp4,1,fake,Pair2,Pair2,musev,10.009093834803654,0.9999550130820524,
Pair1\vript\vript\-k1wvoMPlWw-Scene-107.mp4,F:\MEngDatasets\GenVidBench\GenVidBench\Pair1\vript\vript\-k1wvoMPlWw-Scene-107.mp4,0,real,Pair1,Pair1,vript,-6.312473220254463,0.0018102594160853004,
Pair2\musev\musev\13407___three bars of soap sitting on a wire rack.mp4,F:\MEngDatasets\GenVidBench\GenVidBench\Pair2\musev\musev\13407___three bars of soap sitting on a wire rack.mp4,1,fake,Pair2,Pair2,musev,7.551350410167988,0.999474875758207,
Pair1\vript\vript\-bNL86bJrD8-Scene-143.mp4,F:\MEngDatasets\GenVidBench\GenVidBench\Pair1\vript\vript\-bNL86bJrD8-Scene-143.mp4,0,real,Pair1,Pair1,vript,-1.8116906237257413,0.14043392267934798,
Pair1\vript\vript\-UWQuj6J8tQ-Scene-101.mp4,F:\MEngDatasets\GenVidBench\GenVidBench\Pair1\vript\vript\-UWQuj6J8tQ-Scene-101.mp4,0,real,Pair1,Pair1,vript,-1.429634043022873,0.19315571097309525,
Pair1\vc2\vc2\vc-3726faf1-874e-5a95-8b2f-87b7e04766a7.mp4,F:\MEngDatasets\GenVidBench\GenVidBench\Pair1\vc2\vc2\vc-3726faf1-874e-5a95-8b2f-87b7e04766a7.mp4,1,fake,Pair1,Pair1,vc2,9.606490910053253,0.9999327139886691,
Pair2\svd\svd\13725___a close up of a vehicle's undercarriage.mp4,F:\MEngDatasets\GenVidBench\GenVidBench\Pair2\svd\svd\13725___a close up of a vehicle's undercarriage.mp4,1,fake,Pair2,Pair2,svd,9.27684760093689,0.9999064431385043,
Pair2\svd\svd\10955___a news anchor is talking to a camera.mp4,F:\MEngDatasets\GenVidBench\GenVidBench\Pair2\svd\svd\10955___a news anchor is talking to a camera.mp4,1,fake,Pair2,Pair2,svd,4.1512459591031075,0.9844992688113281,
Pair1\vript\vript\-4JeJ5Cm5Mw-Scene-047.mp4,F:\MEngDatasets\GenVidBench\GenVidBench\Pair1\vript\vript\-4JeJ5Cm5Mw-Scene-047.mp4,0,real,Pair1,Pair1,vript,-9.9089366878782,4.972581143400035e-05,
Pair2\hd_vg_130m\hd_vg_130m\05858___8M-SM1dp3Lg.3_0.mp4,F:\MEngDatasets\GenVidBench\GenVidBench\Pair2\hd_vg_130m\hd_vg_130m\05858___8M-SM1dp3Lg.3_0.mp4,0,real,Pair2,Pair2,hd_vg_130m,-5.222203931196984,0.0053664704797091334,
Pair2\hd_vg_130m\hd_vg_130m\10685___CMj9TK7HCdo.13_1.mp4,F:\MEngDatasets\GenVidBench\GenVidBench\Pair2\hd_vg_130m\hd_vg_130m\10685___CMj9TK7HCdo.13_1.mp4,0,real,Pair2,Pair2,hd_vg_130m,-8.282784000435553,0.0002527684259572659,
Pair2\cogvideo\cogvideo\05529___a boat floating in the middle of a body of water.mp4,F:\MEngDatasets\GenVidBench\GenVidBench\Pair2\cogvideo\cogvideo\05529___a boat floating in the middle of a body of water.mp4,1,fake,Pair2,Pair2,cogvideo,7.83252071611809,0.9996035328070493,
Pair2\musev\musev\07576___a red tractor in the middle of a lush green field.mp4,F:\MEngDatasets\GenVidBench\GenVidBench\Pair2\musev\musev\07576___a red tractor in the middle of a lush green field.mp4,1,fake,Pair2,Pair2,musev,9.359315872192383,0.9999138484003961,
Pair1\vript\vript\-W50LiPBXu0-Scene-028.mp4,F:\MEngDatasets\GenVidBench\GenVidBench\Pair1\vript\vript\-W50LiPBXu0-Scene-028.mp4,0,real,Pair1,Pair1,vript,-6.361153470373702,0.0017243944160949844,
Pair2\musev\musev\09152___a yellow gun in a video game.mp4,F:\MEngDatasets\GenVidBench\GenVidBench\Pair2\musev\musev\09152___a yellow gun in a video game.mp4,1,fake,Pair2,Pair2,musev,10.668536773094765,0.9999767349898963,
Pair1\vript\vript\-F3M2EGP_C4-Scene-011.mp4,F:\MEngDatasets\GenVidBench\GenVidBench\Pair1\vript\vript\-F3M2EGP_C4-Scene-011.mp4,0,real,Pair1,Pair1,vript,-6.749135384956996,0.001170520694374247,
Pair2\svd\svd\13849___a tree branch with ants crawling on it.mp4,F:\MEngDatasets\GenVidBench\GenVidBench\Pair2\svd\svd\13849___a tree branch with ants crawling on it.mp4,1,fake,Pair2,Pair2,svd,8.451681103025164,0.9997865044612626,
Pair1\pika\pika\pika-89ed5c66-7b9e-5447-ae61-2e8f9ce6a9a9.mp4,F:\MEngDatasets\GenVidBench\GenVidBench\Pair1\pika\pika\pika-89ed5c66-7b9e-5447-ae61-2e8f9ce6a9a9.mp4,1,fake,Pair1,Pair1,pika,10.017065697246128,0.9999553702699504,
Pair2\hd_vg_130m\hd_vg_130m\05604___5Zso0z2ag-U.13_0.mp4,F:\MEngDatasets\GenVidBench\GenVidBench\Pair2\hd_vg_130m\hd_vg_130m\05604___5Zso0z2ag-U.13_0.mp4,0,real,Pair2,Pair2,hd_vg_130m,-4.8378307099269735,0.007861925692520306,
Pair2\mora\mora\10095___a young boy sitting at a table eating a piece of pizza.mp4,F:\MEngDatasets\GenVidBench\GenVidBench\Pair2\mora\mora\10095___a young boy sitting at a table eating a piece of pizza.mp4,1,fake,Pair2,Pair2,mora,10.054925640424093,0.9999570282920323,
Pair1\vript\vript\2xbkjGSOEJY-Scene-126.mp4,F:\MEngDatasets\GenVidBench\GenVidBench\Pair1\vript\vript\2xbkjGSOEJY-Scene-126.mp4,0,real,Pair1,Pair1,vript,-6.5395861644679165,0.0014430011420651456,
Pair2\hd_vg_130m\hd_vg_130m\10990___FuiN4ytWTVg.10_0.mp4,F:\MEngDatasets\GenVidBench\GenVidBench\Pair2\hd_vg_130m\hd_vg_130m\10990___FuiN4ytWTVg.10_0.mp4,0,real,Pair2,Pair2,hd_vg_130m,-5.965540992290484,0.002559090485177279,
Pair1\t2vz\t2vz\t2vz-25580f7b-c375-508d-9bb3-0cb7e318744a.mp4,F:\MEngDatasets\GenVidBench\GenVidBench\Pair1\t2vz\t2vz\t2vz-25580f7b-c375-508d-9bb3-0cb7e318744a.mp4,1,fake,Pair1,Pair1,t2vz,9.54263710975647,0.9999282776995728,
Pair1\vc2\vc2\vc-e06925ad-b463-54de-b811-4986d1fe04fe.mp4,F:\MEngDatasets\GenVidBench\GenVidBench\Pair1\vc2\vc2\vc-e06925ad-b463-54de-b811-4986d1fe04fe.mp4,1,fake,Pair1,Pair1,vc2,5.1657014191150665,0.9943233513182762,
Pair2\cogvideo\cogvideo\13565___a close up of a piece of broccoli.mp4,F:\MEngDatasets\GenVidBench\GenVidBench\Pair2\cogvideo\cogvideo\13565___a close up of a piece of broccoli.mp4,1,fake,Pair2,Pair2,cogvideo,10.033245433460582,0.9999560865254623,
Pair2\hd_vg_130m\hd_vg_130m\04016___0Z-psrunei8.11_2.mp4,F:\MEngDatasets\GenVidBench\GenVidBench\Pair2\hd_vg_130m\hd_vg_130m\04016___0Z-psrunei8.11_2.mp4,0,real,Pair2,Pair2,hd_vg_130m,-0.9388271959928366,0.2811373043907086,
Pair2\hd_vg_130m\hd_vg_130m\04418___4p4lpo8GrlI.2_5.mp4,F:\MEngDatasets\GenVidBench\GenVidBench\Pair2\hd_vg_130m\hd_vg_130m\04418___4p4lpo8GrlI.2_5.mp4,0,real,Pair2,Pair2,hd_vg_130m,-6.394074569294109,0.0016686429195260045,
Pair2\hd_vg_130m\hd_vg_130m\05702___9JGGbudSDrA.0_0.mp4,F:\MEngDatasets\GenVidBench\GenVidBench\Pair2\hd_vg_130m\hd_vg_130m\05702___9JGGbudSDrA.0_0.mp4,0,real,Pair2,Pair2,hd_vg_130m,-4.218571775489384,0.014506127314999754,
Pair1\pika\pika\pika-560931d1-903d-56e8-87ac-149535967748.mp4,F:\MEngDatasets\GenVidBench\GenVidBench\Pair1\pika\pika\pika-560931d1-903d-56e8-87ac-149535967748.mp4,1,fake,Pair1,Pair1,pika,9.939959473080105,0.999951793065655,
Pair2\cogvideo\cogvideo\07277___a close up of the exhaust pipe on a red car.mp4,F:\MEngDatasets\GenVidBench\GenVidBench\Pair2\cogvideo\cogvideo\07277___a close up of the exhaust pipe on a red car.mp4,1,fake,Pair2,Pair2,cogvideo,2.497714371392221,0.9239814335049642,
Pair1\vript\vript\-SQcOG-QvOw-Scene-009.mp4,F:\MEngDatasets\GenVidBench\GenVidBench\Pair1\vript\vript\-SQcOG-QvOw-Scene-009.mp4,0,real,Pair1,Pair1,vript,-6.718093609644307,0.001207381009529993,
Pair1\vript\vript\-AEboTH-SR0-Scene-014.mp4,F:\MEngDatasets\GenVidBench\GenVidBench\Pair1\vript\vript\-AEboTH-SR0-Scene-014.mp4,0,real,Pair1,Pair1,vript,-5.564252073251748,0.00381781429575817,
Pair1\vript\vript\-t5fzGI1oWk-Scene-008.mp4,F:\MEngDatasets\GenVidBench\GenVidBench\Pair1\vript\vript\-t5fzGI1oWk-Scene-008.mp4,0,real,Pair1,Pair1,vript,-3.121335405483842,0.04223571916767538,
Pair2\hd_vg_130m\hd_vg_130m\09774___Ggpn-6WPakQ.1_0.mp4,F:\MEngDatasets\GenVidBench\GenVidBench\Pair2\hd_vg_130m\hd_vg_130m\09774___Ggpn-6WPakQ.1_0.mp4,0,real,Pair2,Pair2,hd_vg_130m,-8.34895561301643,0.00023658754992981614,
Pair1\vript\vript\-dLPEvcnUYM-Scene-016.mp4,F:\MEngDatasets\GenVidBench\GenVidBench\Pair1\vript\vript\-dLPEvcnUYM-Scene-016.mp4,0,real,Pair1,Pair1,vript,-0.9442492449449168,0.2800428145615583,
Pair1\t2vz\t2vz\t2vz-3d22a760-43ce-5ddf-a6a6-2813cf54d6b7.mp4,F:\MEngDatasets\GenVidBench\GenVidBench\Pair1\t2vz\t2vz\t2vz-3d22a760-43ce-5ddf-a6a6-2813cf54d6b7.mp4,1,fake,Pair1,Pair1,t2vz,7.731690883636475,0.9995614906786972,
Pair2\mora\mora\05067___a lone skier in the middle of a snowy mountain.mp4,F:\MEngDatasets\GenVidBench\GenVidBench\Pair2\mora\mora\05067___a lone skier in the middle of a snowy mountain.mp4,1,fake,Pair2,Pair2,mora,9.444139699141184,0.9999208542008884,
Pair1\vript\vript\-6DJRy5VOfg-Scene-011.mp4,F:\MEngDatasets\GenVidBench\GenVidBench\Pair1\vript\vript\-6DJRy5VOfg-Scene-011.mp4,0,real,Pair1,Pair1,vript,-0.29856360231156975,0.42590866003280053,
Pair1\pika\pika\pika-d5614d82-b71b-59a9-997f-6410624cb493.mp4,F:\MEngDatasets\GenVidBench\GenVidBench\Pair1\pika\pika\pika-d5614d82-b71b-59a9-997f-6410624cb493.mp4,1,fake,Pair1,Pair1,pika,2.9351172314749823,0.9495553550136672,
Pair2\hd_vg_130m\hd_vg_130m\02626___4qVKo4ByO6c.0_2.mp4,F:\MEngDatasets\GenVidBench\GenVidBench\Pair2\hd_vg_130m\hd_vg_130m\02626___4qVKo4ByO6c.0_2.mp4,0,real,Pair2,Pair2,hd_vg_130m,-4.269374293622092,0.013797499983888663,
Pair2\hd_vg_130m\hd_vg_130m\05102___94IukpmqOg0.5_1.mp4,F:\MEngDatasets\GenVidBench\GenVidBench\Pair2\hd_vg_130m\hd_vg_130m\05102___94IukpmqOg0.5_1.mp4,0,real,Pair2,Pair2,hd_vg_130m,-6.102232804228534,0.002232868562265327,
Pair1\vript\vript\-f36JGmgiiw-Scene-002.mp4,F:\MEngDatasets\GenVidBench\GenVidBench\Pair1\vript\vript\-f36JGmgiiw-Scene-002.mp4,0,real,Pair1,Pair1,vript,-8.294685974042602,0.00024977856220168633,
Pair2\mora\mora\11771___a close up of the front wheel of a silver car.mp4,F:\MEngDatasets\GenVidBench\GenVidBench\Pair2\mora\mora\11771___a close up of the front wheel of a silver car.mp4,1,fake,Pair2,Pair2,mora,10.143948435783386,0.9999606882754226,
Pair1\vript\vript\5DqLEsXFy4s-Scene-013.mp4,F:\MEngDatasets\GenVidBench\GenVidBench\Pair1\vript\vript\5DqLEsXFy4s-Scene-013.mp4,0,real,Pair1,Pair1,vript,-8.257785377831295,0.0002591652738788599,
Pair1\vript\vript\-j8An5lGDt0-Scene-083.mp4,F:\MEngDatasets\GenVidBench\GenVidBench\Pair1\vript\vript\-j8An5lGDt0-Scene-083.mp4,0,real,Pair1,Pair1,vript,-4.531465092400575,0.01065024421200246,
Pair2\hd_vg_130m\hd_vg_130m\03102___-6HwAFo44QA.1_2.mp4,F:\MEngDatasets\GenVidBench\GenVidBench\Pair2\hd_vg_130m\hd_vg_130m\03102___-6HwAFo44QA.1_2.mp4,0,real,Pair2,Pair2,hd_vg_130m,-8.212377506382209,0.0002712014257857539,
Pair2\svd\svd\01482___a long hallway with numbers on the walls.mp4,F:\MEngDatasets\GenVidBench\GenVidBench\Pair2\svd\svd\01482___a long hallway with numbers on the walls.mp4,1,fake,Pair2,Pair2,svd,10.032035078321185,0.9999560333447223,
Pair1\vc2\vc2\vc-4b8e1b54-4f2b-59ec-ad4e-f60c6d6639ce.mp4,F:\MEngDatasets\GenVidBench\GenVidBench\Pair1\vc2\vc2\vc-4b8e1b54-4f2b-59ec-ad4e-f60c6d6639ce.mp4,1,fake,Pair1,Pair1,vc2,10.093587756156921,0.9999586578955506,
Pair1\ms\ms\ms-6dad3ece-d203-551b-b5f0-9b8a4fa19024.mp4,F:\MEngDatasets\GenVidBench\GenVidBench\Pair1\ms\ms\ms-6dad3ece-d203-551b-b5f0-9b8a4fa19024.mp4,1,fake,Pair1,Pair1,ms,9.459199249744415,0.9999220370789695,
Pair2\svd\svd\07001___a close up of a white umbrella.mp4,F:\MEngDatasets\GenVidBench\GenVidBench\Pair2\svd\svd\07001___a close up of a white umbrella.mp4,1,fake,Pair2,Pair2,svd,7.2455326318740845,0.9992871544148733,
Pair1\vript\vript\-CwJBYXS1-Q-Scene-018.mp4,F:\MEngDatasets\GenVidBench\GenVidBench\Pair1\vript\vript\-CwJBYXS1-Q-Scene-018.mp4,0,real,Pair1,Pair1,vript,-8.058855716252731,0.0003161885153258352,
Pair1\vc2\vc2\vc-534de1b2-2307-5aaa-bc5b-cda0f4697261.mp4,F:\MEngDatasets\GenVidBench\GenVidBench\Pair1\vc2\vc2\vc-534de1b2-2307-5aaa-bc5b-cda0f4697261.mp4,1,fake,Pair1,Pair1,vc2,4.155131235718727,0.984558448438979,
Pair2\cogvideo\cogvideo\02141___a building with a fire hydrant on the side of it.mp4,F:\MEngDatasets\GenVidBench\GenVidBench\Pair2\cogvideo\cogvideo\02141___a building with a fire hydrant on the side of it.mp4,1,fake,Pair2,Pair2,cogvideo,8.811456795894738,0.9998510061906406,
Pair2\svd\svd\01857___a young boy sitting at a counter with a bowl of food.mp4,F:\MEngDatasets\GenVidBench\GenVidBench\Pair2\svd\svd\01857___a young boy sitting at a counter with a bowl of food.mp4,1,fake,Pair2,Pair2,svd,8.611802169254847,0.9998180873804285,
Pair2\hd_vg_130m\hd_vg_130m\05318___9qR4aLByAR0.5_0.mp4,F:\MEngDatasets\GenVidBench\GenVidBench\Pair2\hd_vg_130m\hd_vg_130m\05318___9qR4aLByAR0.5_0.mp4,0,real,Pair2,Pair2,hd_vg_130m,-5.73641095634769,0.0032159512387157914,
Pair2\mora\mora\01612___a weather screen showing the 7 day forecast.mp4,F:\MEngDatasets\GenVidBench\GenVidBench\Pair2\mora\mora\01612___a weather screen showing the 7 day forecast.mp4,1,fake,Pair2,Pair2,mora,9.366356412569681,0.9999144527722739,
Pair2\svd\svd\05351___a video game character standing in front of a screen.mp4,F:\MEngDatasets\GenVidBench\GenVidBench\Pair2\svd\svd\05351___a video game character standing in front of a screen.mp4,1,fake,Pair2,Pair2,svd,5.5563912732260565,0.9961521722968247,
Pair2\cogvideo\cogvideo\12332___an empty aquarium with three lights on it.mp4,F:\MEngDatasets\GenVidBench\GenVidBench\Pair2\cogvideo\cogvideo\12332___an empty aquarium with three lights on it.mp4,1,fake,Pair2,Pair2,cogvideo,9.580537911617395,0.999930944979255,
Pair1\ms\ms\ms-4aef9374-9f2b-51a9-89d3-5d4be1f88f1b.mp4,F:\MEngDatasets\GenVidBench\GenVidBench\Pair1\ms\ms\ms-4aef9374-9f2b-51a9-89d3-5d4be1f88f1b.mp4,1,fake,Pair1,Pair1,ms,2.8212893307209015,0.9438154759646344,
Pair2\hd_vg_130m\hd_vg_130m\10217___GsRYs-USdnk.19_0.mp4,F:\MEngDatasets\GenVidBench\GenVidBench\Pair2\hd_vg_130m\hd_vg_130m\10217___GsRYs-USdnk.19_0.mp4,0,real,Pair2,Pair2,hd_vg_130m,-7.679356297149377,0.00046205877206866383,
Pair1\pika\pika\pika-10ccb150-0997-5ceb-82f6-6705b4fd31aa.mp4,F:\MEngDatasets\GenVidBench\GenVidBench\Pair1\pika\pika\pika-10ccb150-0997-5ceb-82f6-6705b4fd31aa.mp4,1,fake,Pair1,Pair1,pika,9.82228868537479,0.9999457736124719,
Pair2\musev\musev\10334___a large white building with several flags on it.mp4,F:\MEngDatasets\GenVidBench\GenVidBench\Pair2\musev\musev\10334___a large white building with several flags on it.mp4,1,fake,Pair2,Pair2,musev,8.366640164301945,0.9997675586522882,
Pair1\vript\vript\-9leP3nbaXc-Scene-042.mp4,F:\MEngDatasets\GenVidBench\GenVidBench\Pair1\vript\vript\-9leP3nbaXc-Scene-042.mp4,0,real,Pair1,Pair1,vript,-2.101820854332511,0.10891996972408424,
Pair1\ms\ms\ms-59c0e702-22bd-5c63-9579-6ed5a4344d4c.mp4,F:\MEngDatasets\GenVidBench\GenVidBench\Pair1\ms\ms\ms-59c0e702-22bd-5c63-9579-6ed5a4344d4c.mp4,1,fake,Pair1,Pair1,ms,1.5450418051332235,0.8241964604171361,
Pair2\cogvideo\cogvideo\06904___a picture of a machine that is making something.mp4,F:\MEngDatasets\GenVidBench\GenVidBench\Pair2\cogvideo\cogvideo\06904___a picture of a machine that is making something.mp4,1,fake,Pair2,Pair2,cogvideo,8.639983957464045,0.9998231415444664,
Pair2\hd_vg_130m\hd_vg_130m\01791___4kq5DlZ6pnc.32_0.mp4,F:\MEngDatasets\GenVidBench\GenVidBench\Pair2\hd_vg_130m\hd_vg_130m\01791___4kq5DlZ6pnc.32_0.mp4,0,real,Pair2,Pair2,hd_vg_130m,-7.742622491717339,0.00043374388287074895,
Pair1\vript\vript\-Xl33P57QOs-Scene-018.mp4,F:\MEngDatasets\GenVidBench\GenVidBench\Pair1\vript\vript\-Xl33P57QOs-Scene-018.mp4,0,real,Pair1,Pair1,vript,-7.761298172455981,0.0004257220092672688,
Pair2\cogvideo\cogvideo\11925___a green background with a clock on it.mp4,F:\MEngDatasets\GenVidBench\GenVidBench\Pair2\cogvideo\cogvideo\11925___a green background with a clock on it.mp4,1,fake,Pair2,Pair2,cogvideo,9.344241359017111,0.9999125399834594,
Pair2\svd\svd\13364___a cartoon character wearing a yellow shirt and red tie.mp4,F:\MEngDatasets\GenVidBench\GenVidBench\Pair2\svd\svd\13364___a cartoon character wearing a yellow shirt and red tie.mp4,1,fake,Pair2,Pair2,svd,1.6996064611843653,0.8454833294959752,
Pair2\musev\musev\08583___a computer screen showing a drawing of a horse.mp4,F:\MEngDatasets\GenVidBench\GenVidBench\Pair2\musev\musev\08583___a computer screen showing a drawing of a horse.mp4,1,fake,Pair2,Pair2,musev,8.194223990807167,0.9997238317280975,
Pair1\vript\vript\073BMGVWan0-Scene-035.mp4,F:\MEngDatasets\GenVidBench\GenVidBench\Pair1\vript\vript\073BMGVWan0-Scene-035.mp4,0,real,Pair1,Pair1,vript,-4.869427641365263,0.007619259626817964,
Pair2\hd_vg_130m\hd_vg_130m\11347___GxBmX2-TYaQ.10_1.mp4,F:\MEngDatasets\GenVidBench\GenVidBench\Pair2\hd_vg_130m\hd_vg_130m\11347___GxBmX2-TYaQ.10_1.mp4,0,real,Pair2,Pair2,hd_vg_130m,-5.357245283325513,0.004691757273873613,
Pair1\vript\vript\-3u2xpZF2h4-Scene-004.mp4,F:\MEngDatasets\GenVidBench\GenVidBench\Pair1\vript\vript\-3u2xpZF2h4-Scene-004.mp4,0,real,Pair1,Pair1,vript,-3.162486618774085,0.04060208021219391,
Pair1\vript\vript\-N8FhPulgOk-Scene-007.mp4,F:\MEngDatasets\GenVidBench\GenVidBench\Pair1\vript\vript\-N8FhPulgOk-Scene-007.mp4,0,real,Pair1,Pair1,vript,-1.8487297565443441,0.13602210713282434,
Pair2\hd_vg_130m\hd_vg_130m\05626___7V0gUR6BiLs.12_1.mp4,F:\MEngDatasets\GenVidBench\GenVidBench\Pair2\hd_vg_130m\hd_vg_130m\05626___7V0gUR6BiLs.12_1.mp4,0,real,Pair2,Pair2,hd_vg_130m,-2.602915853749369,0.06895099655419272,
Pair1\vript\vript\-Vv3pnGt9Dc-Scene-002.mp4,F:\MEngDatasets\GenVidBench\GenVidBench\Pair1\vript\vript\-Vv3pnGt9Dc-Scene-002.mp4,0,real,Pair1,Pair1,vript,-6.399513722288198,0.001659606575297596,
Pair1\vc2\vc2\vc-27721ed0-d584-54e5-8d96-a411192695f6.mp4,F:\MEngDatasets\GenVidBench\GenVidBench\Pair1\vc2\vc2\vc-27721ed0-d584-54e5-8d96-a411192695f6.mp4,1,fake,Pair1,Pair1,vc2,2.725128944963217,0.9384932619013482,
Pair2\hd_vg_130m\hd_vg_130m\08624___8H7bPBivkK8.29_0.mp4,F:\MEngDatasets\GenVidBench\GenVidBench\Pair2\hd_vg_130m\hd_vg_130m\08624___8H7bPBivkK8.29_0.mp4,0,real,Pair2,Pair2,hd_vg_130m,-7.1069942671012365,0.0008186832625977823,
Pair1\vript\vript\26IdxneZ1xQ-Scene-031.mp4,F:\MEngDatasets\GenVidBench\GenVidBench\Pair1\vript\vript\26IdxneZ1xQ-Scene-031.mp4,0,real,Pair1,Pair1,vript,-10.099753572971006,4.108799129305702e-05,
Pair1\pika\pika\pika-6836d5d3-0d92-5d85-a32b-b121f9ba9b04.mp4,F:\MEngDatasets\GenVidBench\GenVidBench\Pair1\pika\pika\pika-6836d5d3-0d92-5d85-a32b-b121f9ba9b04.mp4,1,fake,Pair1,Pair1,pika,8.271692083941566,0.9997444130015677,
Pair1\vript\vript\-YrzhjsISkE-Scene-008.mp4,F:\MEngDatasets\GenVidBench\GenVidBench\Pair1\vript\vript\-YrzhjsISkE-Scene-008.mp4,0,real,Pair1,Pair1,vript,-4.97262977127518,0.0068772885053323025,
Pair1\vript\vript\-uyHPBbfN1Y-Scene-009.mp4,F:\MEngDatasets\GenVidBench\GenVidBench\Pair1\vript\vript\-uyHPBbfN1Y-Scene-009.mp4,0,real,Pair1,Pair1,vript,-9.706092174236591,6.090757031530619e-05,
Pair1\vript\vript\-HsVkwyi-mk-Scene-018.mp4,F:\MEngDatasets\GenVidBench\GenVidBench\Pair1\vript\vript\-HsVkwyi-mk-Scene-018.mp4,0,real,Pair1,Pair1,vript,-4.75807284473797,0.008509106294671043,
Pair1\pika\pika\pika-27721ed0-d584-54e5-8d96-a411192695f6.mp4,F:\MEngDatasets\GenVidBench\GenVidBench\Pair1\pika\pika\pika-27721ed0-d584-54e5-8d96-a411192695f6.mp4,1,fake,Pair1,Pair1,pika,9.433861374855042,0.9999200365850862,
Pair1\vript\vript\0Jr3IYhTLDw-Scene-131.mp4,F:\MEngDatasets\GenVidBench\GenVidBench\Pair1\vript\vript\0Jr3IYhTLDw-Scene-131.mp4,0,real,Pair1,Pair1,vript,-7.560255683923876,0.0005204710503051863,
Pair1\ms\ms\ms-ba73da46-9e5c-5739-abef-c90fe2406aea.mp4,F:\MEngDatasets\GenVidBench\GenVidBench\Pair1\ms\ms\ms-ba73da46-9e5c-5739-abef-c90fe2406aea.mp4,1,fake,Pair1,Pair1,ms,6.299768224358559,0.9981666369566305,
Pair2\hd_vg_130m\hd_vg_130m\06134___7LEeWeL0sNg.17_0.mp4,F:\MEngDatasets\GenVidBench\GenVidBench\Pair2\hd_vg_130m\hd_vg_130m\06134___7LEeWeL0sNg.17_0.mp4,0,real,Pair2,Pair2,hd_vg_130m,-0.43848756838708186,0.3921014103792808,
Pair1\ms\ms\ms-a6aa3db8-6774-54ed-abf8-89bb1a29dc4d.mp4,F:\MEngDatasets\GenVidBench\GenVidBench\Pair1\ms\ms\ms-a6aa3db8-6774-54ed-abf8-89bb1a29dc4d.mp4,1,fake,Pair1,Pair1,ms,6.222129091620445,0.9980189180388953,
Pair2\svd\svd\11975___a bunk bed in a room with wooden walls.mp4,F:\MEngDatasets\GenVidBench\GenVidBench\Pair2\svd\svd\11975___a bunk bed in a room with wooden walls.mp4,1,fake,Pair2,Pair2,svd,10.782465526035853,0.9999792400786076,
Pair2\hd_vg_130m\hd_vg_130m\12372___DLRFNALhVok.7_1.mp4,F:\MEngDatasets\GenVidBench\GenVidBench\Pair2\hd_vg_130m\hd_vg_130m\12372___DLRFNALhVok.7_1.mp4,0,real,Pair2,Pair2,hd_vg_130m,-6.045625245713334,0.002362604549976644,
Pair1\vript\vript\-OpwdHZfCtU-Scene-018.mp4,F:\MEngDatasets\GenVidBench\GenVidBench\Pair1\vript\vript\-OpwdHZfCtU-Scene-018.mp4,0,real,Pair1,Pair1,vript,-6.558317315944454,0.0014162615626925857,
Pair2\hd_vg_130m\hd_vg_130m\12295___Fr5s3Ccj8YA.0_1.mp4,F:\MEngDatasets\GenVidBench\GenVidBench\Pair2\hd_vg_130m\hd_vg_130m\12295___Fr5s3Ccj8YA.0_1.mp4,0,real,Pair2,Pair2,hd_vg_130m,-9.443837064211486,7.916975312316724e-05,
Pair1\vript\vript\-EPekCveFHQ-Scene-006.mp4,F:\MEngDatasets\GenVidBench\GenVidBench\Pair1\vript\vript\-EPekCveFHQ-Scene-006.mp4,0,real,Pair1,Pair1,vript,-1.75766048848629,0.14708358928148502,
Pair1\vript\vript\06vbPIJlkZU-Scene-042.mp4,F:\MEngDatasets\GenVidBench\GenVidBench\Pair1\vript\vript\06vbPIJlkZU-Scene-042.mp4,0,real,Pair1,Pair1,vript,-6.258701996369795,0.0019100728510571922,
Pair2\hd_vg_130m\hd_vg_130m\07604___6Z0ianECwPI.2_3.mp4,F:\MEngDatasets\GenVidBench\GenVidBench\Pair2\hd_vg_130m\hd_vg_130m\07604___6Z0ianECwPI.2_3.mp4,0,real,Pair2,Pair2,hd_vg_130m,-6.79758881549446,0.00111521880392536,
Pair1\vript\vript\-velT2AhY_s-Scene-018.mp4,F:\MEngDatasets\GenVidBench\GenVidBench\Pair1\vript\vript\-velT2AhY_s-Scene-018.mp4,0,real,Pair1,Pair1,vript,-9.293858533681826,9.197897709272783e-05,
Pair2\hd_vg_130m\hd_vg_130m\01042___0oE0qEgh66c.2_0.mp4,F:\MEngDatasets\GenVidBench\GenVidBench\Pair2\hd_vg_130m\hd_vg_130m\01042___0oE0qEgh66c.2_0.mp4,0,real,Pair2,Pair2,hd_vg_130m,-8.115016358239311,0.00029892575433154684,
Pair2\mora\mora\12970___a close up of a bunch of craft supplies.mp4,F:\MEngDatasets\GenVidBench\GenVidBench\Pair2\mora\mora\12970___a close up of a bunch of craft supplies.mp4,1,fake,Pair2,Pair2,mora,9.894001603126526,0.9999495259935726,
Pair2\hd_vg_130m\hd_vg_130m\01759___-1aUbNddVj0.15_0.mp4,F:\MEngDatasets\GenVidBench\GenVidBench\Pair2\hd_vg_130m\hd_vg_130m\01759___-1aUbNddVj0.15_0.mp4,0,real,Pair2,Pair2,hd_vg_130m,-4.720954180680768,0.008828047357700024,
Pair2\musev\musev\08954___a news story about a church in north austin.mp4,F:\MEngDatasets\GenVidBench\GenVidBench\Pair2\musev\musev\08954___a news story about a church in north austin.mp4,1,fake,Pair2,Pair2,musev,9.263788296626164,0.9999052134548586,
Pair2\hd_vg_130m\hd_vg_130m\08505___83Hj1zfeKnw.10_2.mp4,F:\MEngDatasets\GenVidBench\GenVidBench\Pair2\hd_vg_130m\hd_vg_130m\08505___83Hj1zfeKnw.10_2.mp4,0,real,Pair2,Pair2,hd_vg_130m,-4.472851356154396,0.011285896594702065,
Pair2\hd_vg_130m\hd_vg_130m\10212___DaOVGPN98Ow.12_0.mp4,F:\MEngDatasets\GenVidBench\GenVidBench\Pair2\hd_vg_130m\hd_vg_130m\10212___DaOVGPN98Ow.12_0.mp4,0,real,Pair2,Pair2,hd_vg_130m,-8.471442925137461,0.00020931876724391074,
Pair1\vript\vript\-6cAazniJAc-Scene-084.mp4,F:\MEngDatasets\GenVidBench\GenVidBench\Pair1\vript\vript\-6cAazniJAc-Scene-084.mp4,0,real,Pair1,Pair1,vript,-4.097842958394219,0.016337127376608702,
Pair2\svd\svd\13818___a black leather case laying on a bed.mp4,F:\MEngDatasets\GenVidBench\GenVidBench\Pair2\svd\svd\13818___a black leather case laying on a bed.mp4,1,fake,Pair2,Pair2,svd,2.8266559030328477,0.9440993767457727,
Pair1\vript\vript\-6cAazniJAc-Scene-060.mp4,F:\MEngDatasets\GenVidBench\GenVidBench\Pair1\vript\vript\-6cAazniJAc-Scene-060.mp4,0,real,Pair1,Pair1,vript,-7.0025637356440225,0.0009087206112497667,
Pair2\hd_vg_130m\hd_vg_130m\03689___-wsuV2-xmpo.10_2.mp4,F:\MEngDatasets\GenVidBench\GenVidBench\Pair2\hd_vg_130m\hd_vg_130m\03689___-wsuV2-xmpo.10_2.mp4,0,real,Pair2,Pair2,hd_vg_130m,-5.764293532202563,0.003127797390125226,
