content_path,image_path,type_id,label,frame_len,frame_seq,video_id,generator_id,task_type,original_path,y_true,raw_score_real_direction,fake_score,pred_best_threshold
D:\HaitongNi\MEngProject\d3_datasets\AIGVDBench_all_opensource_1000\frames\real\Real__5Pthjtsl5fA_5_0to109,D:\HaitongNi\MEngProject\d3_datasets\AIGVDBench_all_opensource_1000\frames\real\Real__5Pthjtsl5fA_5_0to109\1.jpg,Real Video,0,16,"[1, 2, 3, 4, 5, 6, 7, 8, 9, 10, 11, 12, 13, 14, 15, 16]",5Pthjtsl5fA_5_0to109.mp4,Real,,F:\MEngDatasets\AIGVDBench\videos\Real\Real\videos\5Pthjtsl5fA_5_0to109.mp4,0,2.7184606,-2.7184606,1
D:\HaitongNi\MEngProject\d3_datasets\AIGVDBench_all_opensource_1000\frames\real\Real__3fb8Akzz59s_21_170to294,D:\HaitongNi\MEngProject\d3_datasets\AIGVDBench_all_opensource_1000\frames\real\Real__3fb8Akzz59s_21_170to294\1.jpg,Real Video,0,16,"[1, 2, 3, 4, 5, 6, 7, 8, 9, 10, 11, 12, 13, 14, 15, 16]",3fb8Akzz59s_21_170to294.mp4,Real,,F:\MEngDatasets\AIGVDBench\videos\Real\Real\videos\3fb8Akzz59s_21_170to294.mp4,0,1.473143,-1.473143,1
D:\HaitongNi\MEngProject\d3_datasets\AIGVDBench_all_opensource_1000\frames\real\Real__TikS17iZ8cM_57_0to383,D:\HaitongNi\MEngProject\d3_datasets\AIGVDBench_all_opensource_1000\frames\real\Real__TikS17iZ8cM_57_0to383\1.jpg,Real Video,0,16,"[1, 2, 3, 4, 5, 6, 7, 8, 9, 10, 11, 12, 13, 14, 15, 16]",TikS17iZ8cM_57_0to383.mp4,Real,,F:\MEngDatasets\AIGVDBench\videos\Real\Real\videos\TikS17iZ8cM_57_0to383.mp4,0,3.4732702,-3.4732702,1
D:\HaitongNi\MEngProject\d3_datasets\AIGVDBench_all_opensource_1000\frames\real\Real__leGtOV0Z2lo_361_87to299,D:\HaitongNi\MEngProject\d3_datasets\AIGVDBench_all_opensource_1000\frames\real\Real__leGtOV0Z2lo_361_87to299\1.jpg,Real Video,0,16,"[1, 2, 3, 4, 5, 6, 7, 8, 9, 10, 11, 12, 13, 14, 15, 16]",leGtOV0Z2lo_361_87to299.mp4,Real,,F:\MEngDatasets\AIGVDBench\videos\Real\Real\videos\leGtOV0Z2lo_361_87to299.mp4,0,3.7431145,-3.7431145,1
D:\HaitongNi\MEngProject\d3_datasets\AIGVDBench_all_opensource_1000\frames\real\Real__m3bEGpvIUVI_9_0to199,D:\HaitongNi\MEngProject\d3_datasets\AIGVDBench_all_opensource_1000\frames\real\Real__m3bEGpvIUVI_9_0to199\1.jpg,Real Video,0,16,"[1, 2, 3, 4, 5, 6, 7, 8, 9, 10, 11, 12, 13, 14, 15, 16]",m3bEGpvIUVI_9_0to199.mp4,Real,,F:\MEngDatasets\AIGVDBench\videos\Real\Real\videos\m3bEGpvIUVI_9_0to199.mp4,0,1.419826,-1.419826,1
D:\HaitongNi\MEngProject\d3_datasets\AIGVDBench_all_opensource_1000\frames\real\Real__XvtyLeB6Fps_10_0to523,D:\HaitongNi\MEngProject\d3_datasets\AIGVDBench_all_opensource_1000\frames\real\Real__XvtyLeB6Fps_10_0to523\1.jpg,Real Video,0,16,"[1, 2, 3, 4, 5, 6, 7, 8, 9, 10, 11, 12, 13, 14, 15, 16]",XvtyLeB6Fps_10_0to523.mp4,Real,,F:\MEngDatasets\AIGVDBench\videos\Real\Real\videos\XvtyLeB6Fps_10_0to523.mp4,0,2.7643492,-2.7643492,1
D:\HaitongNi\MEngProject\d3_datasets\AIGVDBench_all_opensource_1000\frames\real\Real__AkvMMfpXzzc_15_0to470,D:\HaitongNi\MEngProject\d3_datasets\AIGVDBench_all_opensource_1000\frames\real\Real__AkvMMfpXzzc_15_0to470\1.jpg,Real Video,0,16,"[1, 2, 3, 4, 5, 6, 7, 8, 9, 10, 11, 12, 13, 14, 15, 16]",AkvMMfpXzzc_15_0to470.mp4,Real,,F:\MEngDatasets\AIGVDBench\videos\Real\Real\videos\AkvMMfpXzzc_15_0to470.mp4,0,4.748992,-4.748992,1
D:\HaitongNi\MEngProject\d3_datasets\AIGVDBench_all_opensource_1000\frames\real\Real__QvMiA9c88_c_19_0to295,D:\HaitongNi\MEngProject\d3_datasets\AIGVDBench_all_opensource_1000\frames\real\Real__QvMiA9c88_c_19_0to295\1.jpg,Real Video,0,16,"[1, 2, 3, 4, 5, 6, 7, 8, 9, 10, 11, 12, 13, 14, 15, 16]",QvMiA9c88_c_19_0to295.mp4,Real,,F:\MEngDatasets\AIGVDBench\videos\Real\Real\videos\QvMiA9c88_c_19_0to295.mp4,0,4.4801726,-4.4801726,1
D:\HaitongNi\MEngProject\d3_datasets\AIGVDBench_all_opensource_1000\frames\real\Real__fXGmXiDv528_23_0to216,D:\HaitongNi\MEngProject\d3_datasets\AIGVDBench_all_opensource_1000\frames\real\Real__fXGmXiDv528_23_0to216\1.jpg,Real Video,0,16,"[1, 2, 3, 4, 5, 6, 7, 8, 9, 10, 11, 12, 13, 14, 15, 16]",fXGmXiDv528_23_0to216.mp4,Real,,F:\MEngDatasets\AIGVDBench\videos\Real\Real\videos\fXGmXiDv528_23_0to216.mp4,0,0.7768036,-0.7768036,1
D:\HaitongNi\MEngProject\d3_datasets\AIGVDBench_all_opensource_1000\frames\real\Real__03vWwqYPf60_76_117to407,D:\HaitongNi\MEngProject\d3_datasets\AIGVDBench_all_opensource_1000\frames\real\Real__03vWwqYPf60_76_117to407\1.jpg,Real Video,0,16,"[1, 2, 3, 4, 5, 6, 7, 8, 9, 10, 11, 12, 13, 14, 15, 16]",03vWwqYPf60_76_117to407.mp4,Real,,F:\MEngDatasets\AIGVDBench\videos\Real\Real\videos\03vWwqYPf60_76_117to407.mp4,0,3.0294902,-3.0294902,1
D:\HaitongNi\MEngProject\d3_datasets\AIGVDBench_all_opensource_1000\frames\real\Real__XD_lwLkd6ls_12_32to416,D:\HaitongNi\MEngProject\d3_datasets\AIGVDBench_all_opensource_1000\frames\real\Real__XD_lwLkd6ls_12_32to416\1.jpg,Real Video,0,16,"[1, 2, 3, 4, 5, 6, 7, 8, 9, 10, 11, 12, 13, 14, 15, 16]",XD_lwLkd6ls_12_32to416.mp4,Real,,F:\MEngDatasets\AIGVDBench\videos\Real\Real\videos\XD_lwLkd6ls_12_32to416.mp4,0,1.9945195,-1.9945195,1
D:\HaitongNi\MEngProject\d3_datasets\AIGVDBench_all_opensource_1000\frames\real\Real__tmjVEZcnVxI_21_0to144,D:\HaitongNi\MEngProject\d3_datasets\AIGVDBench_all_opensource_1000\frames\real\Real__tmjVEZcnVxI_21_0to144\1.jpg,Real Video,0,16,"[1, 2, 3, 4, 5, 6, 7, 8, 9, 10, 11, 12, 13, 14, 15, 16]",tmjVEZcnVxI_21_0to144.mp4,Real,,F:\MEngDatasets\AIGVDBench\videos\Real\Real\videos\tmjVEZcnVxI_21_0to144.mp4,0,2.9474134,-2.9474134,1
D:\HaitongNi\MEngProject\d3_datasets\AIGVDBench_all_opensource_1000\frames\real\Real__XpzM5ZpZNzs_39_0to127,D:\HaitongNi\MEngProject\d3_datasets\AIGVDBench_all_opensource_1000\frames\real\Real__XpzM5ZpZNzs_39_0to127\1.jpg,Real Video,0,16,"[1, 2, 3, 4, 5, 6, 7, 8, 9, 10, 11, 12, 13, 14, 15, 16]",XpzM5ZpZNzs_39_0to127.mp4,Real,,F:\MEngDatasets\AIGVDBench\videos\Real\Real\videos\XpzM5ZpZNzs_39_0to127.mp4,0,1.3124231,-1.3124231,1
D:\HaitongNi\MEngProject\d3_datasets\AIGVDBench_all_opensource_1000\frames\real\Real__8eVGlETNN0M_25_0to332,D:\HaitongNi\MEngProject\d3_datasets\AIGVDBench_all_opensource_1000\frames\real\Real__8eVGlETNN0M_25_0to332\1.jpg,Real Video,0,16,"[1, 2, 3, 4, 5, 6, 7, 8, 9, 10, 11, 12, 13, 14, 15, 16]",8eVGlETNN0M_25_0to332.mp4,Real,,F:\MEngDatasets\AIGVDBench\videos\Real\Real\videos\8eVGlETNN0M_25_0to332.mp4,0,2.3716917,-2.3716917,1
D:\HaitongNi\MEngProject\d3_datasets\AIGVDBench_all_opensource_1000\frames\real\Real__DqRGHhsKBlQ_15_0to174,D:\HaitongNi\MEngProject\d3_datasets\AIGVDBench_all_opensource_1000\frames\real\Real__DqRGHhsKBlQ_15_0to174\1.jpg,Real Video,0,16,"[1, 2, 3, 4, 5, 6, 7, 8, 9, 10, 11, 12, 13, 14, 15, 16]",DqRGHhsKBlQ_15_0to174.mp4,Real,,F:\MEngDatasets\AIGVDBench\videos\Real\Real\videos\DqRGHhsKBlQ_15_0to174.mp4,0,2.397057,-2.397057,1
D:\HaitongNi\MEngProject\d3_datasets\AIGVDBench_all_opensource_1000\frames\real\Real__FKiVUq9dwpk_43_0to203,D:\HaitongNi\MEngProject\d3_datasets\AIGVDBench_all_opensource_1000\frames\real\Real__FKiVUq9dwpk_43_0to203\1.jpg,Real Video,0,16,"[1, 2, 3, 4, 5, 6, 7, 8, 9, 10, 11, 12, 13, 14, 15, 16]",FKiVUq9dwpk_43_0to203.mp4,Real,,F:\MEngDatasets\AIGVDBench\videos\Real\Real\videos\FKiVUq9dwpk_43_0to203.mp4,0,1.9374225,-1.9374225,1
D:\HaitongNi\MEngProject\d3_datasets\AIGVDBench_all_opensource_1000\frames\real\Real__wKnfWUW27ns_3_0to416,D:\HaitongNi\MEngProject\d3_datasets\AIGVDBench_all_opensource_1000\frames\real\Real__wKnfWUW27ns_3_0to416\1.jpg,Real Video,0,16,"[1, 2, 3, 4, 5, 6, 7, 8, 9, 10, 11, 12, 13, 14, 15, 16]",wKnfWUW27ns_3_0to416.mp4,Real,,F:\MEngDatasets\AIGVDBench\videos\Real\Real\videos\wKnfWUW27ns_3_0to416.mp4,0,2.4508166,-2.4508166,1
D:\HaitongNi\MEngProject\d3_datasets\AIGVDBench_all_opensource_1000\frames\real\Real__WPPARIBNRU8_25_0to170,D:\HaitongNi\MEngProject\d3_datasets\AIGVDBench_all_opensource_1000\frames\real\Real__WPPARIBNRU8_25_0to170\1.jpg,Real Video,0,16,"[1, 2, 3, 4, 5, 6, 7, 8, 9, 10, 11, 12, 13, 14, 15, 16]",WPPARIBNRU8_25_0to170.mp4,Real,,F:\MEngDatasets\AIGVDBench\videos\Real\Real\videos\WPPARIBNRU8_25_0to170.mp4,0,2.1732821,-2.1732821,1
D:\HaitongNi\MEngProject\d3_datasets\AIGVDBench_all_opensource_1000\frames\real\Real__bhZmvvGsTiY_8_0to185,D:\HaitongNi\MEngProject\d3_datasets\AIGVDBench_all_opensource_1000\frames\real\Real__bhZmvvGsTiY_8_0to185\1.jpg,Real Video,0,16,"[1, 2, 3, 4, 5, 6, 7, 8, 9, 10, 11, 12, 13, 14, 15, 16]",bhZmvvGsTiY_8_0to185.mp4,Real,,F:\MEngDatasets\AIGVDBench\videos\Real\Real\videos\bhZmvvGsTiY_8_0to185.mp4,0,2.2814245,-2.2814245,1
D:\HaitongNi\MEngProject\d3_datasets\AIGVDBench_all_opensource_1000\frames\real\Real__7pxFZkYiZKA_6_0to115,D:\HaitongNi\MEngProject\d3_datasets\AIGVDBench_all_opensource_1000\frames\real\Real__7pxFZkYiZKA_6_0to115\1.jpg,Real Video,0,16,"[1, 2, 3, 4, 5, 6, 7, 8, 9, 10, 11, 12, 13, 14, 15, 16]",7pxFZkYiZKA_6_0to115.mp4,Real,,F:\MEngDatasets\AIGVDBench\videos\Real\Real\videos\7pxFZkYiZKA_6_0to115.mp4,0,1.7768834,-1.7768834,1
D:\HaitongNi\MEngProject\d3_datasets\AIGVDBench_all_opensource_1000\frames\real\Real__gW8RvUtToZ0_7_18to240,D:\HaitongNi\MEngProject\d3_datasets\AIGVDBench_all_opensource_1000\frames\real\Real__gW8RvUtToZ0_7_18to240\1.jpg,Real Video,0,16,"[1, 2, 3, 4, 5, 6, 7, 8, 9, 10, 11, 12, 13, 14, 15, 16]",gW8RvUtToZ0_7_18to240.mp4,Real,,F:\MEngDatasets\AIGVDBench\videos\Real\Real\videos\gW8RvUtToZ0_7_18to240.mp4,0,3.0658617,-3.0658617,1
D:\HaitongNi\MEngProject\d3_datasets\AIGVDBench_all_opensource_1000\frames\real\Real__enNgq6wSUkw_16_0to270,D:\HaitongNi\MEngProject\d3_datasets\AIGVDBench_all_opensource_1000\frames\real\Real__enNgq6wSUkw_16_0to270\1.jpg,Real Video,0,16,"[1, 2, 3, 4, 5, 6, 7, 8, 9, 10, 11, 12, 13, 14, 15, 16]",enNgq6wSUkw_16_0to270.mp4,Real,,F:\MEngDatasets\AIGVDBench\videos\Real\Real\videos\enNgq6wSUkw_16_0to270.mp4,0,1.748012,-1.748012,1
D:\HaitongNi\MEngProject\d3_datasets\AIGVDBench_all_opensource_1000\frames\real\Real__MM1788iVsF8_1_0to148,D:\HaitongNi\MEngProject\d3_datasets\AIGVDBench_all_opensource_1000\frames\real\Real__MM1788iVsF8_1_0to148\1.jpg,Real Video,0,16,"[1, 2, 3, 4, 5, 6, 7, 8, 9, 10, 11, 12, 13, 14, 15, 16]",MM1788iVsF8_1_0to148.mp4,Real,,F:\MEngDatasets\AIGVDBench\videos\Real\Real\videos\MM1788iVsF8_1_0to148.mp4,0,1.4708078,-1.4708078,1
D:\HaitongNi\MEngProject\d3_datasets\AIGVDBench_all_opensource_1000\frames\real\Real__QRYsvqSzYuE_43_455to1014,D:\HaitongNi\MEngProject\d3_datasets\AIGVDBench_all_opensource_1000\frames\real\Real__QRYsvqSzYuE_43_455to1014\1.jpg,Real Video,0,16,"[1, 2, 3, 4, 5, 6, 7, 8, 9, 10, 11, 12, 13, 14, 15, 16]",QRYsvqSzYuE_43_455to1014.mp4,Real,,F:\MEngDatasets\AIGVDBench\videos\Real\Real\videos\QRYsvqSzYuE_43_455to1014.mp4,0,3.8952212,-3.8952212,1
D:\HaitongNi\MEngProject\d3_datasets\AIGVDBench_all_opensource_1000\frames\real\Real__FlGiwUwMdEo_5_0to619,D:\HaitongNi\MEngProject\d3_datasets\AIGVDBench_all_opensource_1000\frames\real\Real__FlGiwUwMdEo_5_0to619\1.jpg,Real Video,0,16,"[1, 2, 3, 4, 5, 6, 7, 8, 9, 10, 11, 12, 13, 14, 15, 16]",FlGiwUwMdEo_5_0to619.mp4,Real,,F:\MEngDatasets\AIGVDBench\videos\Real\Real\videos\FlGiwUwMdEo_5_0to619.mp4,0,1.7712007,-1.7712007,1
D:\HaitongNi\MEngProject\d3_datasets\AIGVDBench_all_opensource_1000\frames\real\Real__smJlYSVS9Ds_340_112to226,D:\HaitongNi\MEngProject\d3_datasets\AIGVDBench_all_opensource_1000\frames\real\Real__smJlYSVS9Ds_340_112to226\1.jpg,Real Video,0,16,"[1, 2, 3, 4, 5, 6, 7, 8, 9, 10, 11, 12, 13, 14, 15, 16]",smJlYSVS9Ds_340_112to226.mp4,Real,,F:\MEngDatasets\AIGVDBench\videos\Real\Real\videos\smJlYSVS9Ds_340_112to226.mp4,0,1.5673857,-1.5673857,1
D:\HaitongNi\MEngProject\d3_datasets\AIGVDBench_all_opensource_1000\frames\real\Real__ljIFtQKRX6I_1_0to102,D:\HaitongNi\MEngProject\d3_datasets\AIGVDBench_all_opensource_1000\frames\real\Real__ljIFtQKRX6I_1_0to102\1.jpg,Real Video,0,16,"[1, 2, 3, 4, 5, 6, 7, 8, 9, 10, 11, 12, 13, 14, 15, 16]",ljIFtQKRX6I_1_0to102.mp4,Real,,F:\MEngDatasets\AIGVDBench\videos\Real\Real\videos\ljIFtQKRX6I_1_0to102.mp4,0,1.0261225,-1.0261225,1
D:\HaitongNi\MEngProject\d3_datasets\AIGVDBench_all_opensource_1000\frames\real\Real__D4iNNhBSODA_4_0to115,D:\HaitongNi\MEngProject\d3_datasets\AIGVDBench_all_opensource_1000\frames\real\Real__D4iNNhBSODA_4_0to115\1.jpg,Real Video,0,16,"[1, 2, 3, 4, 5, 6, 7, 8, 9, 10, 11, 12, 13, 14, 15, 16]",D4iNNhBSODA_4_0to115.mp4,Real,,F:\MEngDatasets\AIGVDBench\videos\Real\Real\videos\D4iNNhBSODA_4_0to115.mp4,0,4.3602004,-4.3602004,1
D:\HaitongNi\MEngProject\d3_datasets\AIGVDBench_all_opensource_1000\frames\real\Real__2OvJnvfYp34_7_46to173,D:\HaitongNi\MEngProject\d3_datasets\AIGVDBench_all_opensource_1000\frames\real\Real__2OvJnvfYp34_7_46to173\1.jpg,Real Video,0,16,"[1, 2, 3, 4, 5, 6, 7, 8, 9, 10, 11, 12, 13, 14, 15, 16]",2OvJnvfYp34_7_46to173.mp4,Real,,F:\MEngDatasets\AIGVDBench\videos\Real\Real\videos\2OvJnvfYp34_7_46to173.mp4,0,1.0254633,-1.0254633,1
D:\HaitongNi\MEngProject\d3_datasets\AIGVDBench_all_opensource_1000\frames\real\Real__Rxbcg4_nUbU_2_73to196,D:\HaitongNi\MEngProject\d3_datasets\AIGVDBench_all_opensource_1000\frames\real\Real__Rxbcg4_nUbU_2_73to196\1.jpg,Real Video,0,16,"[1, 2, 3, 4, 5, 6, 7, 8, 9, 10, 11, 12, 13, 14, 15, 16]",Rxbcg4_nUbU_2_73to196.mp4,Real,,F:\MEngDatasets\AIGVDBench\videos\Real\Real\videos\Rxbcg4_nUbU_2_73to196.mp4,0,1.881668,-1.881668,1
D:\HaitongNi\MEngProject\d3_datasets\AIGVDBench_all_opensource_1000\frames\real\Real__MVAJfvbmNpg_8_0to104,D:\HaitongNi\MEngProject\d3_datasets\AIGVDBench_all_opensource_1000\frames\real\Real__MVAJfvbmNpg_8_0to104\1.jpg,Real Video,0,16,"[1, 2, 3, 4, 5, 6, 7, 8, 9, 10, 11, 12, 13, 14, 15, 16]",MVAJfvbmNpg_8_0to104.mp4,Real,,F:\MEngDatasets\AIGVDBench\videos\Real\Real\videos\MVAJfvbmNpg_8_0to104.mp4,0,3.6491513,-3.6491513,1
D:\HaitongNi\MEngProject\d3_datasets\AIGVDBench_all_opensource_1000\frames\real\Real__68BXnGOdJ34_53_93to260,D:\HaitongNi\MEngProject\d3_datasets\AIGVDBench_all_opensource_1000\frames\real\Real__68BXnGOdJ34_53_93to260\1.jpg,Real Video,0,16,"[1, 2, 3, 4, 5, 6, 7, 8, 9, 10, 11, 12, 13, 14, 15, 16]",68BXnGOdJ34_53_93to260.mp4,Real,,F:\MEngDatasets\AIGVDBench\videos\Real\Real\videos\68BXnGOdJ34_53_93to260.mp4,0,3.1372313,-3.1372313,1
D:\HaitongNi\MEngProject\d3_datasets\AIGVDBench_all_opensource_1000\frames\real\Real___TR4npFh6K8_83_0to438,D:\HaitongNi\MEngProject\d3_datasets\AIGVDBench_all_opensource_1000\frames\real\Real___TR4npFh6K8_83_0to438\1.jpg,Real Video,0,16,"[1, 2, 3, 4, 5, 6, 7, 8, 9, 10, 11, 12, 13, 14, 15, 16]",_TR4npFh6K8_83_0to438.mp4,Real,,F:\MEngDatasets\AIGVDBench\videos\Real\Real\videos\_TR4npFh6K8_83_0to438.mp4,0,2.8008473,-2.8008473,1
D:\HaitongNi\MEngProject\d3_datasets\AIGVDBench_all_opensource_1000\frames\real\Real__jqcy6k033fI_23_0to113,D:\HaitongNi\MEngProject\d3_datasets\AIGVDBench_all_opensource_1000\frames\real\Real__jqcy6k033fI_23_0to113\1.jpg,Real Video,0,16,"[1, 2, 3, 4, 5, 6, 7, 8, 9, 10, 11, 12, 13, 14, 15, 16]",jqcy6k033fI_23_0to113.mp4,Real,,F:\MEngDatasets\AIGVDBench\videos\Real\Real\videos\jqcy6k033fI_23_0to113.mp4,0,2.3530705,-2.3530705,1
D:\HaitongNi\MEngProject\d3_datasets\AIGVDBench_all_opensource_1000\frames\real\Real__9YUwzwQ8mCY_0_778to912,D:\HaitongNi\MEngProject\d3_datasets\AIGVDBench_all_opensource_1000\frames\real\Real__9YUwzwQ8mCY_0_778to912\1.jpg,Real Video,0,16,"[1, 2, 3, 4, 5, 6, 7, 8, 9, 10, 11, 12, 13, 14, 15, 16]",9YUwzwQ8mCY_0_778to912.mp4,Real,,F:\MEngDatasets\AIGVDBench\videos\Real\Real\videos\9YUwzwQ8mCY_0_778to912.mp4,0,3.4659002,-3.4659002,1
D:\HaitongNi\MEngProject\d3_datasets\AIGVDBench_all_opensource_1000\frames\real\Real__IMGYRIBZ-gk_90_0to109,D:\HaitongNi\MEngProject\d3_datasets\AIGVDBench_all_opensource_1000\frames\real\Real__IMGYRIBZ-gk_90_0to109\1.jpg,Real Video,0,16,"[1, 2, 3, 4, 5, 6, 7, 8, 9, 10, 11, 12, 13, 14, 15, 16]",IMGYRIBZ-gk_90_0to109.mp4,Real,,F:\MEngDatasets\AIGVDBench\videos\Real\Real\videos\IMGYRIBZ-gk_90_0to109.mp4,0,1.6421143,-1.6421143,1
D:\HaitongNi\MEngProject\d3_datasets\AIGVDBench_all_opensource_1000\frames\real\Real__LFMFJLMI9jU_2_19to695,D:\HaitongNi\MEngProject\d3_datasets\AIGVDBench_all_opensource_1000\frames\real\Real__LFMFJLMI9jU_2_19to695\1.jpg,Real Video,0,16,"[1, 2, 3, 4, 5, 6, 7, 8, 9, 10, 11, 12, 13, 14, 15, 16]",LFMFJLMI9jU_2_19to695.mp4,Real,,F:\MEngDatasets\AIGVDBench\videos\Real\Real\videos\LFMFJLMI9jU_2_19to695.mp4,0,2.7403889,-2.7403889,1
D:\HaitongNi\MEngProject\d3_datasets\AIGVDBench_all_opensource_1000\frames\real\Real__ifrtA4XyoXU_10_0to267,D:\HaitongNi\MEngProject\d3_datasets\AIGVDBench_all_opensource_1000\frames\real\Real__ifrtA4XyoXU_10_0to267\1.jpg,Real Video,0,16,"[1, 2, 3, 4, 5, 6, 7, 8, 9, 10, 11, 12, 13, 14, 15, 16]",ifrtA4XyoXU_10_0to267.mp4,Real,,F:\MEngDatasets\AIGVDBench\videos\Real\Real\videos\ifrtA4XyoXU_10_0to267.mp4,0,4.560773,-4.560773,1
D:\HaitongNi\MEngProject\d3_datasets\AIGVDBench_all_opensource_1000\frames\real\Real__GQPjdCtGHZg_11_0to132,D:\HaitongNi\MEngProject\d3_datasets\AIGVDBench_all_opensource_1000\frames\real\Real__GQPjdCtGHZg_11_0to132\1.jpg,Real Video,0,16,"[1, 2, 3, 4, 5, 6, 7, 8, 9, 10, 11, 12, 13, 14, 15, 16]",GQPjdCtGHZg_11_0to132.mp4,Real,,F:\MEngDatasets\AIGVDBench\videos\Real\Real\videos\GQPjdCtGHZg_11_0to132.mp4,0,2.8101177,-2.8101177,1
D:\HaitongNi\MEngProject\d3_datasets\AIGVDBench_all_opensource_1000\frames\real\Real__klsbV5XLDc8_37_16to286,D:\HaitongNi\MEngProject\d3_datasets\AIGVDBench_all_opensource_1000\frames\real\Real__klsbV5XLDc8_37_16to286\1.jpg,Real Video,0,16,"[1, 2, 3, 4, 5, 6, 7, 8, 9, 10, 11, 12, 13, 14, 15, 16]",klsbV5XLDc8_37_16to286.mp4,Real,,F:\MEngDatasets\AIGVDBench\videos\Real\Real\videos\klsbV5XLDc8_37_16to286.mp4,0,3.1004457,-3.1004457,1
D:\HaitongNi\MEngProject\d3_datasets\AIGVDBench_all_opensource_1000\frames\real\Real__o87SsbCZwFM_40_60to239,D:\HaitongNi\MEngProject\d3_datasets\AIGVDBench_all_opensource_1000\frames\real\Real__o87SsbCZwFM_40_60to239\1.jpg,Real Video,0,16,"[1, 2, 3, 4, 5, 6, 7, 8, 9, 10, 11, 12, 13, 14, 15, 16]",o87SsbCZwFM_40_60to239.mp4,Real,,F:\MEngDatasets\AIGVDBench\videos\Real\Real\videos\o87SsbCZwFM_40_60to239.mp4,0,2.9178407,-2.9178407,1
D:\HaitongNi\MEngProject\d3_datasets\AIGVDBench_all_opensource_1000\frames\real\Real__r8Y26Uq07Kw_0_0to167,D:\HaitongNi\MEngProject\d3_datasets\AIGVDBench_all_opensource_1000\frames\real\Real__r8Y26Uq07Kw_0_0to167\1.jpg,Real Video,0,16,"[1, 2, 3, 4, 5, 6, 7, 8, 9, 10, 11, 12, 13, 14, 15, 16]",r8Y26Uq07Kw_0_0to167.mp4,Real,,F:\MEngDatasets\AIGVDBench\videos\Real\Real\videos\r8Y26Uq07Kw_0_0to167.mp4,0,4.081045,-4.081045,1
D:\HaitongNi\MEngProject\d3_datasets\AIGVDBench_all_opensource_1000\frames\real\Real__eCHK3-pWxIg_31_18to130,D:\HaitongNi\MEngProject\d3_datasets\AIGVDBench_all_opensource_1000\frames\real\Real__eCHK3-pWxIg_31_18to130\1.jpg,Real Video,0,16,"[1, 2, 3, 4, 5, 6, 7, 8, 9, 10, 11, 12, 13, 14, 15, 16]",eCHK3-pWxIg_31_18to130.mp4,Real,,F:\MEngDatasets\AIGVDBench\videos\Real\Real\videos\eCHK3-pWxIg_31_18to130.mp4,0,1.2047079,-1.2047079,1
D:\HaitongNi\MEngProject\d3_datasets\AIGVDBench_all_opensource_1000\frames\real\Real__FYnm8Wwz514_10_0to103,D:\HaitongNi\MEngProject\d3_datasets\AIGVDBench_all_opensource_1000\frames\real\Real__FYnm8Wwz514_10_0to103\1.jpg,Real Video,0,16,"[1, 2, 3, 4, 5, 6, 7, 8, 9, 10, 11, 12, 13, 14, 15, 16]",FYnm8Wwz514_10_0to103.mp4,Real,,F:\MEngDatasets\AIGVDBench\videos\Real\Real\videos\FYnm8Wwz514_10_0to103.mp4,0,2.6305716,-2.6305716,1
D:\HaitongNi\MEngProject\d3_datasets\AIGVDBench_all_opensource_1000\frames\real\Real__nz5H6BBlDeE_26_0to129,D:\HaitongNi\MEngProject\d3_datasets\AIGVDBench_all_opensource_1000\frames\real\Real__nz5H6BBlDeE_26_0to129\1.jpg,Real Video,0,16,"[1, 2, 3, 4, 5, 6, 7, 8, 9, 10, 11, 12, 13, 14, 15, 16]",nz5H6BBlDeE_26_0to129.mp4,Real,,F:\MEngDatasets\AIGVDBench\videos\Real\Real\videos\nz5H6BBlDeE_26_0to129.mp4,0,1.1039178,-1.1039178,1
D:\HaitongNi\MEngProject\d3_datasets\AIGVDBench_all_opensource_1000\frames\real\Real__iGZMt8h2DUM_1_0to239,D:\HaitongNi\MEngProject\d3_datasets\AIGVDBench_all_opensource_1000\frames\real\Real__iGZMt8h2DUM_1_0to239\1.jpg,Real Video,0,16,"[1, 2, 3, 4, 5, 6, 7, 8, 9, 10, 11, 12, 13, 14, 15, 16]",iGZMt8h2DUM_1_0to239.mp4,Real,,F:\MEngDatasets\AIGVDBench\videos\Real\Real\videos\iGZMt8h2DUM_1_0to239.mp4,0,2.7069263,-2.7069263,1
D:\HaitongNi\MEngProject\d3_datasets\AIGVDBench_all_opensource_1000\frames\real\Real__v-zRpfsZ7hc_65_0to154,D:\HaitongNi\MEngProject\d3_datasets\AIGVDBench_all_opensource_1000\frames\real\Real__v-zRpfsZ7hc_65_0to154\1.jpg,Real Video,0,16,"[1, 2, 3, 4, 5, 6, 7, 8, 9, 10, 11, 12, 13, 14, 15, 16]",v-zRpfsZ7hc_65_0to154.mp4,Real,,F:\MEngDatasets\AIGVDBench\videos\Real\Real\videos\v-zRpfsZ7hc_65_0to154.mp4,0,2.2376308,-2.2376308,1
D:\HaitongNi\MEngProject\d3_datasets\AIGVDBench_all_opensource_1000\frames\real\Real__4onNa-MUai0_1_0to132,D:\HaitongNi\MEngProject\d3_datasets\AIGVDBench_all_opensource_1000\frames\real\Real__4onNa-MUai0_1_0to132\1.jpg,Real Video,0,16,"[1, 2, 3, 4, 5, 6, 7, 8, 9, 10, 11, 12, 13, 14, 15, 16]",4onNa-MUai0_1_0to132.mp4,Real,,F:\MEngDatasets\AIGVDBench\videos\Real\Real\videos\4onNa-MUai0_1_0to132.mp4,0,1.4661276,-1.4661276,1
D:\HaitongNi\MEngProject\d3_datasets\AIGVDBench_all_opensource_1000\frames\real\Real__UZ1-1DrWesQ_15_679to830,D:\HaitongNi\MEngProject\d3_datasets\AIGVDBench_all_opensource_1000\frames\real\Real__UZ1-1DrWesQ_15_679to830\1.jpg,Real Video,0,16,"[1, 2, 3, 4, 5, 6, 7, 8, 9, 10, 11, 12, 13, 14, 15, 16]",UZ1-1DrWesQ_15_679to830.mp4,Real,,F:\MEngDatasets\AIGVDBench\videos\Real\Real\videos\UZ1-1DrWesQ_15_679to830.mp4,0,3.4266157,-3.4266157,1
D:\HaitongNi\MEngProject\d3_datasets\AIGVDBench_all_opensource_1000\frames\real\Real__Pm8YbDi80Kg_0_927to1111,D:\HaitongNi\MEngProject\d3_datasets\AIGVDBench_all_opensource_1000\frames\real\Real__Pm8YbDi80Kg_0_927to1111\1.jpg,Real Video,0,16,"[1, 2, 3, 4, 5, 6, 7, 8, 9, 10, 11, 12, 13, 14, 15, 16]",Pm8YbDi80Kg_0_927to1111.mp4,Real,,F:\MEngDatasets\AIGVDBench\videos\Real\Real\videos\Pm8YbDi80Kg_0_927to1111.mp4,0,2.729431,-2.729431,1
D:\HaitongNi\MEngProject\d3_datasets\AIGVDBench_all_opensource_1000\frames\real\Real__SzBj0CNP3pA_9_0to197,D:\HaitongNi\MEngProject\d3_datasets\AIGVDBench_all_opensource_1000\frames\real\Real__SzBj0CNP3pA_9_0to197\1.jpg,Real Video,0,16,"[1, 2, 3, 4, 5, 6, 7, 8, 9, 10, 11, 12, 13, 14, 15, 16]",SzBj0CNP3pA_9_0to197.mp4,Real,,F:\MEngDatasets\AIGVDBench\videos\Real\Real\videos\SzBj0CNP3pA_9_0to197.mp4,0,3.5390828,-3.5390828,1
D:\HaitongNi\MEngProject\d3_datasets\AIGVDBench_all_opensource_1000\frames\real\Real__vNQR3ixE8AE_123_159to312,D:\HaitongNi\MEngProject\d3_datasets\AIGVDBench_all_opensource_1000\frames\real\Real__vNQR3ixE8AE_123_159to312\1.jpg,Real Video,0,16,"[1, 2, 3, 4, 5, 6, 7, 8, 9, 10, 11, 12, 13, 14, 15, 16]",vNQR3ixE8AE_123_159to312.mp4,Real,,F:\MEngDatasets\AIGVDBench\videos\Real\Real\videos\vNQR3ixE8AE_123_159to312.mp4,0,1.5194786,-1.5194786,1
D:\HaitongNi\MEngProject\d3_datasets\AIGVDBench_all_opensource_1000\frames\real\Real__Zo80l_TCe0Q_4_560to698,D:\HaitongNi\MEngProject\d3_datasets\AIGVDBench_all_opensource_1000\frames\real\Real__Zo80l_TCe0Q_4_560to698\1.jpg,Real Video,0,16,"[1, 2, 3, 4, 5, 6, 7, 8, 9, 10, 11, 12, 13, 14, 15, 16]",Zo80l_TCe0Q_4_560to698.mp4,Real,,F:\MEngDatasets\AIGVDBench\videos\Real\Real\videos\Zo80l_TCe0Q_4_560to698.mp4,0,1.6904545,-1.6904545,1
D:\HaitongNi\MEngProject\d3_datasets\AIGVDBench_all_opensource_1000\frames\real\Real__1wVS8h33ttU_39_0to112,D:\HaitongNi\MEngProject\d3_datasets\AIGVDBench_all_opensource_1000\frames\real\Real__1wVS8h33ttU_39_0to112\1.jpg,Real Video,0,16,"[1, 2, 3, 4, 5, 6, 7, 8, 9, 10, 11, 12, 13, 14, 15, 16]",1wVS8h33ttU_39_0to112.mp4,Real,,F:\MEngDatasets\AIGVDBench\videos\Real\Real\videos\1wVS8h33ttU_39_0to112.mp4,0,1.2093691,-1.2093691,1
D:\HaitongNi\MEngProject\d3_datasets\AIGVDBench_all_opensource_1000\frames\real\Real__PB0z_PlnXcc_3_29to178,D:\HaitongNi\MEngProject\d3_datasets\AIGVDBench_all_opensource_1000\frames\real\Real__PB0z_PlnXcc_3_29to178\1.jpg,Real Video,0,16,"[1, 2, 3, 4, 5, 6, 7, 8, 9, 10, 11, 12, 13, 14, 15, 16]",PB0z_PlnXcc_3_29to178.mp4,Real,,F:\MEngDatasets\AIGVDBench\videos\Real\Real\videos\PB0z_PlnXcc_3_29to178.mp4,0,1.7695749,-1.7695749,1
D:\HaitongNi\MEngProject\d3_datasets\AIGVDBench_all_opensource_1000\frames\real\Real__ehC6Qe9oXuA_9_22to155,D:\HaitongNi\MEngProject\d3_datasets\AIGVDBench_all_opensource_1000\frames\real\Real__ehC6Qe9oXuA_9_22to155\1.jpg,Real Video,0,16,"[1, 2, 3, 4, 5, 6, 7, 8, 9, 10, 11, 12, 13, 14, 15, 16]",ehC6Qe9oXuA_9_22to155.mp4,Real,,F:\MEngDatasets\AIGVDBench\videos\Real\Real\videos\ehC6Qe9oXuA_9_22to155.mp4,0,1.2661735,-1.2661735,1
D:\HaitongNi\MEngProject\d3_datasets\AIGVDBench_all_opensource_1000\frames\real\Real__Lf3oF-8fWfQ_35_0to137,D:\HaitongNi\MEngProject\d3_datasets\AIGVDBench_all_opensource_1000\frames\real\Real__Lf3oF-8fWfQ_35_0to137\1.jpg,Real Video,0,16,"[1, 2, 3, 4, 5, 6, 7, 8, 9, 10, 11, 12, 13, 14, 15, 16]",Lf3oF-8fWfQ_35_0to137.mp4,Real,,F:\MEngDatasets\AIGVDBench\videos\Real\Real\videos\Lf3oF-8fWfQ_35_0to137.mp4,0,1.9536557,-1.9536557,1
D:\HaitongNi\MEngProject\d3_datasets\AIGVDBench_all_opensource_1000\frames\real\Real__n9vQahQYFgI_8_0to129,D:\HaitongNi\MEngProject\d3_datasets\AIGVDBench_all_opensource_1000\frames\real\Real__n9vQahQYFgI_8_0to129\1.jpg,Real Video,0,16,"[1, 2, 3, 4, 5, 6, 7, 8, 9, 10, 11, 12, 13, 14, 15, 16]",n9vQahQYFgI_8_0to129.mp4,Real,,F:\MEngDatasets\AIGVDBench\videos\Real\Real\videos\n9vQahQYFgI_8_0to129.mp4,0,2.9370766,-2.9370766,1
D:\HaitongNi\MEngProject\d3_datasets\AIGVDBench_all_opensource_1000\frames\real\Real__6rWfZUMp8fA_11_0to181,D:\HaitongNi\MEngProject\d3_datasets\AIGVDBench_all_opensource_1000\frames\real\Real__6rWfZUMp8fA_11_0to181\1.jpg,Real Video,0,16,"[1, 2, 3, 4, 5, 6, 7, 8, 9, 10, 11, 12, 13, 14, 15, 16]",6rWfZUMp8fA_11_0to181.mp4,Real,,F:\MEngDatasets\AIGVDBench\videos\Real\Real\videos\6rWfZUMp8fA_11_0to181.mp4,0,1.2458102,-1.2458102,1
D:\HaitongNi\MEngProject\d3_datasets\AIGVDBench_all_opensource_1000\frames\real\Real__RsW5mXGVSTw_33_0to117,D:\HaitongNi\MEngProject\d3_datasets\AIGVDBench_all_opensource_1000\frames\real\Real__RsW5mXGVSTw_33_0to117\1.jpg,Real Video,0,16,"[1, 2, 3, 4, 5, 6, 7, 8, 9, 10, 11, 12, 13, 14, 15, 16]",RsW5mXGVSTw_33_0to117.mp4,Real,,F:\MEngDatasets\AIGVDBench\videos\Real\Real\videos\RsW5mXGVSTw_33_0to117.mp4,0,1.6319747,-1.6319747,1
D:\HaitongNi\MEngProject\d3_datasets\AIGVDBench_all_opensource_1000\frames\real\Real__zHrMHdpfL-k_3_0to922,D:\HaitongNi\MEngProject\d3_datasets\AIGVDBench_all_opensource_1000\frames\real\Real__zHrMHdpfL-k_3_0to922\1.jpg,Real Video,0,16,"[1, 2, 3, 4, 5, 6, 7, 8, 9, 10, 11, 12, 13, 14, 15, 16]",zHrMHdpfL-k_3_0to922.mp4,Real,,F:\MEngDatasets\AIGVDBench\videos\Real\Real\videos\zHrMHdpfL-k_3_0to922.mp4,0,1.2148376,-1.2148376,1
D:\HaitongNi\MEngProject\d3_datasets\AIGVDBench_all_opensource_1000\frames\real\Real___icmM8z-QeM_16_0to230,D:\HaitongNi\MEngProject\d3_datasets\AIGVDBench_all_opensource_1000\frames\real\Real___icmM8z-QeM_16_0to230\1.jpg,Real Video,0,16,"[1, 2, 3, 4, 5, 6, 7, 8, 9, 10, 11, 12, 13, 14, 15, 16]",_icmM8z-QeM_16_0to230.mp4,Real,,F:\MEngDatasets\AIGVDBench\videos\Real\Real\videos\_icmM8z-QeM_16_0to230.mp4,0,2.669753,-2.669753,1
D:\HaitongNi\MEngProject\d3_datasets\AIGVDBench_all_opensource_1000\frames\real\Real__0udRm5E8Ft0_1_0to136,D:\HaitongNi\MEngProject\d3_datasets\AIGVDBench_all_opensource_1000\frames\real\Real__0udRm5E8Ft0_1_0to136\1.jpg,Real Video,0,16,"[1, 2, 3, 4, 5, 6, 7, 8, 9, 10, 11, 12, 13, 14, 15, 16]",0udRm5E8Ft0_1_0to136.mp4,Real,,F:\MEngDatasets\AIGVDBench\videos\Real\Real\videos\0udRm5E8Ft0_1_0to136.mp4,0,2.390014,-2.390014,1
D:\HaitongNi\MEngProject\d3_datasets\AIGVDBench_all_opensource_1000\frames\real\Real__ZF44B91CSwU_10_20to167,D:\HaitongNi\MEngProject\d3_datasets\AIGVDBench_all_opensource_1000\frames\real\Real__ZF44B91CSwU_10_20to167\1.jpg,Real Video,0,16,"[1, 2, 3, 4, 5, 6, 7, 8, 9, 10, 11, 12, 13, 14, 15, 16]",ZF44B91CSwU_10_20to167.mp4,Real,,F:\MEngDatasets\AIGVDBench\videos\Real\Real\videos\ZF44B91CSwU_10_20to167.mp4,0,1.8025252,-1.8025252,1
D:\HaitongNi\MEngProject\d3_datasets\AIGVDBench_all_opensource_1000\frames\real\Real__xrmweOOHFvc_23_0to1140,D:\HaitongNi\MEngProject\d3_datasets\AIGVDBench_all_opensource_1000\frames\real\Real__xrmweOOHFvc_23_0to1140\1.jpg,Real Video,0,16,"[1, 2, 3, 4, 5, 6, 7, 8, 9, 10, 11, 12, 13, 14, 15, 16]",xrmweOOHFvc_23_0to1140.mp4,Real,,F:\MEngDatasets\AIGVDBench\videos\Real\Real\videos\xrmweOOHFvc_23_0to1140.mp4,0,2.8725293,-2.8725293,1
D:\HaitongNi\MEngProject\d3_datasets\AIGVDBench_all_opensource_1000\frames\real\Real__loOVcFRvCeE_32_45to195,D:\HaitongNi\MEngProject\d3_datasets\AIGVDBench_all_opensource_1000\frames\real\Real__loOVcFRvCeE_32_45to195\1.jpg,Real Video,0,16,"[1, 2, 3, 4, 5, 6, 7, 8, 9, 10, 11, 12, 13, 14, 15, 16]",loOVcFRvCeE_32_45to195.mp4,Real,,F:\MEngDatasets\AIGVDBench\videos\Real\Real\videos\loOVcFRvCeE_32_45to195.mp4,0,1.2527735,-1.2527735,1
D:\HaitongNi\MEngProject\d3_datasets\AIGVDBench_all_opensource_1000\frames\real\Real__9j-LJj-OUDU_1_0to440,D:\HaitongNi\MEngProject\d3_datasets\AIGVDBench_all_opensource_1000\frames\real\Real__9j-LJj-OUDU_1_0to440\1.jpg,Real Video,0,16,"[1, 2, 3, 4, 5, 6, 7, 8, 9, 10, 11, 12, 13, 14, 15, 16]",9j-LJj-OUDU_1_0to440.mp4,Real,,F:\MEngDatasets\AIGVDBench\videos\Real\Real\videos\9j-LJj-OUDU_1_0to440.mp4,0,5.9277396,-5.9277396,0
D:\HaitongNi\MEngProject\d3_datasets\AIGVDBench_all_opensource_1000\frames\real\Real__F1JDI5MSpjE_13_0to188,D:\HaitongNi\MEngProject\d3_datasets\AIGVDBench_all_opensource_1000\frames\real\Real__F1JDI5MSpjE_13_0to188\1.jpg,Real Video,0,16,"[1, 2, 3, 4, 5, 6, 7, 8, 9, 10, 11, 12, 13, 14, 15, 16]",F1JDI5MSpjE_13_0to188.mp4,Real,,F:\MEngDatasets\AIGVDBench\videos\Real\Real\videos\F1JDI5MSpjE_13_0to188.mp4,0,1.6296273,-1.6296273,1
D:\HaitongNi\MEngProject\d3_datasets\AIGVDBench_all_opensource_1000\frames\real\Real__2F3iNVTXozM_35_0to624,D:\HaitongNi\MEngProject\d3_datasets\AIGVDBench_all_opensource_1000\frames\real\Real__2F3iNVTXozM_35_0to624\1.jpg,Real Video,0,16,"[1, 2, 3, 4, 5, 6, 7, 8, 9, 10, 11, 12, 13, 14, 15, 16]",2F3iNVTXozM_35_0to624.mp4,Real,,F:\MEngDatasets\AIGVDBench\videos\Real\Real\videos\2F3iNVTXozM_35_0to624.mp4,0,2.168972,-2.168972,1
D:\HaitongNi\MEngProject\d3_datasets\AIGVDBench_all_opensource_1000\frames\real\Real__bVl9O8Qo3ug_72_0to139,D:\HaitongNi\MEngProject\d3_datasets\AIGVDBench_all_opensource_1000\frames\real\Real__bVl9O8Qo3ug_72_0to139\1.jpg,Real Video,0,16,"[1, 2, 3, 4, 5, 6, 7, 8, 9, 10, 11, 12, 13, 14, 15, 16]",bVl9O8Qo3ug_72_0to139.mp4,Real,,F:\MEngDatasets\AIGVDBench\videos\Real\Real\videos\bVl9O8Qo3ug_72_0to139.mp4,0,2.6271079,-2.6271079,1
D:\HaitongNi\MEngProject\d3_datasets\AIGVDBench_all_opensource_1000\frames\real\Real__LXwI6j6eYRc_375_0to109,D:\HaitongNi\MEngProject\d3_datasets\AIGVDBench_all_opensource_1000\frames\real\Real__LXwI6j6eYRc_375_0to109\1.jpg,Real Video,0,16,"[1, 2, 3, 4, 5, 6, 7, 8, 9, 10, 11, 12, 13, 14, 15, 16]",LXwI6j6eYRc_375_0to109.mp4,Real,,F:\MEngDatasets\AIGVDBench\videos\Real\Real\videos\LXwI6j6eYRc_375_0to109.mp4,0,3.742715,-3.742715,1
D:\HaitongNi\MEngProject\d3_datasets\AIGVDBench_all_opensource_1000\frames\real\Real__9iTPbbb8Rkw_67_156to400,D:\HaitongNi\MEngProject\d3_datasets\AIGVDBench_all_opensource_1000\frames\real\Real__9iTPbbb8Rkw_67_156to400\1.jpg,Real Video,0,16,"[1, 2, 3, 4, 5, 6, 7, 8, 9, 10, 11, 12, 13, 14, 15, 16]",9iTPbbb8Rkw_67_156to400.mp4,Real,,F:\MEngDatasets\AIGVDBench\videos\Real\Real\videos\9iTPbbb8Rkw_67_156to400.mp4,0,2.598907,-2.598907,1
D:\HaitongNi\MEngProject\d3_datasets\AIGVDBench_all_opensource_1000\frames\real\Real__01ECJXvPQlQ_70_0to556,D:\HaitongNi\MEngProject\d3_datasets\AIGVDBench_all_opensource_1000\frames\real\Real__01ECJXvPQlQ_70_0to556\1.jpg,Real Video,0,16,"[1, 2, 3, 4, 5, 6, 7, 8, 9, 10, 11, 12, 13, 14, 15, 16]",01ECJXvPQlQ_70_0to556.mp4,Real,,F:\MEngDatasets\AIGVDBench\videos\Real\Real\videos\01ECJXvPQlQ_70_0to556.mp4,0,5.314405,-5.314405,0
D:\HaitongNi\MEngProject\d3_datasets\AIGVDBench_all_opensource_1000\frames\real\Real__5Z5BRmlwpAc_88_0to121,D:\HaitongNi\MEngProject\d3_datasets\AIGVDBench_all_opensource_1000\frames\real\Real__5Z5BRmlwpAc_88_0to121\1.jpg,Real Video,0,16,"[1, 2, 3, 4, 5, 6, 7, 8, 9, 10, 11, 12, 13, 14, 15, 16]",5Z5BRmlwpAc_88_0to121.mp4,Real,,F:\MEngDatasets\AIGVDBench\videos\Real\Real\videos\5Z5BRmlwpAc_88_0to121.mp4,0,1.3346019,-1.3346019,1
D:\HaitongNi\MEngProject\d3_datasets\AIGVDBench_all_opensource_1000\frames\real\Real__cclTlIvBJCI_53_49to264,D:\HaitongNi\MEngProject\d3_datasets\AIGVDBench_all_opensource_1000\frames\real\Real__cclTlIvBJCI_53_49to264\1.jpg,Real Video,0,16,"[1, 2, 3, 4, 5, 6, 7, 8, 9, 10, 11, 12, 13, 14, 15, 16]",cclTlIvBJCI_53_49to264.mp4,Real,,F:\MEngDatasets\AIGVDBench\videos\Real\Real\videos\cclTlIvBJCI_53_49to264.mp4,0,1.2422899,-1.2422899,1
D:\HaitongNi\MEngProject\d3_datasets\AIGVDBench_all_opensource_1000\frames\real\Real__vRCA5Rf-Isc_1_0to109,D:\HaitongNi\MEngProject\d3_datasets\AIGVDBench_all_opensource_1000\frames\real\Real__vRCA5Rf-Isc_1_0to109\1.jpg,Real Video,0,16,"[1, 2, 3, 4, 5, 6, 7, 8, 9, 10, 11, 12, 13, 14, 15, 16]",vRCA5Rf-Isc_1_0to109.mp4,Real,,F:\MEngDatasets\AIGVDBench\videos\Real\Real\videos\vRCA5Rf-Isc_1_0to109.mp4,0,0.6837395,-0.6837395,1
D:\HaitongNi\MEngProject\d3_datasets\AIGVDBench_all_opensource_1000\frames\real\Real__L58nCKZFfwM_15_0to221,D:\HaitongNi\MEngProject\d3_datasets\AIGVDBench_all_opensource_1000\frames\real\Real__L58nCKZFfwM_15_0to221\1.jpg,Real Video,0,16,"[1, 2, 3, 4, 5, 6, 7, 8, 9, 10, 11, 12, 13, 14, 15, 16]",L58nCKZFfwM_15_0to221.mp4,Real,,F:\MEngDatasets\AIGVDBench\videos\Real\Real\videos\L58nCKZFfwM_15_0to221.mp4,0,0.8769433,-0.8769433,1
D:\HaitongNi\MEngProject\d3_datasets\AIGVDBench_all_opensource_1000\frames\real\Real__68hpMUdn5ZE_0_0to115,D:\HaitongNi\MEngProject\d3_datasets\AIGVDBench_all_opensource_1000\frames\real\Real__68hpMUdn5ZE_0_0to115\1.jpg,Real Video,0,16,"[1, 2, 3, 4, 5, 6, 7, 8, 9, 10, 11, 12, 13, 14, 15, 16]",68hpMUdn5ZE_0_0to115.mp4,Real,,F:\MEngDatasets\AIGVDBench\videos\Real\Real\videos\68hpMUdn5ZE_0_0to115.mp4,0,4.3675256,-4.3675256,1
D:\HaitongNi\MEngProject\d3_datasets\AIGVDBench_all_opensource_1000\frames\real\Real__TUWLm9fR2qY_17_0to102,D:\HaitongNi\MEngProject\d3_datasets\AIGVDBench_all_opensource_1000\frames\real\Real__TUWLm9fR2qY_17_0to102\1.jpg,Real Video,0,16,"[1, 2, 3, 4, 5, 6, 7, 8, 9, 10, 11, 12, 13, 14, 15, 16]",TUWLm9fR2qY_17_0to102.mp4,Real,,F:\MEngDatasets\AIGVDBench\videos\Real\Real\videos\TUWLm9fR2qY_17_0to102.mp4,0,4.0454497,-4.0454497,1
D:\HaitongNi\MEngProject\d3_datasets\AIGVDBench_all_opensource_1000\frames\real\Real__FVvUiMTYXJA_93_0to109,D:\HaitongNi\MEngProject\d3_datasets\AIGVDBench_all_opensource_1000\frames\real\Real__FVvUiMTYXJA_93_0to109\1.jpg,Real Video,0,16,"[1, 2, 3, 4, 5, 6, 7, 8, 9, 10, 11, 12, 13, 14, 15, 16]",FVvUiMTYXJA_93_0to109.mp4,Real,,F:\MEngDatasets\AIGVDBench\videos\Real\Real\videos\FVvUiMTYXJA_93_0to109.mp4,0,2.1735694,-2.1735694,1
D:\HaitongNi\MEngProject\d3_datasets\AIGVDBench_all_opensource_1000\frames\real\Real___t3Y3Xp3-6w_18_0to134,D:\HaitongNi\MEngProject\d3_datasets\AIGVDBench_all_opensource_1000\frames\real\Real___t3Y3Xp3-6w_18_0to134\1.jpg,Real Video,0,16,"[1, 2, 3, 4, 5, 6, 7, 8, 9, 10, 11, 12, 13, 14, 15, 16]",_t3Y3Xp3-6w_18_0to134.mp4,Real,,F:\MEngDatasets\AIGVDBench\videos\Real\Real\videos\_t3Y3Xp3-6w_18_0to134.mp4,0,3.029995,-3.029995,1
D:\HaitongNi\MEngProject\d3_datasets\AIGVDBench_all_opensource_1000\frames\real\Real__r-DzbTILA-k_15_0to173,D:\HaitongNi\MEngProject\d3_datasets\AIGVDBench_all_opensource_1000\frames\real\Real__r-DzbTILA-k_15_0to173\1.jpg,Real Video,0,16,"[1, 2, 3, 4, 5, 6, 7, 8, 9, 10, 11, 12, 13, 14, 15, 16]",r-DzbTILA-k_15_0to173.mp4,Real,,F:\MEngDatasets\AIGVDBench\videos\Real\Real\videos\r-DzbTILA-k_15_0to173.mp4,0,1.524172,-1.524172,1
D:\HaitongNi\MEngProject\d3_datasets\AIGVDBench_all_opensource_1000\frames\real\Real__bWfMuy56LmU_4_54to261,D:\HaitongNi\MEngProject\d3_datasets\AIGVDBench_all_opensource_1000\frames\real\Real__bWfMuy56LmU_4_54to261\1.jpg,Real Video,0,16,"[1, 2, 3, 4, 5, 6, 7, 8, 9, 10, 11, 12, 13, 14, 15, 16]",bWfMuy56LmU_4_54to261.mp4,Real,,F:\MEngDatasets\AIGVDBench\videos\Real\Real\videos\bWfMuy56LmU_4_54to261.mp4,0,2.113982,-2.113982,1
D:\HaitongNi\MEngProject\d3_datasets\AIGVDBench_all_opensource_1000\frames\real\Real__XdQO4o-tdBI_8_29to266,D:\HaitongNi\MEngProject\d3_datasets\AIGVDBench_all_opensource_1000\frames\real\Real__XdQO4o-tdBI_8_29to266\1.jpg,Real Video,0,16,"[1, 2, 3, 4, 5, 6, 7, 8, 9, 10, 11, 12, 13, 14, 15, 16]",XdQO4o-tdBI_8_29to266.mp4,Real,,F:\MEngDatasets\AIGVDBench\videos\Real\Real\videos\XdQO4o-tdBI_8_29to266.mp4,0,2.0819576,-2.0819576,1
D:\HaitongNi\MEngProject\d3_datasets\AIGVDBench_all_opensource_1000\frames\real\Real__RiwfiO6Wh1I_4_0to117,D:\HaitongNi\MEngProject\d3_datasets\AIGVDBench_all_opensource_1000\frames\real\Real__RiwfiO6Wh1I_4_0to117\1.jpg,Real Video,0,16,"[1, 2, 3, 4, 5, 6, 7, 8, 9, 10, 11, 12, 13, 14, 15, 16]",RiwfiO6Wh1I_4_0to117.mp4,Real,,F:\MEngDatasets\AIGVDBench\videos\Real\Real\videos\RiwfiO6Wh1I_4_0to117.mp4,0,1.9297172,-1.9297172,1
D:\HaitongNi\MEngProject\d3_datasets\AIGVDBench_all_opensource_1000\frames\real\Real__OXDxv3c5j1w_10_118to897,D:\HaitongNi\MEngProject\d3_datasets\AIGVDBench_all_opensource_1000\frames\real\Real__OXDxv3c5j1w_10_118to897\1.jpg,Real Video,0,16,"[1, 2, 3, 4, 5, 6, 7, 8, 9, 10, 11, 12, 13, 14, 15, 16]",OXDxv3c5j1w_10_118to897.mp4,Real,,F:\MEngDatasets\AIGVDBench\videos\Real\Real\videos\OXDxv3c5j1w_10_118to897.mp4,0,3.2401822,-3.2401822,1
D:\HaitongNi\MEngProject\d3_datasets\AIGVDBench_all_opensource_1000\frames\real\Real__Kx0UQf8-4Uc_7_0to195,D:\HaitongNi\MEngProject\d3_datasets\AIGVDBench_all_opensource_1000\frames\real\Real__Kx0UQf8-4Uc_7_0to195\1.jpg,Real Video,0,16,"[1, 2, 3, 4, 5, 6, 7, 8, 9, 10, 11, 12, 13, 14, 15, 16]",Kx0UQf8-4Uc_7_0to195.mp4,Real,,F:\MEngDatasets\AIGVDBench\videos\Real\Real\videos\Kx0UQf8-4Uc_7_0to195.mp4,0,3.5363402,-3.5363402,1
D:\HaitongNi\MEngProject\d3_datasets\AIGVDBench_all_opensource_1000\frames\real\Real__nHoa0XBBQfA_5_0to185,D:\HaitongNi\MEngProject\d3_datasets\AIGVDBench_all_opensource_1000\frames\real\Real__nHoa0XBBQfA_5_0to185\1.jpg,Real Video,0,16,"[1, 2, 3, 4, 5, 6, 7, 8, 9, 10, 11, 12, 13, 14, 15, 16]",nHoa0XBBQfA_5_0to185.mp4,Real,,F:\MEngDatasets\AIGVDBench\videos\Real\Real\videos\nHoa0XBBQfA_5_0to185.mp4,0,1.4020165,-1.4020165,1
D:\HaitongNi\MEngProject\d3_datasets\AIGVDBench_all_opensource_1000\frames\real\Real__5vTxKv9YCzA_85_58to274,D:\HaitongNi\MEngProject\d3_datasets\AIGVDBench_all_opensource_1000\frames\real\Real__5vTxKv9YCzA_85_58to274\1.jpg,Real Video,0,16,"[1, 2, 3, 4, 5, 6, 7, 8, 9, 10, 11, 12, 13, 14, 15, 16]",5vTxKv9YCzA_85_58to274.mp4,Real,,F:\MEngDatasets\AIGVDBench\videos\Real\Real\videos\5vTxKv9YCzA_85_58to274.mp4,0,5.5091553,-5.5091553,0
D:\HaitongNi\MEngProject\d3_datasets\AIGVDBench_all_opensource_1000\frames\real\Real__d7ifb-aEW7Q_56_0to140,D:\HaitongNi\MEngProject\d3_datasets\AIGVDBench_all_opensource_1000\frames\real\Real__d7ifb-aEW7Q_56_0to140\1.jpg,Real Video,0,16,"[1, 2, 3, 4, 5, 6, 7, 8, 9, 10, 11, 12, 13, 14, 15, 16]",d7ifb-aEW7Q_56_0to140.mp4,Real,,F:\MEngDatasets\AIGVDBench\videos\Real\Real\videos\d7ifb-aEW7Q_56_0to140.mp4,0,1.4473332,-1.4473332,1
D:\HaitongNi\MEngProject\d3_datasets\AIGVDBench_all_opensource_1000\frames\real\Real__4HLv8_TO5IE_13_0to174,D:\HaitongNi\MEngProject\d3_datasets\AIGVDBench_all_opensource_1000\frames\real\Real__4HLv8_TO5IE_13_0to174\1.jpg,Real Video,0,16,"[1, 2, 3, 4, 5, 6, 7, 8, 9, 10, 11, 12, 13, 14, 15, 16]",4HLv8_TO5IE_13_0to174.mp4,Real,,F:\MEngDatasets\AIGVDBench\videos\Real\Real\videos\4HLv8_TO5IE_13_0to174.mp4,0,1.8050168,-1.8050168,1
D:\HaitongNi\MEngProject\d3_datasets\AIGVDBench_all_opensource_1000\frames\real\Real__r8u-6wQdM-A_26_0to234,D:\HaitongNi\MEngProject\d3_datasets\AIGVDBench_all_opensource_1000\frames\real\Real__r8u-6wQdM-A_26_0to234\1.jpg,Real Video,0,16,"[1, 2, 3, 4, 5, 6, 7, 8, 9, 10, 11, 12, 13, 14, 15, 16]",r8u-6wQdM-A_26_0to234.mp4,Real,,F:\MEngDatasets\AIGVDBench\videos\Real\Real\videos\r8u-6wQdM-A_26_0to234.mp4,0,2.345964,-2.345964,1
D:\HaitongNi\MEngProject\d3_datasets\AIGVDBench_all_opensource_1000\frames\real\Real__dgAFkFpHtFU_31_0to127,D:\HaitongNi\MEngProject\d3_datasets\AIGVDBench_all_opensource_1000\frames\real\Real__dgAFkFpHtFU_31_0to127\1.jpg,Real Video,0,16,"[1, 2, 3, 4, 5, 6, 7, 8, 9, 10, 11, 12, 13, 14, 15, 16]",dgAFkFpHtFU_31_0to127.mp4,Real,,F:\MEngDatasets\AIGVDBench\videos\Real\Real\videos\dgAFkFpHtFU_31_0to127.mp4,0,3.0254583,-3.0254583,1
D:\HaitongNi\MEngProject\d3_datasets\AIGVDBench_all_opensource_1000\frames\real\Real__oTZsxZFAp70_2_133to366,D:\HaitongNi\MEngProject\d3_datasets\AIGVDBench_all_opensource_1000\frames\real\Real__oTZsxZFAp70_2_133to366\1.jpg,Real Video,0,16,"[1, 2, 3, 4, 5, 6, 7, 8, 9, 10, 11, 12, 13, 14, 15, 16]",oTZsxZFAp70_2_133to366.mp4,Real,,F:\MEngDatasets\AIGVDBench\videos\Real\Real\videos\oTZsxZFAp70_2_133to366.mp4,0,2.6646428,-2.6646428,1
D:\HaitongNi\MEngProject\d3_datasets\AIGVDBench_all_opensource_1000\frames\real\Real__Am7nVGuKnS4_2_0to168,D:\HaitongNi\MEngProject\d3_datasets\AIGVDBench_all_opensource_1000\frames\real\Real__Am7nVGuKnS4_2_0to168\1.jpg,Real Video,0,16,"[1, 2, 3, 4, 5, 6, 7, 8, 9, 10, 11, 12, 13, 14, 15, 16]",Am7nVGuKnS4_2_0to168.mp4,Real,,F:\MEngDatasets\AIGVDBench\videos\Real\Real\videos\Am7nVGuKnS4_2_0to168.mp4,0,6.595095,-6.595095,0
D:\HaitongNi\MEngProject\d3_datasets\AIGVDBench_all_opensource_1000\frames\real\Real__ssZ-df_jhQ0_44_0to157,D:\HaitongNi\MEngProject\d3_datasets\AIGVDBench_all_opensource_1000\frames\real\Real__ssZ-df_jhQ0_44_0to157\1.jpg,Real Video,0,16,"[1, 2, 3, 4, 5, 6, 7, 8, 9, 10, 11, 12, 13, 14, 15, 16]",ssZ-df_jhQ0_44_0to157.mp4,Real,,F:\MEngDatasets\AIGVDBench\videos\Real\Real\videos\ssZ-df_jhQ0_44_0to157.mp4,0,2.5109937,-2.5109937,1
D:\HaitongNi\MEngProject\d3_datasets\AIGVDBench_all_opensource_1000\frames\real\Real__hzudjZ1dC7U_10_0to620,D:\HaitongNi\MEngProject\d3_datasets\AIGVDBench_all_opensource_1000\frames\real\Real__hzudjZ1dC7U_10_0to620\1.jpg,Real Video,0,16,"[1, 2, 3, 4, 5, 6, 7, 8, 9, 10, 11, 12, 13, 14, 15, 16]",hzudjZ1dC7U_10_0to620.mp4,Real,,F:\MEngDatasets\AIGVDBench\videos\Real\Real\videos\hzudjZ1dC7U_10_0to620.mp4,0,2.4444551,-2.4444551,1
D:\HaitongNi\MEngProject\d3_datasets\AIGVDBench_all_opensource_1000\frames\real\Real__Jgegx5BH5xM_41_0to121,D:\HaitongNi\MEngProject\d3_datasets\AIGVDBench_all_opensource_1000\frames\real\Real__Jgegx5BH5xM_41_0to121\1.jpg,Real Video,0,16,"[1, 2, 3, 4, 5, 6, 7, 8, 9, 10, 11, 12, 13, 14, 15, 16]",Jgegx5BH5xM_41_0to121.mp4,Real,,F:\MEngDatasets\AIGVDBench\videos\Real\Real\videos\Jgegx5BH5xM_41_0to121.mp4,0,1.2813553,-1.2813553,1
D:\HaitongNi\MEngProject\d3_datasets\AIGVDBench_all_opensource_1000\frames\real\Real__dXQSmGV-y4I_2_0to132,D:\HaitongNi\MEngProject\d3_datasets\AIGVDBench_all_opensource_1000\frames\real\Real__dXQSmGV-y4I_2_0to132\1.jpg,Real Video,0,16,"[1, 2, 3, 4, 5, 6, 7, 8, 9, 10, 11, 12, 13, 14, 15, 16]",dXQSmGV-y4I_2_0to132.mp4,Real,,F:\MEngDatasets\AIGVDBench\videos\Real\Real\videos\dXQSmGV-y4I_2_0to132.mp4,0,3.0613987,-3.0613987,1
D:\HaitongNi\MEngProject\d3_datasets\AIGVDBench_all_opensource_1000\frames\real\Real__HNad9oDp0uY_230_0to141,D:\HaitongNi\MEngProject\d3_datasets\AIGVDBench_all_opensource_1000\frames\real\Real__HNad9oDp0uY_230_0to141\1.jpg,Real Video,0,16,"[1, 2, 3, 4, 5, 6, 7, 8, 9, 10, 11, 12, 13, 14, 15, 16]",HNad9oDp0uY_230_0to141.mp4,Real,,F:\MEngDatasets\AIGVDBench\videos\Real\Real\videos\HNad9oDp0uY_230_0to141.mp4,0,6.284307,-6.284307,0
D:\HaitongNi\MEngProject\d3_datasets\AIGVDBench_all_opensource_1000\frames\real\Real__IFLdH8tEzF0_0_0to813,D:\HaitongNi\MEngProject\d3_datasets\AIGVDBench_all_opensource_1000\frames\real\Real__IFLdH8tEzF0_0_0to813\1.jpg,Real Video,0,16,"[1, 2, 3, 4, 5, 6, 7, 8, 9, 10, 11, 12, 13, 14, 15, 16]",IFLdH8tEzF0_0_0to813.mp4,Real,,F:\MEngDatasets\AIGVDBench\videos\Real\Real\videos\IFLdH8tEzF0_0_0to813.mp4,0,5.058163,-5.058163,1
D:\HaitongNi\MEngProject\d3_datasets\AIGVDBench_all_opensource_1000\frames\real\Real__GyhPEjXw1yA_5_0to107,D:\HaitongNi\MEngProject\d3_datasets\AIGVDBench_all_opensource_1000\frames\real\Real__GyhPEjXw1yA_5_0to107\1.jpg,Real Video,0,16,"[1, 2, 3, 4, 5, 6, 7, 8, 9, 10, 11, 12, 13, 14, 15, 16]",GyhPEjXw1yA_5_0to107.mp4,Real,,F:\MEngDatasets\AIGVDBench\videos\Real\Real\videos\GyhPEjXw1yA_5_0to107.mp4,0,1.8350745,-1.8350745,1
D:\HaitongNi\MEngProject\d3_datasets\AIGVDBench_all_opensource_1000\frames\real\Real__V_9LGoLDPyY_10_0to595,D:\HaitongNi\MEngProject\d3_datasets\AIGVDBench_all_opensource_1000\frames\real\Real__V_9LGoLDPyY_10_0to595\1.jpg,Real Video,0,16,"[1, 2, 3, 4, 5, 6, 7, 8, 9, 10, 11, 12, 13, 14, 15, 16]",V_9LGoLDPyY_10_0to595.mp4,Real,,F:\MEngDatasets\AIGVDBench\videos\Real\Real\videos\V_9LGoLDPyY_10_0to595.mp4,0,3.2333028,-3.2333028,1
D:\HaitongNi\MEngProject\d3_datasets\AIGVDBench_all_opensource_1000\frames\real\Real__b8SNtHukYiA_7_0to231,D:\HaitongNi\MEngProject\d3_datasets\AIGVDBench_all_opensource_1000\frames\real\Real__b8SNtHukYiA_7_0to231\1.jpg,Real Video,0,16,"[1, 2, 3, 4, 5, 6, 7, 8, 9, 10, 11, 12, 13, 14, 15, 16]",b8SNtHukYiA_7_0to231.mp4,Real,,F:\MEngDatasets\AIGVDBench\videos\Real\Real\videos\b8SNtHukYiA_7_0to231.mp4,0,2.289989,-2.289989,1
D:\HaitongNi\MEngProject\d3_datasets\AIGVDBench_all_opensource_1000\frames\real\Real__LtXvZgnorTs_56_0to104,D:\HaitongNi\MEngProject\d3_datasets\AIGVDBench_all_opensource_1000\frames\real\Real__LtXvZgnorTs_56_0to104\1.jpg,Real Video,0,16,"[1, 2, 3, 4, 5, 6, 7, 8, 9, 10, 11, 12, 13, 14, 15, 16]",LtXvZgnorTs_56_0to104.mp4,Real,,F:\MEngDatasets\AIGVDBench\videos\Real\Real\videos\LtXvZgnorTs_56_0to104.mp4,0,1.0800176,-1.0800176,1
D:\HaitongNi\MEngProject\d3_datasets\AIGVDBench_all_opensource_1000\frames\real\Real__o82SKvbybvY_14_104to700,D:\HaitongNi\MEngProject\d3_datasets\AIGVDBench_all_opensource_1000\frames\real\Real__o82SKvbybvY_14_104to700\1.jpg,Real Video,0,16,"[1, 2, 3, 4, 5, 6, 7, 8, 9, 10, 11, 12, 13, 14, 15, 16]",o82SKvbybvY_14_104to700.mp4,Real,,F:\MEngDatasets\AIGVDBench\videos\Real\Real\videos\o82SKvbybvY_14_104to700.mp4,0,4.250595,-4.250595,1
D:\HaitongNi\MEngProject\d3_datasets\AIGVDBench_all_opensource_1000\frames\real\Real__F_uI_R233XI_28_104to333,D:\HaitongNi\MEngProject\d3_datasets\AIGVDBench_all_opensource_1000\frames\real\Real__F_uI_R233XI_28_104to333\1.jpg,Real Video,0,16,"[1, 2, 3, 4, 5, 6, 7, 8, 9, 10, 11, 12, 13, 14, 15, 16]",F_uI_R233XI_28_104to333.mp4,Real,,F:\MEngDatasets\AIGVDBench\videos\Real\Real\videos\F_uI_R233XI_28_104to333.mp4,0,2.778061,-2.778061,1
D:\HaitongNi\MEngProject\d3_datasets\AIGVDBench_all_opensource_1000\frames\real\Real__aIGHTfekBqE_169_0to103,D:\HaitongNi\MEngProject\d3_datasets\AIGVDBench_all_opensource_1000\frames\real\Real__aIGHTfekBqE_169_0to103\1.jpg,Real Video,0,16,"[1, 2, 3, 4, 5, 6, 7, 8, 9, 10, 11, 12, 13, 14, 15, 16]",aIGHTfekBqE_169_0to103.mp4,Real,,F:\MEngDatasets\AIGVDBench\videos\Real\Real\videos\aIGHTfekBqE_169_0to103.mp4,0,5.8142962,-5.8142962,0
D:\HaitongNi\MEngProject\d3_datasets\AIGVDBench_all_opensource_1000\frames\real\Real__2MhlyrpXayw_82_245to468,D:\HaitongNi\MEngProject\d3_datasets\AIGVDBench_all_opensource_1000\frames\real\Real__2MhlyrpXayw_82_245to468\1.jpg,Real Video,0,16,"[1, 2, 3, 4, 5, 6, 7, 8, 9, 10, 11, 12, 13, 14, 15, 16]",2MhlyrpXayw_82_245to468.mp4,Real,,F:\MEngDatasets\AIGVDBench\videos\Real\Real\videos\2MhlyrpXayw_82_245to468.mp4,0,1.6344283,-1.6344283,1
D:\HaitongNi\MEngProject\d3_datasets\AIGVDBench_all_opensource_1000\frames\real\Real__YVxnWyjgdrU_1_0to104,D:\HaitongNi\MEngProject\d3_datasets\AIGVDBench_all_opensource_1000\frames\real\Real__YVxnWyjgdrU_1_0to104\1.jpg,Real Video,0,16,"[1, 2, 3, 4, 5, 6, 7, 8, 9, 10, 11, 12, 13, 14, 15, 16]",YVxnWyjgdrU_1_0to104.mp4,Real,,F:\MEngDatasets\AIGVDBench\videos\Real\Real\videos\YVxnWyjgdrU_1_0to104.mp4,0,1.7155547,-1.7155547,1
D:\HaitongNi\MEngProject\d3_datasets\AIGVDBench_all_opensource_1000\frames\real\Real__Mkioc1jHbfE_0_0to242,D:\HaitongNi\MEngProject\d3_datasets\AIGVDBench_all_opensource_1000\frames\real\Real__Mkioc1jHbfE_0_0to242\1.jpg,Real Video,0,16,"[1, 2, 3, 4, 5, 6, 7, 8, 9, 10, 11, 12, 13, 14, 15, 16]",Mkioc1jHbfE_0_0to242.mp4,Real,,F:\MEngDatasets\AIGVDBench\videos\Real\Real\videos\Mkioc1jHbfE_0_0to242.mp4,0,2.8317153,-2.8317153,1
D:\HaitongNi\MEngProject\d3_datasets\AIGVDBench_all_opensource_1000\frames\real\Real__OcPIcSqetew_4_33to275,D:\HaitongNi\MEngProject\d3_datasets\AIGVDBench_all_opensource_1000\frames\real\Real__OcPIcSqetew_4_33to275\1.jpg,Real Video,0,16,"[1, 2, 3, 4, 5, 6, 7, 8, 9, 10, 11, 12, 13, 14, 15, 16]",OcPIcSqetew_4_33to275.mp4,Real,,F:\MEngDatasets\AIGVDBench\videos\Real\Real\videos\OcPIcSqetew_4_33to275.mp4,0,5.4092464,-5.4092464,0
D:\HaitongNi\MEngProject\d3_datasets\AIGVDBench_all_opensource_1000\frames\real\Real__pmUgNlHem8A_11_0to133,D:\HaitongNi\MEngProject\d3_datasets\AIGVDBench_all_opensource_1000\frames\real\Real__pmUgNlHem8A_11_0to133\1.jpg,Real Video,0,16,"[1, 2, 3, 4, 5, 6, 7, 8, 9, 10, 11, 12, 13, 14, 15, 16]",pmUgNlHem8A_11_0to133.mp4,Real,,F:\MEngDatasets\AIGVDBench\videos\Real\Real\videos\pmUgNlHem8A_11_0to133.mp4,0,4.54595,-4.54595,1
D:\HaitongNi\MEngProject\d3_datasets\AIGVDBench_all_opensource_1000\frames\real\Real__gUeQlJzk1KI_18_0to182,D:\HaitongNi\MEngProject\d3_datasets\AIGVDBench_all_opensource_1000\frames\real\Real__gUeQlJzk1KI_18_0to182\1.jpg,Real Video,0,16,"[1, 2, 3, 4, 5, 6, 7, 8, 9, 10, 11, 12, 13, 14, 15, 16]",gUeQlJzk1KI_18_0to182.mp4,Real,,F:\MEngDatasets\AIGVDBench\videos\Real\Real\videos\gUeQlJzk1KI_18_0to182.mp4,0,2.5063887,-2.5063887,1
D:\HaitongNi\MEngProject\d3_datasets\AIGVDBench_all_opensource_1000\frames\real\Real__4cvgTuAaMDM_1_0to181,D:\HaitongNi\MEngProject\d3_datasets\AIGVDBench_all_opensource_1000\frames\real\Real__4cvgTuAaMDM_1_0to181\1.jpg,Real Video,0,16,"[1, 2, 3, 4, 5, 6, 7, 8, 9, 10, 11, 12, 13, 14, 15, 16]",4cvgTuAaMDM_1_0to181.mp4,Real,,F:\MEngDatasets\AIGVDBench\videos\Real\Real\videos\4cvgTuAaMDM_1_0to181.mp4,0,4.057031,-4.057031,1
D:\HaitongNi\MEngProject\d3_datasets\AIGVDBench_all_opensource_1000\frames\real\Real__PHbEXJGZBEA_4_0to299,D:\HaitongNi\MEngProject\d3_datasets\AIGVDBench_all_opensource_1000\frames\real\Real__PHbEXJGZBEA_4_0to299\1.jpg,Real Video,0,16,"[1, 2, 3, 4, 5, 6, 7, 8, 9, 10, 11, 12, 13, 14, 15, 16]",PHbEXJGZBEA_4_0to299.mp4,Real,,F:\MEngDatasets\AIGVDBench\videos\Real\Real\videos\PHbEXJGZBEA_4_0to299.mp4,0,4.930558,-4.930558,1
D:\HaitongNi\MEngProject\d3_datasets\AIGVDBench_all_opensource_1000\frames\real\Real__K-yJX0ekkc4_18_0to171,D:\HaitongNi\MEngProject\d3_datasets\AIGVDBench_all_opensource_1000\frames\real\Real__K-yJX0ekkc4_18_0to171\1.jpg,Real Video,0,16,"[1, 2, 3, 4, 5, 6, 7, 8, 9, 10, 11, 12, 13, 14, 15, 16]",K-yJX0ekkc4_18_0to171.mp4,Real,,F:\MEngDatasets\AIGVDBench\videos\Real\Real\videos\K-yJX0ekkc4_18_0to171.mp4,0,2.7703667,-2.7703667,1
D:\HaitongNi\MEngProject\d3_datasets\AIGVDBench_all_opensource_1000\frames\real\Real__m9ZSeb0n_1g_37_0to142,D:\HaitongNi\MEngProject\d3_datasets\AIGVDBench_all_opensource_1000\frames\real\Real__m9ZSeb0n_1g_37_0to142\1.jpg,Real Video,0,16,"[1, 2, 3, 4, 5, 6, 7, 8, 9, 10, 11, 12, 13, 14, 15, 16]",m9ZSeb0n_1g_37_0to142.mp4,Real,,F:\MEngDatasets\AIGVDBench\videos\Real\Real\videos\m9ZSeb0n_1g_37_0to142.mp4,0,3.338486,-3.338486,1
D:\HaitongNi\MEngProject\d3_datasets\AIGVDBench_all_opensource_1000\frames\real\Real__UzC6wrrVAm4_20_30to430,D:\HaitongNi\MEngProject\d3_datasets\AIGVDBench_all_opensource_1000\frames\real\Real__UzC6wrrVAm4_20_30to430\1.jpg,Real Video,0,16,"[1, 2, 3, 4, 5, 6, 7, 8, 9, 10, 11, 12, 13, 14, 15, 16]",UzC6wrrVAm4_20_30to430.mp4,Real,,F:\MEngDatasets\AIGVDBench\videos\Real\Real\videos\UzC6wrrVAm4_20_30to430.mp4,0,3.1019146,-3.1019146,1
D:\HaitongNi\MEngProject\d3_datasets\AIGVDBench_all_opensource_1000\frames\real\Real__xLkHEZTSeoU_22_18to143,D:\HaitongNi\MEngProject\d3_datasets\AIGVDBench_all_opensource_1000\frames\real\Real__xLkHEZTSeoU_22_18to143\1.jpg,Real Video,0,16,"[1, 2, 3, 4, 5, 6, 7, 8, 9, 10, 11, 12, 13, 14, 15, 16]",xLkHEZTSeoU_22_18to143.mp4,Real,,F:\MEngDatasets\AIGVDBench\videos\Real\Real\videos\xLkHEZTSeoU_22_18to143.mp4,0,2.3095496,-2.3095496,1
D:\HaitongNi\MEngProject\d3_datasets\AIGVDBench_all_opensource_1000\frames\real\Real__pY5vMP2zC98_0_0to181,D:\HaitongNi\MEngProject\d3_datasets\AIGVDBench_all_opensource_1000\frames\real\Real__pY5vMP2zC98_0_0to181\1.jpg,Real Video,0,16,"[1, 2, 3, 4, 5, 6, 7, 8, 9, 10, 11, 12, 13, 14, 15, 16]",pY5vMP2zC98_0_0to181.mp4,Real,,F:\MEngDatasets\AIGVDBench\videos\Real\Real\videos\pY5vMP2zC98_0_0to181.mp4,0,8.615128,-8.615128,0
D:\HaitongNi\MEngProject\d3_datasets\AIGVDBench_all_opensource_1000\frames\real\Real__-SUfEy_6Q2k_23_96to594,D:\HaitongNi\MEngProject\d3_datasets\AIGVDBench_all_opensource_1000\frames\real\Real__-SUfEy_6Q2k_23_96to594\1.jpg,Real Video,0,16,"[1, 2, 3, 4, 5, 6, 7, 8, 9, 10, 11, 12, 13, 14, 15, 16]",-SUfEy_6Q2k_23_96to594.mp4,Real,,F:\MEngDatasets\AIGVDBench\videos\Real\Real\videos\-SUfEy_6Q2k_23_96to594.mp4,0,4.598095,-4.598095,1
D:\HaitongNi\MEngProject\d3_datasets\AIGVDBench_all_opensource_1000\frames\real\Real__dAoeNx2Qdh0_10_66to170,D:\HaitongNi\MEngProject\d3_datasets\AIGVDBench_all_opensource_1000\frames\real\Real__dAoeNx2Qdh0_10_66to170\1.jpg,Real Video,0,16,"[1, 2, 3, 4, 5, 6, 7, 8, 9, 10, 11, 12, 13, 14, 15, 16]",dAoeNx2Qdh0_10_66to170.mp4,Real,,F:\MEngDatasets\AIGVDBench\videos\Real\Real\videos\dAoeNx2Qdh0_10_66to170.mp4,0,2.416903,-2.416903,1
D:\HaitongNi\MEngProject\d3_datasets\AIGVDBench_all_opensource_1000\frames\real\Real__etvI7eOGcBQ_4_0to577,D:\HaitongNi\MEngProject\d3_datasets\AIGVDBench_all_opensource_1000\frames\real\Real__etvI7eOGcBQ_4_0to577\1.jpg,Real Video,0,16,"[1, 2, 3, 4, 5, 6, 7, 8, 9, 10, 11, 12, 13, 14, 15, 16]",etvI7eOGcBQ_4_0to577.mp4,Real,,F:\MEngDatasets\AIGVDBench\videos\Real\Real\videos\etvI7eOGcBQ_4_0to577.mp4,0,2.8285563,-2.8285563,1
D:\HaitongNi\MEngProject\d3_datasets\AIGVDBench_all_opensource_1000\frames\real\Real__q7bO_JMnLuk_28_0to136,D:\HaitongNi\MEngProject\d3_datasets\AIGVDBench_all_opensource_1000\frames\real\Real__q7bO_JMnLuk_28_0to136\1.jpg,Real Video,0,16,"[1, 2, 3, 4, 5, 6, 7, 8, 9, 10, 11, 12, 13, 14, 15, 16]",q7bO_JMnLuk_28_0to136.mp4,Real,,F:\MEngDatasets\AIGVDBench\videos\Real\Real\videos\q7bO_JMnLuk_28_0to136.mp4,0,3.8584027,-3.8584027,1
D:\HaitongNi\MEngProject\d3_datasets\AIGVDBench_all_opensource_1000\frames\real\Real__guL5esGDFbk_11_0to163,D:\HaitongNi\MEngProject\d3_datasets\AIGVDBench_all_opensource_1000\frames\real\Real__guL5esGDFbk_11_0to163\1.jpg,Real Video,0,16,"[1, 2, 3, 4, 5, 6, 7, 8, 9, 10, 11, 12, 13, 14, 15, 16]",guL5esGDFbk_11_0to163.mp4,Real,,F:\MEngDatasets\AIGVDBench\videos\Real\Real\videos\guL5esGDFbk_11_0to163.mp4,0,3.0556927,-3.0556927,1
D:\HaitongNi\MEngProject\d3_datasets\AIGVDBench_all_opensource_1000\frames\real\Real__Nd8y0oRy0e4_14_59to168,D:\HaitongNi\MEngProject\d3_datasets\AIGVDBench_all_opensource_1000\frames\real\Real__Nd8y0oRy0e4_14_59to168\1.jpg,Real Video,0,16,"[1, 2, 3, 4, 5, 6, 7, 8, 9, 10, 11, 12, 13, 14, 15, 16]",Nd8y0oRy0e4_14_59to168.mp4,Real,,F:\MEngDatasets\AIGVDBench\videos\Real\Real\videos\Nd8y0oRy0e4_14_59to168.mp4,0,0.9449312,-0.9449312,1
D:\HaitongNi\MEngProject\d3_datasets\AIGVDBench_all_opensource_1000\frames\real\Real__t2e1xOcGpDc_47_24to178,D:\HaitongNi\MEngProject\d3_datasets\AIGVDBench_all_opensource_1000\frames\real\Real__t2e1xOcGpDc_47_24to178\1.jpg,Real Video,0,16,"[1, 2, 3, 4, 5, 6, 7, 8, 9, 10, 11, 12, 13, 14, 15, 16]",t2e1xOcGpDc_47_24to178.mp4,Real,,F:\MEngDatasets\AIGVDBench\videos\Real\Real\videos\t2e1xOcGpDc_47_24to178.mp4,0,1.4883701,-1.4883701,1
D:\HaitongNi\MEngProject\d3_datasets\AIGVDBench_all_opensource_1000\frames\real\Real__VpmmpSW8sBA_9_352to461,D:\HaitongNi\MEngProject\d3_datasets\AIGVDBench_all_opensource_1000\frames\real\Real__VpmmpSW8sBA_9_352to461\1.jpg,Real Video,0,16,"[1, 2, 3, 4, 5, 6, 7, 8, 9, 10, 11, 12, 13, 14, 15, 16]",VpmmpSW8sBA_9_352to461.mp4,Real,,F:\MEngDatasets\AIGVDBench\videos\Real\Real\videos\VpmmpSW8sBA_9_352to461.mp4,0,1.8129464,-1.8129464,1
D:\HaitongNi\MEngProject\d3_datasets\AIGVDBench_all_opensource_1000\frames\real\Real__DowgTXvI580_7_0to138,D:\HaitongNi\MEngProject\d3_datasets\AIGVDBench_all_opensource_1000\frames\real\Real__DowgTXvI580_7_0to138\1.jpg,Real Video,0,16,"[1, 2, 3, 4, 5, 6, 7, 8, 9, 10, 11, 12, 13, 14, 15, 16]",DowgTXvI580_7_0to138.mp4,Real,,F:\MEngDatasets\AIGVDBench\videos\Real\Real\videos\DowgTXvI580_7_0to138.mp4,0,2.395484,-2.395484,1
D:\HaitongNi\MEngProject\d3_datasets\AIGVDBench_all_opensource_1000\frames\real\Real__bJ-ISoSXxD0_5_35to137,D:\HaitongNi\MEngProject\d3_datasets\AIGVDBench_all_opensource_1000\frames\real\Real__bJ-ISoSXxD0_5_35to137\1.jpg,Real Video,0,16,"[1, 2, 3, 4, 5, 6, 7, 8, 9, 10, 11, 12, 13, 14, 15, 16]",bJ-ISoSXxD0_5_35to137.mp4,Real,,F:\MEngDatasets\AIGVDBench\videos\Real\Real\videos\bJ-ISoSXxD0_5_35to137.mp4,0,0.670698,-0.670698,1
D:\HaitongNi\MEngProject\d3_datasets\AIGVDBench_all_opensource_1000\frames\real\Real__rnS-H_4fjMk_53_0to131,D:\HaitongNi\MEngProject\d3_datasets\AIGVDBench_all_opensource_1000\frames\real\Real__rnS-H_4fjMk_53_0to131\1.jpg,Real Video,0,16,"[1, 2, 3, 4, 5, 6, 7, 8, 9, 10, 11, 12, 13, 14, 15, 16]",rnS-H_4fjMk_53_0to131.mp4,Real,,F:\MEngDatasets\AIGVDBench\videos\Real\Real\videos\rnS-H_4fjMk_53_0to131.mp4,0,1.2878017,-1.2878017,1
D:\HaitongNi\MEngProject\d3_datasets\AIGVDBench_all_opensource_1000\frames\real\Real__dNBxy8VuvC4_17_0to108,D:\HaitongNi\MEngProject\d3_datasets\AIGVDBench_all_opensource_1000\frames\real\Real__dNBxy8VuvC4_17_0to108\1.jpg,Real Video,0,16,"[1, 2, 3, 4, 5, 6, 7, 8, 9, 10, 11, 12, 13, 14, 15, 16]",dNBxy8VuvC4_17_0to108.mp4,Real,,F:\MEngDatasets\AIGVDBench\videos\Real\Real\videos\dNBxy8VuvC4_17_0to108.mp4,0,0.78821194,-0.78821194,1
D:\HaitongNi\MEngProject\d3_datasets\AIGVDBench_all_opensource_1000\frames\real\Real__IGOCCo_tTsQ_1_18to311,D:\HaitongNi\MEngProject\d3_datasets\AIGVDBench_all_opensource_1000\frames\real\Real__IGOCCo_tTsQ_1_18to311\1.jpg,Real Video,0,16,"[1, 2, 3, 4, 5, 6, 7, 8, 9, 10, 11, 12, 13, 14, 15, 16]",IGOCCo_tTsQ_1_18to311.mp4,Real,,F:\MEngDatasets\AIGVDBench\videos\Real\Real\videos\IGOCCo_tTsQ_1_18to311.mp4,0,3.1712062,-3.1712062,1
D:\HaitongNi\MEngProject\d3_datasets\AIGVDBench_all_opensource_1000\frames\real\Real__Gf5_NXL7ZUk_82_16to138,D:\HaitongNi\MEngProject\d3_datasets\AIGVDBench_all_opensource_1000\frames\real\Real__Gf5_NXL7ZUk_82_16to138\1.jpg,Real Video,0,16,"[1, 2, 3, 4, 5, 6, 7, 8, 9, 10, 11, 12, 13, 14, 15, 16]",Gf5_NXL7ZUk_82_16to138.mp4,Real,,F:\MEngDatasets\AIGVDBench\videos\Real\Real\videos\Gf5_NXL7ZUk_82_16to138.mp4,0,1.505714,-1.505714,1
D:\HaitongNi\MEngProject\d3_datasets\AIGVDBench_all_opensource_1000\frames\real\Real__W5R52mgaBgk_13_85to215,D:\HaitongNi\MEngProject\d3_datasets\AIGVDBench_all_opensource_1000\frames\real\Real__W5R52mgaBgk_13_85to215\1.jpg,Real Video,0,16,"[1, 2, 3, 4, 5, 6, 7, 8, 9, 10, 11, 12, 13, 14, 15, 16]",W5R52mgaBgk_13_85to215.mp4,Real,,F:\MEngDatasets\AIGVDBench\videos\Real\Real\videos\W5R52mgaBgk_13_85to215.mp4,0,1.7098349,-1.7098349,1
D:\HaitongNi\MEngProject\d3_datasets\AIGVDBench_all_opensource_1000\frames\real\Real__6TQAiymtBQg_9_27to154,D:\HaitongNi\MEngProject\d3_datasets\AIGVDBench_all_opensource_1000\frames\real\Real__6TQAiymtBQg_9_27to154\1.jpg,Real Video,0,16,"[1, 2, 3, 4, 5, 6, 7, 8, 9, 10, 11, 12, 13, 14, 15, 16]",6TQAiymtBQg_9_27to154.mp4,Real,,F:\MEngDatasets\AIGVDBench\videos\Real\Real\videos\6TQAiymtBQg_9_27to154.mp4,0,2.9918447,-2.9918447,1
D:\HaitongNi\MEngProject\d3_datasets\AIGVDBench_all_opensource_1000\frames\real\Real__ochW9SHXtso_41_0to228,D:\HaitongNi\MEngProject\d3_datasets\AIGVDBench_all_opensource_1000\frames\real\Real__ochW9SHXtso_41_0to228\1.jpg,Real Video,0,16,"[1, 2, 3, 4, 5, 6, 7, 8, 9, 10, 11, 12, 13, 14, 15, 16]",ochW9SHXtso_41_0to228.mp4,Real,,F:\MEngDatasets\AIGVDBench\videos\Real\Real\videos\ochW9SHXtso_41_0to228.mp4,0,1.5670383,-1.5670383,1
D:\HaitongNi\MEngProject\d3_datasets\AIGVDBench_all_opensource_1000\frames\real\Real__dUDS7EiZf7k_21_143to343,D:\HaitongNi\MEngProject\d3_datasets\AIGVDBench_all_opensource_1000\frames\real\Real__dUDS7EiZf7k_21_143to343\1.jpg,Real Video,0,16,"[1, 2, 3, 4, 5, 6, 7, 8, 9, 10, 11, 12, 13, 14, 15, 16]",dUDS7EiZf7k_21_143to343.mp4,Real,,F:\MEngDatasets\AIGVDBench\videos\Real\Real\videos\dUDS7EiZf7k_21_143to343.mp4,0,0.86521626,-0.86521626,1
D:\HaitongNi\MEngProject\d3_datasets\AIGVDBench_all_opensource_1000\frames\real\Real__XX2qUA41HME_42_0to183,D:\HaitongNi\MEngProject\d3_datasets\AIGVDBench_all_opensource_1000\frames\real\Real__XX2qUA41HME_42_0to183\1.jpg,Real Video,0,16,"[1, 2, 3, 4, 5, 6, 7, 8, 9, 10, 11, 12, 13, 14, 15, 16]",XX2qUA41HME_42_0to183.mp4,Real,,F:\MEngDatasets\AIGVDBench\videos\Real\Real\videos\XX2qUA41HME_42_0to183.mp4,0,1.6144714,-1.6144714,1
D:\HaitongNi\MEngProject\d3_datasets\AIGVDBench_all_opensource_1000\frames\real\Real__m_uowp9xlpY_6_0to628,D:\HaitongNi\MEngProject\d3_datasets\AIGVDBench_all_opensource_1000\frames\real\Real__m_uowp9xlpY_6_0to628\1.jpg,Real Video,0,16,"[1, 2, 3, 4, 5, 6, 7, 8, 9, 10, 11, 12, 13, 14, 15, 16]",m_uowp9xlpY_6_0to628.mp4,Real,,F:\MEngDatasets\AIGVDBench\videos\Real\Real\videos\m_uowp9xlpY_6_0to628.mp4,0,3.2324297,-3.2324297,1
D:\HaitongNi\MEngProject\d3_datasets\AIGVDBench_all_opensource_1000\frames\real\Real__jaO9L0MTRbU_17_45to170,D:\HaitongNi\MEngProject\d3_datasets\AIGVDBench_all_opensource_1000\frames\real\Real__jaO9L0MTRbU_17_45to170\1.jpg,Real Video,0,16,"[1, 2, 3, 4, 5, 6, 7, 8, 9, 10, 11, 12, 13, 14, 15, 16]",jaO9L0MTRbU_17_45to170.mp4,Real,,F:\MEngDatasets\AIGVDBench\videos\Real\Real\videos\jaO9L0MTRbU_17_45to170.mp4,0,1.0827575,-1.0827575,1
D:\HaitongNi\MEngProject\d3_datasets\AIGVDBench_all_opensource_1000\frames\real\Real__VDEJIm93giE_6_0to276,D:\HaitongNi\MEngProject\d3_datasets\AIGVDBench_all_opensource_1000\frames\real\Real__VDEJIm93giE_6_0to276\1.jpg,Real Video,0,16,"[1, 2, 3, 4, 5, 6, 7, 8, 9, 10, 11, 12, 13, 14, 15, 16]",VDEJIm93giE_6_0to276.mp4,Real,,F:\MEngDatasets\AIGVDBench\videos\Real\Real\videos\VDEJIm93giE_6_0to276.mp4,0,2.287178,-2.287178,1
D:\HaitongNi\MEngProject\d3_datasets\AIGVDBench_all_opensource_1000\frames\real\Real__SCxn-lNP3KQ_24_17to216,D:\HaitongNi\MEngProject\d3_datasets\AIGVDBench_all_opensource_1000\frames\real\Real__SCxn-lNP3KQ_24_17to216\1.jpg,Real Video,0,16,"[1, 2, 3, 4, 5, 6, 7, 8, 9, 10, 11, 12, 13, 14, 15, 16]",SCxn-lNP3KQ_24_17to216.mp4,Real,,F:\MEngDatasets\AIGVDBench\videos\Real\Real\videos\SCxn-lNP3KQ_24_17to216.mp4,0,1.1524338,-1.1524338,1
D:\HaitongNi\MEngProject\d3_datasets\AIGVDBench_all_opensource_1000\frames\real\Real__IX-R6dEYWCs_17_0to517,D:\HaitongNi\MEngProject\d3_datasets\AIGVDBench_all_opensource_1000\frames\real\Real__IX-R6dEYWCs_17_0to517\1.jpg,Real Video,0,16,"[1, 2, 3, 4, 5, 6, 7, 8, 9, 10, 11, 12, 13, 14, 15, 16]",IX-R6dEYWCs_17_0to517.mp4,Real,,F:\MEngDatasets\AIGVDBench\videos\Real\Real\videos\IX-R6dEYWCs_17_0to517.mp4,0,1.7877002,-1.7877002,1
D:\HaitongNi\MEngProject\d3_datasets\AIGVDBench_all_opensource_1000\frames\real\Real__oSz7b9vRxxg_43_257to492,D:\HaitongNi\MEngProject\d3_datasets\AIGVDBench_all_opensource_1000\frames\real\Real__oSz7b9vRxxg_43_257to492\1.jpg,Real Video,0,16,"[1, 2, 3, 4, 5, 6, 7, 8, 9, 10, 11, 12, 13, 14, 15, 16]",oSz7b9vRxxg_43_257to492.mp4,Real,,F:\MEngDatasets\AIGVDBench\videos\Real\Real\videos\oSz7b9vRxxg_43_257to492.mp4,0,1.6073974,-1.6073974,1
D:\HaitongNi\MEngProject\d3_datasets\AIGVDBench_all_opensource_1000\frames\real\Real__4xSKhrsm3AM_9_170to456,D:\HaitongNi\MEngProject\d3_datasets\AIGVDBench_all_opensource_1000\frames\real\Real__4xSKhrsm3AM_9_170to456\1.jpg,Real Video,0,16,"[1, 2, 3, 4, 5, 6, 7, 8, 9, 10, 11, 12, 13, 14, 15, 16]",4xSKhrsm3AM_9_170to456.mp4,Real,,F:\MEngDatasets\AIGVDBench\videos\Real\Real\videos\4xSKhrsm3AM_9_170to456.mp4,0,3.6592057,-3.6592057,1
D:\HaitongNi\MEngProject\d3_datasets\AIGVDBench_all_opensource_1000\frames\real\Real__abWRJCy3IPA_34_0to463,D:\HaitongNi\MEngProject\d3_datasets\AIGVDBench_all_opensource_1000\frames\real\Real__abWRJCy3IPA_34_0to463\1.jpg,Real Video,0,16,"[1, 2, 3, 4, 5, 6, 7, 8, 9, 10, 11, 12, 13, 14, 15, 16]",abWRJCy3IPA_34_0to463.mp4,Real,,F:\MEngDatasets\AIGVDBench\videos\Real\Real\videos\abWRJCy3IPA_34_0to463.mp4,0,4.156344,-4.156344,1
D:\HaitongNi\MEngProject\d3_datasets\AIGVDBench_all_opensource_1000\frames\real\Real__r03AuoH00eM_5_399to542,D:\HaitongNi\MEngProject\d3_datasets\AIGVDBench_all_opensource_1000\frames\real\Real__r03AuoH00eM_5_399to542\1.jpg,Real Video,0,16,"[1, 2, 3, 4, 5, 6, 7, 8, 9, 10, 11, 12, 13, 14, 15, 16]",r03AuoH00eM_5_399to542.mp4,Real,,F:\MEngDatasets\AIGVDBench\videos\Real\Real\videos\r03AuoH00eM_5_399to542.mp4,0,1.9890007,-1.9890007,1
D:\HaitongNi\MEngProject\d3_datasets\AIGVDBench_all_opensource_1000\frames\real\Real__OpamzmJN6Jk_17_0to345,D:\HaitongNi\MEngProject\d3_datasets\AIGVDBench_all_opensource_1000\frames\real\Real__OpamzmJN6Jk_17_0to345\1.jpg,Real Video,0,16,"[1, 2, 3, 4, 5, 6, 7, 8, 9, 10, 11, 12, 13, 14, 15, 16]",OpamzmJN6Jk_17_0to345.mp4,Real,,F:\MEngDatasets\AIGVDBench\videos\Real\Real\videos\OpamzmJN6Jk_17_0to345.mp4,0,2.5258076,-2.5258076,1
D:\HaitongNi\MEngProject\d3_datasets\AIGVDBench_all_opensource_1000\frames\real\Real__27BG9R9vrZI_43_0to283,D:\HaitongNi\MEngProject\d3_datasets\AIGVDBench_all_opensource_1000\frames\real\Real__27BG9R9vrZI_43_0to283\1.jpg,Real Video,0,16,"[1, 2, 3, 4, 5, 6, 7, 8, 9, 10, 11, 12, 13, 14, 15, 16]",27BG9R9vrZI_43_0to283.mp4,Real,,F:\MEngDatasets\AIGVDBench\videos\Real\Real\videos\27BG9R9vrZI_43_0to283.mp4,0,2.8756075,-2.8756075,1
D:\HaitongNi\MEngProject\d3_datasets\AIGVDBench_all_opensource_1000\frames\real\Real__NBELKvAWHsU_37_41to227,D:\HaitongNi\MEngProject\d3_datasets\AIGVDBench_all_opensource_1000\frames\real\Real__NBELKvAWHsU_37_41to227\1.jpg,Real Video,0,16,"[1, 2, 3, 4, 5, 6, 7, 8, 9, 10, 11, 12, 13, 14, 15, 16]",NBELKvAWHsU_37_41to227.mp4,Real,,F:\MEngDatasets\AIGVDBench\videos\Real\Real\videos\NBELKvAWHsU_37_41to227.mp4,0,3.440577,-3.440577,1
D:\HaitongNi\MEngProject\d3_datasets\AIGVDBench_all_opensource_1000\frames\real\Real__IQlOhYM7uY4_4_0to242,D:\HaitongNi\MEngProject\d3_datasets\AIGVDBench_all_opensource_1000\frames\real\Real__IQlOhYM7uY4_4_0to242\1.jpg,Real Video,0,16,"[1, 2, 3, 4, 5, 6, 7, 8, 9, 10, 11, 12, 13, 14, 15, 16]",IQlOhYM7uY4_4_0to242.mp4,Real,,F:\MEngDatasets\AIGVDBench\videos\Real\Real\videos\IQlOhYM7uY4_4_0to242.mp4,0,1.192228,-1.192228,1
D:\HaitongNi\MEngProject\d3_datasets\AIGVDBench_all_opensource_1000\frames\real\Real__GoKXJNYNtuc_26_0to127,D:\HaitongNi\MEngProject\d3_datasets\AIGVDBench_all_opensource_1000\frames\real\Real__GoKXJNYNtuc_26_0to127\1.jpg,Real Video,0,16,"[1, 2, 3, 4, 5, 6, 7, 8, 9, 10, 11, 12, 13, 14, 15, 16]",GoKXJNYNtuc_26_0to127.mp4,Real,,F:\MEngDatasets\AIGVDBench\videos\Real\Real\videos\GoKXJNYNtuc_26_0to127.mp4,0,1.2889085,-1.2889085,1
D:\HaitongNi\MEngProject\d3_datasets\AIGVDBench_all_opensource_1000\frames\real\Real__-rXf8vEMpFI_16_456to659,D:\HaitongNi\MEngProject\d3_datasets\AIGVDBench_all_opensource_1000\frames\real\Real__-rXf8vEMpFI_16_456to659\1.jpg,Real Video,0,16,"[1, 2, 3, 4, 5, 6, 7, 8, 9, 10, 11, 12, 13, 14, 15, 16]",-rXf8vEMpFI_16_456to659.mp4,Real,,F:\MEngDatasets\AIGVDBench\videos\Real\Real\videos\-rXf8vEMpFI_16_456to659.mp4,0,2.5986404,-2.5986404,1
D:\HaitongNi\MEngProject\d3_datasets\AIGVDBench_all_opensource_1000\frames\real\Real__JwYPVbnqU-s_8_0to798,D:\HaitongNi\MEngProject\d3_datasets\AIGVDBench_all_opensource_1000\frames\real\Real__JwYPVbnqU-s_8_0to798\1.jpg,Real Video,0,16,"[1, 2, 3, 4, 5, 6, 7, 8, 9, 10, 11, 12, 13, 14, 15, 16]",JwYPVbnqU-s_8_0to798.mp4,Real,,F:\MEngDatasets\AIGVDBench\videos\Real\Real\videos\JwYPVbnqU-s_8_0to798.mp4,0,3.2807484,-3.2807484,1
D:\HaitongNi\MEngProject\d3_datasets\AIGVDBench_all_opensource_1000\frames\real\Real__FQDZEktkqvc_35_0to116,D:\HaitongNi\MEngProject\d3_datasets\AIGVDBench_all_opensource_1000\frames\real\Real__FQDZEktkqvc_35_0to116\1.jpg,Real Video,0,16,"[1, 2, 3, 4, 5, 6, 7, 8, 9, 10, 11, 12, 13, 14, 15, 16]",FQDZEktkqvc_35_0to116.mp4,Real,,F:\MEngDatasets\AIGVDBench\videos\Real\Real\videos\FQDZEktkqvc_35_0to116.mp4,0,2.92763,-2.92763,1
D:\HaitongNi\MEngProject\d3_datasets\AIGVDBench_all_opensource_1000\frames\real\Real__1MCMHvAcrZg_26_0to135,D:\HaitongNi\MEngProject\d3_datasets\AIGVDBench_all_opensource_1000\frames\real\Real__1MCMHvAcrZg_26_0to135\1.jpg,Real Video,0,16,"[1, 2, 3, 4, 5, 6, 7, 8, 9, 10, 11, 12, 13, 14, 15, 16]",1MCMHvAcrZg_26_0to135.mp4,Real,,F:\MEngDatasets\AIGVDBench\videos\Real\Real\videos\1MCMHvAcrZg_26_0to135.mp4,0,2.6511087,-2.6511087,1
D:\HaitongNi\MEngProject\d3_datasets\AIGVDBench_all_opensource_1000\frames\real\Real__IDUim1Cqloo_7_0to162,D:\HaitongNi\MEngProject\d3_datasets\AIGVDBench_all_opensource_1000\frames\real\Real__IDUim1Cqloo_7_0to162\1.jpg,Real Video,0,16,"[1, 2, 3, 4, 5, 6, 7, 8, 9, 10, 11, 12, 13, 14, 15, 16]",IDUim1Cqloo_7_0to162.mp4,Real,,F:\MEngDatasets\AIGVDBench\videos\Real\Real\videos\IDUim1Cqloo_7_0to162.mp4,0,2.3286488,-2.3286488,1
D:\HaitongNi\MEngProject\d3_datasets\AIGVDBench_all_opensource_1000\frames\real\Real__v1EPNGKcbJQ_24_19to133,D:\HaitongNi\MEngProject\d3_datasets\AIGVDBench_all_opensource_1000\frames\real\Real__v1EPNGKcbJQ_24_19to133\1.jpg,Real Video,0,16,"[1, 2, 3, 4, 5, 6, 7, 8, 9, 10, 11, 12, 13, 14, 15, 16]",v1EPNGKcbJQ_24_19to133.mp4,Real,,F:\MEngDatasets\AIGVDBench\videos\Real\Real\videos\v1EPNGKcbJQ_24_19to133.mp4,0,1.6327087,-1.6327087,1
D:\HaitongNi\MEngProject\d3_datasets\AIGVDBench_all_opensource_1000\frames\real\Real__Q0gOJn0jekU_59_357to589,D:\HaitongNi\MEngProject\d3_datasets\AIGVDBench_all_opensource_1000\frames\real\Real__Q0gOJn0jekU_59_357to589\1.jpg,Real Video,0,16,"[1, 2, 3, 4, 5, 6, 7, 8, 9, 10, 11, 12, 13, 14, 15, 16]",Q0gOJn0jekU_59_357to589.mp4,Real,,F:\MEngDatasets\AIGVDBench\videos\Real\Real\videos\Q0gOJn0jekU_59_357to589.mp4,0,3.382902,-3.382902,1
D:\HaitongNi\MEngProject\d3_datasets\AIGVDBench_all_opensource_1000\frames\real\Real__0qBtDxT6Wow_7_0to123,D:\HaitongNi\MEngProject\d3_datasets\AIGVDBench_all_opensource_1000\frames\real\Real__0qBtDxT6Wow_7_0to123\1.jpg,Real Video,0,16,"[1, 2, 3, 4, 5, 6, 7, 8, 9, 10, 11, 12, 13, 14, 15, 16]",0qBtDxT6Wow_7_0to123.mp4,Real,,F:\MEngDatasets\AIGVDBench\videos\Real\Real\videos\0qBtDxT6Wow_7_0to123.mp4,0,2.2755775,-2.2755775,1
D:\HaitongNi\MEngProject\d3_datasets\AIGVDBench_all_opensource_1000\frames\real\Real__gpPbugLgG2Q_19_0to338,D:\HaitongNi\MEngProject\d3_datasets\AIGVDBench_all_opensource_1000\frames\real\Real__gpPbugLgG2Q_19_0to338\1.jpg,Real Video,0,16,"[1, 2, 3, 4, 5, 6, 7, 8, 9, 10, 11, 12, 13, 14, 15, 16]",gpPbugLgG2Q_19_0to338.mp4,Real,,F:\MEngDatasets\AIGVDBench\videos\Real\Real\videos\gpPbugLgG2Q_19_0to338.mp4,0,1.9416124,-1.9416124,1
D:\HaitongNi\MEngProject\d3_datasets\AIGVDBench_all_opensource_1000\frames\real\Real__UNDddGy_NZ4_19_0to125,D:\HaitongNi\MEngProject\d3_datasets\AIGVDBench_all_opensource_1000\frames\real\Real__UNDddGy_NZ4_19_0to125\1.jpg,Real Video,0,16,"[1, 2, 3, 4, 5, 6, 7, 8, 9, 10, 11, 12, 13, 14, 15, 16]",UNDddGy_NZ4_19_0to125.mp4,Real,,F:\MEngDatasets\AIGVDBench\videos\Real\Real\videos\UNDddGy_NZ4_19_0to125.mp4,0,1.1350209,-1.1350209,1
D:\HaitongNi\MEngProject\d3_datasets\AIGVDBench_all_opensource_1000\frames\real\Real__nuy5PIjuQ6k_95_0to203,D:\HaitongNi\MEngProject\d3_datasets\AIGVDBench_all_opensource_1000\frames\real\Real__nuy5PIjuQ6k_95_0to203\1.jpg,Real Video,0,16,"[1, 2, 3, 4, 5, 6, 7, 8, 9, 10, 11, 12, 13, 14, 15, 16]",nuy5PIjuQ6k_95_0to203.mp4,Real,,F:\MEngDatasets\AIGVDBench\videos\Real\Real\videos\nuy5PIjuQ6k_95_0to203.mp4,0,3.5698044,-3.5698044,1
D:\HaitongNi\MEngProject\d3_datasets\AIGVDBench_all_opensource_1000\frames\real\Real__jQ-ljwdpAEE_18_0to718,D:\HaitongNi\MEngProject\d3_datasets\AIGVDBench_all_opensource_1000\frames\real\Real__jQ-ljwdpAEE_18_0to718\1.jpg,Real Video,0,16,"[1, 2, 3, 4, 5, 6, 7, 8, 9, 10, 11, 12, 13, 14, 15, 16]",jQ-ljwdpAEE_18_0to718.mp4,Real,,F:\MEngDatasets\AIGVDBench\videos\Real\Real\videos\jQ-ljwdpAEE_18_0to718.mp4,0,3.2917984,-3.2917984,1
D:\HaitongNi\MEngProject\d3_datasets\AIGVDBench_all_opensource_1000\frames\real\Real__NWYRv_MKaA8_10_24to132,D:\HaitongNi\MEngProject\d3_datasets\AIGVDBench_all_opensource_1000\frames\real\Real__NWYRv_MKaA8_10_24to132\1.jpg,Real Video,0,16,"[1, 2, 3, 4, 5, 6, 7, 8, 9, 10, 11, 12, 13, 14, 15, 16]",NWYRv_MKaA8_10_24to132.mp4,Real,,F:\MEngDatasets\AIGVDBench\videos\Real\Real\videos\NWYRv_MKaA8_10_24to132.mp4,0,3.349115,-3.349115,1
D:\HaitongNi\MEngProject\d3_datasets\AIGVDBench_all_opensource_1000\frames\real\Real__ABp98mmiX8g_24_0to185,D:\HaitongNi\MEngProject\d3_datasets\AIGVDBench_all_opensource_1000\frames\real\Real__ABp98mmiX8g_24_0to185\1.jpg,Real Video,0,16,"[1, 2, 3, 4, 5, 6, 7, 8, 9, 10, 11, 12, 13, 14, 15, 16]",ABp98mmiX8g_24_0to185.mp4,Real,,F:\MEngDatasets\AIGVDBench\videos\Real\Real\videos\ABp98mmiX8g_24_0to185.mp4,0,1.251663,-1.251663,1
D:\HaitongNi\MEngProject\d3_datasets\AIGVDBench_all_opensource_1000\frames\real\Real__Z92LMTR0fhw_27_0to371,D:\HaitongNi\MEngProject\d3_datasets\AIGVDBench_all_opensource_1000\frames\real\Real__Z92LMTR0fhw_27_0to371\1.jpg,Real Video,0,16,"[1, 2, 3, 4, 5, 6, 7, 8, 9, 10, 11, 12, 13, 14, 15, 16]",Z92LMTR0fhw_27_0to371.mp4,Real,,F:\MEngDatasets\AIGVDBench\videos\Real\Real\videos\Z92LMTR0fhw_27_0to371.mp4,0,3.0225973,-3.0225973,1
D:\HaitongNi\MEngProject\d3_datasets\AIGVDBench_all_opensource_1000\frames\real\Real__wnPqGM9wqWg_10_0to172,D:\HaitongNi\MEngProject\d3_datasets\AIGVDBench_all_opensource_1000\frames\real\Real__wnPqGM9wqWg_10_0to172\1.jpg,Real Video,0,16,"[1, 2, 3, 4, 5, 6, 7, 8, 9, 10, 11, 12, 13, 14, 15, 16]",wnPqGM9wqWg_10_0to172.mp4,Real,,F:\MEngDatasets\AIGVDBench\videos\Real\Real\videos\wnPqGM9wqWg_10_0to172.mp4,0,4.5175915,-4.5175915,1
D:\HaitongNi\MEngProject\d3_datasets\AIGVDBench_all_opensource_1000\frames\real\Real__KR62f4KtLdo_40_0to371,D:\HaitongNi\MEngProject\d3_datasets\AIGVDBench_all_opensource_1000\frames\real\Real__KR62f4KtLdo_40_0to371\1.jpg,Real Video,0,16,"[1, 2, 3, 4, 5, 6, 7, 8, 9, 10, 11, 12, 13, 14, 15, 16]",KR62f4KtLdo_40_0to371.mp4,Real,,F:\MEngDatasets\AIGVDBench\videos\Real\Real\videos\KR62f4KtLdo_40_0to371.mp4,0,2.473435,-2.473435,1
D:\HaitongNi\MEngProject\d3_datasets\AIGVDBench_all_opensource_1000\frames\real\Real__RNFbU-LRIgg_13_0to134,D:\HaitongNi\MEngProject\d3_datasets\AIGVDBench_all_opensource_1000\frames\real\Real__RNFbU-LRIgg_13_0to134\1.jpg,Real Video,0,16,"[1, 2, 3, 4, 5, 6, 7, 8, 9, 10, 11, 12, 13, 14, 15, 16]",RNFbU-LRIgg_13_0to134.mp4,Real,,F:\MEngDatasets\AIGVDBench\videos\Real\Real\videos\RNFbU-LRIgg_13_0to134.mp4,0,1.5284303,-1.5284303,1
D:\HaitongNi\MEngProject\d3_datasets\AIGVDBench_all_opensource_1000\frames\real\Real__qwQDOBqaXrU_60_54to254,D:\HaitongNi\MEngProject\d3_datasets\AIGVDBench_all_opensource_1000\frames\real\Real__qwQDOBqaXrU_60_54to254\1.jpg,Real Video,0,16,"[1, 2, 3, 4, 5, 6, 7, 8, 9, 10, 11, 12, 13, 14, 15, 16]",qwQDOBqaXrU_60_54to254.mp4,Real,,F:\MEngDatasets\AIGVDBench\videos\Real\Real\videos\qwQDOBqaXrU_60_54to254.mp4,0,3.6001117,-3.6001117,1
D:\HaitongNi\MEngProject\d3_datasets\AIGVDBench_all_opensource_1000\frames\real\Real__3sN2lrkabII_75_0to194,D:\HaitongNi\MEngProject\d3_datasets\AIGVDBench_all_opensource_1000\frames\real\Real__3sN2lrkabII_75_0to194\1.jpg,Real Video,0,16,"[1, 2, 3, 4, 5, 6, 7, 8, 9, 10, 11, 12, 13, 14, 15, 16]",3sN2lrkabII_75_0to194.mp4,Real,,F:\MEngDatasets\AIGVDBench\videos\Real\Real\videos\3sN2lrkabII_75_0to194.mp4,0,2.1392798,-2.1392798,1
D:\HaitongNi\MEngProject\d3_datasets\AIGVDBench_all_opensource_1000\frames\real\Real__5wWRP-YvHOo_18_99to221,D:\HaitongNi\MEngProject\d3_datasets\AIGVDBench_all_opensource_1000\frames\real\Real__5wWRP-YvHOo_18_99to221\1.jpg,Real Video,0,16,"[1, 2, 3, 4, 5, 6, 7, 8, 9, 10, 11, 12, 13, 14, 15, 16]",5wWRP-YvHOo_18_99to221.mp4,Real,,F:\MEngDatasets\AIGVDBench\videos\Real\Real\videos\5wWRP-YvHOo_18_99to221.mp4,0,1.5613856,-1.5613856,1
D:\HaitongNi\MEngProject\d3_datasets\AIGVDBench_all_opensource_1000\frames\real\Real__X1lI_SIFsBI_12_87to238,D:\HaitongNi\MEngProject\d3_datasets\AIGVDBench_all_opensource_1000\frames\real\Real__X1lI_SIFsBI_12_87to238\1.jpg,Real Video,0,16,"[1, 2, 3, 4, 5, 6, 7, 8, 9, 10, 11, 12, 13, 14, 15, 16]",X1lI_SIFsBI_12_87to238.mp4,Real,,F:\MEngDatasets\AIGVDBench\videos\Real\Real\videos\X1lI_SIFsBI_12_87to238.mp4,0,2.8057916,-2.8057916,1
D:\HaitongNi\MEngProject\d3_datasets\AIGVDBench_all_opensource_1000\frames\real\Real__GOTo1I2YK4o_22_0to124,D:\HaitongNi\MEngProject\d3_datasets\AIGVDBench_all_opensource_1000\frames\real\Real__GOTo1I2YK4o_22_0to124\1.jpg,Real Video,0,16,"[1, 2, 3, 4, 5, 6, 7, 8, 9, 10, 11, 12, 13, 14, 15, 16]",GOTo1I2YK4o_22_0to124.mp4,Real,,F:\MEngDatasets\AIGVDBench\videos\Real\Real\videos\GOTo1I2YK4o_22_0to124.mp4,0,2.7666743,-2.7666743,1
D:\HaitongNi\MEngProject\d3_datasets\AIGVDBench_all_opensource_1000\frames\real\Real__a2cOE_CBbX4_37_0to138,D:\HaitongNi\MEngProject\d3_datasets\AIGVDBench_all_opensource_1000\frames\real\Real__a2cOE_CBbX4_37_0to138\1.jpg,Real Video,0,16,"[1, 2, 3, 4, 5, 6, 7, 8, 9, 10, 11, 12, 13, 14, 15, 16]",a2cOE_CBbX4_37_0to138.mp4,Real,,F:\MEngDatasets\AIGVDBench\videos\Real\Real\videos\a2cOE_CBbX4_37_0to138.mp4,0,2.646907,-2.646907,1
D:\HaitongNi\MEngProject\d3_datasets\AIGVDBench_all_opensource_1000\frames\real\Real__Xp7Xpe5K4fw_143_0to138,D:\HaitongNi\MEngProject\d3_datasets\AIGVDBench_all_opensource_1000\frames\real\Real__Xp7Xpe5K4fw_143_0to138\1.jpg,Real Video,0,16,"[1, 2, 3, 4, 5, 6, 7, 8, 9, 10, 11, 12, 13, 14, 15, 16]",Xp7Xpe5K4fw_143_0to138.mp4,Real,,F:\MEngDatasets\AIGVDBench\videos\Real\Real\videos\Xp7Xpe5K4fw_143_0to138.mp4,0,5.337684,-5.337684,0
D:\HaitongNi\MEngProject\d3_datasets\AIGVDBench_all_opensource_1000\frames\real\Real__JiMnA1Jos38_54_426to551,D:\HaitongNi\MEngProject\d3_datasets\AIGVDBench_all_opensource_1000\frames\real\Real__JiMnA1Jos38_54_426to551\1.jpg,Real Video,0,16,"[1, 2, 3, 4, 5, 6, 7, 8, 9, 10, 11, 12, 13, 14, 15, 16]",JiMnA1Jos38_54_426to551.mp4,Real,,F:\MEngDatasets\AIGVDBench\videos\Real\Real\videos\JiMnA1Jos38_54_426to551.mp4,0,2.33391,-2.33391,1
D:\HaitongNi\MEngProject\d3_datasets\AIGVDBench_all_opensource_1000\frames\real\Real__8E_EqVsYfKk_13_28to160,D:\HaitongNi\MEngProject\d3_datasets\AIGVDBench_all_opensource_1000\frames\real\Real__8E_EqVsYfKk_13_28to160\1.jpg,Real Video,0,16,"[1, 2, 3, 4, 5, 6, 7, 8, 9, 10, 11, 12, 13, 14, 15, 16]",8E_EqVsYfKk_13_28to160.mp4,Real,,F:\MEngDatasets\AIGVDBench\videos\Real\Real\videos\8E_EqVsYfKk_13_28to160.mp4,0,1.9329774,-1.9329774,1
D:\HaitongNi\MEngProject\d3_datasets\AIGVDBench_all_opensource_1000\frames\real\Real__cVXOomRcwbc_23_0to706,D:\HaitongNi\MEngProject\d3_datasets\AIGVDBench_all_opensource_1000\frames\real\Real__cVXOomRcwbc_23_0to706\1.jpg,Real Video,0,16,"[1, 2, 3, 4, 5, 6, 7, 8, 9, 10, 11, 12, 13, 14, 15, 16]",cVXOomRcwbc_23_0to706.mp4,Real,,F:\MEngDatasets\AIGVDBench\videos\Real\Real\videos\cVXOomRcwbc_23_0to706.mp4,0,3.7915337,-3.7915337,1
D:\HaitongNi\MEngProject\d3_datasets\AIGVDBench_all_opensource_1000\frames\real\Real__3ZMZsIn4B_U_2_0to109,D:\HaitongNi\MEngProject\d3_datasets\AIGVDBench_all_opensource_1000\frames\real\Real__3ZMZsIn4B_U_2_0to109\1.jpg,Real Video,0,16,"[1, 2, 3, 4, 5, 6, 7, 8, 9, 10, 11, 12, 13, 14, 15, 16]",3ZMZsIn4B_U_2_0to109.mp4,Real,,F:\MEngDatasets\AIGVDBench\videos\Real\Real\videos\3ZMZsIn4B_U_2_0to109.mp4,0,2.200261,-2.200261,1
D:\HaitongNi\MEngProject\d3_datasets\AIGVDBench_all_opensource_1000\frames\real\Real__s9R1LAyD1Xc_37_0to323,D:\HaitongNi\MEngProject\d3_datasets\AIGVDBench_all_opensource_1000\frames\real\Real__s9R1LAyD1Xc_37_0to323\1.jpg,Real Video,0,16,"[1, 2, 3, 4, 5, 6, 7, 8, 9, 10, 11, 12, 13, 14, 15, 16]",s9R1LAyD1Xc_37_0to323.mp4,Real,,F:\MEngDatasets\AIGVDBench\videos\Real\Real\videos\s9R1LAyD1Xc_37_0to323.mp4,0,1.7741361,-1.7741361,1
D:\HaitongNi\MEngProject\d3_datasets\AIGVDBench_all_opensource_1000\frames\real\Real__gecJ4L9Iz0Q_19_0to110,D:\HaitongNi\MEngProject\d3_datasets\AIGVDBench_all_opensource_1000\frames\real\Real__gecJ4L9Iz0Q_19_0to110\1.jpg,Real Video,0,16,"[1, 2, 3, 4, 5, 6, 7, 8, 9, 10, 11, 12, 13, 14, 15, 16]",gecJ4L9Iz0Q_19_0to110.mp4,Real,,F:\MEngDatasets\AIGVDBench\videos\Real\Real\videos\gecJ4L9Iz0Q_19_0to110.mp4,0,1.6749394,-1.6749394,1
D:\HaitongNi\MEngProject\d3_datasets\AIGVDBench_all_opensource_1000\frames\real\Real__8h2VzhXzW78_8_0to136,D:\HaitongNi\MEngProject\d3_datasets\AIGVDBench_all_opensource_1000\frames\real\Real__8h2VzhXzW78_8_0to136\1.jpg,Real Video,0,16,"[1, 2, 3, 4, 5, 6, 7, 8, 9, 10, 11, 12, 13, 14, 15, 16]",8h2VzhXzW78_8_0to136.mp4,Real,,F:\MEngDatasets\AIGVDBench\videos\Real\Real\videos\8h2VzhXzW78_8_0to136.mp4,0,2.5865228,-2.5865228,1
D:\HaitongNi\MEngProject\d3_datasets\AIGVDBench_all_opensource_1000\frames\real\Real___jybBErIEz0_0_0to158,D:\HaitongNi\MEngProject\d3_datasets\AIGVDBench_all_opensource_1000\frames\real\Real___jybBErIEz0_0_0to158\1.jpg,Real Video,0,16,"[1, 2, 3, 4, 5, 6, 7, 8, 9, 10, 11, 12, 13, 14, 15, 16]",_jybBErIEz0_0_0to158.mp4,Real,,F:\MEngDatasets\AIGVDBench\videos\Real\Real\videos\_jybBErIEz0_0_0to158.mp4,0,3.6192343,-3.6192343,1
D:\HaitongNi\MEngProject\d3_datasets\AIGVDBench_all_opensource_1000\frames\real\Real__nfn4QVJ7d24_12_49to303,D:\HaitongNi\MEngProject\d3_datasets\AIGVDBench_all_opensource_1000\frames\real\Real__nfn4QVJ7d24_12_49to303\1.jpg,Real Video,0,16,"[1, 2, 3, 4, 5, 6, 7, 8, 9, 10, 11, 12, 13, 14, 15, 16]",nfn4QVJ7d24_12_49to303.mp4,Real,,F:\MEngDatasets\AIGVDBench\videos\Real\Real\videos\nfn4QVJ7d24_12_49to303.mp4,0,3.5112286,-3.5112286,1
D:\HaitongNi\MEngProject\d3_datasets\AIGVDBench_all_opensource_1000\frames\real\Real__59rVyli9rss_31_101to216,D:\HaitongNi\MEngProject\d3_datasets\AIGVDBench_all_opensource_1000\frames\real\Real__59rVyli9rss_31_101to216\1.jpg,Real Video,0,16,"[1, 2, 3, 4, 5, 6, 7, 8, 9, 10, 11, 12, 13, 14, 15, 16]",59rVyli9rss_31_101to216.mp4,Real,,F:\MEngDatasets\AIGVDBench\videos\Real\Real\videos\59rVyli9rss_31_101to216.mp4,0,1.1313057,-1.1313057,1
D:\HaitongNi\MEngProject\d3_datasets\AIGVDBench_all_opensource_1000\frames\real\Real__9aMid-fqDDI_15_0to201,D:\HaitongNi\MEngProject\d3_datasets\AIGVDBench_all_opensource_1000\frames\real\Real__9aMid-fqDDI_15_0to201\1.jpg,Real Video,0,16,"[1, 2, 3, 4, 5, 6, 7, 8, 9, 10, 11, 12, 13, 14, 15, 16]",9aMid-fqDDI_15_0to201.mp4,Real,,F:\MEngDatasets\AIGVDBench\videos\Real\Real\videos\9aMid-fqDDI_15_0to201.mp4,0,1.1547749,-1.1547749,1
D:\HaitongNi\MEngProject\d3_datasets\AIGVDBench_all_opensource_1000\frames\real\Real__AVyiv6eJWq0_11_0to104,D:\HaitongNi\MEngProject\d3_datasets\AIGVDBench_all_opensource_1000\frames\real\Real__AVyiv6eJWq0_11_0to104\1.jpg,Real Video,0,16,"[1, 2, 3, 4, 5, 6, 7, 8, 9, 10, 11, 12, 13, 14, 15, 16]",AVyiv6eJWq0_11_0to104.mp4,Real,,F:\MEngDatasets\AIGVDBench\videos\Real\Real\videos\AVyiv6eJWq0_11_0to104.mp4,0,5.202864,-5.202864,0
D:\HaitongNi\MEngProject\d3_datasets\AIGVDBench_all_opensource_1000\frames\real\Real__a743JFvmp9k_2_26to157,D:\HaitongNi\MEngProject\d3_datasets\AIGVDBench_all_opensource_1000\frames\real\Real__a743JFvmp9k_2_26to157\1.jpg,Real Video,0,16,"[1, 2, 3, 4, 5, 6, 7, 8, 9, 10, 11, 12, 13, 14, 15, 16]",a743JFvmp9k_2_26to157.mp4,Real,,F:\MEngDatasets\AIGVDBench\videos\Real\Real\videos\a743JFvmp9k_2_26to157.mp4,0,1.4982799,-1.4982799,1
D:\HaitongNi\MEngProject\d3_datasets\AIGVDBench_all_opensource_1000\frames\real\Real__vO3lAoKlsxY_43_0to200,D:\HaitongNi\MEngProject\d3_datasets\AIGVDBench_all_opensource_1000\frames\real\Real__vO3lAoKlsxY_43_0to200\1.jpg,Real Video,0,16,"[1, 2, 3, 4, 5, 6, 7, 8, 9, 10, 11, 12, 13, 14, 15, 16]",vO3lAoKlsxY_43_0to200.mp4,Real,,F:\MEngDatasets\AIGVDBench\videos\Real\Real\videos\vO3lAoKlsxY_43_0to200.mp4,0,2.3630424,-2.3630424,1
D:\HaitongNi\MEngProject\d3_datasets\AIGVDBench_all_opensource_1000\frames\real\Real__cWn5vARbHB0_28_46to166,D:\HaitongNi\MEngProject\d3_datasets\AIGVDBench_all_opensource_1000\frames\real\Real__cWn5vARbHB0_28_46to166\1.jpg,Real Video,0,16,"[1, 2, 3, 4, 5, 6, 7, 8, 9, 10, 11, 12, 13, 14, 15, 16]",cWn5vARbHB0_28_46to166.mp4,Real,,F:\MEngDatasets\AIGVDBench\videos\Real\Real\videos\cWn5vARbHB0_28_46to166.mp4,0,1.7759085,-1.7759085,1
D:\HaitongNi\MEngProject\d3_datasets\AIGVDBench_all_opensource_1000\frames\real\Real__jty7y2KedUE_23_0to259,D:\HaitongNi\MEngProject\d3_datasets\AIGVDBench_all_opensource_1000\frames\real\Real__jty7y2KedUE_23_0to259\1.jpg,Real Video,0,16,"[1, 2, 3, 4, 5, 6, 7, 8, 9, 10, 11, 12, 13, 14, 15, 16]",jty7y2KedUE_23_0to259.mp4,Real,,F:\MEngDatasets\AIGVDBench\videos\Real\Real\videos\jty7y2KedUE_23_0to259.mp4,0,6.7306757,-6.7306757,0
D:\HaitongNi\MEngProject\d3_datasets\AIGVDBench_all_opensource_1000\frames\real\Real__hU-KE7VvDfM_21_67to381,D:\HaitongNi\MEngProject\d3_datasets\AIGVDBench_all_opensource_1000\frames\real\Real__hU-KE7VvDfM_21_67to381\1.jpg,Real Video,0,16,"[1, 2, 3, 4, 5, 6, 7, 8, 9, 10, 11, 12, 13, 14, 15, 16]",hU-KE7VvDfM_21_67to381.mp4,Real,,F:\MEngDatasets\AIGVDBench\videos\Real\Real\videos\hU-KE7VvDfM_21_67to381.mp4,0,3.6949549,-3.6949549,1
D:\HaitongNi\MEngProject\d3_datasets\AIGVDBench_all_opensource_1000\frames\real\Real__p8ib7bXxYwc_4_655to814,D:\HaitongNi\MEngProject\d3_datasets\AIGVDBench_all_opensource_1000\frames\real\Real__p8ib7bXxYwc_4_655to814\1.jpg,Real Video,0,16,"[1, 2, 3, 4, 5, 6, 7, 8, 9, 10, 11, 12, 13, 14, 15, 16]",p8ib7bXxYwc_4_655to814.mp4,Real,,F:\MEngDatasets\AIGVDBench\videos\Real\Real\videos\p8ib7bXxYwc_4_655to814.mp4,0,3.6115828,-3.6115828,1
D:\HaitongNi\MEngProject\d3_datasets\AIGVDBench_all_opensource_1000\frames\real\Real__VtXuGg0Qkro_82_0to197,D:\HaitongNi\MEngProject\d3_datasets\AIGVDBench_all_opensource_1000\frames\real\Real__VtXuGg0Qkro_82_0to197\1.jpg,Real Video,0,16,"[1, 2, 3, 4, 5, 6, 7, 8, 9, 10, 11, 12, 13, 14, 15, 16]",VtXuGg0Qkro_82_0to197.mp4,Real,,F:\MEngDatasets\AIGVDBench\videos\Real\Real\videos\VtXuGg0Qkro_82_0to197.mp4,0,1.4950992,-1.4950992,1
D:\HaitongNi\MEngProject\d3_datasets\AIGVDBench_all_opensource_1000\frames\real\Real__8nieamUmSEA_256_0to102,D:\HaitongNi\MEngProject\d3_datasets\AIGVDBench_all_opensource_1000\frames\real\Real__8nieamUmSEA_256_0to102\1.jpg,Real Video,0,16,"[1, 2, 3, 4, 5, 6, 7, 8, 9, 10, 11, 12, 13, 14, 15, 16]",8nieamUmSEA_256_0to102.mp4,Real,,F:\MEngDatasets\AIGVDBench\videos\Real\Real\videos\8nieamUmSEA_256_0to102.mp4,0,2.5481358,-2.5481358,1
D:\HaitongNi\MEngProject\d3_datasets\AIGVDBench_all_opensource_1000\frames\real\Real__axKP6KBH49c_4_0to185,D:\HaitongNi\MEngProject\d3_datasets\AIGVDBench_all_opensource_1000\frames\real\Real__axKP6KBH49c_4_0to185\1.jpg,Real Video,0,16,"[1, 2, 3, 4, 5, 6, 7, 8, 9, 10, 11, 12, 13, 14, 15, 16]",axKP6KBH49c_4_0to185.mp4,Real,,F:\MEngDatasets\AIGVDBench\videos\Real\Real\videos\axKP6KBH49c_4_0to185.mp4,0,5.806464,-5.806464,0
D:\HaitongNi\MEngProject\d3_datasets\AIGVDBench_all_opensource_1000\frames\real\Real__iWdkJPc7TV8_24_0to115,D:\HaitongNi\MEngProject\d3_datasets\AIGVDBench_all_opensource_1000\frames\real\Real__iWdkJPc7TV8_24_0to115\1.jpg,Real Video,0,16,"[1, 2, 3, 4, 5, 6, 7, 8, 9, 10, 11, 12, 13, 14, 15, 16]",iWdkJPc7TV8_24_0to115.mp4,Real,,F:\MEngDatasets\AIGVDBench\videos\Real\Real\videos\iWdkJPc7TV8_24_0to115.mp4,0,1.8848045,-1.8848045,1
D:\HaitongNi\MEngProject\d3_datasets\AIGVDBench_all_opensource_1000\frames\real\Real__o2LQGDTAF0A_25_0to126,D:\HaitongNi\MEngProject\d3_datasets\AIGVDBench_all_opensource_1000\frames\real\Real__o2LQGDTAF0A_25_0to126\1.jpg,Real Video,0,16,"[1, 2, 3, 4, 5, 6, 7, 8, 9, 10, 11, 12, 13, 14, 15, 16]",o2LQGDTAF0A_25_0to126.mp4,Real,,F:\MEngDatasets\AIGVDBench\videos\Real\Real\videos\o2LQGDTAF0A_25_0to126.mp4,0,1.695196,-1.695196,1
D:\HaitongNi\MEngProject\d3_datasets\AIGVDBench_all_opensource_1000\frames\real\Real__33aJsPSvRSk_56_74to478,D:\HaitongNi\MEngProject\d3_datasets\AIGVDBench_all_opensource_1000\frames\real\Real__33aJsPSvRSk_56_74to478\1.jpg,Real Video,0,16,"[1, 2, 3, 4, 5, 6, 7, 8, 9, 10, 11, 12, 13, 14, 15, 16]",33aJsPSvRSk_56_74to478.mp4,Real,,F:\MEngDatasets\AIGVDBench\videos\Real\Real\videos\33aJsPSvRSk_56_74to478.mp4,0,2.5536234,-2.5536234,1
D:\HaitongNi\MEngProject\d3_datasets\AIGVDBench_all_opensource_1000\frames\real\Real__0K-NUNgaM6Y_35_0to253,D:\HaitongNi\MEngProject\d3_datasets\AIGVDBench_all_opensource_1000\frames\real\Real__0K-NUNgaM6Y_35_0to253\1.jpg,Real Video,0,16,"[1, 2, 3, 4, 5, 6, 7, 8, 9, 10, 11, 12, 13, 14, 15, 16]",0K-NUNgaM6Y_35_0to253.mp4,Real,,F:\MEngDatasets\AIGVDBench\videos\Real\Real\videos\0K-NUNgaM6Y_35_0to253.mp4,0,3.1047332,-3.1047332,1
D:\HaitongNi\MEngProject\d3_datasets\AIGVDBench_all_opensource_1000\frames\real\Real__15jukZlAd-A_31_36to137,D:\HaitongNi\MEngProject\d3_datasets\AIGVDBench_all_opensource_1000\frames\real\Real__15jukZlAd-A_31_36to137\1.jpg,Real Video,0,16,"[1, 2, 3, 4, 5, 6, 7, 8, 9, 10, 11, 12, 13, 14, 15, 16]",15jukZlAd-A_31_36to137.mp4,Real,,F:\MEngDatasets\AIGVDBench\videos\Real\Real\videos\15jukZlAd-A_31_36to137.mp4,0,3.1702993,-3.1702993,1
D:\HaitongNi\MEngProject\d3_datasets\AIGVDBench_all_opensource_1000\frames\real\Real__jcfvZocnrV8_29_55to259,D:\HaitongNi\MEngProject\d3_datasets\AIGVDBench_all_opensource_1000\frames\real\Real__jcfvZocnrV8_29_55to259\1.jpg,Real Video,0,16,"[1, 2, 3, 4, 5, 6, 7, 8, 9, 10, 11, 12, 13, 14, 15, 16]",jcfvZocnrV8_29_55to259.mp4,Real,,F:\MEngDatasets\AIGVDBench\videos\Real\Real\videos\jcfvZocnrV8_29_55to259.mp4,0,3.5641987,-3.5641987,1
D:\HaitongNi\MEngProject\d3_datasets\AIGVDBench_all_opensource_1000\frames\real\Real__lePRQNJP0BU_29_0to1128,D:\HaitongNi\MEngProject\d3_datasets\AIGVDBench_all_opensource_1000\frames\real\Real__lePRQNJP0BU_29_0to1128\1.jpg,Real Video,0,16,"[1, 2, 3, 4, 5, 6, 7, 8, 9, 10, 11, 12, 13, 14, 15, 16]",lePRQNJP0BU_29_0to1128.mp4,Real,,F:\MEngDatasets\AIGVDBench\videos\Real\Real\videos\lePRQNJP0BU_29_0to1128.mp4,0,4.287409,-4.287409,1
D:\HaitongNi\MEngProject\d3_datasets\AIGVDBench_all_opensource_1000\frames\real\Real__RlUIPfb_a7Y_2_0to1223,D:\HaitongNi\MEngProject\d3_datasets\AIGVDBench_all_opensource_1000\frames\real\Real__RlUIPfb_a7Y_2_0to1223\1.jpg,Real Video,0,16,"[1, 2, 3, 4, 5, 6, 7, 8, 9, 10, 11, 12, 13, 14, 15, 16]",RlUIPfb_a7Y_2_0to1223.mp4,Real,,F:\MEngDatasets\AIGVDBench\videos\Real\Real\videos\RlUIPfb_a7Y_2_0to1223.mp4,0,2.6146038,-2.6146038,1
D:\HaitongNi\MEngProject\d3_datasets\AIGVDBench_all_opensource_1000\frames\real\Real__jet4_Hc5j8I_13_0to109,D:\HaitongNi\MEngProject\d3_datasets\AIGVDBench_all_opensource_1000\frames\real\Real__jet4_Hc5j8I_13_0to109\1.jpg,Real Video,0,16,"[1, 2, 3, 4, 5, 6, 7, 8, 9, 10, 11, 12, 13, 14, 15, 16]",jet4_Hc5j8I_13_0to109.mp4,Real,,F:\MEngDatasets\AIGVDBench\videos\Real\Real\videos\jet4_Hc5j8I_13_0to109.mp4,0,3.1923854,-3.1923854,1
D:\HaitongNi\MEngProject\d3_datasets\AIGVDBench_all_opensource_1000\frames\real\Real__EFaSEk3e5f4_46_19to358,D:\HaitongNi\MEngProject\d3_datasets\AIGVDBench_all_opensource_1000\frames\real\Real__EFaSEk3e5f4_46_19to358\1.jpg,Real Video,0,16,"[1, 2, 3, 4, 5, 6, 7, 8, 9, 10, 11, 12, 13, 14, 15, 16]",EFaSEk3e5f4_46_19to358.mp4,Real,,F:\MEngDatasets\AIGVDBench\videos\Real\Real\videos\EFaSEk3e5f4_46_19to358.mp4,0,4.453405,-4.453405,1
D:\HaitongNi\MEngProject\d3_datasets\AIGVDBench_all_opensource_1000\frames\real\Real__tdeP8cJicXA_14_0to136,D:\HaitongNi\MEngProject\d3_datasets\AIGVDBench_all_opensource_1000\frames\real\Real__tdeP8cJicXA_14_0to136\1.jpg,Real Video,0,16,"[1, 2, 3, 4, 5, 6, 7, 8, 9, 10, 11, 12, 13, 14, 15, 16]",tdeP8cJicXA_14_0to136.mp4,Real,,F:\MEngDatasets\AIGVDBench\videos\Real\Real\videos\tdeP8cJicXA_14_0to136.mp4,0,3.954608,-3.954608,1
D:\HaitongNi\MEngProject\d3_datasets\AIGVDBench_all_opensource_1000\frames\real\Real__R-cKZCZctnM_21_411to660,D:\HaitongNi\MEngProject\d3_datasets\AIGVDBench_all_opensource_1000\frames\real\Real__R-cKZCZctnM_21_411to660\1.jpg,Real Video,0,16,"[1, 2, 3, 4, 5, 6, 7, 8, 9, 10, 11, 12, 13, 14, 15, 16]",R-cKZCZctnM_21_411to660.mp4,Real,,F:\MEngDatasets\AIGVDBench\videos\Real\Real\videos\R-cKZCZctnM_21_411to660.mp4,0,1.759443,-1.759443,1
D:\HaitongNi\MEngProject\d3_datasets\AIGVDBench_all_opensource_1000\frames\real\Real__Avh9ayHAH_U_3_17to131,D:\HaitongNi\MEngProject\d3_datasets\AIGVDBench_all_opensource_1000\frames\real\Real__Avh9ayHAH_U_3_17to131\1.jpg,Real Video,0,16,"[1, 2, 3, 4, 5, 6, 7, 8, 9, 10, 11, 12, 13, 14, 15, 16]",Avh9ayHAH_U_3_17to131.mp4,Real,,F:\MEngDatasets\AIGVDBench\videos\Real\Real\videos\Avh9ayHAH_U_3_17to131.mp4,0,7.6875997,-7.6875997,0
D:\HaitongNi\MEngProject\d3_datasets\AIGVDBench_all_opensource_1000\frames\real\Real__zGeGtUCzNZU_1_58to390,D:\HaitongNi\MEngProject\d3_datasets\AIGVDBench_all_opensource_1000\frames\real\Real__zGeGtUCzNZU_1_58to390\1.jpg,Real Video,0,16,"[1, 2, 3, 4, 5, 6, 7, 8, 9, 10, 11, 12, 13, 14, 15, 16]",zGeGtUCzNZU_1_58to390.mp4,Real,,F:\MEngDatasets\AIGVDBench\videos\Real\Real\videos\zGeGtUCzNZU_1_58to390.mp4,0,1.5193877,-1.5193877,1
D:\HaitongNi\MEngProject\d3_datasets\AIGVDBench_all_opensource_1000\frames\real\Real__xPcAfdYCj5k_136_0to424,D:\HaitongNi\MEngProject\d3_datasets\AIGVDBench_all_opensource_1000\frames\real\Real__xPcAfdYCj5k_136_0to424\1.jpg,Real Video,0,16,"[1, 2, 3, 4, 5, 6, 7, 8, 9, 10, 11, 12, 13, 14, 15, 16]",xPcAfdYCj5k_136_0to424.mp4,Real,,F:\MEngDatasets\AIGVDBench\videos\Real\Real\videos\xPcAfdYCj5k_136_0to424.mp4,0,3.7625737,-3.7625737,1
D:\HaitongNi\MEngProject\d3_datasets\AIGVDBench_all_opensource_1000\frames\real\Real__trqDnLNRuSc_17_17to156,D:\HaitongNi\MEngProject\d3_datasets\AIGVDBench_all_opensource_1000\frames\real\Real__trqDnLNRuSc_17_17to156\1.jpg,Real Video,0,16,"[1, 2, 3, 4, 5, 6, 7, 8, 9, 10, 11, 12, 13, 14, 15, 16]",trqDnLNRuSc_17_17to156.mp4,Real,,F:\MEngDatasets\AIGVDBench\videos\Real\Real\videos\trqDnLNRuSc_17_17to156.mp4,0,2.058962,-2.058962,1
D:\HaitongNi\MEngProject\d3_datasets\AIGVDBench_all_opensource_1000\frames\real\Real__HMMCE4hivA4_56_102to217,D:\HaitongNi\MEngProject\d3_datasets\AIGVDBench_all_opensource_1000\frames\real\Real__HMMCE4hivA4_56_102to217\1.jpg,Real Video,0,16,"[1, 2, 3, 4, 5, 6, 7, 8, 9, 10, 11, 12, 13, 14, 15, 16]",HMMCE4hivA4_56_102to217.mp4,Real,,F:\MEngDatasets\AIGVDBench\videos\Real\Real\videos\HMMCE4hivA4_56_102to217.mp4,0,2.133679,-2.133679,1
D:\HaitongNi\MEngProject\d3_datasets\AIGVDBench_all_opensource_1000\frames\real\Real__j57D2cpkKI0_8_24to215,D:\HaitongNi\MEngProject\d3_datasets\AIGVDBench_all_opensource_1000\frames\real\Real__j57D2cpkKI0_8_24to215\1.jpg,Real Video,0,16,"[1, 2, 3, 4, 5, 6, 7, 8, 9, 10, 11, 12, 13, 14, 15, 16]",j57D2cpkKI0_8_24to215.mp4,Real,,F:\MEngDatasets\AIGVDBench\videos\Real\Real\videos\j57D2cpkKI0_8_24to215.mp4,0,2.915031,-2.915031,1
D:\HaitongNi\MEngProject\d3_datasets\AIGVDBench_all_opensource_1000\frames\real\Real__oACmLZHF-qA_3_0to113,D:\HaitongNi\MEngProject\d3_datasets\AIGVDBench_all_opensource_1000\frames\real\Real__oACmLZHF-qA_3_0to113\1.jpg,Real Video,0,16,"[1, 2, 3, 4, 5, 6, 7, 8, 9, 10, 11, 12, 13, 14, 15, 16]",oACmLZHF-qA_3_0to113.mp4,Real,,F:\MEngDatasets\AIGVDBench\videos\Real\Real\videos\oACmLZHF-qA_3_0to113.mp4,0,1.1716772,-1.1716772,1
D:\HaitongNi\MEngProject\d3_datasets\AIGVDBench_all_opensource_1000\frames\real\Real__AZPjrvFAbww_29_0to106,D:\HaitongNi\MEngProject\d3_datasets\AIGVDBench_all_opensource_1000\frames\real\Real__AZPjrvFAbww_29_0to106\1.jpg,Real Video,0,16,"[1, 2, 3, 4, 5, 6, 7, 8, 9, 10, 11, 12, 13, 14, 15, 16]",AZPjrvFAbww_29_0to106.mp4,Real,,F:\MEngDatasets\AIGVDBench\videos\Real\Real\videos\AZPjrvFAbww_29_0to106.mp4,0,1.4689637,-1.4689637,1
D:\HaitongNi\MEngProject\d3_datasets\AIGVDBench_all_opensource_1000\frames\real\Real__sQJdH2V_kdk_23_0to105,D:\HaitongNi\MEngProject\d3_datasets\AIGVDBench_all_opensource_1000\frames\real\Real__sQJdH2V_kdk_23_0to105\1.jpg,Real Video,0,16,"[1, 2, 3, 4, 5, 6, 7, 8, 9, 10, 11, 12, 13, 14, 15, 16]",sQJdH2V_kdk_23_0to105.mp4,Real,,F:\MEngDatasets\AIGVDBench\videos\Real\Real\videos\sQJdH2V_kdk_23_0to105.mp4,0,1.258666,-1.258666,1
D:\HaitongNi\MEngProject\d3_datasets\AIGVDBench_all_opensource_1000\frames\real\Real__O_mFIGbNCyc_49_63to299,D:\HaitongNi\MEngProject\d3_datasets\AIGVDBench_all_opensource_1000\frames\real\Real__O_mFIGbNCyc_49_63to299\1.jpg,Real Video,0,16,"[1, 2, 3, 4, 5, 6, 7, 8, 9, 10, 11, 12, 13, 14, 15, 16]",O_mFIGbNCyc_49_63to299.mp4,Real,,F:\MEngDatasets\AIGVDBench\videos\Real\Real\videos\O_mFIGbNCyc_49_63to299.mp4,0,2.133442,-2.133442,1
D:\HaitongNi\MEngProject\d3_datasets\AIGVDBench_all_opensource_1000\frames\real\Real__Yn47rqiN76I_49_85to327,D:\HaitongNi\MEngProject\d3_datasets\AIGVDBench_all_opensource_1000\frames\real\Real__Yn47rqiN76I_49_85to327\1.jpg,Real Video,0,16,"[1, 2, 3, 4, 5, 6, 7, 8, 9, 10, 11, 12, 13, 14, 15, 16]",Yn47rqiN76I_49_85to327.mp4,Real,,F:\MEngDatasets\AIGVDBench\videos\Real\Real\videos\Yn47rqiN76I_49_85to327.mp4,0,3.572524,-3.572524,1
D:\HaitongNi\MEngProject\d3_datasets\AIGVDBench_all_opensource_1000\frames\real\Real__xFOZpCz5f_E_10_0to223,D:\HaitongNi\MEngProject\d3_datasets\AIGVDBench_all_opensource_1000\frames\real\Real__xFOZpCz5f_E_10_0to223\1.jpg,Real Video,0,16,"[1, 2, 3, 4, 5, 6, 7, 8, 9, 10, 11, 12, 13, 14, 15, 16]",xFOZpCz5f_E_10_0to223.mp4,Real,,F:\MEngDatasets\AIGVDBench\videos\Real\Real\videos\xFOZpCz5f_E_10_0to223.mp4,0,1.4074788,-1.4074788,1
D:\HaitongNi\MEngProject\d3_datasets\AIGVDBench_all_opensource_1000\frames\real\Real__h1MwFGecnGA_41_0to104,D:\HaitongNi\MEngProject\d3_datasets\AIGVDBench_all_opensource_1000\frames\real\Real__h1MwFGecnGA_41_0to104\1.jpg,Real Video,0,16,"[1, 2, 3, 4, 5, 6, 7, 8, 9, 10, 11, 12, 13, 14, 15, 16]",h1MwFGecnGA_41_0to104.mp4,Real,,F:\MEngDatasets\AIGVDBench\videos\Real\Real\videos\h1MwFGecnGA_41_0to104.mp4,0,1.24169,-1.24169,1
D:\HaitongNi\MEngProject\d3_datasets\AIGVDBench_all_opensource_1000\frames\real\Real__ESHGxyt9GOE_18_0to125,D:\HaitongNi\MEngProject\d3_datasets\AIGVDBench_all_opensource_1000\frames\real\Real__ESHGxyt9GOE_18_0to125\1.jpg,Real Video,0,16,"[1, 2, 3, 4, 5, 6, 7, 8, 9, 10, 11, 12, 13, 14, 15, 16]",ESHGxyt9GOE_18_0to125.mp4,Real,,F:\MEngDatasets\AIGVDBench\videos\Real\Real\videos\ESHGxyt9GOE_18_0to125.mp4,0,0.7957568,-0.7957568,1
D:\HaitongNi\MEngProject\d3_datasets\AIGVDBench_all_opensource_1000\frames\real\Real__bG8EwSG8Hh4_1_0to149,D:\HaitongNi\MEngProject\d3_datasets\AIGVDBench_all_opensource_1000\frames\real\Real__bG8EwSG8Hh4_1_0to149\1.jpg,Real Video,0,16,"[1, 2, 3, 4, 5, 6, 7, 8, 9, 10, 11, 12, 13, 14, 15, 16]",bG8EwSG8Hh4_1_0to149.mp4,Real,,F:\MEngDatasets\AIGVDBench\videos\Real\Real\videos\bG8EwSG8Hh4_1_0to149.mp4,0,0.89455146,-0.89455146,1
D:\HaitongNi\MEngProject\d3_datasets\AIGVDBench_all_opensource_1000\frames\real\Real__oEPyjAe0huc_1_568to1226,D:\HaitongNi\MEngProject\d3_datasets\AIGVDBench_all_opensource_1000\frames\real\Real__oEPyjAe0huc_1_568to1226\1.jpg,Real Video,0,16,"[1, 2, 3, 4, 5, 6, 7, 8, 9, 10, 11, 12, 13, 14, 15, 16]",oEPyjAe0huc_1_568to1226.mp4,Real,,F:\MEngDatasets\AIGVDBench\videos\Real\Real\videos\oEPyjAe0huc_1_568to1226.mp4,0,4.2887707,-4.2887707,1
D:\HaitongNi\MEngProject\d3_datasets\AIGVDBench_all_opensource_1000\frames\real\Real__ONjRr1-mjfY_32_42to223,D:\HaitongNi\MEngProject\d3_datasets\AIGVDBench_all_opensource_1000\frames\real\Real__ONjRr1-mjfY_32_42to223\1.jpg,Real Video,0,16,"[1, 2, 3, 4, 5, 6, 7, 8, 9, 10, 11, 12, 13, 14, 15, 16]",ONjRr1-mjfY_32_42to223.mp4,Real,,F:\MEngDatasets\AIGVDBench\videos\Real\Real\videos\ONjRr1-mjfY_32_42to223.mp4,0,3.910294,-3.910294,1
D:\HaitongNi\MEngProject\d3_datasets\AIGVDBench_all_opensource_1000\frames\real\Real___WiwgIe4F1Q_9_94to267,D:\HaitongNi\MEngProject\d3_datasets\AIGVDBench_all_opensource_1000\frames\real\Real___WiwgIe4F1Q_9_94to267\1.jpg,Real Video,0,16,"[1, 2, 3, 4, 5, 6, 7, 8, 9, 10, 11, 12, 13, 14, 15, 16]",_WiwgIe4F1Q_9_94to267.mp4,Real,,F:\MEngDatasets\AIGVDBench\videos\Real\Real\videos\_WiwgIe4F1Q_9_94to267.mp4,0,1.668377,-1.668377,1
D:\HaitongNi\MEngProject\d3_datasets\AIGVDBench_all_opensource_1000\frames\real\Real__Sj28-ffTyO0_28_0to136,D:\HaitongNi\MEngProject\d3_datasets\AIGVDBench_all_opensource_1000\frames\real\Real__Sj28-ffTyO0_28_0to136\1.jpg,Real Video,0,16,"[1, 2, 3, 4, 5, 6, 7, 8, 9, 10, 11, 12, 13, 14, 15, 16]",Sj28-ffTyO0_28_0to136.mp4,Real,,F:\MEngDatasets\AIGVDBench\videos\Real\Real\videos\Sj28-ffTyO0_28_0to136.mp4,0,2.5581107,-2.5581107,1
D:\HaitongNi\MEngProject\d3_datasets\AIGVDBench_all_opensource_1000\frames\real\Real__Kuxxw41aRmk_46_0to235,D:\HaitongNi\MEngProject\d3_datasets\AIGVDBench_all_opensource_1000\frames\real\Real__Kuxxw41aRmk_46_0to235\1.jpg,Real Video,0,16,"[1, 2, 3, 4, 5, 6, 7, 8, 9, 10, 11, 12, 13, 14, 15, 16]",Kuxxw41aRmk_46_0to235.mp4,Real,,F:\MEngDatasets\AIGVDBench\videos\Real\Real\videos\Kuxxw41aRmk_46_0to235.mp4,0,1.8347406,-1.8347406,1
D:\HaitongNi\MEngProject\d3_datasets\AIGVDBench_all_opensource_1000\frames\real\Real__aFBLBdZQHlo_3_0to160,D:\HaitongNi\MEngProject\d3_datasets\AIGVDBench_all_opensource_1000\frames\real\Real__aFBLBdZQHlo_3_0to160\1.jpg,Real Video,0,16,"[1, 2, 3, 4, 5, 6, 7, 8, 9, 10, 11, 12, 13, 14, 15, 16]",aFBLBdZQHlo_3_0to160.mp4,Real,,F:\MEngDatasets\AIGVDBench\videos\Real\Real\videos\aFBLBdZQHlo_3_0to160.mp4,0,2.5167842,-2.5167842,1
D:\HaitongNi\MEngProject\d3_datasets\AIGVDBench_all_opensource_1000\frames\real\Real__e2JMpgN21w8_66_0to130,D:\HaitongNi\MEngProject\d3_datasets\AIGVDBench_all_opensource_1000\frames\real\Real__e2JMpgN21w8_66_0to130\1.jpg,Real Video,0,16,"[1, 2, 3, 4, 5, 6, 7, 8, 9, 10, 11, 12, 13, 14, 15, 16]",e2JMpgN21w8_66_0to130.mp4,Real,,F:\MEngDatasets\AIGVDBench\videos\Real\Real\videos\e2JMpgN21w8_66_0to130.mp4,0,0.6953348,-0.6953348,1
D:\HaitongNi\MEngProject\d3_datasets\AIGVDBench_all_opensource_1000\frames\real\Real__NscwPqLwLYo_76_0to115,D:\HaitongNi\MEngProject\d3_datasets\AIGVDBench_all_opensource_1000\frames\real\Real__NscwPqLwLYo_76_0to115\1.jpg,Real Video,0,16,"[1, 2, 3, 4, 5, 6, 7, 8, 9, 10, 11, 12, 13, 14, 15, 16]",NscwPqLwLYo_76_0to115.mp4,Real,,F:\MEngDatasets\AIGVDBench\videos\Real\Real\videos\NscwPqLwLYo_76_0to115.mp4,0,4.2886963,-4.2886963,1
D:\HaitongNi\MEngProject\d3_datasets\AIGVDBench_all_opensource_1000\frames\real\Real__Lh0GNbIB_c8_39_0to186,D:\HaitongNi\MEngProject\d3_datasets\AIGVDBench_all_opensource_1000\frames\real\Real__Lh0GNbIB_c8_39_0to186\1.jpg,Real Video,0,16,"[1, 2, 3, 4, 5, 6, 7, 8, 9, 10, 11, 12, 13, 14, 15, 16]",Lh0GNbIB_c8_39_0to186.mp4,Real,,F:\MEngDatasets\AIGVDBench\videos\Real\Real\videos\Lh0GNbIB_c8_39_0to186.mp4,0,1.2735252,-1.2735252,1
D:\HaitongNi\MEngProject\d3_datasets\AIGVDBench_all_opensource_1000\frames\real\Real__1ihtBI15Jpc_10_0to249,D:\HaitongNi\MEngProject\d3_datasets\AIGVDBench_all_opensource_1000\frames\real\Real__1ihtBI15Jpc_10_0to249\1.jpg,Real Video,0,16,"[1, 2, 3, 4, 5, 6, 7, 8, 9, 10, 11, 12, 13, 14, 15, 16]",1ihtBI15Jpc_10_0to249.mp4,Real,,F:\MEngDatasets\AIGVDBench\videos\Real\Real\videos\1ihtBI15Jpc_10_0to249.mp4,0,1.2568816,-1.2568816,1
D:\HaitongNi\MEngProject\d3_datasets\AIGVDBench_all_opensource_1000\frames\real\Real__QFCHkqBOTNg_6_92to212,D:\HaitongNi\MEngProject\d3_datasets\AIGVDBench_all_opensource_1000\frames\real\Real__QFCHkqBOTNg_6_92to212\1.jpg,Real Video,0,16,"[1, 2, 3, 4, 5, 6, 7, 8, 9, 10, 11, 12, 13, 14, 15, 16]",QFCHkqBOTNg_6_92to212.mp4,Real,,F:\MEngDatasets\AIGVDBench\videos\Real\Real\videos\QFCHkqBOTNg_6_92to212.mp4,0,0.9937368,-0.9937368,1
D:\HaitongNi\MEngProject\d3_datasets\AIGVDBench_all_opensource_1000\frames\real\Real__t6vZbYAw0SU_17_162to270,D:\HaitongNi\MEngProject\d3_datasets\AIGVDBench_all_opensource_1000\frames\real\Real__t6vZbYAw0SU_17_162to270\1.jpg,Real Video,0,16,"[1, 2, 3, 4, 5, 6, 7, 8, 9, 10, 11, 12, 13, 14, 15, 16]",t6vZbYAw0SU_17_162to270.mp4,Real,,F:\MEngDatasets\AIGVDBench\videos\Real\Real\videos\t6vZbYAw0SU_17_162to270.mp4,0,2.8115156,-2.8115156,1
D:\HaitongNi\MEngProject\d3_datasets\AIGVDBench_all_opensource_1000\frames\real\Real__HxOEbss9p_k_10_250to417,D:\HaitongNi\MEngProject\d3_datasets\AIGVDBench_all_opensource_1000\frames\real\Real__HxOEbss9p_k_10_250to417\1.jpg,Real Video,0,16,"[1, 2, 3, 4, 5, 6, 7, 8, 9, 10, 11, 12, 13, 14, 15, 16]",HxOEbss9p_k_10_250to417.mp4,Real,,F:\MEngDatasets\AIGVDBench\videos\Real\Real\videos\HxOEbss9p_k_10_250to417.mp4,0,2.4443038,-2.4443038,1
D:\HaitongNi\MEngProject\d3_datasets\AIGVDBench_all_opensource_1000\frames\real\Real__9sFgt4rkLBg_29_0to526,D:\HaitongNi\MEngProject\d3_datasets\AIGVDBench_all_opensource_1000\frames\real\Real__9sFgt4rkLBg_29_0to526\1.jpg,Real Video,0,16,"[1, 2, 3, 4, 5, 6, 7, 8, 9, 10, 11, 12, 13, 14, 15, 16]",9sFgt4rkLBg_29_0to526.mp4,Real,,F:\MEngDatasets\AIGVDBench\videos\Real\Real\videos\9sFgt4rkLBg_29_0to526.mp4,0,5.2222586,-5.2222586,0
D:\HaitongNi\MEngProject\d3_datasets\AIGVDBench_all_opensource_1000\frames\real\Real__1NAWrgZeMn8_2_0to387,D:\HaitongNi\MEngProject\d3_datasets\AIGVDBench_all_opensource_1000\frames\real\Real__1NAWrgZeMn8_2_0to387\1.jpg,Real Video,0,16,"[1, 2, 3, 4, 5, 6, 7, 8, 9, 10, 11, 12, 13, 14, 15, 16]",1NAWrgZeMn8_2_0to387.mp4,Real,,F:\MEngDatasets\AIGVDBench\videos\Real\Real\videos\1NAWrgZeMn8_2_0to387.mp4,0,5.348608,-5.348608,0
D:\HaitongNi\MEngProject\d3_datasets\AIGVDBench_all_opensource_1000\frames\real\Real__3Ay4Sk7NRCY_22_0to156,D:\HaitongNi\MEngProject\d3_datasets\AIGVDBench_all_opensource_1000\frames\real\Real__3Ay4Sk7NRCY_22_0to156\1.jpg,Real Video,0,16,"[1, 2, 3, 4, 5, 6, 7, 8, 9, 10, 11, 12, 13, 14, 15, 16]",3Ay4Sk7NRCY_22_0to156.mp4,Real,,F:\MEngDatasets\AIGVDBench\videos\Real\Real\videos\3Ay4Sk7NRCY_22_0to156.mp4,0,2.3659153,-2.3659153,1
D:\HaitongNi\MEngProject\d3_datasets\AIGVDBench_all_opensource_1000\frames\real\Real__RRXZGS60mqk_58_38to210,D:\HaitongNi\MEngProject\d3_datasets\AIGVDBench_all_opensource_1000\frames\real\Real__RRXZGS60mqk_58_38to210\1.jpg,Real Video,0,16,"[1, 2, 3, 4, 5, 6, 7, 8, 9, 10, 11, 12, 13, 14, 15, 16]",RRXZGS60mqk_58_38to210.mp4,Real,,F:\MEngDatasets\AIGVDBench\videos\Real\Real\videos\RRXZGS60mqk_58_38to210.mp4,0,3.2347465,-3.2347465,1
D:\HaitongNi\MEngProject\d3_datasets\AIGVDBench_all_opensource_1000\frames\real\Real__Ug-RhOvj8pI_0_0to1461,D:\HaitongNi\MEngProject\d3_datasets\AIGVDBench_all_opensource_1000\frames\real\Real__Ug-RhOvj8pI_0_0to1461\1.jpg,Real Video,0,16,"[1, 2, 3, 4, 5, 6, 7, 8, 9, 10, 11, 12, 13, 14, 15, 16]",Ug-RhOvj8pI_0_0to1461.mp4,Real,,F:\MEngDatasets\AIGVDBench\videos\Real\Real\videos\Ug-RhOvj8pI_0_0to1461.mp4,0,3.973463,-3.973463,1
D:\HaitongNi\MEngProject\d3_datasets\AIGVDBench_all_opensource_1000\frames\real\Real__Z7Z_qbVIbsc_1_19to140,D:\HaitongNi\MEngProject\d3_datasets\AIGVDBench_all_opensource_1000\frames\real\Real__Z7Z_qbVIbsc_1_19to140\1.jpg,Real Video,0,16,"[1, 2, 3, 4, 5, 6, 7, 8, 9, 10, 11, 12, 13, 14, 15, 16]",Z7Z_qbVIbsc_1_19to140.mp4,Real,,F:\MEngDatasets\AIGVDBench\videos\Real\Real\videos\Z7Z_qbVIbsc_1_19to140.mp4,0,2.77076,-2.77076,1
D:\HaitongNi\MEngProject\d3_datasets\AIGVDBench_all_opensource_1000\frames\real\Real__tIfCwcRs_vE_34_0to264,D:\HaitongNi\MEngProject\d3_datasets\AIGVDBench_all_opensource_1000\frames\real\Real__tIfCwcRs_vE_34_0to264\1.jpg,Real Video,0,16,"[1, 2, 3, 4, 5, 6, 7, 8, 9, 10, 11, 12, 13, 14, 15, 16]",tIfCwcRs_vE_34_0to264.mp4,Real,,F:\MEngDatasets\AIGVDBench\videos\Real\Real\videos\tIfCwcRs_vE_34_0to264.mp4,0,1.5910343,-1.5910343,1
D:\HaitongNi\MEngProject\d3_datasets\AIGVDBench_all_opensource_1000\frames\real\Real__NhHxwA3zLIM_39_0to744,D:\HaitongNi\MEngProject\d3_datasets\AIGVDBench_all_opensource_1000\frames\real\Real__NhHxwA3zLIM_39_0to744\1.jpg,Real Video,0,16,"[1, 2, 3, 4, 5, 6, 7, 8, 9, 10, 11, 12, 13, 14, 15, 16]",NhHxwA3zLIM_39_0to744.mp4,Real,,F:\MEngDatasets\AIGVDBench\videos\Real\Real\videos\NhHxwA3zLIM_39_0to744.mp4,0,2.6314924,-2.6314924,1
D:\HaitongNi\MEngProject\d3_datasets\AIGVDBench_all_opensource_1000\frames\real\Real__0BPQnk47p6M_2_55to191,D:\HaitongNi\MEngProject\d3_datasets\AIGVDBench_all_opensource_1000\frames\real\Real__0BPQnk47p6M_2_55to191\1.jpg,Real Video,0,16,"[1, 2, 3, 4, 5, 6, 7, 8, 9, 10, 11, 12, 13, 14, 15, 16]",0BPQnk47p6M_2_55to191.mp4,Real,,F:\MEngDatasets\AIGVDBench\videos\Real\Real\videos\0BPQnk47p6M_2_55to191.mp4,0,2.0521982,-2.0521982,1
D:\HaitongNi\MEngProject\d3_datasets\AIGVDBench_all_opensource_1000\frames\real\Real__ANAekpD8mDQ_28_55to547,D:\HaitongNi\MEngProject\d3_datasets\AIGVDBench_all_opensource_1000\frames\real\Real__ANAekpD8mDQ_28_55to547\1.jpg,Real Video,0,16,"[1, 2, 3, 4, 5, 6, 7, 8, 9, 10, 11, 12, 13, 14, 15, 16]",ANAekpD8mDQ_28_55to547.mp4,Real,,F:\MEngDatasets\AIGVDBench\videos\Real\Real\videos\ANAekpD8mDQ_28_55to547.mp4,0,4.27811,-4.27811,1
D:\HaitongNi\MEngProject\d3_datasets\AIGVDBench_all_opensource_1000\frames\real\Real__CFXfSBR5Q9w_6_49to247,D:\HaitongNi\MEngProject\d3_datasets\AIGVDBench_all_opensource_1000\frames\real\Real__CFXfSBR5Q9w_6_49to247\1.jpg,Real Video,0,16,"[1, 2, 3, 4, 5, 6, 7, 8, 9, 10, 11, 12, 13, 14, 15, 16]",CFXfSBR5Q9w_6_49to247.mp4,Real,,F:\MEngDatasets\AIGVDBench\videos\Real\Real\videos\CFXfSBR5Q9w_6_49to247.mp4,0,5.4175973,-5.4175973,0
D:\HaitongNi\MEngProject\d3_datasets\AIGVDBench_all_opensource_1000\frames\real\Real__7fy-TO_tOd8_5_65to601,D:\HaitongNi\MEngProject\d3_datasets\AIGVDBench_all_opensource_1000\frames\real\Real__7fy-TO_tOd8_5_65to601\1.jpg,Real Video,0,16,"[1, 2, 3, 4, 5, 6, 7, 8, 9, 10, 11, 12, 13, 14, 15, 16]",7fy-TO_tOd8_5_65to601.mp4,Real,,F:\MEngDatasets\AIGVDBench\videos\Real\Real\videos\7fy-TO_tOd8_5_65to601.mp4,0,2.0787885,-2.0787885,1
D:\HaitongNi\MEngProject\d3_datasets\AIGVDBench_all_opensource_1000\frames\real\Real__t1TrCs897CI_58_0to246,D:\HaitongNi\MEngProject\d3_datasets\AIGVDBench_all_opensource_1000\frames\real\Real__t1TrCs897CI_58_0to246\1.jpg,Real Video,0,16,"[1, 2, 3, 4, 5, 6, 7, 8, 9, 10, 11, 12, 13, 14, 15, 16]",t1TrCs897CI_58_0to246.mp4,Real,,F:\MEngDatasets\AIGVDBench\videos\Real\Real\videos\t1TrCs897CI_58_0to246.mp4,0,4.8725257,-4.8725257,1
D:\HaitongNi\MEngProject\d3_datasets\AIGVDBench_all_opensource_1000\frames\real\Real__WkM86Qbl-r8_3_0to111,D:\HaitongNi\MEngProject\d3_datasets\AIGVDBench_all_opensource_1000\frames\real\Real__WkM86Qbl-r8_3_0to111\1.jpg,Real Video,0,16,"[1, 2, 3, 4, 5, 6, 7, 8, 9, 10, 11, 12, 13, 14, 15, 16]",WkM86Qbl-r8_3_0to111.mp4,Real,,F:\MEngDatasets\AIGVDBench\videos\Real\Real\videos\WkM86Qbl-r8_3_0to111.mp4,0,1.6921724,-1.6921724,1
D:\HaitongNi\MEngProject\d3_datasets\AIGVDBench_all_opensource_1000\frames\real\Real__S3aByfnJbGE_61_0to164,D:\HaitongNi\MEngProject\d3_datasets\AIGVDBench_all_opensource_1000\frames\real\Real__S3aByfnJbGE_61_0to164\1.jpg,Real Video,0,16,"[1, 2, 3, 4, 5, 6, 7, 8, 9, 10, 11, 12, 13, 14, 15, 16]",S3aByfnJbGE_61_0to164.mp4,Real,,F:\MEngDatasets\AIGVDBench\videos\Real\Real\videos\S3aByfnJbGE_61_0to164.mp4,0,1.6524653,-1.6524653,1
D:\HaitongNi\MEngProject\d3_datasets\AIGVDBench_all_opensource_1000\frames\real\Real__RNH667QhwMU_14_0to144,D:\HaitongNi\MEngProject\d3_datasets\AIGVDBench_all_opensource_1000\frames\real\Real__RNH667QhwMU_14_0to144\1.jpg,Real Video,0,16,"[1, 2, 3, 4, 5, 6, 7, 8, 9, 10, 11, 12, 13, 14, 15, 16]",RNH667QhwMU_14_0to144.mp4,Real,,F:\MEngDatasets\AIGVDBench\videos\Real\Real\videos\RNH667QhwMU_14_0to144.mp4,0,1.6263682,-1.6263682,1
D:\HaitongNi\MEngProject\d3_datasets\AIGVDBench_all_opensource_1000\frames\real\Real__dfu2UfqnXk4_1_94to284,D:\HaitongNi\MEngProject\d3_datasets\AIGVDBench_all_opensource_1000\frames\real\Real__dfu2UfqnXk4_1_94to284\1.jpg,Real Video,0,16,"[1, 2, 3, 4, 5, 6, 7, 8, 9, 10, 11, 12, 13, 14, 15, 16]",dfu2UfqnXk4_1_94to284.mp4,Real,,F:\MEngDatasets\AIGVDBench\videos\Real\Real\videos\dfu2UfqnXk4_1_94to284.mp4,0,2.894549,-2.894549,1
D:\HaitongNi\MEngProject\d3_datasets\AIGVDBench_all_opensource_1000\frames\real\Real__a86X32mBO0o_104_0to103,D:\HaitongNi\MEngProject\d3_datasets\AIGVDBench_all_opensource_1000\frames\real\Real__a86X32mBO0o_104_0to103\1.jpg,Real Video,0,16,"[1, 2, 3, 4, 5, 6, 7, 8, 9, 10, 11, 12, 13, 14, 15, 16]",a86X32mBO0o_104_0to103.mp4,Real,,F:\MEngDatasets\AIGVDBench\videos\Real\Real\videos\a86X32mBO0o_104_0to103.mp4,0,1.8136586,-1.8136586,1
D:\HaitongNi\MEngProject\d3_datasets\AIGVDBench_all_opensource_1000\frames\real\Real__SNG9ILDuAyk_1_0to1374,D:\HaitongNi\MEngProject\d3_datasets\AIGVDBench_all_opensource_1000\frames\real\Real__SNG9ILDuAyk_1_0to1374\1.jpg,Real Video,0,16,"[1, 2, 3, 4, 5, 6, 7, 8, 9, 10, 11, 12, 13, 14, 15, 16]",SNG9ILDuAyk_1_0to1374.mp4,Real,,F:\MEngDatasets\AIGVDBench\videos\Real\Real\videos\SNG9ILDuAyk_1_0to1374.mp4,0,5.9389615,-5.9389615,0
D:\HaitongNi\MEngProject\d3_datasets\AIGVDBench_all_opensource_1000\frames\real\Real__jmHXwoFzFJw_25_32to156,D:\HaitongNi\MEngProject\d3_datasets\AIGVDBench_all_opensource_1000\frames\real\Real__jmHXwoFzFJw_25_32to156\1.jpg,Real Video,0,16,"[1, 2, 3, 4, 5, 6, 7, 8, 9, 10, 11, 12, 13, 14, 15, 16]",jmHXwoFzFJw_25_32to156.mp4,Real,,F:\MEngDatasets\AIGVDBench\videos\Real\Real\videos\jmHXwoFzFJw_25_32to156.mp4,0,4.478663,-4.478663,1
D:\HaitongNi\MEngProject\d3_datasets\AIGVDBench_all_opensource_1000\frames\real\Real__ntBZJZo4Pt0_18_16to194,D:\HaitongNi\MEngProject\d3_datasets\AIGVDBench_all_opensource_1000\frames\real\Real__ntBZJZo4Pt0_18_16to194\1.jpg,Real Video,0,16,"[1, 2, 3, 4, 5, 6, 7, 8, 9, 10, 11, 12, 13, 14, 15, 16]",ntBZJZo4Pt0_18_16to194.mp4,Real,,F:\MEngDatasets\AIGVDBench\videos\Real\Real\videos\ntBZJZo4Pt0_18_16to194.mp4,0,2.1077719,-2.1077719,1
D:\HaitongNi\MEngProject\d3_datasets\AIGVDBench_all_opensource_1000\frames\real\Real__lmwZughLY00_3_0to154,D:\HaitongNi\MEngProject\d3_datasets\AIGVDBench_all_opensource_1000\frames\real\Real__lmwZughLY00_3_0to154\1.jpg,Real Video,0,16,"[1, 2, 3, 4, 5, 6, 7, 8, 9, 10, 11, 12, 13, 14, 15, 16]",lmwZughLY00_3_0to154.mp4,Real,,F:\MEngDatasets\AIGVDBench\videos\Real\Real\videos\lmwZughLY00_3_0to154.mp4,0,2.496303,-2.496303,1
D:\HaitongNi\MEngProject\d3_datasets\AIGVDBench_all_opensource_1000\frames\real\Real__D1CtTAPbHG0_2_0to1512,D:\HaitongNi\MEngProject\d3_datasets\AIGVDBench_all_opensource_1000\frames\real\Real__D1CtTAPbHG0_2_0to1512\1.jpg,Real Video,0,16,"[1, 2, 3, 4, 5, 6, 7, 8, 9, 10, 11, 12, 13, 14, 15, 16]",D1CtTAPbHG0_2_0to1512.mp4,Real,,F:\MEngDatasets\AIGVDBench\videos\Real\Real\videos\D1CtTAPbHG0_2_0to1512.mp4,0,5.5457835,-5.5457835,0
D:\HaitongNi\MEngProject\d3_datasets\AIGVDBench_all_opensource_1000\frames\real\Real__X3faHvP6oeM_78_0to154,D:\HaitongNi\MEngProject\d3_datasets\AIGVDBench_all_opensource_1000\frames\real\Real__X3faHvP6oeM_78_0to154\1.jpg,Real Video,0,16,"[1, 2, 3, 4, 5, 6, 7, 8, 9, 10, 11, 12, 13, 14, 15, 16]",X3faHvP6oeM_78_0to154.mp4,Real,,F:\MEngDatasets\AIGVDBench\videos\Real\Real\videos\X3faHvP6oeM_78_0to154.mp4,0,1.3043716,-1.3043716,1
D:\HaitongNi\MEngProject\d3_datasets\AIGVDBench_all_opensource_1000\frames\real\Real__YUganaCXzlA_16_50to159,D:\HaitongNi\MEngProject\d3_datasets\AIGVDBench_all_opensource_1000\frames\real\Real__YUganaCXzlA_16_50to159\1.jpg,Real Video,0,16,"[1, 2, 3, 4, 5, 6, 7, 8, 9, 10, 11, 12, 13, 14, 15, 16]",YUganaCXzlA_16_50to159.mp4,Real,,F:\MEngDatasets\AIGVDBench\videos\Real\Real\videos\YUganaCXzlA_16_50to159.mp4,0,1.5694083,-1.5694083,1
D:\HaitongNi\MEngProject\d3_datasets\AIGVDBench_all_opensource_1000\frames\real\Real__eENFTG4UQsI_3_337to522,D:\HaitongNi\MEngProject\d3_datasets\AIGVDBench_all_opensource_1000\frames\real\Real__eENFTG4UQsI_3_337to522\1.jpg,Real Video,0,16,"[1, 2, 3, 4, 5, 6, 7, 8, 9, 10, 11, 12, 13, 14, 15, 16]",eENFTG4UQsI_3_337to522.mp4,Real,,F:\MEngDatasets\AIGVDBench\videos\Real\Real\videos\eENFTG4UQsI_3_337to522.mp4,0,1.7873108,-1.7873108,1
D:\HaitongNi\MEngProject\d3_datasets\AIGVDBench_all_opensource_1000\frames\real\Real__mhC1bh5GnYY_58_38to276,D:\HaitongNi\MEngProject\d3_datasets\AIGVDBench_all_opensource_1000\frames\real\Real__mhC1bh5GnYY_58_38to276\1.jpg,Real Video,0,16,"[1, 2, 3, 4, 5, 6, 7, 8, 9, 10, 11, 12, 13, 14, 15, 16]",mhC1bh5GnYY_58_38to276.mp4,Real,,F:\MEngDatasets\AIGVDBench\videos\Real\Real\videos\mhC1bh5GnYY_58_38to276.mp4,0,2.5297565,-2.5297565,1
D:\HaitongNi\MEngProject\d3_datasets\AIGVDBench_all_opensource_1000\frames\real\Real__d0rEhcaKlSs_2_0to118,D:\HaitongNi\MEngProject\d3_datasets\AIGVDBench_all_opensource_1000\frames\real\Real__d0rEhcaKlSs_2_0to118\1.jpg,Real Video,0,16,"[1, 2, 3, 4, 5, 6, 7, 8, 9, 10, 11, 12, 13, 14, 15, 16]",d0rEhcaKlSs_2_0to118.mp4,Real,,F:\MEngDatasets\AIGVDBench\videos\Real\Real\videos\d0rEhcaKlSs_2_0to118.mp4,0,1.4738529,-1.4738529,1
D:\HaitongNi\MEngProject\d3_datasets\AIGVDBench_all_opensource_1000\frames\real\Real__NDznxcukiUM_64_0to161,D:\HaitongNi\MEngProject\d3_datasets\AIGVDBench_all_opensource_1000\frames\real\Real__NDznxcukiUM_64_0to161\1.jpg,Real Video,0,16,"[1, 2, 3, 4, 5, 6, 7, 8, 9, 10, 11, 12, 13, 14, 15, 16]",NDznxcukiUM_64_0to161.mp4,Real,,F:\MEngDatasets\AIGVDBench\videos\Real\Real\videos\NDznxcukiUM_64_0to161.mp4,0,2.1475592,-2.1475592,1
D:\HaitongNi\MEngProject\d3_datasets\AIGVDBench_all_opensource_1000\frames\real\Real__EHRI1gr4zik_3_323to481,D:\HaitongNi\MEngProject\d3_datasets\AIGVDBench_all_opensource_1000\frames\real\Real__EHRI1gr4zik_3_323to481\1.jpg,Real Video,0,16,"[1, 2, 3, 4, 5, 6, 7, 8, 9, 10, 11, 12, 13, 14, 15, 16]",EHRI1gr4zik_3_323to481.mp4,Real,,F:\MEngDatasets\AIGVDBench\videos\Real\Real\videos\EHRI1gr4zik_3_323to481.mp4,0,1.4929262,-1.4929262,1
D:\HaitongNi\MEngProject\d3_datasets\AIGVDBench_all_opensource_1000\frames\real\Real__XKoYGXadgl0_25_0to126,D:\HaitongNi\MEngProject\d3_datasets\AIGVDBench_all_opensource_1000\frames\real\Real__XKoYGXadgl0_25_0to126\1.jpg,Real Video,0,16,"[1, 2, 3, 4, 5, 6, 7, 8, 9, 10, 11, 12, 13, 14, 15, 16]",XKoYGXadgl0_25_0to126.mp4,Real,,F:\MEngDatasets\AIGVDBench\videos\Real\Real\videos\XKoYGXadgl0_25_0to126.mp4,0,2.0540802,-2.0540802,1
D:\HaitongNi\MEngProject\d3_datasets\AIGVDBench_all_opensource_1000\frames\real\Real__vP4LHRkhu-U_1_0to156,D:\HaitongNi\MEngProject\d3_datasets\AIGVDBench_all_opensource_1000\frames\real\Real__vP4LHRkhu-U_1_0to156\1.jpg,Real Video,0,16,"[1, 2, 3, 4, 5, 6, 7, 8, 9, 10, 11, 12, 13, 14, 15, 16]",vP4LHRkhu-U_1_0to156.mp4,Real,,F:\MEngDatasets\AIGVDBench\videos\Real\Real\videos\vP4LHRkhu-U_1_0to156.mp4,0,1.202704,-1.202704,1
D:\HaitongNi\MEngProject\d3_datasets\AIGVDBench_all_opensource_1000\frames\real\Real__7DoM11yV_Qw_3_0to123,D:\HaitongNi\MEngProject\d3_datasets\AIGVDBench_all_opensource_1000\frames\real\Real__7DoM11yV_Qw_3_0to123\1.jpg,Real Video,0,16,"[1, 2, 3, 4, 5, 6, 7, 8, 9, 10, 11, 12, 13, 14, 15, 16]",7DoM11yV_Qw_3_0to123.mp4,Real,,F:\MEngDatasets\AIGVDBench\videos\Real\Real\videos\7DoM11yV_Qw_3_0to123.mp4,0,0.5287723,-0.5287723,1
D:\HaitongNi\MEngProject\d3_datasets\AIGVDBench_all_opensource_1000\frames\real\Real__x96KZ2Gd2JY_21_0to126,D:\HaitongNi\MEngProject\d3_datasets\AIGVDBench_all_opensource_1000\frames\real\Real__x96KZ2Gd2JY_21_0to126\1.jpg,Real Video,0,16,"[1, 2, 3, 4, 5, 6, 7, 8, 9, 10, 11, 12, 13, 14, 15, 16]",x96KZ2Gd2JY_21_0to126.mp4,Real,,F:\MEngDatasets\AIGVDBench\videos\Real\Real\videos\x96KZ2Gd2JY_21_0to126.mp4,0,3.5237665,-3.5237665,1
D:\HaitongNi\MEngProject\d3_datasets\AIGVDBench_all_opensource_1000\frames\real\Real__iFo7QhNnAmA_27_0to338,D:\HaitongNi\MEngProject\d3_datasets\AIGVDBench_all_opensource_1000\frames\real\Real__iFo7QhNnAmA_27_0to338\1.jpg,Real Video,0,16,"[1, 2, 3, 4, 5, 6, 7, 8, 9, 10, 11, 12, 13, 14, 15, 16]",iFo7QhNnAmA_27_0to338.mp4,Real,,F:\MEngDatasets\AIGVDBench\videos\Real\Real\videos\iFo7QhNnAmA_27_0to338.mp4,0,5.475859,-5.475859,0
D:\HaitongNi\MEngProject\d3_datasets\AIGVDBench_all_opensource_1000\frames\real\Real__lofR-R_rFJ0_6_0to212,D:\HaitongNi\MEngProject\d3_datasets\AIGVDBench_all_opensource_1000\frames\real\Real__lofR-R_rFJ0_6_0to212\1.jpg,Real Video,0,16,"[1, 2, 3, 4, 5, 6, 7, 8, 9, 10, 11, 12, 13, 14, 15, 16]",lofR-R_rFJ0_6_0to212.mp4,Real,,F:\MEngDatasets\AIGVDBench\videos\Real\Real\videos\lofR-R_rFJ0_6_0to212.mp4,0,2.0636897,-2.0636897,1
D:\HaitongNi\MEngProject\d3_datasets\AIGVDBench_all_opensource_1000\frames\real\Real__fJC-CDOx98M_39_55to350,D:\HaitongNi\MEngProject\d3_datasets\AIGVDBench_all_opensource_1000\frames\real\Real__fJC-CDOx98M_39_55to350\1.jpg,Real Video,0,16,"[1, 2, 3, 4, 5, 6, 7, 8, 9, 10, 11, 12, 13, 14, 15, 16]",fJC-CDOx98M_39_55to350.mp4,Real,,F:\MEngDatasets\AIGVDBench\videos\Real\Real\videos\fJC-CDOx98M_39_55to350.mp4,0,4.366805,-4.366805,1
D:\HaitongNi\MEngProject\d3_datasets\AIGVDBench_all_opensource_1000\frames\real\Real__HXCmwiBewAs_63_0to212,D:\HaitongNi\MEngProject\d3_datasets\AIGVDBench_all_opensource_1000\frames\real\Real__HXCmwiBewAs_63_0to212\1.jpg,Real Video,0,16,"[1, 2, 3, 4, 5, 6, 7, 8, 9, 10, 11, 12, 13, 14, 15, 16]",HXCmwiBewAs_63_0to212.mp4,Real,,F:\MEngDatasets\AIGVDBench\videos\Real\Real\videos\HXCmwiBewAs_63_0to212.mp4,0,2.1887622,-2.1887622,1
D:\HaitongNi\MEngProject\d3_datasets\AIGVDBench_all_opensource_1000\frames\real\Real__RLnAOn-rxTk_39_0to115,D:\HaitongNi\MEngProject\d3_datasets\AIGVDBench_all_opensource_1000\frames\real\Real__RLnAOn-rxTk_39_0to115\1.jpg,Real Video,0,16,"[1, 2, 3, 4, 5, 6, 7, 8, 9, 10, 11, 12, 13, 14, 15, 16]",RLnAOn-rxTk_39_0to115.mp4,Real,,F:\MEngDatasets\AIGVDBench\videos\Real\Real\videos\RLnAOn-rxTk_39_0to115.mp4,0,1.1797366,-1.1797366,1
D:\HaitongNi\MEngProject\d3_datasets\AIGVDBench_all_opensource_1000\frames\real\Real__b_ZbXBgbuRA_15_41to155,D:\HaitongNi\MEngProject\d3_datasets\AIGVDBench_all_opensource_1000\frames\real\Real__b_ZbXBgbuRA_15_41to155\1.jpg,Real Video,0,16,"[1, 2, 3, 4, 5, 6, 7, 8, 9, 10, 11, 12, 13, 14, 15, 16]",b_ZbXBgbuRA_15_41to155.mp4,Real,,F:\MEngDatasets\AIGVDBench\videos\Real\Real\videos\b_ZbXBgbuRA_15_41to155.mp4,0,0.29479957,-0.29479957,1
D:\HaitongNi\MEngProject\d3_datasets\AIGVDBench_all_opensource_1000\frames\real\Real__Q5XrVBAu_OA_5_87to205,D:\HaitongNi\MEngProject\d3_datasets\AIGVDBench_all_opensource_1000\frames\real\Real__Q5XrVBAu_OA_5_87to205\1.jpg,Real Video,0,16,"[1, 2, 3, 4, 5, 6, 7, 8, 9, 10, 11, 12, 13, 14, 15, 16]",Q5XrVBAu_OA_5_87to205.mp4,Real,,F:\MEngDatasets\AIGVDBench\videos\Real\Real\videos\Q5XrVBAu_OA_5_87to205.mp4,0,1.862683,-1.862683,1
D:\HaitongNi\MEngProject\d3_datasets\AIGVDBench_all_opensource_1000\frames\real\Real__JZIEfgYvQio_37_106to215,D:\HaitongNi\MEngProject\d3_datasets\AIGVDBench_all_opensource_1000\frames\real\Real__JZIEfgYvQio_37_106to215\1.jpg,Real Video,0,16,"[1, 2, 3, 4, 5, 6, 7, 8, 9, 10, 11, 12, 13, 14, 15, 16]",JZIEfgYvQio_37_106to215.mp4,Real,,F:\MEngDatasets\AIGVDBench\videos\Real\Real\videos\JZIEfgYvQio_37_106to215.mp4,0,1.4527155,-1.4527155,1
D:\HaitongNi\MEngProject\d3_datasets\AIGVDBench_all_opensource_1000\frames\real\Real__g-XIIG-_jsY_60_0to139,D:\HaitongNi\MEngProject\d3_datasets\AIGVDBench_all_opensource_1000\frames\real\Real__g-XIIG-_jsY_60_0to139\1.jpg,Real Video,0,16,"[1, 2, 3, 4, 5, 6, 7, 8, 9, 10, 11, 12, 13, 14, 15, 16]",g-XIIG-_jsY_60_0to139.mp4,Real,,F:\MEngDatasets\AIGVDBench\videos\Real\Real\videos\g-XIIG-_jsY_60_0to139.mp4,0,1.3416963,-1.3416963,1
D:\HaitongNi\MEngProject\d3_datasets\AIGVDBench_all_opensource_1000\frames\real\Real__Amfrm2V_KO0_52_0to155,D:\HaitongNi\MEngProject\d3_datasets\AIGVDBench_all_opensource_1000\frames\real\Real__Amfrm2V_KO0_52_0to155\1.jpg,Real Video,0,16,"[1, 2, 3, 4, 5, 6, 7, 8, 9, 10, 11, 12, 13, 14, 15, 16]",Amfrm2V_KO0_52_0to155.mp4,Real,,F:\MEngDatasets\AIGVDBench\videos\Real\Real\videos\Amfrm2V_KO0_52_0to155.mp4,0,2.707578,-2.707578,1
D:\HaitongNi\MEngProject\d3_datasets\AIGVDBench_all_opensource_1000\frames\real\Real__UghRV0LelPA_0_0to1092,D:\HaitongNi\MEngProject\d3_datasets\AIGVDBench_all_opensource_1000\frames\real\Real__UghRV0LelPA_0_0to1092\1.jpg,Real Video,0,16,"[1, 2, 3, 4, 5, 6, 7, 8, 9, 10, 11, 12, 13, 14, 15, 16]",UghRV0LelPA_0_0to1092.mp4,Real,,F:\MEngDatasets\AIGVDBench\videos\Real\Real\videos\UghRV0LelPA_0_0to1092.mp4,0,3.051627,-3.051627,1
D:\HaitongNi\MEngProject\d3_datasets\AIGVDBench_all_opensource_1000\frames\real\Real__5q6XOGXMrJA_34_90to339,D:\HaitongNi\MEngProject\d3_datasets\AIGVDBench_all_opensource_1000\frames\real\Real__5q6XOGXMrJA_34_90to339\1.jpg,Real Video,0,16,"[1, 2, 3, 4, 5, 6, 7, 8, 9, 10, 11, 12, 13, 14, 15, 16]",5q6XOGXMrJA_34_90to339.mp4,Real,,F:\MEngDatasets\AIGVDBench\videos\Real\Real\videos\5q6XOGXMrJA_34_90to339.mp4,0,1.0493456,-1.0493456,1
D:\HaitongNi\MEngProject\d3_datasets\AIGVDBench_all_opensource_1000\frames\real\Real__pv97fCP13SE_21_0to136,D:\HaitongNi\MEngProject\d3_datasets\AIGVDBench_all_opensource_1000\frames\real\Real__pv97fCP13SE_21_0to136\1.jpg,Real Video,0,16,"[1, 2, 3, 4, 5, 6, 7, 8, 9, 10, 11, 12, 13, 14, 15, 16]",pv97fCP13SE_21_0to136.mp4,Real,,F:\MEngDatasets\AIGVDBench\videos\Real\Real\videos\pv97fCP13SE_21_0to136.mp4,0,4.383261,-4.383261,1
D:\HaitongNi\MEngProject\d3_datasets\AIGVDBench_all_opensource_1000\frames\real\Real__--5Uy5YZMjA_54_104to259,D:\HaitongNi\MEngProject\d3_datasets\AIGVDBench_all_opensource_1000\frames\real\Real__--5Uy5YZMjA_54_104to259\1.jpg,Real Video,0,16,"[1, 2, 3, 4, 5, 6, 7, 8, 9, 10, 11, 12, 13, 14, 15, 16]",--5Uy5YZMjA_54_104to259.mp4,Real,,F:\MEngDatasets\AIGVDBench\videos\Real\Real\videos\--5Uy5YZMjA_54_104to259.mp4,0,3.6479337,-3.6479337,1
D:\HaitongNi\MEngProject\d3_datasets\AIGVDBench_all_opensource_1000\frames\real\Real__4j-MnvZg6rw_8_0to311,D:\HaitongNi\MEngProject\d3_datasets\AIGVDBench_all_opensource_1000\frames\real\Real__4j-MnvZg6rw_8_0to311\1.jpg,Real Video,0,16,"[1, 2, 3, 4, 5, 6, 7, 8, 9, 10, 11, 12, 13, 14, 15, 16]",4j-MnvZg6rw_8_0to311.mp4,Real,,F:\MEngDatasets\AIGVDBench\videos\Real\Real\videos\4j-MnvZg6rw_8_0to311.mp4,0,2.1605363,-2.1605363,1
D:\HaitongNi\MEngProject\d3_datasets\AIGVDBench_all_opensource_1000\frames\real\Real__Cz3nSPKFNLM_81_26to293,D:\HaitongNi\MEngProject\d3_datasets\AIGVDBench_all_opensource_1000\frames\real\Real__Cz3nSPKFNLM_81_26to293\1.jpg,Real Video,0,16,"[1, 2, 3, 4, 5, 6, 7, 8, 9, 10, 11, 12, 13, 14, 15, 16]",Cz3nSPKFNLM_81_26to293.mp4,Real,,F:\MEngDatasets\AIGVDBench\videos\Real\Real\videos\Cz3nSPKFNLM_81_26to293.mp4,0,3.213455,-3.213455,1
D:\HaitongNi\MEngProject\d3_datasets\AIGVDBench_all_opensource_1000\frames\real\Real__Ql565KLE5Og_21_0to118,D:\HaitongNi\MEngProject\d3_datasets\AIGVDBench_all_opensource_1000\frames\real\Real__Ql565KLE5Og_21_0to118\1.jpg,Real Video,0,16,"[1, 2, 3, 4, 5, 6, 7, 8, 9, 10, 11, 12, 13, 14, 15, 16]",Ql565KLE5Og_21_0to118.mp4,Real,,F:\MEngDatasets\AIGVDBench\videos\Real\Real\videos\Ql565KLE5Og_21_0to118.mp4,0,3.4480996,-3.4480996,1
D:\HaitongNi\MEngProject\d3_datasets\AIGVDBench_all_opensource_1000\frames\real\Real__yB5f_KE0lWk_20_0to705,D:\HaitongNi\MEngProject\d3_datasets\AIGVDBench_all_opensource_1000\frames\real\Real__yB5f_KE0lWk_20_0to705\1.jpg,Real Video,0,16,"[1, 2, 3, 4, 5, 6, 7, 8, 9, 10, 11, 12, 13, 14, 15, 16]",yB5f_KE0lWk_20_0to705.mp4,Real,,F:\MEngDatasets\AIGVDBench\videos\Real\Real\videos\yB5f_KE0lWk_20_0to705.mp4,0,2.5468085,-2.5468085,1
D:\HaitongNi\MEngProject\d3_datasets\AIGVDBench_all_opensource_1000\frames\real\Real__UImljzWeGh0_15_0to106,D:\HaitongNi\MEngProject\d3_datasets\AIGVDBench_all_opensource_1000\frames\real\Real__UImljzWeGh0_15_0to106\1.jpg,Real Video,0,16,"[1, 2, 3, 4, 5, 6, 7, 8, 9, 10, 11, 12, 13, 14, 15, 16]",UImljzWeGh0_15_0to106.mp4,Real,,F:\MEngDatasets\AIGVDBench\videos\Real\Real\videos\UImljzWeGh0_15_0to106.mp4,0,3.0499027,-3.0499027,1
D:\HaitongNi\MEngProject\d3_datasets\AIGVDBench_all_opensource_1000\frames\real\Real__7u67Buew2tg_0_0to376,D:\HaitongNi\MEngProject\d3_datasets\AIGVDBench_all_opensource_1000\frames\real\Real__7u67Buew2tg_0_0to376\1.jpg,Real Video,0,16,"[1, 2, 3, 4, 5, 6, 7, 8, 9, 10, 11, 12, 13, 14, 15, 16]",7u67Buew2tg_0_0to376.mp4,Real,,F:\MEngDatasets\AIGVDBench\videos\Real\Real\videos\7u67Buew2tg_0_0to376.mp4,0,4.576146,-4.576146,1
D:\HaitongNi\MEngProject\d3_datasets\AIGVDBench_all_opensource_1000\frames\real\Real__WeSUDLaxMhU_15_0to728,D:\HaitongNi\MEngProject\d3_datasets\AIGVDBench_all_opensource_1000\frames\real\Real__WeSUDLaxMhU_15_0to728\1.jpg,Real Video,0,16,"[1, 2, 3, 4, 5, 6, 7, 8, 9, 10, 11, 12, 13, 14, 15, 16]",WeSUDLaxMhU_15_0to728.mp4,Real,,F:\MEngDatasets\AIGVDBench\videos\Real\Real\videos\WeSUDLaxMhU_15_0to728.mp4,0,3.1881132,-3.1881132,1
D:\HaitongNi\MEngProject\d3_datasets\AIGVDBench_all_opensource_1000\frames\real\Real__GDr_-UnTtJk_166_0to116,D:\HaitongNi\MEngProject\d3_datasets\AIGVDBench_all_opensource_1000\frames\real\Real__GDr_-UnTtJk_166_0to116\1.jpg,Real Video,0,16,"[1, 2, 3, 4, 5, 6, 7, 8, 9, 10, 11, 12, 13, 14, 15, 16]",GDr_-UnTtJk_166_0to116.mp4,Real,,F:\MEngDatasets\AIGVDBench\videos\Real\Real\videos\GDr_-UnTtJk_166_0to116.mp4,0,2.9223752,-2.9223752,1
D:\HaitongNi\MEngProject\d3_datasets\AIGVDBench_all_opensource_1000\frames\real\Real__kN__dhihmTE_44_0to109,D:\HaitongNi\MEngProject\d3_datasets\AIGVDBench_all_opensource_1000\frames\real\Real__kN__dhihmTE_44_0to109\1.jpg,Real Video,0,16,"[1, 2, 3, 4, 5, 6, 7, 8, 9, 10, 11, 12, 13, 14, 15, 16]",kN__dhihmTE_44_0to109.mp4,Real,,F:\MEngDatasets\AIGVDBench\videos\Real\Real\videos\kN__dhihmTE_44_0to109.mp4,0,1.1074257,-1.1074257,1
D:\HaitongNi\MEngProject\d3_datasets\AIGVDBench_all_opensource_1000\frames\real\Real__xHAnQq4NZQQ_8_21to284,D:\HaitongNi\MEngProject\d3_datasets\AIGVDBench_all_opensource_1000\frames\real\Real__xHAnQq4NZQQ_8_21to284\1.jpg,Real Video,0,16,"[1, 2, 3, 4, 5, 6, 7, 8, 9, 10, 11, 12, 13, 14, 15, 16]",xHAnQq4NZQQ_8_21to284.mp4,Real,,F:\MEngDatasets\AIGVDBench\videos\Real\Real\videos\xHAnQq4NZQQ_8_21to284.mp4,0,1.9000572,-1.9000572,1
D:\HaitongNi\MEngProject\d3_datasets\AIGVDBench_all_opensource_1000\frames\real\Real__6ezWis4TNn8_139_77to244,D:\HaitongNi\MEngProject\d3_datasets\AIGVDBench_all_opensource_1000\frames\real\Real__6ezWis4TNn8_139_77to244\1.jpg,Real Video,0,16,"[1, 2, 3, 4, 5, 6, 7, 8, 9, 10, 11, 12, 13, 14, 15, 16]",6ezWis4TNn8_139_77to244.mp4,Real,,F:\MEngDatasets\AIGVDBench\videos\Real\Real\videos\6ezWis4TNn8_139_77to244.mp4,0,3.9949124,-3.9949124,1
D:\HaitongNi\MEngProject\d3_datasets\AIGVDBench_all_opensource_1000\frames\real\Real__4sa460KtMbM_2_0to1077,D:\HaitongNi\MEngProject\d3_datasets\AIGVDBench_all_opensource_1000\frames\real\Real__4sa460KtMbM_2_0to1077\1.jpg,Real Video,0,16,"[1, 2, 3, 4, 5, 6, 7, 8, 9, 10, 11, 12, 13, 14, 15, 16]",4sa460KtMbM_2_0to1077.mp4,Real,,F:\MEngDatasets\AIGVDBench\videos\Real\Real\videos\4sa460KtMbM_2_0to1077.mp4,0,5.202797,-5.202797,0
D:\HaitongNi\MEngProject\d3_datasets\AIGVDBench_all_opensource_1000\frames\real\Real__HPoXMfaRYwQ_26_0to580,D:\HaitongNi\MEngProject\d3_datasets\AIGVDBench_all_opensource_1000\frames\real\Real__HPoXMfaRYwQ_26_0to580\1.jpg,Real Video,0,16,"[1, 2, 3, 4, 5, 6, 7, 8, 9, 10, 11, 12, 13, 14, 15, 16]",HPoXMfaRYwQ_26_0to580.mp4,Real,,F:\MEngDatasets\AIGVDBench\videos\Real\Real\videos\HPoXMfaRYwQ_26_0to580.mp4,0,2.892333,-2.892333,1
D:\HaitongNi\MEngProject\d3_datasets\AIGVDBench_all_opensource_1000\frames\real\Real__Ghcjnzv4ZjM_5_39to275,D:\HaitongNi\MEngProject\d3_datasets\AIGVDBench_all_opensource_1000\frames\real\Real__Ghcjnzv4ZjM_5_39to275\1.jpg,Real Video,0,16,"[1, 2, 3, 4, 5, 6, 7, 8, 9, 10, 11, 12, 13, 14, 15, 16]",Ghcjnzv4ZjM_5_39to275.mp4,Real,,F:\MEngDatasets\AIGVDBench\videos\Real\Real\videos\Ghcjnzv4ZjM_5_39to275.mp4,0,4.9774795,-4.9774795,1
D:\HaitongNi\MEngProject\d3_datasets\AIGVDBench_all_opensource_1000\frames\real\Real__Q66yzo2mBBI_1_109to281,D:\HaitongNi\MEngProject\d3_datasets\AIGVDBench_all_opensource_1000\frames\real\Real__Q66yzo2mBBI_1_109to281\1.jpg,Real Video,0,16,"[1, 2, 3, 4, 5, 6, 7, 8, 9, 10, 11, 12, 13, 14, 15, 16]",Q66yzo2mBBI_1_109to281.mp4,Real,,F:\MEngDatasets\AIGVDBench\videos\Real\Real\videos\Q66yzo2mBBI_1_109to281.mp4,0,2.8865893,-2.8865893,1
D:\HaitongNi\MEngProject\d3_datasets\AIGVDBench_all_opensource_1000\frames\real\Real__tFMtl2JgxIo_31_0to166,D:\HaitongNi\MEngProject\d3_datasets\AIGVDBench_all_opensource_1000\frames\real\Real__tFMtl2JgxIo_31_0to166\1.jpg,Real Video,0,16,"[1, 2, 3, 4, 5, 6, 7, 8, 9, 10, 11, 12, 13, 14, 15, 16]",tFMtl2JgxIo_31_0to166.mp4,Real,,F:\MEngDatasets\AIGVDBench\videos\Real\Real\videos\tFMtl2JgxIo_31_0to166.mp4,0,0.9983518,-0.9983518,1
D:\HaitongNi\MEngProject\d3_datasets\AIGVDBench_all_opensource_1000\frames\real\Real__B_Dh5QxGkrg_10_27to348,D:\HaitongNi\MEngProject\d3_datasets\AIGVDBench_all_opensource_1000\frames\real\Real__B_Dh5QxGkrg_10_27to348\1.jpg,Real Video,0,16,"[1, 2, 3, 4, 5, 6, 7, 8, 9, 10, 11, 12, 13, 14, 15, 16]",B_Dh5QxGkrg_10_27to348.mp4,Real,,F:\MEngDatasets\AIGVDBench\videos\Real\Real\videos\B_Dh5QxGkrg_10_27to348.mp4,0,4.4200387,-4.4200387,1
D:\HaitongNi\MEngProject\d3_datasets\AIGVDBench_all_opensource_1000\frames\real\Real___z-VHQyqbrw_7_160to373,D:\HaitongNi\MEngProject\d3_datasets\AIGVDBench_all_opensource_1000\frames\real\Real___z-VHQyqbrw_7_160to373\1.jpg,Real Video,0,16,"[1, 2, 3, 4, 5, 6, 7, 8, 9, 10, 11, 12, 13, 14, 15, 16]",_z-VHQyqbrw_7_160to373.mp4,Real,,F:\MEngDatasets\AIGVDBench\videos\Real\Real\videos\_z-VHQyqbrw_7_160to373.mp4,0,1.9375908,-1.9375908,1
D:\HaitongNi\MEngProject\d3_datasets\AIGVDBench_all_opensource_1000\frames\real\Real__HHuq1U0XgS8_36_0to136,D:\HaitongNi\MEngProject\d3_datasets\AIGVDBench_all_opensource_1000\frames\real\Real__HHuq1U0XgS8_36_0to136\1.jpg,Real Video,0,16,"[1, 2, 3, 4, 5, 6, 7, 8, 9, 10, 11, 12, 13, 14, 15, 16]",HHuq1U0XgS8_36_0to136.mp4,Real,,F:\MEngDatasets\AIGVDBench\videos\Real\Real\videos\HHuq1U0XgS8_36_0to136.mp4,0,0.8612154,-0.8612154,1
D:\HaitongNi\MEngProject\d3_datasets\AIGVDBench_all_opensource_1000\frames\real\Real__vUVwNN47Uv0_7_1227to1461,D:\HaitongNi\MEngProject\d3_datasets\AIGVDBench_all_opensource_1000\frames\real\Real__vUVwNN47Uv0_7_1227to1461\1.jpg,Real Video,0,16,"[1, 2, 3, 4, 5, 6, 7, 8, 9, 10, 11, 12, 13, 14, 15, 16]",vUVwNN47Uv0_7_1227to1461.mp4,Real,,F:\MEngDatasets\AIGVDBench\videos\Real\Real\videos\vUVwNN47Uv0_7_1227to1461.mp4,0,4.5578485,-4.5578485,1
D:\HaitongNi\MEngProject\d3_datasets\AIGVDBench_all_opensource_1000\frames\real\Real__WXecl5wx3l8_1_93to475,D:\HaitongNi\MEngProject\d3_datasets\AIGVDBench_all_opensource_1000\frames\real\Real__WXecl5wx3l8_1_93to475\1.jpg,Real Video,0,16,"[1, 2, 3, 4, 5, 6, 7, 8, 9, 10, 11, 12, 13, 14, 15, 16]",WXecl5wx3l8_1_93to475.mp4,Real,,F:\MEngDatasets\AIGVDBench\videos\Real\Real\videos\WXecl5wx3l8_1_93to475.mp4,0,3.4504917,-3.4504917,1
D:\HaitongNi\MEngProject\d3_datasets\AIGVDBench_all_opensource_1000\frames\real\Real__5A1hsAWgyp4_9_0to273,D:\HaitongNi\MEngProject\d3_datasets\AIGVDBench_all_opensource_1000\frames\real\Real__5A1hsAWgyp4_9_0to273\1.jpg,Real Video,0,16,"[1, 2, 3, 4, 5, 6, 7, 8, 9, 10, 11, 12, 13, 14, 15, 16]",5A1hsAWgyp4_9_0to273.mp4,Real,,F:\MEngDatasets\AIGVDBench\videos\Real\Real\videos\5A1hsAWgyp4_9_0to273.mp4,0,6.1337175,-6.1337175,0
D:\HaitongNi\MEngProject\d3_datasets\AIGVDBench_all_opensource_1000\frames\real\Real__hSGYpeH1Kgs_19_58to420,D:\HaitongNi\MEngProject\d3_datasets\AIGVDBench_all_opensource_1000\frames\real\Real__hSGYpeH1Kgs_19_58to420\1.jpg,Real Video,0,16,"[1, 2, 3, 4, 5, 6, 7, 8, 9, 10, 11, 12, 13, 14, 15, 16]",hSGYpeH1Kgs_19_58to420.mp4,Real,,F:\MEngDatasets\AIGVDBench\videos\Real\Real\videos\hSGYpeH1Kgs_19_58to420.mp4,0,4.4265175,-4.4265175,1
D:\HaitongNi\MEngProject\d3_datasets\AIGVDBench_all_opensource_1000\frames\real\Real__8KWGPcdr-a0_16_0to592,D:\HaitongNi\MEngProject\d3_datasets\AIGVDBench_all_opensource_1000\frames\real\Real__8KWGPcdr-a0_16_0to592\1.jpg,Real Video,0,16,"[1, 2, 3, 4, 5, 6, 7, 8, 9, 10, 11, 12, 13, 14, 15, 16]",8KWGPcdr-a0_16_0to592.mp4,Real,,F:\MEngDatasets\AIGVDBench\videos\Real\Real\videos\8KWGPcdr-a0_16_0to592.mp4,0,2.3102834,-2.3102834,1
D:\HaitongNi\MEngProject\d3_datasets\AIGVDBench_all_opensource_1000\frames\real\Real__6KKaJWOOTbc_11_0to193,D:\HaitongNi\MEngProject\d3_datasets\AIGVDBench_all_opensource_1000\frames\real\Real__6KKaJWOOTbc_11_0to193\1.jpg,Real Video,0,16,"[1, 2, 3, 4, 5, 6, 7, 8, 9, 10, 11, 12, 13, 14, 15, 16]",6KKaJWOOTbc_11_0to193.mp4,Real,,F:\MEngDatasets\AIGVDBench\videos\Real\Real\videos\6KKaJWOOTbc_11_0to193.mp4,0,1.7504494,-1.7504494,1
D:\HaitongNi\MEngProject\d3_datasets\AIGVDBench_all_opensource_1000\frames\real\Real__zd-EAPpZI_A_56_0to111,D:\HaitongNi\MEngProject\d3_datasets\AIGVDBench_all_opensource_1000\frames\real\Real__zd-EAPpZI_A_56_0to111\1.jpg,Real Video,0,16,"[1, 2, 3, 4, 5, 6, 7, 8, 9, 10, 11, 12, 13, 14, 15, 16]",zd-EAPpZI_A_56_0to111.mp4,Real,,F:\MEngDatasets\AIGVDBench\videos\Real\Real\videos\zd-EAPpZI_A_56_0to111.mp4,0,1.3265707,-1.3265707,1
D:\HaitongNi\MEngProject\d3_datasets\AIGVDBench_all_opensource_1000\frames\real\Real__90u26k64J9A_14_0to144,D:\HaitongNi\MEngProject\d3_datasets\AIGVDBench_all_opensource_1000\frames\real\Real__90u26k64J9A_14_0to144\1.jpg,Real Video,0,16,"[1, 2, 3, 4, 5, 6, 7, 8, 9, 10, 11, 12, 13, 14, 15, 16]",90u26k64J9A_14_0to144.mp4,Real,,F:\MEngDatasets\AIGVDBench\videos\Real\Real\videos\90u26k64J9A_14_0to144.mp4,0,2.3637521,-2.3637521,1
D:\HaitongNi\MEngProject\d3_datasets\AIGVDBench_all_opensource_1000\frames\real\Real__e22MWfddMOk_40_492to713,D:\HaitongNi\MEngProject\d3_datasets\AIGVDBench_all_opensource_1000\frames\real\Real__e22MWfddMOk_40_492to713\1.jpg,Real Video,0,16,"[1, 2, 3, 4, 5, 6, 7, 8, 9, 10, 11, 12, 13, 14, 15, 16]",e22MWfddMOk_40_492to713.mp4,Real,,F:\MEngDatasets\AIGVDBench\videos\Real\Real\videos\e22MWfddMOk_40_492to713.mp4,0,5.755217,-5.755217,0
D:\HaitongNi\MEngProject\d3_datasets\AIGVDBench_all_opensource_1000\frames\real\Real__QWSRMwWSuFs_13_0to106,D:\HaitongNi\MEngProject\d3_datasets\AIGVDBench_all_opensource_1000\frames\real\Real__QWSRMwWSuFs_13_0to106\1.jpg,Real Video,0,16,"[1, 2, 3, 4, 5, 6, 7, 8, 9, 10, 11, 12, 13, 14, 15, 16]",QWSRMwWSuFs_13_0to106.mp4,Real,,F:\MEngDatasets\AIGVDBench\videos\Real\Real\videos\QWSRMwWSuFs_13_0to106.mp4,0,1.7971131,-1.7971131,1
D:\HaitongNi\MEngProject\d3_datasets\AIGVDBench_all_opensource_1000\frames\real\Real__Yucbqr3ANi0_19_0to209,D:\HaitongNi\MEngProject\d3_datasets\AIGVDBench_all_opensource_1000\frames\real\Real__Yucbqr3ANi0_19_0to209\1.jpg,Real Video,0,16,"[1, 2, 3, 4, 5, 6, 7, 8, 9, 10, 11, 12, 13, 14, 15, 16]",Yucbqr3ANi0_19_0to209.mp4,Real,,F:\MEngDatasets\AIGVDBench\videos\Real\Real\videos\Yucbqr3ANi0_19_0to209.mp4,0,3.3847795,-3.3847795,1
D:\HaitongNi\MEngProject\d3_datasets\AIGVDBench_all_opensource_1000\frames\real\Real__CmpJjeyTpfU_16_114to217,D:\HaitongNi\MEngProject\d3_datasets\AIGVDBench_all_opensource_1000\frames\real\Real__CmpJjeyTpfU_16_114to217\1.jpg,Real Video,0,16,"[1, 2, 3, 4, 5, 6, 7, 8, 9, 10, 11, 12, 13, 14, 15, 16]",CmpJjeyTpfU_16_114to217.mp4,Real,,F:\MEngDatasets\AIGVDBench\videos\Real\Real\videos\CmpJjeyTpfU_16_114to217.mp4,0,2.1658137,-2.1658137,1
D:\HaitongNi\MEngProject\d3_datasets\AIGVDBench_all_opensource_1000\frames\real\Real__rd-zarq6T8Q_17_0to1180,D:\HaitongNi\MEngProject\d3_datasets\AIGVDBench_all_opensource_1000\frames\real\Real__rd-zarq6T8Q_17_0to1180\1.jpg,Real Video,0,16,"[1, 2, 3, 4, 5, 6, 7, 8, 9, 10, 11, 12, 13, 14, 15, 16]",rd-zarq6T8Q_17_0to1180.mp4,Real,,F:\MEngDatasets\AIGVDBench\videos\Real\Real\videos\rd-zarq6T8Q_17_0to1180.mp4,0,4.0851955,-4.0851955,1
D:\HaitongNi\MEngProject\d3_datasets\AIGVDBench_all_opensource_1000\frames\real\Real__8YLy4kHzkdY_72_25to149,D:\HaitongNi\MEngProject\d3_datasets\AIGVDBench_all_opensource_1000\frames\real\Real__8YLy4kHzkdY_72_25to149\1.jpg,Real Video,0,16,"[1, 2, 3, 4, 5, 6, 7, 8, 9, 10, 11, 12, 13, 14, 15, 16]",8YLy4kHzkdY_72_25to149.mp4,Real,,F:\MEngDatasets\AIGVDBench\videos\Real\Real\videos\8YLy4kHzkdY_72_25to149.mp4,0,4.198442,-4.198442,1
D:\HaitongNi\MEngProject\d3_datasets\AIGVDBench_all_opensource_1000\frames\real\Real__Hb9-kcCKO1s_39_0to111,D:\HaitongNi\MEngProject\d3_datasets\AIGVDBench_all_opensource_1000\frames\real\Real__Hb9-kcCKO1s_39_0to111\1.jpg,Real Video,0,16,"[1, 2, 3, 4, 5, 6, 7, 8, 9, 10, 11, 12, 13, 14, 15, 16]",Hb9-kcCKO1s_39_0to111.mp4,Real,,F:\MEngDatasets\AIGVDBench\videos\Real\Real\videos\Hb9-kcCKO1s_39_0to111.mp4,0,1.7841053,-1.7841053,1
D:\HaitongNi\MEngProject\d3_datasets\AIGVDBench_all_opensource_1000\frames\real\Real__LCj92toBBBE_3_0to145,D:\HaitongNi\MEngProject\d3_datasets\AIGVDBench_all_opensource_1000\frames\real\Real__LCj92toBBBE_3_0to145\1.jpg,Real Video,0,16,"[1, 2, 3, 4, 5, 6, 7, 8, 9, 10, 11, 12, 13, 14, 15, 16]",LCj92toBBBE_3_0to145.mp4,Real,,F:\MEngDatasets\AIGVDBench\videos\Real\Real\videos\LCj92toBBBE_3_0to145.mp4,0,3.186806,-3.186806,1
D:\HaitongNi\MEngProject\d3_datasets\AIGVDBench_all_opensource_1000\frames\real\Real__XQR-c1MFjEE_14_0to280,D:\HaitongNi\MEngProject\d3_datasets\AIGVDBench_all_opensource_1000\frames\real\Real__XQR-c1MFjEE_14_0to280\1.jpg,Real Video,0,16,"[1, 2, 3, 4, 5, 6, 7, 8, 9, 10, 11, 12, 13, 14, 15, 16]",XQR-c1MFjEE_14_0to280.mp4,Real,,F:\MEngDatasets\AIGVDBench\videos\Real\Real\videos\XQR-c1MFjEE_14_0to280.mp4,0,2.6064954,-2.6064954,1
D:\HaitongNi\MEngProject\d3_datasets\AIGVDBench_all_opensource_1000\frames\real\Real__XfKW1oVWluY_4_0to131,D:\HaitongNi\MEngProject\d3_datasets\AIGVDBench_all_opensource_1000\frames\real\Real__XfKW1oVWluY_4_0to131\1.jpg,Real Video,0,16,"[1, 2, 3, 4, 5, 6, 7, 8, 9, 10, 11, 12, 13, 14, 15, 16]",XfKW1oVWluY_4_0to131.mp4,Real,,F:\MEngDatasets\AIGVDBench\videos\Real\Real\videos\XfKW1oVWluY_4_0to131.mp4,0,1.338076,-1.338076,1
D:\HaitongNi\MEngProject\d3_datasets\AIGVDBench_all_opensource_1000\frames\real\Real__gcgj6G8r-IQ_28_24to180,D:\HaitongNi\MEngProject\d3_datasets\AIGVDBench_all_opensource_1000\frames\real\Real__gcgj6G8r-IQ_28_24to180\1.jpg,Real Video,0,16,"[1, 2, 3, 4, 5, 6, 7, 8, 9, 10, 11, 12, 13, 14, 15, 16]",gcgj6G8r-IQ_28_24to180.mp4,Real,,F:\MEngDatasets\AIGVDBench\videos\Real\Real\videos\gcgj6G8r-IQ_28_24to180.mp4,0,3.069719,-3.069719,1
D:\HaitongNi\MEngProject\d3_datasets\AIGVDBench_all_opensource_1000\frames\real\Real__w-NUjFCZsKM_6_0to101,D:\HaitongNi\MEngProject\d3_datasets\AIGVDBench_all_opensource_1000\frames\real\Real__w-NUjFCZsKM_6_0to101\1.jpg,Real Video,0,16,"[1, 2, 3, 4, 5, 6, 7, 8, 9, 10, 11, 12, 13, 14, 15, 16]",w-NUjFCZsKM_6_0to101.mp4,Real,,F:\MEngDatasets\AIGVDBench\videos\Real\Real\videos\w-NUjFCZsKM_6_0to101.mp4,0,1.3306997,-1.3306997,1
D:\HaitongNi\MEngProject\d3_datasets\AIGVDBench_all_opensource_1000\frames\real\Real__urWboswP8pU_13_26to163,D:\HaitongNi\MEngProject\d3_datasets\AIGVDBench_all_opensource_1000\frames\real\Real__urWboswP8pU_13_26to163\1.jpg,Real Video,0,16,"[1, 2, 3, 4, 5, 6, 7, 8, 9, 10, 11, 12, 13, 14, 15, 16]",urWboswP8pU_13_26to163.mp4,Real,,F:\MEngDatasets\AIGVDBench\videos\Real\Real\videos\urWboswP8pU_13_26to163.mp4,0,5.342672,-5.342672,0
D:\HaitongNi\MEngProject\d3_datasets\AIGVDBench_all_opensource_1000\frames\real\Real__DqGAK7Vi5Jc_28_0to306,D:\HaitongNi\MEngProject\d3_datasets\AIGVDBench_all_opensource_1000\frames\real\Real__DqGAK7Vi5Jc_28_0to306\1.jpg,Real Video,0,16,"[1, 2, 3, 4, 5, 6, 7, 8, 9, 10, 11, 12, 13, 14, 15, 16]",DqGAK7Vi5Jc_28_0to306.mp4,Real,,F:\MEngDatasets\AIGVDBench\videos\Real\Real\videos\DqGAK7Vi5Jc_28_0to306.mp4,0,2.232235,-2.232235,1
D:\HaitongNi\MEngProject\d3_datasets\AIGVDBench_all_opensource_1000\frames\real\Real__8ujniyn3tjg_15_0to235,D:\HaitongNi\MEngProject\d3_datasets\AIGVDBench_all_opensource_1000\frames\real\Real__8ujniyn3tjg_15_0to235\1.jpg,Real Video,0,16,"[1, 2, 3, 4, 5, 6, 7, 8, 9, 10, 11, 12, 13, 14, 15, 16]",8ujniyn3tjg_15_0to235.mp4,Real,,F:\MEngDatasets\AIGVDBench\videos\Real\Real\videos\8ujniyn3tjg_15_0to235.mp4,0,2.2006848,-2.2006848,1
D:\HaitongNi\MEngProject\d3_datasets\AIGVDBench_all_opensource_1000\frames\real\Real__WG-gUJfXJrE_43_100to638,D:\HaitongNi\MEngProject\d3_datasets\AIGVDBench_all_opensource_1000\frames\real\Real__WG-gUJfXJrE_43_100to638\1.jpg,Real Video,0,16,"[1, 2, 3, 4, 5, 6, 7, 8, 9, 10, 11, 12, 13, 14, 15, 16]",WG-gUJfXJrE_43_100to638.mp4,Real,,F:\MEngDatasets\AIGVDBench\videos\Real\Real\videos\WG-gUJfXJrE_43_100to638.mp4,0,9.097307,-9.097307,0
D:\HaitongNi\MEngProject\d3_datasets\AIGVDBench_all_opensource_1000\frames\real\Real__peZbzdef1Hs_8_0to315,D:\HaitongNi\MEngProject\d3_datasets\AIGVDBench_all_opensource_1000\frames\real\Real__peZbzdef1Hs_8_0to315\1.jpg,Real Video,0,16,"[1, 2, 3, 4, 5, 6, 7, 8, 9, 10, 11, 12, 13, 14, 15, 16]",peZbzdef1Hs_8_0to315.mp4,Real,,F:\MEngDatasets\AIGVDBench\videos\Real\Real\videos\peZbzdef1Hs_8_0to315.mp4,0,3.7225351,-3.7225351,1
D:\HaitongNi\MEngProject\d3_datasets\AIGVDBench_all_opensource_1000\frames\real\Real__cgexTg6KRsQ_179_29to182,D:\HaitongNi\MEngProject\d3_datasets\AIGVDBench_all_opensource_1000\frames\real\Real__cgexTg6KRsQ_179_29to182\1.jpg,Real Video,0,16,"[1, 2, 3, 4, 5, 6, 7, 8, 9, 10, 11, 12, 13, 14, 15, 16]",cgexTg6KRsQ_179_29to182.mp4,Real,,F:\MEngDatasets\AIGVDBench\videos\Real\Real\videos\cgexTg6KRsQ_179_29to182.mp4,0,1.5408192,-1.5408192,1
D:\HaitongNi\MEngProject\d3_datasets\AIGVDBench_all_opensource_1000\frames\real\Real__0yt-RZwC4o4_157_25to153,D:\HaitongNi\MEngProject\d3_datasets\AIGVDBench_all_opensource_1000\frames\real\Real__0yt-RZwC4o4_157_25to153\1.jpg,Real Video,0,16,"[1, 2, 3, 4, 5, 6, 7, 8, 9, 10, 11, 12, 13, 14, 15, 16]",0yt-RZwC4o4_157_25to153.mp4,Real,,F:\MEngDatasets\AIGVDBench\videos\Real\Real\videos\0yt-RZwC4o4_157_25to153.mp4,0,2.9983687,-2.9983687,1
D:\HaitongNi\MEngProject\d3_datasets\AIGVDBench_all_opensource_1000\frames\real\Real__5xn-IIkZ3fA_28_0to254,D:\HaitongNi\MEngProject\d3_datasets\AIGVDBench_all_opensource_1000\frames\real\Real__5xn-IIkZ3fA_28_0to254\1.jpg,Real Video,0,16,"[1, 2, 3, 4, 5, 6, 7, 8, 9, 10, 11, 12, 13, 14, 15, 16]",5xn-IIkZ3fA_28_0to254.mp4,Real,,F:\MEngDatasets\AIGVDBench\videos\Real\Real\videos\5xn-IIkZ3fA_28_0to254.mp4,0,2.2925718,-2.2925718,1
D:\HaitongNi\MEngProject\d3_datasets\AIGVDBench_all_opensource_1000\frames\real\Real__0ojwJ00IxOM_5_96to472,D:\HaitongNi\MEngProject\d3_datasets\AIGVDBench_all_opensource_1000\frames\real\Real__0ojwJ00IxOM_5_96to472\1.jpg,Real Video,0,16,"[1, 2, 3, 4, 5, 6, 7, 8, 9, 10, 11, 12, 13, 14, 15, 16]",0ojwJ00IxOM_5_96to472.mp4,Real,,F:\MEngDatasets\AIGVDBench\videos\Real\Real\videos\0ojwJ00IxOM_5_96to472.mp4,0,2.5856051,-2.5856051,1
D:\HaitongNi\MEngProject\d3_datasets\AIGVDBench_all_opensource_1000\frames\real\Real__uUoQuaVcXu4_89_48to151,D:\HaitongNi\MEngProject\d3_datasets\AIGVDBench_all_opensource_1000\frames\real\Real__uUoQuaVcXu4_89_48to151\1.jpg,Real Video,0,16,"[1, 2, 3, 4, 5, 6, 7, 8, 9, 10, 11, 12, 13, 14, 15, 16]",uUoQuaVcXu4_89_48to151.mp4,Real,,F:\MEngDatasets\AIGVDBench\videos\Real\Real\videos\uUoQuaVcXu4_89_48to151.mp4,0,1.6903242,-1.6903242,1
D:\HaitongNi\MEngProject\d3_datasets\AIGVDBench_all_opensource_1000\frames\real\Real__FQZcloAq5bo_11_27to169,D:\HaitongNi\MEngProject\d3_datasets\AIGVDBench_all_opensource_1000\frames\real\Real__FQZcloAq5bo_11_27to169\1.jpg,Real Video,0,16,"[1, 2, 3, 4, 5, 6, 7, 8, 9, 10, 11, 12, 13, 14, 15, 16]",FQZcloAq5bo_11_27to169.mp4,Real,,F:\MEngDatasets\AIGVDBench\videos\Real\Real\videos\FQZcloAq5bo_11_27to169.mp4,0,3.729389,-3.729389,1
D:\HaitongNi\MEngProject\d3_datasets\AIGVDBench_all_opensource_1000\frames\real\Real__49t2UhE8UfA_415_0to131,D:\HaitongNi\MEngProject\d3_datasets\AIGVDBench_all_opensource_1000\frames\real\Real__49t2UhE8UfA_415_0to131\1.jpg,Real Video,0,16,"[1, 2, 3, 4, 5, 6, 7, 8, 9, 10, 11, 12, 13, 14, 15, 16]",49t2UhE8UfA_415_0to131.mp4,Real,,F:\MEngDatasets\AIGVDBench\videos\Real\Real\videos\49t2UhE8UfA_415_0to131.mp4,0,1.2006961,-1.2006961,1
D:\HaitongNi\MEngProject\d3_datasets\AIGVDBench_all_opensource_1000\frames\real\Real__FcQuhewq7_c_10_565to788,D:\HaitongNi\MEngProject\d3_datasets\AIGVDBench_all_opensource_1000\frames\real\Real__FcQuhewq7_c_10_565to788\1.jpg,Real Video,0,16,"[1, 2, 3, 4, 5, 6, 7, 8, 9, 10, 11, 12, 13, 14, 15, 16]",FcQuhewq7_c_10_565to788.mp4,Real,,F:\MEngDatasets\AIGVDBench\videos\Real\Real\videos\FcQuhewq7_c_10_565to788.mp4,0,4.6187425,-4.6187425,1
D:\HaitongNi\MEngProject\d3_datasets\AIGVDBench_all_opensource_1000\frames\real\Real__9WeoZZ5CcY8_35_0to439,D:\HaitongNi\MEngProject\d3_datasets\AIGVDBench_all_opensource_1000\frames\real\Real__9WeoZZ5CcY8_35_0to439\1.jpg,Real Video,0,16,"[1, 2, 3, 4, 5, 6, 7, 8, 9, 10, 11, 12, 13, 14, 15, 16]",9WeoZZ5CcY8_35_0to439.mp4,Real,,F:\MEngDatasets\AIGVDBench\videos\Real\Real\videos\9WeoZZ5CcY8_35_0to439.mp4,0,3.6096735,-3.6096735,1
D:\HaitongNi\MEngProject\d3_datasets\AIGVDBench_all_opensource_1000\frames\real\Real__2B9BLASX3YQ_27_0to157,D:\HaitongNi\MEngProject\d3_datasets\AIGVDBench_all_opensource_1000\frames\real\Real__2B9BLASX3YQ_27_0to157\1.jpg,Real Video,0,16,"[1, 2, 3, 4, 5, 6, 7, 8, 9, 10, 11, 12, 13, 14, 15, 16]",2B9BLASX3YQ_27_0to157.mp4,Real,,F:\MEngDatasets\AIGVDBench\videos\Real\Real\videos\2B9BLASX3YQ_27_0to157.mp4,0,3.5295238,-3.5295238,1
D:\HaitongNi\MEngProject\d3_datasets\AIGVDBench_all_opensource_1000\frames\real\Real__LV3MODQ0IRs_9_22to142,D:\HaitongNi\MEngProject\d3_datasets\AIGVDBench_all_opensource_1000\frames\real\Real__LV3MODQ0IRs_9_22to142\1.jpg,Real Video,0,16,"[1, 2, 3, 4, 5, 6, 7, 8, 9, 10, 11, 12, 13, 14, 15, 16]",LV3MODQ0IRs_9_22to142.mp4,Real,,F:\MEngDatasets\AIGVDBench\videos\Real\Real\videos\LV3MODQ0IRs_9_22to142.mp4,0,2.0440516,-2.0440516,1
D:\HaitongNi\MEngProject\d3_datasets\AIGVDBench_all_opensource_1000\frames\real\Real__R076_ORzIgM_1_0to303,D:\HaitongNi\MEngProject\d3_datasets\AIGVDBench_all_opensource_1000\frames\real\Real__R076_ORzIgM_1_0to303\1.jpg,Real Video,0,16,"[1, 2, 3, 4, 5, 6, 7, 8, 9, 10, 11, 12, 13, 14, 15, 16]",R076_ORzIgM_1_0to303.mp4,Real,,F:\MEngDatasets\AIGVDBench\videos\Real\Real\videos\R076_ORzIgM_1_0to303.mp4,0,2.1109512,-2.1109512,1
D:\HaitongNi\MEngProject\d3_datasets\AIGVDBench_all_opensource_1000\frames\real\Real__7TxVWght5yw_4_0to296,D:\HaitongNi\MEngProject\d3_datasets\AIGVDBench_all_opensource_1000\frames\real\Real__7TxVWght5yw_4_0to296\1.jpg,Real Video,0,16,"[1, 2, 3, 4, 5, 6, 7, 8, 9, 10, 11, 12, 13, 14, 15, 16]",7TxVWght5yw_4_0to296.mp4,Real,,F:\MEngDatasets\AIGVDBench\videos\Real\Real\videos\7TxVWght5yw_4_0to296.mp4,0,2.755657,-2.755657,1
D:\HaitongNi\MEngProject\d3_datasets\AIGVDBench_all_opensource_1000\frames\real\Real__PF7NpKG_S8g_2_56to408,D:\HaitongNi\MEngProject\d3_datasets\AIGVDBench_all_opensource_1000\frames\real\Real__PF7NpKG_S8g_2_56to408\1.jpg,Real Video,0,16,"[1, 2, 3, 4, 5, 6, 7, 8, 9, 10, 11, 12, 13, 14, 15, 16]",PF7NpKG_S8g_2_56to408.mp4,Real,,F:\MEngDatasets\AIGVDBench\videos\Real\Real\videos\PF7NpKG_S8g_2_56to408.mp4,0,1.7881532,-1.7881532,1
D:\HaitongNi\MEngProject\d3_datasets\AIGVDBench_all_opensource_1000\frames\real\Real__UgUXeOJEmjQ_2_66to213,D:\HaitongNi\MEngProject\d3_datasets\AIGVDBench_all_opensource_1000\frames\real\Real__UgUXeOJEmjQ_2_66to213\1.jpg,Real Video,0,16,"[1, 2, 3, 4, 5, 6, 7, 8, 9, 10, 11, 12, 13, 14, 15, 16]",UgUXeOJEmjQ_2_66to213.mp4,Real,,F:\MEngDatasets\AIGVDBench\videos\Real\Real\videos\UgUXeOJEmjQ_2_66to213.mp4,0,1.6693977,-1.6693977,1
D:\HaitongNi\MEngProject\d3_datasets\AIGVDBench_all_opensource_1000\frames\real\Real__ZVJ5oLS74mc_81_120to282,D:\HaitongNi\MEngProject\d3_datasets\AIGVDBench_all_opensource_1000\frames\real\Real__ZVJ5oLS74mc_81_120to282\1.jpg,Real Video,0,16,"[1, 2, 3, 4, 5, 6, 7, 8, 9, 10, 11, 12, 13, 14, 15, 16]",ZVJ5oLS74mc_81_120to282.mp4,Real,,F:\MEngDatasets\AIGVDBench\videos\Real\Real\videos\ZVJ5oLS74mc_81_120to282.mp4,0,2.3078916,-2.3078916,1
D:\HaitongNi\MEngProject\d3_datasets\AIGVDBench_all_opensource_1000\frames\real\Real__wyQ6oYCe4uA_27_0to175,D:\HaitongNi\MEngProject\d3_datasets\AIGVDBench_all_opensource_1000\frames\real\Real__wyQ6oYCe4uA_27_0to175\1.jpg,Real Video,0,16,"[1, 2, 3, 4, 5, 6, 7, 8, 9, 10, 11, 12, 13, 14, 15, 16]",wyQ6oYCe4uA_27_0to175.mp4,Real,,F:\MEngDatasets\AIGVDBench\videos\Real\Real\videos\wyQ6oYCe4uA_27_0to175.mp4,0,6.2213044,-6.2213044,0
D:\HaitongNi\MEngProject\d3_datasets\AIGVDBench_all_opensource_1000\frames\real\Real__RidX1TOSQDg_19_21to218,D:\HaitongNi\MEngProject\d3_datasets\AIGVDBench_all_opensource_1000\frames\real\Real__RidX1TOSQDg_19_21to218\1.jpg,Real Video,0,16,"[1, 2, 3, 4, 5, 6, 7, 8, 9, 10, 11, 12, 13, 14, 15, 16]",RidX1TOSQDg_19_21to218.mp4,Real,,F:\MEngDatasets\AIGVDBench\videos\Real\Real\videos\RidX1TOSQDg_19_21to218.mp4,0,2.454725,-2.454725,1
D:\HaitongNi\MEngProject\d3_datasets\AIGVDBench_all_opensource_1000\frames\real\Real__7TCW9wOxAWk_48_0to214,D:\HaitongNi\MEngProject\d3_datasets\AIGVDBench_all_opensource_1000\frames\real\Real__7TCW9wOxAWk_48_0to214\1.jpg,Real Video,0,16,"[1, 2, 3, 4, 5, 6, 7, 8, 9, 10, 11, 12, 13, 14, 15, 16]",7TCW9wOxAWk_48_0to214.mp4,Real,,F:\MEngDatasets\AIGVDBench\videos\Real\Real\videos\7TCW9wOxAWk_48_0to214.mp4,0,3.9579637,-3.9579637,1
D:\HaitongNi\MEngProject\d3_datasets\AIGVDBench_all_opensource_1000\frames\real\Real__rgdTYAO41ZM_25_0to285,D:\HaitongNi\MEngProject\d3_datasets\AIGVDBench_all_opensource_1000\frames\real\Real__rgdTYAO41ZM_25_0to285\1.jpg,Real Video,0,16,"[1, 2, 3, 4, 5, 6, 7, 8, 9, 10, 11, 12, 13, 14, 15, 16]",rgdTYAO41ZM_25_0to285.mp4,Real,,F:\MEngDatasets\AIGVDBench\videos\Real\Real\videos\rgdTYAO41ZM_25_0to285.mp4,0,2.1101155,-2.1101155,1
D:\HaitongNi\MEngProject\d3_datasets\AIGVDBench_all_opensource_1000\frames\real\Real__zBKLvi7AnQQ_145_0to106,D:\HaitongNi\MEngProject\d3_datasets\AIGVDBench_all_opensource_1000\frames\real\Real__zBKLvi7AnQQ_145_0to106\1.jpg,Real Video,0,16,"[1, 2, 3, 4, 5, 6, 7, 8, 9, 10, 11, 12, 13, 14, 15, 16]",zBKLvi7AnQQ_145_0to106.mp4,Real,,F:\MEngDatasets\AIGVDBench\videos\Real\Real\videos\zBKLvi7AnQQ_145_0to106.mp4,0,1.9274191,-1.9274191,1
D:\HaitongNi\MEngProject\d3_datasets\AIGVDBench_all_opensource_1000\frames\real\Real__gi3DWHw_Ufs_9_0to127,D:\HaitongNi\MEngProject\d3_datasets\AIGVDBench_all_opensource_1000\frames\real\Real__gi3DWHw_Ufs_9_0to127\1.jpg,Real Video,0,16,"[1, 2, 3, 4, 5, 6, 7, 8, 9, 10, 11, 12, 13, 14, 15, 16]",gi3DWHw_Ufs_9_0to127.mp4,Real,,F:\MEngDatasets\AIGVDBench\videos\Real\Real\videos\gi3DWHw_Ufs_9_0to127.mp4,0,1.1663631,-1.1663631,1
D:\HaitongNi\MEngProject\d3_datasets\AIGVDBench_all_opensource_1000\frames\real\Real__l83gNISH_wE_26_46to148,D:\HaitongNi\MEngProject\d3_datasets\AIGVDBench_all_opensource_1000\frames\real\Real__l83gNISH_wE_26_46to148\1.jpg,Real Video,0,16,"[1, 2, 3, 4, 5, 6, 7, 8, 9, 10, 11, 12, 13, 14, 15, 16]",l83gNISH_wE_26_46to148.mp4,Real,,F:\MEngDatasets\AIGVDBench\videos\Real\Real\videos\l83gNISH_wE_26_46to148.mp4,0,3.403051,-3.403051,1
D:\HaitongNi\MEngProject\d3_datasets\AIGVDBench_all_opensource_1000\frames\real\Real__31XudeRs0cI_66_0to150,D:\HaitongNi\MEngProject\d3_datasets\AIGVDBench_all_opensource_1000\frames\real\Real__31XudeRs0cI_66_0to150\1.jpg,Real Video,0,16,"[1, 2, 3, 4, 5, 6, 7, 8, 9, 10, 11, 12, 13, 14, 15, 16]",31XudeRs0cI_66_0to150.mp4,Real,,F:\MEngDatasets\AIGVDBench\videos\Real\Real\videos\31XudeRs0cI_66_0to150.mp4,0,2.671042,-2.671042,1
D:\HaitongNi\MEngProject\d3_datasets\AIGVDBench_all_opensource_1000\frames\real\Real__WRQ-RSNImIM_3_0to123,D:\HaitongNi\MEngProject\d3_datasets\AIGVDBench_all_opensource_1000\frames\real\Real__WRQ-RSNImIM_3_0to123\1.jpg,Real Video,0,16,"[1, 2, 3, 4, 5, 6, 7, 8, 9, 10, 11, 12, 13, 14, 15, 16]",WRQ-RSNImIM_3_0to123.mp4,Real,,F:\MEngDatasets\AIGVDBench\videos\Real\Real\videos\WRQ-RSNImIM_3_0to123.mp4,0,2.2568333,-2.2568333,1
D:\HaitongNi\MEngProject\d3_datasets\AIGVDBench_all_opensource_1000\frames\real\Real__9XyuVIYcDvg_77_0to148,D:\HaitongNi\MEngProject\d3_datasets\AIGVDBench_all_opensource_1000\frames\real\Real__9XyuVIYcDvg_77_0to148\1.jpg,Real Video,0,16,"[1, 2, 3, 4, 5, 6, 7, 8, 9, 10, 11, 12, 13, 14, 15, 16]",9XyuVIYcDvg_77_0to148.mp4,Real,,F:\MEngDatasets\AIGVDBench\videos\Real\Real\videos\9XyuVIYcDvg_77_0to148.mp4,0,0.98175186,-0.98175186,1
D:\HaitongNi\MEngProject\d3_datasets\AIGVDBench_all_opensource_1000\frames\real\Real__OFGnDcLXfo0_4_0to137,D:\HaitongNi\MEngProject\d3_datasets\AIGVDBench_all_opensource_1000\frames\real\Real__OFGnDcLXfo0_4_0to137\1.jpg,Real Video,0,16,"[1, 2, 3, 4, 5, 6, 7, 8, 9, 10, 11, 12, 13, 14, 15, 16]",OFGnDcLXfo0_4_0to137.mp4,Real,,F:\MEngDatasets\AIGVDBench\videos\Real\Real\videos\OFGnDcLXfo0_4_0to137.mp4,0,1.3454692,-1.3454692,1
D:\HaitongNi\MEngProject\d3_datasets\AIGVDBench_all_opensource_1000\frames\real\Real__26oLlN0r43Y_23_0to113,D:\HaitongNi\MEngProject\d3_datasets\AIGVDBench_all_opensource_1000\frames\real\Real__26oLlN0r43Y_23_0to113\1.jpg,Real Video,0,16,"[1, 2, 3, 4, 5, 6, 7, 8, 9, 10, 11, 12, 13, 14, 15, 16]",26oLlN0r43Y_23_0to113.mp4,Real,,F:\MEngDatasets\AIGVDBench\videos\Real\Real\videos\26oLlN0r43Y_23_0to113.mp4,0,1.7677124,-1.7677124,1
D:\HaitongNi\MEngProject\d3_datasets\AIGVDBench_all_opensource_1000\frames\real\Real__Twqwaglkj0w_18_129to303,D:\HaitongNi\MEngProject\d3_datasets\AIGVDBench_all_opensource_1000\frames\real\Real__Twqwaglkj0w_18_129to303\1.jpg,Real Video,0,16,"[1, 2, 3, 4, 5, 6, 7, 8, 9, 10, 11, 12, 13, 14, 15, 16]",Twqwaglkj0w_18_129to303.mp4,Real,,F:\MEngDatasets\AIGVDBench\videos\Real\Real\videos\Twqwaglkj0w_18_129to303.mp4,0,2.088078,-2.088078,1
D:\HaitongNi\MEngProject\d3_datasets\AIGVDBench_all_opensource_1000\frames\real\Real__Rl9aNRRRLes_0_0to270,D:\HaitongNi\MEngProject\d3_datasets\AIGVDBench_all_opensource_1000\frames\real\Real__Rl9aNRRRLes_0_0to270\1.jpg,Real Video,0,16,"[1, 2, 3, 4, 5, 6, 7, 8, 9, 10, 11, 12, 13, 14, 15, 16]",Rl9aNRRRLes_0_0to270.mp4,Real,,F:\MEngDatasets\AIGVDBench\videos\Real\Real\videos\Rl9aNRRRLes_0_0to270.mp4,0,3.576257,-3.576257,1
D:\HaitongNi\MEngProject\d3_datasets\AIGVDBench_all_opensource_1000\frames\real\Real__lf6pex8dvzY_4_59to474,D:\HaitongNi\MEngProject\d3_datasets\AIGVDBench_all_opensource_1000\frames\real\Real__lf6pex8dvzY_4_59to474\1.jpg,Real Video,0,16,"[1, 2, 3, 4, 5, 6, 7, 8, 9, 10, 11, 12, 13, 14, 15, 16]",lf6pex8dvzY_4_59to474.mp4,Real,,F:\MEngDatasets\AIGVDBench\videos\Real\Real\videos\lf6pex8dvzY_4_59to474.mp4,0,3.438971,-3.438971,1
D:\HaitongNi\MEngProject\d3_datasets\AIGVDBench_all_opensource_1000\frames\real\Real__0xqq0sCP5zw_31_0to146,D:\HaitongNi\MEngProject\d3_datasets\AIGVDBench_all_opensource_1000\frames\real\Real__0xqq0sCP5zw_31_0to146\1.jpg,Real Video,0,16,"[1, 2, 3, 4, 5, 6, 7, 8, 9, 10, 11, 12, 13, 14, 15, 16]",0xqq0sCP5zw_31_0to146.mp4,Real,,F:\MEngDatasets\AIGVDBench\videos\Real\Real\videos\0xqq0sCP5zw_31_0to146.mp4,0,2.1685555,-2.1685555,1
D:\HaitongNi\MEngProject\d3_datasets\AIGVDBench_all_opensource_1000\frames\real\Real__m7V1i3jhomo_105_0to194,D:\HaitongNi\MEngProject\d3_datasets\AIGVDBench_all_opensource_1000\frames\real\Real__m7V1i3jhomo_105_0to194\1.jpg,Real Video,0,16,"[1, 2, 3, 4, 5, 6, 7, 8, 9, 10, 11, 12, 13, 14, 15, 16]",m7V1i3jhomo_105_0to194.mp4,Real,,F:\MEngDatasets\AIGVDBench\videos\Real\Real\videos\m7V1i3jhomo_105_0to194.mp4,0,2.4176655,-2.4176655,1
D:\HaitongNi\MEngProject\d3_datasets\AIGVDBench_all_opensource_1000\frames\real\Real__3dD02kCEhsc_18_107to226,D:\HaitongNi\MEngProject\d3_datasets\AIGVDBench_all_opensource_1000\frames\real\Real__3dD02kCEhsc_18_107to226\1.jpg,Real Video,0,16,"[1, 2, 3, 4, 5, 6, 7, 8, 9, 10, 11, 12, 13, 14, 15, 16]",3dD02kCEhsc_18_107to226.mp4,Real,,F:\MEngDatasets\AIGVDBench\videos\Real\Real\videos\3dD02kCEhsc_18_107to226.mp4,0,4.5842066,-4.5842066,1
D:\HaitongNi\MEngProject\d3_datasets\AIGVDBench_all_opensource_1000\frames\real\Real__Nkbw67bFRXo_10_30to345,D:\HaitongNi\MEngProject\d3_datasets\AIGVDBench_all_opensource_1000\frames\real\Real__Nkbw67bFRXo_10_30to345\1.jpg,Real Video,0,16,"[1, 2, 3, 4, 5, 6, 7, 8, 9, 10, 11, 12, 13, 14, 15, 16]",Nkbw67bFRXo_10_30to345.mp4,Real,,F:\MEngDatasets\AIGVDBench\videos\Real\Real\videos\Nkbw67bFRXo_10_30to345.mp4,0,5.284643,-5.284643,0
D:\HaitongNi\MEngProject\d3_datasets\AIGVDBench_all_opensource_1000\frames\real\Real__Y7qCpUrDv1Y_45_0to163,D:\HaitongNi\MEngProject\d3_datasets\AIGVDBench_all_opensource_1000\frames\real\Real__Y7qCpUrDv1Y_45_0to163\1.jpg,Real Video,0,16,"[1, 2, 3, 4, 5, 6, 7, 8, 9, 10, 11, 12, 13, 14, 15, 16]",Y7qCpUrDv1Y_45_0to163.mp4,Real,,F:\MEngDatasets\AIGVDBench\videos\Real\Real\videos\Y7qCpUrDv1Y_45_0to163.mp4,0,1.9280224,-1.9280224,1
D:\HaitongNi\MEngProject\d3_datasets\AIGVDBench_all_opensource_1000\frames\real\Real__vMZFya23iKw_5_24to304,D:\HaitongNi\MEngProject\d3_datasets\AIGVDBench_all_opensource_1000\frames\real\Real__vMZFya23iKw_5_24to304\1.jpg,Real Video,0,16,"[1, 2, 3, 4, 5, 6, 7, 8, 9, 10, 11, 12, 13, 14, 15, 16]",vMZFya23iKw_5_24to304.mp4,Real,,F:\MEngDatasets\AIGVDBench\videos\Real\Real\videos\vMZFya23iKw_5_24to304.mp4,0,3.3940818,-3.3940818,1
D:\HaitongNi\MEngProject\d3_datasets\AIGVDBench_all_opensource_1000\frames\real\Real__2v8cSbtddZA_5_0to128,D:\HaitongNi\MEngProject\d3_datasets\AIGVDBench_all_opensource_1000\frames\real\Real__2v8cSbtddZA_5_0to128\1.jpg,Real Video,0,16,"[1, 2, 3, 4, 5, 6, 7, 8, 9, 10, 11, 12, 13, 14, 15, 16]",2v8cSbtddZA_5_0to128.mp4,Real,,F:\MEngDatasets\AIGVDBench\videos\Real\Real\videos\2v8cSbtddZA_5_0to128.mp4,0,4.2240963,-4.2240963,1
D:\HaitongNi\MEngProject\d3_datasets\AIGVDBench_all_opensource_1000\frames\real\Real__lQeVwW6IUH0_81_0to110,D:\HaitongNi\MEngProject\d3_datasets\AIGVDBench_all_opensource_1000\frames\real\Real__lQeVwW6IUH0_81_0to110\1.jpg,Real Video,0,16,"[1, 2, 3, 4, 5, 6, 7, 8, 9, 10, 11, 12, 13, 14, 15, 16]",lQeVwW6IUH0_81_0to110.mp4,Real,,F:\MEngDatasets\AIGVDBench\videos\Real\Real\videos\lQeVwW6IUH0_81_0to110.mp4,0,1.6205156,-1.6205156,1
D:\HaitongNi\MEngProject\d3_datasets\AIGVDBench_all_opensource_1000\frames\real\Real__e-cj2KueU0w_57_249to386,D:\HaitongNi\MEngProject\d3_datasets\AIGVDBench_all_opensource_1000\frames\real\Real__e-cj2KueU0w_57_249to386\1.jpg,Real Video,0,16,"[1, 2, 3, 4, 5, 6, 7, 8, 9, 10, 11, 12, 13, 14, 15, 16]",e-cj2KueU0w_57_249to386.mp4,Real,,F:\MEngDatasets\AIGVDBench\videos\Real\Real\videos\e-cj2KueU0w_57_249to386.mp4,0,4.0765433,-4.0765433,1
D:\HaitongNi\MEngProject\d3_datasets\AIGVDBench_all_opensource_1000\frames\real\Real__csvw7Azxbf4_13_0to151,D:\HaitongNi\MEngProject\d3_datasets\AIGVDBench_all_opensource_1000\frames\real\Real__csvw7Azxbf4_13_0to151\1.jpg,Real Video,0,16,"[1, 2, 3, 4, 5, 6, 7, 8, 9, 10, 11, 12, 13, 14, 15, 16]",csvw7Azxbf4_13_0to151.mp4,Real,,F:\MEngDatasets\AIGVDBench\videos\Real\Real\videos\csvw7Azxbf4_13_0to151.mp4,0,2.1670904,-2.1670904,1
D:\HaitongNi\MEngProject\d3_datasets\AIGVDBench_all_opensource_1000\frames\real\Real__y_4S3juFS3I_61_0to115,D:\HaitongNi\MEngProject\d3_datasets\AIGVDBench_all_opensource_1000\frames\real\Real__y_4S3juFS3I_61_0to115\1.jpg,Real Video,0,16,"[1, 2, 3, 4, 5, 6, 7, 8, 9, 10, 11, 12, 13, 14, 15, 16]",y_4S3juFS3I_61_0to115.mp4,Real,,F:\MEngDatasets\AIGVDBench\videos\Real\Real\videos\y_4S3juFS3I_61_0to115.mp4,0,2.6123834,-2.6123834,1
D:\HaitongNi\MEngProject\d3_datasets\AIGVDBench_all_opensource_1000\frames\real\Real__3NzWDC2xIx8_8_0to140,D:\HaitongNi\MEngProject\d3_datasets\AIGVDBench_all_opensource_1000\frames\real\Real__3NzWDC2xIx8_8_0to140\1.jpg,Real Video,0,16,"[1, 2, 3, 4, 5, 6, 7, 8, 9, 10, 11, 12, 13, 14, 15, 16]",3NzWDC2xIx8_8_0to140.mp4,Real,,F:\MEngDatasets\AIGVDBench\videos\Real\Real\videos\3NzWDC2xIx8_8_0to140.mp4,0,2.272254,-2.272254,1
D:\HaitongNi\MEngProject\d3_datasets\AIGVDBench_all_opensource_1000\frames\real\Real__tAyqv7qX1BA_109_0to153,D:\HaitongNi\MEngProject\d3_datasets\AIGVDBench_all_opensource_1000\frames\real\Real__tAyqv7qX1BA_109_0to153\1.jpg,Real Video,0,16,"[1, 2, 3, 4, 5, 6, 7, 8, 9, 10, 11, 12, 13, 14, 15, 16]",tAyqv7qX1BA_109_0to153.mp4,Real,,F:\MEngDatasets\AIGVDBench\videos\Real\Real\videos\tAyqv7qX1BA_109_0to153.mp4,0,2.003022,-2.003022,1
D:\HaitongNi\MEngProject\d3_datasets\AIGVDBench_all_opensource_1000\frames\real\Real__hgpqnWcv7uw_71_19to447,D:\HaitongNi\MEngProject\d3_datasets\AIGVDBench_all_opensource_1000\frames\real\Real__hgpqnWcv7uw_71_19to447\1.jpg,Real Video,0,16,"[1, 2, 3, 4, 5, 6, 7, 8, 9, 10, 11, 12, 13, 14, 15, 16]",hgpqnWcv7uw_71_19to447.mp4,Real,,F:\MEngDatasets\AIGVDBench\videos\Real\Real\videos\hgpqnWcv7uw_71_19to447.mp4,0,2.4855554,-2.4855554,1
D:\HaitongNi\MEngProject\d3_datasets\AIGVDBench_all_opensource_1000\frames\real\Real__J1lBHGzqoQA_13_0to102,D:\HaitongNi\MEngProject\d3_datasets\AIGVDBench_all_opensource_1000\frames\real\Real__J1lBHGzqoQA_13_0to102\1.jpg,Real Video,0,16,"[1, 2, 3, 4, 5, 6, 7, 8, 9, 10, 11, 12, 13, 14, 15, 16]",J1lBHGzqoQA_13_0to102.mp4,Real,,F:\MEngDatasets\AIGVDBench\videos\Real\Real\videos\J1lBHGzqoQA_13_0to102.mp4,0,3.0599968,-3.0599968,1
D:\HaitongNi\MEngProject\d3_datasets\AIGVDBench_all_opensource_1000\frames\real\Real__ENIw1quFhGc_24_29to136,D:\HaitongNi\MEngProject\d3_datasets\AIGVDBench_all_opensource_1000\frames\real\Real__ENIw1quFhGc_24_29to136\1.jpg,Real Video,0,16,"[1, 2, 3, 4, 5, 6, 7, 8, 9, 10, 11, 12, 13, 14, 15, 16]",ENIw1quFhGc_24_29to136.mp4,Real,,F:\MEngDatasets\AIGVDBench\videos\Real\Real\videos\ENIw1quFhGc_24_29to136.mp4,0,1.5979706,-1.5979706,1
D:\HaitongNi\MEngProject\d3_datasets\AIGVDBench_all_opensource_1000\frames\real\Real__lK9ytBrA5Bs_11_0to281,D:\HaitongNi\MEngProject\d3_datasets\AIGVDBench_all_opensource_1000\frames\real\Real__lK9ytBrA5Bs_11_0to281\1.jpg,Real Video,0,16,"[1, 2, 3, 4, 5, 6, 7, 8, 9, 10, 11, 12, 13, 14, 15, 16]",lK9ytBrA5Bs_11_0to281.mp4,Real,,F:\MEngDatasets\AIGVDBench\videos\Real\Real\videos\lK9ytBrA5Bs_11_0to281.mp4,0,4.9411674,-4.9411674,1
D:\HaitongNi\MEngProject\d3_datasets\AIGVDBench_all_opensource_1000\frames\real\Real__r_nOiEVkhGM_6_64to735,D:\HaitongNi\MEngProject\d3_datasets\AIGVDBench_all_opensource_1000\frames\real\Real__r_nOiEVkhGM_6_64to735\1.jpg,Real Video,0,16,"[1, 2, 3, 4, 5, 6, 7, 8, 9, 10, 11, 12, 13, 14, 15, 16]",r_nOiEVkhGM_6_64to735.mp4,Real,,F:\MEngDatasets\AIGVDBench\videos\Real\Real\videos\r_nOiEVkhGM_6_64to735.mp4,0,5.1981726,-5.1981726,0
D:\HaitongNi\MEngProject\d3_datasets\AIGVDBench_all_opensource_1000\frames\real\Real__nDbgFCWpnNk_3_43to204,D:\HaitongNi\MEngProject\d3_datasets\AIGVDBench_all_opensource_1000\frames\real\Real__nDbgFCWpnNk_3_43to204\1.jpg,Real Video,0,16,"[1, 2, 3, 4, 5, 6, 7, 8, 9, 10, 11, 12, 13, 14, 15, 16]",nDbgFCWpnNk_3_43to204.mp4,Real,,F:\MEngDatasets\AIGVDBench\videos\Real\Real\videos\nDbgFCWpnNk_3_43to204.mp4,0,3.49452,-3.49452,1
D:\HaitongNi\MEngProject\d3_datasets\AIGVDBench_all_opensource_1000\frames\real\Real__wylDl_NBMMk_3_0to262,D:\HaitongNi\MEngProject\d3_datasets\AIGVDBench_all_opensource_1000\frames\real\Real__wylDl_NBMMk_3_0to262\1.jpg,Real Video,0,16,"[1, 2, 3, 4, 5, 6, 7, 8, 9, 10, 11, 12, 13, 14, 15, 16]",wylDl_NBMMk_3_0to262.mp4,Real,,F:\MEngDatasets\AIGVDBench\videos\Real\Real\videos\wylDl_NBMMk_3_0to262.mp4,0,2.4339352,-2.4339352,1
D:\HaitongNi\MEngProject\d3_datasets\AIGVDBench_all_opensource_1000\frames\real\Real__NPg_pFZLago_38_0to177,D:\HaitongNi\MEngProject\d3_datasets\AIGVDBench_all_opensource_1000\frames\real\Real__NPg_pFZLago_38_0to177\1.jpg,Real Video,0,16,"[1, 2, 3, 4, 5, 6, 7, 8, 9, 10, 11, 12, 13, 14, 15, 16]",NPg_pFZLago_38_0to177.mp4,Real,,F:\MEngDatasets\AIGVDBench\videos\Real\Real\videos\NPg_pFZLago_38_0to177.mp4,0,3.5060642,-3.5060642,1
D:\HaitongNi\MEngProject\d3_datasets\AIGVDBench_all_opensource_1000\frames\real\Real__a5tU973I35w_0_0to109,D:\HaitongNi\MEngProject\d3_datasets\AIGVDBench_all_opensource_1000\frames\real\Real__a5tU973I35w_0_0to109\1.jpg,Real Video,0,16,"[1, 2, 3, 4, 5, 6, 7, 8, 9, 10, 11, 12, 13, 14, 15, 16]",a5tU973I35w_0_0to109.mp4,Real,,F:\MEngDatasets\AIGVDBench\videos\Real\Real\videos\a5tU973I35w_0_0to109.mp4,0,2.0201745,-2.0201745,1
D:\HaitongNi\MEngProject\d3_datasets\AIGVDBench_all_opensource_1000\frames\real\Real__zkWV9iWp4-c_8_0to311,D:\HaitongNi\MEngProject\d3_datasets\AIGVDBench_all_opensource_1000\frames\real\Real__zkWV9iWp4-c_8_0to311\1.jpg,Real Video,0,16,"[1, 2, 3, 4, 5, 6, 7, 8, 9, 10, 11, 12, 13, 14, 15, 16]",zkWV9iWp4-c_8_0to311.mp4,Real,,F:\MEngDatasets\AIGVDBench\videos\Real\Real\videos\zkWV9iWp4-c_8_0to311.mp4,0,5.385593,-5.385593,0
D:\HaitongNi\MEngProject\d3_datasets\AIGVDBench_all_opensource_1000\frames\real\Real__W4AOdOhERY0_9_0to388,D:\HaitongNi\MEngProject\d3_datasets\AIGVDBench_all_opensource_1000\frames\real\Real__W4AOdOhERY0_9_0to388\1.jpg,Real Video,0,16,"[1, 2, 3, 4, 5, 6, 7, 8, 9, 10, 11, 12, 13, 14, 15, 16]",W4AOdOhERY0_9_0to388.mp4,Real,,F:\MEngDatasets\AIGVDBench\videos\Real\Real\videos\W4AOdOhERY0_9_0to388.mp4,0,2.385306,-2.385306,1
D:\HaitongNi\MEngProject\d3_datasets\AIGVDBench_all_opensource_1000\frames\real\Real__nnyRZotnPSU_29_0to256,D:\HaitongNi\MEngProject\d3_datasets\AIGVDBench_all_opensource_1000\frames\real\Real__nnyRZotnPSU_29_0to256\1.jpg,Real Video,0,16,"[1, 2, 3, 4, 5, 6, 7, 8, 9, 10, 11, 12, 13, 14, 15, 16]",nnyRZotnPSU_29_0to256.mp4,Real,,F:\MEngDatasets\AIGVDBench\videos\Real\Real\videos\nnyRZotnPSU_29_0to256.mp4,0,1.2990634,-1.2990634,1
D:\HaitongNi\MEngProject\d3_datasets\AIGVDBench_all_opensource_1000\frames\real\Real__4fsKk2b4leY_3_0to131,D:\HaitongNi\MEngProject\d3_datasets\AIGVDBench_all_opensource_1000\frames\real\Real__4fsKk2b4leY_3_0to131\1.jpg,Real Video,0,16,"[1, 2, 3, 4, 5, 6, 7, 8, 9, 10, 11, 12, 13, 14, 15, 16]",4fsKk2b4leY_3_0to131.mp4,Real,,F:\MEngDatasets\AIGVDBench\videos\Real\Real\videos\4fsKk2b4leY_3_0to131.mp4,0,1.7363898,-1.7363898,1
D:\HaitongNi\MEngProject\d3_datasets\AIGVDBench_all_opensource_1000\frames\real\Real___ax0ZLp5mJw_220_0to111,D:\HaitongNi\MEngProject\d3_datasets\AIGVDBench_all_opensource_1000\frames\real\Real___ax0ZLp5mJw_220_0to111\1.jpg,Real Video,0,16,"[1, 2, 3, 4, 5, 6, 7, 8, 9, 10, 11, 12, 13, 14, 15, 16]",_ax0ZLp5mJw_220_0to111.mp4,Real,,F:\MEngDatasets\AIGVDBench\videos\Real\Real\videos\_ax0ZLp5mJw_220_0to111.mp4,0,4.937016,-4.937016,1
D:\HaitongNi\MEngProject\d3_datasets\AIGVDBench_all_opensource_1000\frames\real\Real__Lz6KoxGDNjQ_5_125to244,D:\HaitongNi\MEngProject\d3_datasets\AIGVDBench_all_opensource_1000\frames\real\Real__Lz6KoxGDNjQ_5_125to244\1.jpg,Real Video,0,16,"[1, 2, 3, 4, 5, 6, 7, 8, 9, 10, 11, 12, 13, 14, 15, 16]",Lz6KoxGDNjQ_5_125to244.mp4,Real,,F:\MEngDatasets\AIGVDBench\videos\Real\Real\videos\Lz6KoxGDNjQ_5_125to244.mp4,0,3.7116697,-3.7116697,1
D:\HaitongNi\MEngProject\d3_datasets\AIGVDBench_all_opensource_1000\frames\real\Real___AwZc_Mglvg_5_0to124,D:\HaitongNi\MEngProject\d3_datasets\AIGVDBench_all_opensource_1000\frames\real\Real___AwZc_Mglvg_5_0to124\1.jpg,Real Video,0,16,"[1, 2, 3, 4, 5, 6, 7, 8, 9, 10, 11, 12, 13, 14, 15, 16]",_AwZc_Mglvg_5_0to124.mp4,Real,,F:\MEngDatasets\AIGVDBench\videos\Real\Real\videos\_AwZc_Mglvg_5_0to124.mp4,0,2.4582942,-2.4582942,1
D:\HaitongNi\MEngProject\d3_datasets\AIGVDBench_all_opensource_1000\frames\real\Real__QWwT3zUM8CM_38_20to122,D:\HaitongNi\MEngProject\d3_datasets\AIGVDBench_all_opensource_1000\frames\real\Real__QWwT3zUM8CM_38_20to122\1.jpg,Real Video,0,16,"[1, 2, 3, 4, 5, 6, 7, 8, 9, 10, 11, 12, 13, 14, 15, 16]",QWwT3zUM8CM_38_20to122.mp4,Real,,F:\MEngDatasets\AIGVDBench\videos\Real\Real\videos\QWwT3zUM8CM_38_20to122.mp4,0,1.6329769,-1.6329769,1
D:\HaitongNi\MEngProject\d3_datasets\AIGVDBench_all_opensource_1000\frames\real\Real__906-6KTOWq8_1_23to209,D:\HaitongNi\MEngProject\d3_datasets\AIGVDBench_all_opensource_1000\frames\real\Real__906-6KTOWq8_1_23to209\1.jpg,Real Video,0,16,"[1, 2, 3, 4, 5, 6, 7, 8, 9, 10, 11, 12, 13, 14, 15, 16]",906-6KTOWq8_1_23to209.mp4,Real,,F:\MEngDatasets\AIGVDBench\videos\Real\Real\videos\906-6KTOWq8_1_23to209.mp4,0,5.1980615,-5.1980615,0
D:\HaitongNi\MEngProject\d3_datasets\AIGVDBench_all_opensource_1000\frames\real\Real__Hxc1AXTUzA4_19_0to264,D:\HaitongNi\MEngProject\d3_datasets\AIGVDBench_all_opensource_1000\frames\real\Real__Hxc1AXTUzA4_19_0to264\1.jpg,Real Video,0,16,"[1, 2, 3, 4, 5, 6, 7, 8, 9, 10, 11, 12, 13, 14, 15, 16]",Hxc1AXTUzA4_19_0to264.mp4,Real,,F:\MEngDatasets\AIGVDBench\videos\Real\Real\videos\Hxc1AXTUzA4_19_0to264.mp4,0,3.1088977,-3.1088977,1
D:\HaitongNi\MEngProject\d3_datasets\AIGVDBench_all_opensource_1000\frames\real\Real__5lqsl8B5n8s_11_0to226,D:\HaitongNi\MEngProject\d3_datasets\AIGVDBench_all_opensource_1000\frames\real\Real__5lqsl8B5n8s_11_0to226\1.jpg,Real Video,0,16,"[1, 2, 3, 4, 5, 6, 7, 8, 9, 10, 11, 12, 13, 14, 15, 16]",5lqsl8B5n8s_11_0to226.mp4,Real,,F:\MEngDatasets\AIGVDBench\videos\Real\Real\videos\5lqsl8B5n8s_11_0to226.mp4,0,1.7137,-1.7137,1
D:\HaitongNi\MEngProject\d3_datasets\AIGVDBench_all_opensource_1000\frames\real\Real__Ju4B2liOmoc_5_0to148,D:\HaitongNi\MEngProject\d3_datasets\AIGVDBench_all_opensource_1000\frames\real\Real__Ju4B2liOmoc_5_0to148\1.jpg,Real Video,0,16,"[1, 2, 3, 4, 5, 6, 7, 8, 9, 10, 11, 12, 13, 14, 15, 16]",Ju4B2liOmoc_5_0to148.mp4,Real,,F:\MEngDatasets\AIGVDBench\videos\Real\Real\videos\Ju4B2liOmoc_5_0to148.mp4,0,2.2706404,-2.2706404,1
D:\HaitongNi\MEngProject\d3_datasets\AIGVDBench_all_opensource_1000\frames\real\Real__QKh-B4_yL2w_22_0to115,D:\HaitongNi\MEngProject\d3_datasets\AIGVDBench_all_opensource_1000\frames\real\Real__QKh-B4_yL2w_22_0to115\1.jpg,Real Video,0,16,"[1, 2, 3, 4, 5, 6, 7, 8, 9, 10, 11, 12, 13, 14, 15, 16]",QKh-B4_yL2w_22_0to115.mp4,Real,,F:\MEngDatasets\AIGVDBench\videos\Real\Real\videos\QKh-B4_yL2w_22_0to115.mp4,0,1.4976752,-1.4976752,1
D:\HaitongNi\MEngProject\d3_datasets\AIGVDBench_all_opensource_1000\frames\real\Real__aUo5thn2Ci4_41_0to222,D:\HaitongNi\MEngProject\d3_datasets\AIGVDBench_all_opensource_1000\frames\real\Real__aUo5thn2Ci4_41_0to222\1.jpg,Real Video,0,16,"[1, 2, 3, 4, 5, 6, 7, 8, 9, 10, 11, 12, 13, 14, 15, 16]",aUo5thn2Ci4_41_0to222.mp4,Real,,F:\MEngDatasets\AIGVDBench\videos\Real\Real\videos\aUo5thn2Ci4_41_0to222.mp4,0,1.444394,-1.444394,1
D:\HaitongNi\MEngProject\d3_datasets\AIGVDBench_all_opensource_1000\frames\real\Real__2hD4C48zkgs_42_92to197,D:\HaitongNi\MEngProject\d3_datasets\AIGVDBench_all_opensource_1000\frames\real\Real__2hD4C48zkgs_42_92to197\1.jpg,Real Video,0,16,"[1, 2, 3, 4, 5, 6, 7, 8, 9, 10, 11, 12, 13, 14, 15, 16]",2hD4C48zkgs_42_92to197.mp4,Real,,F:\MEngDatasets\AIGVDBench\videos\Real\Real\videos\2hD4C48zkgs_42_92to197.mp4,0,1.860907,-1.860907,1
D:\HaitongNi\MEngProject\d3_datasets\AIGVDBench_all_opensource_1000\frames\real\Real__Q7gVhxcSvrM_12_16to237,D:\HaitongNi\MEngProject\d3_datasets\AIGVDBench_all_opensource_1000\frames\real\Real__Q7gVhxcSvrM_12_16to237\1.jpg,Real Video,0,16,"[1, 2, 3, 4, 5, 6, 7, 8, 9, 10, 11, 12, 13, 14, 15, 16]",Q7gVhxcSvrM_12_16to237.mp4,Real,,F:\MEngDatasets\AIGVDBench\videos\Real\Real\videos\Q7gVhxcSvrM_12_16to237.mp4,0,1.5139214,-1.5139214,1
D:\HaitongNi\MEngProject\d3_datasets\AIGVDBench_all_opensource_1000\frames\real\Real__xXtMJhCcm0E_61_0to105,D:\HaitongNi\MEngProject\d3_datasets\AIGVDBench_all_opensource_1000\frames\real\Real__xXtMJhCcm0E_61_0to105\1.jpg,Real Video,0,16,"[1, 2, 3, 4, 5, 6, 7, 8, 9, 10, 11, 12, 13, 14, 15, 16]",xXtMJhCcm0E_61_0to105.mp4,Real,,F:\MEngDatasets\AIGVDBench\videos\Real\Real\videos\xXtMJhCcm0E_61_0to105.mp4,0,1.1237227,-1.1237227,1
D:\HaitongNi\MEngProject\d3_datasets\AIGVDBench_all_opensource_1000\frames\real\Real__d-slobcQTVs_28_92to241,D:\HaitongNi\MEngProject\d3_datasets\AIGVDBench_all_opensource_1000\frames\real\Real__d-slobcQTVs_28_92to241\1.jpg,Real Video,0,16,"[1, 2, 3, 4, 5, 6, 7, 8, 9, 10, 11, 12, 13, 14, 15, 16]",d-slobcQTVs_28_92to241.mp4,Real,,F:\MEngDatasets\AIGVDBench\videos\Real\Real\videos\d-slobcQTVs_28_92to241.mp4,0,1.2602228,-1.2602228,1
D:\HaitongNi\MEngProject\d3_datasets\AIGVDBench_all_opensource_1000\frames\real\Real__z2j45k0DrhQ_22_153to280,D:\HaitongNi\MEngProject\d3_datasets\AIGVDBench_all_opensource_1000\frames\real\Real__z2j45k0DrhQ_22_153to280\1.jpg,Real Video,0,16,"[1, 2, 3, 4, 5, 6, 7, 8, 9, 10, 11, 12, 13, 14, 15, 16]",z2j45k0DrhQ_22_153to280.mp4,Real,,F:\MEngDatasets\AIGVDBench\videos\Real\Real\videos\z2j45k0DrhQ_22_153to280.mp4,0,2.7213533,-2.7213533,1
D:\HaitongNi\MEngProject\d3_datasets\AIGVDBench_all_opensource_1000\frames\real\Real__7XUtfvFFwKg_3_0to110,D:\HaitongNi\MEngProject\d3_datasets\AIGVDBench_all_opensource_1000\frames\real\Real__7XUtfvFFwKg_3_0to110\1.jpg,Real Video,0,16,"[1, 2, 3, 4, 5, 6, 7, 8, 9, 10, 11, 12, 13, 14, 15, 16]",7XUtfvFFwKg_3_0to110.mp4,Real,,F:\MEngDatasets\AIGVDBench\videos\Real\Real\videos\7XUtfvFFwKg_3_0to110.mp4,0,1.6308221,-1.6308221,1
D:\HaitongNi\MEngProject\d3_datasets\AIGVDBench_all_opensource_1000\frames\real\Real__UYqtFwLZXRc_2_0to1505,D:\HaitongNi\MEngProject\d3_datasets\AIGVDBench_all_opensource_1000\frames\real\Real__UYqtFwLZXRc_2_0to1505\1.jpg,Real Video,0,16,"[1, 2, 3, 4, 5, 6, 7, 8, 9, 10, 11, 12, 13, 14, 15, 16]",UYqtFwLZXRc_2_0to1505.mp4,Real,,F:\MEngDatasets\AIGVDBench\videos\Real\Real\videos\UYqtFwLZXRc_2_0to1505.mp4,0,3.3455312,-3.3455312,1
D:\HaitongNi\MEngProject\d3_datasets\AIGVDBench_all_opensource_1000\frames\real\Real__jKd6Edd0noc_72_24to205,D:\HaitongNi\MEngProject\d3_datasets\AIGVDBench_all_opensource_1000\frames\real\Real__jKd6Edd0noc_72_24to205\1.jpg,Real Video,0,16,"[1, 2, 3, 4, 5, 6, 7, 8, 9, 10, 11, 12, 13, 14, 15, 16]",jKd6Edd0noc_72_24to205.mp4,Real,,F:\MEngDatasets\AIGVDBench\videos\Real\Real\videos\jKd6Edd0noc_72_24to205.mp4,0,2.617598,-2.617598,1
D:\HaitongNi\MEngProject\d3_datasets\AIGVDBench_all_opensource_1000\frames\real\Real__riCmfzb2kZI_4_16to174,D:\HaitongNi\MEngProject\d3_datasets\AIGVDBench_all_opensource_1000\frames\real\Real__riCmfzb2kZI_4_16to174\1.jpg,Real Video,0,16,"[1, 2, 3, 4, 5, 6, 7, 8, 9, 10, 11, 12, 13, 14, 15, 16]",riCmfzb2kZI_4_16to174.mp4,Real,,F:\MEngDatasets\AIGVDBench\videos\Real\Real\videos\riCmfzb2kZI_4_16to174.mp4,0,2.6819518,-2.6819518,1
D:\HaitongNi\MEngProject\d3_datasets\AIGVDBench_all_opensource_1000\frames\real\Real__hClEBob9veQ_9_133to340,D:\HaitongNi\MEngProject\d3_datasets\AIGVDBench_all_opensource_1000\frames\real\Real__hClEBob9veQ_9_133to340\1.jpg,Real Video,0,16,"[1, 2, 3, 4, 5, 6, 7, 8, 9, 10, 11, 12, 13, 14, 15, 16]",hClEBob9veQ_9_133to340.mp4,Real,,F:\MEngDatasets\AIGVDBench\videos\Real\Real\videos\hClEBob9veQ_9_133to340.mp4,0,1.0327493,-1.0327493,1
D:\HaitongNi\MEngProject\d3_datasets\AIGVDBench_all_opensource_1000\frames\real\Real__af8sNYbdBRo_15_0to187,D:\HaitongNi\MEngProject\d3_datasets\AIGVDBench_all_opensource_1000\frames\real\Real__af8sNYbdBRo_15_0to187\1.jpg,Real Video,0,16,"[1, 2, 3, 4, 5, 6, 7, 8, 9, 10, 11, 12, 13, 14, 15, 16]",af8sNYbdBRo_15_0to187.mp4,Real,,F:\MEngDatasets\AIGVDBench\videos\Real\Real\videos\af8sNYbdBRo_15_0to187.mp4,0,4.4113603,-4.4113603,1
D:\HaitongNi\MEngProject\d3_datasets\AIGVDBench_all_opensource_1000\frames\real\Real__7xalOoH4Wjg_4_0to162,D:\HaitongNi\MEngProject\d3_datasets\AIGVDBench_all_opensource_1000\frames\real\Real__7xalOoH4Wjg_4_0to162\1.jpg,Real Video,0,16,"[1, 2, 3, 4, 5, 6, 7, 8, 9, 10, 11, 12, 13, 14, 15, 16]",7xalOoH4Wjg_4_0to162.mp4,Real,,F:\MEngDatasets\AIGVDBench\videos\Real\Real\videos\7xalOoH4Wjg_4_0to162.mp4,0,1.9152077,-1.9152077,1
D:\HaitongNi\MEngProject\d3_datasets\AIGVDBench_all_opensource_1000\frames\real\Real__Vh2cObLYHJ8_13_0to496,D:\HaitongNi\MEngProject\d3_datasets\AIGVDBench_all_opensource_1000\frames\real\Real__Vh2cObLYHJ8_13_0to496\1.jpg,Real Video,0,16,"[1, 2, 3, 4, 5, 6, 7, 8, 9, 10, 11, 12, 13, 14, 15, 16]",Vh2cObLYHJ8_13_0to496.mp4,Real,,F:\MEngDatasets\AIGVDBench\videos\Real\Real\videos\Vh2cObLYHJ8_13_0to496.mp4,0,5.479304,-5.479304,0
D:\HaitongNi\MEngProject\d3_datasets\AIGVDBench_all_opensource_1000\frames\real\Real__3-h1C9ak67E_2_0to1423,D:\HaitongNi\MEngProject\d3_datasets\AIGVDBench_all_opensource_1000\frames\real\Real__3-h1C9ak67E_2_0to1423\1.jpg,Real Video,0,16,"[1, 2, 3, 4, 5, 6, 7, 8, 9, 10, 11, 12, 13, 14, 15, 16]",3-h1C9ak67E_2_0to1423.mp4,Real,,F:\MEngDatasets\AIGVDBench\videos\Real\Real\videos\3-h1C9ak67E_2_0to1423.mp4,0,3.3885646,-3.3885646,1
D:\HaitongNi\MEngProject\d3_datasets\AIGVDBench_all_opensource_1000\frames\real\Real__1SsRvQvzN8Y_9_0to118,D:\HaitongNi\MEngProject\d3_datasets\AIGVDBench_all_opensource_1000\frames\real\Real__1SsRvQvzN8Y_9_0to118\1.jpg,Real Video,0,16,"[1, 2, 3, 4, 5, 6, 7, 8, 9, 10, 11, 12, 13, 14, 15, 16]",1SsRvQvzN8Y_9_0to118.mp4,Real,,F:\MEngDatasets\AIGVDBench\videos\Real\Real\videos\1SsRvQvzN8Y_9_0to118.mp4,0,3.0510442,-3.0510442,1
D:\HaitongNi\MEngProject\d3_datasets\AIGVDBench_all_opensource_1000\frames\real\Real__-fW7LrHAyHg_35_120to303,D:\HaitongNi\MEngProject\d3_datasets\AIGVDBench_all_opensource_1000\frames\real\Real__-fW7LrHAyHg_35_120to303\1.jpg,Real Video,0,16,"[1, 2, 3, 4, 5, 6, 7, 8, 9, 10, 11, 12, 13, 14, 15, 16]",-fW7LrHAyHg_35_120to303.mp4,Real,,F:\MEngDatasets\AIGVDBench\videos\Real\Real\videos\-fW7LrHAyHg_35_120to303.mp4,0,2.575049,-2.575049,1
D:\HaitongNi\MEngProject\d3_datasets\AIGVDBench_all_opensource_1000\frames\real\Real__cpSjuQ_ZJvY_4_0to181,D:\HaitongNi\MEngProject\d3_datasets\AIGVDBench_all_opensource_1000\frames\real\Real__cpSjuQ_ZJvY_4_0to181\1.jpg,Real Video,0,16,"[1, 2, 3, 4, 5, 6, 7, 8, 9, 10, 11, 12, 13, 14, 15, 16]",cpSjuQ_ZJvY_4_0to181.mp4,Real,,F:\MEngDatasets\AIGVDBench\videos\Real\Real\videos\cpSjuQ_ZJvY_4_0to181.mp4,0,4.396042,-4.396042,1
D:\HaitongNi\MEngProject\d3_datasets\AIGVDBench_all_opensource_1000\frames\real\Real__HVXLuHNVdzk_43_94to205,D:\HaitongNi\MEngProject\d3_datasets\AIGVDBench_all_opensource_1000\frames\real\Real__HVXLuHNVdzk_43_94to205\1.jpg,Real Video,0,16,"[1, 2, 3, 4, 5, 6, 7, 8, 9, 10, 11, 12, 13, 14, 15, 16]",HVXLuHNVdzk_43_94to205.mp4,Real,,F:\MEngDatasets\AIGVDBench\videos\Real\Real\videos\HVXLuHNVdzk_43_94to205.mp4,0,2.1125348,-2.1125348,1
D:\HaitongNi\MEngProject\d3_datasets\AIGVDBench_all_opensource_1000\frames\real\Real__enNDRuuH1Dw_8_0to1541,D:\HaitongNi\MEngProject\d3_datasets\AIGVDBench_all_opensource_1000\frames\real\Real__enNDRuuH1Dw_8_0to1541\1.jpg,Real Video,0,16,"[1, 2, 3, 4, 5, 6, 7, 8, 9, 10, 11, 12, 13, 14, 15, 16]",enNDRuuH1Dw_8_0to1541.mp4,Real,,F:\MEngDatasets\AIGVDBench\videos\Real\Real\videos\enNDRuuH1Dw_8_0to1541.mp4,0,2.4687233,-2.4687233,1
D:\HaitongNi\MEngProject\d3_datasets\AIGVDBench_all_opensource_1000\frames\real\Real__hWFbU-uAnSU_2_0to1480,D:\HaitongNi\MEngProject\d3_datasets\AIGVDBench_all_opensource_1000\frames\real\Real__hWFbU-uAnSU_2_0to1480\1.jpg,Real Video,0,16,"[1, 2, 3, 4, 5, 6, 7, 8, 9, 10, 11, 12, 13, 14, 15, 16]",hWFbU-uAnSU_2_0to1480.mp4,Real,,F:\MEngDatasets\AIGVDBench\videos\Real\Real\videos\hWFbU-uAnSU_2_0to1480.mp4,0,3.989164,-3.989164,1
D:\HaitongNi\MEngProject\d3_datasets\AIGVDBench_all_opensource_1000\frames\real\Real__k2R_EtCkV8U_46_105to264,D:\HaitongNi\MEngProject\d3_datasets\AIGVDBench_all_opensource_1000\frames\real\Real__k2R_EtCkV8U_46_105to264\1.jpg,Real Video,0,16,"[1, 2, 3, 4, 5, 6, 7, 8, 9, 10, 11, 12, 13, 14, 15, 16]",k2R_EtCkV8U_46_105to264.mp4,Real,,F:\MEngDatasets\AIGVDBench\videos\Real\Real\videos\k2R_EtCkV8U_46_105to264.mp4,0,2.7674086,-2.7674086,1
D:\HaitongNi\MEngProject\d3_datasets\AIGVDBench_all_opensource_1000\frames\real\Real__ZU7vDFnZ9d8_64_0to105,D:\HaitongNi\MEngProject\d3_datasets\AIGVDBench_all_opensource_1000\frames\real\Real__ZU7vDFnZ9d8_64_0to105\1.jpg,Real Video,0,16,"[1, 2, 3, 4, 5, 6, 7, 8, 9, 10, 11, 12, 13, 14, 15, 16]",ZU7vDFnZ9d8_64_0to105.mp4,Real,,F:\MEngDatasets\AIGVDBench\videos\Real\Real\videos\ZU7vDFnZ9d8_64_0to105.mp4,0,0.90136576,-0.90136576,1
D:\HaitongNi\MEngProject\d3_datasets\AIGVDBench_all_opensource_1000\frames\real\Real__0G4XFfTqh3M_0_321to456,D:\HaitongNi\MEngProject\d3_datasets\AIGVDBench_all_opensource_1000\frames\real\Real__0G4XFfTqh3M_0_321to456\1.jpg,Real Video,0,16,"[1, 2, 3, 4, 5, 6, 7, 8, 9, 10, 11, 12, 13, 14, 15, 16]",0G4XFfTqh3M_0_321to456.mp4,Real,,F:\MEngDatasets\AIGVDBench\videos\Real\Real\videos\0G4XFfTqh3M_0_321to456.mp4,0,1.1163099,-1.1163099,1
D:\HaitongNi\MEngProject\d3_datasets\AIGVDBench_all_opensource_1000\frames\real\Real__86-iDJ2LNxw_3_25to161,D:\HaitongNi\MEngProject\d3_datasets\AIGVDBench_all_opensource_1000\frames\real\Real__86-iDJ2LNxw_3_25to161\1.jpg,Real Video,0,16,"[1, 2, 3, 4, 5, 6, 7, 8, 9, 10, 11, 12, 13, 14, 15, 16]",86-iDJ2LNxw_3_25to161.mp4,Real,,F:\MEngDatasets\AIGVDBench\videos\Real\Real\videos\86-iDJ2LNxw_3_25to161.mp4,0,2.147417,-2.147417,1
D:\HaitongNi\MEngProject\d3_datasets\AIGVDBench_all_opensource_1000\frames\real\Real__lnLiNNgN980_27_0to137,D:\HaitongNi\MEngProject\d3_datasets\AIGVDBench_all_opensource_1000\frames\real\Real__lnLiNNgN980_27_0to137\1.jpg,Real Video,0,16,"[1, 2, 3, 4, 5, 6, 7, 8, 9, 10, 11, 12, 13, 14, 15, 16]",lnLiNNgN980_27_0to137.mp4,Real,,F:\MEngDatasets\AIGVDBench\videos\Real\Real\videos\lnLiNNgN980_27_0to137.mp4,0,1.0965189,-1.0965189,1
D:\HaitongNi\MEngProject\d3_datasets\AIGVDBench_all_opensource_1000\frames\real\Real__NDOQWsDH-tQ_0_0to125,D:\HaitongNi\MEngProject\d3_datasets\AIGVDBench_all_opensource_1000\frames\real\Real__NDOQWsDH-tQ_0_0to125\1.jpg,Real Video,0,16,"[1, 2, 3, 4, 5, 6, 7, 8, 9, 10, 11, 12, 13, 14, 15, 16]",NDOQWsDH-tQ_0_0to125.mp4,Real,,F:\MEngDatasets\AIGVDBench\videos\Real\Real\videos\NDOQWsDH-tQ_0_0to125.mp4,0,3.1732266,-3.1732266,1
D:\HaitongNi\MEngProject\d3_datasets\AIGVDBench_all_opensource_1000\frames\real\Real__8CLy3EPC5nI_22_114to246,D:\HaitongNi\MEngProject\d3_datasets\AIGVDBench_all_opensource_1000\frames\real\Real__8CLy3EPC5nI_22_114to246\1.jpg,Real Video,0,16,"[1, 2, 3, 4, 5, 6, 7, 8, 9, 10, 11, 12, 13, 14, 15, 16]",8CLy3EPC5nI_22_114to246.mp4,Real,,F:\MEngDatasets\AIGVDBench\videos\Real\Real\videos\8CLy3EPC5nI_22_114to246.mp4,0,1.7349758,-1.7349758,1
D:\HaitongNi\MEngProject\d3_datasets\AIGVDBench_all_opensource_1000\frames\real\Real__g4tld6ppv7Q_2_86to197,D:\HaitongNi\MEngProject\d3_datasets\AIGVDBench_all_opensource_1000\frames\real\Real__g4tld6ppv7Q_2_86to197\1.jpg,Real Video,0,16,"[1, 2, 3, 4, 5, 6, 7, 8, 9, 10, 11, 12, 13, 14, 15, 16]",g4tld6ppv7Q_2_86to197.mp4,Real,,F:\MEngDatasets\AIGVDBench\videos\Real\Real\videos\g4tld6ppv7Q_2_86to197.mp4,0,2.9837816,-2.9837816,1
D:\HaitongNi\MEngProject\d3_datasets\AIGVDBench_all_opensource_1000\frames\real\Real__dPYYWy1mmpY_2_528to1275,D:\HaitongNi\MEngProject\d3_datasets\AIGVDBench_all_opensource_1000\frames\real\Real__dPYYWy1mmpY_2_528to1275\1.jpg,Real Video,0,16,"[1, 2, 3, 4, 5, 6, 7, 8, 9, 10, 11, 12, 13, 14, 15, 16]",dPYYWy1mmpY_2_528to1275.mp4,Real,,F:\MEngDatasets\AIGVDBench\videos\Real\Real\videos\dPYYWy1mmpY_2_528to1275.mp4,0,2.9807024,-2.9807024,1
D:\HaitongNi\MEngProject\d3_datasets\AIGVDBench_all_opensource_1000\frames\real\Real__qUNVSfQNbdk_73_119to300,D:\HaitongNi\MEngProject\d3_datasets\AIGVDBench_all_opensource_1000\frames\real\Real__qUNVSfQNbdk_73_119to300\1.jpg,Real Video,0,16,"[1, 2, 3, 4, 5, 6, 7, 8, 9, 10, 11, 12, 13, 14, 15, 16]",qUNVSfQNbdk_73_119to300.mp4,Real,,F:\MEngDatasets\AIGVDBench\videos\Real\Real\videos\qUNVSfQNbdk_73_119to300.mp4,0,2.0463784,-2.0463784,1
D:\HaitongNi\MEngProject\d3_datasets\AIGVDBench_all_opensource_1000\frames\real\Real__CX7_yAPGIgE_15_0to433,D:\HaitongNi\MEngProject\d3_datasets\AIGVDBench_all_opensource_1000\frames\real\Real__CX7_yAPGIgE_15_0to433\1.jpg,Real Video,0,16,"[1, 2, 3, 4, 5, 6, 7, 8, 9, 10, 11, 12, 13, 14, 15, 16]",CX7_yAPGIgE_15_0to433.mp4,Real,,F:\MEngDatasets\AIGVDBench\videos\Real\Real\videos\CX7_yAPGIgE_15_0to433.mp4,0,1.71522,-1.71522,1
D:\HaitongNi\MEngProject\d3_datasets\AIGVDBench_all_opensource_1000\frames\real\Real__0BaVZOa_gi4_3_19to925,D:\HaitongNi\MEngProject\d3_datasets\AIGVDBench_all_opensource_1000\frames\real\Real__0BaVZOa_gi4_3_19to925\1.jpg,Real Video,0,16,"[1, 2, 3, 4, 5, 6, 7, 8, 9, 10, 11, 12, 13, 14, 15, 16]",0BaVZOa_gi4_3_19to925.mp4,Real,,F:\MEngDatasets\AIGVDBench\videos\Real\Real\videos\0BaVZOa_gi4_3_19to925.mp4,0,4.2731295,-4.2731295,1
D:\HaitongNi\MEngProject\d3_datasets\AIGVDBench_all_opensource_1000\frames\real\Real__y3vyO-025CI_3_0to339,D:\HaitongNi\MEngProject\d3_datasets\AIGVDBench_all_opensource_1000\frames\real\Real__y3vyO-025CI_3_0to339\1.jpg,Real Video,0,16,"[1, 2, 3, 4, 5, 6, 7, 8, 9, 10, 11, 12, 13, 14, 15, 16]",y3vyO-025CI_3_0to339.mp4,Real,,F:\MEngDatasets\AIGVDBench\videos\Real\Real\videos\y3vyO-025CI_3_0to339.mp4,0,1.6370332,-1.6370332,1
D:\HaitongNi\MEngProject\d3_datasets\AIGVDBench_all_opensource_1000\frames\real\Real__36xeuI0F6Ro_0_0to221,D:\HaitongNi\MEngProject\d3_datasets\AIGVDBench_all_opensource_1000\frames\real\Real__36xeuI0F6Ro_0_0to221\1.jpg,Real Video,0,16,"[1, 2, 3, 4, 5, 6, 7, 8, 9, 10, 11, 12, 13, 14, 15, 16]",36xeuI0F6Ro_0_0to221.mp4,Real,,F:\MEngDatasets\AIGVDBench\videos\Real\Real\videos\36xeuI0F6Ro_0_0to221.mp4,0,4.8777986,-4.8777986,1
D:\HaitongNi\MEngProject\d3_datasets\AIGVDBench_all_opensource_1000\frames\real\Real__3ebhqmMWg14_0_0to199,D:\HaitongNi\MEngProject\d3_datasets\AIGVDBench_all_opensource_1000\frames\real\Real__3ebhqmMWg14_0_0to199\1.jpg,Real Video,0,16,"[1, 2, 3, 4, 5, 6, 7, 8, 9, 10, 11, 12, 13, 14, 15, 16]",3ebhqmMWg14_0_0to199.mp4,Real,,F:\MEngDatasets\AIGVDBench\videos\Real\Real\videos\3ebhqmMWg14_0_0to199.mp4,0,2.2537634,-2.2537634,1
D:\HaitongNi\MEngProject\d3_datasets\AIGVDBench_all_opensource_1000\frames\real\Real__ZTvi-PzwLWo_9_92to197,D:\HaitongNi\MEngProject\d3_datasets\AIGVDBench_all_opensource_1000\frames\real\Real__ZTvi-PzwLWo_9_92to197\1.jpg,Real Video,0,16,"[1, 2, 3, 4, 5, 6, 7, 8, 9, 10, 11, 12, 13, 14, 15, 16]",ZTvi-PzwLWo_9_92to197.mp4,Real,,F:\MEngDatasets\AIGVDBench\videos\Real\Real\videos\ZTvi-PzwLWo_9_92to197.mp4,0,1.9619244,-1.9619244,1
D:\HaitongNi\MEngProject\d3_datasets\AIGVDBench_all_opensource_1000\frames\real\Real__lU3ymKSqYVU_19_0to232,D:\HaitongNi\MEngProject\d3_datasets\AIGVDBench_all_opensource_1000\frames\real\Real__lU3ymKSqYVU_19_0to232\1.jpg,Real Video,0,16,"[1, 2, 3, 4, 5, 6, 7, 8, 9, 10, 11, 12, 13, 14, 15, 16]",lU3ymKSqYVU_19_0to232.mp4,Real,,F:\MEngDatasets\AIGVDBench\videos\Real\Real\videos\lU3ymKSqYVU_19_0to232.mp4,0,2.567433,-2.567433,1
D:\HaitongNi\MEngProject\d3_datasets\AIGVDBench_all_opensource_1000\frames\real\Real__tbM2MAepv0M_11_0to221,D:\HaitongNi\MEngProject\d3_datasets\AIGVDBench_all_opensource_1000\frames\real\Real__tbM2MAepv0M_11_0to221\1.jpg,Real Video,0,16,"[1, 2, 3, 4, 5, 6, 7, 8, 9, 10, 11, 12, 13, 14, 15, 16]",tbM2MAepv0M_11_0to221.mp4,Real,,F:\MEngDatasets\AIGVDBench\videos\Real\Real\videos\tbM2MAepv0M_11_0to221.mp4,0,2.856228,-2.856228,1
D:\HaitongNi\MEngProject\d3_datasets\AIGVDBench_all_opensource_1000\frames\real\Real__-tEvQoxGlYY_35_0to136,D:\HaitongNi\MEngProject\d3_datasets\AIGVDBench_all_opensource_1000\frames\real\Real__-tEvQoxGlYY_35_0to136\1.jpg,Real Video,0,16,"[1, 2, 3, 4, 5, 6, 7, 8, 9, 10, 11, 12, 13, 14, 15, 16]",-tEvQoxGlYY_35_0to136.mp4,Real,,F:\MEngDatasets\AIGVDBench\videos\Real\Real\videos\-tEvQoxGlYY_35_0to136.mp4,0,2.2866473,-2.2866473,1
D:\HaitongNi\MEngProject\d3_datasets\AIGVDBench_all_opensource_1000\frames\real\Real__3j_xaxMEuzA_3_0to104,D:\HaitongNi\MEngProject\d3_datasets\AIGVDBench_all_opensource_1000\frames\real\Real__3j_xaxMEuzA_3_0to104\1.jpg,Real Video,0,16,"[1, 2, 3, 4, 5, 6, 7, 8, 9, 10, 11, 12, 13, 14, 15, 16]",3j_xaxMEuzA_3_0to104.mp4,Real,,F:\MEngDatasets\AIGVDBench\videos\Real\Real\videos\3j_xaxMEuzA_3_0to104.mp4,0,1.1477351,-1.1477351,1
D:\HaitongNi\MEngProject\d3_datasets\AIGVDBench_all_opensource_1000\frames\real\Real__JFnvP9FAy20_38_0to164,D:\HaitongNi\MEngProject\d3_datasets\AIGVDBench_all_opensource_1000\frames\real\Real__JFnvP9FAy20_38_0to164\1.jpg,Real Video,0,16,"[1, 2, 3, 4, 5, 6, 7, 8, 9, 10, 11, 12, 13, 14, 15, 16]",JFnvP9FAy20_38_0to164.mp4,Real,,F:\MEngDatasets\AIGVDBench\videos\Real\Real\videos\JFnvP9FAy20_38_0to164.mp4,0,0.96134496,-0.96134496,1
D:\HaitongNi\MEngProject\d3_datasets\AIGVDBench_all_opensource_1000\frames\real\Real__Vclh_WXAFWo_30_0to188,D:\HaitongNi\MEngProject\d3_datasets\AIGVDBench_all_opensource_1000\frames\real\Real__Vclh_WXAFWo_30_0to188\1.jpg,Real Video,0,16,"[1, 2, 3, 4, 5, 6, 7, 8, 9, 10, 11, 12, 13, 14, 15, 16]",Vclh_WXAFWo_30_0to188.mp4,Real,,F:\MEngDatasets\AIGVDBench\videos\Real\Real\videos\Vclh_WXAFWo_30_0to188.mp4,0,2.7796288,-2.7796288,1
D:\HaitongNi\MEngProject\d3_datasets\AIGVDBench_all_opensource_1000\frames\real\Real__IMlAZsNPvYw_16_0to166,D:\HaitongNi\MEngProject\d3_datasets\AIGVDBench_all_opensource_1000\frames\real\Real__IMlAZsNPvYw_16_0to166\1.jpg,Real Video,0,16,"[1, 2, 3, 4, 5, 6, 7, 8, 9, 10, 11, 12, 13, 14, 15, 16]",IMlAZsNPvYw_16_0to166.mp4,Real,,F:\MEngDatasets\AIGVDBench\videos\Real\Real\videos\IMlAZsNPvYw_16_0to166.mp4,0,2.1942575,-2.1942575,1
D:\HaitongNi\MEngProject\d3_datasets\AIGVDBench_all_opensource_1000\frames\real\Real__8WBd6K_CJXE_189_126to243,D:\HaitongNi\MEngProject\d3_datasets\AIGVDBench_all_opensource_1000\frames\real\Real__8WBd6K_CJXE_189_126to243\1.jpg,Real Video,0,16,"[1, 2, 3, 4, 5, 6, 7, 8, 9, 10, 11, 12, 13, 14, 15, 16]",8WBd6K_CJXE_189_126to243.mp4,Real,,F:\MEngDatasets\AIGVDBench\videos\Real\Real\videos\8WBd6K_CJXE_189_126to243.mp4,0,3.8123693,-3.8123693,1
D:\HaitongNi\MEngProject\d3_datasets\AIGVDBench_all_opensource_1000\frames\real\Real__36wnadZbpyo_0_26to163,D:\HaitongNi\MEngProject\d3_datasets\AIGVDBench_all_opensource_1000\frames\real\Real__36wnadZbpyo_0_26to163\1.jpg,Real Video,0,16,"[1, 2, 3, 4, 5, 6, 7, 8, 9, 10, 11, 12, 13, 14, 15, 16]",36wnadZbpyo_0_26to163.mp4,Real,,F:\MEngDatasets\AIGVDBench\videos\Real\Real\videos\36wnadZbpyo_0_26to163.mp4,0,3.7963598,-3.7963598,1
D:\HaitongNi\MEngProject\d3_datasets\AIGVDBench_all_opensource_1000\frames\real\Real__9DtKXbiWwtE_81_0to130,D:\HaitongNi\MEngProject\d3_datasets\AIGVDBench_all_opensource_1000\frames\real\Real__9DtKXbiWwtE_81_0to130\1.jpg,Real Video,0,16,"[1, 2, 3, 4, 5, 6, 7, 8, 9, 10, 11, 12, 13, 14, 15, 16]",9DtKXbiWwtE_81_0to130.mp4,Real,,F:\MEngDatasets\AIGVDBench\videos\Real\Real\videos\9DtKXbiWwtE_81_0to130.mp4,0,1.5810053,-1.5810053,1
D:\HaitongNi\MEngProject\d3_datasets\AIGVDBench_all_opensource_1000\frames\real\Real__pv97fCP13SE_40_46to197,D:\HaitongNi\MEngProject\d3_datasets\AIGVDBench_all_opensource_1000\frames\real\Real__pv97fCP13SE_40_46to197\1.jpg,Real Video,0,16,"[1, 2, 3, 4, 5, 6, 7, 8, 9, 10, 11, 12, 13, 14, 15, 16]",pv97fCP13SE_40_46to197.mp4,Real,,F:\MEngDatasets\AIGVDBench\videos\Real\Real\videos\pv97fCP13SE_40_46to197.mp4,0,2.7494607,-2.7494607,1
D:\HaitongNi\MEngProject\d3_datasets\AIGVDBench_all_opensource_1000\frames\real\Real__om5Jf1eMy6w_2_0to165,D:\HaitongNi\MEngProject\d3_datasets\AIGVDBench_all_opensource_1000\frames\real\Real__om5Jf1eMy6w_2_0to165\1.jpg,Real Video,0,16,"[1, 2, 3, 4, 5, 6, 7, 8, 9, 10, 11, 12, 13, 14, 15, 16]",om5Jf1eMy6w_2_0to165.mp4,Real,,F:\MEngDatasets\AIGVDBench\videos\Real\Real\videos\om5Jf1eMy6w_2_0to165.mp4,0,1.8643066,-1.8643066,1
D:\HaitongNi\MEngProject\d3_datasets\AIGVDBench_all_opensource_1000\frames\real\Real___YJTbDMIVys_27_0to272,D:\HaitongNi\MEngProject\d3_datasets\AIGVDBench_all_opensource_1000\frames\real\Real___YJTbDMIVys_27_0to272\1.jpg,Real Video,0,16,"[1, 2, 3, 4, 5, 6, 7, 8, 9, 10, 11, 12, 13, 14, 15, 16]",_YJTbDMIVys_27_0to272.mp4,Real,,F:\MEngDatasets\AIGVDBench\videos\Real\Real\videos\_YJTbDMIVys_27_0to272.mp4,0,4.227579,-4.227579,1
D:\HaitongNi\MEngProject\d3_datasets\AIGVDBench_all_opensource_1000\frames\real\Real__uNGXuJl297c_25_0to156,D:\HaitongNi\MEngProject\d3_datasets\AIGVDBench_all_opensource_1000\frames\real\Real__uNGXuJl297c_25_0to156\1.jpg,Real Video,0,16,"[1, 2, 3, 4, 5, 6, 7, 8, 9, 10, 11, 12, 13, 14, 15, 16]",uNGXuJl297c_25_0to156.mp4,Real,,F:\MEngDatasets\AIGVDBench\videos\Real\Real\videos\uNGXuJl297c_25_0to156.mp4,0,6.31506,-6.31506,0
D:\HaitongNi\MEngProject\d3_datasets\AIGVDBench_all_opensource_1000\frames\real\Real__dX2S7MxxtN0_25_0to118,D:\HaitongNi\MEngProject\d3_datasets\AIGVDBench_all_opensource_1000\frames\real\Real__dX2S7MxxtN0_25_0to118\1.jpg,Real Video,0,16,"[1, 2, 3, 4, 5, 6, 7, 8, 9, 10, 11, 12, 13, 14, 15, 16]",dX2S7MxxtN0_25_0to118.mp4,Real,,F:\MEngDatasets\AIGVDBench\videos\Real\Real\videos\dX2S7MxxtN0_25_0to118.mp4,0,1.6731961,-1.6731961,1
D:\HaitongNi\MEngProject\d3_datasets\AIGVDBench_all_opensource_1000\frames\real\Real__hhwYTSuBuZY_13_0to1311,D:\HaitongNi\MEngProject\d3_datasets\AIGVDBench_all_opensource_1000\frames\real\Real__hhwYTSuBuZY_13_0to1311\1.jpg,Real Video,0,16,"[1, 2, 3, 4, 5, 6, 7, 8, 9, 10, 11, 12, 13, 14, 15, 16]",hhwYTSuBuZY_13_0to1311.mp4,Real,,F:\MEngDatasets\AIGVDBench\videos\Real\Real\videos\hhwYTSuBuZY_13_0to1311.mp4,0,4.7302556,-4.7302556,1
D:\HaitongNi\MEngProject\d3_datasets\AIGVDBench_all_opensource_1000\frames\real\Real__HlRfdCWGMzI_22_114to219,D:\HaitongNi\MEngProject\d3_datasets\AIGVDBench_all_opensource_1000\frames\real\Real__HlRfdCWGMzI_22_114to219\1.jpg,Real Video,0,16,"[1, 2, 3, 4, 5, 6, 7, 8, 9, 10, 11, 12, 13, 14, 15, 16]",HlRfdCWGMzI_22_114to219.mp4,Real,,F:\MEngDatasets\AIGVDBench\videos\Real\Real\videos\HlRfdCWGMzI_22_114to219.mp4,0,2.015319,-2.015319,1
D:\HaitongNi\MEngProject\d3_datasets\AIGVDBench_all_opensource_1000\frames\real\Real__ofurWzQTGeI_94_342to615,D:\HaitongNi\MEngProject\d3_datasets\AIGVDBench_all_opensource_1000\frames\real\Real__ofurWzQTGeI_94_342to615\1.jpg,Real Video,0,16,"[1, 2, 3, 4, 5, 6, 7, 8, 9, 10, 11, 12, 13, 14, 15, 16]",ofurWzQTGeI_94_342to615.mp4,Real,,F:\MEngDatasets\AIGVDBench\videos\Real\Real\videos\ofurWzQTGeI_94_342to615.mp4,0,2.0685132,-2.0685132,1
D:\HaitongNi\MEngProject\d3_datasets\AIGVDBench_all_opensource_1000\frames\real\Real__JFuanBMh6ko_1_0to154,D:\HaitongNi\MEngProject\d3_datasets\AIGVDBench_all_opensource_1000\frames\real\Real__JFuanBMh6ko_1_0to154\1.jpg,Real Video,0,16,"[1, 2, 3, 4, 5, 6, 7, 8, 9, 10, 11, 12, 13, 14, 15, 16]",JFuanBMh6ko_1_0to154.mp4,Real,,F:\MEngDatasets\AIGVDBench\videos\Real\Real\videos\JFuanBMh6ko_1_0to154.mp4,0,4.3633494,-4.3633494,1
D:\HaitongNi\MEngProject\d3_datasets\AIGVDBench_all_opensource_1000\frames\real\Real__549hAQCHF7c_2_0to990,D:\HaitongNi\MEngProject\d3_datasets\AIGVDBench_all_opensource_1000\frames\real\Real__549hAQCHF7c_2_0to990\1.jpg,Real Video,0,16,"[1, 2, 3, 4, 5, 6, 7, 8, 9, 10, 11, 12, 13, 14, 15, 16]",549hAQCHF7c_2_0to990.mp4,Real,,F:\MEngDatasets\AIGVDBench\videos\Real\Real\videos\549hAQCHF7c_2_0to990.mp4,0,5.2844105,-5.2844105,0
D:\HaitongNi\MEngProject\d3_datasets\AIGVDBench_all_opensource_1000\frames\real\Real__8Ie8de9eq3Y_10_0to111,D:\HaitongNi\MEngProject\d3_datasets\AIGVDBench_all_opensource_1000\frames\real\Real__8Ie8de9eq3Y_10_0to111\1.jpg,Real Video,0,16,"[1, 2, 3, 4, 5, 6, 7, 8, 9, 10, 11, 12, 13, 14, 15, 16]",8Ie8de9eq3Y_10_0to111.mp4,Real,,F:\MEngDatasets\AIGVDBench\videos\Real\Real\videos\8Ie8de9eq3Y_10_0to111.mp4,0,0.90526706,-0.90526706,1
D:\HaitongNi\MEngProject\d3_datasets\AIGVDBench_all_opensource_1000\frames\real\Real__kKRh1p2XX3k_59_67to287,D:\HaitongNi\MEngProject\d3_datasets\AIGVDBench_all_opensource_1000\frames\real\Real__kKRh1p2XX3k_59_67to287\1.jpg,Real Video,0,16,"[1, 2, 3, 4, 5, 6, 7, 8, 9, 10, 11, 12, 13, 14, 15, 16]",kKRh1p2XX3k_59_67to287.mp4,Real,,F:\MEngDatasets\AIGVDBench\videos\Real\Real\videos\kKRh1p2XX3k_59_67to287.mp4,0,4.8077784,-4.8077784,1
D:\HaitongNi\MEngProject\d3_datasets\AIGVDBench_all_opensource_1000\frames\real\Real__o2Fgk14mBKs_12_85to262,D:\HaitongNi\MEngProject\d3_datasets\AIGVDBench_all_opensource_1000\frames\real\Real__o2Fgk14mBKs_12_85to262\1.jpg,Real Video,0,16,"[1, 2, 3, 4, 5, 6, 7, 8, 9, 10, 11, 12, 13, 14, 15, 16]",o2Fgk14mBKs_12_85to262.mp4,Real,,F:\MEngDatasets\AIGVDBench\videos\Real\Real\videos\o2Fgk14mBKs_12_85to262.mp4,0,1.7036767,-1.7036767,1
D:\HaitongNi\MEngProject\d3_datasets\AIGVDBench_all_opensource_1000\frames\real\Real__IDKbioWJe0U_9_0to198,D:\HaitongNi\MEngProject\d3_datasets\AIGVDBench_all_opensource_1000\frames\real\Real__IDKbioWJe0U_9_0to198\1.jpg,Real Video,0,16,"[1, 2, 3, 4, 5, 6, 7, 8, 9, 10, 11, 12, 13, 14, 15, 16]",IDKbioWJe0U_9_0to198.mp4,Real,,F:\MEngDatasets\AIGVDBench\videos\Real\Real\videos\IDKbioWJe0U_9_0to198.mp4,0,2.335827,-2.335827,1
D:\HaitongNi\MEngProject\d3_datasets\AIGVDBench_all_opensource_1000\frames\real\Real__JtpcTe859CU_16_0to107,D:\HaitongNi\MEngProject\d3_datasets\AIGVDBench_all_opensource_1000\frames\real\Real__JtpcTe859CU_16_0to107\1.jpg,Real Video,0,16,"[1, 2, 3, 4, 5, 6, 7, 8, 9, 10, 11, 12, 13, 14, 15, 16]",JtpcTe859CU_16_0to107.mp4,Real,,F:\MEngDatasets\AIGVDBench\videos\Real\Real\videos\JtpcTe859CU_16_0to107.mp4,0,1.8292981,-1.8292981,1
D:\HaitongNi\MEngProject\d3_datasets\AIGVDBench_all_opensource_1000\frames\real\Real__KgrTKtOqcA0_6_66to318,D:\HaitongNi\MEngProject\d3_datasets\AIGVDBench_all_opensource_1000\frames\real\Real__KgrTKtOqcA0_6_66to318\1.jpg,Real Video,0,16,"[1, 2, 3, 4, 5, 6, 7, 8, 9, 10, 11, 12, 13, 14, 15, 16]",KgrTKtOqcA0_6_66to318.mp4,Real,,F:\MEngDatasets\AIGVDBench\videos\Real\Real\videos\KgrTKtOqcA0_6_66to318.mp4,0,3.8151705,-3.8151705,1
D:\HaitongNi\MEngProject\d3_datasets\AIGVDBench_all_opensource_1000\frames\real\Real__DJRDbSDG1GU_53_0to148,D:\HaitongNi\MEngProject\d3_datasets\AIGVDBench_all_opensource_1000\frames\real\Real__DJRDbSDG1GU_53_0to148\1.jpg,Real Video,0,16,"[1, 2, 3, 4, 5, 6, 7, 8, 9, 10, 11, 12, 13, 14, 15, 16]",DJRDbSDG1GU_53_0to148.mp4,Real,,F:\MEngDatasets\AIGVDBench\videos\Real\Real\videos\DJRDbSDG1GU_53_0to148.mp4,0,1.5225279,-1.5225279,1
D:\HaitongNi\MEngProject\d3_datasets\AIGVDBench_all_opensource_1000\frames\real\Real__nhskgJQ5XMU_202_0to114,D:\HaitongNi\MEngProject\d3_datasets\AIGVDBench_all_opensource_1000\frames\real\Real__nhskgJQ5XMU_202_0to114\1.jpg,Real Video,0,16,"[1, 2, 3, 4, 5, 6, 7, 8, 9, 10, 11, 12, 13, 14, 15, 16]",nhskgJQ5XMU_202_0to114.mp4,Real,,F:\MEngDatasets\AIGVDBench\videos\Real\Real\videos\nhskgJQ5XMU_202_0to114.mp4,0,2.1094074,-2.1094074,1
D:\HaitongNi\MEngProject\d3_datasets\AIGVDBench_all_opensource_1000\frames\real\Real__rkP0vK1plbU_20_0to162,D:\HaitongNi\MEngProject\d3_datasets\AIGVDBench_all_opensource_1000\frames\real\Real__rkP0vK1plbU_20_0to162\1.jpg,Real Video,0,16,"[1, 2, 3, 4, 5, 6, 7, 8, 9, 10, 11, 12, 13, 14, 15, 16]",rkP0vK1plbU_20_0to162.mp4,Real,,F:\MEngDatasets\AIGVDBench\videos\Real\Real\videos\rkP0vK1plbU_20_0to162.mp4,0,7.029354,-7.029354,0
D:\HaitongNi\MEngProject\d3_datasets\AIGVDBench_all_opensource_1000\frames\real\Real__EfU4Nt-EUcU_16_0to104,D:\HaitongNi\MEngProject\d3_datasets\AIGVDBench_all_opensource_1000\frames\real\Real__EfU4Nt-EUcU_16_0to104\1.jpg,Real Video,0,16,"[1, 2, 3, 4, 5, 6, 7, 8, 9, 10, 11, 12, 13, 14, 15, 16]",EfU4Nt-EUcU_16_0to104.mp4,Real,,F:\MEngDatasets\AIGVDBench\videos\Real\Real\videos\EfU4Nt-EUcU_16_0to104.mp4,0,2.1672635,-2.1672635,1
D:\HaitongNi\MEngProject\d3_datasets\AIGVDBench_all_opensource_1000\frames\real\Real__A7jwsYPnrSk_30_0to109,D:\HaitongNi\MEngProject\d3_datasets\AIGVDBench_all_opensource_1000\frames\real\Real__A7jwsYPnrSk_30_0to109\1.jpg,Real Video,0,16,"[1, 2, 3, 4, 5, 6, 7, 8, 9, 10, 11, 12, 13, 14, 15, 16]",A7jwsYPnrSk_30_0to109.mp4,Real,,F:\MEngDatasets\AIGVDBench\videos\Real\Real\videos\A7jwsYPnrSk_30_0to109.mp4,0,1.7796639,-1.7796639,1
D:\HaitongNi\MEngProject\d3_datasets\AIGVDBench_all_opensource_1000\frames\real\Real__0NIGyLAVV8M_209_27to290,D:\HaitongNi\MEngProject\d3_datasets\AIGVDBench_all_opensource_1000\frames\real\Real__0NIGyLAVV8M_209_27to290\1.jpg,Real Video,0,16,"[1, 2, 3, 4, 5, 6, 7, 8, 9, 10, 11, 12, 13, 14, 15, 16]",0NIGyLAVV8M_209_27to290.mp4,Real,,F:\MEngDatasets\AIGVDBench\videos\Real\Real\videos\0NIGyLAVV8M_209_27to290.mp4,0,7.563025,-7.563025,0
D:\HaitongNi\MEngProject\d3_datasets\AIGVDBench_all_opensource_1000\frames\real\Real__u9CMrLbY5S8_44_44to190,D:\HaitongNi\MEngProject\d3_datasets\AIGVDBench_all_opensource_1000\frames\real\Real__u9CMrLbY5S8_44_44to190\1.jpg,Real Video,0,16,"[1, 2, 3, 4, 5, 6, 7, 8, 9, 10, 11, 12, 13, 14, 15, 16]",u9CMrLbY5S8_44_44to190.mp4,Real,,F:\MEngDatasets\AIGVDBench\videos\Real\Real\videos\u9CMrLbY5S8_44_44to190.mp4,0,2.500101,-2.500101,1
D:\HaitongNi\MEngProject\d3_datasets\AIGVDBench_all_opensource_1000\frames\real\Real__OPMa5Y-ABaA_14_0to154,D:\HaitongNi\MEngProject\d3_datasets\AIGVDBench_all_opensource_1000\frames\real\Real__OPMa5Y-ABaA_14_0to154\1.jpg,Real Video,0,16,"[1, 2, 3, 4, 5, 6, 7, 8, 9, 10, 11, 12, 13, 14, 15, 16]",OPMa5Y-ABaA_14_0to154.mp4,Real,,F:\MEngDatasets\AIGVDBench\videos\Real\Real\videos\OPMa5Y-ABaA_14_0to154.mp4,0,1.4204234,-1.4204234,1
D:\HaitongNi\MEngProject\d3_datasets\AIGVDBench_all_opensource_1000\frames\real\Real__MTV8_vY9VuU_7_0to204,D:\HaitongNi\MEngProject\d3_datasets\AIGVDBench_all_opensource_1000\frames\real\Real__MTV8_vY9VuU_7_0to204\1.jpg,Real Video,0,16,"[1, 2, 3, 4, 5, 6, 7, 8, 9, 10, 11, 12, 13, 14, 15, 16]",MTV8_vY9VuU_7_0to204.mp4,Real,,F:\MEngDatasets\AIGVDBench\videos\Real\Real\videos\MTV8_vY9VuU_7_0to204.mp4,0,2.4025984,-2.4025984,1
D:\HaitongNi\MEngProject\d3_datasets\AIGVDBench_all_opensource_1000\frames\real\Real__wcY6nDp_HzM_58_22to134,D:\HaitongNi\MEngProject\d3_datasets\AIGVDBench_all_opensource_1000\frames\real\Real__wcY6nDp_HzM_58_22to134\1.jpg,Real Video,0,16,"[1, 2, 3, 4, 5, 6, 7, 8, 9, 10, 11, 12, 13, 14, 15, 16]",wcY6nDp_HzM_58_22to134.mp4,Real,,F:\MEngDatasets\AIGVDBench\videos\Real\Real\videos\wcY6nDp_HzM_58_22to134.mp4,0,1.9970977,-1.9970977,1
D:\HaitongNi\MEngProject\d3_datasets\AIGVDBench_all_opensource_1000\frames\real\Real__X2zqiX6yL3I_91_0to114,D:\HaitongNi\MEngProject\d3_datasets\AIGVDBench_all_opensource_1000\frames\real\Real__X2zqiX6yL3I_91_0to114\1.jpg,Real Video,0,16,"[1, 2, 3, 4, 5, 6, 7, 8, 9, 10, 11, 12, 13, 14, 15, 16]",X2zqiX6yL3I_91_0to114.mp4,Real,,F:\MEngDatasets\AIGVDBench\videos\Real\Real\videos\X2zqiX6yL3I_91_0to114.mp4,0,2.8636508,-2.8636508,1
D:\HaitongNi\MEngProject\d3_datasets\AIGVDBench_all_opensource_1000\frames\real\Real__wSwpV85OXNs_139_0to124,D:\HaitongNi\MEngProject\d3_datasets\AIGVDBench_all_opensource_1000\frames\real\Real__wSwpV85OXNs_139_0to124\1.jpg,Real Video,0,16,"[1, 2, 3, 4, 5, 6, 7, 8, 9, 10, 11, 12, 13, 14, 15, 16]",wSwpV85OXNs_139_0to124.mp4,Real,,F:\MEngDatasets\AIGVDBench\videos\Real\Real\videos\wSwpV85OXNs_139_0to124.mp4,0,1.8722894,-1.8722894,1
D:\HaitongNi\MEngProject\d3_datasets\AIGVDBench_all_opensource_1000\frames\real\Real__3-TF4iCcNbg_9_16to446,D:\HaitongNi\MEngProject\d3_datasets\AIGVDBench_all_opensource_1000\frames\real\Real__3-TF4iCcNbg_9_16to446\1.jpg,Real Video,0,16,"[1, 2, 3, 4, 5, 6, 7, 8, 9, 10, 11, 12, 13, 14, 15, 16]",3-TF4iCcNbg_9_16to446.mp4,Real,,F:\MEngDatasets\AIGVDBench\videos\Real\Real\videos\3-TF4iCcNbg_9_16to446.mp4,0,2.1929977,-2.1929977,1
D:\HaitongNi\MEngProject\d3_datasets\AIGVDBench_all_opensource_1000\frames\real\Real__50KDhKUOrqI_57_294to582,D:\HaitongNi\MEngProject\d3_datasets\AIGVDBench_all_opensource_1000\frames\real\Real__50KDhKUOrqI_57_294to582\1.jpg,Real Video,0,16,"[1, 2, 3, 4, 5, 6, 7, 8, 9, 10, 11, 12, 13, 14, 15, 16]",50KDhKUOrqI_57_294to582.mp4,Real,,F:\MEngDatasets\AIGVDBench\videos\Real\Real\videos\50KDhKUOrqI_57_294to582.mp4,0,2.272518,-2.272518,1
D:\HaitongNi\MEngProject\d3_datasets\AIGVDBench_all_opensource_1000\frames\real\Real__SGKXbHR2Atg_7_0to104,D:\HaitongNi\MEngProject\d3_datasets\AIGVDBench_all_opensource_1000\frames\real\Real__SGKXbHR2Atg_7_0to104\1.jpg,Real Video,0,16,"[1, 2, 3, 4, 5, 6, 7, 8, 9, 10, 11, 12, 13, 14, 15, 16]",SGKXbHR2Atg_7_0to104.mp4,Real,,F:\MEngDatasets\AIGVDBench\videos\Real\Real\videos\SGKXbHR2Atg_7_0to104.mp4,0,2.3665793,-2.3665793,1
D:\HaitongNi\MEngProject\d3_datasets\AIGVDBench_all_opensource_1000\frames\real\Real__2zf8uvZBL44_0_0to1461,D:\HaitongNi\MEngProject\d3_datasets\AIGVDBench_all_opensource_1000\frames\real\Real__2zf8uvZBL44_0_0to1461\1.jpg,Real Video,0,16,"[1, 2, 3, 4, 5, 6, 7, 8, 9, 10, 11, 12, 13, 14, 15, 16]",2zf8uvZBL44_0_0to1461.mp4,Real,,F:\MEngDatasets\AIGVDBench\videos\Real\Real\videos\2zf8uvZBL44_0_0to1461.mp4,0,3.065714,-3.065714,1
D:\HaitongNi\MEngProject\d3_datasets\AIGVDBench_all_opensource_1000\frames\real\Real__mzInI2iwql0_1_0to155,D:\HaitongNi\MEngProject\d3_datasets\AIGVDBench_all_opensource_1000\frames\real\Real__mzInI2iwql0_1_0to155\1.jpg,Real Video,0,16,"[1, 2, 3, 4, 5, 6, 7, 8, 9, 10, 11, 12, 13, 14, 15, 16]",mzInI2iwql0_1_0to155.mp4,Real,,F:\MEngDatasets\AIGVDBench\videos\Real\Real\videos\mzInI2iwql0_1_0to155.mp4,0,2.7373743,-2.7373743,1
D:\HaitongNi\MEngProject\d3_datasets\AIGVDBench_all_opensource_1000\frames\real\Real__ZsxlTeh1BIo_42_20to148,D:\HaitongNi\MEngProject\d3_datasets\AIGVDBench_all_opensource_1000\frames\real\Real__ZsxlTeh1BIo_42_20to148\1.jpg,Real Video,0,16,"[1, 2, 3, 4, 5, 6, 7, 8, 9, 10, 11, 12, 13, 14, 15, 16]",ZsxlTeh1BIo_42_20to148.mp4,Real,,F:\MEngDatasets\AIGVDBench\videos\Real\Real\videos\ZsxlTeh1BIo_42_20to148.mp4,0,1.8345531,-1.8345531,1
D:\HaitongNi\MEngProject\d3_datasets\AIGVDBench_all_opensource_1000\frames\real\Real__FT7EyOI4OpU_7_0to381,D:\HaitongNi\MEngProject\d3_datasets\AIGVDBench_all_opensource_1000\frames\real\Real__FT7EyOI4OpU_7_0to381\1.jpg,Real Video,0,16,"[1, 2, 3, 4, 5, 6, 7, 8, 9, 10, 11, 12, 13, 14, 15, 16]",FT7EyOI4OpU_7_0to381.mp4,Real,,F:\MEngDatasets\AIGVDBench\videos\Real\Real\videos\FT7EyOI4OpU_7_0to381.mp4,0,2.2610319,-2.2610319,1
D:\HaitongNi\MEngProject\d3_datasets\AIGVDBench_all_opensource_1000\frames\real\Real__uD1qsJjHi14_6_0to210,D:\HaitongNi\MEngProject\d3_datasets\AIGVDBench_all_opensource_1000\frames\real\Real__uD1qsJjHi14_6_0to210\1.jpg,Real Video,0,16,"[1, 2, 3, 4, 5, 6, 7, 8, 9, 10, 11, 12, 13, 14, 15, 16]",uD1qsJjHi14_6_0to210.mp4,Real,,F:\MEngDatasets\AIGVDBench\videos\Real\Real\videos\uD1qsJjHi14_6_0to210.mp4,0,1.5488508,-1.5488508,1
D:\HaitongNi\MEngProject\d3_datasets\AIGVDBench_all_opensource_1000\frames\real\Real__3Ym6Ip3M3fQ_39_45to225,D:\HaitongNi\MEngProject\d3_datasets\AIGVDBench_all_opensource_1000\frames\real\Real__3Ym6Ip3M3fQ_39_45to225\1.jpg,Real Video,0,16,"[1, 2, 3, 4, 5, 6, 7, 8, 9, 10, 11, 12, 13, 14, 15, 16]",3Ym6Ip3M3fQ_39_45to225.mp4,Real,,F:\MEngDatasets\AIGVDBench\videos\Real\Real\videos\3Ym6Ip3M3fQ_39_45to225.mp4,0,2.9879808,-2.9879808,1
D:\HaitongNi\MEngProject\d3_datasets\AIGVDBench_all_opensource_1000\frames\real\Real__NwGuCTHwXaY_24_17to144,D:\HaitongNi\MEngProject\d3_datasets\AIGVDBench_all_opensource_1000\frames\real\Real__NwGuCTHwXaY_24_17to144\1.jpg,Real Video,0,16,"[1, 2, 3, 4, 5, 6, 7, 8, 9, 10, 11, 12, 13, 14, 15, 16]",NwGuCTHwXaY_24_17to144.mp4,Real,,F:\MEngDatasets\AIGVDBench\videos\Real\Real\videos\NwGuCTHwXaY_24_17to144.mp4,0,1.5111499,-1.5111499,1
D:\HaitongNi\MEngProject\d3_datasets\AIGVDBench_all_opensource_1000\frames\real\Real__wcPaoCqMtMc_50_30to141,D:\HaitongNi\MEngProject\d3_datasets\AIGVDBench_all_opensource_1000\frames\real\Real__wcPaoCqMtMc_50_30to141\1.jpg,Real Video,0,16,"[1, 2, 3, 4, 5, 6, 7, 8, 9, 10, 11, 12, 13, 14, 15, 16]",wcPaoCqMtMc_50_30to141.mp4,Real,,F:\MEngDatasets\AIGVDBench\videos\Real\Real\videos\wcPaoCqMtMc_50_30to141.mp4,0,3.7842014,-3.7842014,1
D:\HaitongNi\MEngProject\d3_datasets\AIGVDBench_all_opensource_1000\frames\real\Real__LJGo6Nla1L8_7_0to198,D:\HaitongNi\MEngProject\d3_datasets\AIGVDBench_all_opensource_1000\frames\real\Real__LJGo6Nla1L8_7_0to198\1.jpg,Real Video,0,16,"[1, 2, 3, 4, 5, 6, 7, 8, 9, 10, 11, 12, 13, 14, 15, 16]",LJGo6Nla1L8_7_0to198.mp4,Real,,F:\MEngDatasets\AIGVDBench\videos\Real\Real\videos\LJGo6Nla1L8_7_0to198.mp4,0,1.1514404,-1.1514404,1
D:\HaitongNi\MEngProject\d3_datasets\AIGVDBench_all_opensource_1000\frames\real\Real__TzndBGp5IcI_359_0to171,D:\HaitongNi\MEngProject\d3_datasets\AIGVDBench_all_opensource_1000\frames\real\Real__TzndBGp5IcI_359_0to171\1.jpg,Real Video,0,16,"[1, 2, 3, 4, 5, 6, 7, 8, 9, 10, 11, 12, 13, 14, 15, 16]",TzndBGp5IcI_359_0to171.mp4,Real,,F:\MEngDatasets\AIGVDBench\videos\Real\Real\videos\TzndBGp5IcI_359_0to171.mp4,0,2.1986022,-2.1986022,1
D:\HaitongNi\MEngProject\d3_datasets\AIGVDBench_all_opensource_1000\frames\real\Real__n6vXpIlCJAE_5_0to1336,D:\HaitongNi\MEngProject\d3_datasets\AIGVDBench_all_opensource_1000\frames\real\Real__n6vXpIlCJAE_5_0to1336\1.jpg,Real Video,0,16,"[1, 2, 3, 4, 5, 6, 7, 8, 9, 10, 11, 12, 13, 14, 15, 16]",n6vXpIlCJAE_5_0to1336.mp4,Real,,F:\MEngDatasets\AIGVDBench\videos\Real\Real\videos\n6vXpIlCJAE_5_0to1336.mp4,0,2.8332348,-2.8332348,1
D:\HaitongNi\MEngProject\d3_datasets\AIGVDBench_all_opensource_1000\frames\real\Real__nEFenj7hi4Y_5_0to637,D:\HaitongNi\MEngProject\d3_datasets\AIGVDBench_all_opensource_1000\frames\real\Real__nEFenj7hi4Y_5_0to637\1.jpg,Real Video,0,16,"[1, 2, 3, 4, 5, 6, 7, 8, 9, 10, 11, 12, 13, 14, 15, 16]",nEFenj7hi4Y_5_0to637.mp4,Real,,F:\MEngDatasets\AIGVDBench\videos\Real\Real\videos\nEFenj7hi4Y_5_0to637.mp4,0,3.3775587,-3.3775587,1
D:\HaitongNi\MEngProject\d3_datasets\AIGVDBench_all_opensource_1000\frames\real\Real__J0htRZc7Vew_4_24to147,D:\HaitongNi\MEngProject\d3_datasets\AIGVDBench_all_opensource_1000\frames\real\Real__J0htRZc7Vew_4_24to147\1.jpg,Real Video,0,16,"[1, 2, 3, 4, 5, 6, 7, 8, 9, 10, 11, 12, 13, 14, 15, 16]",J0htRZc7Vew_4_24to147.mp4,Real,,F:\MEngDatasets\AIGVDBench\videos\Real\Real\videos\J0htRZc7Vew_4_24to147.mp4,0,2.3884313,-2.3884313,1
D:\HaitongNi\MEngProject\d3_datasets\AIGVDBench_all_opensource_1000\frames\real\Real__8418w-jd_Fg_20_0to106,D:\HaitongNi\MEngProject\d3_datasets\AIGVDBench_all_opensource_1000\frames\real\Real__8418w-jd_Fg_20_0to106\1.jpg,Real Video,0,16,"[1, 2, 3, 4, 5, 6, 7, 8, 9, 10, 11, 12, 13, 14, 15, 16]",8418w-jd_Fg_20_0to106.mp4,Real,,F:\MEngDatasets\AIGVDBench\videos\Real\Real\videos\8418w-jd_Fg_20_0to106.mp4,0,1.4882025,-1.4882025,1
D:\HaitongNi\MEngProject\d3_datasets\AIGVDBench_all_opensource_1000\frames\real\Real__Cwv7zcFgVzY_18_0to265,D:\HaitongNi\MEngProject\d3_datasets\AIGVDBench_all_opensource_1000\frames\real\Real__Cwv7zcFgVzY_18_0to265\1.jpg,Real Video,0,16,"[1, 2, 3, 4, 5, 6, 7, 8, 9, 10, 11, 12, 13, 14, 15, 16]",Cwv7zcFgVzY_18_0to265.mp4,Real,,F:\MEngDatasets\AIGVDBench\videos\Real\Real\videos\Cwv7zcFgVzY_18_0to265.mp4,0,2.779805,-2.779805,1
D:\HaitongNi\MEngProject\d3_datasets\AIGVDBench_all_opensource_1000\frames\real\Real__Dbz52u3Ikcg_12_19to140,D:\HaitongNi\MEngProject\d3_datasets\AIGVDBench_all_opensource_1000\frames\real\Real__Dbz52u3Ikcg_12_19to140\1.jpg,Real Video,0,16,"[1, 2, 3, 4, 5, 6, 7, 8, 9, 10, 11, 12, 13, 14, 15, 16]",Dbz52u3Ikcg_12_19to140.mp4,Real,,F:\MEngDatasets\AIGVDBench\videos\Real\Real\videos\Dbz52u3Ikcg_12_19to140.mp4,0,0.7971757,-0.7971757,1
D:\HaitongNi\MEngProject\d3_datasets\AIGVDBench_all_opensource_1000\frames\real\Real__c5AwstOsjtg_3_847to1518,D:\HaitongNi\MEngProject\d3_datasets\AIGVDBench_all_opensource_1000\frames\real\Real__c5AwstOsjtg_3_847to1518\1.jpg,Real Video,0,16,"[1, 2, 3, 4, 5, 6, 7, 8, 9, 10, 11, 12, 13, 14, 15, 16]",c5AwstOsjtg_3_847to1518.mp4,Real,,F:\MEngDatasets\AIGVDBench\videos\Real\Real\videos\c5AwstOsjtg_3_847to1518.mp4,0,3.8542457,-3.8542457,1
D:\HaitongNi\MEngProject\d3_datasets\AIGVDBench_all_opensource_1000\frames\real\Real__iUxEjC-H82E_12_19to211,D:\HaitongNi\MEngProject\d3_datasets\AIGVDBench_all_opensource_1000\frames\real\Real__iUxEjC-H82E_12_19to211\1.jpg,Real Video,0,16,"[1, 2, 3, 4, 5, 6, 7, 8, 9, 10, 11, 12, 13, 14, 15, 16]",iUxEjC-H82E_12_19to211.mp4,Real,,F:\MEngDatasets\AIGVDBench\videos\Real\Real\videos\iUxEjC-H82E_12_19to211.mp4,0,4.532148,-4.532148,1
D:\HaitongNi\MEngProject\d3_datasets\AIGVDBench_all_opensource_1000\frames\real\Real__02M4tj70Ju0_20_0to116,D:\HaitongNi\MEngProject\d3_datasets\AIGVDBench_all_opensource_1000\frames\real\Real__02M4tj70Ju0_20_0to116\1.jpg,Real Video,0,16,"[1, 2, 3, 4, 5, 6, 7, 8, 9, 10, 11, 12, 13, 14, 15, 16]",02M4tj70Ju0_20_0to116.mp4,Real,,F:\MEngDatasets\AIGVDBench\videos\Real\Real\videos\02M4tj70Ju0_20_0to116.mp4,0,1.1835177,-1.1835177,1
D:\HaitongNi\MEngProject\d3_datasets\AIGVDBench_all_opensource_1000\frames\real\Real__wxKZ4N2rP-M_35_0to218,D:\HaitongNi\MEngProject\d3_datasets\AIGVDBench_all_opensource_1000\frames\real\Real__wxKZ4N2rP-M_35_0to218\1.jpg,Real Video,0,16,"[1, 2, 3, 4, 5, 6, 7, 8, 9, 10, 11, 12, 13, 14, 15, 16]",wxKZ4N2rP-M_35_0to218.mp4,Real,,F:\MEngDatasets\AIGVDBench\videos\Real\Real\videos\wxKZ4N2rP-M_35_0to218.mp4,0,1.5643547,-1.5643547,1
D:\HaitongNi\MEngProject\d3_datasets\AIGVDBench_all_opensource_1000\frames\real\Real__pmhn8wnIXD0_25_23to178,D:\HaitongNi\MEngProject\d3_datasets\AIGVDBench_all_opensource_1000\frames\real\Real__pmhn8wnIXD0_25_23to178\1.jpg,Real Video,0,16,"[1, 2, 3, 4, 5, 6, 7, 8, 9, 10, 11, 12, 13, 14, 15, 16]",pmhn8wnIXD0_25_23to178.mp4,Real,,F:\MEngDatasets\AIGVDBench\videos\Real\Real\videos\pmhn8wnIXD0_25_23to178.mp4,0,1.8233578,-1.8233578,1
D:\HaitongNi\MEngProject\d3_datasets\AIGVDBench_all_opensource_1000\frames\real\Real__PNBoSIO7DS4_14_283to398,D:\HaitongNi\MEngProject\d3_datasets\AIGVDBench_all_opensource_1000\frames\real\Real__PNBoSIO7DS4_14_283to398\1.jpg,Real Video,0,16,"[1, 2, 3, 4, 5, 6, 7, 8, 9, 10, 11, 12, 13, 14, 15, 16]",PNBoSIO7DS4_14_283to398.mp4,Real,,F:\MEngDatasets\AIGVDBench\videos\Real\Real\videos\PNBoSIO7DS4_14_283to398.mp4,0,1.1277066,-1.1277066,1
D:\HaitongNi\MEngProject\d3_datasets\AIGVDBench_all_opensource_1000\frames\real\Real__hrIO6_fBc6A_27_0to488,D:\HaitongNi\MEngProject\d3_datasets\AIGVDBench_all_opensource_1000\frames\real\Real__hrIO6_fBc6A_27_0to488\1.jpg,Real Video,0,16,"[1, 2, 3, 4, 5, 6, 7, 8, 9, 10, 11, 12, 13, 14, 15, 16]",hrIO6_fBc6A_27_0to488.mp4,Real,,F:\MEngDatasets\AIGVDBench\videos\Real\Real\videos\hrIO6_fBc6A_27_0to488.mp4,0,4.771356,-4.771356,1
D:\HaitongNi\MEngProject\d3_datasets\AIGVDBench_all_opensource_1000\frames\real\Real__Bxu9BH_q-78_316_0to110,D:\HaitongNi\MEngProject\d3_datasets\AIGVDBench_all_opensource_1000\frames\real\Real__Bxu9BH_q-78_316_0to110\1.jpg,Real Video,0,16,"[1, 2, 3, 4, 5, 6, 7, 8, 9, 10, 11, 12, 13, 14, 15, 16]",Bxu9BH_q-78_316_0to110.mp4,Real,,F:\MEngDatasets\AIGVDBench\videos\Real\Real\videos\Bxu9BH_q-78_316_0to110.mp4,0,2.361805,-2.361805,1
D:\HaitongNi\MEngProject\d3_datasets\AIGVDBench_all_opensource_1000\frames\fake\OpenSource_I2V_EasyAnimate__50KDhKUOrqI_57_294to582,D:\HaitongNi\MEngProject\d3_datasets\AIGVDBench_all_opensource_1000\frames\fake\OpenSource_I2V_EasyAnimate__50KDhKUOrqI_57_294to582\1.jpg,AI Video,1,16,"[1, 2, 3, 4, 5, 6, 7, 8, 9, 10, 11, 12, 13, 14, 15, 16]",50KDhKUOrqI_57_294to582.mp4,OpenSource_I2V_EasyAnimate,I2V,F:\MEngDatasets\AIGVDBench\videos\OpenSource\I2V\EasyAnimate\videos\50KDhKUOrqI_57_294to582.mp4,1,3.1568925,-3.1568925,1
D:\HaitongNi\MEngProject\d3_datasets\AIGVDBench_all_opensource_1000\frames\fake\OpenSource_T2V_EasyAnimate__bG8EwSG8Hh4_1_0to149,D:\HaitongNi\MEngProject\d3_datasets\AIGVDBench_all_opensource_1000\frames\fake\OpenSource_T2V_EasyAnimate__bG8EwSG8Hh4_1_0to149\1.jpg,AI Video,1,16,"[1, 2, 3, 4, 5, 6, 7, 8, 9, 10, 11, 12, 13, 14, 15, 16]",bG8EwSG8Hh4_1_0to149.mp4,OpenSource_T2V_EasyAnimate,T2V,F:\MEngDatasets\AIGVDBench\videos\OpenSource\T2V\EasyAnimate\videos\bG8EwSG8Hh4_1_0to149.mp4,1,4.209109,-4.209109,1
D:\HaitongNi\MEngProject\d3_datasets\AIGVDBench_all_opensource_1000\frames\fake\OpenSource_T2V_EasyAnimate__eENFTG4UQsI_3_337to522,D:\HaitongNi\MEngProject\d3_datasets\AIGVDBench_all_opensource_1000\frames\fake\OpenSource_T2V_EasyAnimate__eENFTG4UQsI_3_337to522\1.jpg,AI Video,1,16,"[1, 2, 3, 4, 5, 6, 7, 8, 9, 10, 11, 12, 13, 14, 15, 16]",eENFTG4UQsI_3_337to522.mp4,OpenSource_T2V_EasyAnimate,T2V,F:\MEngDatasets\AIGVDBench\videos\OpenSource\T2V\EasyAnimate\videos\eENFTG4UQsI_3_337to522.mp4,1,1.7240374,-1.7240374,1
D:\HaitongNi\MEngProject\d3_datasets\AIGVDBench_all_opensource_1000\frames\fake\OpenSource_T2V_AccVideo__smJlYSVS9Ds_340_112to226,D:\HaitongNi\MEngProject\d3_datasets\AIGVDBench_all_opensource_1000\frames\fake\OpenSource_T2V_AccVideo__smJlYSVS9Ds_340_112to226\1.jpg,AI Video,1,16,"[1, 2, 3, 4, 5, 6, 7, 8, 9, 10, 11, 12, 13, 14, 15, 16]",smJlYSVS9Ds_340_112to226.mp4,OpenSource_T2V_AccVideo,T2V,F:\MEngDatasets\AIGVDBench\videos\OpenSource\T2V\AccVideo\videos\smJlYSVS9Ds_340_112to226.mp4,1,1.6847172,-1.6847172,1
D:\HaitongNi\MEngProject\d3_datasets\AIGVDBench_all_opensource_1000\frames\fake\OpenSource_T2V_AnimateDiff__4cvgTuAaMDM_1_0to181,D:\HaitongNi\MEngProject\d3_datasets\AIGVDBench_all_opensource_1000\frames\fake\OpenSource_T2V_AnimateDiff__4cvgTuAaMDM_1_0to181\1.jpg,AI Video,1,16,"[1, 2, 3, 4, 5, 6, 7, 8, 9, 10, 11, 12, 13, 14, 15, 16]",4cvgTuAaMDM_1_0to181.mp4,OpenSource_T2V_AnimateDiff,T2V,F:\MEngDatasets\AIGVDBench\videos\OpenSource\T2V\AnimateDiff\home\lma\Benchmark\bench\opensource\T2V\AnimateDiff\videos\4cvgTuAaMDM_1_0to181.mp4,1,0.5392736,-0.5392736,1
D:\HaitongNi\MEngProject\d3_datasets\AIGVDBench_all_opensource_1000\frames\fake\OpenSource_I2V_VideoCrafter__HlRfdCWGMzI_22_114to219,D:\HaitongNi\MEngProject\d3_datasets\AIGVDBench_all_opensource_1000\frames\fake\OpenSource_I2V_VideoCrafter__HlRfdCWGMzI_22_114to219\1.jpg,AI Video,1,16,"[1, 2, 3, 4, 5, 6, 7, 8, 9, 10, 11, 12, 13, 14, 15, 16]",HlRfdCWGMzI_22_114to219.mp4,OpenSource_I2V_VideoCrafter,I2V,F:\MEngDatasets\AIGVDBench\videos\OpenSource\I2V\VideoCrafter\videos\HlRfdCWGMzI_22_114to219.mp4,1,1.130295,-1.130295,1
D:\HaitongNi\MEngProject\d3_datasets\AIGVDBench_all_opensource_1000\frames\fake\OpenSource_I2V_EasyAnimate__nhskgJQ5XMU_202_0to114,D:\HaitongNi\MEngProject\d3_datasets\AIGVDBench_all_opensource_1000\frames\fake\OpenSource_I2V_EasyAnimate__nhskgJQ5XMU_202_0to114\1.jpg,AI Video,1,16,"[1, 2, 3, 4, 5, 6, 7, 8, 9, 10, 11, 12, 13, 14, 15, 16]",nhskgJQ5XMU_202_0to114.mp4,OpenSource_I2V_EasyAnimate,I2V,F:\MEngDatasets\AIGVDBench\videos\OpenSource\I2V\EasyAnimate\videos\nhskgJQ5XMU_202_0to114.mp4,1,2.122658,-2.122658,1
D:\HaitongNi\MEngProject\d3_datasets\AIGVDBench_all_opensource_1000\frames\fake\OpenSource_T2V_Pyramid-Flow__W5R52mgaBgk_13_85to215,D:\HaitongNi\MEngProject\d3_datasets\AIGVDBench_all_opensource_1000\frames\fake\OpenSource_T2V_Pyramid-Flow__W5R52mgaBgk_13_85to215\1.jpg,AI Video,1,16,"[1, 2, 3, 4, 5, 6, 7, 8, 9, 10, 11, 12, 13, 14, 15, 16]",W5R52mgaBgk_13_85to215.mp4,OpenSource_T2V_Pyramid-Flow,T2V,F:\MEngDatasets\AIGVDBench\videos\OpenSource\T2V\Pyramid-Flow\videos\W5R52mgaBgk_13_85to215.mp4,1,1.2710216,-1.2710216,1
D:\HaitongNi\MEngProject\d3_datasets\AIGVDBench_all_opensource_1000\frames\fake\OpenSource_T2V_LTX__0BPQnk47p6M_2_55to191,D:\HaitongNi\MEngProject\d3_datasets\AIGVDBench_all_opensource_1000\frames\fake\OpenSource_T2V_LTX__0BPQnk47p6M_2_55to191\1.jpg,AI Video,1,16,"[1, 2, 3, 4, 5, 6, 7, 8, 9, 10, 11, 12, 13, 14, 15, 16]",0BPQnk47p6M_2_55to191.mp4,OpenSource_T2V_LTX,T2V,F:\MEngDatasets\AIGVDBench\videos\OpenSource\T2V\LTX\videos\0BPQnk47p6M_2_55to191.mp4,1,0.6999418,-0.6999418,1
D:\HaitongNi\MEngProject\d3_datasets\AIGVDBench_all_opensource_1000\frames\fake\OpenSource_I2V_VideoCrafter__0BPQnk47p6M_2_55to191,D:\HaitongNi\MEngProject\d3_datasets\AIGVDBench_all_opensource_1000\frames\fake\OpenSource_I2V_VideoCrafter__0BPQnk47p6M_2_55to191\1.jpg,AI Video,1,16,"[1, 2, 3, 4, 5, 6, 7, 8, 9, 10, 11, 12, 13, 14, 15, 16]",0BPQnk47p6M_2_55to191.mp4,OpenSource_I2V_VideoCrafter,I2V,F:\MEngDatasets\AIGVDBench\videos\OpenSource\I2V\VideoCrafter\videos\0BPQnk47p6M_2_55to191.mp4,1,2.1895251,-2.1895251,1
D:\HaitongNi\MEngProject\d3_datasets\AIGVDBench_all_opensource_1000\frames\fake\OpenSource_V2V_Cogvideox1.5__QRYsvqSzYuE_43_455to1014,D:\HaitongNi\MEngProject\d3_datasets\AIGVDBench_all_opensource_1000\frames\fake\OpenSource_V2V_Cogvideox1.5__QRYsvqSzYuE_43_455to1014\1.jpg,AI Video,1,16,"[1, 2, 3, 4, 5, 6, 7, 8, 9, 10, 11, 12, 13, 14, 15, 16]",QRYsvqSzYuE_43_455to1014.mp4,OpenSource_V2V_Cogvideox1.5,V2V,F:\MEngDatasets\AIGVDBench\videos\OpenSource\V2V\Cogvideox1.5\videos\QRYsvqSzYuE_43_455to1014.mp4,1,2.3595643,-2.3595643,1
D:\HaitongNi\MEngProject\d3_datasets\AIGVDBench_all_opensource_1000\frames\fake\OpenSource_T2V_Wan2.1__nhskgJQ5XMU_202_0to114,D:\HaitongNi\MEngProject\d3_datasets\AIGVDBench_all_opensource_1000\frames\fake\OpenSource_T2V_Wan2.1__nhskgJQ5XMU_202_0to114\1.jpg,AI Video,1,16,"[1, 2, 3, 4, 5, 6, 7, 8, 9, 10, 11, 12, 13, 14, 15, 16]",nhskgJQ5XMU_202_0to114.mp4,OpenSource_T2V_Wan2.1,T2V,F:\MEngDatasets\AIGVDBench\videos\OpenSource\T2V\Wan2.1\videos\nhskgJQ5XMU_202_0to114.mp4,1,2.8941152,-2.8941152,1
D:\HaitongNi\MEngProject\d3_datasets\AIGVDBench_all_opensource_1000\frames\fake\OpenSource_T2V_RepVideo__jet4_Hc5j8I_13_0to109,D:\HaitongNi\MEngProject\d3_datasets\AIGVDBench_all_opensource_1000\frames\fake\OpenSource_T2V_RepVideo__jet4_Hc5j8I_13_0to109\1.jpg,AI Video,1,16,"[1, 2, 3, 4, 5, 6, 7, 8, 9, 10, 11, 12, 13, 14, 15, 16]",jet4_Hc5j8I_13_0to109.mp4,OpenSource_T2V_RepVideo,T2V,F:\MEngDatasets\AIGVDBench\videos\OpenSource\T2V\RepVideo\videos\jet4_Hc5j8I_13_0to109.mp4,1,1.5060911,-1.5060911,1
D:\HaitongNi\MEngProject\d3_datasets\AIGVDBench_all_opensource_1000\frames\fake\OpenSource_T2V_RepVideo__7TCW9wOxAWk_48_0to214,D:\HaitongNi\MEngProject\d3_datasets\AIGVDBench_all_opensource_1000\frames\fake\OpenSource_T2V_RepVideo__7TCW9wOxAWk_48_0to214\1.jpg,AI Video,1,16,"[1, 2, 3, 4, 5, 6, 7, 8, 9, 10, 11, 12, 13, 14, 15, 16]",7TCW9wOxAWk_48_0to214.mp4,OpenSource_T2V_RepVideo,T2V,F:\MEngDatasets\AIGVDBench\videos\OpenSource\T2V\RepVideo\videos\7TCW9wOxAWk_48_0to214.mp4,1,3.5014176,-3.5014176,1
D:\HaitongNi\MEngProject\d3_datasets\AIGVDBench_all_opensource_1000\frames\fake\OpenSource_T2V_HunyuanVideo__0BPQnk47p6M_2_55to191,D:\HaitongNi\MEngProject\d3_datasets\AIGVDBench_all_opensource_1000\frames\fake\OpenSource_T2V_HunyuanVideo__0BPQnk47p6M_2_55to191\1.jpg,AI Video,1,16,"[1, 2, 3, 4, 5, 6, 7, 8, 9, 10, 11, 12, 13, 14, 15, 16]",0BPQnk47p6M_2_55to191.mp4,OpenSource_T2V_HunyuanVideo,T2V,F:\MEngDatasets\AIGVDBench\videos\OpenSource\T2V\HunyuanVideo\videos\0BPQnk47p6M_2_55to191.mp4,1,3.3450186,-3.3450186,1
D:\HaitongNi\MEngProject\d3_datasets\AIGVDBench_all_opensource_1000\frames\fake\OpenSource_I2V_LTX__jet4_Hc5j8I_13_0to109,D:\HaitongNi\MEngProject\d3_datasets\AIGVDBench_all_opensource_1000\frames\fake\OpenSource_I2V_LTX__jet4_Hc5j8I_13_0to109\1.jpg,AI Video,1,16,"[1, 2, 3, 4, 5, 6, 7, 8, 9, 10, 11, 12, 13, 14, 15, 16]",jet4_Hc5j8I_13_0to109.mp4,OpenSource_I2V_LTX,I2V,F:\MEngDatasets\AIGVDBench\videos\OpenSource\I2V\LTX\videos\jet4_Hc5j8I_13_0to109.mp4,1,1.9248639,-1.9248639,1
D:\HaitongNi\MEngProject\d3_datasets\AIGVDBench_all_opensource_1000\frames\fake\OpenSource_I2V_LTX__o82SKvbybvY_14_104to700,D:\HaitongNi\MEngProject\d3_datasets\AIGVDBench_all_opensource_1000\frames\fake\OpenSource_I2V_LTX__o82SKvbybvY_14_104to700\1.jpg,AI Video,1,16,"[1, 2, 3, 4, 5, 6, 7, 8, 9, 10, 11, 12, 13, 14, 15, 16]",o82SKvbybvY_14_104to700.mp4,OpenSource_I2V_LTX,I2V,F:\MEngDatasets\AIGVDBench\videos\OpenSource\I2V\LTX\videos\o82SKvbybvY_14_104to700.mp4,1,2.7568104,-2.7568104,1
D:\HaitongNi\MEngProject\d3_datasets\AIGVDBench_all_opensource_1000\frames\fake\OpenSource_V2V_LTX__0BPQnk47p6M_2_55to191,D:\HaitongNi\MEngProject\d3_datasets\AIGVDBench_all_opensource_1000\frames\fake\OpenSource_V2V_LTX__0BPQnk47p6M_2_55to191\1.jpg,AI Video,1,16,"[1, 2, 3, 4, 5, 6, 7, 8, 9, 10, 11, 12, 13, 14, 15, 16]",0BPQnk47p6M_2_55to191.mp4,OpenSource_V2V_LTX,V2V,F:\MEngDatasets\AIGVDBench\videos\OpenSource\V2V\LTX\videos\0BPQnk47p6M_2_55to191.mp4,1,1.9357547,-1.9357547,1
D:\HaitongNi\MEngProject\d3_datasets\AIGVDBench_all_opensource_1000\frames\fake\OpenSource_T2V_VideoCrafter__o82SKvbybvY_14_104to700,D:\HaitongNi\MEngProject\d3_datasets\AIGVDBench_all_opensource_1000\frames\fake\OpenSource_T2V_VideoCrafter__o82SKvbybvY_14_104to700\1.jpg,AI Video,1,16,"[1, 2, 3, 4, 5, 6, 7, 8, 9, 10, 11, 12, 13, 14, 15, 16]",o82SKvbybvY_14_104to700.mp4,OpenSource_T2V_VideoCrafter,T2V,F:\MEngDatasets\AIGVDBench\videos\OpenSource\T2V\VideoCrafter\videos\o82SKvbybvY_14_104to700.mp4,1,1.4685588,-1.4685588,1
D:\HaitongNi\MEngProject\d3_datasets\AIGVDBench_all_opensource_1000\frames\fake\OpenSource_T2V_Wan2.1__EHRI1gr4zik_3_323to481,D:\HaitongNi\MEngProject\d3_datasets\AIGVDBench_all_opensource_1000\frames\fake\OpenSource_T2V_Wan2.1__EHRI1gr4zik_3_323to481\1.jpg,AI Video,1,16,"[1, 2, 3, 4, 5, 6, 7, 8, 9, 10, 11, 12, 13, 14, 15, 16]",EHRI1gr4zik_3_323to481.mp4,OpenSource_T2V_Wan2.1,T2V,F:\MEngDatasets\AIGVDBench\videos\OpenSource\T2V\Wan2.1\videos\EHRI1gr4zik_3_323to481.mp4,1,1.6766182,-1.6766182,1
D:\HaitongNi\MEngProject\d3_datasets\AIGVDBench_all_opensource_1000\frames\fake\OpenSource_I2V_SVD__50KDhKUOrqI_57_294to582,D:\HaitongNi\MEngProject\d3_datasets\AIGVDBench_all_opensource_1000\frames\fake\OpenSource_I2V_SVD__50KDhKUOrqI_57_294to582\1.jpg,AI Video,1,16,"[1, 2, 3, 4, 5, 6, 7, 8, 9, 10, 11, 12, 13, 14, 15, 16]",50KDhKUOrqI_57_294to582.mp4,OpenSource_I2V_SVD,I2V,F:\MEngDatasets\AIGVDBench\videos\OpenSource\I2V\SVD\videos\50KDhKUOrqI_57_294to582.mp4,1,2.2423017,-2.2423017,1
D:\HaitongNi\MEngProject\d3_datasets\AIGVDBench_all_opensource_1000\frames\fake\OpenSource_T2V_AnimateDiff__bG8EwSG8Hh4_1_0to149,D:\HaitongNi\MEngProject\d3_datasets\AIGVDBench_all_opensource_1000\frames\fake\OpenSource_T2V_AnimateDiff__bG8EwSG8Hh4_1_0to149\1.jpg,AI Video,1,16,"[1, 2, 3, 4, 5, 6, 7, 8, 9, 10, 11, 12, 13, 14, 15, 16]",bG8EwSG8Hh4_1_0to149.mp4,OpenSource_T2V_AnimateDiff,T2V,F:\MEngDatasets\AIGVDBench\videos\OpenSource\T2V\AnimateDiff\home\lma\Benchmark\bench\opensource\T2V\AnimateDiff\videos\bG8EwSG8Hh4_1_0to149.mp4,1,1.0171438,-1.0171438,1
D:\HaitongNi\MEngProject\d3_datasets\AIGVDBench_all_opensource_1000\frames\fake\OpenSource_I2V_SEINE__W5R52mgaBgk_13_85to215,D:\HaitongNi\MEngProject\d3_datasets\AIGVDBench_all_opensource_1000\frames\fake\OpenSource_I2V_SEINE__W5R52mgaBgk_13_85to215\1.jpg,AI Video,1,16,"[1, 2, 3, 4, 5, 6, 7, 8, 9, 10, 11, 12, 13, 14, 15, 16]",W5R52mgaBgk_13_85to215.mp4,OpenSource_I2V_SEINE,I2V,F:\MEngDatasets\AIGVDBench\videos\OpenSource\I2V\SEINE\videos\W5R52mgaBgk_13_85to215.mp4,1,1.5825465,-1.5825465,1
D:\HaitongNi\MEngProject\d3_datasets\AIGVDBench_all_opensource_1000\frames\fake\OpenSource_T2V_VideoCrafter__HlRfdCWGMzI_22_114to219,D:\HaitongNi\MEngProject\d3_datasets\AIGVDBench_all_opensource_1000\frames\fake\OpenSource_T2V_VideoCrafter__HlRfdCWGMzI_22_114to219\1.jpg,AI Video,1,16,"[1, 2, 3, 4, 5, 6, 7, 8, 9, 10, 11, 12, 13, 14, 15, 16]",HlRfdCWGMzI_22_114to219.mp4,OpenSource_T2V_VideoCrafter,T2V,F:\MEngDatasets\AIGVDBench\videos\OpenSource\T2V\VideoCrafter\videos\HlRfdCWGMzI_22_114to219.mp4,1,0.88387275,-0.88387275,1
D:\HaitongNi\MEngProject\d3_datasets\AIGVDBench_all_opensource_1000\frames\fake\OpenSource_V2V_Cogvideox1.5__jet4_Hc5j8I_13_0to109,D:\HaitongNi\MEngProject\d3_datasets\AIGVDBench_all_opensource_1000\frames\fake\OpenSource_V2V_Cogvideox1.5__jet4_Hc5j8I_13_0to109\1.jpg,AI Video,1,16,"[1, 2, 3, 4, 5, 6, 7, 8, 9, 10, 11, 12, 13, 14, 15, 16]",jet4_Hc5j8I_13_0to109.mp4,OpenSource_V2V_Cogvideox1.5,V2V,F:\MEngDatasets\AIGVDBench\videos\OpenSource\V2V\Cogvideox1.5\videos\jet4_Hc5j8I_13_0to109.mp4,1,0.913749,-0.913749,1
D:\HaitongNi\MEngProject\d3_datasets\AIGVDBench_all_opensource_1000\frames\fake\OpenSource_T2V_VideoCrafter__jet4_Hc5j8I_13_0to109,D:\HaitongNi\MEngProject\d3_datasets\AIGVDBench_all_opensource_1000\frames\fake\OpenSource_T2V_VideoCrafter__jet4_Hc5j8I_13_0to109\1.jpg,AI Video,1,16,"[1, 2, 3, 4, 5, 6, 7, 8, 9, 10, 11, 12, 13, 14, 15, 16]",jet4_Hc5j8I_13_0to109.mp4,OpenSource_T2V_VideoCrafter,T2V,F:\MEngDatasets\AIGVDBench\videos\OpenSource\T2V\VideoCrafter\videos\jet4_Hc5j8I_13_0to109.mp4,1,3.0756252,-3.0756252,1
D:\HaitongNi\MEngProject\d3_datasets\AIGVDBench_all_opensource_1000\frames\fake\OpenSource_I2V_SVD__HlRfdCWGMzI_22_114to219,D:\HaitongNi\MEngProject\d3_datasets\AIGVDBench_all_opensource_1000\frames\fake\OpenSource_I2V_SVD__HlRfdCWGMzI_22_114to219\1.jpg,AI Video,1,16,"[1, 2, 3, 4, 5, 6, 7, 8, 9, 10, 11, 12, 13, 14, 15, 16]",HlRfdCWGMzI_22_114to219.mp4,OpenSource_I2V_SVD,I2V,F:\MEngDatasets\AIGVDBench\videos\OpenSource\I2V\SVD\videos\HlRfdCWGMzI_22_114to219.mp4,1,3.9500082,-3.9500082,1
D:\HaitongNi\MEngProject\d3_datasets\AIGVDBench_all_opensource_1000\frames\fake\OpenSource_T2V_Open-Sora__bG8EwSG8Hh4_1_0to149,D:\HaitongNi\MEngProject\d3_datasets\AIGVDBench_all_opensource_1000\frames\fake\OpenSource_T2V_Open-Sora__bG8EwSG8Hh4_1_0to149\1.jpg,AI Video,1,16,"[1, 2, 3, 4, 5, 6, 7, 8, 9, 10, 11, 12, 13, 14, 15, 16]",bG8EwSG8Hh4_1_0to149.mp4,OpenSource_T2V_Open-Sora,T2V,F:\MEngDatasets\AIGVDBench\videos\OpenSource\T2V\Open-Sora\videos\bG8EwSG8Hh4_1_0to149.mp4,1,3.596308,-3.596308,1
D:\HaitongNi\MEngProject\d3_datasets\AIGVDBench_all_opensource_1000\frames\fake\OpenSource_I2V_Pyramid-Flow__02M4tj70Ju0_20_0to116,D:\HaitongNi\MEngProject\d3_datasets\AIGVDBench_all_opensource_1000\frames\fake\OpenSource_I2V_Pyramid-Flow__02M4tj70Ju0_20_0to116\1.jpg,AI Video,1,16,"[1, 2, 3, 4, 5, 6, 7, 8, 9, 10, 11, 12, 13, 14, 15, 16]",02M4tj70Ju0_20_0to116.mp4,OpenSource_I2V_Pyramid-Flow,I2V,F:\MEngDatasets\AIGVDBench\videos\OpenSource\I2V\Pyramid-Flow\videos\02M4tj70Ju0_20_0to116.mp4,1,1.6461252,-1.6461252,1
D:\HaitongNi\MEngProject\d3_datasets\AIGVDBench_all_opensource_1000\frames\fake\OpenSource_T2V_RepVideo__Vh2cObLYHJ8_13_0to496,D:\HaitongNi\MEngProject\d3_datasets\AIGVDBench_all_opensource_1000\frames\fake\OpenSource_T2V_RepVideo__Vh2cObLYHJ8_13_0to496\1.jpg,AI Video,1,16,"[1, 2, 3, 4, 5, 6, 7, 8, 9, 10, 11, 12, 13, 14, 15, 16]",Vh2cObLYHJ8_13_0to496.mp4,OpenSource_T2V_RepVideo,T2V,F:\MEngDatasets\AIGVDBench\videos\OpenSource\T2V\RepVideo\videos\Vh2cObLYHJ8_13_0to496.mp4,1,0.9613051,-0.9613051,1
D:\HaitongNi\MEngProject\d3_datasets\AIGVDBench_all_opensource_1000\frames\fake\OpenSource_I2V_SEINE__4cvgTuAaMDM_1_0to181,D:\HaitongNi\MEngProject\d3_datasets\AIGVDBench_all_opensource_1000\frames\fake\OpenSource_I2V_SEINE__4cvgTuAaMDM_1_0to181\1.jpg,AI Video,1,16,"[1, 2, 3, 4, 5, 6, 7, 8, 9, 10, 11, 12, 13, 14, 15, 16]",4cvgTuAaMDM_1_0to181.mp4,OpenSource_I2V_SEINE,I2V,F:\MEngDatasets\AIGVDBench\videos\OpenSource\I2V\SEINE\videos\4cvgTuAaMDM_1_0to181.mp4,1,1.256229,-1.256229,1
D:\HaitongNi\MEngProject\d3_datasets\AIGVDBench_all_opensource_1000\frames\fake\OpenSource_I2V_SVD__90u26k64J9A_14_0to144,D:\HaitongNi\MEngProject\d3_datasets\AIGVDBench_all_opensource_1000\frames\fake\OpenSource_I2V_SVD__90u26k64J9A_14_0to144\1.jpg,AI Video,1,16,"[1, 2, 3, 4, 5, 6, 7, 8, 9, 10, 11, 12, 13, 14, 15, 16]",90u26k64J9A_14_0to144.mp4,OpenSource_I2V_SVD,I2V,F:\MEngDatasets\AIGVDBench\videos\OpenSource\I2V\SVD\videos\90u26k64J9A_14_0to144.mp4,1,1.9311875,-1.9311875,1
D:\HaitongNi\MEngProject\d3_datasets\AIGVDBench_all_opensource_1000\frames\fake\OpenSource_T2V_LTX__02M4tj70Ju0_20_0to116,D:\HaitongNi\MEngProject\d3_datasets\AIGVDBench_all_opensource_1000\frames\fake\OpenSource_T2V_LTX__02M4tj70Ju0_20_0to116\1.jpg,AI Video,1,16,"[1, 2, 3, 4, 5, 6, 7, 8, 9, 10, 11, 12, 13, 14, 15, 16]",02M4tj70Ju0_20_0to116.mp4,OpenSource_T2V_LTX,T2V,F:\MEngDatasets\AIGVDBench\videos\OpenSource\T2V\LTX\videos\02M4tj70Ju0_20_0to116.mp4,1,1.0435456,-1.0435456,1
D:\HaitongNi\MEngProject\d3_datasets\AIGVDBench_all_opensource_1000\frames\fake\OpenSource_I2V_LTX__90u26k64J9A_14_0to144,D:\HaitongNi\MEngProject\d3_datasets\AIGVDBench_all_opensource_1000\frames\fake\OpenSource_I2V_LTX__90u26k64J9A_14_0to144\1.jpg,AI Video,1,16,"[1, 2, 3, 4, 5, 6, 7, 8, 9, 10, 11, 12, 13, 14, 15, 16]",90u26k64J9A_14_0to144.mp4,OpenSource_I2V_LTX,I2V,F:\MEngDatasets\AIGVDBench\videos\OpenSource\I2V\LTX\videos\90u26k64J9A_14_0to144.mp4,1,1.445845,-1.445845,1
D:\HaitongNi\MEngProject\d3_datasets\AIGVDBench_all_opensource_1000\frames\fake\OpenSource_I2V_SVD__Vh2cObLYHJ8_13_0to496,D:\HaitongNi\MEngProject\d3_datasets\AIGVDBench_all_opensource_1000\frames\fake\OpenSource_I2V_SVD__Vh2cObLYHJ8_13_0to496\1.jpg,AI Video,1,16,"[1, 2, 3, 4, 5, 6, 7, 8, 9, 10, 11, 12, 13, 14, 15, 16]",Vh2cObLYHJ8_13_0to496.mp4,OpenSource_I2V_SVD,I2V,F:\MEngDatasets\AIGVDBench\videos\OpenSource\I2V\SVD\videos\Vh2cObLYHJ8_13_0to496.mp4,1,3.096051,-3.096051,1
D:\HaitongNi\MEngProject\d3_datasets\AIGVDBench_all_opensource_1000\frames\fake\OpenSource_T2V_AnimateDiff__90u26k64J9A_14_0to144,D:\HaitongNi\MEngProject\d3_datasets\AIGVDBench_all_opensource_1000\frames\fake\OpenSource_T2V_AnimateDiff__90u26k64J9A_14_0to144\1.jpg,AI Video,1,16,"[1, 2, 3, 4, 5, 6, 7, 8, 9, 10, 11, 12, 13, 14, 15, 16]",90u26k64J9A_14_0to144.mp4,OpenSource_T2V_AnimateDiff,T2V,F:\MEngDatasets\AIGVDBench\videos\OpenSource\T2V\AnimateDiff\home\lma\Benchmark\bench\opensource\T2V\AnimateDiff\videos\90u26k64J9A_14_0to144.mp4,1,0.48929784,-0.48929784,1
D:\HaitongNi\MEngProject\d3_datasets\AIGVDBench_all_opensource_1000\frames\fake\OpenSource_T2V_AccVideo__bG8EwSG8Hh4_1_0to149,D:\HaitongNi\MEngProject\d3_datasets\AIGVDBench_all_opensource_1000\frames\fake\OpenSource_T2V_AccVideo__bG8EwSG8Hh4_1_0to149\1.jpg,AI Video,1,16,"[1, 2, 3, 4, 5, 6, 7, 8, 9, 10, 11, 12, 13, 14, 15, 16]",bG8EwSG8Hh4_1_0to149.mp4,OpenSource_T2V_AccVideo,T2V,F:\MEngDatasets\AIGVDBench\videos\OpenSource\T2V\AccVideo\videos\bG8EwSG8Hh4_1_0to149.mp4,1,0.9681318,-0.9681318,1
D:\HaitongNi\MEngProject\d3_datasets\AIGVDBench_all_opensource_1000\frames\fake\OpenSource_T2V_Pyramid-Flow__gcgj6G8r-IQ_28_24to180,D:\HaitongNi\MEngProject\d3_datasets\AIGVDBench_all_opensource_1000\frames\fake\OpenSource_T2V_Pyramid-Flow__gcgj6G8r-IQ_28_24to180\1.jpg,AI Video,1,16,"[1, 2, 3, 4, 5, 6, 7, 8, 9, 10, 11, 12, 13, 14, 15, 16]",gcgj6G8r-IQ_28_24to180.mp4,OpenSource_T2V_Pyramid-Flow,T2V,F:\MEngDatasets\AIGVDBench\videos\OpenSource\T2V\Pyramid-Flow\videos\gcgj6G8r-IQ_28_24to180.mp4,1,6.1191926,-6.1191926,0
D:\HaitongNi\MEngProject\d3_datasets\AIGVDBench_all_opensource_1000\frames\fake\OpenSource_I2V_LTX__xPcAfdYCj5k_136_0to424,D:\HaitongNi\MEngProject\d3_datasets\AIGVDBench_all_opensource_1000\frames\fake\OpenSource_I2V_LTX__xPcAfdYCj5k_136_0to424\1.jpg,AI Video,1,16,"[1, 2, 3, 4, 5, 6, 7, 8, 9, 10, 11, 12, 13, 14, 15, 16]",xPcAfdYCj5k_136_0to424.mp4,OpenSource_I2V_LTX,I2V,F:\MEngDatasets\AIGVDBench\videos\OpenSource\I2V\LTX\videos\xPcAfdYCj5k_136_0to424.mp4,1,3.4028041,-3.4028041,1
D:\HaitongNi\MEngProject\d3_datasets\AIGVDBench_all_opensource_1000\frames\fake\OpenSource_I2V_SEINE__eENFTG4UQsI_3_337to522,D:\HaitongNi\MEngProject\d3_datasets\AIGVDBench_all_opensource_1000\frames\fake\OpenSource_I2V_SEINE__eENFTG4UQsI_3_337to522\1.jpg,AI Video,1,16,"[1, 2, 3, 4, 5, 6, 7, 8, 9, 10, 11, 12, 13, 14, 15, 16]",eENFTG4UQsI_3_337to522.mp4,OpenSource_I2V_SEINE,I2V,F:\MEngDatasets\AIGVDBench\videos\OpenSource\I2V\SEINE\videos\eENFTG4UQsI_3_337to522.mp4,1,1.4709065,-1.4709065,1
D:\HaitongNi\MEngProject\d3_datasets\AIGVDBench_all_opensource_1000\frames\fake\OpenSource_T2V_EasyAnimate__gcgj6G8r-IQ_28_24to180,D:\HaitongNi\MEngProject\d3_datasets\AIGVDBench_all_opensource_1000\frames\fake\OpenSource_T2V_EasyAnimate__gcgj6G8r-IQ_28_24to180\1.jpg,AI Video,1,16,"[1, 2, 3, 4, 5, 6, 7, 8, 9, 10, 11, 12, 13, 14, 15, 16]",gcgj6G8r-IQ_28_24to180.mp4,OpenSource_T2V_EasyAnimate,T2V,F:\MEngDatasets\AIGVDBench\videos\OpenSource\T2V\EasyAnimate\videos\gcgj6G8r-IQ_28_24to180.mp4,1,1.5792161,-1.5792161,1
D:\HaitongNi\MEngProject\d3_datasets\AIGVDBench_all_opensource_1000\frames\fake\OpenSource_T2V_AccVideo__o82SKvbybvY_14_104to700,D:\HaitongNi\MEngProject\d3_datasets\AIGVDBench_all_opensource_1000\frames\fake\OpenSource_T2V_AccVideo__o82SKvbybvY_14_104to700\1.jpg,AI Video,1,16,"[1, 2, 3, 4, 5, 6, 7, 8, 9, 10, 11, 12, 13, 14, 15, 16]",o82SKvbybvY_14_104to700.mp4,OpenSource_T2V_AccVideo,T2V,F:\MEngDatasets\AIGVDBench\videos\OpenSource\T2V\AccVideo\videos\o82SKvbybvY_14_104to700.mp4,1,2.305692,-2.305692,1
D:\HaitongNi\MEngProject\d3_datasets\AIGVDBench_all_opensource_1000\frames\fake\OpenSource_I2V_SEINE__y3vyO-025CI_3_0to339,D:\HaitongNi\MEngProject\d3_datasets\AIGVDBench_all_opensource_1000\frames\fake\OpenSource_I2V_SEINE__y3vyO-025CI_3_0to339\1.jpg,AI Video,1,16,"[1, 2, 3, 4, 5, 6, 7, 8, 9, 10, 11, 12, 13, 14, 15, 16]",y3vyO-025CI_3_0to339.mp4,OpenSource_I2V_SEINE,I2V,F:\MEngDatasets\AIGVDBench\videos\OpenSource\I2V\SEINE\videos\y3vyO-025CI_3_0to339.mp4,1,1.6125444,-1.6125444,1
D:\HaitongNi\MEngProject\d3_datasets\AIGVDBench_all_opensource_1000\frames\fake\OpenSource_T2V_AnimateDiff__Vh2cObLYHJ8_13_0to496,D:\HaitongNi\MEngProject\d3_datasets\AIGVDBench_all_opensource_1000\frames\fake\OpenSource_T2V_AnimateDiff__Vh2cObLYHJ8_13_0to496\1.jpg,AI Video,1,16,"[1, 2, 3, 4, 5, 6, 7, 8, 9, 10, 11, 12, 13, 14, 15, 16]",Vh2cObLYHJ8_13_0to496.mp4,OpenSource_T2V_AnimateDiff,T2V,F:\MEngDatasets\AIGVDBench\videos\OpenSource\T2V\AnimateDiff\home\lma\Benchmark\bench\opensource\T2V\AnimateDiff\videos\Vh2cObLYHJ8_13_0to496.mp4,1,1.9837244,-1.9837244,1
D:\HaitongNi\MEngProject\d3_datasets\AIGVDBench_all_opensource_1000\frames\fake\OpenSource_I2V_LTX__QRYsvqSzYuE_43_455to1014,D:\HaitongNi\MEngProject\d3_datasets\AIGVDBench_all_opensource_1000\frames\fake\OpenSource_I2V_LTX__QRYsvqSzYuE_43_455to1014\1.jpg,AI Video,1,16,"[1, 2, 3, 4, 5, 6, 7, 8, 9, 10, 11, 12, 13, 14, 15, 16]",QRYsvqSzYuE_43_455to1014.mp4,OpenSource_I2V_LTX,I2V,F:\MEngDatasets\AIGVDBench\videos\OpenSource\I2V\LTX\videos\QRYsvqSzYuE_43_455to1014.mp4,1,2.0944376,-2.0944376,1
D:\HaitongNi\MEngProject\d3_datasets\AIGVDBench_all_opensource_1000\frames\fake\OpenSource_V2V_LTX__QRYsvqSzYuE_43_455to1014,D:\HaitongNi\MEngProject\d3_datasets\AIGVDBench_all_opensource_1000\frames\fake\OpenSource_V2V_LTX__QRYsvqSzYuE_43_455to1014\1.jpg,AI Video,1,16,"[1, 2, 3, 4, 5, 6, 7, 8, 9, 10, 11, 12, 13, 14, 15, 16]",QRYsvqSzYuE_43_455to1014.mp4,OpenSource_V2V_LTX,V2V,F:\MEngDatasets\AIGVDBench\videos\OpenSource\V2V\LTX\videos\QRYsvqSzYuE_43_455to1014.mp4,1,1.5790524,-1.5790524,1
D:\HaitongNi\MEngProject\d3_datasets\AIGVDBench_all_opensource_1000\frames\fake\OpenSource_T2V_Cogvideox1.5__y3vyO-025CI_3_0to339,D:\HaitongNi\MEngProject\d3_datasets\AIGVDBench_all_opensource_1000\frames\fake\OpenSource_T2V_Cogvideox1.5__y3vyO-025CI_3_0to339\1.jpg,AI Video,1,16,"[1, 2, 3, 4, 5, 6, 7, 8, 9, 10, 11, 12, 13, 14, 15, 16]",y3vyO-025CI_3_0to339.mp4,OpenSource_T2V_Cogvideox1.5,T2V,F:\MEngDatasets\AIGVDBench\videos\OpenSource\T2V\Cogvideox1.5\videos\y3vyO-025CI_3_0to339.mp4,1,1.243541,-1.243541,1
D:\HaitongNi\MEngProject\d3_datasets\AIGVDBench_all_opensource_1000\frames\fake\OpenSource_T2V_HunyuanVideo__4cvgTuAaMDM_1_0to181,D:\HaitongNi\MEngProject\d3_datasets\AIGVDBench_all_opensource_1000\frames\fake\OpenSource_T2V_HunyuanVideo__4cvgTuAaMDM_1_0to181\1.jpg,AI Video,1,16,"[1, 2, 3, 4, 5, 6, 7, 8, 9, 10, 11, 12, 13, 14, 15, 16]",4cvgTuAaMDM_1_0to181.mp4,OpenSource_T2V_HunyuanVideo,T2V,F:\MEngDatasets\AIGVDBench\videos\OpenSource\T2V\HunyuanVideo\videos\4cvgTuAaMDM_1_0to181.mp4,1,1.5441887,-1.5441887,1
D:\HaitongNi\MEngProject\d3_datasets\AIGVDBench_all_opensource_1000\frames\fake\OpenSource_I2V_EasyAnimate__EHRI1gr4zik_3_323to481,D:\HaitongNi\MEngProject\d3_datasets\AIGVDBench_all_opensource_1000\frames\fake\OpenSource_I2V_EasyAnimate__EHRI1gr4zik_3_323to481\1.jpg,AI Video,1,16,"[1, 2, 3, 4, 5, 6, 7, 8, 9, 10, 11, 12, 13, 14, 15, 16]",EHRI1gr4zik_3_323to481.mp4,OpenSource_I2V_EasyAnimate,I2V,F:\MEngDatasets\AIGVDBench\videos\OpenSource\I2V\EasyAnimate\videos\EHRI1gr4zik_3_323to481.mp4,1,2.0119548,-2.0119548,1
D:\HaitongNi\MEngProject\d3_datasets\AIGVDBench_all_opensource_1000\frames\fake\OpenSource_T2V_IPOC__bG8EwSG8Hh4_1_0to149,D:\HaitongNi\MEngProject\d3_datasets\AIGVDBench_all_opensource_1000\frames\fake\OpenSource_T2V_IPOC__bG8EwSG8Hh4_1_0to149\1.jpg,AI Video,1,16,"[1, 2, 3, 4, 5, 6, 7, 8, 9, 10, 11, 12, 13, 14, 15, 16]",bG8EwSG8Hh4_1_0to149.mp4,OpenSource_T2V_IPOC,T2V,F:\MEngDatasets\AIGVDBench\videos\OpenSource\T2V\IPOC\videos\bG8EwSG8Hh4_1_0to149.mp4,1,6.4219923,-6.4219923,0
D:\HaitongNi\MEngProject\d3_datasets\AIGVDBench_all_opensource_1000\frames\fake\OpenSource_T2V_HunyuanVideo__y3vyO-025CI_3_0to339,D:\HaitongNi\MEngProject\d3_datasets\AIGVDBench_all_opensource_1000\frames\fake\OpenSource_T2V_HunyuanVideo__y3vyO-025CI_3_0to339\1.jpg,AI Video,1,16,"[1, 2, 3, 4, 5, 6, 7, 8, 9, 10, 11, 12, 13, 14, 15, 16]",y3vyO-025CI_3_0to339.mp4,OpenSource_T2V_HunyuanVideo,T2V,F:\MEngDatasets\AIGVDBench\videos\OpenSource\T2V\HunyuanVideo\videos\y3vyO-025CI_3_0to339.mp4,1,0.46940964,-0.46940964,1
D:\HaitongNi\MEngProject\d3_datasets\AIGVDBench_all_opensource_1000\frames\fake\OpenSource_T2V_Open-Sora__HlRfdCWGMzI_22_114to219,D:\HaitongNi\MEngProject\d3_datasets\AIGVDBench_all_opensource_1000\frames\fake\OpenSource_T2V_Open-Sora__HlRfdCWGMzI_22_114to219\1.jpg,AI Video,1,16,"[1, 2, 3, 4, 5, 6, 7, 8, 9, 10, 11, 12, 13, 14, 15, 16]",HlRfdCWGMzI_22_114to219.mp4,OpenSource_T2V_Open-Sora,T2V,F:\MEngDatasets\AIGVDBench\videos\OpenSource\T2V\Open-Sora\videos\HlRfdCWGMzI_22_114to219.mp4,1,1.4678197,-1.4678197,1
D:\HaitongNi\MEngProject\d3_datasets\AIGVDBench_all_opensource_1000\frames\fake\OpenSource_T2V_Cogvideox1.5__gcgj6G8r-IQ_28_24to180,D:\HaitongNi\MEngProject\d3_datasets\AIGVDBench_all_opensource_1000\frames\fake\OpenSource_T2V_Cogvideox1.5__gcgj6G8r-IQ_28_24to180\1.jpg,AI Video,1,16,"[1, 2, 3, 4, 5, 6, 7, 8, 9, 10, 11, 12, 13, 14, 15, 16]",gcgj6G8r-IQ_28_24to180.mp4,OpenSource_T2V_Cogvideox1.5,T2V,F:\MEngDatasets\AIGVDBench\videos\OpenSource\T2V\Cogvideox1.5\videos\gcgj6G8r-IQ_28_24to180.mp4,1,6.8706903,-6.8706903,0
D:\HaitongNi\MEngProject\d3_datasets\AIGVDBench_all_opensource_1000\frames\fake\OpenSource_T2V_Wan2.1__0BPQnk47p6M_2_55to191,D:\HaitongNi\MEngProject\d3_datasets\AIGVDBench_all_opensource_1000\frames\fake\OpenSource_T2V_Wan2.1__0BPQnk47p6M_2_55to191\1.jpg,AI Video,1,16,"[1, 2, 3, 4, 5, 6, 7, 8, 9, 10, 11, 12, 13, 14, 15, 16]",0BPQnk47p6M_2_55to191.mp4,OpenSource_T2V_Wan2.1,T2V,F:\MEngDatasets\AIGVDBench\videos\OpenSource\T2V\Wan2.1\videos\0BPQnk47p6M_2_55to191.mp4,1,3.1196954,-3.1196954,1
D:\HaitongNi\MEngProject\d3_datasets\AIGVDBench_all_opensource_1000\frames\fake\OpenSource_I2V_VideoCrafter__smJlYSVS9Ds_340_112to226,D:\HaitongNi\MEngProject\d3_datasets\AIGVDBench_all_opensource_1000\frames\fake\OpenSource_I2V_VideoCrafter__smJlYSVS9Ds_340_112to226\1.jpg,AI Video,1,16,"[1, 2, 3, 4, 5, 6, 7, 8, 9, 10, 11, 12, 13, 14, 15, 16]",smJlYSVS9Ds_340_112to226.mp4,OpenSource_I2V_VideoCrafter,I2V,F:\MEngDatasets\AIGVDBench\videos\OpenSource\I2V\VideoCrafter\videos\smJlYSVS9Ds_340_112to226.mp4,1,1.8226218,-1.8226218,1
D:\HaitongNi\MEngProject\d3_datasets\AIGVDBench_all_opensource_1000\frames\fake\OpenSource_I2V_VideoCrafter__vUVwNN47Uv0_7_1227to1461,D:\HaitongNi\MEngProject\d3_datasets\AIGVDBench_all_opensource_1000\frames\fake\OpenSource_I2V_VideoCrafter__vUVwNN47Uv0_7_1227to1461\1.jpg,AI Video,1,16,"[1, 2, 3, 4, 5, 6, 7, 8, 9, 10, 11, 12, 13, 14, 15, 16]",vUVwNN47Uv0_7_1227to1461.mp4,OpenSource_I2V_VideoCrafter,I2V,F:\MEngDatasets\AIGVDBench\videos\OpenSource\I2V\VideoCrafter\videos\vUVwNN47Uv0_7_1227to1461.mp4,1,3.536366,-3.536366,1
D:\HaitongNi\MEngProject\d3_datasets\AIGVDBench_all_opensource_1000\frames\fake\OpenSource_I2V_Pyramid-Flow__Vh2cObLYHJ8_13_0to496,D:\HaitongNi\MEngProject\d3_datasets\AIGVDBench_all_opensource_1000\frames\fake\OpenSource_I2V_Pyramid-Flow__Vh2cObLYHJ8_13_0to496\1.jpg,AI Video,1,16,"[1, 2, 3, 4, 5, 6, 7, 8, 9, 10, 11, 12, 13, 14, 15, 16]",Vh2cObLYHJ8_13_0to496.mp4,OpenSource_I2V_Pyramid-Flow,I2V,F:\MEngDatasets\AIGVDBench\videos\OpenSource\I2V\Pyramid-Flow\videos\Vh2cObLYHJ8_13_0to496.mp4,1,3.5234253,-3.5234253,1
D:\HaitongNi\MEngProject\d3_datasets\AIGVDBench_all_opensource_1000\frames\fake\OpenSource_V2V_Cogvideox1.5__W5R52mgaBgk_13_85to215,D:\HaitongNi\MEngProject\d3_datasets\AIGVDBench_all_opensource_1000\frames\fake\OpenSource_V2V_Cogvideox1.5__W5R52mgaBgk_13_85to215\1.jpg,AI Video,1,16,"[1, 2, 3, 4, 5, 6, 7, 8, 9, 10, 11, 12, 13, 14, 15, 16]",W5R52mgaBgk_13_85to215.mp4,OpenSource_V2V_Cogvideox1.5,V2V,F:\MEngDatasets\AIGVDBench\videos\OpenSource\V2V\Cogvideox1.5\videos\W5R52mgaBgk_13_85to215.mp4,1,1.8894392,-1.8894392,1
D:\HaitongNi\MEngProject\d3_datasets\AIGVDBench_all_opensource_1000\frames\fake\OpenSource_T2V_VideoCrafter__90u26k64J9A_14_0to144,D:\HaitongNi\MEngProject\d3_datasets\AIGVDBench_all_opensource_1000\frames\fake\OpenSource_T2V_VideoCrafter__90u26k64J9A_14_0to144\1.jpg,AI Video,1,16,"[1, 2, 3, 4, 5, 6, 7, 8, 9, 10, 11, 12, 13, 14, 15, 16]",90u26k64J9A_14_0to144.mp4,OpenSource_T2V_VideoCrafter,T2V,F:\MEngDatasets\AIGVDBench\videos\OpenSource\T2V\VideoCrafter\videos\90u26k64J9A_14_0to144.mp4,1,0.54430705,-0.54430705,1
D:\HaitongNi\MEngProject\d3_datasets\AIGVDBench_all_opensource_1000\frames\fake\OpenSource_I2V_LTX__4cvgTuAaMDM_1_0to181,D:\HaitongNi\MEngProject\d3_datasets\AIGVDBench_all_opensource_1000\frames\fake\OpenSource_I2V_LTX__4cvgTuAaMDM_1_0to181\1.jpg,AI Video,1,16,"[1, 2, 3, 4, 5, 6, 7, 8, 9, 10, 11, 12, 13, 14, 15, 16]",4cvgTuAaMDM_1_0to181.mp4,OpenSource_I2V_LTX,I2V,F:\MEngDatasets\AIGVDBench\videos\OpenSource\I2V\LTX\videos\4cvgTuAaMDM_1_0to181.mp4,1,1.2051543,-1.2051543,1
D:\HaitongNi\MEngProject\d3_datasets\AIGVDBench_all_opensource_1000\frames\fake\OpenSource_T2V_LTX__QRYsvqSzYuE_43_455to1014,D:\HaitongNi\MEngProject\d3_datasets\AIGVDBench_all_opensource_1000\frames\fake\OpenSource_T2V_LTX__QRYsvqSzYuE_43_455to1014\1.jpg,AI Video,1,16,"[1, 2, 3, 4, 5, 6, 7, 8, 9, 10, 11, 12, 13, 14, 15, 16]",QRYsvqSzYuE_43_455to1014.mp4,OpenSource_T2V_LTX,T2V,F:\MEngDatasets\AIGVDBench\videos\OpenSource\T2V\LTX\videos\QRYsvqSzYuE_43_455to1014.mp4,1,3.7849953,-3.7849953,1
D:\HaitongNi\MEngProject\d3_datasets\AIGVDBench_all_opensource_1000\frames\fake\OpenSource_V2V_LTX__smJlYSVS9Ds_340_112to226,D:\HaitongNi\MEngProject\d3_datasets\AIGVDBench_all_opensource_1000\frames\fake\OpenSource_V2V_LTX__smJlYSVS9Ds_340_112to226\1.jpg,AI Video,1,16,"[1, 2, 3, 4, 5, 6, 7, 8, 9, 10, 11, 12, 13, 14, 15, 16]",smJlYSVS9Ds_340_112to226.mp4,OpenSource_V2V_LTX,V2V,F:\MEngDatasets\AIGVDBench\videos\OpenSource\V2V\LTX\videos\smJlYSVS9Ds_340_112to226.mp4,1,2.0079644,-2.0079644,1
D:\HaitongNi\MEngProject\d3_datasets\AIGVDBench_all_opensource_1000\frames\fake\OpenSource_T2V_LTX__gcgj6G8r-IQ_28_24to180,D:\HaitongNi\MEngProject\d3_datasets\AIGVDBench_all_opensource_1000\frames\fake\OpenSource_T2V_LTX__gcgj6G8r-IQ_28_24to180\1.jpg,AI Video,1,16,"[1, 2, 3, 4, 5, 6, 7, 8, 9, 10, 11, 12, 13, 14, 15, 16]",gcgj6G8r-IQ_28_24to180.mp4,OpenSource_T2V_LTX,T2V,F:\MEngDatasets\AIGVDBench\videos\OpenSource\T2V\LTX\videos\gcgj6G8r-IQ_28_24to180.mp4,1,3.137668,-3.137668,1
D:\HaitongNi\MEngProject\d3_datasets\AIGVDBench_all_opensource_1000\frames\fake\OpenSource_V2V_LTX__4cvgTuAaMDM_1_0to181,D:\HaitongNi\MEngProject\d3_datasets\AIGVDBench_all_opensource_1000\frames\fake\OpenSource_V2V_LTX__4cvgTuAaMDM_1_0to181\1.jpg,AI Video,1,16,"[1, 2, 3, 4, 5, 6, 7, 8, 9, 10, 11, 12, 13, 14, 15, 16]",4cvgTuAaMDM_1_0to181.mp4,OpenSource_V2V_LTX,V2V,F:\MEngDatasets\AIGVDBench\videos\OpenSource\V2V\LTX\videos\4cvgTuAaMDM_1_0to181.mp4,1,1.6812614,-1.6812614,1
D:\HaitongNi\MEngProject\d3_datasets\AIGVDBench_all_opensource_1000\frames\fake\OpenSource_I2V_LTX__W5R52mgaBgk_13_85to215,D:\HaitongNi\MEngProject\d3_datasets\AIGVDBench_all_opensource_1000\frames\fake\OpenSource_I2V_LTX__W5R52mgaBgk_13_85to215\1.jpg,AI Video,1,16,"[1, 2, 3, 4, 5, 6, 7, 8, 9, 10, 11, 12, 13, 14, 15, 16]",W5R52mgaBgk_13_85to215.mp4,OpenSource_I2V_LTX,I2V,F:\MEngDatasets\AIGVDBench\videos\OpenSource\I2V\LTX\videos\W5R52mgaBgk_13_85to215.mp4,1,2.737617,-2.737617,1
D:\HaitongNi\MEngProject\d3_datasets\AIGVDBench_all_opensource_1000\frames\fake\OpenSource_T2V_RepVideo__90u26k64J9A_14_0to144,D:\HaitongNi\MEngProject\d3_datasets\AIGVDBench_all_opensource_1000\frames\fake\OpenSource_T2V_RepVideo__90u26k64J9A_14_0to144\1.jpg,AI Video,1,16,"[1, 2, 3, 4, 5, 6, 7, 8, 9, 10, 11, 12, 13, 14, 15, 16]",90u26k64J9A_14_0to144.mp4,OpenSource_T2V_RepVideo,T2V,F:\MEngDatasets\AIGVDBench\videos\OpenSource\T2V\RepVideo\videos\90u26k64J9A_14_0to144.mp4,1,0.49354324,-0.49354324,1
D:\HaitongNi\MEngProject\d3_datasets\AIGVDBench_all_opensource_1000\frames\fake\OpenSource_T2V_Cogvideox1.5__nhskgJQ5XMU_202_0to114,D:\HaitongNi\MEngProject\d3_datasets\AIGVDBench_all_opensource_1000\frames\fake\OpenSource_T2V_Cogvideox1.5__nhskgJQ5XMU_202_0to114\1.jpg,AI Video,1,16,"[1, 2, 3, 4, 5, 6, 7, 8, 9, 10, 11, 12, 13, 14, 15, 16]",nhskgJQ5XMU_202_0to114.mp4,OpenSource_T2V_Cogvideox1.5,T2V,F:\MEngDatasets\AIGVDBench\videos\OpenSource\T2V\Cogvideox1.5\videos\nhskgJQ5XMU_202_0to114.mp4,1,4.7909627,-4.7909627,1
D:\HaitongNi\MEngProject\d3_datasets\AIGVDBench_all_opensource_1000\frames\fake\OpenSource_I2V_Pyramid-Flow__W5R52mgaBgk_13_85to215,D:\HaitongNi\MEngProject\d3_datasets\AIGVDBench_all_opensource_1000\frames\fake\OpenSource_I2V_Pyramid-Flow__W5R52mgaBgk_13_85to215\1.jpg,AI Video,1,16,"[1, 2, 3, 4, 5, 6, 7, 8, 9, 10, 11, 12, 13, 14, 15, 16]",W5R52mgaBgk_13_85to215.mp4,OpenSource_I2V_Pyramid-Flow,I2V,F:\MEngDatasets\AIGVDBench\videos\OpenSource\I2V\Pyramid-Flow\videos\W5R52mgaBgk_13_85to215.mp4,1,1.4024576,-1.4024576,1
D:\HaitongNi\MEngProject\d3_datasets\AIGVDBench_all_opensource_1000\frames\fake\OpenSource_I2V_SEINE__7TCW9wOxAWk_48_0to214,D:\HaitongNi\MEngProject\d3_datasets\AIGVDBench_all_opensource_1000\frames\fake\OpenSource_I2V_SEINE__7TCW9wOxAWk_48_0to214\1.jpg,AI Video,1,16,"[1, 2, 3, 4, 5, 6, 7, 8, 9, 10, 11, 12, 13, 14, 15, 16]",7TCW9wOxAWk_48_0to214.mp4,OpenSource_I2V_SEINE,I2V,F:\MEngDatasets\AIGVDBench\videos\OpenSource\I2V\SEINE\videos\7TCW9wOxAWk_48_0to214.mp4,1,1.2021075,-1.2021075,1
D:\HaitongNi\MEngProject\d3_datasets\AIGVDBench_all_opensource_1000\frames\fake\OpenSource_T2V_Pyramid-Flow__90u26k64J9A_14_0to144,D:\HaitongNi\MEngProject\d3_datasets\AIGVDBench_all_opensource_1000\frames\fake\OpenSource_T2V_Pyramid-Flow__90u26k64J9A_14_0to144\1.jpg,AI Video,1,16,"[1, 2, 3, 4, 5, 6, 7, 8, 9, 10, 11, 12, 13, 14, 15, 16]",90u26k64J9A_14_0to144.mp4,OpenSource_T2V_Pyramid-Flow,T2V,F:\MEngDatasets\AIGVDBench\videos\OpenSource\T2V\Pyramid-Flow\videos\90u26k64J9A_14_0to144.mp4,1,1.0408546,-1.0408546,1
D:\HaitongNi\MEngProject\d3_datasets\AIGVDBench_all_opensource_1000\frames\fake\OpenSource_T2V_LTX__NWYRv_MKaA8_10_24to132,D:\HaitongNi\MEngProject\d3_datasets\AIGVDBench_all_opensource_1000\frames\fake\OpenSource_T2V_LTX__NWYRv_MKaA8_10_24to132\1.jpg,AI Video,1,16,"[1, 2, 3, 4, 5, 6, 7, 8, 9, 10, 11, 12, 13, 14, 15, 16]",NWYRv_MKaA8_10_24to132.mp4,OpenSource_T2V_LTX,T2V,F:\MEngDatasets\AIGVDBench\videos\OpenSource\T2V\LTX\videos\NWYRv_MKaA8_10_24to132.mp4,1,2.3752732,-2.3752732,1
D:\HaitongNi\MEngProject\d3_datasets\AIGVDBench_all_opensource_1000\frames\fake\OpenSource_I2V_SEINE__jet4_Hc5j8I_13_0to109,D:\HaitongNi\MEngProject\d3_datasets\AIGVDBench_all_opensource_1000\frames\fake\OpenSource_I2V_SEINE__jet4_Hc5j8I_13_0to109\1.jpg,AI Video,1,16,"[1, 2, 3, 4, 5, 6, 7, 8, 9, 10, 11, 12, 13, 14, 15, 16]",jet4_Hc5j8I_13_0to109.mp4,OpenSource_I2V_SEINE,I2V,F:\MEngDatasets\AIGVDBench\videos\OpenSource\I2V\SEINE\videos\jet4_Hc5j8I_13_0to109.mp4,1,1.3280573,-1.3280573,1
D:\HaitongNi\MEngProject\d3_datasets\AIGVDBench_all_opensource_1000\frames\fake\OpenSource_T2V_Open-Sora__jet4_Hc5j8I_13_0to109,D:\HaitongNi\MEngProject\d3_datasets\AIGVDBench_all_opensource_1000\frames\fake\OpenSource_T2V_Open-Sora__jet4_Hc5j8I_13_0to109\1.jpg,AI Video,1,16,"[1, 2, 3, 4, 5, 6, 7, 8, 9, 10, 11, 12, 13, 14, 15, 16]",jet4_Hc5j8I_13_0to109.mp4,OpenSource_T2V_Open-Sora,T2V,F:\MEngDatasets\AIGVDBench\videos\OpenSource\T2V\Open-Sora\videos\jet4_Hc5j8I_13_0to109.mp4,1,1.11573,-1.11573,1
D:\HaitongNi\MEngProject\d3_datasets\AIGVDBench_all_opensource_1000\frames\fake\OpenSource_V2V_LTX__02M4tj70Ju0_20_0to116,D:\HaitongNi\MEngProject\d3_datasets\AIGVDBench_all_opensource_1000\frames\fake\OpenSource_V2V_LTX__02M4tj70Ju0_20_0to116\1.jpg,AI Video,1,16,"[1, 2, 3, 4, 5, 6, 7, 8, 9, 10, 11, 12, 13, 14, 15, 16]",02M4tj70Ju0_20_0to116.mp4,OpenSource_V2V_LTX,V2V,F:\MEngDatasets\AIGVDBench\videos\OpenSource\V2V\LTX\videos\02M4tj70Ju0_20_0to116.mp4,1,2.3509033,-2.3509033,1
D:\HaitongNi\MEngProject\d3_datasets\AIGVDBench_all_opensource_1000\frames\fake\OpenSource_I2V_LTX__Vh2cObLYHJ8_13_0to496,D:\HaitongNi\MEngProject\d3_datasets\AIGVDBench_all_opensource_1000\frames\fake\OpenSource_I2V_LTX__Vh2cObLYHJ8_13_0to496\1.jpg,AI Video,1,16,"[1, 2, 3, 4, 5, 6, 7, 8, 9, 10, 11, 12, 13, 14, 15, 16]",Vh2cObLYHJ8_13_0to496.mp4,OpenSource_I2V_LTX,I2V,F:\MEngDatasets\AIGVDBench\videos\OpenSource\I2V\LTX\videos\Vh2cObLYHJ8_13_0to496.mp4,1,3.2279012,-3.2279012,1
D:\HaitongNi\MEngProject\d3_datasets\AIGVDBench_all_opensource_1000\frames\fake\OpenSource_T2V_Cogvideox1.5__50KDhKUOrqI_57_294to582,D:\HaitongNi\MEngProject\d3_datasets\AIGVDBench_all_opensource_1000\frames\fake\OpenSource_T2V_Cogvideox1.5__50KDhKUOrqI_57_294to582\1.jpg,AI Video,1,16,"[1, 2, 3, 4, 5, 6, 7, 8, 9, 10, 11, 12, 13, 14, 15, 16]",50KDhKUOrqI_57_294to582.mp4,OpenSource_T2V_Cogvideox1.5,T2V,F:\MEngDatasets\AIGVDBench\videos\OpenSource\T2V\Cogvideox1.5\videos\50KDhKUOrqI_57_294to582.mp4,1,4.4917684,-4.4917684,1
D:\HaitongNi\MEngProject\d3_datasets\AIGVDBench_all_opensource_1000\frames\fake\OpenSource_T2V_RepVideo__xPcAfdYCj5k_136_0to424,D:\HaitongNi\MEngProject\d3_datasets\AIGVDBench_all_opensource_1000\frames\fake\OpenSource_T2V_RepVideo__xPcAfdYCj5k_136_0to424\1.jpg,AI Video,1,16,"[1, 2, 3, 4, 5, 6, 7, 8, 9, 10, 11, 12, 13, 14, 15, 16]",xPcAfdYCj5k_136_0to424.mp4,OpenSource_T2V_RepVideo,T2V,F:\MEngDatasets\AIGVDBench\videos\OpenSource\T2V\RepVideo\videos\xPcAfdYCj5k_136_0to424.mp4,1,2.558217,-2.558217,1
D:\HaitongNi\MEngProject\d3_datasets\AIGVDBench_all_opensource_1000\frames\fake\OpenSource_T2V_VideoCrafter__y3vyO-025CI_3_0to339,D:\HaitongNi\MEngProject\d3_datasets\AIGVDBench_all_opensource_1000\frames\fake\OpenSource_T2V_VideoCrafter__y3vyO-025CI_3_0to339\1.jpg,AI Video,1,16,"[1, 2, 3, 4, 5, 6, 7, 8, 9, 10, 11, 12, 13, 14, 15, 16]",y3vyO-025CI_3_0to339.mp4,OpenSource_T2V_VideoCrafter,T2V,F:\MEngDatasets\AIGVDBench\videos\OpenSource\T2V\VideoCrafter\videos\y3vyO-025CI_3_0to339.mp4,1,0.6912445,-0.6912445,1
D:\HaitongNi\MEngProject\d3_datasets\AIGVDBench_all_opensource_1000\frames\fake\OpenSource_T2V_LTX__smJlYSVS9Ds_340_112to226,D:\HaitongNi\MEngProject\d3_datasets\AIGVDBench_all_opensource_1000\frames\fake\OpenSource_T2V_LTX__smJlYSVS9Ds_340_112to226\1.jpg,AI Video,1,16,"[1, 2, 3, 4, 5, 6, 7, 8, 9, 10, 11, 12, 13, 14, 15, 16]",smJlYSVS9Ds_340_112to226.mp4,OpenSource_T2V_LTX,T2V,F:\MEngDatasets\AIGVDBench\videos\OpenSource\T2V\LTX\videos\smJlYSVS9Ds_340_112to226.mp4,1,5.1298313,-5.1298313,1
D:\HaitongNi\MEngProject\d3_datasets\AIGVDBench_all_opensource_1000\frames\fake\OpenSource_T2V_LTX__EHRI1gr4zik_3_323to481,D:\HaitongNi\MEngProject\d3_datasets\AIGVDBench_all_opensource_1000\frames\fake\OpenSource_T2V_LTX__EHRI1gr4zik_3_323to481\1.jpg,AI Video,1,16,"[1, 2, 3, 4, 5, 6, 7, 8, 9, 10, 11, 12, 13, 14, 15, 16]",EHRI1gr4zik_3_323to481.mp4,OpenSource_T2V_LTX,T2V,F:\MEngDatasets\AIGVDBench\videos\OpenSource\T2V\LTX\videos\EHRI1gr4zik_3_323to481.mp4,1,1.5308744,-1.5308744,1
D:\HaitongNi\MEngProject\d3_datasets\AIGVDBench_all_opensource_1000\frames\fake\OpenSource_I2V_VideoCrafter__xPcAfdYCj5k_136_0to424,D:\HaitongNi\MEngProject\d3_datasets\AIGVDBench_all_opensource_1000\frames\fake\OpenSource_I2V_VideoCrafter__xPcAfdYCj5k_136_0to424\1.jpg,AI Video,1,16,"[1, 2, 3, 4, 5, 6, 7, 8, 9, 10, 11, 12, 13, 14, 15, 16]",xPcAfdYCj5k_136_0to424.mp4,OpenSource_I2V_VideoCrafter,I2V,F:\MEngDatasets\AIGVDBench\videos\OpenSource\I2V\VideoCrafter\videos\xPcAfdYCj5k_136_0to424.mp4,1,1.8015839,-1.8015839,1
D:\HaitongNi\MEngProject\d3_datasets\AIGVDBench_all_opensource_1000\frames\fake\OpenSource_V2V_LTX__o82SKvbybvY_14_104to700,D:\HaitongNi\MEngProject\d3_datasets\AIGVDBench_all_opensource_1000\frames\fake\OpenSource_V2V_LTX__o82SKvbybvY_14_104to700\1.jpg,AI Video,1,16,"[1, 2, 3, 4, 5, 6, 7, 8, 9, 10, 11, 12, 13, 14, 15, 16]",o82SKvbybvY_14_104to700.mp4,OpenSource_V2V_LTX,V2V,F:\MEngDatasets\AIGVDBench\videos\OpenSource\V2V\LTX\videos\o82SKvbybvY_14_104to700.mp4,1,1.5188729,-1.5188729,1
D:\HaitongNi\MEngProject\d3_datasets\AIGVDBench_all_opensource_1000\frames\fake\OpenSource_T2V_Wan2.1__gcgj6G8r-IQ_28_24to180,D:\HaitongNi\MEngProject\d3_datasets\AIGVDBench_all_opensource_1000\frames\fake\OpenSource_T2V_Wan2.1__gcgj6G8r-IQ_28_24to180\1.jpg,AI Video,1,16,"[1, 2, 3, 4, 5, 6, 7, 8, 9, 10, 11, 12, 13, 14, 15, 16]",gcgj6G8r-IQ_28_24to180.mp4,OpenSource_T2V_Wan2.1,T2V,F:\MEngDatasets\AIGVDBench\videos\OpenSource\T2V\Wan2.1\videos\gcgj6G8r-IQ_28_24to180.mp4,1,5.709729,-5.709729,0
D:\HaitongNi\MEngProject\d3_datasets\AIGVDBench_all_opensource_1000\frames\fake\OpenSource_T2V_AnimateDiff__EHRI1gr4zik_3_323to481,D:\HaitongNi\MEngProject\d3_datasets\AIGVDBench_all_opensource_1000\frames\fake\OpenSource_T2V_AnimateDiff__EHRI1gr4zik_3_323to481\1.jpg,AI Video,1,16,"[1, 2, 3, 4, 5, 6, 7, 8, 9, 10, 11, 12, 13, 14, 15, 16]",EHRI1gr4zik_3_323to481.mp4,OpenSource_T2V_AnimateDiff,T2V,F:\MEngDatasets\AIGVDBench\videos\OpenSource\T2V\AnimateDiff\home\lma\Benchmark\bench\opensource\T2V\AnimateDiff\videos\EHRI1gr4zik_3_323to481.mp4,1,0.48804,-0.48804,1
D:\HaitongNi\MEngProject\d3_datasets\AIGVDBench_all_opensource_1000\frames\fake\OpenSource_T2V_RepVideo__W5R52mgaBgk_13_85to215,D:\HaitongNi\MEngProject\d3_datasets\AIGVDBench_all_opensource_1000\frames\fake\OpenSource_T2V_RepVideo__W5R52mgaBgk_13_85to215\1.jpg,AI Video,1,16,"[1, 2, 3, 4, 5, 6, 7, 8, 9, 10, 11, 12, 13, 14, 15, 16]",W5R52mgaBgk_13_85to215.mp4,OpenSource_T2V_RepVideo,T2V,F:\MEngDatasets\AIGVDBench\videos\OpenSource\T2V\RepVideo\videos\W5R52mgaBgk_13_85to215.mp4,1,0.7342986,-0.7342986,1
D:\HaitongNi\MEngProject\d3_datasets\AIGVDBench_all_opensource_1000\frames\fake\OpenSource_I2V_SEINE__02M4tj70Ju0_20_0to116,D:\HaitongNi\MEngProject\d3_datasets\AIGVDBench_all_opensource_1000\frames\fake\OpenSource_I2V_SEINE__02M4tj70Ju0_20_0to116\1.jpg,AI Video,1,16,"[1, 2, 3, 4, 5, 6, 7, 8, 9, 10, 11, 12, 13, 14, 15, 16]",02M4tj70Ju0_20_0to116.mp4,OpenSource_I2V_SEINE,I2V,F:\MEngDatasets\AIGVDBench\videos\OpenSource\I2V\SEINE\videos\02M4tj70Ju0_20_0to116.mp4,1,0.49367526,-0.49367526,1
D:\HaitongNi\MEngProject\d3_datasets\AIGVDBench_all_opensource_1000\frames\fake\OpenSource_T2V_HunyuanVideo__90u26k64J9A_14_0to144,D:\HaitongNi\MEngProject\d3_datasets\AIGVDBench_all_opensource_1000\frames\fake\OpenSource_T2V_HunyuanVideo__90u26k64J9A_14_0to144\1.jpg,AI Video,1,16,"[1, 2, 3, 4, 5, 6, 7, 8, 9, 10, 11, 12, 13, 14, 15, 16]",90u26k64J9A_14_0to144.mp4,OpenSource_T2V_HunyuanVideo,T2V,F:\MEngDatasets\AIGVDBench\videos\OpenSource\T2V\HunyuanVideo\videos\90u26k64J9A_14_0to144.mp4,1,0.9032767,-0.9032767,1
D:\HaitongNi\MEngProject\d3_datasets\AIGVDBench_all_opensource_1000\frames\fake\OpenSource_I2V_VideoCrafter__jet4_Hc5j8I_13_0to109,D:\HaitongNi\MEngProject\d3_datasets\AIGVDBench_all_opensource_1000\frames\fake\OpenSource_I2V_VideoCrafter__jet4_Hc5j8I_13_0to109\1.jpg,AI Video,1,16,"[1, 2, 3, 4, 5, 6, 7, 8, 9, 10, 11, 12, 13, 14, 15, 16]",jet4_Hc5j8I_13_0to109.mp4,OpenSource_I2V_VideoCrafter,I2V,F:\MEngDatasets\AIGVDBench\videos\OpenSource\I2V\VideoCrafter\videos\jet4_Hc5j8I_13_0to109.mp4,1,1.4455587,-1.4455587,1
D:\HaitongNi\MEngProject\d3_datasets\AIGVDBench_all_opensource_1000\frames\fake\OpenSource_T2V_AccVideo__NWYRv_MKaA8_10_24to132,D:\HaitongNi\MEngProject\d3_datasets\AIGVDBench_all_opensource_1000\frames\fake\OpenSource_T2V_AccVideo__NWYRv_MKaA8_10_24to132\1.jpg,AI Video,1,16,"[1, 2, 3, 4, 5, 6, 7, 8, 9, 10, 11, 12, 13, 14, 15, 16]",NWYRv_MKaA8_10_24to132.mp4,OpenSource_T2V_AccVideo,T2V,F:\MEngDatasets\AIGVDBench\videos\OpenSource\T2V\AccVideo\videos\NWYRv_MKaA8_10_24to132.mp4,1,0.6011563,-0.6011563,1
D:\HaitongNi\MEngProject\d3_datasets\AIGVDBench_all_opensource_1000\frames\fake\OpenSource_T2V_Pyramid-Flow__eENFTG4UQsI_3_337to522,D:\HaitongNi\MEngProject\d3_datasets\AIGVDBench_all_opensource_1000\frames\fake\OpenSource_T2V_Pyramid-Flow__eENFTG4UQsI_3_337to522\1.jpg,AI Video,1,16,"[1, 2, 3, 4, 5, 6, 7, 8, 9, 10, 11, 12, 13, 14, 15, 16]",eENFTG4UQsI_3_337to522.mp4,OpenSource_T2V_Pyramid-Flow,T2V,F:\MEngDatasets\AIGVDBench\videos\OpenSource\T2V\Pyramid-Flow\videos\eENFTG4UQsI_3_337to522.mp4,1,2.8839414,-2.8839414,1
D:\HaitongNi\MEngProject\d3_datasets\AIGVDBench_all_opensource_1000\frames\fake\OpenSource_T2V_AccVideo__xPcAfdYCj5k_136_0to424,D:\HaitongNi\MEngProject\d3_datasets\AIGVDBench_all_opensource_1000\frames\fake\OpenSource_T2V_AccVideo__xPcAfdYCj5k_136_0to424\1.jpg,AI Video,1,16,"[1, 2, 3, 4, 5, 6, 7, 8, 9, 10, 11, 12, 13, 14, 15, 16]",xPcAfdYCj5k_136_0to424.mp4,OpenSource_T2V_AccVideo,T2V,F:\MEngDatasets\AIGVDBench\videos\OpenSource\T2V\AccVideo\videos\xPcAfdYCj5k_136_0to424.mp4,1,1.7748638,-1.7748638,1
D:\HaitongNi\MEngProject\d3_datasets\AIGVDBench_all_opensource_1000\frames\fake\OpenSource_T2V_AnimateDiff__y3vyO-025CI_3_0to339,D:\HaitongNi\MEngProject\d3_datasets\AIGVDBench_all_opensource_1000\frames\fake\OpenSource_T2V_AnimateDiff__y3vyO-025CI_3_0to339\1.jpg,AI Video,1,16,"[1, 2, 3, 4, 5, 6, 7, 8, 9, 10, 11, 12, 13, 14, 15, 16]",y3vyO-025CI_3_0to339.mp4,OpenSource_T2V_AnimateDiff,T2V,F:\MEngDatasets\AIGVDBench\videos\OpenSource\T2V\AnimateDiff\home\lma\Benchmark\bench\opensource\T2V\AnimateDiff\videos\y3vyO-025CI_3_0to339.mp4,1,3.8478625,-3.8478625,1
D:\HaitongNi\MEngProject\d3_datasets\AIGVDBench_all_opensource_1000\frames\fake\OpenSource_V2V_LTX__y3vyO-025CI_3_0to339,D:\HaitongNi\MEngProject\d3_datasets\AIGVDBench_all_opensource_1000\frames\fake\OpenSource_V2V_LTX__y3vyO-025CI_3_0to339\1.jpg,AI Video,1,16,"[1, 2, 3, 4, 5, 6, 7, 8, 9, 10, 11, 12, 13, 14, 15, 16]",y3vyO-025CI_3_0to339.mp4,OpenSource_V2V_LTX,V2V,F:\MEngDatasets\AIGVDBench\videos\OpenSource\V2V\LTX\videos\y3vyO-025CI_3_0to339.mp4,1,0.4465098,-0.4465098,1
D:\HaitongNi\MEngProject\d3_datasets\AIGVDBench_all_opensource_1000\frames\fake\OpenSource_T2V_LTX__o82SKvbybvY_14_104to700,D:\HaitongNi\MEngProject\d3_datasets\AIGVDBench_all_opensource_1000\frames\fake\OpenSource_T2V_LTX__o82SKvbybvY_14_104to700\1.jpg,AI Video,1,16,"[1, 2, 3, 4, 5, 6, 7, 8, 9, 10, 11, 12, 13, 14, 15, 16]",o82SKvbybvY_14_104to700.mp4,OpenSource_T2V_LTX,T2V,F:\MEngDatasets\AIGVDBench\videos\OpenSource\T2V\LTX\videos\o82SKvbybvY_14_104to700.mp4,1,3.7920964,-3.7920964,1
D:\HaitongNi\MEngProject\d3_datasets\AIGVDBench_all_opensource_1000\frames\fake\OpenSource_T2V_AnimateDiff__o82SKvbybvY_14_104to700,D:\HaitongNi\MEngProject\d3_datasets\AIGVDBench_all_opensource_1000\frames\fake\OpenSource_T2V_AnimateDiff__o82SKvbybvY_14_104to700\1.jpg,AI Video,1,16,"[1, 2, 3, 4, 5, 6, 7, 8, 9, 10, 11, 12, 13, 14, 15, 16]",o82SKvbybvY_14_104to700.mp4,OpenSource_T2V_AnimateDiff,T2V,F:\MEngDatasets\AIGVDBench\videos\OpenSource\T2V\AnimateDiff\home\lma\Benchmark\bench\opensource\T2V\AnimateDiff\videos\o82SKvbybvY_14_104to700.mp4,1,1.7229677,-1.7229677,1
D:\HaitongNi\MEngProject\d3_datasets\AIGVDBench_all_opensource_1000\frames\fake\OpenSource_T2V_AccVideo__02M4tj70Ju0_20_0to116,D:\HaitongNi\MEngProject\d3_datasets\AIGVDBench_all_opensource_1000\frames\fake\OpenSource_T2V_AccVideo__02M4tj70Ju0_20_0to116\1.jpg,AI Video,1,16,"[1, 2, 3, 4, 5, 6, 7, 8, 9, 10, 11, 12, 13, 14, 15, 16]",02M4tj70Ju0_20_0to116.mp4,OpenSource_T2V_AccVideo,T2V,F:\MEngDatasets\AIGVDBench\videos\OpenSource\T2V\AccVideo\videos\02M4tj70Ju0_20_0to116.mp4,1,0.3995637,-0.3995637,1
D:\HaitongNi\MEngProject\d3_datasets\AIGVDBench_all_opensource_1000\frames\fake\OpenSource_I2V_LTX__HlRfdCWGMzI_22_114to219,D:\HaitongNi\MEngProject\d3_datasets\AIGVDBench_all_opensource_1000\frames\fake\OpenSource_I2V_LTX__HlRfdCWGMzI_22_114to219\1.jpg,AI Video,1,16,"[1, 2, 3, 4, 5, 6, 7, 8, 9, 10, 11, 12, 13, 14, 15, 16]",HlRfdCWGMzI_22_114to219.mp4,OpenSource_I2V_LTX,I2V,F:\MEngDatasets\AIGVDBench\videos\OpenSource\I2V\LTX\videos\HlRfdCWGMzI_22_114to219.mp4,1,1.2422884,-1.2422884,1
D:\HaitongNi\MEngProject\d3_datasets\AIGVDBench_all_opensource_1000\frames\fake\OpenSource_T2V_Open-Sora__02M4tj70Ju0_20_0to116,D:\HaitongNi\MEngProject\d3_datasets\AIGVDBench_all_opensource_1000\frames\fake\OpenSource_T2V_Open-Sora__02M4tj70Ju0_20_0to116\1.jpg,AI Video,1,16,"[1, 2, 3, 4, 5, 6, 7, 8, 9, 10, 11, 12, 13, 14, 15, 16]",02M4tj70Ju0_20_0to116.mp4,OpenSource_T2V_Open-Sora,T2V,F:\MEngDatasets\AIGVDBench\videos\OpenSource\T2V\Open-Sora\videos\02M4tj70Ju0_20_0to116.mp4,1,2.3159957,-2.3159957,1
D:\HaitongNi\MEngProject\d3_datasets\AIGVDBench_all_opensource_1000\frames\fake\OpenSource_T2V_Wan2.1__90u26k64J9A_14_0to144,D:\HaitongNi\MEngProject\d3_datasets\AIGVDBench_all_opensource_1000\frames\fake\OpenSource_T2V_Wan2.1__90u26k64J9A_14_0to144\1.jpg,AI Video,1,16,"[1, 2, 3, 4, 5, 6, 7, 8, 9, 10, 11, 12, 13, 14, 15, 16]",90u26k64J9A_14_0to144.mp4,OpenSource_T2V_Wan2.1,T2V,F:\MEngDatasets\AIGVDBench\videos\OpenSource\T2V\Wan2.1\videos\90u26k64J9A_14_0to144.mp4,1,2.4920537,-2.4920537,1
D:\HaitongNi\MEngProject\d3_datasets\AIGVDBench_all_opensource_1000\frames\fake\OpenSource_T2V_EasyAnimate__jet4_Hc5j8I_13_0to109,D:\HaitongNi\MEngProject\d3_datasets\AIGVDBench_all_opensource_1000\frames\fake\OpenSource_T2V_EasyAnimate__jet4_Hc5j8I_13_0to109\1.jpg,AI Video,1,16,"[1, 2, 3, 4, 5, 6, 7, 8, 9, 10, 11, 12, 13, 14, 15, 16]",jet4_Hc5j8I_13_0to109.mp4,OpenSource_T2V_EasyAnimate,T2V,F:\MEngDatasets\AIGVDBench\videos\OpenSource\T2V\EasyAnimate\videos\jet4_Hc5j8I_13_0to109.mp4,1,1.7026495,-1.7026495,1
D:\HaitongNi\MEngProject\d3_datasets\AIGVDBench_all_opensource_1000\frames\fake\OpenSource_T2V_Wan2.1__QRYsvqSzYuE_43_455to1014,D:\HaitongNi\MEngProject\d3_datasets\AIGVDBench_all_opensource_1000\frames\fake\OpenSource_T2V_Wan2.1__QRYsvqSzYuE_43_455to1014\1.jpg,AI Video,1,16,"[1, 2, 3, 4, 5, 6, 7, 8, 9, 10, 11, 12, 13, 14, 15, 16]",QRYsvqSzYuE_43_455to1014.mp4,OpenSource_T2V_Wan2.1,T2V,F:\MEngDatasets\AIGVDBench\videos\OpenSource\T2V\Wan2.1\videos\QRYsvqSzYuE_43_455to1014.mp4,1,3.6276026,-3.6276026,1
D:\HaitongNi\MEngProject\d3_datasets\AIGVDBench_all_opensource_1000\frames\fake\OpenSource_T2V_Open-Sora__Vh2cObLYHJ8_13_0to496,D:\HaitongNi\MEngProject\d3_datasets\AIGVDBench_all_opensource_1000\frames\fake\OpenSource_T2V_Open-Sora__Vh2cObLYHJ8_13_0to496\1.jpg,AI Video,1,16,"[1, 2, 3, 4, 5, 6, 7, 8, 9, 10, 11, 12, 13, 14, 15, 16]",Vh2cObLYHJ8_13_0to496.mp4,OpenSource_T2V_Open-Sora,T2V,F:\MEngDatasets\AIGVDBench\videos\OpenSource\T2V\Open-Sora\videos\Vh2cObLYHJ8_13_0to496.mp4,1,1.909154,-1.909154,1
D:\HaitongNi\MEngProject\d3_datasets\AIGVDBench_all_opensource_1000\frames\fake\OpenSource_T2V_AccVideo__jty7y2KedUE_23_0to259,D:\HaitongNi\MEngProject\d3_datasets\AIGVDBench_all_opensource_1000\frames\fake\OpenSource_T2V_AccVideo__jty7y2KedUE_23_0to259\1.jpg,AI Video,1,16,"[1, 2, 3, 4, 5, 6, 7, 8, 9, 10, 11, 12, 13, 14, 15, 16]",jty7y2KedUE_23_0to259.mp4,OpenSource_T2V_AccVideo,T2V,F:\MEngDatasets\AIGVDBench\videos\OpenSource\T2V\AccVideo\videos\jty7y2KedUE_23_0to259.mp4,1,1.9006517,-1.9006517,1
D:\HaitongNi\MEngProject\d3_datasets\AIGVDBench_all_opensource_1000\frames\fake\OpenSource_I2V_SVD__nhskgJQ5XMU_202_0to114,D:\HaitongNi\MEngProject\d3_datasets\AIGVDBench_all_opensource_1000\frames\fake\OpenSource_I2V_SVD__nhskgJQ5XMU_202_0to114\1.jpg,AI Video,1,16,"[1, 2, 3, 4, 5, 6, 7, 8, 9, 10, 11, 12, 13, 14, 15, 16]",nhskgJQ5XMU_202_0to114.mp4,OpenSource_I2V_SVD,I2V,F:\MEngDatasets\AIGVDBench\videos\OpenSource\I2V\SVD\videos\nhskgJQ5XMU_202_0to114.mp4,1,4.501026,-4.501026,1
D:\HaitongNi\MEngProject\d3_datasets\AIGVDBench_all_opensource_1000\frames\fake\OpenSource_I2V_LTX__smJlYSVS9Ds_340_112to226,D:\HaitongNi\MEngProject\d3_datasets\AIGVDBench_all_opensource_1000\frames\fake\OpenSource_I2V_LTX__smJlYSVS9Ds_340_112to226\1.jpg,AI Video,1,16,"[1, 2, 3, 4, 5, 6, 7, 8, 9, 10, 11, 12, 13, 14, 15, 16]",smJlYSVS9Ds_340_112to226.mp4,OpenSource_I2V_LTX,I2V,F:\MEngDatasets\AIGVDBench\videos\OpenSource\I2V\LTX\videos\smJlYSVS9Ds_340_112to226.mp4,1,4.8545203,-4.8545203,1
D:\HaitongNi\MEngProject\d3_datasets\AIGVDBench_all_opensource_1000\frames\fake\OpenSource_T2V_AnimateDiff__02M4tj70Ju0_20_0to116,D:\HaitongNi\MEngProject\d3_datasets\AIGVDBench_all_opensource_1000\frames\fake\OpenSource_T2V_AnimateDiff__02M4tj70Ju0_20_0to116\1.jpg,AI Video,1,16,"[1, 2, 3, 4, 5, 6, 7, 8, 9, 10, 11, 12, 13, 14, 15, 16]",02M4tj70Ju0_20_0to116.mp4,OpenSource_T2V_AnimateDiff,T2V,F:\MEngDatasets\AIGVDBench\videos\OpenSource\T2V\AnimateDiff\home\lma\Benchmark\bench\opensource\T2V\AnimateDiff\videos\02M4tj70Ju0_20_0to116.mp4,1,0.60167533,-0.60167533,1
D:\HaitongNi\MEngProject\d3_datasets\AIGVDBench_all_opensource_1000\frames\fake\OpenSource_I2V_Pyramid-Flow__r03AuoH00eM_5_399to542,D:\HaitongNi\MEngProject\d3_datasets\AIGVDBench_all_opensource_1000\frames\fake\OpenSource_I2V_Pyramid-Flow__r03AuoH00eM_5_399to542\1.jpg,AI Video,1,16,"[1, 2, 3, 4, 5, 6, 7, 8, 9, 10, 11, 12, 13, 14, 15, 16]",r03AuoH00eM_5_399to542.mp4,OpenSource_I2V_Pyramid-Flow,I2V,F:\MEngDatasets\AIGVDBench\videos\OpenSource\I2V\Pyramid-Flow\videos\r03AuoH00eM_5_399to542.mp4,1,1.7023634,-1.7023634,1
D:\HaitongNi\MEngProject\d3_datasets\AIGVDBench_all_opensource_1000\frames\fake\OpenSource_T2V_Open-Sora__0BPQnk47p6M_2_55to191,D:\HaitongNi\MEngProject\d3_datasets\AIGVDBench_all_opensource_1000\frames\fake\OpenSource_T2V_Open-Sora__0BPQnk47p6M_2_55to191\1.jpg,AI Video,1,16,"[1, 2, 3, 4, 5, 6, 7, 8, 9, 10, 11, 12, 13, 14, 15, 16]",0BPQnk47p6M_2_55to191.mp4,OpenSource_T2V_Open-Sora,T2V,F:\MEngDatasets\AIGVDBench\videos\OpenSource\T2V\Open-Sora\videos\0BPQnk47p6M_2_55to191.mp4,1,1.1585749,-1.1585749,1
D:\HaitongNi\MEngProject\d3_datasets\AIGVDBench_all_opensource_1000\frames\fake\OpenSource_I2V_SEINE__50KDhKUOrqI_57_294to582,D:\HaitongNi\MEngProject\d3_datasets\AIGVDBench_all_opensource_1000\frames\fake\OpenSource_I2V_SEINE__50KDhKUOrqI_57_294to582\1.jpg,AI Video,1,16,"[1, 2, 3, 4, 5, 6, 7, 8, 9, 10, 11, 12, 13, 14, 15, 16]",50KDhKUOrqI_57_294to582.mp4,OpenSource_I2V_SEINE,I2V,F:\MEngDatasets\AIGVDBench\videos\OpenSource\I2V\SEINE\videos\50KDhKUOrqI_57_294to582.mp4,1,2.504112,-2.504112,1
D:\HaitongNi\MEngProject\d3_datasets\AIGVDBench_all_opensource_1000\frames\fake\OpenSource_T2V_VideoCrafter__xPcAfdYCj5k_136_0to424,D:\HaitongNi\MEngProject\d3_datasets\AIGVDBench_all_opensource_1000\frames\fake\OpenSource_T2V_VideoCrafter__xPcAfdYCj5k_136_0to424\1.jpg,AI Video,1,16,"[1, 2, 3, 4, 5, 6, 7, 8, 9, 10, 11, 12, 13, 14, 15, 16]",xPcAfdYCj5k_136_0to424.mp4,OpenSource_T2V_VideoCrafter,T2V,F:\MEngDatasets\AIGVDBench\videos\OpenSource\T2V\VideoCrafter\videos\xPcAfdYCj5k_136_0to424.mp4,1,2.8770182,-2.8770182,1
D:\HaitongNi\MEngProject\d3_datasets\AIGVDBench_all_opensource_1000\frames\fake\OpenSource_T2V_LTX__jet4_Hc5j8I_13_0to109,D:\HaitongNi\MEngProject\d3_datasets\AIGVDBench_all_opensource_1000\frames\fake\OpenSource_T2V_LTX__jet4_Hc5j8I_13_0to109\1.jpg,AI Video,1,16,"[1, 2, 3, 4, 5, 6, 7, 8, 9, 10, 11, 12, 13, 14, 15, 16]",jet4_Hc5j8I_13_0to109.mp4,OpenSource_T2V_LTX,T2V,F:\MEngDatasets\AIGVDBench\videos\OpenSource\T2V\LTX\videos\jet4_Hc5j8I_13_0to109.mp4,1,1.6723369,-1.6723369,1
D:\HaitongNi\MEngProject\d3_datasets\AIGVDBench_all_opensource_1000\frames\fake\OpenSource_T2V_Wan2.1__NWYRv_MKaA8_10_24to132,D:\HaitongNi\MEngProject\d3_datasets\AIGVDBench_all_opensource_1000\frames\fake\OpenSource_T2V_Wan2.1__NWYRv_MKaA8_10_24to132\1.jpg,AI Video,1,16,"[1, 2, 3, 4, 5, 6, 7, 8, 9, 10, 11, 12, 13, 14, 15, 16]",NWYRv_MKaA8_10_24to132.mp4,OpenSource_T2V_Wan2.1,T2V,F:\MEngDatasets\AIGVDBench\videos\OpenSource\T2V\Wan2.1\videos\NWYRv_MKaA8_10_24to132.mp4,1,0.28097957,-0.28097957,1
D:\HaitongNi\MEngProject\d3_datasets\AIGVDBench_all_opensource_1000\frames\fake\OpenSource_T2V_Open-Sora__o82SKvbybvY_14_104to700,D:\HaitongNi\MEngProject\d3_datasets\AIGVDBench_all_opensource_1000\frames\fake\OpenSource_T2V_Open-Sora__o82SKvbybvY_14_104to700\1.jpg,AI Video,1,16,"[1, 2, 3, 4, 5, 6, 7, 8, 9, 10, 11, 12, 13, 14, 15, 16]",o82SKvbybvY_14_104to700.mp4,OpenSource_T2V_Open-Sora,T2V,F:\MEngDatasets\AIGVDBench\videos\OpenSource\T2V\Open-Sora\videos\o82SKvbybvY_14_104to700.mp4,1,2.291323,-2.291323,1
D:\HaitongNi\MEngProject\d3_datasets\AIGVDBench_all_opensource_1000\frames\fake\OpenSource_T2V_AccVideo__guL5esGDFbk_11_0to163,D:\HaitongNi\MEngProject\d3_datasets\AIGVDBench_all_opensource_1000\frames\fake\OpenSource_T2V_AccVideo__guL5esGDFbk_11_0to163\1.jpg,AI Video,1,16,"[1, 2, 3, 4, 5, 6, 7, 8, 9, 10, 11, 12, 13, 14, 15, 16]",guL5esGDFbk_11_0to163.mp4,OpenSource_T2V_AccVideo,T2V,F:\MEngDatasets\AIGVDBench\videos\OpenSource\T2V\AccVideo\videos\guL5esGDFbk_11_0to163.mp4,1,1.4726616,-1.4726616,1
D:\HaitongNi\MEngProject\d3_datasets\AIGVDBench_all_opensource_1000\frames\fake\OpenSource_T2V_AccVideo__y3vyO-025CI_3_0to339,D:\HaitongNi\MEngProject\d3_datasets\AIGVDBench_all_opensource_1000\frames\fake\OpenSource_T2V_AccVideo__y3vyO-025CI_3_0to339\1.jpg,AI Video,1,16,"[1, 2, 3, 4, 5, 6, 7, 8, 9, 10, 11, 12, 13, 14, 15, 16]",y3vyO-025CI_3_0to339.mp4,OpenSource_T2V_AccVideo,T2V,F:\MEngDatasets\AIGVDBench\videos\OpenSource\T2V\AccVideo\videos\y3vyO-025CI_3_0to339.mp4,1,0.3069175,-0.3069175,1
D:\HaitongNi\MEngProject\d3_datasets\AIGVDBench_all_opensource_1000\frames\fake\OpenSource_T2V_VideoCrafter__r03AuoH00eM_5_399to542,D:\HaitongNi\MEngProject\d3_datasets\AIGVDBench_all_opensource_1000\frames\fake\OpenSource_T2V_VideoCrafter__r03AuoH00eM_5_399to542\1.jpg,AI Video,1,16,"[1, 2, 3, 4, 5, 6, 7, 8, 9, 10, 11, 12, 13, 14, 15, 16]",r03AuoH00eM_5_399to542.mp4,OpenSource_T2V_VideoCrafter,T2V,F:\MEngDatasets\AIGVDBench\videos\OpenSource\T2V\VideoCrafter\videos\r03AuoH00eM_5_399to542.mp4,1,1.6799754,-1.6799754,1
D:\HaitongNi\MEngProject\d3_datasets\AIGVDBench_all_opensource_1000\frames\fake\OpenSource_T2V_Cogvideox1.5__7TCW9wOxAWk_48_0to214,D:\HaitongNi\MEngProject\d3_datasets\AIGVDBench_all_opensource_1000\frames\fake\OpenSource_T2V_Cogvideox1.5__7TCW9wOxAWk_48_0to214\1.jpg,AI Video,1,16,"[1, 2, 3, 4, 5, 6, 7, 8, 9, 10, 11, 12, 13, 14, 15, 16]",7TCW9wOxAWk_48_0to214.mp4,OpenSource_T2V_Cogvideox1.5,T2V,F:\MEngDatasets\AIGVDBench\videos\OpenSource\T2V\Cogvideox1.5\videos\7TCW9wOxAWk_48_0to214.mp4,1,4.658018,-4.658018,1
D:\HaitongNi\MEngProject\d3_datasets\AIGVDBench_all_opensource_1000\frames\fake\OpenSource_T2V_EasyAnimate__W5R52mgaBgk_13_85to215,D:\HaitongNi\MEngProject\d3_datasets\AIGVDBench_all_opensource_1000\frames\fake\OpenSource_T2V_EasyAnimate__W5R52mgaBgk_13_85to215\1.jpg,AI Video,1,16,"[1, 2, 3, 4, 5, 6, 7, 8, 9, 10, 11, 12, 13, 14, 15, 16]",W5R52mgaBgk_13_85to215.mp4,OpenSource_T2V_EasyAnimate,T2V,F:\MEngDatasets\AIGVDBench\videos\OpenSource\T2V\EasyAnimate\videos\W5R52mgaBgk_13_85to215.mp4,1,1.6349671,-1.6349671,1
D:\HaitongNi\MEngProject\d3_datasets\AIGVDBench_all_opensource_1000\frames\fake\OpenSource_V2V_LTX__NWYRv_MKaA8_10_24to132,D:\HaitongNi\MEngProject\d3_datasets\AIGVDBench_all_opensource_1000\frames\fake\OpenSource_V2V_LTX__NWYRv_MKaA8_10_24to132\1.jpg,AI Video,1,16,"[1, 2, 3, 4, 5, 6, 7, 8, 9, 10, 11, 12, 13, 14, 15, 16]",NWYRv_MKaA8_10_24to132.mp4,OpenSource_V2V_LTX,V2V,F:\MEngDatasets\AIGVDBench\videos\OpenSource\V2V\LTX\videos\NWYRv_MKaA8_10_24to132.mp4,1,1.5456141,-1.5456141,1
D:\HaitongNi\MEngProject\d3_datasets\AIGVDBench_all_opensource_1000\frames\fake\OpenSource_T2V_RepVideo__50KDhKUOrqI_57_294to582,D:\HaitongNi\MEngProject\d3_datasets\AIGVDBench_all_opensource_1000\frames\fake\OpenSource_T2V_RepVideo__50KDhKUOrqI_57_294to582\1.jpg,AI Video,1,16,"[1, 2, 3, 4, 5, 6, 7, 8, 9, 10, 11, 12, 13, 14, 15, 16]",50KDhKUOrqI_57_294to582.mp4,OpenSource_T2V_RepVideo,T2V,F:\MEngDatasets\AIGVDBench\videos\OpenSource\T2V\RepVideo\videos\50KDhKUOrqI_57_294to582.mp4,1,1.6543194,-1.6543194,1
D:\HaitongNi\MEngProject\d3_datasets\AIGVDBench_all_opensource_1000\frames\fake\OpenSource_I2V_LTX__vUVwNN47Uv0_7_1227to1461,D:\HaitongNi\MEngProject\d3_datasets\AIGVDBench_all_opensource_1000\frames\fake\OpenSource_I2V_LTX__vUVwNN47Uv0_7_1227to1461\1.jpg,AI Video,1,16,"[1, 2, 3, 4, 5, 6, 7, 8, 9, 10, 11, 12, 13, 14, 15, 16]",vUVwNN47Uv0_7_1227to1461.mp4,OpenSource_I2V_LTX,I2V,F:\MEngDatasets\AIGVDBench\videos\OpenSource\I2V\LTX\videos\vUVwNN47Uv0_7_1227to1461.mp4,1,2.3139699,-2.3139699,1
D:\HaitongNi\MEngProject\d3_datasets\AIGVDBench_all_opensource_1000\frames\fake\OpenSource_T2V_VideoCrafter__Vh2cObLYHJ8_13_0to496,D:\HaitongNi\MEngProject\d3_datasets\AIGVDBench_all_opensource_1000\frames\fake\OpenSource_T2V_VideoCrafter__Vh2cObLYHJ8_13_0to496\1.jpg,AI Video,1,16,"[1, 2, 3, 4, 5, 6, 7, 8, 9, 10, 11, 12, 13, 14, 15, 16]",Vh2cObLYHJ8_13_0to496.mp4,OpenSource_T2V_VideoCrafter,T2V,F:\MEngDatasets\AIGVDBench\videos\OpenSource\T2V\VideoCrafter\videos\Vh2cObLYHJ8_13_0to496.mp4,1,1.2131761,-1.2131761,1
D:\HaitongNi\MEngProject\d3_datasets\AIGVDBench_all_opensource_1000\frames\fake\OpenSource_I2V_LTX__0BPQnk47p6M_2_55to191,D:\HaitongNi\MEngProject\d3_datasets\AIGVDBench_all_opensource_1000\frames\fake\OpenSource_I2V_LTX__0BPQnk47p6M_2_55to191\1.jpg,AI Video,1,16,"[1, 2, 3, 4, 5, 6, 7, 8, 9, 10, 11, 12, 13, 14, 15, 16]",0BPQnk47p6M_2_55to191.mp4,OpenSource_I2V_LTX,I2V,F:\MEngDatasets\AIGVDBench\videos\OpenSource\I2V\LTX\videos\0BPQnk47p6M_2_55to191.mp4,1,1.0223953,-1.0223953,1
D:\HaitongNi\MEngProject\d3_datasets\AIGVDBench_all_opensource_1000\frames\fake\OpenSource_V2V_LTX__vUVwNN47Uv0_7_1227to1461,D:\HaitongNi\MEngProject\d3_datasets\AIGVDBench_all_opensource_1000\frames\fake\OpenSource_V2V_LTX__vUVwNN47Uv0_7_1227to1461\1.jpg,AI Video,1,16,"[1, 2, 3, 4, 5, 6, 7, 8, 9, 10, 11, 12, 13, 14, 15, 16]",vUVwNN47Uv0_7_1227to1461.mp4,OpenSource_V2V_LTX,V2V,F:\MEngDatasets\AIGVDBench\videos\OpenSource\V2V\LTX\videos\vUVwNN47Uv0_7_1227to1461.mp4,1,2.5529397,-2.5529397,1
D:\HaitongNi\MEngProject\d3_datasets\AIGVDBench_all_opensource_1000\frames\fake\OpenSource_I2V_SEINE__NWYRv_MKaA8_10_24to132,D:\HaitongNi\MEngProject\d3_datasets\AIGVDBench_all_opensource_1000\frames\fake\OpenSource_I2V_SEINE__NWYRv_MKaA8_10_24to132\1.jpg,AI Video,1,16,"[1, 2, 3, 4, 5, 6, 7, 8, 9, 10, 11, 12, 13, 14, 15, 16]",NWYRv_MKaA8_10_24to132.mp4,OpenSource_I2V_SEINE,I2V,F:\MEngDatasets\AIGVDBench\videos\OpenSource\I2V\SEINE\videos\NWYRv_MKaA8_10_24to132.mp4,1,1.5003388,-1.5003388,1
D:\HaitongNi\MEngProject\d3_datasets\AIGVDBench_all_opensource_1000\frames\fake\OpenSource_V2V_Cogvideox1.5__nhskgJQ5XMU_202_0to114,D:\HaitongNi\MEngProject\d3_datasets\AIGVDBench_all_opensource_1000\frames\fake\OpenSource_V2V_Cogvideox1.5__nhskgJQ5XMU_202_0to114\1.jpg,AI Video,1,16,"[1, 2, 3, 4, 5, 6, 7, 8, 9, 10, 11, 12, 13, 14, 15, 16]",nhskgJQ5XMU_202_0to114.mp4,OpenSource_V2V_Cogvideox1.5,V2V,F:\MEngDatasets\AIGVDBench\videos\OpenSource\V2V\Cogvideox1.5\videos\nhskgJQ5XMU_202_0to114.mp4,1,3.4165952,-3.4165952,1
D:\HaitongNi\MEngProject\d3_datasets\AIGVDBench_all_opensource_1000\frames\fake\OpenSource_I2V_EasyAnimate__y3vyO-025CI_3_0to339,D:\HaitongNi\MEngProject\d3_datasets\AIGVDBench_all_opensource_1000\frames\fake\OpenSource_I2V_EasyAnimate__y3vyO-025CI_3_0to339\1.jpg,AI Video,1,16,"[1, 2, 3, 4, 5, 6, 7, 8, 9, 10, 11, 12, 13, 14, 15, 16]",y3vyO-025CI_3_0to339.mp4,OpenSource_I2V_EasyAnimate,I2V,F:\MEngDatasets\AIGVDBench\videos\OpenSource\I2V\EasyAnimate\videos\y3vyO-025CI_3_0to339.mp4,1,2.210028,-2.210028,1
D:\HaitongNi\MEngProject\d3_datasets\AIGVDBench_all_opensource_1000\frames\fake\OpenSource_T2V_IPOC__jet4_Hc5j8I_13_0to109,D:\HaitongNi\MEngProject\d3_datasets\AIGVDBench_all_opensource_1000\frames\fake\OpenSource_T2V_IPOC__jet4_Hc5j8I_13_0to109\1.jpg,AI Video,1,16,"[1, 2, 3, 4, 5, 6, 7, 8, 9, 10, 11, 12, 13, 14, 15, 16]",jet4_Hc5j8I_13_0to109.mp4,OpenSource_T2V_IPOC,T2V,F:\MEngDatasets\AIGVDBench\videos\OpenSource\T2V\IPOC\videos\jet4_Hc5j8I_13_0to109.mp4,1,2.7166944,-2.7166944,1
D:\HaitongNi\MEngProject\d3_datasets\AIGVDBench_all_opensource_1000\frames\fake\OpenSource_V2V_LTX__gcgj6G8r-IQ_28_24to180,D:\HaitongNi\MEngProject\d3_datasets\AIGVDBench_all_opensource_1000\frames\fake\OpenSource_V2V_LTX__gcgj6G8r-IQ_28_24to180\1.jpg,AI Video,1,16,"[1, 2, 3, 4, 5, 6, 7, 8, 9, 10, 11, 12, 13, 14, 15, 16]",gcgj6G8r-IQ_28_24to180.mp4,OpenSource_V2V_LTX,V2V,F:\MEngDatasets\AIGVDBench\videos\OpenSource\V2V\LTX\videos\gcgj6G8r-IQ_28_24to180.mp4,1,2.8749542,-2.8749542,1
D:\HaitongNi\MEngProject\d3_datasets\AIGVDBench_all_opensource_1000\frames\fake\OpenSource_T2V_IPOC__y3vyO-025CI_3_0to339,D:\HaitongNi\MEngProject\d3_datasets\AIGVDBench_all_opensource_1000\frames\fake\OpenSource_T2V_IPOC__y3vyO-025CI_3_0to339\1.jpg,AI Video,1,16,"[1, 2, 3, 4, 5, 6, 7, 8, 9, 10, 11, 12, 13, 14, 15, 16]",y3vyO-025CI_3_0to339.mp4,OpenSource_T2V_IPOC,T2V,F:\MEngDatasets\AIGVDBench\videos\OpenSource\T2V\IPOC\videos\y3vyO-025CI_3_0to339.mp4,1,1.0425844,-1.0425844,1
D:\HaitongNi\MEngProject\d3_datasets\AIGVDBench_all_opensource_1000\frames\fake\OpenSource_T2V_RepVideo__vUVwNN47Uv0_7_1227to1461,D:\HaitongNi\MEngProject\d3_datasets\AIGVDBench_all_opensource_1000\frames\fake\OpenSource_T2V_RepVideo__vUVwNN47Uv0_7_1227to1461\1.jpg,AI Video,1,16,"[1, 2, 3, 4, 5, 6, 7, 8, 9, 10, 11, 12, 13, 14, 15, 16]",vUVwNN47Uv0_7_1227to1461.mp4,OpenSource_T2V_RepVideo,T2V,F:\MEngDatasets\AIGVDBench\videos\OpenSource\T2V\RepVideo\videos\vUVwNN47Uv0_7_1227to1461.mp4,1,2.787517,-2.787517,1
D:\HaitongNi\MEngProject\d3_datasets\AIGVDBench_all_opensource_1000\frames\fake\OpenSource_I2V_EasyAnimate__vUVwNN47Uv0_7_1227to1461,D:\HaitongNi\MEngProject\d3_datasets\AIGVDBench_all_opensource_1000\frames\fake\OpenSource_I2V_EasyAnimate__vUVwNN47Uv0_7_1227to1461\1.jpg,AI Video,1,16,"[1, 2, 3, 4, 5, 6, 7, 8, 9, 10, 11, 12, 13, 14, 15, 16]",vUVwNN47Uv0_7_1227to1461.mp4,OpenSource_I2V_EasyAnimate,I2V,F:\MEngDatasets\AIGVDBench\videos\OpenSource\I2V\EasyAnimate\videos\vUVwNN47Uv0_7_1227to1461.mp4,1,2.1127005,-2.1127005,1
D:\HaitongNi\MEngProject\d3_datasets\AIGVDBench_all_opensource_1000\frames\fake\OpenSource_T2V_VideoCrafter__gcgj6G8r-IQ_28_24to180,D:\HaitongNi\MEngProject\d3_datasets\AIGVDBench_all_opensource_1000\frames\fake\OpenSource_T2V_VideoCrafter__gcgj6G8r-IQ_28_24to180\1.jpg,AI Video,1,16,"[1, 2, 3, 4, 5, 6, 7, 8, 9, 10, 11, 12, 13, 14, 15, 16]",gcgj6G8r-IQ_28_24to180.mp4,OpenSource_T2V_VideoCrafter,T2V,F:\MEngDatasets\AIGVDBench\videos\OpenSource\T2V\VideoCrafter\videos\gcgj6G8r-IQ_28_24to180.mp4,1,1.9606619,-1.9606619,1
D:\HaitongNi\MEngProject\d3_datasets\AIGVDBench_all_opensource_1000\frames\fake\OpenSource_T2V_VideoCrafter__EHRI1gr4zik_3_323to481,D:\HaitongNi\MEngProject\d3_datasets\AIGVDBench_all_opensource_1000\frames\fake\OpenSource_T2V_VideoCrafter__EHRI1gr4zik_3_323to481\1.jpg,AI Video,1,16,"[1, 2, 3, 4, 5, 6, 7, 8, 9, 10, 11, 12, 13, 14, 15, 16]",EHRI1gr4zik_3_323to481.mp4,OpenSource_T2V_VideoCrafter,T2V,F:\MEngDatasets\AIGVDBench\videos\OpenSource\T2V\VideoCrafter\videos\EHRI1gr4zik_3_323to481.mp4,1,0.7651138,-0.7651138,1
D:\HaitongNi\MEngProject\d3_datasets\AIGVDBench_all_opensource_1000\frames\fake\OpenSource_T2V_EasyAnimate__jty7y2KedUE_23_0to259,D:\HaitongNi\MEngProject\d3_datasets\AIGVDBench_all_opensource_1000\frames\fake\OpenSource_T2V_EasyAnimate__jty7y2KedUE_23_0to259\1.jpg,AI Video,1,16,"[1, 2, 3, 4, 5, 6, 7, 8, 9, 10, 11, 12, 13, 14, 15, 16]",jty7y2KedUE_23_0to259.mp4,OpenSource_T2V_EasyAnimate,T2V,F:\MEngDatasets\AIGVDBench\videos\OpenSource\T2V\EasyAnimate\videos\jty7y2KedUE_23_0to259.mp4,1,3.1825368,-3.1825368,1
D:\HaitongNi\MEngProject\d3_datasets\AIGVDBench_all_opensource_1000\frames\fake\OpenSource_T2V_Pyramid-Flow__xPcAfdYCj5k_136_0to424,D:\HaitongNi\MEngProject\d3_datasets\AIGVDBench_all_opensource_1000\frames\fake\OpenSource_T2V_Pyramid-Flow__xPcAfdYCj5k_136_0to424\1.jpg,AI Video,1,16,"[1, 2, 3, 4, 5, 6, 7, 8, 9, 10, 11, 12, 13, 14, 15, 16]",xPcAfdYCj5k_136_0to424.mp4,OpenSource_T2V_Pyramid-Flow,T2V,F:\MEngDatasets\AIGVDBench\videos\OpenSource\T2V\Pyramid-Flow\videos\xPcAfdYCj5k_136_0to424.mp4,1,3.6177723,-3.6177723,1
D:\HaitongNi\MEngProject\d3_datasets\AIGVDBench_all_opensource_1000\frames\fake\OpenSource_T2V_IPOC__QRYsvqSzYuE_43_455to1014,D:\HaitongNi\MEngProject\d3_datasets\AIGVDBench_all_opensource_1000\frames\fake\OpenSource_T2V_IPOC__QRYsvqSzYuE_43_455to1014\1.jpg,AI Video,1,16,"[1, 2, 3, 4, 5, 6, 7, 8, 9, 10, 11, 12, 13, 14, 15, 16]",QRYsvqSzYuE_43_455to1014.mp4,OpenSource_T2V_IPOC,T2V,F:\MEngDatasets\AIGVDBench\videos\OpenSource\T2V\IPOC\videos\QRYsvqSzYuE_43_455to1014.mp4,1,1.8148147,-1.8148147,1
D:\HaitongNi\MEngProject\d3_datasets\AIGVDBench_all_opensource_1000\frames\fake\OpenSource_I2V_VideoCrafter__jty7y2KedUE_23_0to259,D:\HaitongNi\MEngProject\d3_datasets\AIGVDBench_all_opensource_1000\frames\fake\OpenSource_I2V_VideoCrafter__jty7y2KedUE_23_0to259\1.jpg,AI Video,1,16,"[1, 2, 3, 4, 5, 6, 7, 8, 9, 10, 11, 12, 13, 14, 15, 16]",jty7y2KedUE_23_0to259.mp4,OpenSource_I2V_VideoCrafter,I2V,F:\MEngDatasets\AIGVDBench\videos\OpenSource\I2V\VideoCrafter\videos\jty7y2KedUE_23_0to259.mp4,1,3.3997529,-3.3997529,1
D:\HaitongNi\MEngProject\d3_datasets\AIGVDBench_all_opensource_1000\frames\fake\OpenSource_T2V_VideoCrafter__NWYRv_MKaA8_10_24to132,D:\HaitongNi\MEngProject\d3_datasets\AIGVDBench_all_opensource_1000\frames\fake\OpenSource_T2V_VideoCrafter__NWYRv_MKaA8_10_24to132\1.jpg,AI Video,1,16,"[1, 2, 3, 4, 5, 6, 7, 8, 9, 10, 11, 12, 13, 14, 15, 16]",NWYRv_MKaA8_10_24to132.mp4,OpenSource_T2V_VideoCrafter,T2V,F:\MEngDatasets\AIGVDBench\videos\OpenSource\T2V\VideoCrafter\videos\NWYRv_MKaA8_10_24to132.mp4,1,0.29202402,-0.29202402,1
D:\HaitongNi\MEngProject\d3_datasets\AIGVDBench_all_opensource_1000\frames\fake\OpenSource_I2V_EasyAnimate__QRYsvqSzYuE_43_455to1014,D:\HaitongNi\MEngProject\d3_datasets\AIGVDBench_all_opensource_1000\frames\fake\OpenSource_I2V_EasyAnimate__QRYsvqSzYuE_43_455to1014\1.jpg,AI Video,1,16,"[1, 2, 3, 4, 5, 6, 7, 8, 9, 10, 11, 12, 13, 14, 15, 16]",QRYsvqSzYuE_43_455to1014.mp4,OpenSource_I2V_EasyAnimate,I2V,F:\MEngDatasets\AIGVDBench\videos\OpenSource\I2V\EasyAnimate\videos\QRYsvqSzYuE_43_455to1014.mp4,1,2.7274473,-2.7274473,1
D:\HaitongNi\MEngProject\d3_datasets\AIGVDBench_all_opensource_1000\frames\fake\OpenSource_I2V_SVD__4cvgTuAaMDM_1_0to181,D:\HaitongNi\MEngProject\d3_datasets\AIGVDBench_all_opensource_1000\frames\fake\OpenSource_I2V_SVD__4cvgTuAaMDM_1_0to181\1.jpg,AI Video,1,16,"[1, 2, 3, 4, 5, 6, 7, 8, 9, 10, 11, 12, 13, 14, 15, 16]",4cvgTuAaMDM_1_0to181.mp4,OpenSource_I2V_SVD,I2V,F:\MEngDatasets\AIGVDBench\videos\OpenSource\I2V\SVD\videos\4cvgTuAaMDM_1_0to181.mp4,1,2.5031545,-2.5031545,1
D:\HaitongNi\MEngProject\d3_datasets\AIGVDBench_all_opensource_1000\frames\fake\OpenSource_T2V_IPOC__7TCW9wOxAWk_48_0to214,D:\HaitongNi\MEngProject\d3_datasets\AIGVDBench_all_opensource_1000\frames\fake\OpenSource_T2V_IPOC__7TCW9wOxAWk_48_0to214\1.jpg,AI Video,1,16,"[1, 2, 3, 4, 5, 6, 7, 8, 9, 10, 11, 12, 13, 14, 15, 16]",7TCW9wOxAWk_48_0to214.mp4,OpenSource_T2V_IPOC,T2V,F:\MEngDatasets\AIGVDBench\videos\OpenSource\T2V\IPOC\videos\7TCW9wOxAWk_48_0to214.mp4,1,3.7170148,-3.7170148,1
D:\HaitongNi\MEngProject\d3_datasets\AIGVDBench_all_opensource_1000\frames\fake\OpenSource_I2V_SEINE__bG8EwSG8Hh4_1_0to149,D:\HaitongNi\MEngProject\d3_datasets\AIGVDBench_all_opensource_1000\frames\fake\OpenSource_I2V_SEINE__bG8EwSG8Hh4_1_0to149\1.jpg,AI Video,1,16,"[1, 2, 3, 4, 5, 6, 7, 8, 9, 10, 11, 12, 13, 14, 15, 16]",bG8EwSG8Hh4_1_0to149.mp4,OpenSource_I2V_SEINE,I2V,F:\MEngDatasets\AIGVDBench\videos\OpenSource\I2V\SEINE\videos\bG8EwSG8Hh4_1_0to149.mp4,1,5.162105,-5.162105,1
D:\HaitongNi\MEngProject\d3_datasets\AIGVDBench_all_opensource_1000\frames\fake\OpenSource_T2V_IPOC__EHRI1gr4zik_3_323to481,D:\HaitongNi\MEngProject\d3_datasets\AIGVDBench_all_opensource_1000\frames\fake\OpenSource_T2V_IPOC__EHRI1gr4zik_3_323to481\1.jpg,AI Video,1,16,"[1, 2, 3, 4, 5, 6, 7, 8, 9, 10, 11, 12, 13, 14, 15, 16]",EHRI1gr4zik_3_323to481.mp4,OpenSource_T2V_IPOC,T2V,F:\MEngDatasets\AIGVDBench\videos\OpenSource\T2V\IPOC\videos\EHRI1gr4zik_3_323to481.mp4,1,0.8112672,-0.8112672,1
D:\HaitongNi\MEngProject\d3_datasets\AIGVDBench_all_opensource_1000\frames\fake\OpenSource_T2V_Cogvideox1.5__90u26k64J9A_14_0to144,D:\HaitongNi\MEngProject\d3_datasets\AIGVDBench_all_opensource_1000\frames\fake\OpenSource_T2V_Cogvideox1.5__90u26k64J9A_14_0to144\1.jpg,AI Video,1,16,"[1, 2, 3, 4, 5, 6, 7, 8, 9, 10, 11, 12, 13, 14, 15, 16]",90u26k64J9A_14_0to144.mp4,OpenSource_T2V_Cogvideox1.5,T2V,F:\MEngDatasets\AIGVDBench\videos\OpenSource\T2V\Cogvideox1.5\videos\90u26k64J9A_14_0to144.mp4,1,0.94935375,-0.94935375,1
D:\HaitongNi\MEngProject\d3_datasets\AIGVDBench_all_opensource_1000\frames\fake\OpenSource_V2V_Cogvideox1.5__NWYRv_MKaA8_10_24to132,D:\HaitongNi\MEngProject\d3_datasets\AIGVDBench_all_opensource_1000\frames\fake\OpenSource_V2V_Cogvideox1.5__NWYRv_MKaA8_10_24to132\1.jpg,AI Video,1,16,"[1, 2, 3, 4, 5, 6, 7, 8, 9, 10, 11, 12, 13, 14, 15, 16]",NWYRv_MKaA8_10_24to132.mp4,OpenSource_V2V_Cogvideox1.5,V2V,F:\MEngDatasets\AIGVDBench\videos\OpenSource\V2V\Cogvideox1.5\videos\NWYRv_MKaA8_10_24to132.mp4,1,2.5750096,-2.5750096,1
D:\HaitongNi\MEngProject\d3_datasets\AIGVDBench_all_opensource_1000\frames\fake\OpenSource_T2V_Wan2.1__50KDhKUOrqI_57_294to582,D:\HaitongNi\MEngProject\d3_datasets\AIGVDBench_all_opensource_1000\frames\fake\OpenSource_T2V_Wan2.1__50KDhKUOrqI_57_294to582\1.jpg,AI Video,1,16,"[1, 2, 3, 4, 5, 6, 7, 8, 9, 10, 11, 12, 13, 14, 15, 16]",50KDhKUOrqI_57_294to582.mp4,OpenSource_T2V_Wan2.1,T2V,F:\MEngDatasets\AIGVDBench\videos\OpenSource\T2V\Wan2.1\videos\50KDhKUOrqI_57_294to582.mp4,1,2.7715306,-2.7715306,1
D:\HaitongNi\MEngProject\d3_datasets\AIGVDBench_all_opensource_1000\frames\fake\OpenSource_T2V_IPOC__50KDhKUOrqI_57_294to582,D:\HaitongNi\MEngProject\d3_datasets\AIGVDBench_all_opensource_1000\frames\fake\OpenSource_T2V_IPOC__50KDhKUOrqI_57_294to582\1.jpg,AI Video,1,16,"[1, 2, 3, 4, 5, 6, 7, 8, 9, 10, 11, 12, 13, 14, 15, 16]",50KDhKUOrqI_57_294to582.mp4,OpenSource_T2V_IPOC,T2V,F:\MEngDatasets\AIGVDBench\videos\OpenSource\T2V\IPOC\videos\50KDhKUOrqI_57_294to582.mp4,1,4.9113584,-4.9113584,1
D:\HaitongNi\MEngProject\d3_datasets\AIGVDBench_all_opensource_1000\frames\fake\OpenSource_I2V_EasyAnimate__HlRfdCWGMzI_22_114to219,D:\HaitongNi\MEngProject\d3_datasets\AIGVDBench_all_opensource_1000\frames\fake\OpenSource_I2V_EasyAnimate__HlRfdCWGMzI_22_114to219\1.jpg,AI Video,1,16,"[1, 2, 3, 4, 5, 6, 7, 8, 9, 10, 11, 12, 13, 14, 15, 16]",HlRfdCWGMzI_22_114to219.mp4,OpenSource_I2V_EasyAnimate,I2V,F:\MEngDatasets\AIGVDBench\videos\OpenSource\I2V\EasyAnimate\videos\HlRfdCWGMzI_22_114to219.mp4,1,3.7124941,-3.7124941,1
D:\HaitongNi\MEngProject\d3_datasets\AIGVDBench_all_opensource_1000\frames\fake\OpenSource_T2V_Wan2.1__smJlYSVS9Ds_340_112to226,D:\HaitongNi\MEngProject\d3_datasets\AIGVDBench_all_opensource_1000\frames\fake\OpenSource_T2V_Wan2.1__smJlYSVS9Ds_340_112to226\1.jpg,AI Video,1,16,"[1, 2, 3, 4, 5, 6, 7, 8, 9, 10, 11, 12, 13, 14, 15, 16]",smJlYSVS9Ds_340_112to226.mp4,OpenSource_T2V_Wan2.1,T2V,F:\MEngDatasets\AIGVDBench\videos\OpenSource\T2V\Wan2.1\videos\smJlYSVS9Ds_340_112to226.mp4,1,2.3115761,-2.3115761,1
D:\HaitongNi\MEngProject\d3_datasets\AIGVDBench_all_opensource_1000\frames\fake\OpenSource_I2V_LTX__gcgj6G8r-IQ_28_24to180,D:\HaitongNi\MEngProject\d3_datasets\AIGVDBench_all_opensource_1000\frames\fake\OpenSource_I2V_LTX__gcgj6G8r-IQ_28_24to180\1.jpg,AI Video,1,16,"[1, 2, 3, 4, 5, 6, 7, 8, 9, 10, 11, 12, 13, 14, 15, 16]",gcgj6G8r-IQ_28_24to180.mp4,OpenSource_I2V_LTX,I2V,F:\MEngDatasets\AIGVDBench\videos\OpenSource\I2V\LTX\videos\gcgj6G8r-IQ_28_24to180.mp4,1,2.7003076,-2.7003076,1
D:\HaitongNi\MEngProject\d3_datasets\AIGVDBench_all_opensource_1000\frames\fake\OpenSource_T2V_IPOC__4cvgTuAaMDM_1_0to181,D:\HaitongNi\MEngProject\d3_datasets\AIGVDBench_all_opensource_1000\frames\fake\OpenSource_T2V_IPOC__4cvgTuAaMDM_1_0to181\1.jpg,AI Video,1,16,"[1, 2, 3, 4, 5, 6, 7, 8, 9, 10, 11, 12, 13, 14, 15, 16]",4cvgTuAaMDM_1_0to181.mp4,OpenSource_T2V_IPOC,T2V,F:\MEngDatasets\AIGVDBench\videos\OpenSource\T2V\IPOC\videos\4cvgTuAaMDM_1_0to181.mp4,1,3.3831217,-3.3831217,1
D:\HaitongNi\MEngProject\d3_datasets\AIGVDBench_all_opensource_1000\frames\fake\OpenSource_T2V_Wan2.1__jet4_Hc5j8I_13_0to109,D:\HaitongNi\MEngProject\d3_datasets\AIGVDBench_all_opensource_1000\frames\fake\OpenSource_T2V_Wan2.1__jet4_Hc5j8I_13_0to109\1.jpg,AI Video,1,16,"[1, 2, 3, 4, 5, 6, 7, 8, 9, 10, 11, 12, 13, 14, 15, 16]",jet4_Hc5j8I_13_0to109.mp4,OpenSource_T2V_Wan2.1,T2V,F:\MEngDatasets\AIGVDBench\videos\OpenSource\T2V\Wan2.1\videos\jet4_Hc5j8I_13_0to109.mp4,1,1.291397,-1.291397,1
D:\HaitongNi\MEngProject\d3_datasets\AIGVDBench_all_opensource_1000\frames\fake\OpenSource_I2V_SEINE__HlRfdCWGMzI_22_114to219,D:\HaitongNi\MEngProject\d3_datasets\AIGVDBench_all_opensource_1000\frames\fake\OpenSource_I2V_SEINE__HlRfdCWGMzI_22_114to219\1.jpg,AI Video,1,16,"[1, 2, 3, 4, 5, 6, 7, 8, 9, 10, 11, 12, 13, 14, 15, 16]",HlRfdCWGMzI_22_114to219.mp4,OpenSource_I2V_SEINE,I2V,F:\MEngDatasets\AIGVDBench\videos\OpenSource\I2V\SEINE\videos\HlRfdCWGMzI_22_114to219.mp4,1,1.9124887,-1.9124887,1
D:\HaitongNi\MEngProject\d3_datasets\AIGVDBench_all_opensource_1000\frames\fake\OpenSource_T2V_Wan2.1__W5R52mgaBgk_13_85to215,D:\HaitongNi\MEngProject\d3_datasets\AIGVDBench_all_opensource_1000\frames\fake\OpenSource_T2V_Wan2.1__W5R52mgaBgk_13_85to215\1.jpg,AI Video,1,16,"[1, 2, 3, 4, 5, 6, 7, 8, 9, 10, 11, 12, 13, 14, 15, 16]",W5R52mgaBgk_13_85to215.mp4,OpenSource_T2V_Wan2.1,T2V,F:\MEngDatasets\AIGVDBench\videos\OpenSource\T2V\Wan2.1\videos\W5R52mgaBgk_13_85to215.mp4,1,2.385952,-2.385952,1
D:\HaitongNi\MEngProject\d3_datasets\AIGVDBench_all_opensource_1000\frames\fake\OpenSource_I2V_Pyramid-Flow__90u26k64J9A_14_0to144,D:\HaitongNi\MEngProject\d3_datasets\AIGVDBench_all_opensource_1000\frames\fake\OpenSource_I2V_Pyramid-Flow__90u26k64J9A_14_0to144\1.jpg,AI Video,1,16,"[1, 2, 3, 4, 5, 6, 7, 8, 9, 10, 11, 12, 13, 14, 15, 16]",90u26k64J9A_14_0to144.mp4,OpenSource_I2V_Pyramid-Flow,I2V,F:\MEngDatasets\AIGVDBench\videos\OpenSource\I2V\Pyramid-Flow\videos\90u26k64J9A_14_0to144.mp4,1,2.8048048,-2.8048048,1
D:\HaitongNi\MEngProject\d3_datasets\AIGVDBench_all_opensource_1000\frames\fake\OpenSource_I2V_SEINE__vUVwNN47Uv0_7_1227to1461,D:\HaitongNi\MEngProject\d3_datasets\AIGVDBench_all_opensource_1000\frames\fake\OpenSource_I2V_SEINE__vUVwNN47Uv0_7_1227to1461\1.jpg,AI Video,1,16,"[1, 2, 3, 4, 5, 6, 7, 8, 9, 10, 11, 12, 13, 14, 15, 16]",vUVwNN47Uv0_7_1227to1461.mp4,OpenSource_I2V_SEINE,I2V,F:\MEngDatasets\AIGVDBench\videos\OpenSource\I2V\SEINE\videos\vUVwNN47Uv0_7_1227to1461.mp4,1,2.373007,-2.373007,1
D:\HaitongNi\MEngProject\d3_datasets\AIGVDBench_all_opensource_1000\frames\fake\OpenSource_I2V_LTX__guL5esGDFbk_11_0to163,D:\HaitongNi\MEngProject\d3_datasets\AIGVDBench_all_opensource_1000\frames\fake\OpenSource_I2V_LTX__guL5esGDFbk_11_0to163\1.jpg,AI Video,1,16,"[1, 2, 3, 4, 5, 6, 7, 8, 9, 10, 11, 12, 13, 14, 15, 16]",guL5esGDFbk_11_0to163.mp4,OpenSource_I2V_LTX,I2V,F:\MEngDatasets\AIGVDBench\videos\OpenSource\I2V\LTX\videos\guL5esGDFbk_11_0to163.mp4,1,1.9756019,-1.9756019,1
D:\HaitongNi\MEngProject\d3_datasets\AIGVDBench_all_opensource_1000\frames\fake\OpenSource_I2V_SEINE__jty7y2KedUE_23_0to259,D:\HaitongNi\MEngProject\d3_datasets\AIGVDBench_all_opensource_1000\frames\fake\OpenSource_I2V_SEINE__jty7y2KedUE_23_0to259\1.jpg,AI Video,1,16,"[1, 2, 3, 4, 5, 6, 7, 8, 9, 10, 11, 12, 13, 14, 15, 16]",jty7y2KedUE_23_0to259.mp4,OpenSource_I2V_SEINE,I2V,F:\MEngDatasets\AIGVDBench\videos\OpenSource\I2V\SEINE\videos\jty7y2KedUE_23_0to259.mp4,1,3.6155734,-3.6155734,1
D:\HaitongNi\MEngProject\d3_datasets\AIGVDBench_all_opensource_1000\frames\fake\OpenSource_T2V_Cogvideox1.5__r03AuoH00eM_5_399to542,D:\HaitongNi\MEngProject\d3_datasets\AIGVDBench_all_opensource_1000\frames\fake\OpenSource_T2V_Cogvideox1.5__r03AuoH00eM_5_399to542\1.jpg,AI Video,1,16,"[1, 2, 3, 4, 5, 6, 7, 8, 9, 10, 11, 12, 13, 14, 15, 16]",r03AuoH00eM_5_399to542.mp4,OpenSource_T2V_Cogvideox1.5,T2V,F:\MEngDatasets\AIGVDBench\videos\OpenSource\T2V\Cogvideox1.5\videos\r03AuoH00eM_5_399to542.mp4,1,1.6957544,-1.6957544,1
D:\HaitongNi\MEngProject\d3_datasets\AIGVDBench_all_opensource_1000\frames\fake\OpenSource_T2V_EasyAnimate__4cvgTuAaMDM_1_0to181,D:\HaitongNi\MEngProject\d3_datasets\AIGVDBench_all_opensource_1000\frames\fake\OpenSource_T2V_EasyAnimate__4cvgTuAaMDM_1_0to181\1.jpg,AI Video,1,16,"[1, 2, 3, 4, 5, 6, 7, 8, 9, 10, 11, 12, 13, 14, 15, 16]",4cvgTuAaMDM_1_0to181.mp4,OpenSource_T2V_EasyAnimate,T2V,F:\MEngDatasets\AIGVDBench\videos\OpenSource\T2V\EasyAnimate\videos\4cvgTuAaMDM_1_0to181.mp4,1,0.92034644,-0.92034644,1
D:\HaitongNi\MEngProject\d3_datasets\AIGVDBench_all_opensource_1000\frames\fake\OpenSource_I2V_VideoCrafter__4cvgTuAaMDM_1_0to181,D:\HaitongNi\MEngProject\d3_datasets\AIGVDBench_all_opensource_1000\frames\fake\OpenSource_I2V_VideoCrafter__4cvgTuAaMDM_1_0to181\1.jpg,AI Video,1,16,"[1, 2, 3, 4, 5, 6, 7, 8, 9, 10, 11, 12, 13, 14, 15, 16]",4cvgTuAaMDM_1_0to181.mp4,OpenSource_I2V_VideoCrafter,I2V,F:\MEngDatasets\AIGVDBench\videos\OpenSource\I2V\VideoCrafter\videos\4cvgTuAaMDM_1_0to181.mp4,1,0.73704714,-0.73704714,1
D:\HaitongNi\MEngProject\d3_datasets\AIGVDBench_all_opensource_1000\frames\fake\OpenSource_T2V_IPOC__o82SKvbybvY_14_104to700,D:\HaitongNi\MEngProject\d3_datasets\AIGVDBench_all_opensource_1000\frames\fake\OpenSource_T2V_IPOC__o82SKvbybvY_14_104to700\1.jpg,AI Video,1,16,"[1, 2, 3, 4, 5, 6, 7, 8, 9, 10, 11, 12, 13, 14, 15, 16]",o82SKvbybvY_14_104to700.mp4,OpenSource_T2V_IPOC,T2V,F:\MEngDatasets\AIGVDBench\videos\OpenSource\T2V\IPOC\videos\o82SKvbybvY_14_104to700.mp4,1,1.411931,-1.411931,1
D:\HaitongNi\MEngProject\d3_datasets\AIGVDBench_all_opensource_1000\frames\fake\OpenSource_I2V_EasyAnimate__jty7y2KedUE_23_0to259,D:\HaitongNi\MEngProject\d3_datasets\AIGVDBench_all_opensource_1000\frames\fake\OpenSource_I2V_EasyAnimate__jty7y2KedUE_23_0to259\1.jpg,AI Video,1,16,"[1, 2, 3, 4, 5, 6, 7, 8, 9, 10, 11, 12, 13, 14, 15, 16]",jty7y2KedUE_23_0to259.mp4,OpenSource_I2V_EasyAnimate,I2V,F:\MEngDatasets\AIGVDBench\videos\OpenSource\I2V\EasyAnimate\videos\jty7y2KedUE_23_0to259.mp4,1,6.3540144,-6.3540144,0
D:\HaitongNi\MEngProject\d3_datasets\AIGVDBench_all_opensource_1000\frames\fake\OpenSource_T2V_Cogvideox1.5__0BPQnk47p6M_2_55to191,D:\HaitongNi\MEngProject\d3_datasets\AIGVDBench_all_opensource_1000\frames\fake\OpenSource_T2V_Cogvideox1.5__0BPQnk47p6M_2_55to191\1.jpg,AI Video,1,16,"[1, 2, 3, 4, 5, 6, 7, 8, 9, 10, 11, 12, 13, 14, 15, 16]",0BPQnk47p6M_2_55to191.mp4,OpenSource_T2V_Cogvideox1.5,T2V,F:\MEngDatasets\AIGVDBench\videos\OpenSource\T2V\Cogvideox1.5\videos\0BPQnk47p6M_2_55to191.mp4,1,0.19591531,-0.19591531,1
D:\HaitongNi\MEngProject\d3_datasets\AIGVDBench_all_opensource_1000\frames\fake\OpenSource_T2V_Cogvideox1.5__4cvgTuAaMDM_1_0to181,D:\HaitongNi\MEngProject\d3_datasets\AIGVDBench_all_opensource_1000\frames\fake\OpenSource_T2V_Cogvideox1.5__4cvgTuAaMDM_1_0to181\1.jpg,AI Video,1,16,"[1, 2, 3, 4, 5, 6, 7, 8, 9, 10, 11, 12, 13, 14, 15, 16]",4cvgTuAaMDM_1_0to181.mp4,OpenSource_T2V_Cogvideox1.5,T2V,F:\MEngDatasets\AIGVDBench\videos\OpenSource\T2V\Cogvideox1.5\videos\4cvgTuAaMDM_1_0to181.mp4,1,4.1396327,-4.1396327,1
D:\HaitongNi\MEngProject\d3_datasets\AIGVDBench_all_opensource_1000\frames\fake\OpenSource_T2V_Cogvideox1.5__EHRI1gr4zik_3_323to481,D:\HaitongNi\MEngProject\d3_datasets\AIGVDBench_all_opensource_1000\frames\fake\OpenSource_T2V_Cogvideox1.5__EHRI1gr4zik_3_323to481\1.jpg,AI Video,1,16,"[1, 2, 3, 4, 5, 6, 7, 8, 9, 10, 11, 12, 13, 14, 15, 16]",EHRI1gr4zik_3_323to481.mp4,OpenSource_T2V_Cogvideox1.5,T2V,F:\MEngDatasets\AIGVDBench\videos\OpenSource\T2V\Cogvideox1.5\videos\EHRI1gr4zik_3_323to481.mp4,1,1.0049119,-1.0049119,1
D:\HaitongNi\MEngProject\d3_datasets\AIGVDBench_all_opensource_1000\frames\fake\OpenSource_I2V_VideoCrafter__Vh2cObLYHJ8_13_0to496,D:\HaitongNi\MEngProject\d3_datasets\AIGVDBench_all_opensource_1000\frames\fake\OpenSource_I2V_VideoCrafter__Vh2cObLYHJ8_13_0to496\1.jpg,AI Video,1,16,"[1, 2, 3, 4, 5, 6, 7, 8, 9, 10, 11, 12, 13, 14, 15, 16]",Vh2cObLYHJ8_13_0to496.mp4,OpenSource_I2V_VideoCrafter,I2V,F:\MEngDatasets\AIGVDBench\videos\OpenSource\I2V\VideoCrafter\videos\Vh2cObLYHJ8_13_0to496.mp4,1,4.0725675,-4.0725675,1
D:\HaitongNi\MEngProject\d3_datasets\AIGVDBench_all_opensource_1000\frames\fake\OpenSource_T2V_Cogvideox1.5__jty7y2KedUE_23_0to259,D:\HaitongNi\MEngProject\d3_datasets\AIGVDBench_all_opensource_1000\frames\fake\OpenSource_T2V_Cogvideox1.5__jty7y2KedUE_23_0to259\1.jpg,AI Video,1,16,"[1, 2, 3, 4, 5, 6, 7, 8, 9, 10, 11, 12, 13, 14, 15, 16]",jty7y2KedUE_23_0to259.mp4,OpenSource_T2V_Cogvideox1.5,T2V,F:\MEngDatasets\AIGVDBench\videos\OpenSource\T2V\Cogvideox1.5\videos\jty7y2KedUE_23_0to259.mp4,1,1.3688726,-1.3688726,1
D:\HaitongNi\MEngProject\d3_datasets\AIGVDBench_all_opensource_1000\frames\fake\OpenSource_I2V_LTX__EHRI1gr4zik_3_323to481,D:\HaitongNi\MEngProject\d3_datasets\AIGVDBench_all_opensource_1000\frames\fake\OpenSource_I2V_LTX__EHRI1gr4zik_3_323to481\1.jpg,AI Video,1,16,"[1, 2, 3, 4, 5, 6, 7, 8, 9, 10, 11, 12, 13, 14, 15, 16]",EHRI1gr4zik_3_323to481.mp4,OpenSource_I2V_LTX,I2V,F:\MEngDatasets\AIGVDBench\videos\OpenSource\I2V\LTX\videos\EHRI1gr4zik_3_323to481.mp4,1,1.026599,-1.026599,1
D:\HaitongNi\MEngProject\d3_datasets\AIGVDBench_all_opensource_1000\frames\fake\OpenSource_T2V_Pyramid-Flow__EHRI1gr4zik_3_323to481,D:\HaitongNi\MEngProject\d3_datasets\AIGVDBench_all_opensource_1000\frames\fake\OpenSource_T2V_Pyramid-Flow__EHRI1gr4zik_3_323to481\1.jpg,AI Video,1,16,"[1, 2, 3, 4, 5, 6, 7, 8, 9, 10, 11, 12, 13, 14, 15, 16]",EHRI1gr4zik_3_323to481.mp4,OpenSource_T2V_Pyramid-Flow,T2V,F:\MEngDatasets\AIGVDBench\videos\OpenSource\T2V\Pyramid-Flow\videos\EHRI1gr4zik_3_323to481.mp4,1,2.6322088,-2.6322088,1
D:\HaitongNi\MEngProject\d3_datasets\AIGVDBench_all_opensource_1000\frames\fake\OpenSource_I2V_LTX__r03AuoH00eM_5_399to542,D:\HaitongNi\MEngProject\d3_datasets\AIGVDBench_all_opensource_1000\frames\fake\OpenSource_I2V_LTX__r03AuoH00eM_5_399to542\1.jpg,AI Video,1,16,"[1, 2, 3, 4, 5, 6, 7, 8, 9, 10, 11, 12, 13, 14, 15, 16]",r03AuoH00eM_5_399to542.mp4,OpenSource_I2V_LTX,I2V,F:\MEngDatasets\AIGVDBench\videos\OpenSource\I2V\LTX\videos\r03AuoH00eM_5_399to542.mp4,1,3.6905537,-3.6905537,1
D:\HaitongNi\MEngProject\d3_datasets\AIGVDBench_all_opensource_1000\frames\fake\OpenSource_I2V_Pyramid-Flow__o82SKvbybvY_14_104to700,D:\HaitongNi\MEngProject\d3_datasets\AIGVDBench_all_opensource_1000\frames\fake\OpenSource_I2V_Pyramid-Flow__o82SKvbybvY_14_104to700\1.jpg,AI Video,1,16,"[1, 2, 3, 4, 5, 6, 7, 8, 9, 10, 11, 12, 13, 14, 15, 16]",o82SKvbybvY_14_104to700.mp4,OpenSource_I2V_Pyramid-Flow,I2V,F:\MEngDatasets\AIGVDBench\videos\OpenSource\I2V\Pyramid-Flow\videos\o82SKvbybvY_14_104to700.mp4,1,1.9309467,-1.9309467,1
D:\HaitongNi\MEngProject\d3_datasets\AIGVDBench_all_opensource_1000\frames\fake\OpenSource_T2V_VideoCrafter__4cvgTuAaMDM_1_0to181,D:\HaitongNi\MEngProject\d3_datasets\AIGVDBench_all_opensource_1000\frames\fake\OpenSource_T2V_VideoCrafter__4cvgTuAaMDM_1_0to181\1.jpg,AI Video,1,16,"[1, 2, 3, 4, 5, 6, 7, 8, 9, 10, 11, 12, 13, 14, 15, 16]",4cvgTuAaMDM_1_0to181.mp4,OpenSource_T2V_VideoCrafter,T2V,F:\MEngDatasets\AIGVDBench\videos\OpenSource\T2V\VideoCrafter\videos\4cvgTuAaMDM_1_0to181.mp4,1,0.4773071,-0.4773071,1
D:\HaitongNi\MEngProject\d3_datasets\AIGVDBench_all_opensource_1000\frames\fake\OpenSource_T2V_Wan2.1__y3vyO-025CI_3_0to339,D:\HaitongNi\MEngProject\d3_datasets\AIGVDBench_all_opensource_1000\frames\fake\OpenSource_T2V_Wan2.1__y3vyO-025CI_3_0to339\1.jpg,AI Video,1,16,"[1, 2, 3, 4, 5, 6, 7, 8, 9, 10, 11, 12, 13, 14, 15, 16]",y3vyO-025CI_3_0to339.mp4,OpenSource_T2V_Wan2.1,T2V,F:\MEngDatasets\AIGVDBench\videos\OpenSource\T2V\Wan2.1\videos\y3vyO-025CI_3_0to339.mp4,1,0.68349516,-0.68349516,1
D:\HaitongNi\MEngProject\d3_datasets\AIGVDBench_all_opensource_1000\frames\fake\OpenSource_T2V_RepVideo__02M4tj70Ju0_20_0to116,D:\HaitongNi\MEngProject\d3_datasets\AIGVDBench_all_opensource_1000\frames\fake\OpenSource_T2V_RepVideo__02M4tj70Ju0_20_0to116\1.jpg,AI Video,1,16,"[1, 2, 3, 4, 5, 6, 7, 8, 9, 10, 11, 12, 13, 14, 15, 16]",02M4tj70Ju0_20_0to116.mp4,OpenSource_T2V_RepVideo,T2V,F:\MEngDatasets\AIGVDBench\videos\OpenSource\T2V\RepVideo\videos\02M4tj70Ju0_20_0to116.mp4,1,0.633995,-0.633995,1
D:\HaitongNi\MEngProject\d3_datasets\AIGVDBench_all_opensource_1000\frames\fake\OpenSource_I2V_SEINE__guL5esGDFbk_11_0to163,D:\HaitongNi\MEngProject\d3_datasets\AIGVDBench_all_opensource_1000\frames\fake\OpenSource_I2V_SEINE__guL5esGDFbk_11_0to163\1.jpg,AI Video,1,16,"[1, 2, 3, 4, 5, 6, 7, 8, 9, 10, 11, 12, 13, 14, 15, 16]",guL5esGDFbk_11_0to163.mp4,OpenSource_I2V_SEINE,I2V,F:\MEngDatasets\AIGVDBench\videos\OpenSource\I2V\SEINE\videos\guL5esGDFbk_11_0to163.mp4,1,3.6435297,-3.6435297,1
D:\HaitongNi\MEngProject\d3_datasets\AIGVDBench_all_opensource_1000\frames\fake\OpenSource_T2V_HunyuanVideo__QRYsvqSzYuE_43_455to1014,D:\HaitongNi\MEngProject\d3_datasets\AIGVDBench_all_opensource_1000\frames\fake\OpenSource_T2V_HunyuanVideo__QRYsvqSzYuE_43_455to1014\1.jpg,AI Video,1,16,"[1, 2, 3, 4, 5, 6, 7, 8, 9, 10, 11, 12, 13, 14, 15, 16]",QRYsvqSzYuE_43_455to1014.mp4,OpenSource_T2V_HunyuanVideo,T2V,F:\MEngDatasets\AIGVDBench\videos\OpenSource\T2V\HunyuanVideo\videos\QRYsvqSzYuE_43_455to1014.mp4,1,1.3664091,-1.3664091,1
D:\HaitongNi\MEngProject\d3_datasets\AIGVDBench_all_opensource_1000\frames\fake\OpenSource_T2V_Pyramid-Flow__o82SKvbybvY_14_104to700,D:\HaitongNi\MEngProject\d3_datasets\AIGVDBench_all_opensource_1000\frames\fake\OpenSource_T2V_Pyramid-Flow__o82SKvbybvY_14_104to700\1.jpg,AI Video,1,16,"[1, 2, 3, 4, 5, 6, 7, 8, 9, 10, 11, 12, 13, 14, 15, 16]",o82SKvbybvY_14_104to700.mp4,OpenSource_T2V_Pyramid-Flow,T2V,F:\MEngDatasets\AIGVDBench\videos\OpenSource\T2V\Pyramid-Flow\videos\o82SKvbybvY_14_104to700.mp4,1,2.71195,-2.71195,1
D:\HaitongNi\MEngProject\d3_datasets\AIGVDBench_all_opensource_1000\frames\fake\OpenSource_T2V_Cogvideox1.5__guL5esGDFbk_11_0to163,D:\HaitongNi\MEngProject\d3_datasets\AIGVDBench_all_opensource_1000\frames\fake\OpenSource_T2V_Cogvideox1.5__guL5esGDFbk_11_0to163\1.jpg,AI Video,1,16,"[1, 2, 3, 4, 5, 6, 7, 8, 9, 10, 11, 12, 13, 14, 15, 16]",guL5esGDFbk_11_0to163.mp4,OpenSource_T2V_Cogvideox1.5,T2V,F:\MEngDatasets\AIGVDBench\videos\OpenSource\T2V\Cogvideox1.5\videos\guL5esGDFbk_11_0to163.mp4,1,1.8532146,-1.8532146,1
D:\HaitongNi\MEngProject\d3_datasets\AIGVDBench_all_opensource_1000\frames\fake\OpenSource_T2V_EasyAnimate__02M4tj70Ju0_20_0to116,D:\HaitongNi\MEngProject\d3_datasets\AIGVDBench_all_opensource_1000\frames\fake\OpenSource_T2V_EasyAnimate__02M4tj70Ju0_20_0to116\1.jpg,AI Video,1,16,"[1, 2, 3, 4, 5, 6, 7, 8, 9, 10, 11, 12, 13, 14, 15, 16]",02M4tj70Ju0_20_0to116.mp4,OpenSource_T2V_EasyAnimate,T2V,F:\MEngDatasets\AIGVDBench\videos\OpenSource\T2V\EasyAnimate\videos\02M4tj70Ju0_20_0to116.mp4,1,0.29221216,-0.29221216,1
D:\HaitongNi\MEngProject\d3_datasets\AIGVDBench_all_opensource_1000\frames\fake\OpenSource_T2V_VideoCrafter__smJlYSVS9Ds_340_112to226,D:\HaitongNi\MEngProject\d3_datasets\AIGVDBench_all_opensource_1000\frames\fake\OpenSource_T2V_VideoCrafter__smJlYSVS9Ds_340_112to226\1.jpg,AI Video,1,16,"[1, 2, 3, 4, 5, 6, 7, 8, 9, 10, 11, 12, 13, 14, 15, 16]",smJlYSVS9Ds_340_112to226.mp4,OpenSource_T2V_VideoCrafter,T2V,F:\MEngDatasets\AIGVDBench\videos\OpenSource\T2V\VideoCrafter\videos\smJlYSVS9Ds_340_112to226.mp4,1,1.2191824,-1.2191824,1
D:\HaitongNi\MEngProject\d3_datasets\AIGVDBench_all_opensource_1000\frames\fake\OpenSource_T2V_LTX__nhskgJQ5XMU_202_0to114,D:\HaitongNi\MEngProject\d3_datasets\AIGVDBench_all_opensource_1000\frames\fake\OpenSource_T2V_LTX__nhskgJQ5XMU_202_0to114\1.jpg,AI Video,1,16,"[1, 2, 3, 4, 5, 6, 7, 8, 9, 10, 11, 12, 13, 14, 15, 16]",nhskgJQ5XMU_202_0to114.mp4,OpenSource_T2V_LTX,T2V,F:\MEngDatasets\AIGVDBench\videos\OpenSource\T2V\LTX\videos\nhskgJQ5XMU_202_0to114.mp4,1,4.1536155,-4.1536155,1
D:\HaitongNi\MEngProject\d3_datasets\AIGVDBench_all_opensource_1000\frames\fake\OpenSource_T2V_IPOC__90u26k64J9A_14_0to144,D:\HaitongNi\MEngProject\d3_datasets\AIGVDBench_all_opensource_1000\frames\fake\OpenSource_T2V_IPOC__90u26k64J9A_14_0to144\1.jpg,AI Video,1,16,"[1, 2, 3, 4, 5, 6, 7, 8, 9, 10, 11, 12, 13, 14, 15, 16]",90u26k64J9A_14_0to144.mp4,OpenSource_T2V_IPOC,T2V,F:\MEngDatasets\AIGVDBench\videos\OpenSource\T2V\IPOC\videos\90u26k64J9A_14_0to144.mp4,1,0.6058205,-0.6058205,1
D:\HaitongNi\MEngProject\d3_datasets\AIGVDBench_all_opensource_1000\frames\fake\OpenSource_T2V_VideoCrafter__QRYsvqSzYuE_43_455to1014,D:\HaitongNi\MEngProject\d3_datasets\AIGVDBench_all_opensource_1000\frames\fake\OpenSource_T2V_VideoCrafter__QRYsvqSzYuE_43_455to1014\1.jpg,AI Video,1,16,"[1, 2, 3, 4, 5, 6, 7, 8, 9, 10, 11, 12, 13, 14, 15, 16]",QRYsvqSzYuE_43_455to1014.mp4,OpenSource_T2V_VideoCrafter,T2V,F:\MEngDatasets\AIGVDBench\videos\OpenSource\T2V\VideoCrafter\videos\QRYsvqSzYuE_43_455to1014.mp4,1,0.94291985,-0.94291985,1
D:\HaitongNi\MEngProject\d3_datasets\AIGVDBench_all_opensource_1000\frames\fake\OpenSource_I2V_EasyAnimate__NWYRv_MKaA8_10_24to132,D:\HaitongNi\MEngProject\d3_datasets\AIGVDBench_all_opensource_1000\frames\fake\OpenSource_I2V_EasyAnimate__NWYRv_MKaA8_10_24to132\1.jpg,AI Video,1,16,"[1, 2, 3, 4, 5, 6, 7, 8, 9, 10, 11, 12, 13, 14, 15, 16]",NWYRv_MKaA8_10_24to132.mp4,OpenSource_I2V_EasyAnimate,I2V,F:\MEngDatasets\AIGVDBench\videos\OpenSource\I2V\EasyAnimate\videos\NWYRv_MKaA8_10_24to132.mp4,1,1.8889574,-1.8889574,1
D:\HaitongNi\MEngProject\d3_datasets\AIGVDBench_all_opensource_1000\frames\fake\OpenSource_V2V_LTX__eENFTG4UQsI_3_337to522,D:\HaitongNi\MEngProject\d3_datasets\AIGVDBench_all_opensource_1000\frames\fake\OpenSource_V2V_LTX__eENFTG4UQsI_3_337to522\1.jpg,AI Video,1,16,"[1, 2, 3, 4, 5, 6, 7, 8, 9, 10, 11, 12, 13, 14, 15, 16]",eENFTG4UQsI_3_337to522.mp4,OpenSource_V2V_LTX,V2V,F:\MEngDatasets\AIGVDBench\videos\OpenSource\V2V\LTX\videos\eENFTG4UQsI_3_337to522.mp4,1,2.6240005,-2.6240005,1
D:\HaitongNi\MEngProject\d3_datasets\AIGVDBench_all_opensource_1000\frames\fake\OpenSource_T2V_HunyuanVideo__jet4_Hc5j8I_13_0to109,D:\HaitongNi\MEngProject\d3_datasets\AIGVDBench_all_opensource_1000\frames\fake\OpenSource_T2V_HunyuanVideo__jet4_Hc5j8I_13_0to109\1.jpg,AI Video,1,16,"[1, 2, 3, 4, 5, 6, 7, 8, 9, 10, 11, 12, 13, 14, 15, 16]",jet4_Hc5j8I_13_0to109.mp4,OpenSource_T2V_HunyuanVideo,T2V,F:\MEngDatasets\AIGVDBench\videos\OpenSource\T2V\HunyuanVideo\videos\jet4_Hc5j8I_13_0to109.mp4,1,0.77953905,-0.77953905,1
D:\HaitongNi\MEngProject\d3_datasets\AIGVDBench_all_opensource_1000\frames\fake\OpenSource_T2V_AnimateDiff__50KDhKUOrqI_57_294to582,D:\HaitongNi\MEngProject\d3_datasets\AIGVDBench_all_opensource_1000\frames\fake\OpenSource_T2V_AnimateDiff__50KDhKUOrqI_57_294to582\1.jpg,AI Video,1,16,"[1, 2, 3, 4, 5, 6, 7, 8, 9, 10, 11, 12, 13, 14, 15, 16]",50KDhKUOrqI_57_294to582.mp4,OpenSource_T2V_AnimateDiff,T2V,F:\MEngDatasets\AIGVDBench\videos\OpenSource\T2V\AnimateDiff\home\lma\Benchmark\bench\opensource\T2V\AnimateDiff\videos\50KDhKUOrqI_57_294to582.mp4,1,0.9052081,-0.9052081,1
D:\HaitongNi\MEngProject\d3_datasets\AIGVDBench_all_opensource_1000\frames\fake\OpenSource_I2V_SEINE__nhskgJQ5XMU_202_0to114,D:\HaitongNi\MEngProject\d3_datasets\AIGVDBench_all_opensource_1000\frames\fake\OpenSource_I2V_SEINE__nhskgJQ5XMU_202_0to114\1.jpg,AI Video,1,16,"[1, 2, 3, 4, 5, 6, 7, 8, 9, 10, 11, 12, 13, 14, 15, 16]",nhskgJQ5XMU_202_0to114.mp4,OpenSource_I2V_SEINE,I2V,F:\MEngDatasets\AIGVDBench\videos\OpenSource\I2V\SEINE\videos\nhskgJQ5XMU_202_0to114.mp4,1,3.141319,-3.141319,1
D:\HaitongNi\MEngProject\d3_datasets\AIGVDBench_all_opensource_1000\frames\fake\OpenSource_T2V_HunyuanVideo__r03AuoH00eM_5_399to542,D:\HaitongNi\MEngProject\d3_datasets\AIGVDBench_all_opensource_1000\frames\fake\OpenSource_T2V_HunyuanVideo__r03AuoH00eM_5_399to542\1.jpg,AI Video,1,16,"[1, 2, 3, 4, 5, 6, 7, 8, 9, 10, 11, 12, 13, 14, 15, 16]",r03AuoH00eM_5_399to542.mp4,OpenSource_T2V_HunyuanVideo,T2V,F:\MEngDatasets\AIGVDBench\videos\OpenSource\T2V\HunyuanVideo\videos\r03AuoH00eM_5_399to542.mp4,1,1.479934,-1.479934,1
D:\HaitongNi\MEngProject\d3_datasets\AIGVDBench_all_opensource_1000\frames\fake\OpenSource_V2V_LTX__EHRI1gr4zik_3_323to481,D:\HaitongNi\MEngProject\d3_datasets\AIGVDBench_all_opensource_1000\frames\fake\OpenSource_V2V_LTX__EHRI1gr4zik_3_323to481\1.jpg,AI Video,1,16,"[1, 2, 3, 4, 5, 6, 7, 8, 9, 10, 11, 12, 13, 14, 15, 16]",EHRI1gr4zik_3_323to481.mp4,OpenSource_V2V_LTX,V2V,F:\MEngDatasets\AIGVDBench\videos\OpenSource\V2V\LTX\videos\EHRI1gr4zik_3_323to481.mp4,1,0.77074414,-0.77074414,1
D:\HaitongNi\MEngProject\d3_datasets\AIGVDBench_all_opensource_1000\frames\fake\OpenSource_I2V_LTX__y3vyO-025CI_3_0to339,D:\HaitongNi\MEngProject\d3_datasets\AIGVDBench_all_opensource_1000\frames\fake\OpenSource_I2V_LTX__y3vyO-025CI_3_0to339\1.jpg,AI Video,1,16,"[1, 2, 3, 4, 5, 6, 7, 8, 9, 10, 11, 12, 13, 14, 15, 16]",y3vyO-025CI_3_0to339.mp4,OpenSource_I2V_LTX,I2V,F:\MEngDatasets\AIGVDBench\videos\OpenSource\I2V\LTX\videos\y3vyO-025CI_3_0to339.mp4,1,1.3638806,-1.3638806,1
D:\HaitongNi\MEngProject\d3_datasets\AIGVDBench_all_opensource_1000\frames\fake\OpenSource_I2V_LTX__jty7y2KedUE_23_0to259,D:\HaitongNi\MEngProject\d3_datasets\AIGVDBench_all_opensource_1000\frames\fake\OpenSource_I2V_LTX__jty7y2KedUE_23_0to259\1.jpg,AI Video,1,16,"[1, 2, 3, 4, 5, 6, 7, 8, 9, 10, 11, 12, 13, 14, 15, 16]",jty7y2KedUE_23_0to259.mp4,OpenSource_I2V_LTX,I2V,F:\MEngDatasets\AIGVDBench\videos\OpenSource\I2V\LTX\videos\jty7y2KedUE_23_0to259.mp4,1,2.8188348,-2.8188348,1
D:\HaitongNi\MEngProject\d3_datasets\AIGVDBench_all_opensource_1000\frames\fake\OpenSource_I2V_SVD__xPcAfdYCj5k_136_0to424,D:\HaitongNi\MEngProject\d3_datasets\AIGVDBench_all_opensource_1000\frames\fake\OpenSource_I2V_SVD__xPcAfdYCj5k_136_0to424\1.jpg,AI Video,1,16,"[1, 2, 3, 4, 5, 6, 7, 8, 9, 10, 11, 12, 13, 14, 15, 16]",xPcAfdYCj5k_136_0to424.mp4,OpenSource_I2V_SVD,I2V,F:\MEngDatasets\AIGVDBench\videos\OpenSource\I2V\SVD\videos\xPcAfdYCj5k_136_0to424.mp4,1,2.8771915,-2.8771915,1
D:\HaitongNi\MEngProject\d3_datasets\AIGVDBench_all_opensource_1000\frames\fake\OpenSource_T2V_AnimateDiff__vUVwNN47Uv0_7_1227to1461,D:\HaitongNi\MEngProject\d3_datasets\AIGVDBench_all_opensource_1000\frames\fake\OpenSource_T2V_AnimateDiff__vUVwNN47Uv0_7_1227to1461\1.jpg,AI Video,1,16,"[1, 2, 3, 4, 5, 6, 7, 8, 9, 10, 11, 12, 13, 14, 15, 16]",vUVwNN47Uv0_7_1227to1461.mp4,OpenSource_T2V_AnimateDiff,T2V,F:\MEngDatasets\AIGVDBench\videos\OpenSource\T2V\AnimateDiff\home\lma\Benchmark\bench\opensource\T2V\AnimateDiff\videos\vUVwNN47Uv0_7_1227to1461.mp4,1,2.192524,-2.192524,1
D:\HaitongNi\MEngProject\d3_datasets\AIGVDBench_all_opensource_1000\frames\fake\OpenSource_T2V_Wan2.1__HlRfdCWGMzI_22_114to219,D:\HaitongNi\MEngProject\d3_datasets\AIGVDBench_all_opensource_1000\frames\fake\OpenSource_T2V_Wan2.1__HlRfdCWGMzI_22_114to219\1.jpg,AI Video,1,16,"[1, 2, 3, 4, 5, 6, 7, 8, 9, 10, 11, 12, 13, 14, 15, 16]",HlRfdCWGMzI_22_114to219.mp4,OpenSource_T2V_Wan2.1,T2V,F:\MEngDatasets\AIGVDBench\videos\OpenSource\T2V\Wan2.1\videos\HlRfdCWGMzI_22_114to219.mp4,1,4.2552543,-4.2552543,1
D:\HaitongNi\MEngProject\d3_datasets\AIGVDBench_all_opensource_1000\frames\fake\OpenSource_I2V_EasyAnimate__r03AuoH00eM_5_399to542,D:\HaitongNi\MEngProject\d3_datasets\AIGVDBench_all_opensource_1000\frames\fake\OpenSource_I2V_EasyAnimate__r03AuoH00eM_5_399to542\1.jpg,AI Video,1,16,"[1, 2, 3, 4, 5, 6, 7, 8, 9, 10, 11, 12, 13, 14, 15, 16]",r03AuoH00eM_5_399to542.mp4,OpenSource_I2V_EasyAnimate,I2V,F:\MEngDatasets\AIGVDBench\videos\OpenSource\I2V\EasyAnimate\videos\r03AuoH00eM_5_399to542.mp4,1,2.348795,-2.348795,1
D:\HaitongNi\MEngProject\d3_datasets\AIGVDBench_all_opensource_1000\frames\fake\OpenSource_I2V_EasyAnimate__gcgj6G8r-IQ_28_24to180,D:\HaitongNi\MEngProject\d3_datasets\AIGVDBench_all_opensource_1000\frames\fake\OpenSource_I2V_EasyAnimate__gcgj6G8r-IQ_28_24to180\1.jpg,AI Video,1,16,"[1, 2, 3, 4, 5, 6, 7, 8, 9, 10, 11, 12, 13, 14, 15, 16]",gcgj6G8r-IQ_28_24to180.mp4,OpenSource_I2V_EasyAnimate,I2V,F:\MEngDatasets\AIGVDBench\videos\OpenSource\I2V\EasyAnimate\videos\gcgj6G8r-IQ_28_24to180.mp4,1,0.962869,-0.962869,1
D:\HaitongNi\MEngProject\d3_datasets\AIGVDBench_all_opensource_1000\frames\fake\OpenSource_T2V_VideoCrafter__02M4tj70Ju0_20_0to116,D:\HaitongNi\MEngProject\d3_datasets\AIGVDBench_all_opensource_1000\frames\fake\OpenSource_T2V_VideoCrafter__02M4tj70Ju0_20_0to116\1.jpg,AI Video,1,16,"[1, 2, 3, 4, 5, 6, 7, 8, 9, 10, 11, 12, 13, 14, 15, 16]",02M4tj70Ju0_20_0to116.mp4,OpenSource_T2V_VideoCrafter,T2V,F:\MEngDatasets\AIGVDBench\videos\OpenSource\T2V\VideoCrafter\videos\02M4tj70Ju0_20_0to116.mp4,1,1.6067319,-1.6067319,1
D:\HaitongNi\MEngProject\d3_datasets\AIGVDBench_all_opensource_1000\frames\fake\OpenSource_T2V_IPOC__jty7y2KedUE_23_0to259,D:\HaitongNi\MEngProject\d3_datasets\AIGVDBench_all_opensource_1000\frames\fake\OpenSource_T2V_IPOC__jty7y2KedUE_23_0to259\1.jpg,AI Video,1,16,"[1, 2, 3, 4, 5, 6, 7, 8, 9, 10, 11, 12, 13, 14, 15, 16]",jty7y2KedUE_23_0to259.mp4,OpenSource_T2V_IPOC,T2V,F:\MEngDatasets\AIGVDBench\videos\OpenSource\T2V\IPOC\videos\jty7y2KedUE_23_0to259.mp4,1,1.2699469,-1.2699469,1
D:\HaitongNi\MEngProject\d3_datasets\AIGVDBench_all_opensource_1000\frames\fake\OpenSource_T2V_LTX__90u26k64J9A_14_0to144,D:\HaitongNi\MEngProject\d3_datasets\AIGVDBench_all_opensource_1000\frames\fake\OpenSource_T2V_LTX__90u26k64J9A_14_0to144\1.jpg,AI Video,1,16,"[1, 2, 3, 4, 5, 6, 7, 8, 9, 10, 11, 12, 13, 14, 15, 16]",90u26k64J9A_14_0to144.mp4,OpenSource_T2V_LTX,T2V,F:\MEngDatasets\AIGVDBench\videos\OpenSource\T2V\LTX\videos\90u26k64J9A_14_0to144.mp4,1,2.3840506,-2.3840506,1
D:\HaitongNi\MEngProject\d3_datasets\AIGVDBench_all_opensource_1000\frames\fake\OpenSource_T2V_Cogvideox1.5__smJlYSVS9Ds_340_112to226,D:\HaitongNi\MEngProject\d3_datasets\AIGVDBench_all_opensource_1000\frames\fake\OpenSource_T2V_Cogvideox1.5__smJlYSVS9Ds_340_112to226\1.jpg,AI Video,1,16,"[1, 2, 3, 4, 5, 6, 7, 8, 9, 10, 11, 12, 13, 14, 15, 16]",smJlYSVS9Ds_340_112to226.mp4,OpenSource_T2V_Cogvideox1.5,T2V,F:\MEngDatasets\AIGVDBench\videos\OpenSource\T2V\Cogvideox1.5\videos\smJlYSVS9Ds_340_112to226.mp4,1,1.4013664,-1.4013664,1
D:\HaitongNi\MEngProject\d3_datasets\AIGVDBench_all_opensource_1000\frames\fake\OpenSource_T2V_AnimateDiff__r03AuoH00eM_5_399to542,D:\HaitongNi\MEngProject\d3_datasets\AIGVDBench_all_opensource_1000\frames\fake\OpenSource_T2V_AnimateDiff__r03AuoH00eM_5_399to542\1.jpg,AI Video,1,16,"[1, 2, 3, 4, 5, 6, 7, 8, 9, 10, 11, 12, 13, 14, 15, 16]",r03AuoH00eM_5_399to542.mp4,OpenSource_T2V_AnimateDiff,T2V,F:\MEngDatasets\AIGVDBench\videos\OpenSource\T2V\AnimateDiff\home\lma\Benchmark\bench\opensource\T2V\AnimateDiff\videos\r03AuoH00eM_5_399to542.mp4,1,0.7879961,-0.7879961,1
D:\HaitongNi\MEngProject\d3_datasets\AIGVDBench_all_opensource_1000\frames\fake\OpenSource_T2V_Open-Sora__r03AuoH00eM_5_399to542,D:\HaitongNi\MEngProject\d3_datasets\AIGVDBench_all_opensource_1000\frames\fake\OpenSource_T2V_Open-Sora__r03AuoH00eM_5_399to542\1.jpg,AI Video,1,16,"[1, 2, 3, 4, 5, 6, 7, 8, 9, 10, 11, 12, 13, 14, 15, 16]",r03AuoH00eM_5_399to542.mp4,OpenSource_T2V_Open-Sora,T2V,F:\MEngDatasets\AIGVDBench\videos\OpenSource\T2V\Open-Sora\videos\r03AuoH00eM_5_399to542.mp4,1,1.0221857,-1.0221857,1
D:\HaitongNi\MEngProject\d3_datasets\AIGVDBench_all_opensource_1000\frames\fake\OpenSource_I2V_EasyAnimate__xPcAfdYCj5k_136_0to424,D:\HaitongNi\MEngProject\d3_datasets\AIGVDBench_all_opensource_1000\frames\fake\OpenSource_I2V_EasyAnimate__xPcAfdYCj5k_136_0to424\1.jpg,AI Video,1,16,"[1, 2, 3, 4, 5, 6, 7, 8, 9, 10, 11, 12, 13, 14, 15, 16]",xPcAfdYCj5k_136_0to424.mp4,OpenSource_I2V_EasyAnimate,I2V,F:\MEngDatasets\AIGVDBench\videos\OpenSource\I2V\EasyAnimate\videos\xPcAfdYCj5k_136_0to424.mp4,1,5.1229215,-5.1229215,1
D:\HaitongNi\MEngProject\d3_datasets\AIGVDBench_all_opensource_1000\frames\fake\OpenSource_T2V_Cogvideox1.5__eENFTG4UQsI_3_337to522,D:\HaitongNi\MEngProject\d3_datasets\AIGVDBench_all_opensource_1000\frames\fake\OpenSource_T2V_Cogvideox1.5__eENFTG4UQsI_3_337to522\1.jpg,AI Video,1,16,"[1, 2, 3, 4, 5, 6, 7, 8, 9, 10, 11, 12, 13, 14, 15, 16]",eENFTG4UQsI_3_337to522.mp4,OpenSource_T2V_Cogvideox1.5,T2V,F:\MEngDatasets\AIGVDBench\videos\OpenSource\T2V\Cogvideox1.5\videos\eENFTG4UQsI_3_337to522.mp4,1,2.5828023,-2.5828023,1
D:\HaitongNi\MEngProject\d3_datasets\AIGVDBench_all_opensource_1000\frames\fake\OpenSource_I2V_Pyramid-Flow__xPcAfdYCj5k_136_0to424,D:\HaitongNi\MEngProject\d3_datasets\AIGVDBench_all_opensource_1000\frames\fake\OpenSource_I2V_Pyramid-Flow__xPcAfdYCj5k_136_0to424\1.jpg,AI Video,1,16,"[1, 2, 3, 4, 5, 6, 7, 8, 9, 10, 11, 12, 13, 14, 15, 16]",xPcAfdYCj5k_136_0to424.mp4,OpenSource_I2V_Pyramid-Flow,I2V,F:\MEngDatasets\AIGVDBench\videos\OpenSource\I2V\Pyramid-Flow\videos\xPcAfdYCj5k_136_0to424.mp4,1,3.4279242,-3.4279242,1
D:\HaitongNi\MEngProject\d3_datasets\AIGVDBench_all_opensource_1000\frames\fake\OpenSource_I2V_VideoCrafter__nhskgJQ5XMU_202_0to114,D:\HaitongNi\MEngProject\d3_datasets\AIGVDBench_all_opensource_1000\frames\fake\OpenSource_I2V_VideoCrafter__nhskgJQ5XMU_202_0to114\1.jpg,AI Video,1,16,"[1, 2, 3, 4, 5, 6, 7, 8, 9, 10, 11, 12, 13, 14, 15, 16]",nhskgJQ5XMU_202_0to114.mp4,OpenSource_I2V_VideoCrafter,I2V,F:\MEngDatasets\AIGVDBench\videos\OpenSource\I2V\VideoCrafter\videos\nhskgJQ5XMU_202_0to114.mp4,1,0.67717427,-0.67717427,1
D:\HaitongNi\MEngProject\d3_datasets\AIGVDBench_all_opensource_1000\frames\fake\OpenSource_T2V_RepVideo__jty7y2KedUE_23_0to259,D:\HaitongNi\MEngProject\d3_datasets\AIGVDBench_all_opensource_1000\frames\fake\OpenSource_T2V_RepVideo__jty7y2KedUE_23_0to259\1.jpg,AI Video,1,16,"[1, 2, 3, 4, 5, 6, 7, 8, 9, 10, 11, 12, 13, 14, 15, 16]",jty7y2KedUE_23_0to259.mp4,OpenSource_T2V_RepVideo,T2V,F:\MEngDatasets\AIGVDBench\videos\OpenSource\T2V\RepVideo\videos\jty7y2KedUE_23_0to259.mp4,1,1.5925951,-1.5925951,1
D:\HaitongNi\MEngProject\d3_datasets\AIGVDBench_all_opensource_1000\frames\fake\OpenSource_I2V_SVD__eENFTG4UQsI_3_337to522,D:\HaitongNi\MEngProject\d3_datasets\AIGVDBench_all_opensource_1000\frames\fake\OpenSource_I2V_SVD__eENFTG4UQsI_3_337to522\1.jpg,AI Video,1,16,"[1, 2, 3, 4, 5, 6, 7, 8, 9, 10, 11, 12, 13, 14, 15, 16]",eENFTG4UQsI_3_337to522.mp4,OpenSource_I2V_SVD,I2V,F:\MEngDatasets\AIGVDBench\videos\OpenSource\I2V\SVD\videos\eENFTG4UQsI_3_337to522.mp4,1,2.0017385,-2.0017385,1
D:\HaitongNi\MEngProject\d3_datasets\AIGVDBench_all_opensource_1000\frames\fake\OpenSource_I2V_Pyramid-Flow__EHRI1gr4zik_3_323to481,D:\HaitongNi\MEngProject\d3_datasets\AIGVDBench_all_opensource_1000\frames\fake\OpenSource_I2V_Pyramid-Flow__EHRI1gr4zik_3_323to481\1.jpg,AI Video,1,16,"[1, 2, 3, 4, 5, 6, 7, 8, 9, 10, 11, 12, 13, 14, 15, 16]",EHRI1gr4zik_3_323to481.mp4,OpenSource_I2V_Pyramid-Flow,I2V,F:\MEngDatasets\AIGVDBench\videos\OpenSource\I2V\Pyramid-Flow\videos\EHRI1gr4zik_3_323to481.mp4,1,0.96025765,-0.96025765,1
D:\HaitongNi\MEngProject\d3_datasets\AIGVDBench_all_opensource_1000\frames\fake\OpenSource_V2V_Cogvideox1.5__02M4tj70Ju0_20_0to116,D:\HaitongNi\MEngProject\d3_datasets\AIGVDBench_all_opensource_1000\frames\fake\OpenSource_V2V_Cogvideox1.5__02M4tj70Ju0_20_0to116\1.jpg,AI Video,1,16,"[1, 2, 3, 4, 5, 6, 7, 8, 9, 10, 11, 12, 13, 14, 15, 16]",02M4tj70Ju0_20_0to116.mp4,OpenSource_V2V_Cogvideox1.5,V2V,F:\MEngDatasets\AIGVDBench\videos\OpenSource\V2V\Cogvideox1.5\videos\02M4tj70Ju0_20_0to116.mp4,1,0.78306973,-0.78306973,1
D:\HaitongNi\MEngProject\d3_datasets\AIGVDBench_all_opensource_1000\frames\fake\OpenSource_T2V_AccVideo__4cvgTuAaMDM_1_0to181,D:\HaitongNi\MEngProject\d3_datasets\AIGVDBench_all_opensource_1000\frames\fake\OpenSource_T2V_AccVideo__4cvgTuAaMDM_1_0to181\1.jpg,AI Video,1,16,"[1, 2, 3, 4, 5, 6, 7, 8, 9, 10, 11, 12, 13, 14, 15, 16]",4cvgTuAaMDM_1_0to181.mp4,OpenSource_T2V_AccVideo,T2V,F:\MEngDatasets\AIGVDBench\videos\OpenSource\T2V\AccVideo\videos\4cvgTuAaMDM_1_0to181.mp4,1,3.239845,-3.239845,1
D:\HaitongNi\MEngProject\d3_datasets\AIGVDBench_all_opensource_1000\frames\fake\OpenSource_I2V_LTX__02M4tj70Ju0_20_0to116,D:\HaitongNi\MEngProject\d3_datasets\AIGVDBench_all_opensource_1000\frames\fake\OpenSource_I2V_LTX__02M4tj70Ju0_20_0to116\1.jpg,AI Video,1,16,"[1, 2, 3, 4, 5, 6, 7, 8, 9, 10, 11, 12, 13, 14, 15, 16]",02M4tj70Ju0_20_0to116.mp4,OpenSource_I2V_LTX,I2V,F:\MEngDatasets\AIGVDBench\videos\OpenSource\I2V\LTX\videos\02M4tj70Ju0_20_0to116.mp4,1,0.6865168,-0.6865168,1
D:\HaitongNi\MEngProject\d3_datasets\AIGVDBench_all_opensource_1000\frames\fake\OpenSource_I2V_SEINE__r03AuoH00eM_5_399to542,D:\HaitongNi\MEngProject\d3_datasets\AIGVDBench_all_opensource_1000\frames\fake\OpenSource_I2V_SEINE__r03AuoH00eM_5_399to542\1.jpg,AI Video,1,16,"[1, 2, 3, 4, 5, 6, 7, 8, 9, 10, 11, 12, 13, 14, 15, 16]",r03AuoH00eM_5_399to542.mp4,OpenSource_I2V_SEINE,I2V,F:\MEngDatasets\AIGVDBench\videos\OpenSource\I2V\SEINE\videos\r03AuoH00eM_5_399to542.mp4,1,1.8392918,-1.8392918,1
D:\HaitongNi\MEngProject\d3_datasets\AIGVDBench_all_opensource_1000\frames\fake\OpenSource_I2V_VideoCrafter__7TCW9wOxAWk_48_0to214,D:\HaitongNi\MEngProject\d3_datasets\AIGVDBench_all_opensource_1000\frames\fake\OpenSource_I2V_VideoCrafter__7TCW9wOxAWk_48_0to214\1.jpg,AI Video,1,16,"[1, 2, 3, 4, 5, 6, 7, 8, 9, 10, 11, 12, 13, 14, 15, 16]",7TCW9wOxAWk_48_0to214.mp4,OpenSource_I2V_VideoCrafter,I2V,F:\MEngDatasets\AIGVDBench\videos\OpenSource\I2V\VideoCrafter\videos\7TCW9wOxAWk_48_0to214.mp4,1,1.3315436,-1.3315436,1
D:\HaitongNi\MEngProject\d3_datasets\AIGVDBench_all_opensource_1000\frames\fake\OpenSource_T2V_AccVideo__eENFTG4UQsI_3_337to522,D:\HaitongNi\MEngProject\d3_datasets\AIGVDBench_all_opensource_1000\frames\fake\OpenSource_T2V_AccVideo__eENFTG4UQsI_3_337to522\1.jpg,AI Video,1,16,"[1, 2, 3, 4, 5, 6, 7, 8, 9, 10, 11, 12, 13, 14, 15, 16]",eENFTG4UQsI_3_337to522.mp4,OpenSource_T2V_AccVideo,T2V,F:\MEngDatasets\AIGVDBench\videos\OpenSource\T2V\AccVideo\videos\eENFTG4UQsI_3_337to522.mp4,1,1.186966,-1.186966,1
D:\HaitongNi\MEngProject\d3_datasets\AIGVDBench_all_opensource_1000\frames\fake\OpenSource_T2V_AccVideo__QRYsvqSzYuE_43_455to1014,D:\HaitongNi\MEngProject\d3_datasets\AIGVDBench_all_opensource_1000\frames\fake\OpenSource_T2V_AccVideo__QRYsvqSzYuE_43_455to1014\1.jpg,AI Video,1,16,"[1, 2, 3, 4, 5, 6, 7, 8, 9, 10, 11, 12, 13, 14, 15, 16]",QRYsvqSzYuE_43_455to1014.mp4,OpenSource_T2V_AccVideo,T2V,F:\MEngDatasets\AIGVDBench\videos\OpenSource\T2V\AccVideo\videos\QRYsvqSzYuE_43_455to1014.mp4,1,2.1538363,-2.1538363,1
D:\HaitongNi\MEngProject\d3_datasets\AIGVDBench_all_opensource_1000\frames\fake\OpenSource_I2V_SEINE__smJlYSVS9Ds_340_112to226,D:\HaitongNi\MEngProject\d3_datasets\AIGVDBench_all_opensource_1000\frames\fake\OpenSource_I2V_SEINE__smJlYSVS9Ds_340_112to226\1.jpg,AI Video,1,16,"[1, 2, 3, 4, 5, 6, 7, 8, 9, 10, 11, 12, 13, 14, 15, 16]",smJlYSVS9Ds_340_112to226.mp4,OpenSource_I2V_SEINE,I2V,F:\MEngDatasets\AIGVDBench\videos\OpenSource\I2V\SEINE\videos\smJlYSVS9Ds_340_112to226.mp4,1,2.1497426,-2.1497426,1
D:\HaitongNi\MEngProject\d3_datasets\AIGVDBench_all_opensource_1000\frames\fake\OpenSource_T2V_Pyramid-Flow__QRYsvqSzYuE_43_455to1014,D:\HaitongNi\MEngProject\d3_datasets\AIGVDBench_all_opensource_1000\frames\fake\OpenSource_T2V_Pyramid-Flow__QRYsvqSzYuE_43_455to1014\1.jpg,AI Video,1,16,"[1, 2, 3, 4, 5, 6, 7, 8, 9, 10, 11, 12, 13, 14, 15, 16]",QRYsvqSzYuE_43_455to1014.mp4,OpenSource_T2V_Pyramid-Flow,T2V,F:\MEngDatasets\AIGVDBench\videos\OpenSource\T2V\Pyramid-Flow\videos\QRYsvqSzYuE_43_455to1014.mp4,1,2.044668,-2.044668,1
D:\HaitongNi\MEngProject\d3_datasets\AIGVDBench_all_opensource_1000\frames\fake\OpenSource_I2V_VideoCrafter__W5R52mgaBgk_13_85to215,D:\HaitongNi\MEngProject\d3_datasets\AIGVDBench_all_opensource_1000\frames\fake\OpenSource_I2V_VideoCrafter__W5R52mgaBgk_13_85to215\1.jpg,AI Video,1,16,"[1, 2, 3, 4, 5, 6, 7, 8, 9, 10, 11, 12, 13, 14, 15, 16]",W5R52mgaBgk_13_85to215.mp4,OpenSource_I2V_VideoCrafter,I2V,F:\MEngDatasets\AIGVDBench\videos\OpenSource\I2V\VideoCrafter\videos\W5R52mgaBgk_13_85to215.mp4,1,0.68648714,-0.68648714,1
D:\HaitongNi\MEngProject\d3_datasets\AIGVDBench_all_opensource_1000\frames\fake\OpenSource_T2V_RepVideo__smJlYSVS9Ds_340_112to226,D:\HaitongNi\MEngProject\d3_datasets\AIGVDBench_all_opensource_1000\frames\fake\OpenSource_T2V_RepVideo__smJlYSVS9Ds_340_112to226\1.jpg,AI Video,1,16,"[1, 2, 3, 4, 5, 6, 7, 8, 9, 10, 11, 12, 13, 14, 15, 16]",smJlYSVS9Ds_340_112to226.mp4,OpenSource_T2V_RepVideo,T2V,F:\MEngDatasets\AIGVDBench\videos\OpenSource\T2V\RepVideo\videos\smJlYSVS9Ds_340_112to226.mp4,1,1.3459412,-1.3459412,1
D:\HaitongNi\MEngProject\d3_datasets\AIGVDBench_all_opensource_1000\frames\fake\OpenSource_T2V_AccVideo__vUVwNN47Uv0_7_1227to1461,D:\HaitongNi\MEngProject\d3_datasets\AIGVDBench_all_opensource_1000\frames\fake\OpenSource_T2V_AccVideo__vUVwNN47Uv0_7_1227to1461\1.jpg,AI Video,1,16,"[1, 2, 3, 4, 5, 6, 7, 8, 9, 10, 11, 12, 13, 14, 15, 16]",vUVwNN47Uv0_7_1227to1461.mp4,OpenSource_T2V_AccVideo,T2V,F:\MEngDatasets\AIGVDBench\videos\OpenSource\T2V\AccVideo\videos\vUVwNN47Uv0_7_1227to1461.mp4,1,1.3377602,-1.3377602,1
D:\HaitongNi\MEngProject\d3_datasets\AIGVDBench_all_opensource_1000\frames\fake\OpenSource_I2V_SEINE__QRYsvqSzYuE_43_455to1014,D:\HaitongNi\MEngProject\d3_datasets\AIGVDBench_all_opensource_1000\frames\fake\OpenSource_I2V_SEINE__QRYsvqSzYuE_43_455to1014\1.jpg,AI Video,1,16,"[1, 2, 3, 4, 5, 6, 7, 8, 9, 10, 11, 12, 13, 14, 15, 16]",QRYsvqSzYuE_43_455to1014.mp4,OpenSource_I2V_SEINE,I2V,F:\MEngDatasets\AIGVDBench\videos\OpenSource\I2V\SEINE\videos\QRYsvqSzYuE_43_455to1014.mp4,1,1.7910528,-1.7910528,1
D:\HaitongNi\MEngProject\d3_datasets\AIGVDBench_all_opensource_1000\frames\fake\OpenSource_V2V_Cogvideox1.5__0BPQnk47p6M_2_55to191,D:\HaitongNi\MEngProject\d3_datasets\AIGVDBench_all_opensource_1000\frames\fake\OpenSource_V2V_Cogvideox1.5__0BPQnk47p6M_2_55to191\1.jpg,AI Video,1,16,"[1, 2, 3, 4, 5, 6, 7, 8, 9, 10, 11, 12, 13, 14, 15, 16]",0BPQnk47p6M_2_55to191.mp4,OpenSource_V2V_Cogvideox1.5,V2V,F:\MEngDatasets\AIGVDBench\videos\OpenSource\V2V\Cogvideox1.5\videos\0BPQnk47p6M_2_55to191.mp4,1,1.7122467,-1.7122467,1
D:\HaitongNi\MEngProject\d3_datasets\AIGVDBench_all_opensource_1000\frames\fake\OpenSource_I2V_LTX__NWYRv_MKaA8_10_24to132,D:\HaitongNi\MEngProject\d3_datasets\AIGVDBench_all_opensource_1000\frames\fake\OpenSource_I2V_LTX__NWYRv_MKaA8_10_24to132\1.jpg,AI Video,1,16,"[1, 2, 3, 4, 5, 6, 7, 8, 9, 10, 11, 12, 13, 14, 15, 16]",NWYRv_MKaA8_10_24to132.mp4,OpenSource_I2V_LTX,I2V,F:\MEngDatasets\AIGVDBench\videos\OpenSource\I2V\LTX\videos\NWYRv_MKaA8_10_24to132.mp4,1,2.4288337,-2.4288337,1
D:\HaitongNi\MEngProject\d3_datasets\AIGVDBench_all_opensource_1000\frames\fake\OpenSource_T2V_Wan2.1__guL5esGDFbk_11_0to163,D:\HaitongNi\MEngProject\d3_datasets\AIGVDBench_all_opensource_1000\frames\fake\OpenSource_T2V_Wan2.1__guL5esGDFbk_11_0to163\1.jpg,AI Video,1,16,"[1, 2, 3, 4, 5, 6, 7, 8, 9, 10, 11, 12, 13, 14, 15, 16]",guL5esGDFbk_11_0to163.mp4,OpenSource_T2V_Wan2.1,T2V,F:\MEngDatasets\AIGVDBench\videos\OpenSource\T2V\Wan2.1\videos\guL5esGDFbk_11_0to163.mp4,1,2.644473,-2.644473,1
D:\HaitongNi\MEngProject\d3_datasets\AIGVDBench_all_opensource_1000\frames\fake\OpenSource_V2V_LTX__nhskgJQ5XMU_202_0to114,D:\HaitongNi\MEngProject\d3_datasets\AIGVDBench_all_opensource_1000\frames\fake\OpenSource_V2V_LTX__nhskgJQ5XMU_202_0to114\1.jpg,AI Video,1,16,"[1, 2, 3, 4, 5, 6, 7, 8, 9, 10, 11, 12, 13, 14, 15, 16]",nhskgJQ5XMU_202_0to114.mp4,OpenSource_V2V_LTX,V2V,F:\MEngDatasets\AIGVDBench\videos\OpenSource\V2V\LTX\videos\nhskgJQ5XMU_202_0to114.mp4,1,3.9465523,-3.9465523,1
D:\HaitongNi\MEngProject\d3_datasets\AIGVDBench_all_opensource_1000\frames\fake\OpenSource_T2V_VideoCrafter__50KDhKUOrqI_57_294to582,D:\HaitongNi\MEngProject\d3_datasets\AIGVDBench_all_opensource_1000\frames\fake\OpenSource_T2V_VideoCrafter__50KDhKUOrqI_57_294to582\1.jpg,AI Video,1,16,"[1, 2, 3, 4, 5, 6, 7, 8, 9, 10, 11, 12, 13, 14, 15, 16]",50KDhKUOrqI_57_294to582.mp4,OpenSource_T2V_VideoCrafter,T2V,F:\MEngDatasets\AIGVDBench\videos\OpenSource\T2V\VideoCrafter\videos\50KDhKUOrqI_57_294to582.mp4,1,1.7812738,-1.7812738,1
D:\HaitongNi\MEngProject\d3_datasets\AIGVDBench_all_opensource_1000\frames\fake\OpenSource_T2V_Wan2.1__7TCW9wOxAWk_48_0to214,D:\HaitongNi\MEngProject\d3_datasets\AIGVDBench_all_opensource_1000\frames\fake\OpenSource_T2V_Wan2.1__7TCW9wOxAWk_48_0to214\1.jpg,AI Video,1,16,"[1, 2, 3, 4, 5, 6, 7, 8, 9, 10, 11, 12, 13, 14, 15, 16]",7TCW9wOxAWk_48_0to214.mp4,OpenSource_T2V_Wan2.1,T2V,F:\MEngDatasets\AIGVDBench\videos\OpenSource\T2V\Wan2.1\videos\7TCW9wOxAWk_48_0to214.mp4,1,2.5609412,-2.5609412,1
D:\HaitongNi\MEngProject\d3_datasets\AIGVDBench_all_opensource_1000\frames\fake\OpenSource_I2V_SVD__guL5esGDFbk_11_0to163,D:\HaitongNi\MEngProject\d3_datasets\AIGVDBench_all_opensource_1000\frames\fake\OpenSource_I2V_SVD__guL5esGDFbk_11_0to163\1.jpg,AI Video,1,16,"[1, 2, 3, 4, 5, 6, 7, 8, 9, 10, 11, 12, 13, 14, 15, 16]",guL5esGDFbk_11_0to163.mp4,OpenSource_I2V_SVD,I2V,F:\MEngDatasets\AIGVDBench\videos\OpenSource\I2V\SVD\videos\guL5esGDFbk_11_0to163.mp4,1,1.6107492,-1.6107492,1
D:\HaitongNi\MEngProject\d3_datasets\AIGVDBench_all_opensource_1000\frames\fake\OpenSource_I2V_SEINE__xPcAfdYCj5k_136_0to424,D:\HaitongNi\MEngProject\d3_datasets\AIGVDBench_all_opensource_1000\frames\fake\OpenSource_I2V_SEINE__xPcAfdYCj5k_136_0to424\1.jpg,AI Video,1,16,"[1, 2, 3, 4, 5, 6, 7, 8, 9, 10, 11, 12, 13, 14, 15, 16]",xPcAfdYCj5k_136_0to424.mp4,OpenSource_I2V_SEINE,I2V,F:\MEngDatasets\AIGVDBench\videos\OpenSource\I2V\SEINE\videos\xPcAfdYCj5k_136_0to424.mp4,1,4.0203156,-4.0203156,1
D:\HaitongNi\MEngProject\d3_datasets\AIGVDBench_all_opensource_1000\frames\fake\OpenSource_I2V_SVD__0BPQnk47p6M_2_55to191,D:\HaitongNi\MEngProject\d3_datasets\AIGVDBench_all_opensource_1000\frames\fake\OpenSource_I2V_SVD__0BPQnk47p6M_2_55to191\1.jpg,AI Video,1,16,"[1, 2, 3, 4, 5, 6, 7, 8, 9, 10, 11, 12, 13, 14, 15, 16]",0BPQnk47p6M_2_55to191.mp4,OpenSource_I2V_SVD,I2V,F:\MEngDatasets\AIGVDBench\videos\OpenSource\I2V\SVD\videos\0BPQnk47p6M_2_55to191.mp4,1,3.6181533,-3.6181533,1
D:\HaitongNi\MEngProject\d3_datasets\AIGVDBench_all_opensource_1000\frames\fake\OpenSource_I2V_LTX__7TCW9wOxAWk_48_0to214,D:\HaitongNi\MEngProject\d3_datasets\AIGVDBench_all_opensource_1000\frames\fake\OpenSource_I2V_LTX__7TCW9wOxAWk_48_0to214\1.jpg,AI Video,1,16,"[1, 2, 3, 4, 5, 6, 7, 8, 9, 10, 11, 12, 13, 14, 15, 16]",7TCW9wOxAWk_48_0to214.mp4,OpenSource_I2V_LTX,I2V,F:\MEngDatasets\AIGVDBench\videos\OpenSource\I2V\LTX\videos\7TCW9wOxAWk_48_0to214.mp4,1,5.717669,-5.717669,0
D:\HaitongNi\MEngProject\d3_datasets\AIGVDBench_all_opensource_1000\frames\fake\OpenSource_T2V_RepVideo__HlRfdCWGMzI_22_114to219,D:\HaitongNi\MEngProject\d3_datasets\AIGVDBench_all_opensource_1000\frames\fake\OpenSource_T2V_RepVideo__HlRfdCWGMzI_22_114to219\1.jpg,AI Video,1,16,"[1, 2, 3, 4, 5, 6, 7, 8, 9, 10, 11, 12, 13, 14, 15, 16]",HlRfdCWGMzI_22_114to219.mp4,OpenSource_T2V_RepVideo,T2V,F:\MEngDatasets\AIGVDBench\videos\OpenSource\T2V\RepVideo\videos\HlRfdCWGMzI_22_114to219.mp4,1,7.526802,-7.526802,0
D:\HaitongNi\MEngProject\d3_datasets\AIGVDBench_all_opensource_1000\frames\fake\OpenSource_I2V_SEINE__EHRI1gr4zik_3_323to481,D:\HaitongNi\MEngProject\d3_datasets\AIGVDBench_all_opensource_1000\frames\fake\OpenSource_I2V_SEINE__EHRI1gr4zik_3_323to481\1.jpg,AI Video,1,16,"[1, 2, 3, 4, 5, 6, 7, 8, 9, 10, 11, 12, 13, 14, 15, 16]",EHRI1gr4zik_3_323to481.mp4,OpenSource_I2V_SEINE,I2V,F:\MEngDatasets\AIGVDBench\videos\OpenSource\I2V\SEINE\videos\EHRI1gr4zik_3_323to481.mp4,1,2.2647812,-2.2647812,1
D:\HaitongNi\MEngProject\d3_datasets\AIGVDBench_all_opensource_1000\frames\fake\OpenSource_T2V_HunyuanVideo__jty7y2KedUE_23_0to259,D:\HaitongNi\MEngProject\d3_datasets\AIGVDBench_all_opensource_1000\frames\fake\OpenSource_T2V_HunyuanVideo__jty7y2KedUE_23_0to259\1.jpg,AI Video,1,16,"[1, 2, 3, 4, 5, 6, 7, 8, 9, 10, 11, 12, 13, 14, 15, 16]",jty7y2KedUE_23_0to259.mp4,OpenSource_T2V_HunyuanVideo,T2V,F:\MEngDatasets\AIGVDBench\videos\OpenSource\T2V\HunyuanVideo\videos\jty7y2KedUE_23_0to259.mp4,1,1.1210515,-1.1210515,1
D:\HaitongNi\MEngProject\d3_datasets\AIGVDBench_all_opensource_1000\frames\fake\OpenSource_T2V_Pyramid-Flow__02M4tj70Ju0_20_0to116,D:\HaitongNi\MEngProject\d3_datasets\AIGVDBench_all_opensource_1000\frames\fake\OpenSource_T2V_Pyramid-Flow__02M4tj70Ju0_20_0to116\1.jpg,AI Video,1,16,"[1, 2, 3, 4, 5, 6, 7, 8, 9, 10, 11, 12, 13, 14, 15, 16]",02M4tj70Ju0_20_0to116.mp4,OpenSource_T2V_Pyramid-Flow,T2V,F:\MEngDatasets\AIGVDBench\videos\OpenSource\T2V\Pyramid-Flow\videos\02M4tj70Ju0_20_0to116.mp4,1,3.267505,-3.267505,1
D:\HaitongNi\MEngProject\d3_datasets\AIGVDBench_all_opensource_1000\frames\fake\OpenSource_T2V_RepVideo__r03AuoH00eM_5_399to542,D:\HaitongNi\MEngProject\d3_datasets\AIGVDBench_all_opensource_1000\frames\fake\OpenSource_T2V_RepVideo__r03AuoH00eM_5_399to542\1.jpg,AI Video,1,16,"[1, 2, 3, 4, 5, 6, 7, 8, 9, 10, 11, 12, 13, 14, 15, 16]",r03AuoH00eM_5_399to542.mp4,OpenSource_T2V_RepVideo,T2V,F:\MEngDatasets\AIGVDBench\videos\OpenSource\T2V\RepVideo\videos\r03AuoH00eM_5_399to542.mp4,1,1.3285338,-1.3285338,1
D:\HaitongNi\MEngProject\d3_datasets\AIGVDBench_all_opensource_1000\frames\fake\OpenSource_T2V_AnimateDiff__guL5esGDFbk_11_0to163,D:\HaitongNi\MEngProject\d3_datasets\AIGVDBench_all_opensource_1000\frames\fake\OpenSource_T2V_AnimateDiff__guL5esGDFbk_11_0to163\1.jpg,AI Video,1,16,"[1, 2, 3, 4, 5, 6, 7, 8, 9, 10, 11, 12, 13, 14, 15, 16]",guL5esGDFbk_11_0to163.mp4,OpenSource_T2V_AnimateDiff,T2V,F:\MEngDatasets\AIGVDBench\videos\OpenSource\T2V\AnimateDiff\home\lma\Benchmark\bench\opensource\T2V\AnimateDiff\videos\guL5esGDFbk_11_0to163.mp4,1,2.2264667,-2.2264667,1
D:\HaitongNi\MEngProject\d3_datasets\AIGVDBench_all_opensource_1000\frames\fake\OpenSource_T2V_VideoCrafter__0BPQnk47p6M_2_55to191,D:\HaitongNi\MEngProject\d3_datasets\AIGVDBench_all_opensource_1000\frames\fake\OpenSource_T2V_VideoCrafter__0BPQnk47p6M_2_55to191\1.jpg,AI Video,1,16,"[1, 2, 3, 4, 5, 6, 7, 8, 9, 10, 11, 12, 13, 14, 15, 16]",0BPQnk47p6M_2_55to191.mp4,OpenSource_T2V_VideoCrafter,T2V,F:\MEngDatasets\AIGVDBench\videos\OpenSource\T2V\VideoCrafter\videos\0BPQnk47p6M_2_55to191.mp4,1,0.88339627,-0.88339627,1
D:\HaitongNi\MEngProject\d3_datasets\AIGVDBench_all_opensource_1000\frames\fake\OpenSource_T2V_IPOC__xPcAfdYCj5k_136_0to424,D:\HaitongNi\MEngProject\d3_datasets\AIGVDBench_all_opensource_1000\frames\fake\OpenSource_T2V_IPOC__xPcAfdYCj5k_136_0to424\1.jpg,AI Video,1,16,"[1, 2, 3, 4, 5, 6, 7, 8, 9, 10, 11, 12, 13, 14, 15, 16]",xPcAfdYCj5k_136_0to424.mp4,OpenSource_T2V_IPOC,T2V,F:\MEngDatasets\AIGVDBench\videos\OpenSource\T2V\IPOC\videos\xPcAfdYCj5k_136_0to424.mp4,1,3.7467492,-3.7467492,1
D:\HaitongNi\MEngProject\d3_datasets\AIGVDBench_all_opensource_1000\frames\fake\OpenSource_V2V_Cogvideox1.5__smJlYSVS9Ds_340_112to226,D:\HaitongNi\MEngProject\d3_datasets\AIGVDBench_all_opensource_1000\frames\fake\OpenSource_V2V_Cogvideox1.5__smJlYSVS9Ds_340_112to226\1.jpg,AI Video,1,16,"[1, 2, 3, 4, 5, 6, 7, 8, 9, 10, 11, 12, 13, 14, 15, 16]",smJlYSVS9Ds_340_112to226.mp4,OpenSource_V2V_Cogvideox1.5,V2V,F:\MEngDatasets\AIGVDBench\videos\OpenSource\V2V\Cogvideox1.5\videos\smJlYSVS9Ds_340_112to226.mp4,1,2.5330095,-2.5330095,1
D:\HaitongNi\MEngProject\d3_datasets\AIGVDBench_all_opensource_1000\frames\fake\OpenSource_T2V_AnimateDiff__W5R52mgaBgk_13_85to215,D:\HaitongNi\MEngProject\d3_datasets\AIGVDBench_all_opensource_1000\frames\fake\OpenSource_T2V_AnimateDiff__W5R52mgaBgk_13_85to215\1.jpg,AI Video,1,16,"[1, 2, 3, 4, 5, 6, 7, 8, 9, 10, 11, 12, 13, 14, 15, 16]",W5R52mgaBgk_13_85to215.mp4,OpenSource_T2V_AnimateDiff,T2V,F:\MEngDatasets\AIGVDBench\videos\OpenSource\T2V\AnimateDiff\home\lma\Benchmark\bench\opensource\T2V\AnimateDiff\videos\W5R52mgaBgk_13_85to215.mp4,1,1.256134,-1.256134,1
D:\HaitongNi\MEngProject\d3_datasets\AIGVDBench_all_opensource_1000\frames\fake\OpenSource_V2V_Cogvideox1.5__jty7y2KedUE_23_0to259,D:\HaitongNi\MEngProject\d3_datasets\AIGVDBench_all_opensource_1000\frames\fake\OpenSource_V2V_Cogvideox1.5__jty7y2KedUE_23_0to259\1.jpg,AI Video,1,16,"[1, 2, 3, 4, 5, 6, 7, 8, 9, 10, 11, 12, 13, 14, 15, 16]",jty7y2KedUE_23_0to259.mp4,OpenSource_V2V_Cogvideox1.5,V2V,F:\MEngDatasets\AIGVDBench\videos\OpenSource\V2V\Cogvideox1.5\videos\jty7y2KedUE_23_0to259.mp4,1,4.0392647,-4.0392647,1
D:\HaitongNi\MEngProject\d3_datasets\AIGVDBench_all_opensource_1000\frames\fake\OpenSource_T2V_HunyuanVideo__HlRfdCWGMzI_22_114to219,D:\HaitongNi\MEngProject\d3_datasets\AIGVDBench_all_opensource_1000\frames\fake\OpenSource_T2V_HunyuanVideo__HlRfdCWGMzI_22_114to219\1.jpg,AI Video,1,16,"[1, 2, 3, 4, 5, 6, 7, 8, 9, 10, 11, 12, 13, 14, 15, 16]",HlRfdCWGMzI_22_114to219.mp4,OpenSource_T2V_HunyuanVideo,T2V,F:\MEngDatasets\AIGVDBench\videos\OpenSource\T2V\HunyuanVideo\videos\HlRfdCWGMzI_22_114to219.mp4,1,1.8902844,-1.8902844,1
D:\HaitongNi\MEngProject\d3_datasets\AIGVDBench_all_opensource_1000\frames\fake\OpenSource_I2V_LTX__nhskgJQ5XMU_202_0to114,D:\HaitongNi\MEngProject\d3_datasets\AIGVDBench_all_opensource_1000\frames\fake\OpenSource_I2V_LTX__nhskgJQ5XMU_202_0to114\1.jpg,AI Video,1,16,"[1, 2, 3, 4, 5, 6, 7, 8, 9, 10, 11, 12, 13, 14, 15, 16]",nhskgJQ5XMU_202_0to114.mp4,OpenSource_I2V_LTX,I2V,F:\MEngDatasets\AIGVDBench\videos\OpenSource\I2V\LTX\videos\nhskgJQ5XMU_202_0to114.mp4,1,5.191354,-5.191354,1
D:\HaitongNi\MEngProject\d3_datasets\AIGVDBench_all_opensource_1000\frames\fake\OpenSource_T2V_HunyuanVideo__7TCW9wOxAWk_48_0to214,D:\HaitongNi\MEngProject\d3_datasets\AIGVDBench_all_opensource_1000\frames\fake\OpenSource_T2V_HunyuanVideo__7TCW9wOxAWk_48_0to214\1.jpg,AI Video,1,16,"[1, 2, 3, 4, 5, 6, 7, 8, 9, 10, 11, 12, 13, 14, 15, 16]",7TCW9wOxAWk_48_0to214.mp4,OpenSource_T2V_HunyuanVideo,T2V,F:\MEngDatasets\AIGVDBench\videos\OpenSource\T2V\HunyuanVideo\videos\7TCW9wOxAWk_48_0to214.mp4,1,2.9914076,-2.9914076,1
D:\HaitongNi\MEngProject\d3_datasets\AIGVDBench_all_opensource_1000\frames\fake\OpenSource_V2V_LTX__7TCW9wOxAWk_48_0to214,D:\HaitongNi\MEngProject\d3_datasets\AIGVDBench_all_opensource_1000\frames\fake\OpenSource_V2V_LTX__7TCW9wOxAWk_48_0to214\1.jpg,AI Video,1,16,"[1, 2, 3, 4, 5, 6, 7, 8, 9, 10, 11, 12, 13, 14, 15, 16]",7TCW9wOxAWk_48_0to214.mp4,OpenSource_V2V_LTX,V2V,F:\MEngDatasets\AIGVDBench\videos\OpenSource\V2V\LTX\videos\7TCW9wOxAWk_48_0to214.mp4,1,3.0768898,-3.0768898,1
D:\HaitongNi\MEngProject\d3_datasets\AIGVDBench_all_opensource_1000\frames\fake\OpenSource_T2V_AccVideo__gcgj6G8r-IQ_28_24to180,D:\HaitongNi\MEngProject\d3_datasets\AIGVDBench_all_opensource_1000\frames\fake\OpenSource_T2V_AccVideo__gcgj6G8r-IQ_28_24to180\1.jpg,AI Video,1,16,"[1, 2, 3, 4, 5, 6, 7, 8, 9, 10, 11, 12, 13, 14, 15, 16]",gcgj6G8r-IQ_28_24to180.mp4,OpenSource_T2V_AccVideo,T2V,F:\MEngDatasets\AIGVDBench\videos\OpenSource\T2V\AccVideo\videos\gcgj6G8r-IQ_28_24to180.mp4,1,2.143425,-2.143425,1
D:\HaitongNi\MEngProject\d3_datasets\AIGVDBench_all_opensource_1000\frames\fake\OpenSource_T2V_Pyramid-Flow__0BPQnk47p6M_2_55to191,D:\HaitongNi\MEngProject\d3_datasets\AIGVDBench_all_opensource_1000\frames\fake\OpenSource_T2V_Pyramid-Flow__0BPQnk47p6M_2_55to191\1.jpg,AI Video,1,16,"[1, 2, 3, 4, 5, 6, 7, 8, 9, 10, 11, 12, 13, 14, 15, 16]",0BPQnk47p6M_2_55to191.mp4,OpenSource_T2V_Pyramid-Flow,T2V,F:\MEngDatasets\AIGVDBench\videos\OpenSource\T2V\Pyramid-Flow\videos\0BPQnk47p6M_2_55to191.mp4,1,1.2846446,-1.2846446,1
D:\HaitongNi\MEngProject\d3_datasets\AIGVDBench_all_opensource_1000\frames\fake\OpenSource_I2V_Pyramid-Flow__HlRfdCWGMzI_22_114to219,D:\HaitongNi\MEngProject\d3_datasets\AIGVDBench_all_opensource_1000\frames\fake\OpenSource_I2V_Pyramid-Flow__HlRfdCWGMzI_22_114to219\1.jpg,AI Video,1,16,"[1, 2, 3, 4, 5, 6, 7, 8, 9, 10, 11, 12, 13, 14, 15, 16]",HlRfdCWGMzI_22_114to219.mp4,OpenSource_I2V_Pyramid-Flow,I2V,F:\MEngDatasets\AIGVDBench\videos\OpenSource\I2V\Pyramid-Flow\videos\HlRfdCWGMzI_22_114to219.mp4,1,1.472202,-1.472202,1
D:\HaitongNi\MEngProject\d3_datasets\AIGVDBench_all_opensource_1000\frames\fake\OpenSource_T2V_Open-Sora__7TCW9wOxAWk_48_0to214,D:\HaitongNi\MEngProject\d3_datasets\AIGVDBench_all_opensource_1000\frames\fake\OpenSource_T2V_Open-Sora__7TCW9wOxAWk_48_0to214\1.jpg,AI Video,1,16,"[1, 2, 3, 4, 5, 6, 7, 8, 9, 10, 11, 12, 13, 14, 15, 16]",7TCW9wOxAWk_48_0to214.mp4,OpenSource_T2V_Open-Sora,T2V,F:\MEngDatasets\AIGVDBench\videos\OpenSource\T2V\Open-Sora\videos\7TCW9wOxAWk_48_0to214.mp4,1,1.2683915,-1.2683915,1
D:\HaitongNi\MEngProject\d3_datasets\AIGVDBench_all_opensource_1000\frames\fake\OpenSource_I2V_VideoCrafter__guL5esGDFbk_11_0to163,D:\HaitongNi\MEngProject\d3_datasets\AIGVDBench_all_opensource_1000\frames\fake\OpenSource_I2V_VideoCrafter__guL5esGDFbk_11_0to163\1.jpg,AI Video,1,16,"[1, 2, 3, 4, 5, 6, 7, 8, 9, 10, 11, 12, 13, 14, 15, 16]",guL5esGDFbk_11_0to163.mp4,OpenSource_I2V_VideoCrafter,I2V,F:\MEngDatasets\AIGVDBench\videos\OpenSource\I2V\VideoCrafter\videos\guL5esGDFbk_11_0to163.mp4,1,2.7677488,-2.7677488,1
D:\HaitongNi\MEngProject\d3_datasets\AIGVDBench_all_opensource_1000\frames\fake\OpenSource_I2V_Pyramid-Flow__7TCW9wOxAWk_48_0to214,D:\HaitongNi\MEngProject\d3_datasets\AIGVDBench_all_opensource_1000\frames\fake\OpenSource_I2V_Pyramid-Flow__7TCW9wOxAWk_48_0to214\1.jpg,AI Video,1,16,"[1, 2, 3, 4, 5, 6, 7, 8, 9, 10, 11, 12, 13, 14, 15, 16]",7TCW9wOxAWk_48_0to214.mp4,OpenSource_I2V_Pyramid-Flow,I2V,F:\MEngDatasets\AIGVDBench\videos\OpenSource\I2V\Pyramid-Flow\videos\7TCW9wOxAWk_48_0to214.mp4,1,1.9532484,-1.9532484,1
D:\HaitongNi\MEngProject\d3_datasets\AIGVDBench_all_opensource_1000\frames\fake\OpenSource_I2V_SVD__EHRI1gr4zik_3_323to481,D:\HaitongNi\MEngProject\d3_datasets\AIGVDBench_all_opensource_1000\frames\fake\OpenSource_I2V_SVD__EHRI1gr4zik_3_323to481\1.jpg,AI Video,1,16,"[1, 2, 3, 4, 5, 6, 7, 8, 9, 10, 11, 12, 13, 14, 15, 16]",EHRI1gr4zik_3_323to481.mp4,OpenSource_I2V_SVD,I2V,F:\MEngDatasets\AIGVDBench\videos\OpenSource\I2V\SVD\videos\EHRI1gr4zik_3_323to481.mp4,1,1.8076516,-1.8076516,1
D:\HaitongNi\MEngProject\d3_datasets\AIGVDBench_all_opensource_1000\frames\fake\OpenSource_T2V_Open-Sora__vUVwNN47Uv0_7_1227to1461,D:\HaitongNi\MEngProject\d3_datasets\AIGVDBench_all_opensource_1000\frames\fake\OpenSource_T2V_Open-Sora__vUVwNN47Uv0_7_1227to1461\1.jpg,AI Video,1,16,"[1, 2, 3, 4, 5, 6, 7, 8, 9, 10, 11, 12, 13, 14, 15, 16]",vUVwNN47Uv0_7_1227to1461.mp4,OpenSource_T2V_Open-Sora,T2V,F:\MEngDatasets\AIGVDBench\videos\OpenSource\T2V\Open-Sora\videos\vUVwNN47Uv0_7_1227to1461.mp4,1,3.0255096,-3.0255096,1
D:\HaitongNi\MEngProject\d3_datasets\AIGVDBench_all_opensource_1000\frames\fake\OpenSource_T2V_EasyAnimate__guL5esGDFbk_11_0to163,D:\HaitongNi\MEngProject\d3_datasets\AIGVDBench_all_opensource_1000\frames\fake\OpenSource_T2V_EasyAnimate__guL5esGDFbk_11_0to163\1.jpg,AI Video,1,16,"[1, 2, 3, 4, 5, 6, 7, 8, 9, 10, 11, 12, 13, 14, 15, 16]",guL5esGDFbk_11_0to163.mp4,OpenSource_T2V_EasyAnimate,T2V,F:\MEngDatasets\AIGVDBench\videos\OpenSource\T2V\EasyAnimate\videos\guL5esGDFbk_11_0to163.mp4,1,1.581538,-1.581538,1
D:\HaitongNi\MEngProject\d3_datasets\AIGVDBench_all_opensource_1000\frames\fake\OpenSource_T2V_Wan2.1__xPcAfdYCj5k_136_0to424,D:\HaitongNi\MEngProject\d3_datasets\AIGVDBench_all_opensource_1000\frames\fake\OpenSource_T2V_Wan2.1__xPcAfdYCj5k_136_0to424\1.jpg,AI Video,1,16,"[1, 2, 3, 4, 5, 6, 7, 8, 9, 10, 11, 12, 13, 14, 15, 16]",xPcAfdYCj5k_136_0to424.mp4,OpenSource_T2V_Wan2.1,T2V,F:\MEngDatasets\AIGVDBench\videos\OpenSource\T2V\Wan2.1\videos\xPcAfdYCj5k_136_0to424.mp4,1,2.9541335,-2.9541335,1
D:\HaitongNi\MEngProject\d3_datasets\AIGVDBench_all_opensource_1000\frames\fake\OpenSource_I2V_EasyAnimate__bG8EwSG8Hh4_1_0to149,D:\HaitongNi\MEngProject\d3_datasets\AIGVDBench_all_opensource_1000\frames\fake\OpenSource_I2V_EasyAnimate__bG8EwSG8Hh4_1_0to149\1.jpg,AI Video,1,16,"[1, 2, 3, 4, 5, 6, 7, 8, 9, 10, 11, 12, 13, 14, 15, 16]",bG8EwSG8Hh4_1_0to149.mp4,OpenSource_I2V_EasyAnimate,I2V,F:\MEngDatasets\AIGVDBench\videos\OpenSource\I2V\EasyAnimate\videos\bG8EwSG8Hh4_1_0to149.mp4,1,3.2236242,-3.2236242,1
D:\HaitongNi\MEngProject\d3_datasets\AIGVDBench_all_opensource_1000\frames\fake\OpenSource_T2V_Open-Sora__NWYRv_MKaA8_10_24to132,D:\HaitongNi\MEngProject\d3_datasets\AIGVDBench_all_opensource_1000\frames\fake\OpenSource_T2V_Open-Sora__NWYRv_MKaA8_10_24to132\1.jpg,AI Video,1,16,"[1, 2, 3, 4, 5, 6, 7, 8, 9, 10, 11, 12, 13, 14, 15, 16]",NWYRv_MKaA8_10_24to132.mp4,OpenSource_T2V_Open-Sora,T2V,F:\MEngDatasets\AIGVDBench\videos\OpenSource\T2V\Open-Sora\videos\NWYRv_MKaA8_10_24to132.mp4,1,1.1527054,-1.1527054,1
D:\HaitongNi\MEngProject\d3_datasets\AIGVDBench_all_opensource_1000\frames\fake\OpenSource_I2V_SEINE__gcgj6G8r-IQ_28_24to180,D:\HaitongNi\MEngProject\d3_datasets\AIGVDBench_all_opensource_1000\frames\fake\OpenSource_I2V_SEINE__gcgj6G8r-IQ_28_24to180\1.jpg,AI Video,1,16,"[1, 2, 3, 4, 5, 6, 7, 8, 9, 10, 11, 12, 13, 14, 15, 16]",gcgj6G8r-IQ_28_24to180.mp4,OpenSource_I2V_SEINE,I2V,F:\MEngDatasets\AIGVDBench\videos\OpenSource\I2V\SEINE\videos\gcgj6G8r-IQ_28_24to180.mp4,1,3.259955,-3.259955,1
D:\HaitongNi\MEngProject\d3_datasets\AIGVDBench_all_opensource_1000\frames\fake\OpenSource_T2V_AnimateDiff__xPcAfdYCj5k_136_0to424,D:\HaitongNi\MEngProject\d3_datasets\AIGVDBench_all_opensource_1000\frames\fake\OpenSource_T2V_AnimateDiff__xPcAfdYCj5k_136_0to424\1.jpg,AI Video,1,16,"[1, 2, 3, 4, 5, 6, 7, 8, 9, 10, 11, 12, 13, 14, 15, 16]",xPcAfdYCj5k_136_0to424.mp4,OpenSource_T2V_AnimateDiff,T2V,F:\MEngDatasets\AIGVDBench\videos\OpenSource\T2V\AnimateDiff\home\lma\Benchmark\bench\opensource\T2V\AnimateDiff\videos\xPcAfdYCj5k_136_0to424.mp4,1,2.4194403,-2.4194403,1
D:\HaitongNi\MEngProject\d3_datasets\AIGVDBench_all_opensource_1000\frames\fake\OpenSource_T2V_Pyramid-Flow__nhskgJQ5XMU_202_0to114,D:\HaitongNi\MEngProject\d3_datasets\AIGVDBench_all_opensource_1000\frames\fake\OpenSource_T2V_Pyramid-Flow__nhskgJQ5XMU_202_0to114\1.jpg,AI Video,1,16,"[1, 2, 3, 4, 5, 6, 7, 8, 9, 10, 11, 12, 13, 14, 15, 16]",nhskgJQ5XMU_202_0to114.mp4,OpenSource_T2V_Pyramid-Flow,T2V,F:\MEngDatasets\AIGVDBench\videos\OpenSource\T2V\Pyramid-Flow\videos\nhskgJQ5XMU_202_0to114.mp4,1,3.14125,-3.14125,1
D:\HaitongNi\MEngProject\d3_datasets\AIGVDBench_all_opensource_1000\frames\fake\OpenSource_T2V_VideoCrafter__bG8EwSG8Hh4_1_0to149,D:\HaitongNi\MEngProject\d3_datasets\AIGVDBench_all_opensource_1000\frames\fake\OpenSource_T2V_VideoCrafter__bG8EwSG8Hh4_1_0to149\1.jpg,AI Video,1,16,"[1, 2, 3, 4, 5, 6, 7, 8, 9, 10, 11, 12, 13, 14, 15, 16]",bG8EwSG8Hh4_1_0to149.mp4,OpenSource_T2V_VideoCrafter,T2V,F:\MEngDatasets\AIGVDBench\videos\OpenSource\T2V\VideoCrafter\videos\bG8EwSG8Hh4_1_0to149.mp4,1,3.2197258,-3.2197258,1
D:\HaitongNi\MEngProject\d3_datasets\AIGVDBench_all_opensource_1000\frames\fake\OpenSource_V2V_LTX__jet4_Hc5j8I_13_0to109,D:\HaitongNi\MEngProject\d3_datasets\AIGVDBench_all_opensource_1000\frames\fake\OpenSource_V2V_LTX__jet4_Hc5j8I_13_0to109\1.jpg,AI Video,1,16,"[1, 2, 3, 4, 5, 6, 7, 8, 9, 10, 11, 12, 13, 14, 15, 16]",jet4_Hc5j8I_13_0to109.mp4,OpenSource_V2V_LTX,V2V,F:\MEngDatasets\AIGVDBench\videos\OpenSource\V2V\LTX\videos\jet4_Hc5j8I_13_0to109.mp4,1,1.1441792,-1.1441792,1
D:\HaitongNi\MEngProject\d3_datasets\AIGVDBench_all_opensource_1000\frames\fake\OpenSource_T2V_Open-Sora__W5R52mgaBgk_13_85to215,D:\HaitongNi\MEngProject\d3_datasets\AIGVDBench_all_opensource_1000\frames\fake\OpenSource_T2V_Open-Sora__W5R52mgaBgk_13_85to215\1.jpg,AI Video,1,16,"[1, 2, 3, 4, 5, 6, 7, 8, 9, 10, 11, 12, 13, 14, 15, 16]",W5R52mgaBgk_13_85to215.mp4,OpenSource_T2V_Open-Sora,T2V,F:\MEngDatasets\AIGVDBench\videos\OpenSource\T2V\Open-Sora\videos\W5R52mgaBgk_13_85to215.mp4,1,0.7907009,-0.7907009,1
D:\HaitongNi\MEngProject\d3_datasets\AIGVDBench_all_opensource_1000\frames\fake\OpenSource_T2V_EasyAnimate__0BPQnk47p6M_2_55to191,D:\HaitongNi\MEngProject\d3_datasets\AIGVDBench_all_opensource_1000\frames\fake\OpenSource_T2V_EasyAnimate__0BPQnk47p6M_2_55to191\1.jpg,AI Video,1,16,"[1, 2, 3, 4, 5, 6, 7, 8, 9, 10, 11, 12, 13, 14, 15, 16]",0BPQnk47p6M_2_55to191.mp4,OpenSource_T2V_EasyAnimate,T2V,F:\MEngDatasets\AIGVDBench\videos\OpenSource\T2V\EasyAnimate\videos\0BPQnk47p6M_2_55to191.mp4,1,0.60240865,-0.60240865,1
D:\HaitongNi\MEngProject\d3_datasets\AIGVDBench_all_opensource_1000\frames\fake\OpenSource_T2V_AnimateDiff__NWYRv_MKaA8_10_24to132,D:\HaitongNi\MEngProject\d3_datasets\AIGVDBench_all_opensource_1000\frames\fake\OpenSource_T2V_AnimateDiff__NWYRv_MKaA8_10_24to132\1.jpg,AI Video,1,16,"[1, 2, 3, 4, 5, 6, 7, 8, 9, 10, 11, 12, 13, 14, 15, 16]",NWYRv_MKaA8_10_24to132.mp4,OpenSource_T2V_AnimateDiff,T2V,F:\MEngDatasets\AIGVDBench\videos\OpenSource\T2V\AnimateDiff\home\lma\Benchmark\bench\opensource\T2V\AnimateDiff\videos\NWYRv_MKaA8_10_24to132.mp4,1,1.6599867,-1.6599867,1
D:\HaitongNi\MEngProject\d3_datasets\AIGVDBench_all_opensource_1000\frames\fake\OpenSource_V2V_Cogvideox1.5__gcgj6G8r-IQ_28_24to180,D:\HaitongNi\MEngProject\d3_datasets\AIGVDBench_all_opensource_1000\frames\fake\OpenSource_V2V_Cogvideox1.5__gcgj6G8r-IQ_28_24to180\1.jpg,AI Video,1,16,"[1, 2, 3, 4, 5, 6, 7, 8, 9, 10, 11, 12, 13, 14, 15, 16]",gcgj6G8r-IQ_28_24to180.mp4,OpenSource_V2V_Cogvideox1.5,V2V,F:\MEngDatasets\AIGVDBench\videos\OpenSource\V2V\Cogvideox1.5\videos\gcgj6G8r-IQ_28_24to180.mp4,1,0.39478478,-0.39478478,1
D:\HaitongNi\MEngProject\d3_datasets\AIGVDBench_all_opensource_1000\frames\fake\OpenSource_T2V_IPOC__0BPQnk47p6M_2_55to191,D:\HaitongNi\MEngProject\d3_datasets\AIGVDBench_all_opensource_1000\frames\fake\OpenSource_T2V_IPOC__0BPQnk47p6M_2_55to191\1.jpg,AI Video,1,16,"[1, 2, 3, 4, 5, 6, 7, 8, 9, 10, 11, 12, 13, 14, 15, 16]",0BPQnk47p6M_2_55to191.mp4,OpenSource_T2V_IPOC,T2V,F:\MEngDatasets\AIGVDBench\videos\OpenSource\T2V\IPOC\videos\0BPQnk47p6M_2_55to191.mp4,1,0.5849711,-0.5849711,1
D:\HaitongNi\MEngProject\d3_datasets\AIGVDBench_all_opensource_1000\frames\fake\OpenSource_T2V_Wan2.1__o82SKvbybvY_14_104to700,D:\HaitongNi\MEngProject\d3_datasets\AIGVDBench_all_opensource_1000\frames\fake\OpenSource_T2V_Wan2.1__o82SKvbybvY_14_104to700\1.jpg,AI Video,1,16,"[1, 2, 3, 4, 5, 6, 7, 8, 9, 10, 11, 12, 13, 14, 15, 16]",o82SKvbybvY_14_104to700.mp4,OpenSource_T2V_Wan2.1,T2V,F:\MEngDatasets\AIGVDBench\videos\OpenSource\T2V\Wan2.1\videos\o82SKvbybvY_14_104to700.mp4,1,1.5979902,-1.5979902,1
D:\HaitongNi\MEngProject\d3_datasets\AIGVDBench_all_opensource_1000\frames\fake\OpenSource_I2V_VideoCrafter__NWYRv_MKaA8_10_24to132,D:\HaitongNi\MEngProject\d3_datasets\AIGVDBench_all_opensource_1000\frames\fake\OpenSource_I2V_VideoCrafter__NWYRv_MKaA8_10_24to132\1.jpg,AI Video,1,16,"[1, 2, 3, 4, 5, 6, 7, 8, 9, 10, 11, 12, 13, 14, 15, 16]",NWYRv_MKaA8_10_24to132.mp4,OpenSource_I2V_VideoCrafter,I2V,F:\MEngDatasets\AIGVDBench\videos\OpenSource\I2V\VideoCrafter\videos\NWYRv_MKaA8_10_24to132.mp4,1,1.0002981,-1.0002981,1
D:\HaitongNi\MEngProject\d3_datasets\AIGVDBench_all_opensource_1000\frames\fake\OpenSource_T2V_LTX__W5R52mgaBgk_13_85to215,D:\HaitongNi\MEngProject\d3_datasets\AIGVDBench_all_opensource_1000\frames\fake\OpenSource_T2V_LTX__W5R52mgaBgk_13_85to215\1.jpg,AI Video,1,16,"[1, 2, 3, 4, 5, 6, 7, 8, 9, 10, 11, 12, 13, 14, 15, 16]",W5R52mgaBgk_13_85to215.mp4,OpenSource_T2V_LTX,T2V,F:\MEngDatasets\AIGVDBench\videos\OpenSource\T2V\LTX\videos\W5R52mgaBgk_13_85to215.mp4,1,2.4265974,-2.4265974,1
D:\HaitongNi\MEngProject\d3_datasets\AIGVDBench_all_opensource_1000\frames\fake\OpenSource_T2V_IPOC__eENFTG4UQsI_3_337to522,D:\HaitongNi\MEngProject\d3_datasets\AIGVDBench_all_opensource_1000\frames\fake\OpenSource_T2V_IPOC__eENFTG4UQsI_3_337to522\1.jpg,AI Video,1,16,"[1, 2, 3, 4, 5, 6, 7, 8, 9, 10, 11, 12, 13, 14, 15, 16]",eENFTG4UQsI_3_337to522.mp4,OpenSource_T2V_IPOC,T2V,F:\MEngDatasets\AIGVDBench\videos\OpenSource\T2V\IPOC\videos\eENFTG4UQsI_3_337to522.mp4,1,1.5170314,-1.5170314,1
D:\HaitongNi\MEngProject\d3_datasets\AIGVDBench_all_opensource_1000\frames\fake\OpenSource_T2V_LTX__7TCW9wOxAWk_48_0to214,D:\HaitongNi\MEngProject\d3_datasets\AIGVDBench_all_opensource_1000\frames\fake\OpenSource_T2V_LTX__7TCW9wOxAWk_48_0to214\1.jpg,AI Video,1,16,"[1, 2, 3, 4, 5, 6, 7, 8, 9, 10, 11, 12, 13, 14, 15, 16]",7TCW9wOxAWk_48_0to214.mp4,OpenSource_T2V_LTX,T2V,F:\MEngDatasets\AIGVDBench\videos\OpenSource\T2V\LTX\videos\7TCW9wOxAWk_48_0to214.mp4,1,2.668034,-2.668034,1
D:\HaitongNi\MEngProject\d3_datasets\AIGVDBench_all_opensource_1000\frames\fake\OpenSource_I2V_LTX__bG8EwSG8Hh4_1_0to149,D:\HaitongNi\MEngProject\d3_datasets\AIGVDBench_all_opensource_1000\frames\fake\OpenSource_I2V_LTX__bG8EwSG8Hh4_1_0to149\1.jpg,AI Video,1,16,"[1, 2, 3, 4, 5, 6, 7, 8, 9, 10, 11, 12, 13, 14, 15, 16]",bG8EwSG8Hh4_1_0to149.mp4,OpenSource_I2V_LTX,I2V,F:\MEngDatasets\AIGVDBench\videos\OpenSource\I2V\LTX\videos\bG8EwSG8Hh4_1_0to149.mp4,1,1.193693,-1.193693,1
D:\HaitongNi\MEngProject\d3_datasets\AIGVDBench_all_opensource_1000\frames\fake\OpenSource_I2V_SVD__02M4tj70Ju0_20_0to116,D:\HaitongNi\MEngProject\d3_datasets\AIGVDBench_all_opensource_1000\frames\fake\OpenSource_I2V_SVD__02M4tj70Ju0_20_0to116\1.jpg,AI Video,1,16,"[1, 2, 3, 4, 5, 6, 7, 8, 9, 10, 11, 12, 13, 14, 15, 16]",02M4tj70Ju0_20_0to116.mp4,OpenSource_I2V_SVD,I2V,F:\MEngDatasets\AIGVDBench\videos\OpenSource\I2V\SVD\videos\02M4tj70Ju0_20_0to116.mp4,1,1.4256502,-1.4256502,1
D:\HaitongNi\MEngProject\d3_datasets\AIGVDBench_all_opensource_1000\frames\fake\OpenSource_T2V_Open-Sora__4cvgTuAaMDM_1_0to181,D:\HaitongNi\MEngProject\d3_datasets\AIGVDBench_all_opensource_1000\frames\fake\OpenSource_T2V_Open-Sora__4cvgTuAaMDM_1_0to181\1.jpg,AI Video,1,16,"[1, 2, 3, 4, 5, 6, 7, 8, 9, 10, 11, 12, 13, 14, 15, 16]",4cvgTuAaMDM_1_0to181.mp4,OpenSource_T2V_Open-Sora,T2V,F:\MEngDatasets\AIGVDBench\videos\OpenSource\T2V\Open-Sora\videos\4cvgTuAaMDM_1_0to181.mp4,1,3.758618,-3.758618,1
D:\HaitongNi\MEngProject\d3_datasets\AIGVDBench_all_opensource_1000\frames\fake\OpenSource_T2V_AccVideo__90u26k64J9A_14_0to144,D:\HaitongNi\MEngProject\d3_datasets\AIGVDBench_all_opensource_1000\frames\fake\OpenSource_T2V_AccVideo__90u26k64J9A_14_0to144\1.jpg,AI Video,1,16,"[1, 2, 3, 4, 5, 6, 7, 8, 9, 10, 11, 12, 13, 14, 15, 16]",90u26k64J9A_14_0to144.mp4,OpenSource_T2V_AccVideo,T2V,F:\MEngDatasets\AIGVDBench\videos\OpenSource\T2V\AccVideo\videos\90u26k64J9A_14_0to144.mp4,1,0.47062278,-0.47062278,1
D:\HaitongNi\MEngProject\d3_datasets\AIGVDBench_all_opensource_1000\frames\fake\OpenSource_T2V_HunyuanVideo__Vh2cObLYHJ8_13_0to496,D:\HaitongNi\MEngProject\d3_datasets\AIGVDBench_all_opensource_1000\frames\fake\OpenSource_T2V_HunyuanVideo__Vh2cObLYHJ8_13_0to496\1.jpg,AI Video,1,16,"[1, 2, 3, 4, 5, 6, 7, 8, 9, 10, 11, 12, 13, 14, 15, 16]",Vh2cObLYHJ8_13_0to496.mp4,OpenSource_T2V_HunyuanVideo,T2V,F:\MEngDatasets\AIGVDBench\videos\OpenSource\T2V\HunyuanVideo\videos\Vh2cObLYHJ8_13_0to496.mp4,1,1.4618074,-1.4618074,1
D:\HaitongNi\MEngProject\d3_datasets\AIGVDBench_all_opensource_1000\frames\fake\OpenSource_T2V_Pyramid-Flow__7TCW9wOxAWk_48_0to214,D:\HaitongNi\MEngProject\d3_datasets\AIGVDBench_all_opensource_1000\frames\fake\OpenSource_T2V_Pyramid-Flow__7TCW9wOxAWk_48_0to214\1.jpg,AI Video,1,16,"[1, 2, 3, 4, 5, 6, 7, 8, 9, 10, 11, 12, 13, 14, 15, 16]",7TCW9wOxAWk_48_0to214.mp4,OpenSource_T2V_Pyramid-Flow,T2V,F:\MEngDatasets\AIGVDBench\videos\OpenSource\T2V\Pyramid-Flow\videos\7TCW9wOxAWk_48_0to214.mp4,1,4.953913,-4.953913,1
D:\HaitongNi\MEngProject\d3_datasets\AIGVDBench_all_opensource_1000\frames\fake\OpenSource_I2V_SVD__o82SKvbybvY_14_104to700,D:\HaitongNi\MEngProject\d3_datasets\AIGVDBench_all_opensource_1000\frames\fake\OpenSource_I2V_SVD__o82SKvbybvY_14_104to700\1.jpg,AI Video,1,16,"[1, 2, 3, 4, 5, 6, 7, 8, 9, 10, 11, 12, 13, 14, 15, 16]",o82SKvbybvY_14_104to700.mp4,OpenSource_I2V_SVD,I2V,F:\MEngDatasets\AIGVDBench\videos\OpenSource\I2V\SVD\videos\o82SKvbybvY_14_104to700.mp4,1,1.9699196,-1.9699196,1
D:\HaitongNi\MEngProject\d3_datasets\AIGVDBench_all_opensource_1000\frames\fake\OpenSource_I2V_Pyramid-Flow__vUVwNN47Uv0_7_1227to1461,D:\HaitongNi\MEngProject\d3_datasets\AIGVDBench_all_opensource_1000\frames\fake\OpenSource_I2V_Pyramid-Flow__vUVwNN47Uv0_7_1227to1461\1.jpg,AI Video,1,16,"[1, 2, 3, 4, 5, 6, 7, 8, 9, 10, 11, 12, 13, 14, 15, 16]",vUVwNN47Uv0_7_1227to1461.mp4,OpenSource_I2V_Pyramid-Flow,I2V,F:\MEngDatasets\AIGVDBench\videos\OpenSource\I2V\Pyramid-Flow\videos\vUVwNN47Uv0_7_1227to1461.mp4,1,3.872358,-3.872358,1
D:\HaitongNi\MEngProject\d3_datasets\AIGVDBench_all_opensource_1000\frames\fake\OpenSource_T2V_EasyAnimate__xPcAfdYCj5k_136_0to424,D:\HaitongNi\MEngProject\d3_datasets\AIGVDBench_all_opensource_1000\frames\fake\OpenSource_T2V_EasyAnimate__xPcAfdYCj5k_136_0to424\1.jpg,AI Video,1,16,"[1, 2, 3, 4, 5, 6, 7, 8, 9, 10, 11, 12, 13, 14, 15, 16]",xPcAfdYCj5k_136_0to424.mp4,OpenSource_T2V_EasyAnimate,T2V,F:\MEngDatasets\AIGVDBench\videos\OpenSource\T2V\EasyAnimate\videos\xPcAfdYCj5k_136_0to424.mp4,1,3.3446114,-3.3446114,1
D:\HaitongNi\MEngProject\d3_datasets\AIGVDBench_all_opensource_1000\frames\fake\OpenSource_T2V_AccVideo__r03AuoH00eM_5_399to542,D:\HaitongNi\MEngProject\d3_datasets\AIGVDBench_all_opensource_1000\frames\fake\OpenSource_T2V_AccVideo__r03AuoH00eM_5_399to542\1.jpg,AI Video,1,16,"[1, 2, 3, 4, 5, 6, 7, 8, 9, 10, 11, 12, 13, 14, 15, 16]",r03AuoH00eM_5_399to542.mp4,OpenSource_T2V_AccVideo,T2V,F:\MEngDatasets\AIGVDBench\videos\OpenSource\T2V\AccVideo\videos\r03AuoH00eM_5_399to542.mp4,1,1.678161,-1.678161,1
D:\HaitongNi\MEngProject\d3_datasets\AIGVDBench_all_opensource_1000\frames\fake\OpenSource_V2V_Cogvideox1.5__y3vyO-025CI_3_0to339,D:\HaitongNi\MEngProject\d3_datasets\AIGVDBench_all_opensource_1000\frames\fake\OpenSource_V2V_Cogvideox1.5__y3vyO-025CI_3_0to339\1.jpg,AI Video,1,16,"[1, 2, 3, 4, 5, 6, 7, 8, 9, 10, 11, 12, 13, 14, 15, 16]",y3vyO-025CI_3_0to339.mp4,OpenSource_V2V_Cogvideox1.5,V2V,F:\MEngDatasets\AIGVDBench\videos\OpenSource\V2V\Cogvideox1.5\videos\y3vyO-025CI_3_0to339.mp4,1,0.59087384,-0.59087384,1
D:\HaitongNi\MEngProject\d3_datasets\AIGVDBench_all_opensource_1000\frames\fake\OpenSource_I2V_SVD__gcgj6G8r-IQ_28_24to180,D:\HaitongNi\MEngProject\d3_datasets\AIGVDBench_all_opensource_1000\frames\fake\OpenSource_I2V_SVD__gcgj6G8r-IQ_28_24to180\1.jpg,AI Video,1,16,"[1, 2, 3, 4, 5, 6, 7, 8, 9, 10, 11, 12, 13, 14, 15, 16]",gcgj6G8r-IQ_28_24to180.mp4,OpenSource_I2V_SVD,I2V,F:\MEngDatasets\AIGVDBench\videos\OpenSource\I2V\SVD\videos\gcgj6G8r-IQ_28_24to180.mp4,1,3.0473046,-3.0473046,1
D:\HaitongNi\MEngProject\d3_datasets\AIGVDBench_all_opensource_1000\frames\fake\OpenSource_I2V_SVD__jty7y2KedUE_23_0to259,D:\HaitongNi\MEngProject\d3_datasets\AIGVDBench_all_opensource_1000\frames\fake\OpenSource_I2V_SVD__jty7y2KedUE_23_0to259\1.jpg,AI Video,1,16,"[1, 2, 3, 4, 5, 6, 7, 8, 9, 10, 11, 12, 13, 14, 15, 16]",jty7y2KedUE_23_0to259.mp4,OpenSource_I2V_SVD,I2V,F:\MEngDatasets\AIGVDBench\videos\OpenSource\I2V\SVD\videos\jty7y2KedUE_23_0to259.mp4,1,6.005462,-6.005462,0
D:\HaitongNi\MEngProject\d3_datasets\AIGVDBench_all_opensource_1000\frames\fake\OpenSource_T2V_HunyuanVideo__W5R52mgaBgk_13_85to215,D:\HaitongNi\MEngProject\d3_datasets\AIGVDBench_all_opensource_1000\frames\fake\OpenSource_T2V_HunyuanVideo__W5R52mgaBgk_13_85to215\1.jpg,AI Video,1,16,"[1, 2, 3, 4, 5, 6, 7, 8, 9, 10, 11, 12, 13, 14, 15, 16]",W5R52mgaBgk_13_85to215.mp4,OpenSource_T2V_HunyuanVideo,T2V,F:\MEngDatasets\AIGVDBench\videos\OpenSource\T2V\HunyuanVideo\videos\W5R52mgaBgk_13_85to215.mp4,1,1.217137,-1.217137,1
D:\HaitongNi\MEngProject\d3_datasets\AIGVDBench_all_opensource_1000\frames\fake\OpenSource_T2V_Cogvideox1.5__bG8EwSG8Hh4_1_0to149,D:\HaitongNi\MEngProject\d3_datasets\AIGVDBench_all_opensource_1000\frames\fake\OpenSource_T2V_Cogvideox1.5__bG8EwSG8Hh4_1_0to149\1.jpg,AI Video,1,16,"[1, 2, 3, 4, 5, 6, 7, 8, 9, 10, 11, 12, 13, 14, 15, 16]",bG8EwSG8Hh4_1_0to149.mp4,OpenSource_T2V_Cogvideox1.5,T2V,F:\MEngDatasets\AIGVDBench\videos\OpenSource\T2V\Cogvideox1.5\videos\bG8EwSG8Hh4_1_0to149.mp4,1,4.369321,-4.369321,1
D:\HaitongNi\MEngProject\d3_datasets\AIGVDBench_all_opensource_1000\frames\fake\OpenSource_T2V_Cogvideox1.5__QRYsvqSzYuE_43_455to1014,D:\HaitongNi\MEngProject\d3_datasets\AIGVDBench_all_opensource_1000\frames\fake\OpenSource_T2V_Cogvideox1.5__QRYsvqSzYuE_43_455to1014\1.jpg,AI Video,1,16,"[1, 2, 3, 4, 5, 6, 7, 8, 9, 10, 11, 12, 13, 14, 15, 16]",QRYsvqSzYuE_43_455to1014.mp4,OpenSource_T2V_Cogvideox1.5,T2V,F:\MEngDatasets\AIGVDBench\videos\OpenSource\T2V\Cogvideox1.5\videos\QRYsvqSzYuE_43_455to1014.mp4,1,3.1003497,-3.1003497,1
D:\HaitongNi\MEngProject\d3_datasets\AIGVDBench_all_opensource_1000\frames\fake\OpenSource_T2V_AnimateDiff__smJlYSVS9Ds_340_112to226,D:\HaitongNi\MEngProject\d3_datasets\AIGVDBench_all_opensource_1000\frames\fake\OpenSource_T2V_AnimateDiff__smJlYSVS9Ds_340_112to226\1.jpg,AI Video,1,16,"[1, 2, 3, 4, 5, 6, 7, 8, 9, 10, 11, 12, 13, 14, 15, 16]",smJlYSVS9Ds_340_112to226.mp4,OpenSource_T2V_AnimateDiff,T2V,F:\MEngDatasets\AIGVDBench\videos\OpenSource\T2V\AnimateDiff\home\lma\Benchmark\bench\opensource\T2V\AnimateDiff\videos\smJlYSVS9Ds_340_112to226.mp4,1,0.9349512,-0.9349512,1
D:\HaitongNi\MEngProject\d3_datasets\AIGVDBench_all_opensource_1000\frames\fake\OpenSource_V2V_LTX__Vh2cObLYHJ8_13_0to496,D:\HaitongNi\MEngProject\d3_datasets\AIGVDBench_all_opensource_1000\frames\fake\OpenSource_V2V_LTX__Vh2cObLYHJ8_13_0to496\1.jpg,AI Video,1,16,"[1, 2, 3, 4, 5, 6, 7, 8, 9, 10, 11, 12, 13, 14, 15, 16]",Vh2cObLYHJ8_13_0to496.mp4,OpenSource_V2V_LTX,V2V,F:\MEngDatasets\AIGVDBench\videos\OpenSource\V2V\LTX\videos\Vh2cObLYHJ8_13_0to496.mp4,1,4.798281,-4.798281,1
D:\HaitongNi\MEngProject\d3_datasets\AIGVDBench_all_opensource_1000\frames\fake\OpenSource_I2V_EasyAnimate__90u26k64J9A_14_0to144,D:\HaitongNi\MEngProject\d3_datasets\AIGVDBench_all_opensource_1000\frames\fake\OpenSource_I2V_EasyAnimate__90u26k64J9A_14_0to144\1.jpg,AI Video,1,16,"[1, 2, 3, 4, 5, 6, 7, 8, 9, 10, 11, 12, 13, 14, 15, 16]",90u26k64J9A_14_0to144.mp4,OpenSource_I2V_EasyAnimate,I2V,F:\MEngDatasets\AIGVDBench\videos\OpenSource\I2V\EasyAnimate\videos\90u26k64J9A_14_0to144.mp4,1,1.7811948,-1.7811948,1
D:\HaitongNi\MEngProject\d3_datasets\AIGVDBench_all_opensource_1000\frames\fake\OpenSource_V2V_LTX__W5R52mgaBgk_13_85to215,D:\HaitongNi\MEngProject\d3_datasets\AIGVDBench_all_opensource_1000\frames\fake\OpenSource_V2V_LTX__W5R52mgaBgk_13_85to215\1.jpg,AI Video,1,16,"[1, 2, 3, 4, 5, 6, 7, 8, 9, 10, 11, 12, 13, 14, 15, 16]",W5R52mgaBgk_13_85to215.mp4,OpenSource_V2V_LTX,V2V,F:\MEngDatasets\AIGVDBench\videos\OpenSource\V2V\LTX\videos\W5R52mgaBgk_13_85to215.mp4,1,1.7995225,-1.7995225,1
D:\HaitongNi\MEngProject\d3_datasets\AIGVDBench_all_opensource_1000\frames\fake\OpenSource_T2V_VideoCrafter__W5R52mgaBgk_13_85to215,D:\HaitongNi\MEngProject\d3_datasets\AIGVDBench_all_opensource_1000\frames\fake\OpenSource_T2V_VideoCrafter__W5R52mgaBgk_13_85to215\1.jpg,AI Video,1,16,"[1, 2, 3, 4, 5, 6, 7, 8, 9, 10, 11, 12, 13, 14, 15, 16]",W5R52mgaBgk_13_85to215.mp4,OpenSource_T2V_VideoCrafter,T2V,F:\MEngDatasets\AIGVDBench\videos\OpenSource\T2V\VideoCrafter\videos\W5R52mgaBgk_13_85to215.mp4,1,2.486,-2.486,1
D:\HaitongNi\MEngProject\d3_datasets\AIGVDBench_all_opensource_1000\frames\fake\OpenSource_T2V_Pyramid-Flow__HlRfdCWGMzI_22_114to219,D:\HaitongNi\MEngProject\d3_datasets\AIGVDBench_all_opensource_1000\frames\fake\OpenSource_T2V_Pyramid-Flow__HlRfdCWGMzI_22_114to219\1.jpg,AI Video,1,16,"[1, 2, 3, 4, 5, 6, 7, 8, 9, 10, 11, 12, 13, 14, 15, 16]",HlRfdCWGMzI_22_114to219.mp4,OpenSource_T2V_Pyramid-Flow,T2V,F:\MEngDatasets\AIGVDBench\videos\OpenSource\T2V\Pyramid-Flow\videos\HlRfdCWGMzI_22_114to219.mp4,1,4.2357135,-4.2357135,1
D:\HaitongNi\MEngProject\d3_datasets\AIGVDBench_all_opensource_1000\frames\fake\OpenSource_I2V_EasyAnimate__0BPQnk47p6M_2_55to191,D:\HaitongNi\MEngProject\d3_datasets\AIGVDBench_all_opensource_1000\frames\fake\OpenSource_I2V_EasyAnimate__0BPQnk47p6M_2_55to191\1.jpg,AI Video,1,16,"[1, 2, 3, 4, 5, 6, 7, 8, 9, 10, 11, 12, 13, 14, 15, 16]",0BPQnk47p6M_2_55to191.mp4,OpenSource_I2V_EasyAnimate,I2V,F:\MEngDatasets\AIGVDBench\videos\OpenSource\I2V\EasyAnimate\videos\0BPQnk47p6M_2_55to191.mp4,1,1.5007353,-1.5007353,1
D:\HaitongNi\MEngProject\d3_datasets\AIGVDBench_all_opensource_1000\frames\fake\OpenSource_V2V_Cogvideox1.5__50KDhKUOrqI_57_294to582,D:\HaitongNi\MEngProject\d3_datasets\AIGVDBench_all_opensource_1000\frames\fake\OpenSource_V2V_Cogvideox1.5__50KDhKUOrqI_57_294to582\1.jpg,AI Video,1,16,"[1, 2, 3, 4, 5, 6, 7, 8, 9, 10, 11, 12, 13, 14, 15, 16]",50KDhKUOrqI_57_294to582.mp4,OpenSource_V2V_Cogvideox1.5,V2V,F:\MEngDatasets\AIGVDBench\videos\OpenSource\V2V\Cogvideox1.5\videos\50KDhKUOrqI_57_294to582.mp4,1,1.9451717,-1.9451717,1
D:\HaitongNi\MEngProject\d3_datasets\AIGVDBench_all_opensource_1000\frames\fake\OpenSource_T2V_Wan2.1__eENFTG4UQsI_3_337to522,D:\HaitongNi\MEngProject\d3_datasets\AIGVDBench_all_opensource_1000\frames\fake\OpenSource_T2V_Wan2.1__eENFTG4UQsI_3_337to522\1.jpg,AI Video,1,16,"[1, 2, 3, 4, 5, 6, 7, 8, 9, 10, 11, 12, 13, 14, 15, 16]",eENFTG4UQsI_3_337to522.mp4,OpenSource_T2V_Wan2.1,T2V,F:\MEngDatasets\AIGVDBench\videos\OpenSource\T2V\Wan2.1\videos\eENFTG4UQsI_3_337to522.mp4,1,3.6864793,-3.6864793,1
D:\HaitongNi\MEngProject\d3_datasets\AIGVDBench_all_opensource_1000\frames\fake\OpenSource_I2V_EasyAnimate__eENFTG4UQsI_3_337to522,D:\HaitongNi\MEngProject\d3_datasets\AIGVDBench_all_opensource_1000\frames\fake\OpenSource_I2V_EasyAnimate__eENFTG4UQsI_3_337to522\1.jpg,AI Video,1,16,"[1, 2, 3, 4, 5, 6, 7, 8, 9, 10, 11, 12, 13, 14, 15, 16]",eENFTG4UQsI_3_337to522.mp4,OpenSource_I2V_EasyAnimate,I2V,F:\MEngDatasets\AIGVDBench\videos\OpenSource\I2V\EasyAnimate\videos\eENFTG4UQsI_3_337to522.mp4,1,1.8285366,-1.8285366,1
D:\HaitongNi\MEngProject\d3_datasets\AIGVDBench_all_opensource_1000\frames\fake\OpenSource_V2V_Cogvideox1.5__o82SKvbybvY_14_104to700,D:\HaitongNi\MEngProject\d3_datasets\AIGVDBench_all_opensource_1000\frames\fake\OpenSource_V2V_Cogvideox1.5__o82SKvbybvY_14_104to700\1.jpg,AI Video,1,16,"[1, 2, 3, 4, 5, 6, 7, 8, 9, 10, 11, 12, 13, 14, 15, 16]",o82SKvbybvY_14_104to700.mp4,OpenSource_V2V_Cogvideox1.5,V2V,F:\MEngDatasets\AIGVDBench\videos\OpenSource\V2V\Cogvideox1.5\videos\o82SKvbybvY_14_104to700.mp4,1,1.6621417,-1.6621417,1
D:\HaitongNi\MEngProject\d3_datasets\AIGVDBench_all_opensource_1000\frames\fake\OpenSource_T2V_Cogvideox1.5__xPcAfdYCj5k_136_0to424,D:\HaitongNi\MEngProject\d3_datasets\AIGVDBench_all_opensource_1000\frames\fake\OpenSource_T2V_Cogvideox1.5__xPcAfdYCj5k_136_0to424\1.jpg,AI Video,1,16,"[1, 2, 3, 4, 5, 6, 7, 8, 9, 10, 11, 12, 13, 14, 15, 16]",xPcAfdYCj5k_136_0to424.mp4,OpenSource_T2V_Cogvideox1.5,T2V,F:\MEngDatasets\AIGVDBench\videos\OpenSource\T2V\Cogvideox1.5\videos\xPcAfdYCj5k_136_0to424.mp4,1,2.0035887,-2.0035887,1
D:\HaitongNi\MEngProject\d3_datasets\AIGVDBench_all_opensource_1000\frames\fake\OpenSource_T2V_RepVideo__o82SKvbybvY_14_104to700,D:\HaitongNi\MEngProject\d3_datasets\AIGVDBench_all_opensource_1000\frames\fake\OpenSource_T2V_RepVideo__o82SKvbybvY_14_104to700\1.jpg,AI Video,1,16,"[1, 2, 3, 4, 5, 6, 7, 8, 9, 10, 11, 12, 13, 14, 15, 16]",o82SKvbybvY_14_104to700.mp4,OpenSource_T2V_RepVideo,T2V,F:\MEngDatasets\AIGVDBench\videos\OpenSource\T2V\RepVideo\videos\o82SKvbybvY_14_104to700.mp4,1,2.8649619,-2.8649619,1
D:\HaitongNi\MEngProject\d3_datasets\AIGVDBench_all_opensource_1000\frames\fake\OpenSource_V2V_Cogvideox1.5__Vh2cObLYHJ8_13_0to496,D:\HaitongNi\MEngProject\d3_datasets\AIGVDBench_all_opensource_1000\frames\fake\OpenSource_V2V_Cogvideox1.5__Vh2cObLYHJ8_13_0to496\1.jpg,AI Video,1,16,"[1, 2, 3, 4, 5, 6, 7, 8, 9, 10, 11, 12, 13, 14, 15, 16]",Vh2cObLYHJ8_13_0to496.mp4,OpenSource_V2V_Cogvideox1.5,V2V,F:\MEngDatasets\AIGVDBench\videos\OpenSource\V2V\Cogvideox1.5\videos\Vh2cObLYHJ8_13_0to496.mp4,1,0.98593557,-0.98593557,1
D:\HaitongNi\MEngProject\d3_datasets\AIGVDBench_all_opensource_1000\frames\fake\OpenSource_V2V_Cogvideox1.5__HlRfdCWGMzI_22_114to219,D:\HaitongNi\MEngProject\d3_datasets\AIGVDBench_all_opensource_1000\frames\fake\OpenSource_V2V_Cogvideox1.5__HlRfdCWGMzI_22_114to219\1.jpg,AI Video,1,16,"[1, 2, 3, 4, 5, 6, 7, 8, 9, 10, 11, 12, 13, 14, 15, 16]",HlRfdCWGMzI_22_114to219.mp4,OpenSource_V2V_Cogvideox1.5,V2V,F:\MEngDatasets\AIGVDBench\videos\OpenSource\V2V\Cogvideox1.5\videos\HlRfdCWGMzI_22_114to219.mp4,1,1.2011555,-1.2011555,1
D:\HaitongNi\MEngProject\d3_datasets\AIGVDBench_all_opensource_1000\frames\fake\OpenSource_V2V_Cogvideox1.5__eENFTG4UQsI_3_337to522,D:\HaitongNi\MEngProject\d3_datasets\AIGVDBench_all_opensource_1000\frames\fake\OpenSource_V2V_Cogvideox1.5__eENFTG4UQsI_3_337to522\1.jpg,AI Video,1,16,"[1, 2, 3, 4, 5, 6, 7, 8, 9, 10, 11, 12, 13, 14, 15, 16]",eENFTG4UQsI_3_337to522.mp4,OpenSource_V2V_Cogvideox1.5,V2V,F:\MEngDatasets\AIGVDBench\videos\OpenSource\V2V\Cogvideox1.5\videos\eENFTG4UQsI_3_337to522.mp4,1,2.2249155,-2.2249155,1
D:\HaitongNi\MEngProject\d3_datasets\AIGVDBench_all_opensource_1000\frames\fake\OpenSource_V2V_Cogvideox1.5__90u26k64J9A_14_0to144,D:\HaitongNi\MEngProject\d3_datasets\AIGVDBench_all_opensource_1000\frames\fake\OpenSource_V2V_Cogvideox1.5__90u26k64J9A_14_0to144\1.jpg,AI Video,1,16,"[1, 2, 3, 4, 5, 6, 7, 8, 9, 10, 11, 12, 13, 14, 15, 16]",90u26k64J9A_14_0to144.mp4,OpenSource_V2V_Cogvideox1.5,V2V,F:\MEngDatasets\AIGVDBench\videos\OpenSource\V2V\Cogvideox1.5\videos\90u26k64J9A_14_0to144.mp4,1,1.6002314,-1.6002314,1
D:\HaitongNi\MEngProject\d3_datasets\AIGVDBench_all_opensource_1000\frames\fake\OpenSource_T2V_Pyramid-Flow__NWYRv_MKaA8_10_24to132,D:\HaitongNi\MEngProject\d3_datasets\AIGVDBench_all_opensource_1000\frames\fake\OpenSource_T2V_Pyramid-Flow__NWYRv_MKaA8_10_24to132\1.jpg,AI Video,1,16,"[1, 2, 3, 4, 5, 6, 7, 8, 9, 10, 11, 12, 13, 14, 15, 16]",NWYRv_MKaA8_10_24to132.mp4,OpenSource_T2V_Pyramid-Flow,T2V,F:\MEngDatasets\AIGVDBench\videos\OpenSource\T2V\Pyramid-Flow\videos\NWYRv_MKaA8_10_24to132.mp4,1,1.178525,-1.178525,1
D:\HaitongNi\MEngProject\d3_datasets\AIGVDBench_all_opensource_1000\frames\fake\OpenSource_T2V_Cogvideox1.5__Vh2cObLYHJ8_13_0to496,D:\HaitongNi\MEngProject\d3_datasets\AIGVDBench_all_opensource_1000\frames\fake\OpenSource_T2V_Cogvideox1.5__Vh2cObLYHJ8_13_0to496\1.jpg,AI Video,1,16,"[1, 2, 3, 4, 5, 6, 7, 8, 9, 10, 11, 12, 13, 14, 15, 16]",Vh2cObLYHJ8_13_0to496.mp4,OpenSource_T2V_Cogvideox1.5,T2V,F:\MEngDatasets\AIGVDBench\videos\OpenSource\T2V\Cogvideox1.5\videos\Vh2cObLYHJ8_13_0to496.mp4,1,1.1707542,-1.1707542,1
D:\HaitongNi\MEngProject\d3_datasets\AIGVDBench_all_opensource_1000\frames\fake\OpenSource_T2V_Open-Sora__gcgj6G8r-IQ_28_24to180,D:\HaitongNi\MEngProject\d3_datasets\AIGVDBench_all_opensource_1000\frames\fake\OpenSource_T2V_Open-Sora__gcgj6G8r-IQ_28_24to180\1.jpg,AI Video,1,16,"[1, 2, 3, 4, 5, 6, 7, 8, 9, 10, 11, 12, 13, 14, 15, 16]",gcgj6G8r-IQ_28_24to180.mp4,OpenSource_T2V_Open-Sora,T2V,F:\MEngDatasets\AIGVDBench\videos\OpenSource\T2V\Open-Sora\videos\gcgj6G8r-IQ_28_24to180.mp4,1,2.4196723,-2.4196723,1
D:\HaitongNi\MEngProject\d3_datasets\AIGVDBench_all_opensource_1000\frames\fake\OpenSource_T2V_Pyramid-Flow__Vh2cObLYHJ8_13_0to496,D:\HaitongNi\MEngProject\d3_datasets\AIGVDBench_all_opensource_1000\frames\fake\OpenSource_T2V_Pyramid-Flow__Vh2cObLYHJ8_13_0to496\1.jpg,AI Video,1,16,"[1, 2, 3, 4, 5, 6, 7, 8, 9, 10, 11, 12, 13, 14, 15, 16]",Vh2cObLYHJ8_13_0to496.mp4,OpenSource_T2V_Pyramid-Flow,T2V,F:\MEngDatasets\AIGVDBench\videos\OpenSource\T2V\Pyramid-Flow\videos\Vh2cObLYHJ8_13_0to496.mp4,1,2.3701286,-2.3701286,1
D:\HaitongNi\MEngProject\d3_datasets\AIGVDBench_all_opensource_1000\frames\fake\OpenSource_T2V_Pyramid-Flow__y3vyO-025CI_3_0to339,D:\HaitongNi\MEngProject\d3_datasets\AIGVDBench_all_opensource_1000\frames\fake\OpenSource_T2V_Pyramid-Flow__y3vyO-025CI_3_0to339\1.jpg,AI Video,1,16,"[1, 2, 3, 4, 5, 6, 7, 8, 9, 10, 11, 12, 13, 14, 15, 16]",y3vyO-025CI_3_0to339.mp4,OpenSource_T2V_Pyramid-Flow,T2V,F:\MEngDatasets\AIGVDBench\videos\OpenSource\T2V\Pyramid-Flow\videos\y3vyO-025CI_3_0to339.mp4,1,0.4973324,-0.4973324,1
D:\HaitongNi\MEngProject\d3_datasets\AIGVDBench_all_opensource_1000\frames\fake\OpenSource_I2V_EasyAnimate__4cvgTuAaMDM_1_0to181,D:\HaitongNi\MEngProject\d3_datasets\AIGVDBench_all_opensource_1000\frames\fake\OpenSource_I2V_EasyAnimate__4cvgTuAaMDM_1_0to181\1.jpg,AI Video,1,16,"[1, 2, 3, 4, 5, 6, 7, 8, 9, 10, 11, 12, 13, 14, 15, 16]",4cvgTuAaMDM_1_0to181.mp4,OpenSource_I2V_EasyAnimate,I2V,F:\MEngDatasets\AIGVDBench\videos\OpenSource\I2V\EasyAnimate\videos\4cvgTuAaMDM_1_0to181.mp4,1,2.2198627,-2.2198627,1
D:\HaitongNi\MEngProject\d3_datasets\AIGVDBench_all_opensource_1000\frames\fake\OpenSource_V2V_Cogvideox1.5__vUVwNN47Uv0_7_1227to1461,D:\HaitongNi\MEngProject\d3_datasets\AIGVDBench_all_opensource_1000\frames\fake\OpenSource_V2V_Cogvideox1.5__vUVwNN47Uv0_7_1227to1461\1.jpg,AI Video,1,16,"[1, 2, 3, 4, 5, 6, 7, 8, 9, 10, 11, 12, 13, 14, 15, 16]",vUVwNN47Uv0_7_1227to1461.mp4,OpenSource_V2V_Cogvideox1.5,V2V,F:\MEngDatasets\AIGVDBench\videos\OpenSource\V2V\Cogvideox1.5\videos\vUVwNN47Uv0_7_1227to1461.mp4,1,2.2543304,-2.2543304,1
D:\HaitongNi\MEngProject\d3_datasets\AIGVDBench_all_opensource_1000\frames\fake\OpenSource_T2V_Open-Sora__guL5esGDFbk_11_0to163,D:\HaitongNi\MEngProject\d3_datasets\AIGVDBench_all_opensource_1000\frames\fake\OpenSource_T2V_Open-Sora__guL5esGDFbk_11_0to163\1.jpg,AI Video,1,16,"[1, 2, 3, 4, 5, 6, 7, 8, 9, 10, 11, 12, 13, 14, 15, 16]",guL5esGDFbk_11_0to163.mp4,OpenSource_T2V_Open-Sora,T2V,F:\MEngDatasets\AIGVDBench\videos\OpenSource\T2V\Open-Sora\videos\guL5esGDFbk_11_0to163.mp4,1,1.0249251,-1.0249251,1
D:\HaitongNi\MEngProject\d3_datasets\AIGVDBench_all_opensource_1000\frames\fake\OpenSource_I2V_SEINE__Vh2cObLYHJ8_13_0to496,D:\HaitongNi\MEngProject\d3_datasets\AIGVDBench_all_opensource_1000\frames\fake\OpenSource_I2V_SEINE__Vh2cObLYHJ8_13_0to496\1.jpg,AI Video,1,16,"[1, 2, 3, 4, 5, 6, 7, 8, 9, 10, 11, 12, 13, 14, 15, 16]",Vh2cObLYHJ8_13_0to496.mp4,OpenSource_I2V_SEINE,I2V,F:\MEngDatasets\AIGVDBench\videos\OpenSource\I2V\SEINE\videos\Vh2cObLYHJ8_13_0to496.mp4,1,3.011869,-3.011869,1
D:\HaitongNi\MEngProject\d3_datasets\AIGVDBench_all_opensource_1000\frames\fake\OpenSource_V2V_Cogvideox1.5__xPcAfdYCj5k_136_0to424,D:\HaitongNi\MEngProject\d3_datasets\AIGVDBench_all_opensource_1000\frames\fake\OpenSource_V2V_Cogvideox1.5__xPcAfdYCj5k_136_0to424\1.jpg,AI Video,1,16,"[1, 2, 3, 4, 5, 6, 7, 8, 9, 10, 11, 12, 13, 14, 15, 16]",xPcAfdYCj5k_136_0to424.mp4,OpenSource_V2V_Cogvideox1.5,V2V,F:\MEngDatasets\AIGVDBench\videos\OpenSource\V2V\Cogvideox1.5\videos\xPcAfdYCj5k_136_0to424.mp4,1,3.6427877,-3.6427877,1
D:\HaitongNi\MEngProject\d3_datasets\AIGVDBench_all_opensource_1000\frames\fake\OpenSource_T2V_VideoCrafter__7TCW9wOxAWk_48_0to214,D:\HaitongNi\MEngProject\d3_datasets\AIGVDBench_all_opensource_1000\frames\fake\OpenSource_T2V_VideoCrafter__7TCW9wOxAWk_48_0to214\1.jpg,AI Video,1,16,"[1, 2, 3, 4, 5, 6, 7, 8, 9, 10, 11, 12, 13, 14, 15, 16]",7TCW9wOxAWk_48_0to214.mp4,OpenSource_T2V_VideoCrafter,T2V,F:\MEngDatasets\AIGVDBench\videos\OpenSource\T2V\VideoCrafter\videos\7TCW9wOxAWk_48_0to214.mp4,1,1.1561074,-1.1561074,1
D:\HaitongNi\MEngProject\d3_datasets\AIGVDBench_all_opensource_1000\frames\fake\OpenSource_T2V_LTX__HlRfdCWGMzI_22_114to219,D:\HaitongNi\MEngProject\d3_datasets\AIGVDBench_all_opensource_1000\frames\fake\OpenSource_T2V_LTX__HlRfdCWGMzI_22_114to219\1.jpg,AI Video,1,16,"[1, 2, 3, 4, 5, 6, 7, 8, 9, 10, 11, 12, 13, 14, 15, 16]",HlRfdCWGMzI_22_114to219.mp4,OpenSource_T2V_LTX,T2V,F:\MEngDatasets\AIGVDBench\videos\OpenSource\T2V\LTX\videos\HlRfdCWGMzI_22_114to219.mp4,1,2.8874292,-2.8874292,1
D:\HaitongNi\MEngProject\d3_datasets\AIGVDBench_all_opensource_1000\frames\fake\OpenSource_V2V_LTX__xPcAfdYCj5k_136_0to424,D:\HaitongNi\MEngProject\d3_datasets\AIGVDBench_all_opensource_1000\frames\fake\OpenSource_V2V_LTX__xPcAfdYCj5k_136_0to424\1.jpg,AI Video,1,16,"[1, 2, 3, 4, 5, 6, 7, 8, 9, 10, 11, 12, 13, 14, 15, 16]",xPcAfdYCj5k_136_0to424.mp4,OpenSource_V2V_LTX,V2V,F:\MEngDatasets\AIGVDBench\videos\OpenSource\V2V\LTX\videos\xPcAfdYCj5k_136_0to424.mp4,1,2.5209692,-2.5209692,1
D:\HaitongNi\MEngProject\d3_datasets\AIGVDBench_all_opensource_1000\frames\fake\OpenSource_T2V_HunyuanVideo__guL5esGDFbk_11_0to163,D:\HaitongNi\MEngProject\d3_datasets\AIGVDBench_all_opensource_1000\frames\fake\OpenSource_T2V_HunyuanVideo__guL5esGDFbk_11_0to163\1.jpg,AI Video,1,16,"[1, 2, 3, 4, 5, 6, 7, 8, 9, 10, 11, 12, 13, 14, 15, 16]",guL5esGDFbk_11_0to163.mp4,OpenSource_T2V_HunyuanVideo,T2V,F:\MEngDatasets\AIGVDBench\videos\OpenSource\T2V\HunyuanVideo\videos\guL5esGDFbk_11_0to163.mp4,1,1.5473377,-1.5473377,1
D:\HaitongNi\MEngProject\d3_datasets\AIGVDBench_all_opensource_1000\frames\fake\OpenSource_T2V_AnimateDiff__nhskgJQ5XMU_202_0to114,D:\HaitongNi\MEngProject\d3_datasets\AIGVDBench_all_opensource_1000\frames\fake\OpenSource_T2V_AnimateDiff__nhskgJQ5XMU_202_0to114\1.jpg,AI Video,1,16,"[1, 2, 3, 4, 5, 6, 7, 8, 9, 10, 11, 12, 13, 14, 15, 16]",nhskgJQ5XMU_202_0to114.mp4,OpenSource_T2V_AnimateDiff,T2V,F:\MEngDatasets\AIGVDBench\videos\OpenSource\T2V\AnimateDiff\home\lma\Benchmark\bench\opensource\T2V\AnimateDiff\videos\nhskgJQ5XMU_202_0to114.mp4,1,0.6272386,-0.6272386,1
D:\HaitongNi\MEngProject\d3_datasets\AIGVDBench_all_opensource_1000\frames\fake\OpenSource_T2V_HunyuanVideo__NWYRv_MKaA8_10_24to132,D:\HaitongNi\MEngProject\d3_datasets\AIGVDBench_all_opensource_1000\frames\fake\OpenSource_T2V_HunyuanVideo__NWYRv_MKaA8_10_24to132\1.jpg,AI Video,1,16,"[1, 2, 3, 4, 5, 6, 7, 8, 9, 10, 11, 12, 13, 14, 15, 16]",NWYRv_MKaA8_10_24to132.mp4,OpenSource_T2V_HunyuanVideo,T2V,F:\MEngDatasets\AIGVDBench\videos\OpenSource\T2V\HunyuanVideo\videos\NWYRv_MKaA8_10_24to132.mp4,1,1.0377734,-1.0377734,1
D:\HaitongNi\MEngProject\d3_datasets\AIGVDBench_all_opensource_1000\frames\fake\OpenSource_I2V_SEINE__0BPQnk47p6M_2_55to191,D:\HaitongNi\MEngProject\d3_datasets\AIGVDBench_all_opensource_1000\frames\fake\OpenSource_I2V_SEINE__0BPQnk47p6M_2_55to191\1.jpg,AI Video,1,16,"[1, 2, 3, 4, 5, 6, 7, 8, 9, 10, 11, 12, 13, 14, 15, 16]",0BPQnk47p6M_2_55to191.mp4,OpenSource_I2V_SEINE,I2V,F:\MEngDatasets\AIGVDBench\videos\OpenSource\I2V\SEINE\videos\0BPQnk47p6M_2_55to191.mp4,1,3.3430524,-3.3430524,1
D:\HaitongNi\MEngProject\d3_datasets\AIGVDBench_all_opensource_1000\frames\fake\OpenSource_T2V_IPOC__guL5esGDFbk_11_0to163,D:\HaitongNi\MEngProject\d3_datasets\AIGVDBench_all_opensource_1000\frames\fake\OpenSource_T2V_IPOC__guL5esGDFbk_11_0to163\1.jpg,AI Video,1,16,"[1, 2, 3, 4, 5, 6, 7, 8, 9, 10, 11, 12, 13, 14, 15, 16]",guL5esGDFbk_11_0to163.mp4,OpenSource_T2V_IPOC,T2V,F:\MEngDatasets\AIGVDBench\videos\OpenSource\T2V\IPOC\videos\guL5esGDFbk_11_0to163.mp4,1,1.7942947,-1.7942947,1
D:\HaitongNi\MEngProject\d3_datasets\AIGVDBench_all_opensource_1000\frames\fake\OpenSource_T2V_AccVideo__EHRI1gr4zik_3_323to481,D:\HaitongNi\MEngProject\d3_datasets\AIGVDBench_all_opensource_1000\frames\fake\OpenSource_T2V_AccVideo__EHRI1gr4zik_3_323to481\1.jpg,AI Video,1,16,"[1, 2, 3, 4, 5, 6, 7, 8, 9, 10, 11, 12, 13, 14, 15, 16]",EHRI1gr4zik_3_323to481.mp4,OpenSource_T2V_AccVideo,T2V,F:\MEngDatasets\AIGVDBench\videos\OpenSource\T2V\AccVideo\videos\EHRI1gr4zik_3_323to481.mp4,1,1.3017672,-1.3017672,1
D:\HaitongNi\MEngProject\d3_datasets\AIGVDBench_all_opensource_1000\frames\fake\OpenSource_T2V_Wan2.1__02M4tj70Ju0_20_0to116,D:\HaitongNi\MEngProject\d3_datasets\AIGVDBench_all_opensource_1000\frames\fake\OpenSource_T2V_Wan2.1__02M4tj70Ju0_20_0to116\1.jpg,AI Video,1,16,"[1, 2, 3, 4, 5, 6, 7, 8, 9, 10, 11, 12, 13, 14, 15, 16]",02M4tj70Ju0_20_0to116.mp4,OpenSource_T2V_Wan2.1,T2V,F:\MEngDatasets\AIGVDBench\videos\OpenSource\T2V\Wan2.1\videos\02M4tj70Ju0_20_0to116.mp4,1,1.2130057,-1.2130057,1
D:\HaitongNi\MEngProject\d3_datasets\AIGVDBench_all_opensource_1000\frames\fake\OpenSource_T2V_AccVideo__7TCW9wOxAWk_48_0to214,D:\HaitongNi\MEngProject\d3_datasets\AIGVDBench_all_opensource_1000\frames\fake\OpenSource_T2V_AccVideo__7TCW9wOxAWk_48_0to214\1.jpg,AI Video,1,16,"[1, 2, 3, 4, 5, 6, 7, 8, 9, 10, 11, 12, 13, 14, 15, 16]",7TCW9wOxAWk_48_0to214.mp4,OpenSource_T2V_AccVideo,T2V,F:\MEngDatasets\AIGVDBench\videos\OpenSource\T2V\AccVideo\videos\7TCW9wOxAWk_48_0to214.mp4,1,6.818487,-6.818487,0
D:\HaitongNi\MEngProject\d3_datasets\AIGVDBench_all_opensource_1000\frames\fake\OpenSource_T2V_Open-Sora__xPcAfdYCj5k_136_0to424,D:\HaitongNi\MEngProject\d3_datasets\AIGVDBench_all_opensource_1000\frames\fake\OpenSource_T2V_Open-Sora__xPcAfdYCj5k_136_0to424\1.jpg,AI Video,1,16,"[1, 2, 3, 4, 5, 6, 7, 8, 9, 10, 11, 12, 13, 14, 15, 16]",xPcAfdYCj5k_136_0to424.mp4,OpenSource_T2V_Open-Sora,T2V,F:\MEngDatasets\AIGVDBench\videos\OpenSource\T2V\Open-Sora\videos\xPcAfdYCj5k_136_0to424.mp4,1,1.7642832,-1.7642832,1
D:\HaitongNi\MEngProject\d3_datasets\AIGVDBench_all_opensource_1000\frames\fake\OpenSource_T2V_HunyuanVideo__bG8EwSG8Hh4_1_0to149,D:\HaitongNi\MEngProject\d3_datasets\AIGVDBench_all_opensource_1000\frames\fake\OpenSource_T2V_HunyuanVideo__bG8EwSG8Hh4_1_0to149\1.jpg,AI Video,1,16,"[1, 2, 3, 4, 5, 6, 7, 8, 9, 10, 11, 12, 13, 14, 15, 16]",bG8EwSG8Hh4_1_0to149.mp4,OpenSource_T2V_HunyuanVideo,T2V,F:\MEngDatasets\AIGVDBench\videos\OpenSource\T2V\HunyuanVideo\videos\bG8EwSG8Hh4_1_0to149.mp4,1,1.8252816,-1.8252816,1
D:\HaitongNi\MEngProject\d3_datasets\AIGVDBench_all_opensource_1000\frames\fake\OpenSource_T2V_LTX__r03AuoH00eM_5_399to542,D:\HaitongNi\MEngProject\d3_datasets\AIGVDBench_all_opensource_1000\frames\fake\OpenSource_T2V_LTX__r03AuoH00eM_5_399to542\1.jpg,AI Video,1,16,"[1, 2, 3, 4, 5, 6, 7, 8, 9, 10, 11, 12, 13, 14, 15, 16]",r03AuoH00eM_5_399to542.mp4,OpenSource_T2V_LTX,T2V,F:\MEngDatasets\AIGVDBench\videos\OpenSource\T2V\LTX\videos\r03AuoH00eM_5_399to542.mp4,1,1.8244615,-1.8244615,1
D:\HaitongNi\MEngProject\d3_datasets\AIGVDBench_all_opensource_1000\frames\fake\OpenSource_T2V_AccVideo__HlRfdCWGMzI_22_114to219,D:\HaitongNi\MEngProject\d3_datasets\AIGVDBench_all_opensource_1000\frames\fake\OpenSource_T2V_AccVideo__HlRfdCWGMzI_22_114to219\1.jpg,AI Video,1,16,"[1, 2, 3, 4, 5, 6, 7, 8, 9, 10, 11, 12, 13, 14, 15, 16]",HlRfdCWGMzI_22_114to219.mp4,OpenSource_T2V_AccVideo,T2V,F:\MEngDatasets\AIGVDBench\videos\OpenSource\T2V\AccVideo\videos\HlRfdCWGMzI_22_114to219.mp4,1,1.2699994,-1.2699994,1
D:\HaitongNi\MEngProject\d3_datasets\AIGVDBench_all_opensource_1000\frames\fake\OpenSource_T2V_EasyAnimate__50KDhKUOrqI_57_294to582,D:\HaitongNi\MEngProject\d3_datasets\AIGVDBench_all_opensource_1000\frames\fake\OpenSource_T2V_EasyAnimate__50KDhKUOrqI_57_294to582\1.jpg,AI Video,1,16,"[1, 2, 3, 4, 5, 6, 7, 8, 9, 10, 11, 12, 13, 14, 15, 16]",50KDhKUOrqI_57_294to582.mp4,OpenSource_T2V_EasyAnimate,T2V,F:\MEngDatasets\AIGVDBench\videos\OpenSource\T2V\EasyAnimate\videos\50KDhKUOrqI_57_294to582.mp4,1,3.2819798,-3.2819798,1
D:\HaitongNi\MEngProject\d3_datasets\AIGVDBench_all_opensource_1000\frames\fake\OpenSource_I2V_Pyramid-Flow__50KDhKUOrqI_57_294to582,D:\HaitongNi\MEngProject\d3_datasets\AIGVDBench_all_opensource_1000\frames\fake\OpenSource_I2V_Pyramid-Flow__50KDhKUOrqI_57_294to582\1.jpg,AI Video,1,16,"[1, 2, 3, 4, 5, 6, 7, 8, 9, 10, 11, 12, 13, 14, 15, 16]",50KDhKUOrqI_57_294to582.mp4,OpenSource_I2V_Pyramid-Flow,I2V,F:\MEngDatasets\AIGVDBench\videos\OpenSource\I2V\Pyramid-Flow\videos\50KDhKUOrqI_57_294to582.mp4,1,3.3834949,-3.3834949,1
D:\HaitongNi\MEngProject\d3_datasets\AIGVDBench_all_opensource_1000\frames\fake\OpenSource_I2V_SVD__QRYsvqSzYuE_43_455to1014,D:\HaitongNi\MEngProject\d3_datasets\AIGVDBench_all_opensource_1000\frames\fake\OpenSource_I2V_SVD__QRYsvqSzYuE_43_455to1014\1.jpg,AI Video,1,16,"[1, 2, 3, 4, 5, 6, 7, 8, 9, 10, 11, 12, 13, 14, 15, 16]",QRYsvqSzYuE_43_455to1014.mp4,OpenSource_I2V_SVD,I2V,F:\MEngDatasets\AIGVDBench\videos\OpenSource\I2V\SVD\videos\QRYsvqSzYuE_43_455to1014.mp4,1,1.4951348,-1.4951348,1
D:\HaitongNi\MEngProject\d3_datasets\AIGVDBench_all_opensource_1000\frames\fake\OpenSource_T2V_EasyAnimate__r03AuoH00eM_5_399to542,D:\HaitongNi\MEngProject\d3_datasets\AIGVDBench_all_opensource_1000\frames\fake\OpenSource_T2V_EasyAnimate__r03AuoH00eM_5_399to542\1.jpg,AI Video,1,16,"[1, 2, 3, 4, 5, 6, 7, 8, 9, 10, 11, 12, 13, 14, 15, 16]",r03AuoH00eM_5_399to542.mp4,OpenSource_T2V_EasyAnimate,T2V,F:\MEngDatasets\AIGVDBench\videos\OpenSource\T2V\EasyAnimate\videos\r03AuoH00eM_5_399to542.mp4,1,1.2231749,-1.2231749,1
D:\HaitongNi\MEngProject\d3_datasets\AIGVDBench_all_opensource_1000\frames\fake\OpenSource_T2V_RepVideo__gcgj6G8r-IQ_28_24to180,D:\HaitongNi\MEngProject\d3_datasets\AIGVDBench_all_opensource_1000\frames\fake\OpenSource_T2V_RepVideo__gcgj6G8r-IQ_28_24to180\1.jpg,AI Video,1,16,"[1, 2, 3, 4, 5, 6, 7, 8, 9, 10, 11, 12, 13, 14, 15, 16]",gcgj6G8r-IQ_28_24to180.mp4,OpenSource_T2V_RepVideo,T2V,F:\MEngDatasets\AIGVDBench\videos\OpenSource\T2V\RepVideo\videos\gcgj6G8r-IQ_28_24to180.mp4,1,2.2828023,-2.2828023,1
D:\HaitongNi\MEngProject\d3_datasets\AIGVDBench_all_opensource_1000\frames\fake\OpenSource_I2V_SVD__smJlYSVS9Ds_340_112to226,D:\HaitongNi\MEngProject\d3_datasets\AIGVDBench_all_opensource_1000\frames\fake\OpenSource_I2V_SVD__smJlYSVS9Ds_340_112to226\1.jpg,AI Video,1,16,"[1, 2, 3, 4, 5, 6, 7, 8, 9, 10, 11, 12, 13, 14, 15, 16]",smJlYSVS9Ds_340_112to226.mp4,OpenSource_I2V_SVD,I2V,F:\MEngDatasets\AIGVDBench\videos\OpenSource\I2V\SVD\videos\smJlYSVS9Ds_340_112to226.mp4,1,2.692955,-2.692955,1
D:\HaitongNi\MEngProject\d3_datasets\AIGVDBench_all_opensource_1000\frames\fake\OpenSource_T2V_IPOC__nhskgJQ5XMU_202_0to114,D:\HaitongNi\MEngProject\d3_datasets\AIGVDBench_all_opensource_1000\frames\fake\OpenSource_T2V_IPOC__nhskgJQ5XMU_202_0to114\1.jpg,AI Video,1,16,"[1, 2, 3, 4, 5, 6, 7, 8, 9, 10, 11, 12, 13, 14, 15, 16]",nhskgJQ5XMU_202_0to114.mp4,OpenSource_T2V_IPOC,T2V,F:\MEngDatasets\AIGVDBench\videos\OpenSource\T2V\IPOC\videos\nhskgJQ5XMU_202_0to114.mp4,1,5.250696,-5.250696,0
D:\HaitongNi\MEngProject\d3_datasets\AIGVDBench_all_opensource_1000\frames\fake\OpenSource_I2V_VideoCrafter__eENFTG4UQsI_3_337to522,D:\HaitongNi\MEngProject\d3_datasets\AIGVDBench_all_opensource_1000\frames\fake\OpenSource_I2V_VideoCrafter__eENFTG4UQsI_3_337to522\1.jpg,AI Video,1,16,"[1, 2, 3, 4, 5, 6, 7, 8, 9, 10, 11, 12, 13, 14, 15, 16]",eENFTG4UQsI_3_337to522.mp4,OpenSource_I2V_VideoCrafter,I2V,F:\MEngDatasets\AIGVDBench\videos\OpenSource\I2V\VideoCrafter\videos\eENFTG4UQsI_3_337to522.mp4,1,1.2727422,-1.2727422,1
D:\HaitongNi\MEngProject\d3_datasets\AIGVDBench_all_opensource_1000\frames\fake\OpenSource_T2V_RepVideo__y3vyO-025CI_3_0to339,D:\HaitongNi\MEngProject\d3_datasets\AIGVDBench_all_opensource_1000\frames\fake\OpenSource_T2V_RepVideo__y3vyO-025CI_3_0to339\1.jpg,AI Video,1,16,"[1, 2, 3, 4, 5, 6, 7, 8, 9, 10, 11, 12, 13, 14, 15, 16]",y3vyO-025CI_3_0to339.mp4,OpenSource_T2V_RepVideo,T2V,F:\MEngDatasets\AIGVDBench\videos\OpenSource\T2V\RepVideo\videos\y3vyO-025CI_3_0to339.mp4,1,2.9737933,-2.9737933,1
D:\HaitongNi\MEngProject\d3_datasets\AIGVDBench_all_opensource_1000\frames\fake\OpenSource_I2V_Pyramid-Flow__NWYRv_MKaA8_10_24to132,D:\HaitongNi\MEngProject\d3_datasets\AIGVDBench_all_opensource_1000\frames\fake\OpenSource_I2V_Pyramid-Flow__NWYRv_MKaA8_10_24to132\1.jpg,AI Video,1,16,"[1, 2, 3, 4, 5, 6, 7, 8, 9, 10, 11, 12, 13, 14, 15, 16]",NWYRv_MKaA8_10_24to132.mp4,OpenSource_I2V_Pyramid-Flow,I2V,F:\MEngDatasets\AIGVDBench\videos\OpenSource\I2V\Pyramid-Flow\videos\NWYRv_MKaA8_10_24to132.mp4,1,1.3592297,-1.3592297,1
D:\HaitongNi\MEngProject\d3_datasets\AIGVDBench_all_opensource_1000\frames\fake\OpenSource_T2V_RepVideo__0BPQnk47p6M_2_55to191,D:\HaitongNi\MEngProject\d3_datasets\AIGVDBench_all_opensource_1000\frames\fake\OpenSource_T2V_RepVideo__0BPQnk47p6M_2_55to191\1.jpg,AI Video,1,16,"[1, 2, 3, 4, 5, 6, 7, 8, 9, 10, 11, 12, 13, 14, 15, 16]",0BPQnk47p6M_2_55to191.mp4,OpenSource_T2V_RepVideo,T2V,F:\MEngDatasets\AIGVDBench\videos\OpenSource\T2V\RepVideo\videos\0BPQnk47p6M_2_55to191.mp4,1,0.5315466,-0.5315466,1
D:\HaitongNi\MEngProject\d3_datasets\AIGVDBench_all_opensource_1000\frames\fake\OpenSource_T2V_Cogvideox1.5__02M4tj70Ju0_20_0to116,D:\HaitongNi\MEngProject\d3_datasets\AIGVDBench_all_opensource_1000\frames\fake\OpenSource_T2V_Cogvideox1.5__02M4tj70Ju0_20_0to116\1.jpg,AI Video,1,16,"[1, 2, 3, 4, 5, 6, 7, 8, 9, 10, 11, 12, 13, 14, 15, 16]",02M4tj70Ju0_20_0to116.mp4,OpenSource_T2V_Cogvideox1.5,T2V,F:\MEngDatasets\AIGVDBench\videos\OpenSource\T2V\Cogvideox1.5\videos\02M4tj70Ju0_20_0to116.mp4,1,0.91402024,-0.91402024,1
D:\HaitongNi\MEngProject\d3_datasets\AIGVDBench_all_opensource_1000\frames\fake\OpenSource_T2V_Wan2.1__jty7y2KedUE_23_0to259,D:\HaitongNi\MEngProject\d3_datasets\AIGVDBench_all_opensource_1000\frames\fake\OpenSource_T2V_Wan2.1__jty7y2KedUE_23_0to259\1.jpg,AI Video,1,16,"[1, 2, 3, 4, 5, 6, 7, 8, 9, 10, 11, 12, 13, 14, 15, 16]",jty7y2KedUE_23_0to259.mp4,OpenSource_T2V_Wan2.1,T2V,F:\MEngDatasets\AIGVDBench\videos\OpenSource\T2V\Wan2.1\videos\jty7y2KedUE_23_0to259.mp4,1,1.9466344,-1.9466344,1
D:\HaitongNi\MEngProject\d3_datasets\AIGVDBench_all_opensource_1000\frames\fake\OpenSource_T2V_EasyAnimate__y3vyO-025CI_3_0to339,D:\HaitongNi\MEngProject\d3_datasets\AIGVDBench_all_opensource_1000\frames\fake\OpenSource_T2V_EasyAnimate__y3vyO-025CI_3_0to339\1.jpg,AI Video,1,16,"[1, 2, 3, 4, 5, 6, 7, 8, 9, 10, 11, 12, 13, 14, 15, 16]",y3vyO-025CI_3_0to339.mp4,OpenSource_T2V_EasyAnimate,T2V,F:\MEngDatasets\AIGVDBench\videos\OpenSource\T2V\EasyAnimate\videos\y3vyO-025CI_3_0to339.mp4,1,1.7774371,-1.7774371,1
D:\HaitongNi\MEngProject\d3_datasets\AIGVDBench_all_opensource_1000\frames\fake\OpenSource_T2V_AccVideo__W5R52mgaBgk_13_85to215,D:\HaitongNi\MEngProject\d3_datasets\AIGVDBench_all_opensource_1000\frames\fake\OpenSource_T2V_AccVideo__W5R52mgaBgk_13_85to215\1.jpg,AI Video,1,16,"[1, 2, 3, 4, 5, 6, 7, 8, 9, 10, 11, 12, 13, 14, 15, 16]",W5R52mgaBgk_13_85to215.mp4,OpenSource_T2V_AccVideo,T2V,F:\MEngDatasets\AIGVDBench\videos\OpenSource\T2V\AccVideo\videos\W5R52mgaBgk_13_85to215.mp4,1,1.5782028,-1.5782028,1
D:\HaitongNi\MEngProject\d3_datasets\AIGVDBench_all_opensource_1000\frames\fake\OpenSource_T2V_Pyramid-Flow__4cvgTuAaMDM_1_0to181,D:\HaitongNi\MEngProject\d3_datasets\AIGVDBench_all_opensource_1000\frames\fake\OpenSource_T2V_Pyramid-Flow__4cvgTuAaMDM_1_0to181\1.jpg,AI Video,1,16,"[1, 2, 3, 4, 5, 6, 7, 8, 9, 10, 11, 12, 13, 14, 15, 16]",4cvgTuAaMDM_1_0to181.mp4,OpenSource_T2V_Pyramid-Flow,T2V,F:\MEngDatasets\AIGVDBench\videos\OpenSource\T2V\Pyramid-Flow\videos\4cvgTuAaMDM_1_0to181.mp4,1,1.5542101,-1.5542101,1
D:\HaitongNi\MEngProject\d3_datasets\AIGVDBench_all_opensource_1000\frames\fake\OpenSource_I2V_SVD__7TCW9wOxAWk_48_0to214,D:\HaitongNi\MEngProject\d3_datasets\AIGVDBench_all_opensource_1000\frames\fake\OpenSource_I2V_SVD__7TCW9wOxAWk_48_0to214\1.jpg,AI Video,1,16,"[1, 2, 3, 4, 5, 6, 7, 8, 9, 10, 11, 12, 13, 14, 15, 16]",7TCW9wOxAWk_48_0to214.mp4,OpenSource_I2V_SVD,I2V,F:\MEngDatasets\AIGVDBench\videos\OpenSource\I2V\SVD\videos\7TCW9wOxAWk_48_0to214.mp4,1,2.0140648,-2.0140648,1
D:\HaitongNi\MEngProject\d3_datasets\AIGVDBench_all_opensource_1000\frames\fake\OpenSource_V2V_Cogvideox1.5__7TCW9wOxAWk_48_0to214,D:\HaitongNi\MEngProject\d3_datasets\AIGVDBench_all_opensource_1000\frames\fake\OpenSource_V2V_Cogvideox1.5__7TCW9wOxAWk_48_0to214\1.jpg,AI Video,1,16,"[1, 2, 3, 4, 5, 6, 7, 8, 9, 10, 11, 12, 13, 14, 15, 16]",7TCW9wOxAWk_48_0to214.mp4,OpenSource_V2V_Cogvideox1.5,V2V,F:\MEngDatasets\AIGVDBench\videos\OpenSource\V2V\Cogvideox1.5\videos\7TCW9wOxAWk_48_0to214.mp4,1,4.4297204,-4.4297204,1
D:\HaitongNi\MEngProject\d3_datasets\AIGVDBench_all_opensource_1000\frames\fake\OpenSource_I2V_SVD__W5R52mgaBgk_13_85to215,D:\HaitongNi\MEngProject\d3_datasets\AIGVDBench_all_opensource_1000\frames\fake\OpenSource_I2V_SVD__W5R52mgaBgk_13_85to215\1.jpg,AI Video,1,16,"[1, 2, 3, 4, 5, 6, 7, 8, 9, 10, 11, 12, 13, 14, 15, 16]",W5R52mgaBgk_13_85to215.mp4,OpenSource_I2V_SVD,I2V,F:\MEngDatasets\AIGVDBench\videos\OpenSource\I2V\SVD\videos\W5R52mgaBgk_13_85to215.mp4,1,2.488216,-2.488216,1
D:\HaitongNi\MEngProject\d3_datasets\AIGVDBench_all_opensource_1000\frames\fake\OpenSource_T2V_Wan2.1__r03AuoH00eM_5_399to542,D:\HaitongNi\MEngProject\d3_datasets\AIGVDBench_all_opensource_1000\frames\fake\OpenSource_T2V_Wan2.1__r03AuoH00eM_5_399to542\1.jpg,AI Video,1,16,"[1, 2, 3, 4, 5, 6, 7, 8, 9, 10, 11, 12, 13, 14, 15, 16]",r03AuoH00eM_5_399to542.mp4,OpenSource_T2V_Wan2.1,T2V,F:\MEngDatasets\AIGVDBench\videos\OpenSource\T2V\Wan2.1\videos\r03AuoH00eM_5_399to542.mp4,1,2.3517087,-2.3517087,1
D:\HaitongNi\MEngProject\d3_datasets\AIGVDBench_all_opensource_1000\frames\fake\OpenSource_T2V_HunyuanVideo__eENFTG4UQsI_3_337to522,D:\HaitongNi\MEngProject\d3_datasets\AIGVDBench_all_opensource_1000\frames\fake\OpenSource_T2V_HunyuanVideo__eENFTG4UQsI_3_337to522\1.jpg,AI Video,1,16,"[1, 2, 3, 4, 5, 6, 7, 8, 9, 10, 11, 12, 13, 14, 15, 16]",eENFTG4UQsI_3_337to522.mp4,OpenSource_T2V_HunyuanVideo,T2V,F:\MEngDatasets\AIGVDBench\videos\OpenSource\T2V\HunyuanVideo\videos\eENFTG4UQsI_3_337to522.mp4,1,2.5464334,-2.5464334,1
D:\HaitongNi\MEngProject\d3_datasets\AIGVDBench_all_opensource_1000\frames\fake\OpenSource_T2V_VideoCrafter__jty7y2KedUE_23_0to259,D:\HaitongNi\MEngProject\d3_datasets\AIGVDBench_all_opensource_1000\frames\fake\OpenSource_T2V_VideoCrafter__jty7y2KedUE_23_0to259\1.jpg,AI Video,1,16,"[1, 2, 3, 4, 5, 6, 7, 8, 9, 10, 11, 12, 13, 14, 15, 16]",jty7y2KedUE_23_0to259.mp4,OpenSource_T2V_VideoCrafter,T2V,F:\MEngDatasets\AIGVDBench\videos\OpenSource\T2V\VideoCrafter\videos\jty7y2KedUE_23_0to259.mp4,1,1.0039062,-1.0039062,1
D:\HaitongNi\MEngProject\d3_datasets\AIGVDBench_all_opensource_1000\frames\fake\OpenSource_T2V_Open-Sora__smJlYSVS9Ds_340_112to226,D:\HaitongNi\MEngProject\d3_datasets\AIGVDBench_all_opensource_1000\frames\fake\OpenSource_T2V_Open-Sora__smJlYSVS9Ds_340_112to226\1.jpg,AI Video,1,16,"[1, 2, 3, 4, 5, 6, 7, 8, 9, 10, 11, 12, 13, 14, 15, 16]",smJlYSVS9Ds_340_112to226.mp4,OpenSource_T2V_Open-Sora,T2V,F:\MEngDatasets\AIGVDBench\videos\OpenSource\T2V\Open-Sora\videos\smJlYSVS9Ds_340_112to226.mp4,1,1.6394637,-1.6394637,1
D:\HaitongNi\MEngProject\d3_datasets\AIGVDBench_all_opensource_1000\frames\fake\OpenSource_T2V_RepVideo__bG8EwSG8Hh4_1_0to149,D:\HaitongNi\MEngProject\d3_datasets\AIGVDBench_all_opensource_1000\frames\fake\OpenSource_T2V_RepVideo__bG8EwSG8Hh4_1_0to149\1.jpg,AI Video,1,16,"[1, 2, 3, 4, 5, 6, 7, 8, 9, 10, 11, 12, 13, 14, 15, 16]",bG8EwSG8Hh4_1_0to149.mp4,OpenSource_T2V_RepVideo,T2V,F:\MEngDatasets\AIGVDBench\videos\OpenSource\T2V\RepVideo\videos\bG8EwSG8Hh4_1_0to149.mp4,1,4.591949,-4.591949,1
D:\HaitongNi\MEngProject\d3_datasets\AIGVDBench_all_opensource_1000\frames\fake\OpenSource_I2V_VideoCrafter__bG8EwSG8Hh4_1_0to149,D:\HaitongNi\MEngProject\d3_datasets\AIGVDBench_all_opensource_1000\frames\fake\OpenSource_I2V_VideoCrafter__bG8EwSG8Hh4_1_0to149\1.jpg,AI Video,1,16,"[1, 2, 3, 4, 5, 6, 7, 8, 9, 10, 11, 12, 13, 14, 15, 16]",bG8EwSG8Hh4_1_0to149.mp4,OpenSource_I2V_VideoCrafter,I2V,F:\MEngDatasets\AIGVDBench\videos\OpenSource\I2V\VideoCrafter\videos\bG8EwSG8Hh4_1_0to149.mp4,1,1.7071133,-1.7071133,1
D:\HaitongNi\MEngProject\d3_datasets\AIGVDBench_all_opensource_1000\frames\fake\OpenSource_T2V_IPOC__W5R52mgaBgk_13_85to215,D:\HaitongNi\MEngProject\d3_datasets\AIGVDBench_all_opensource_1000\frames\fake\OpenSource_T2V_IPOC__W5R52mgaBgk_13_85to215\1.jpg,AI Video,1,16,"[1, 2, 3, 4, 5, 6, 7, 8, 9, 10, 11, 12, 13, 14, 15, 16]",W5R52mgaBgk_13_85to215.mp4,OpenSource_T2V_IPOC,T2V,F:\MEngDatasets\AIGVDBench\videos\OpenSource\T2V\IPOC\videos\W5R52mgaBgk_13_85to215.mp4,1,0.7694748,-0.7694748,1
D:\HaitongNi\MEngProject\d3_datasets\AIGVDBench_all_opensource_1000\frames\fake\OpenSource_T2V_HunyuanVideo__02M4tj70Ju0_20_0to116,D:\HaitongNi\MEngProject\d3_datasets\AIGVDBench_all_opensource_1000\frames\fake\OpenSource_T2V_HunyuanVideo__02M4tj70Ju0_20_0to116\1.jpg,AI Video,1,16,"[1, 2, 3, 4, 5, 6, 7, 8, 9, 10, 11, 12, 13, 14, 15, 16]",02M4tj70Ju0_20_0to116.mp4,OpenSource_T2V_HunyuanVideo,T2V,F:\MEngDatasets\AIGVDBench\videos\OpenSource\T2V\HunyuanVideo\videos\02M4tj70Ju0_20_0to116.mp4,1,0.41113633,-0.41113633,1
D:\HaitongNi\MEngProject\d3_datasets\AIGVDBench_all_opensource_1000\frames\fake\OpenSource_T2V_EasyAnimate__smJlYSVS9Ds_340_112to226,D:\HaitongNi\MEngProject\d3_datasets\AIGVDBench_all_opensource_1000\frames\fake\OpenSource_T2V_EasyAnimate__smJlYSVS9Ds_340_112to226\1.jpg,AI Video,1,16,"[1, 2, 3, 4, 5, 6, 7, 8, 9, 10, 11, 12, 13, 14, 15, 16]",smJlYSVS9Ds_340_112to226.mp4,OpenSource_T2V_EasyAnimate,T2V,F:\MEngDatasets\AIGVDBench\videos\OpenSource\T2V\EasyAnimate\videos\smJlYSVS9Ds_340_112to226.mp4,1,2.9835525,-2.9835525,1
D:\HaitongNi\MEngProject\d3_datasets\AIGVDBench_all_opensource_1000\frames\fake\OpenSource_T2V_VideoCrafter__nhskgJQ5XMU_202_0to114,D:\HaitongNi\MEngProject\d3_datasets\AIGVDBench_all_opensource_1000\frames\fake\OpenSource_T2V_VideoCrafter__nhskgJQ5XMU_202_0to114\1.jpg,AI Video,1,16,"[1, 2, 3, 4, 5, 6, 7, 8, 9, 10, 11, 12, 13, 14, 15, 16]",nhskgJQ5XMU_202_0to114.mp4,OpenSource_T2V_VideoCrafter,T2V,F:\MEngDatasets\AIGVDBench\videos\OpenSource\T2V\VideoCrafter\videos\nhskgJQ5XMU_202_0to114.mp4,1,1.3819431,-1.3819431,1
D:\HaitongNi\MEngProject\d3_datasets\AIGVDBench_all_opensource_1000\frames\fake\OpenSource_I2V_VideoCrafter__gcgj6G8r-IQ_28_24to180,D:\HaitongNi\MEngProject\d3_datasets\AIGVDBench_all_opensource_1000\frames\fake\OpenSource_I2V_VideoCrafter__gcgj6G8r-IQ_28_24to180\1.jpg,AI Video,1,16,"[1, 2, 3, 4, 5, 6, 7, 8, 9, 10, 11, 12, 13, 14, 15, 16]",gcgj6G8r-IQ_28_24to180.mp4,OpenSource_I2V_VideoCrafter,I2V,F:\MEngDatasets\AIGVDBench\videos\OpenSource\I2V\VideoCrafter\videos\gcgj6G8r-IQ_28_24to180.mp4,1,1.6079516,-1.6079516,1
D:\HaitongNi\MEngProject\d3_datasets\AIGVDBench_all_opensource_1000\frames\fake\OpenSource_T2V_VideoCrafter__eENFTG4UQsI_3_337to522,D:\HaitongNi\MEngProject\d3_datasets\AIGVDBench_all_opensource_1000\frames\fake\OpenSource_T2V_VideoCrafter__eENFTG4UQsI_3_337to522\1.jpg,AI Video,1,16,"[1, 2, 3, 4, 5, 6, 7, 8, 9, 10, 11, 12, 13, 14, 15, 16]",eENFTG4UQsI_3_337to522.mp4,OpenSource_T2V_VideoCrafter,T2V,F:\MEngDatasets\AIGVDBench\videos\OpenSource\T2V\VideoCrafter\videos\eENFTG4UQsI_3_337to522.mp4,1,1.1181295,-1.1181295,1
D:\HaitongNi\MEngProject\d3_datasets\AIGVDBench_all_opensource_1000\frames\fake\OpenSource_T2V_HunyuanVideo__o82SKvbybvY_14_104to700,D:\HaitongNi\MEngProject\d3_datasets\AIGVDBench_all_opensource_1000\frames\fake\OpenSource_T2V_HunyuanVideo__o82SKvbybvY_14_104to700\1.jpg,AI Video,1,16,"[1, 2, 3, 4, 5, 6, 7, 8, 9, 10, 11, 12, 13, 14, 15, 16]",o82SKvbybvY_14_104to700.mp4,OpenSource_T2V_HunyuanVideo,T2V,F:\MEngDatasets\AIGVDBench\videos\OpenSource\T2V\HunyuanVideo\videos\o82SKvbybvY_14_104to700.mp4,1,1.4216154,-1.4216154,1
D:\HaitongNi\MEngProject\d3_datasets\AIGVDBench_all_opensource_1000\frames\fake\OpenSource_T2V_LTX__jty7y2KedUE_23_0to259,D:\HaitongNi\MEngProject\d3_datasets\AIGVDBench_all_opensource_1000\frames\fake\OpenSource_T2V_LTX__jty7y2KedUE_23_0to259\1.jpg,AI Video,1,16,"[1, 2, 3, 4, 5, 6, 7, 8, 9, 10, 11, 12, 13, 14, 15, 16]",jty7y2KedUE_23_0to259.mp4,OpenSource_T2V_LTX,T2V,F:\MEngDatasets\AIGVDBench\videos\OpenSource\T2V\LTX\videos\jty7y2KedUE_23_0to259.mp4,1,2.8014047,-2.8014047,1
D:\HaitongNi\MEngProject\d3_datasets\AIGVDBench_all_opensource_1000\frames\fake\OpenSource_T2V_VideoCrafter__vUVwNN47Uv0_7_1227to1461,D:\HaitongNi\MEngProject\d3_datasets\AIGVDBench_all_opensource_1000\frames\fake\OpenSource_T2V_VideoCrafter__vUVwNN47Uv0_7_1227to1461\1.jpg,AI Video,1,16,"[1, 2, 3, 4, 5, 6, 7, 8, 9, 10, 11, 12, 13, 14, 15, 16]",vUVwNN47Uv0_7_1227to1461.mp4,OpenSource_T2V_VideoCrafter,T2V,F:\MEngDatasets\AIGVDBench\videos\OpenSource\T2V\VideoCrafter\videos\vUVwNN47Uv0_7_1227to1461.mp4,1,1.4808453,-1.4808453,1
D:\HaitongNi\MEngProject\d3_datasets\AIGVDBench_all_opensource_1000\frames\fake\OpenSource_I2V_SVD__jet4_Hc5j8I_13_0to109,D:\HaitongNi\MEngProject\d3_datasets\AIGVDBench_all_opensource_1000\frames\fake\OpenSource_I2V_SVD__jet4_Hc5j8I_13_0to109\1.jpg,AI Video,1,16,"[1, 2, 3, 4, 5, 6, 7, 8, 9, 10, 11, 12, 13, 14, 15, 16]",jet4_Hc5j8I_13_0to109.mp4,OpenSource_I2V_SVD,I2V,F:\MEngDatasets\AIGVDBench\videos\OpenSource\I2V\SVD\videos\jet4_Hc5j8I_13_0to109.mp4,1,4.6570134,-4.6570134,1
D:\HaitongNi\MEngProject\d3_datasets\AIGVDBench_all_opensource_1000\frames\fake\OpenSource_T2V_Pyramid-Flow__jet4_Hc5j8I_13_0to109,D:\HaitongNi\MEngProject\d3_datasets\AIGVDBench_all_opensource_1000\frames\fake\OpenSource_T2V_Pyramid-Flow__jet4_Hc5j8I_13_0to109\1.jpg,AI Video,1,16,"[1, 2, 3, 4, 5, 6, 7, 8, 9, 10, 11, 12, 13, 14, 15, 16]",jet4_Hc5j8I_13_0to109.mp4,OpenSource_T2V_Pyramid-Flow,T2V,F:\MEngDatasets\AIGVDBench\videos\OpenSource\T2V\Pyramid-Flow\videos\jet4_Hc5j8I_13_0to109.mp4,1,1.074546,-1.074546,1
D:\HaitongNi\MEngProject\d3_datasets\AIGVDBench_all_opensource_1000\frames\fake\OpenSource_T2V_HunyuanVideo__smJlYSVS9Ds_340_112to226,D:\HaitongNi\MEngProject\d3_datasets\AIGVDBench_all_opensource_1000\frames\fake\OpenSource_T2V_HunyuanVideo__smJlYSVS9Ds_340_112to226\1.jpg,AI Video,1,16,"[1, 2, 3, 4, 5, 6, 7, 8, 9, 10, 11, 12, 13, 14, 15, 16]",smJlYSVS9Ds_340_112to226.mp4,OpenSource_T2V_HunyuanVideo,T2V,F:\MEngDatasets\AIGVDBench\videos\OpenSource\T2V\HunyuanVideo\videos\smJlYSVS9Ds_340_112to226.mp4,1,1.1448748,-1.1448748,1
D:\HaitongNi\MEngProject\d3_datasets\AIGVDBench_all_opensource_1000\frames\fake\OpenSource_V2V_Cogvideox1.5__EHRI1gr4zik_3_323to481,D:\HaitongNi\MEngProject\d3_datasets\AIGVDBench_all_opensource_1000\frames\fake\OpenSource_V2V_Cogvideox1.5__EHRI1gr4zik_3_323to481\1.jpg,AI Video,1,16,"[1, 2, 3, 4, 5, 6, 7, 8, 9, 10, 11, 12, 13, 14, 15, 16]",EHRI1gr4zik_3_323to481.mp4,OpenSource_V2V_Cogvideox1.5,V2V,F:\MEngDatasets\AIGVDBench\videos\OpenSource\V2V\Cogvideox1.5\videos\EHRI1gr4zik_3_323to481.mp4,1,0.5299362,-0.5299362,1
D:\HaitongNi\MEngProject\d3_datasets\AIGVDBench_all_opensource_1000\frames\fake\OpenSource_I2V_EasyAnimate__W5R52mgaBgk_13_85to215,D:\HaitongNi\MEngProject\d3_datasets\AIGVDBench_all_opensource_1000\frames\fake\OpenSource_I2V_EasyAnimate__W5R52mgaBgk_13_85to215\1.jpg,AI Video,1,16,"[1, 2, 3, 4, 5, 6, 7, 8, 9, 10, 11, 12, 13, 14, 15, 16]",W5R52mgaBgk_13_85to215.mp4,OpenSource_I2V_EasyAnimate,I2V,F:\MEngDatasets\AIGVDBench\videos\OpenSource\I2V\EasyAnimate\videos\W5R52mgaBgk_13_85to215.mp4,1,2.8822336,-2.8822336,1
D:\HaitongNi\MEngProject\d3_datasets\AIGVDBench_all_opensource_1000\frames\fake\OpenSource_T2V_LTX__vUVwNN47Uv0_7_1227to1461,D:\HaitongNi\MEngProject\d3_datasets\AIGVDBench_all_opensource_1000\frames\fake\OpenSource_T2V_LTX__vUVwNN47Uv0_7_1227to1461\1.jpg,AI Video,1,16,"[1, 2, 3, 4, 5, 6, 7, 8, 9, 10, 11, 12, 13, 14, 15, 16]",vUVwNN47Uv0_7_1227to1461.mp4,OpenSource_T2V_LTX,T2V,F:\MEngDatasets\AIGVDBench\videos\OpenSource\T2V\LTX\videos\vUVwNN47Uv0_7_1227to1461.mp4,1,2.7048666,-2.7048666,1
D:\HaitongNi\MEngProject\d3_datasets\AIGVDBench_all_opensource_1000\frames\fake\OpenSource_T2V_AnimateDiff__gcgj6G8r-IQ_28_24to180,D:\HaitongNi\MEngProject\d3_datasets\AIGVDBench_all_opensource_1000\frames\fake\OpenSource_T2V_AnimateDiff__gcgj6G8r-IQ_28_24to180\1.jpg,AI Video,1,16,"[1, 2, 3, 4, 5, 6, 7, 8, 9, 10, 11, 12, 13, 14, 15, 16]",gcgj6G8r-IQ_28_24to180.mp4,OpenSource_T2V_AnimateDiff,T2V,F:\MEngDatasets\AIGVDBench\videos\OpenSource\T2V\AnimateDiff\home\lma\Benchmark\bench\opensource\T2V\AnimateDiff\videos\gcgj6G8r-IQ_28_24to180.mp4,1,3.4566154,-3.4566154,1
D:\HaitongNi\MEngProject\d3_datasets\AIGVDBench_all_opensource_1000\frames\fake\OpenSource_T2V_Pyramid-Flow__vUVwNN47Uv0_7_1227to1461,D:\HaitongNi\MEngProject\d3_datasets\AIGVDBench_all_opensource_1000\frames\fake\OpenSource_T2V_Pyramid-Flow__vUVwNN47Uv0_7_1227to1461\1.jpg,AI Video,1,16,"[1, 2, 3, 4, 5, 6, 7, 8, 9, 10, 11, 12, 13, 14, 15, 16]",vUVwNN47Uv0_7_1227to1461.mp4,OpenSource_T2V_Pyramid-Flow,T2V,F:\MEngDatasets\AIGVDBench\videos\OpenSource\T2V\Pyramid-Flow\videos\vUVwNN47Uv0_7_1227to1461.mp4,1,2.291072,-2.291072,1
D:\HaitongNi\MEngProject\d3_datasets\AIGVDBench_all_opensource_1000\frames\fake\OpenSource_I2V_SVD__r03AuoH00eM_5_399to542,D:\HaitongNi\MEngProject\d3_datasets\AIGVDBench_all_opensource_1000\frames\fake\OpenSource_I2V_SVD__r03AuoH00eM_5_399to542\1.jpg,AI Video,1,16,"[1, 2, 3, 4, 5, 6, 7, 8, 9, 10, 11, 12, 13, 14, 15, 16]",r03AuoH00eM_5_399to542.mp4,OpenSource_I2V_SVD,I2V,F:\MEngDatasets\AIGVDBench\videos\OpenSource\I2V\SVD\videos\r03AuoH00eM_5_399to542.mp4,1,2.085949,-2.085949,1
D:\HaitongNi\MEngProject\d3_datasets\AIGVDBench_all_opensource_1000\frames\fake\OpenSource_T2V_AccVideo__50KDhKUOrqI_57_294to582,D:\HaitongNi\MEngProject\d3_datasets\AIGVDBench_all_opensource_1000\frames\fake\OpenSource_T2V_AccVideo__50KDhKUOrqI_57_294to582\1.jpg,AI Video,1,16,"[1, 2, 3, 4, 5, 6, 7, 8, 9, 10, 11, 12, 13, 14, 15, 16]",50KDhKUOrqI_57_294to582.mp4,OpenSource_T2V_AccVideo,T2V,F:\MEngDatasets\AIGVDBench\videos\OpenSource\T2V\AccVideo\videos\50KDhKUOrqI_57_294to582.mp4,1,2.6021178,-2.6021178,1
D:\HaitongNi\MEngProject\d3_datasets\AIGVDBench_all_opensource_1000\frames\fake\OpenSource_V2V_LTX__jty7y2KedUE_23_0to259,D:\HaitongNi\MEngProject\d3_datasets\AIGVDBench_all_opensource_1000\frames\fake\OpenSource_V2V_LTX__jty7y2KedUE_23_0to259\1.jpg,AI Video,1,16,"[1, 2, 3, 4, 5, 6, 7, 8, 9, 10, 11, 12, 13, 14, 15, 16]",jty7y2KedUE_23_0to259.mp4,OpenSource_V2V_LTX,V2V,F:\MEngDatasets\AIGVDBench\videos\OpenSource\V2V\LTX\videos\jty7y2KedUE_23_0to259.mp4,1,6.1515446,-6.1515446,0
D:\HaitongNi\MEngProject\d3_datasets\AIGVDBench_all_opensource_1000\frames\fake\OpenSource_T2V_Open-Sora__90u26k64J9A_14_0to144,D:\HaitongNi\MEngProject\d3_datasets\AIGVDBench_all_opensource_1000\frames\fake\OpenSource_T2V_Open-Sora__90u26k64J9A_14_0to144\1.jpg,AI Video,1,16,"[1, 2, 3, 4, 5, 6, 7, 8, 9, 10, 11, 12, 13, 14, 15, 16]",90u26k64J9A_14_0to144.mp4,OpenSource_T2V_Open-Sora,T2V,F:\MEngDatasets\AIGVDBench\videos\OpenSource\T2V\Open-Sora\videos\90u26k64J9A_14_0to144.mp4,1,2.3681724,-2.3681724,1
D:\HaitongNi\MEngProject\d3_datasets\AIGVDBench_all_opensource_1000\frames\fake\OpenSource_T2V_IPOC__smJlYSVS9Ds_340_112to226,D:\HaitongNi\MEngProject\d3_datasets\AIGVDBench_all_opensource_1000\frames\fake\OpenSource_T2V_IPOC__smJlYSVS9Ds_340_112to226\1.jpg,AI Video,1,16,"[1, 2, 3, 4, 5, 6, 7, 8, 9, 10, 11, 12, 13, 14, 15, 16]",smJlYSVS9Ds_340_112to226.mp4,OpenSource_T2V_IPOC,T2V,F:\MEngDatasets\AIGVDBench\videos\OpenSource\T2V\IPOC\videos\smJlYSVS9Ds_340_112to226.mp4,1,1.7181777,-1.7181777,1
D:\HaitongNi\MEngProject\d3_datasets\AIGVDBench_all_opensource_1000\frames\fake\OpenSource_T2V_AnimateDiff__HlRfdCWGMzI_22_114to219,D:\HaitongNi\MEngProject\d3_datasets\AIGVDBench_all_opensource_1000\frames\fake\OpenSource_T2V_AnimateDiff__HlRfdCWGMzI_22_114to219\1.jpg,AI Video,1,16,"[1, 2, 3, 4, 5, 6, 7, 8, 9, 10, 11, 12, 13, 14, 15, 16]",HlRfdCWGMzI_22_114to219.mp4,OpenSource_T2V_AnimateDiff,T2V,F:\MEngDatasets\AIGVDBench\videos\OpenSource\T2V\AnimateDiff\home\lma\Benchmark\bench\opensource\T2V\AnimateDiff\videos\HlRfdCWGMzI_22_114to219.mp4,1,0.7097866,-0.7097866,1
D:\HaitongNi\MEngProject\d3_datasets\AIGVDBench_all_opensource_1000\frames\fake\OpenSource_I2V_VideoCrafter__QRYsvqSzYuE_43_455to1014,D:\HaitongNi\MEngProject\d3_datasets\AIGVDBench_all_opensource_1000\frames\fake\OpenSource_I2V_VideoCrafter__QRYsvqSzYuE_43_455to1014\1.jpg,AI Video,1,16,"[1, 2, 3, 4, 5, 6, 7, 8, 9, 10, 11, 12, 13, 14, 15, 16]",QRYsvqSzYuE_43_455to1014.mp4,OpenSource_I2V_VideoCrafter,I2V,F:\MEngDatasets\AIGVDBench\videos\OpenSource\I2V\VideoCrafter\videos\QRYsvqSzYuE_43_455to1014.mp4,1,1.5861132,-1.5861132,1
D:\HaitongNi\MEngProject\d3_datasets\AIGVDBench_all_opensource_1000\frames\fake\OpenSource_T2V_RepVideo__QRYsvqSzYuE_43_455to1014,D:\HaitongNi\MEngProject\d3_datasets\AIGVDBench_all_opensource_1000\frames\fake\OpenSource_T2V_RepVideo__QRYsvqSzYuE_43_455to1014\1.jpg,AI Video,1,16,"[1, 2, 3, 4, 5, 6, 7, 8, 9, 10, 11, 12, 13, 14, 15, 16]",QRYsvqSzYuE_43_455to1014.mp4,OpenSource_T2V_RepVideo,T2V,F:\MEngDatasets\AIGVDBench\videos\OpenSource\T2V\RepVideo\videos\QRYsvqSzYuE_43_455to1014.mp4,1,6.5418134,-6.5418134,0
D:\HaitongNi\MEngProject\d3_datasets\AIGVDBench_all_opensource_1000\frames\fake\OpenSource_T2V_Cogvideox1.5__W5R52mgaBgk_13_85to215,D:\HaitongNi\MEngProject\d3_datasets\AIGVDBench_all_opensource_1000\frames\fake\OpenSource_T2V_Cogvideox1.5__W5R52mgaBgk_13_85to215\1.jpg,AI Video,1,16,"[1, 2, 3, 4, 5, 6, 7, 8, 9, 10, 11, 12, 13, 14, 15, 16]",W5R52mgaBgk_13_85to215.mp4,OpenSource_T2V_Cogvideox1.5,T2V,F:\MEngDatasets\AIGVDBench\videos\OpenSource\T2V\Cogvideox1.5\videos\W5R52mgaBgk_13_85to215.mp4,1,3.0413008,-3.0413008,1
D:\HaitongNi\MEngProject\d3_datasets\AIGVDBench_all_opensource_1000\frames\fake\OpenSource_T2V_EasyAnimate__vUVwNN47Uv0_7_1227to1461,D:\HaitongNi\MEngProject\d3_datasets\AIGVDBench_all_opensource_1000\frames\fake\OpenSource_T2V_EasyAnimate__vUVwNN47Uv0_7_1227to1461\1.jpg,AI Video,1,16,"[1, 2, 3, 4, 5, 6, 7, 8, 9, 10, 11, 12, 13, 14, 15, 16]",vUVwNN47Uv0_7_1227to1461.mp4,OpenSource_T2V_EasyAnimate,T2V,F:\MEngDatasets\AIGVDBench\videos\OpenSource\T2V\EasyAnimate\videos\vUVwNN47Uv0_7_1227to1461.mp4,1,2.8928165,-2.8928165,1
D:\HaitongNi\MEngProject\d3_datasets\AIGVDBench_all_opensource_1000\frames\fake\OpenSource_I2V_VideoCrafter__o82SKvbybvY_14_104to700,D:\HaitongNi\MEngProject\d3_datasets\AIGVDBench_all_opensource_1000\frames\fake\OpenSource_I2V_VideoCrafter__o82SKvbybvY_14_104to700\1.jpg,AI Video,1,16,"[1, 2, 3, 4, 5, 6, 7, 8, 9, 10, 11, 12, 13, 14, 15, 16]",o82SKvbybvY_14_104to700.mp4,OpenSource_I2V_VideoCrafter,I2V,F:\MEngDatasets\AIGVDBench\videos\OpenSource\I2V\VideoCrafter\videos\o82SKvbybvY_14_104to700.mp4,1,1.2647098,-1.2647098,1
D:\HaitongNi\MEngProject\d3_datasets\AIGVDBench_all_opensource_1000\frames\fake\OpenSource_I2V_VideoCrafter__r03AuoH00eM_5_399to542,D:\HaitongNi\MEngProject\d3_datasets\AIGVDBench_all_opensource_1000\frames\fake\OpenSource_I2V_VideoCrafter__r03AuoH00eM_5_399to542\1.jpg,AI Video,1,16,"[1, 2, 3, 4, 5, 6, 7, 8, 9, 10, 11, 12, 13, 14, 15, 16]",r03AuoH00eM_5_399to542.mp4,OpenSource_I2V_VideoCrafter,I2V,F:\MEngDatasets\AIGVDBench\videos\OpenSource\I2V\VideoCrafter\videos\r03AuoH00eM_5_399to542.mp4,1,1.4281403,-1.4281403,1
D:\HaitongNi\MEngProject\d3_datasets\AIGVDBench_all_opensource_1000\frames\fake\OpenSource_V2V_Cogvideox1.5__4cvgTuAaMDM_1_0to181,D:\HaitongNi\MEngProject\d3_datasets\AIGVDBench_all_opensource_1000\frames\fake\OpenSource_V2V_Cogvideox1.5__4cvgTuAaMDM_1_0to181\1.jpg,AI Video,1,16,"[1, 2, 3, 4, 5, 6, 7, 8, 9, 10, 11, 12, 13, 14, 15, 16]",4cvgTuAaMDM_1_0to181.mp4,OpenSource_V2V_Cogvideox1.5,V2V,F:\MEngDatasets\AIGVDBench\videos\OpenSource\V2V\Cogvideox1.5\videos\4cvgTuAaMDM_1_0to181.mp4,1,1.7364843,-1.7364843,1
D:\HaitongNi\MEngProject\d3_datasets\AIGVDBench_all_opensource_1000\frames\fake\OpenSource_T2V_LTX__y3vyO-025CI_3_0to339,D:\HaitongNi\MEngProject\d3_datasets\AIGVDBench_all_opensource_1000\frames\fake\OpenSource_T2V_LTX__y3vyO-025CI_3_0to339\1.jpg,AI Video,1,16,"[1, 2, 3, 4, 5, 6, 7, 8, 9, 10, 11, 12, 13, 14, 15, 16]",y3vyO-025CI_3_0to339.mp4,OpenSource_T2V_LTX,T2V,F:\MEngDatasets\AIGVDBench\videos\OpenSource\T2V\LTX\videos\y3vyO-025CI_3_0to339.mp4,1,0.85994744,-0.85994744,1
D:\HaitongNi\MEngProject\d3_datasets\AIGVDBench_all_opensource_1000\frames\fake\OpenSource_I2V_EasyAnimate__guL5esGDFbk_11_0to163,D:\HaitongNi\MEngProject\d3_datasets\AIGVDBench_all_opensource_1000\frames\fake\OpenSource_I2V_EasyAnimate__guL5esGDFbk_11_0to163\1.jpg,AI Video,1,16,"[1, 2, 3, 4, 5, 6, 7, 8, 9, 10, 11, 12, 13, 14, 15, 16]",guL5esGDFbk_11_0to163.mp4,OpenSource_I2V_EasyAnimate,I2V,F:\MEngDatasets\AIGVDBench\videos\OpenSource\I2V\EasyAnimate\videos\guL5esGDFbk_11_0to163.mp4,1,2.6324131,-2.6324131,1
D:\HaitongNi\MEngProject\d3_datasets\AIGVDBench_all_opensource_1000\frames\fake\OpenSource_I2V_VideoCrafter__y3vyO-025CI_3_0to339,D:\HaitongNi\MEngProject\d3_datasets\AIGVDBench_all_opensource_1000\frames\fake\OpenSource_I2V_VideoCrafter__y3vyO-025CI_3_0to339\1.jpg,AI Video,1,16,"[1, 2, 3, 4, 5, 6, 7, 8, 9, 10, 11, 12, 13, 14, 15, 16]",y3vyO-025CI_3_0to339.mp4,OpenSource_I2V_VideoCrafter,I2V,F:\MEngDatasets\AIGVDBench\videos\OpenSource\I2V\VideoCrafter\videos\y3vyO-025CI_3_0to339.mp4,1,1.1791028,-1.1791028,1
D:\HaitongNi\MEngProject\d3_datasets\AIGVDBench_all_opensource_1000\frames\fake\OpenSource_V2V_LTX__bG8EwSG8Hh4_1_0to149,D:\HaitongNi\MEngProject\d3_datasets\AIGVDBench_all_opensource_1000\frames\fake\OpenSource_V2V_LTX__bG8EwSG8Hh4_1_0to149\1.jpg,AI Video,1,16,"[1, 2, 3, 4, 5, 6, 7, 8, 9, 10, 11, 12, 13, 14, 15, 16]",bG8EwSG8Hh4_1_0to149.mp4,OpenSource_V2V_LTX,V2V,F:\MEngDatasets\AIGVDBench\videos\OpenSource\V2V\LTX\videos\bG8EwSG8Hh4_1_0to149.mp4,1,2.7041993,-2.7041993,1
D:\HaitongNi\MEngProject\d3_datasets\AIGVDBench_all_opensource_1000\frames\fake\OpenSource_T2V_Wan2.1__4cvgTuAaMDM_1_0to181,D:\HaitongNi\MEngProject\d3_datasets\AIGVDBench_all_opensource_1000\frames\fake\OpenSource_T2V_Wan2.1__4cvgTuAaMDM_1_0to181\1.jpg,AI Video,1,16,"[1, 2, 3, 4, 5, 6, 7, 8, 9, 10, 11, 12, 13, 14, 15, 16]",4cvgTuAaMDM_1_0to181.mp4,OpenSource_T2V_Wan2.1,T2V,F:\MEngDatasets\AIGVDBench\videos\OpenSource\T2V\Wan2.1\videos\4cvgTuAaMDM_1_0to181.mp4,1,2.3026156,-2.3026156,1
D:\HaitongNi\MEngProject\d3_datasets\AIGVDBench_all_opensource_1000\frames\fake\OpenSource_T2V_VideoCrafter__guL5esGDFbk_11_0to163,D:\HaitongNi\MEngProject\d3_datasets\AIGVDBench_all_opensource_1000\frames\fake\OpenSource_T2V_VideoCrafter__guL5esGDFbk_11_0to163\1.jpg,AI Video,1,16,"[1, 2, 3, 4, 5, 6, 7, 8, 9, 10, 11, 12, 13, 14, 15, 16]",guL5esGDFbk_11_0to163.mp4,OpenSource_T2V_VideoCrafter,T2V,F:\MEngDatasets\AIGVDBench\videos\OpenSource\T2V\VideoCrafter\videos\guL5esGDFbk_11_0to163.mp4,1,1.4783812,-1.4783812,1
D:\HaitongNi\MEngProject\d3_datasets\AIGVDBench_all_opensource_1000\frames\fake\OpenSource_I2V_SVD__vUVwNN47Uv0_7_1227to1461,D:\HaitongNi\MEngProject\d3_datasets\AIGVDBench_all_opensource_1000\frames\fake\OpenSource_I2V_SVD__vUVwNN47Uv0_7_1227to1461\1.jpg,AI Video,1,16,"[1, 2, 3, 4, 5, 6, 7, 8, 9, 10, 11, 12, 13, 14, 15, 16]",vUVwNN47Uv0_7_1227to1461.mp4,OpenSource_I2V_SVD,I2V,F:\MEngDatasets\AIGVDBench\videos\OpenSource\I2V\SVD\videos\vUVwNN47Uv0_7_1227to1461.mp4,1,3.949755,-3.949755,1
D:\HaitongNi\MEngProject\d3_datasets\AIGVDBench_all_opensource_1000\frames\fake\OpenSource_T2V_Pyramid-Flow__guL5esGDFbk_11_0to163,D:\HaitongNi\MEngProject\d3_datasets\AIGVDBench_all_opensource_1000\frames\fake\OpenSource_T2V_Pyramid-Flow__guL5esGDFbk_11_0to163\1.jpg,AI Video,1,16,"[1, 2, 3, 4, 5, 6, 7, 8, 9, 10, 11, 12, 13, 14, 15, 16]",guL5esGDFbk_11_0to163.mp4,OpenSource_T2V_Pyramid-Flow,T2V,F:\MEngDatasets\AIGVDBench\videos\OpenSource\T2V\Pyramid-Flow\videos\guL5esGDFbk_11_0to163.mp4,1,2.3913555,-2.3913555,1
D:\HaitongNi\MEngProject\d3_datasets\AIGVDBench_all_opensource_1000\frames\fake\OpenSource_T2V_LTX__4cvgTuAaMDM_1_0to181,D:\HaitongNi\MEngProject\d3_datasets\AIGVDBench_all_opensource_1000\frames\fake\OpenSource_T2V_LTX__4cvgTuAaMDM_1_0to181\1.jpg,AI Video,1,16,"[1, 2, 3, 4, 5, 6, 7, 8, 9, 10, 11, 12, 13, 14, 15, 16]",4cvgTuAaMDM_1_0to181.mp4,OpenSource_T2V_LTX,T2V,F:\MEngDatasets\AIGVDBench\videos\OpenSource\T2V\LTX\videos\4cvgTuAaMDM_1_0to181.mp4,1,2.3106322,-2.3106322,1
D:\HaitongNi\MEngProject\d3_datasets\AIGVDBench_all_opensource_1000\frames\fake\OpenSource_I2V_VideoCrafter__02M4tj70Ju0_20_0to116,D:\HaitongNi\MEngProject\d3_datasets\AIGVDBench_all_opensource_1000\frames\fake\OpenSource_I2V_VideoCrafter__02M4tj70Ju0_20_0to116\1.jpg,AI Video,1,16,"[1, 2, 3, 4, 5, 6, 7, 8, 9, 10, 11, 12, 13, 14, 15, 16]",02M4tj70Ju0_20_0to116.mp4,OpenSource_I2V_VideoCrafter,I2V,F:\MEngDatasets\AIGVDBench\videos\OpenSource\I2V\VideoCrafter\videos\02M4tj70Ju0_20_0to116.mp4,1,2.031783,-2.031783,1
D:\HaitongNi\MEngProject\d3_datasets\AIGVDBench_all_opensource_1000\frames\fake\OpenSource_T2V_Open-Sora__50KDhKUOrqI_57_294to582,D:\HaitongNi\MEngProject\d3_datasets\AIGVDBench_all_opensource_1000\frames\fake\OpenSource_T2V_Open-Sora__50KDhKUOrqI_57_294to582\1.jpg,AI Video,1,16,"[1, 2, 3, 4, 5, 6, 7, 8, 9, 10, 11, 12, 13, 14, 15, 16]",50KDhKUOrqI_57_294to582.mp4,OpenSource_T2V_Open-Sora,T2V,F:\MEngDatasets\AIGVDBench\videos\OpenSource\T2V\Open-Sora\videos\50KDhKUOrqI_57_294to582.mp4,1,4.070151,-4.070151,1
D:\HaitongNi\MEngProject\d3_datasets\AIGVDBench_all_opensource_1000\frames\fake\OpenSource_I2V_Pyramid-Flow__jty7y2KedUE_23_0to259,D:\HaitongNi\MEngProject\d3_datasets\AIGVDBench_all_opensource_1000\frames\fake\OpenSource_I2V_Pyramid-Flow__jty7y2KedUE_23_0to259\1.jpg,AI Video,1,16,"[1, 2, 3, 4, 5, 6, 7, 8, 9, 10, 11, 12, 13, 14, 15, 16]",jty7y2KedUE_23_0to259.mp4,OpenSource_I2V_Pyramid-Flow,I2V,F:\MEngDatasets\AIGVDBench\videos\OpenSource\I2V\Pyramid-Flow\videos\jty7y2KedUE_23_0to259.mp4,1,1.3406602,-1.3406602,1
D:\HaitongNi\MEngProject\d3_datasets\AIGVDBench_all_opensource_1000\frames\fake\OpenSource_V2V_Cogvideox1.5__r03AuoH00eM_5_399to542,D:\HaitongNi\MEngProject\d3_datasets\AIGVDBench_all_opensource_1000\frames\fake\OpenSource_V2V_Cogvideox1.5__r03AuoH00eM_5_399to542\1.jpg,AI Video,1,16,"[1, 2, 3, 4, 5, 6, 7, 8, 9, 10, 11, 12, 13, 14, 15, 16]",r03AuoH00eM_5_399to542.mp4,OpenSource_V2V_Cogvideox1.5,V2V,F:\MEngDatasets\AIGVDBench\videos\OpenSource\V2V\Cogvideox1.5\videos\r03AuoH00eM_5_399to542.mp4,1,2.7217445,-2.7217445,1
D:\HaitongNi\MEngProject\d3_datasets\AIGVDBench_all_opensource_1000\frames\fake\OpenSource_I2V_SEINE__o82SKvbybvY_14_104to700,D:\HaitongNi\MEngProject\d3_datasets\AIGVDBench_all_opensource_1000\frames\fake\OpenSource_I2V_SEINE__o82SKvbybvY_14_104to700\1.jpg,AI Video,1,16,"[1, 2, 3, 4, 5, 6, 7, 8, 9, 10, 11, 12, 13, 14, 15, 16]",o82SKvbybvY_14_104to700.mp4,OpenSource_I2V_SEINE,I2V,F:\MEngDatasets\AIGVDBench\videos\OpenSource\I2V\SEINE\videos\o82SKvbybvY_14_104to700.mp4,1,3.1349165,-3.1349165,1
D:\HaitongNi\MEngProject\d3_datasets\AIGVDBench_all_opensource_1000\frames\fake\OpenSource_T2V_IPOC__02M4tj70Ju0_20_0to116,D:\HaitongNi\MEngProject\d3_datasets\AIGVDBench_all_opensource_1000\frames\fake\OpenSource_T2V_IPOC__02M4tj70Ju0_20_0to116\1.jpg,AI Video,1,16,"[1, 2, 3, 4, 5, 6, 7, 8, 9, 10, 11, 12, 13, 14, 15, 16]",02M4tj70Ju0_20_0to116.mp4,OpenSource_T2V_IPOC,T2V,F:\MEngDatasets\AIGVDBench\videos\OpenSource\T2V\IPOC\videos\02M4tj70Ju0_20_0to116.mp4,1,0.8344002,-0.8344002,1
D:\HaitongNi\MEngProject\d3_datasets\AIGVDBench_all_opensource_1000\frames\fake\OpenSource_T2V_AnimateDiff__QRYsvqSzYuE_43_455to1014,D:\HaitongNi\MEngProject\d3_datasets\AIGVDBench_all_opensource_1000\frames\fake\OpenSource_T2V_AnimateDiff__QRYsvqSzYuE_43_455to1014\1.jpg,AI Video,1,16,"[1, 2, 3, 4, 5, 6, 7, 8, 9, 10, 11, 12, 13, 14, 15, 16]",QRYsvqSzYuE_43_455to1014.mp4,OpenSource_T2V_AnimateDiff,T2V,F:\MEngDatasets\AIGVDBench\videos\OpenSource\T2V\AnimateDiff\home\lma\Benchmark\bench\opensource\T2V\AnimateDiff\videos\QRYsvqSzYuE_43_455to1014.mp4,1,1.1809807,-1.1809807,1
D:\HaitongNi\MEngProject\d3_datasets\AIGVDBench_all_opensource_1000\frames\fake\OpenSource_I2V_EasyAnimate__jet4_Hc5j8I_13_0to109,D:\HaitongNi\MEngProject\d3_datasets\AIGVDBench_all_opensource_1000\frames\fake\OpenSource_I2V_EasyAnimate__jet4_Hc5j8I_13_0to109\1.jpg,AI Video,1,16,"[1, 2, 3, 4, 5, 6, 7, 8, 9, 10, 11, 12, 13, 14, 15, 16]",jet4_Hc5j8I_13_0to109.mp4,OpenSource_I2V_EasyAnimate,I2V,F:\MEngDatasets\AIGVDBench\videos\OpenSource\I2V\EasyAnimate\videos\jet4_Hc5j8I_13_0to109.mp4,1,1.66992,-1.66992,1
D:\HaitongNi\MEngProject\d3_datasets\AIGVDBench_all_opensource_1000\frames\fake\OpenSource_I2V_LTX__eENFTG4UQsI_3_337to522,D:\HaitongNi\MEngProject\d3_datasets\AIGVDBench_all_opensource_1000\frames\fake\OpenSource_I2V_LTX__eENFTG4UQsI_3_337to522\1.jpg,AI Video,1,16,"[1, 2, 3, 4, 5, 6, 7, 8, 9, 10, 11, 12, 13, 14, 15, 16]",eENFTG4UQsI_3_337to522.mp4,OpenSource_I2V_LTX,I2V,F:\MEngDatasets\AIGVDBench\videos\OpenSource\I2V\LTX\videos\eENFTG4UQsI_3_337to522.mp4,1,1.0079187,-1.0079187,1
D:\HaitongNi\MEngProject\d3_datasets\AIGVDBench_all_opensource_1000\frames\fake\OpenSource_T2V_AccVideo__Vh2cObLYHJ8_13_0to496,D:\HaitongNi\MEngProject\d3_datasets\AIGVDBench_all_opensource_1000\frames\fake\OpenSource_T2V_AccVideo__Vh2cObLYHJ8_13_0to496\1.jpg,AI Video,1,16,"[1, 2, 3, 4, 5, 6, 7, 8, 9, 10, 11, 12, 13, 14, 15, 16]",Vh2cObLYHJ8_13_0to496.mp4,OpenSource_T2V_AccVideo,T2V,F:\MEngDatasets\AIGVDBench\videos\OpenSource\T2V\AccVideo\videos\Vh2cObLYHJ8_13_0to496.mp4,1,1.5361199,-1.5361199,1
D:\HaitongNi\MEngProject\d3_datasets\AIGVDBench_all_opensource_1000\frames\fake\OpenSource_T2V_RepVideo__eENFTG4UQsI_3_337to522,D:\HaitongNi\MEngProject\d3_datasets\AIGVDBench_all_opensource_1000\frames\fake\OpenSource_T2V_RepVideo__eENFTG4UQsI_3_337to522\1.jpg,AI Video,1,16,"[1, 2, 3, 4, 5, 6, 7, 8, 9, 10, 11, 12, 13, 14, 15, 16]",eENFTG4UQsI_3_337to522.mp4,OpenSource_T2V_RepVideo,T2V,F:\MEngDatasets\AIGVDBench\videos\OpenSource\T2V\RepVideo\videos\eENFTG4UQsI_3_337to522.mp4,1,1.4414573,-1.4414573,1
D:\HaitongNi\MEngProject\d3_datasets\AIGVDBench_all_opensource_1000\frames\fake\OpenSource_T2V_Pyramid-Flow__r03AuoH00eM_5_399to542,D:\HaitongNi\MEngProject\d3_datasets\AIGVDBench_all_opensource_1000\frames\fake\OpenSource_T2V_Pyramid-Flow__r03AuoH00eM_5_399to542\1.jpg,AI Video,1,16,"[1, 2, 3, 4, 5, 6, 7, 8, 9, 10, 11, 12, 13, 14, 15, 16]",r03AuoH00eM_5_399to542.mp4,OpenSource_T2V_Pyramid-Flow,T2V,F:\MEngDatasets\AIGVDBench\videos\OpenSource\T2V\Pyramid-Flow\videos\r03AuoH00eM_5_399to542.mp4,1,2.2066872,-2.2066872,1
D:\HaitongNi\MEngProject\d3_datasets\AIGVDBench_all_opensource_1000\frames\fake\OpenSource_T2V_Open-Sora__EHRI1gr4zik_3_323to481,D:\HaitongNi\MEngProject\d3_datasets\AIGVDBench_all_opensource_1000\frames\fake\OpenSource_T2V_Open-Sora__EHRI1gr4zik_3_323to481\1.jpg,AI Video,1,16,"[1, 2, 3, 4, 5, 6, 7, 8, 9, 10, 11, 12, 13, 14, 15, 16]",EHRI1gr4zik_3_323to481.mp4,OpenSource_T2V_Open-Sora,T2V,F:\MEngDatasets\AIGVDBench\videos\OpenSource\T2V\Open-Sora\videos\EHRI1gr4zik_3_323to481.mp4,1,1.3973062,-1.3973062,1
D:\HaitongNi\MEngProject\d3_datasets\AIGVDBench_all_opensource_1000\frames\fake\OpenSource_T2V_Wan2.1__vUVwNN47Uv0_7_1227to1461,D:\HaitongNi\MEngProject\d3_datasets\AIGVDBench_all_opensource_1000\frames\fake\OpenSource_T2V_Wan2.1__vUVwNN47Uv0_7_1227to1461\1.jpg,AI Video,1,16,"[1, 2, 3, 4, 5, 6, 7, 8, 9, 10, 11, 12, 13, 14, 15, 16]",vUVwNN47Uv0_7_1227to1461.mp4,OpenSource_T2V_Wan2.1,T2V,F:\MEngDatasets\AIGVDBench\videos\OpenSource\T2V\Wan2.1\videos\vUVwNN47Uv0_7_1227to1461.mp4,1,1.2507278,-1.2507278,1
D:\HaitongNi\MEngProject\d3_datasets\AIGVDBench_all_opensource_1000\frames\fake\OpenSource_T2V_EasyAnimate__7TCW9wOxAWk_48_0to214,D:\HaitongNi\MEngProject\d3_datasets\AIGVDBench_all_opensource_1000\frames\fake\OpenSource_T2V_EasyAnimate__7TCW9wOxAWk_48_0to214\1.jpg,AI Video,1,16,"[1, 2, 3, 4, 5, 6, 7, 8, 9, 10, 11, 12, 13, 14, 15, 16]",7TCW9wOxAWk_48_0to214.mp4,OpenSource_T2V_EasyAnimate,T2V,F:\MEngDatasets\AIGVDBench\videos\OpenSource\T2V\EasyAnimate\videos\7TCW9wOxAWk_48_0to214.mp4,1,4.403338,-4.403338,1
D:\HaitongNi\MEngProject\d3_datasets\AIGVDBench_all_opensource_1000\frames\fake\OpenSource_I2V_Pyramid-Flow__nhskgJQ5XMU_202_0to114,D:\HaitongNi\MEngProject\d3_datasets\AIGVDBench_all_opensource_1000\frames\fake\OpenSource_I2V_Pyramid-Flow__nhskgJQ5XMU_202_0to114\1.jpg,AI Video,1,16,"[1, 2, 3, 4, 5, 6, 7, 8, 9, 10, 11, 12, 13, 14, 15, 16]",nhskgJQ5XMU_202_0to114.mp4,OpenSource_I2V_Pyramid-Flow,I2V,F:\MEngDatasets\AIGVDBench\videos\OpenSource\I2V\Pyramid-Flow\videos\nhskgJQ5XMU_202_0to114.mp4,1,2.202356,-2.202356,1
D:\HaitongNi\MEngProject\d3_datasets\AIGVDBench_all_opensource_1000\frames\fake\OpenSource_T2V_EasyAnimate__90u26k64J9A_14_0to144,D:\HaitongNi\MEngProject\d3_datasets\AIGVDBench_all_opensource_1000\frames\fake\OpenSource_T2V_EasyAnimate__90u26k64J9A_14_0to144\1.jpg,AI Video,1,16,"[1, 2, 3, 4, 5, 6, 7, 8, 9, 10, 11, 12, 13, 14, 15, 16]",90u26k64J9A_14_0to144.mp4,OpenSource_T2V_EasyAnimate,T2V,F:\MEngDatasets\AIGVDBench\videos\OpenSource\T2V\EasyAnimate\videos\90u26k64J9A_14_0to144.mp4,1,1.2339923,-1.2339923,1
D:\HaitongNi\MEngProject\d3_datasets\AIGVDBench_all_opensource_1000\frames\fake\OpenSource_I2V_Pyramid-Flow__jet4_Hc5j8I_13_0to109,D:\HaitongNi\MEngProject\d3_datasets\AIGVDBench_all_opensource_1000\frames\fake\OpenSource_I2V_Pyramid-Flow__jet4_Hc5j8I_13_0to109\1.jpg,AI Video,1,16,"[1, 2, 3, 4, 5, 6, 7, 8, 9, 10, 11, 12, 13, 14, 15, 16]",jet4_Hc5j8I_13_0to109.mp4,OpenSource_I2V_Pyramid-Flow,I2V,F:\MEngDatasets\AIGVDBench\videos\OpenSource\I2V\Pyramid-Flow\videos\jet4_Hc5j8I_13_0to109.mp4,1,1.5276483,-1.5276483,1
D:\HaitongNi\MEngProject\d3_datasets\AIGVDBench_all_opensource_1000\frames\fake\OpenSource_T2V_AnimateDiff__eENFTG4UQsI_3_337to522,D:\HaitongNi\MEngProject\d3_datasets\AIGVDBench_all_opensource_1000\frames\fake\OpenSource_T2V_AnimateDiff__eENFTG4UQsI_3_337to522\1.jpg,AI Video,1,16,"[1, 2, 3, 4, 5, 6, 7, 8, 9, 10, 11, 12, 13, 14, 15, 16]",eENFTG4UQsI_3_337to522.mp4,OpenSource_T2V_AnimateDiff,T2V,F:\MEngDatasets\AIGVDBench\videos\OpenSource\T2V\AnimateDiff\home\lma\Benchmark\bench\opensource\T2V\AnimateDiff\videos\eENFTG4UQsI_3_337to522.mp4,1,0.60718536,-0.60718536,1
D:\HaitongNi\MEngProject\d3_datasets\AIGVDBench_all_opensource_1000\frames\fake\OpenSource_I2V_Pyramid-Flow__4cvgTuAaMDM_1_0to181,D:\HaitongNi\MEngProject\d3_datasets\AIGVDBench_all_opensource_1000\frames\fake\OpenSource_I2V_Pyramid-Flow__4cvgTuAaMDM_1_0to181\1.jpg,AI Video,1,16,"[1, 2, 3, 4, 5, 6, 7, 8, 9, 10, 11, 12, 13, 14, 15, 16]",4cvgTuAaMDM_1_0to181.mp4,OpenSource_I2V_Pyramid-Flow,I2V,F:\MEngDatasets\AIGVDBench\videos\OpenSource\I2V\Pyramid-Flow\videos\4cvgTuAaMDM_1_0to181.mp4,1,2.273126,-2.273126,1
D:\HaitongNi\MEngProject\d3_datasets\AIGVDBench_all_opensource_1000\frames\fake\OpenSource_T2V_RepVideo__nhskgJQ5XMU_202_0to114,D:\HaitongNi\MEngProject\d3_datasets\AIGVDBench_all_opensource_1000\frames\fake\OpenSource_T2V_RepVideo__nhskgJQ5XMU_202_0to114\1.jpg,AI Video,1,16,"[1, 2, 3, 4, 5, 6, 7, 8, 9, 10, 11, 12, 13, 14, 15, 16]",nhskgJQ5XMU_202_0to114.mp4,OpenSource_T2V_RepVideo,T2V,F:\MEngDatasets\AIGVDBench\videos\OpenSource\T2V\RepVideo\videos\nhskgJQ5XMU_202_0to114.mp4,1,4.683725,-4.683725,1
D:\HaitongNi\MEngProject\d3_datasets\AIGVDBench_all_opensource_1000\frames\fake\OpenSource_T2V_IPOC__vUVwNN47Uv0_7_1227to1461,D:\HaitongNi\MEngProject\d3_datasets\AIGVDBench_all_opensource_1000\frames\fake\OpenSource_T2V_IPOC__vUVwNN47Uv0_7_1227to1461\1.jpg,AI Video,1,16,"[1, 2, 3, 4, 5, 6, 7, 8, 9, 10, 11, 12, 13, 14, 15, 16]",vUVwNN47Uv0_7_1227to1461.mp4,OpenSource_T2V_IPOC,T2V,F:\MEngDatasets\AIGVDBench\videos\OpenSource\T2V\IPOC\videos\vUVwNN47Uv0_7_1227to1461.mp4,1,2.2919986,-2.2919986,1
D:\HaitongNi\MEngProject\d3_datasets\AIGVDBench_all_opensource_1000\frames\fake\OpenSource_T2V_HunyuanVideo__gcgj6G8r-IQ_28_24to180,D:\HaitongNi\MEngProject\d3_datasets\AIGVDBench_all_opensource_1000\frames\fake\OpenSource_T2V_HunyuanVideo__gcgj6G8r-IQ_28_24to180\1.jpg,AI Video,1,16,"[1, 2, 3, 4, 5, 6, 7, 8, 9, 10, 11, 12, 13, 14, 15, 16]",gcgj6G8r-IQ_28_24to180.mp4,OpenSource_T2V_HunyuanVideo,T2V,F:\MEngDatasets\AIGVDBench\videos\OpenSource\T2V\HunyuanVideo\videos\gcgj6G8r-IQ_28_24to180.mp4,1,2.961286,-2.961286,1
D:\HaitongNi\MEngProject\d3_datasets\AIGVDBench_all_opensource_1000\frames\fake\OpenSource_T2V_Open-Sora__QRYsvqSzYuE_43_455to1014,D:\HaitongNi\MEngProject\d3_datasets\AIGVDBench_all_opensource_1000\frames\fake\OpenSource_T2V_Open-Sora__QRYsvqSzYuE_43_455to1014\1.jpg,AI Video,1,16,"[1, 2, 3, 4, 5, 6, 7, 8, 9, 10, 11, 12, 13, 14, 15, 16]",QRYsvqSzYuE_43_455to1014.mp4,OpenSource_T2V_Open-Sora,T2V,F:\MEngDatasets\AIGVDBench\videos\OpenSource\T2V\Open-Sora\videos\QRYsvqSzYuE_43_455to1014.mp4,1,2.702774,-2.702774,1
D:\HaitongNi\MEngProject\d3_datasets\AIGVDBench_all_opensource_1000\frames\fake\OpenSource_T2V_HunyuanVideo__xPcAfdYCj5k_136_0to424,D:\HaitongNi\MEngProject\d3_datasets\AIGVDBench_all_opensource_1000\frames\fake\OpenSource_T2V_HunyuanVideo__xPcAfdYCj5k_136_0to424\1.jpg,AI Video,1,16,"[1, 2, 3, 4, 5, 6, 7, 8, 9, 10, 11, 12, 13, 14, 15, 16]",xPcAfdYCj5k_136_0to424.mp4,OpenSource_T2V_HunyuanVideo,T2V,F:\MEngDatasets\AIGVDBench\videos\OpenSource\T2V\HunyuanVideo\videos\xPcAfdYCj5k_136_0to424.mp4,1,3.6021068,-3.6021068,1
D:\HaitongNi\MEngProject\d3_datasets\AIGVDBench_all_opensource_1000\frames\fake\OpenSource_I2V_VideoCrafter__90u26k64J9A_14_0to144,D:\HaitongNi\MEngProject\d3_datasets\AIGVDBench_all_opensource_1000\frames\fake\OpenSource_I2V_VideoCrafter__90u26k64J9A_14_0to144\1.jpg,AI Video,1,16,"[1, 2, 3, 4, 5, 6, 7, 8, 9, 10, 11, 12, 13, 14, 15, 16]",90u26k64J9A_14_0to144.mp4,OpenSource_I2V_VideoCrafter,I2V,F:\MEngDatasets\AIGVDBench\videos\OpenSource\I2V\VideoCrafter\videos\90u26k64J9A_14_0to144.mp4,1,4.2027254,-4.2027254,1
D:\HaitongNi\MEngProject\d3_datasets\AIGVDBench_all_opensource_1000\frames\fake\OpenSource_T2V_Wan2.1__Vh2cObLYHJ8_13_0to496,D:\HaitongNi\MEngProject\d3_datasets\AIGVDBench_all_opensource_1000\frames\fake\OpenSource_T2V_Wan2.1__Vh2cObLYHJ8_13_0to496\1.jpg,AI Video,1,16,"[1, 2, 3, 4, 5, 6, 7, 8, 9, 10, 11, 12, 13, 14, 15, 16]",Vh2cObLYHJ8_13_0to496.mp4,OpenSource_T2V_Wan2.1,T2V,F:\MEngDatasets\AIGVDBench\videos\OpenSource\T2V\Wan2.1\videos\Vh2cObLYHJ8_13_0to496.mp4,1,3.5324433,-3.5324433,1
D:\HaitongNi\MEngProject\d3_datasets\AIGVDBench_all_opensource_1000\frames\fake\OpenSource_I2V_SVD__bG8EwSG8Hh4_1_0to149,D:\HaitongNi\MEngProject\d3_datasets\AIGVDBench_all_opensource_1000\frames\fake\OpenSource_I2V_SVD__bG8EwSG8Hh4_1_0to149\1.jpg,AI Video,1,16,"[1, 2, 3, 4, 5, 6, 7, 8, 9, 10, 11, 12, 13, 14, 15, 16]",bG8EwSG8Hh4_1_0to149.mp4,OpenSource_I2V_SVD,I2V,F:\MEngDatasets\AIGVDBench\videos\OpenSource\I2V\SVD\videos\bG8EwSG8Hh4_1_0to149.mp4,1,1.4696645,-1.4696645,1
D:\HaitongNi\MEngProject\d3_datasets\AIGVDBench_all_opensource_1000\frames\fake\OpenSource_T2V_EasyAnimate__nhskgJQ5XMU_202_0to114,D:\HaitongNi\MEngProject\d3_datasets\AIGVDBench_all_opensource_1000\frames\fake\OpenSource_T2V_EasyAnimate__nhskgJQ5XMU_202_0to114\1.jpg,AI Video,1,16,"[1, 2, 3, 4, 5, 6, 7, 8, 9, 10, 11, 12, 13, 14, 15, 16]",nhskgJQ5XMU_202_0to114.mp4,OpenSource_T2V_EasyAnimate,T2V,F:\MEngDatasets\AIGVDBench\videos\OpenSource\T2V\EasyAnimate\videos\nhskgJQ5XMU_202_0to114.mp4,1,1.2988826,-1.2988826,1
D:\HaitongNi\MEngProject\d3_datasets\AIGVDBench_all_opensource_1000\frames\fake\OpenSource_I2V_LTX__50KDhKUOrqI_57_294to582,D:\HaitongNi\MEngProject\d3_datasets\AIGVDBench_all_opensource_1000\frames\fake\OpenSource_I2V_LTX__50KDhKUOrqI_57_294to582\1.jpg,AI Video,1,16,"[1, 2, 3, 4, 5, 6, 7, 8, 9, 10, 11, 12, 13, 14, 15, 16]",50KDhKUOrqI_57_294to582.mp4,OpenSource_I2V_LTX,I2V,F:\MEngDatasets\AIGVDBench\videos\OpenSource\I2V\LTX\videos\50KDhKUOrqI_57_294to582.mp4,1,4.1330833,-4.1330833,1
D:\HaitongNi\MEngProject\d3_datasets\AIGVDBench_all_opensource_1000\frames\fake\OpenSource_T2V_EasyAnimate__NWYRv_MKaA8_10_24to132,D:\HaitongNi\MEngProject\d3_datasets\AIGVDBench_all_opensource_1000\frames\fake\OpenSource_T2V_EasyAnimate__NWYRv_MKaA8_10_24to132\1.jpg,AI Video,1,16,"[1, 2, 3, 4, 5, 6, 7, 8, 9, 10, 11, 12, 13, 14, 15, 16]",NWYRv_MKaA8_10_24to132.mp4,OpenSource_T2V_EasyAnimate,T2V,F:\MEngDatasets\AIGVDBench\videos\OpenSource\T2V\EasyAnimate\videos\NWYRv_MKaA8_10_24to132.mp4,1,1.1486913,-1.1486913,1
D:\HaitongNi\MEngProject\d3_datasets\AIGVDBench_all_opensource_1000\frames\fake\OpenSource_T2V_AnimateDiff__7TCW9wOxAWk_48_0to214,D:\HaitongNi\MEngProject\d3_datasets\AIGVDBench_all_opensource_1000\frames\fake\OpenSource_T2V_AnimateDiff__7TCW9wOxAWk_48_0to214\1.jpg,AI Video,1,16,"[1, 2, 3, 4, 5, 6, 7, 8, 9, 10, 11, 12, 13, 14, 15, 16]",7TCW9wOxAWk_48_0to214.mp4,OpenSource_T2V_AnimateDiff,T2V,F:\MEngDatasets\AIGVDBench\videos\OpenSource\T2V\AnimateDiff\home\lma\Benchmark\bench\opensource\T2V\AnimateDiff\videos\7TCW9wOxAWk_48_0to214.mp4,1,2.8179338,-2.8179338,1
D:\HaitongNi\MEngProject\d3_datasets\AIGVDBench_all_opensource_1000\frames\fake\OpenSource_T2V_LTX__Vh2cObLYHJ8_13_0to496,D:\HaitongNi\MEngProject\d3_datasets\AIGVDBench_all_opensource_1000\frames\fake\OpenSource_T2V_LTX__Vh2cObLYHJ8_13_0to496\1.jpg,AI Video,1,16,"[1, 2, 3, 4, 5, 6, 7, 8, 9, 10, 11, 12, 13, 14, 15, 16]",Vh2cObLYHJ8_13_0to496.mp4,OpenSource_T2V_LTX,T2V,F:\MEngDatasets\AIGVDBench\videos\OpenSource\T2V\LTX\videos\Vh2cObLYHJ8_13_0to496.mp4,1,2.1479032,-2.1479032,1
D:\HaitongNi\MEngProject\d3_datasets\AIGVDBench_all_opensource_1000\frames\fake\OpenSource_T2V_EasyAnimate__o82SKvbybvY_14_104to700,D:\HaitongNi\MEngProject\d3_datasets\AIGVDBench_all_opensource_1000\frames\fake\OpenSource_T2V_EasyAnimate__o82SKvbybvY_14_104to700\1.jpg,AI Video,1,16,"[1, 2, 3, 4, 5, 6, 7, 8, 9, 10, 11, 12, 13, 14, 15, 16]",o82SKvbybvY_14_104to700.mp4,OpenSource_T2V_EasyAnimate,T2V,F:\MEngDatasets\AIGVDBench\videos\OpenSource\T2V\EasyAnimate\videos\o82SKvbybvY_14_104to700.mp4,1,2.0055165,-2.0055165,1
D:\HaitongNi\MEngProject\d3_datasets\AIGVDBench_all_opensource_1000\frames\fake\OpenSource_I2V_Pyramid-Flow__QRYsvqSzYuE_43_455to1014,D:\HaitongNi\MEngProject\d3_datasets\AIGVDBench_all_opensource_1000\frames\fake\OpenSource_I2V_Pyramid-Flow__QRYsvqSzYuE_43_455to1014\1.jpg,AI Video,1,16,"[1, 2, 3, 4, 5, 6, 7, 8, 9, 10, 11, 12, 13, 14, 15, 16]",QRYsvqSzYuE_43_455to1014.mp4,OpenSource_I2V_Pyramid-Flow,I2V,F:\MEngDatasets\AIGVDBench\videos\OpenSource\I2V\Pyramid-Flow\videos\QRYsvqSzYuE_43_455to1014.mp4,1,1.5727253,-1.5727253,1
D:\HaitongNi\MEngProject\d3_datasets\AIGVDBench_all_opensource_1000\frames\fake\OpenSource_I2V_EasyAnimate__o82SKvbybvY_14_104to700,D:\HaitongNi\MEngProject\d3_datasets\AIGVDBench_all_opensource_1000\frames\fake\OpenSource_I2V_EasyAnimate__o82SKvbybvY_14_104to700\1.jpg,AI Video,1,16,"[1, 2, 3, 4, 5, 6, 7, 8, 9, 10, 11, 12, 13, 14, 15, 16]",o82SKvbybvY_14_104to700.mp4,OpenSource_I2V_EasyAnimate,I2V,F:\MEngDatasets\AIGVDBench\videos\OpenSource\I2V\EasyAnimate\videos\o82SKvbybvY_14_104to700.mp4,1,2.4468222,-2.4468222,1
D:\HaitongNi\MEngProject\d3_datasets\AIGVDBench_all_opensource_1000\frames\fake\OpenSource_T2V_IPOC__Vh2cObLYHJ8_13_0to496,D:\HaitongNi\MEngProject\d3_datasets\AIGVDBench_all_opensource_1000\frames\fake\OpenSource_T2V_IPOC__Vh2cObLYHJ8_13_0to496\1.jpg,AI Video,1,16,"[1, 2, 3, 4, 5, 6, 7, 8, 9, 10, 11, 12, 13, 14, 15, 16]",Vh2cObLYHJ8_13_0to496.mp4,OpenSource_T2V_IPOC,T2V,F:\MEngDatasets\AIGVDBench\videos\OpenSource\T2V\IPOC\videos\Vh2cObLYHJ8_13_0to496.mp4,1,1.6457276,-1.6457276,1
D:\HaitongNi\MEngProject\d3_datasets\AIGVDBench_all_opensource_1000\frames\fake\OpenSource_T2V_Open-Sora__y3vyO-025CI_3_0to339,D:\HaitongNi\MEngProject\d3_datasets\AIGVDBench_all_opensource_1000\frames\fake\OpenSource_T2V_Open-Sora__y3vyO-025CI_3_0to339\1.jpg,AI Video,1,16,"[1, 2, 3, 4, 5, 6, 7, 8, 9, 10, 11, 12, 13, 14, 15, 16]",y3vyO-025CI_3_0to339.mp4,OpenSource_T2V_Open-Sora,T2V,F:\MEngDatasets\AIGVDBench\videos\OpenSource\T2V\Open-Sora\videos\y3vyO-025CI_3_0to339.mp4,1,1.1363882,-1.1363882,1
D:\HaitongNi\MEngProject\d3_datasets\AIGVDBench_all_opensource_1000\frames\fake\OpenSource_T2V_RepVideo__guL5esGDFbk_11_0to163,D:\HaitongNi\MEngProject\d3_datasets\AIGVDBench_all_opensource_1000\frames\fake\OpenSource_T2V_RepVideo__guL5esGDFbk_11_0to163\1.jpg,AI Video,1,16,"[1, 2, 3, 4, 5, 6, 7, 8, 9, 10, 11, 12, 13, 14, 15, 16]",guL5esGDFbk_11_0to163.mp4,OpenSource_T2V_RepVideo,T2V,F:\MEngDatasets\AIGVDBench\videos\OpenSource\T2V\RepVideo\videos\guL5esGDFbk_11_0to163.mp4,1,2.4908214,-2.4908214,1
D:\HaitongNi\MEngProject\d3_datasets\AIGVDBench_all_opensource_1000\frames\fake\OpenSource_T2V_HunyuanVideo__EHRI1gr4zik_3_323to481,D:\HaitongNi\MEngProject\d3_datasets\AIGVDBench_all_opensource_1000\frames\fake\OpenSource_T2V_HunyuanVideo__EHRI1gr4zik_3_323to481\1.jpg,AI Video,1,16,"[1, 2, 3, 4, 5, 6, 7, 8, 9, 10, 11, 12, 13, 14, 15, 16]",EHRI1gr4zik_3_323to481.mp4,OpenSource_T2V_HunyuanVideo,T2V,F:\MEngDatasets\AIGVDBench\videos\OpenSource\T2V\HunyuanVideo\videos\EHRI1gr4zik_3_323to481.mp4,1,1.2079854,-1.2079854,1
D:\HaitongNi\MEngProject\d3_datasets\AIGVDBench_all_opensource_1000\frames\fake\OpenSource_T2V_AccVideo__jet4_Hc5j8I_13_0to109,D:\HaitongNi\MEngProject\d3_datasets\AIGVDBench_all_opensource_1000\frames\fake\OpenSource_T2V_AccVideo__jet4_Hc5j8I_13_0to109\1.jpg,AI Video,1,16,"[1, 2, 3, 4, 5, 6, 7, 8, 9, 10, 11, 12, 13, 14, 15, 16]",jet4_Hc5j8I_13_0to109.mp4,OpenSource_T2V_AccVideo,T2V,F:\MEngDatasets\AIGVDBench\videos\OpenSource\T2V\AccVideo\videos\jet4_Hc5j8I_13_0to109.mp4,1,1.7288954,-1.7288954,1
D:\HaitongNi\MEngProject\d3_datasets\AIGVDBench_all_opensource_1000\frames\fake\OpenSource_I2V_SEINE__90u26k64J9A_14_0to144,D:\HaitongNi\MEngProject\d3_datasets\AIGVDBench_all_opensource_1000\frames\fake\OpenSource_I2V_SEINE__90u26k64J9A_14_0to144\1.jpg,AI Video,1,16,"[1, 2, 3, 4, 5, 6, 7, 8, 9, 10, 11, 12, 13, 14, 15, 16]",90u26k64J9A_14_0to144.mp4,OpenSource_I2V_SEINE,I2V,F:\MEngDatasets\AIGVDBench\videos\OpenSource\I2V\SEINE\videos\90u26k64J9A_14_0to144.mp4,1,2.1433187,-2.1433187,1
D:\HaitongNi\MEngProject\d3_datasets\AIGVDBench_all_opensource_1000\frames\fake\OpenSource_I2V_VideoCrafter__EHRI1gr4zik_3_323to481,D:\HaitongNi\MEngProject\d3_datasets\AIGVDBench_all_opensource_1000\frames\fake\OpenSource_I2V_VideoCrafter__EHRI1gr4zik_3_323to481\1.jpg,AI Video,1,16,"[1, 2, 3, 4, 5, 6, 7, 8, 9, 10, 11, 12, 13, 14, 15, 16]",EHRI1gr4zik_3_323to481.mp4,OpenSource_I2V_VideoCrafter,I2V,F:\MEngDatasets\AIGVDBench\videos\OpenSource\I2V\VideoCrafter\videos\EHRI1gr4zik_3_323to481.mp4,1,1.5213065,-1.5213065,1
D:\HaitongNi\MEngProject\d3_datasets\AIGVDBench_all_opensource_1000\frames\fake\OpenSource_V2V_LTX__HlRfdCWGMzI_22_114to219,D:\HaitongNi\MEngProject\d3_datasets\AIGVDBench_all_opensource_1000\frames\fake\OpenSource_V2V_LTX__HlRfdCWGMzI_22_114to219\1.jpg,AI Video,1,16,"[1, 2, 3, 4, 5, 6, 7, 8, 9, 10, 11, 12, 13, 14, 15, 16]",HlRfdCWGMzI_22_114to219.mp4,OpenSource_V2V_LTX,V2V,F:\MEngDatasets\AIGVDBench\videos\OpenSource\V2V\LTX\videos\HlRfdCWGMzI_22_114to219.mp4,1,1.3415809,-1.3415809,1
D:\HaitongNi\MEngProject\d3_datasets\AIGVDBench_all_opensource_1000\frames\fake\OpenSource_I2V_EasyAnimate__02M4tj70Ju0_20_0to116,D:\HaitongNi\MEngProject\d3_datasets\AIGVDBench_all_opensource_1000\frames\fake\OpenSource_I2V_EasyAnimate__02M4tj70Ju0_20_0to116\1.jpg,AI Video,1,16,"[1, 2, 3, 4, 5, 6, 7, 8, 9, 10, 11, 12, 13, 14, 15, 16]",02M4tj70Ju0_20_0to116.mp4,OpenSource_I2V_EasyAnimate,I2V,F:\MEngDatasets\AIGVDBench\videos\OpenSource\I2V\EasyAnimate\videos\02M4tj70Ju0_20_0to116.mp4,1,0.9165427,-0.9165427,1
D:\HaitongNi\MEngProject\d3_datasets\AIGVDBench_all_opensource_1000\frames\fake\OpenSource_T2V_Open-Sora__nhskgJQ5XMU_202_0to114,D:\HaitongNi\MEngProject\d3_datasets\AIGVDBench_all_opensource_1000\frames\fake\OpenSource_T2V_Open-Sora__nhskgJQ5XMU_202_0to114\1.jpg,AI Video,1,16,"[1, 2, 3, 4, 5, 6, 7, 8, 9, 10, 11, 12, 13, 14, 15, 16]",nhskgJQ5XMU_202_0to114.mp4,OpenSource_T2V_Open-Sora,T2V,F:\MEngDatasets\AIGVDBench\videos\OpenSource\T2V\Open-Sora\videos\nhskgJQ5XMU_202_0to114.mp4,1,1.7638807,-1.7638807,1
D:\HaitongNi\MEngProject\d3_datasets\AIGVDBench_all_opensource_1000\frames\fake\OpenSource_V2V_Cogvideox1.5__bG8EwSG8Hh4_1_0to149,D:\HaitongNi\MEngProject\d3_datasets\AIGVDBench_all_opensource_1000\frames\fake\OpenSource_V2V_Cogvideox1.5__bG8EwSG8Hh4_1_0to149\1.jpg,AI Video,1,16,"[1, 2, 3, 4, 5, 6, 7, 8, 9, 10, 11, 12, 13, 14, 15, 16]",bG8EwSG8Hh4_1_0to149.mp4,OpenSource_V2V_Cogvideox1.5,V2V,F:\MEngDatasets\AIGVDBench\videos\OpenSource\V2V\Cogvideox1.5\videos\bG8EwSG8Hh4_1_0to149.mp4,1,0.94055563,-0.94055563,1
D:\HaitongNi\MEngProject\d3_datasets\AIGVDBench_all_opensource_1000\frames\fake\OpenSource_T2V_LTX__bG8EwSG8Hh4_1_0to149,D:\HaitongNi\MEngProject\d3_datasets\AIGVDBench_all_opensource_1000\frames\fake\OpenSource_T2V_LTX__bG8EwSG8Hh4_1_0to149\1.jpg,AI Video,1,16,"[1, 2, 3, 4, 5, 6, 7, 8, 9, 10, 11, 12, 13, 14, 15, 16]",bG8EwSG8Hh4_1_0to149.mp4,OpenSource_T2V_LTX,T2V,F:\MEngDatasets\AIGVDBench\videos\OpenSource\T2V\LTX\videos\bG8EwSG8Hh4_1_0to149.mp4,1,3.2804852,-3.2804852,1
D:\HaitongNi\MEngProject\d3_datasets\AIGVDBench_all_opensource_1000\frames\fake\OpenSource_T2V_HunyuanVideo__nhskgJQ5XMU_202_0to114,D:\HaitongNi\MEngProject\d3_datasets\AIGVDBench_all_opensource_1000\frames\fake\OpenSource_T2V_HunyuanVideo__nhskgJQ5XMU_202_0to114\1.jpg,AI Video,1,16,"[1, 2, 3, 4, 5, 6, 7, 8, 9, 10, 11, 12, 13, 14, 15, 16]",nhskgJQ5XMU_202_0to114.mp4,OpenSource_T2V_HunyuanVideo,T2V,F:\MEngDatasets\AIGVDBench\videos\OpenSource\T2V\HunyuanVideo\videos\nhskgJQ5XMU_202_0to114.mp4,1,3.9687128,-3.9687128,1
D:\HaitongNi\MEngProject\d3_datasets\AIGVDBench_all_opensource_1000\frames\fake\OpenSource_T2V_IPOC__gcgj6G8r-IQ_28_24to180,D:\HaitongNi\MEngProject\d3_datasets\AIGVDBench_all_opensource_1000\frames\fake\OpenSource_T2V_IPOC__gcgj6G8r-IQ_28_24to180\1.jpg,AI Video,1,16,"[1, 2, 3, 4, 5, 6, 7, 8, 9, 10, 11, 12, 13, 14, 15, 16]",gcgj6G8r-IQ_28_24to180.mp4,OpenSource_T2V_IPOC,T2V,F:\MEngDatasets\AIGVDBench\videos\OpenSource\T2V\IPOC\videos\gcgj6G8r-IQ_28_24to180.mp4,1,1.7467215,-1.7467215,1
D:\HaitongNi\MEngProject\d3_datasets\AIGVDBench_all_opensource_1000\frames\fake\OpenSource_T2V_RepVideo__4cvgTuAaMDM_1_0to181,D:\HaitongNi\MEngProject\d3_datasets\AIGVDBench_all_opensource_1000\frames\fake\OpenSource_T2V_RepVideo__4cvgTuAaMDM_1_0to181\1.jpg,AI Video,1,16,"[1, 2, 3, 4, 5, 6, 7, 8, 9, 10, 11, 12, 13, 14, 15, 16]",4cvgTuAaMDM_1_0to181.mp4,OpenSource_T2V_RepVideo,T2V,F:\MEngDatasets\AIGVDBench\videos\OpenSource\T2V\RepVideo\videos\4cvgTuAaMDM_1_0to181.mp4,1,2.7549353,-2.7549353,1
D:\HaitongNi\MEngProject\d3_datasets\AIGVDBench_all_opensource_1000\frames\fake\OpenSource_T2V_EasyAnimate__QRYsvqSzYuE_43_455to1014,D:\HaitongNi\MEngProject\d3_datasets\AIGVDBench_all_opensource_1000\frames\fake\OpenSource_T2V_EasyAnimate__QRYsvqSzYuE_43_455to1014\1.jpg,AI Video,1,16,"[1, 2, 3, 4, 5, 6, 7, 8, 9, 10, 11, 12, 13, 14, 15, 16]",QRYsvqSzYuE_43_455to1014.mp4,OpenSource_T2V_EasyAnimate,T2V,F:\MEngDatasets\AIGVDBench\videos\OpenSource\T2V\EasyAnimate\videos\QRYsvqSzYuE_43_455to1014.mp4,1,1.344419,-1.344419,1
D:\HaitongNi\MEngProject\d3_datasets\AIGVDBench_all_opensource_1000\frames\fake\OpenSource_T2V_Cogvideox1.5__vUVwNN47Uv0_7_1227to1461,D:\HaitongNi\MEngProject\d3_datasets\AIGVDBench_all_opensource_1000\frames\fake\OpenSource_T2V_Cogvideox1.5__vUVwNN47Uv0_7_1227to1461\1.jpg,AI Video,1,16,"[1, 2, 3, 4, 5, 6, 7, 8, 9, 10, 11, 12, 13, 14, 15, 16]",vUVwNN47Uv0_7_1227to1461.mp4,OpenSource_T2V_Cogvideox1.5,T2V,F:\MEngDatasets\AIGVDBench\videos\OpenSource\T2V\Cogvideox1.5\videos\vUVwNN47Uv0_7_1227to1461.mp4,1,2.8024573,-2.8024573,1
D:\HaitongNi\MEngProject\d3_datasets\AIGVDBench_all_opensource_1000\frames\fake\OpenSource_T2V_Cogvideox1.5__jet4_Hc5j8I_13_0to109,D:\HaitongNi\MEngProject\d3_datasets\AIGVDBench_all_opensource_1000\frames\fake\OpenSource_T2V_Cogvideox1.5__jet4_Hc5j8I_13_0to109\1.jpg,AI Video,1,16,"[1, 2, 3, 4, 5, 6, 7, 8, 9, 10, 11, 12, 13, 14, 15, 16]",jet4_Hc5j8I_13_0to109.mp4,OpenSource_T2V_Cogvideox1.5,T2V,F:\MEngDatasets\AIGVDBench\videos\OpenSource\T2V\Cogvideox1.5\videos\jet4_Hc5j8I_13_0to109.mp4,1,1.5883503,-1.5883503,1
D:\HaitongNi\MEngProject\d3_datasets\AIGVDBench_all_opensource_1000\frames\fake\OpenSource_T2V_Cogvideox1.5__HlRfdCWGMzI_22_114to219,D:\HaitongNi\MEngProject\d3_datasets\AIGVDBench_all_opensource_1000\frames\fake\OpenSource_T2V_Cogvideox1.5__HlRfdCWGMzI_22_114to219\1.jpg,AI Video,1,16,"[1, 2, 3, 4, 5, 6, 7, 8, 9, 10, 11, 12, 13, 14, 15, 16]",HlRfdCWGMzI_22_114to219.mp4,OpenSource_T2V_Cogvideox1.5,T2V,F:\MEngDatasets\AIGVDBench\videos\OpenSource\T2V\Cogvideox1.5\videos\HlRfdCWGMzI_22_114to219.mp4,1,0.27157414,-0.27157414,1
D:\HaitongNi\MEngProject\d3_datasets\AIGVDBench_all_opensource_1000\frames\fake\OpenSource_T2V_EasyAnimate__HlRfdCWGMzI_22_114to219,D:\HaitongNi\MEngProject\d3_datasets\AIGVDBench_all_opensource_1000\frames\fake\OpenSource_T2V_EasyAnimate__HlRfdCWGMzI_22_114to219\1.jpg,AI Video,1,16,"[1, 2, 3, 4, 5, 6, 7, 8, 9, 10, 11, 12, 13, 14, 15, 16]",HlRfdCWGMzI_22_114to219.mp4,OpenSource_T2V_EasyAnimate,T2V,F:\MEngDatasets\AIGVDBench\videos\OpenSource\T2V\EasyAnimate\videos\HlRfdCWGMzI_22_114to219.mp4,1,4.141236,-4.141236,1
D:\HaitongNi\MEngProject\d3_datasets\AIGVDBench_all_opensource_1000\frames\fake\OpenSource_V2V_LTX__50KDhKUOrqI_57_294to582,D:\HaitongNi\MEngProject\d3_datasets\AIGVDBench_all_opensource_1000\frames\fake\OpenSource_V2V_LTX__50KDhKUOrqI_57_294to582\1.jpg,AI Video,1,16,"[1, 2, 3, 4, 5, 6, 7, 8, 9, 10, 11, 12, 13, 14, 15, 16]",50KDhKUOrqI_57_294to582.mp4,OpenSource_V2V_LTX,V2V,F:\MEngDatasets\AIGVDBench\videos\OpenSource\V2V\LTX\videos\50KDhKUOrqI_57_294to582.mp4,1,2.8893504,-2.8893504,1
D:\HaitongNi\MEngProject\d3_datasets\AIGVDBench_all_opensource_1000\frames\fake\OpenSource_T2V_LTX__eENFTG4UQsI_3_337to522,D:\HaitongNi\MEngProject\d3_datasets\AIGVDBench_all_opensource_1000\frames\fake\OpenSource_T2V_LTX__eENFTG4UQsI_3_337to522\1.jpg,AI Video,1,16,"[1, 2, 3, 4, 5, 6, 7, 8, 9, 10, 11, 12, 13, 14, 15, 16]",eENFTG4UQsI_3_337to522.mp4,OpenSource_T2V_LTX,T2V,F:\MEngDatasets\AIGVDBench\videos\OpenSource\T2V\LTX\videos\eENFTG4UQsI_3_337to522.mp4,1,2.062278,-2.062278,1
D:\HaitongNi\MEngProject\d3_datasets\AIGVDBench_all_opensource_1000\frames\fake\OpenSource_T2V_Pyramid-Flow__bG8EwSG8Hh4_1_0to149,D:\HaitongNi\MEngProject\d3_datasets\AIGVDBench_all_opensource_1000\frames\fake\OpenSource_T2V_Pyramid-Flow__bG8EwSG8Hh4_1_0to149\1.jpg,AI Video,1,16,"[1, 2, 3, 4, 5, 6, 7, 8, 9, 10, 11, 12, 13, 14, 15, 16]",bG8EwSG8Hh4_1_0to149.mp4,OpenSource_T2V_Pyramid-Flow,T2V,F:\MEngDatasets\AIGVDBench\videos\OpenSource\T2V\Pyramid-Flow\videos\bG8EwSG8Hh4_1_0to149.mp4,1,5.318302,-5.318302,0
D:\HaitongNi\MEngProject\d3_datasets\AIGVDBench_all_opensource_1000\frames\fake\OpenSource_I2V_Pyramid-Flow__guL5esGDFbk_11_0to163,D:\HaitongNi\MEngProject\d3_datasets\AIGVDBench_all_opensource_1000\frames\fake\OpenSource_I2V_Pyramid-Flow__guL5esGDFbk_11_0to163\1.jpg,AI Video,1,16,"[1, 2, 3, 4, 5, 6, 7, 8, 9, 10, 11, 12, 13, 14, 15, 16]",guL5esGDFbk_11_0to163.mp4,OpenSource_I2V_Pyramid-Flow,I2V,F:\MEngDatasets\AIGVDBench\videos\OpenSource\I2V\Pyramid-Flow\videos\guL5esGDFbk_11_0to163.mp4,1,2.5586615,-2.5586615,1
D:\HaitongNi\MEngProject\d3_datasets\AIGVDBench_all_opensource_1000\frames\fake\OpenSource_T2V_EasyAnimate__Vh2cObLYHJ8_13_0to496,D:\HaitongNi\MEngProject\d3_datasets\AIGVDBench_all_opensource_1000\frames\fake\OpenSource_T2V_EasyAnimate__Vh2cObLYHJ8_13_0to496\1.jpg,AI Video,1,16,"[1, 2, 3, 4, 5, 6, 7, 8, 9, 10, 11, 12, 13, 14, 15, 16]",Vh2cObLYHJ8_13_0to496.mp4,OpenSource_T2V_EasyAnimate,T2V,F:\MEngDatasets\AIGVDBench\videos\OpenSource\T2V\EasyAnimate\videos\Vh2cObLYHJ8_13_0to496.mp4,1,2.0903935,-2.0903935,1
D:\HaitongNi\MEngProject\d3_datasets\AIGVDBench_all_opensource_1000\frames\fake\OpenSource_T2V_Cogvideox1.5__o82SKvbybvY_14_104to700,D:\HaitongNi\MEngProject\d3_datasets\AIGVDBench_all_opensource_1000\frames\fake\OpenSource_T2V_Cogvideox1.5__o82SKvbybvY_14_104to700\1.jpg,AI Video,1,16,"[1, 2, 3, 4, 5, 6, 7, 8, 9, 10, 11, 12, 13, 14, 15, 16]",o82SKvbybvY_14_104to700.mp4,OpenSource_T2V_Cogvideox1.5,T2V,F:\MEngDatasets\AIGVDBench\videos\OpenSource\T2V\Cogvideox1.5\videos\o82SKvbybvY_14_104to700.mp4,1,3.141503,-3.141503,1
D:\HaitongNi\MEngProject\d3_datasets\AIGVDBench_all_opensource_1000\frames\fake\OpenSource_T2V_LTX__50KDhKUOrqI_57_294to582,D:\HaitongNi\MEngProject\d3_datasets\AIGVDBench_all_opensource_1000\frames\fake\OpenSource_T2V_LTX__50KDhKUOrqI_57_294to582\1.jpg,AI Video,1,16,"[1, 2, 3, 4, 5, 6, 7, 8, 9, 10, 11, 12, 13, 14, 15, 16]",50KDhKUOrqI_57_294to582.mp4,OpenSource_T2V_LTX,T2V,F:\MEngDatasets\AIGVDBench\videos\OpenSource\T2V\LTX\videos\50KDhKUOrqI_57_294to582.mp4,1,2.0878515,-2.0878515,1
D:\HaitongNi\MEngProject\d3_datasets\AIGVDBench_all_opensource_1000\frames\fake\OpenSource_T2V_HunyuanVideo__50KDhKUOrqI_57_294to582,D:\HaitongNi\MEngProject\d3_datasets\AIGVDBench_all_opensource_1000\frames\fake\OpenSource_T2V_HunyuanVideo__50KDhKUOrqI_57_294to582\1.jpg,AI Video,1,16,"[1, 2, 3, 4, 5, 6, 7, 8, 9, 10, 11, 12, 13, 14, 15, 16]",50KDhKUOrqI_57_294to582.mp4,OpenSource_T2V_HunyuanVideo,T2V,F:\MEngDatasets\AIGVDBench\videos\OpenSource\T2V\HunyuanVideo\videos\50KDhKUOrqI_57_294to582.mp4,1,2.25161,-2.25161,1
D:\HaitongNi\MEngProject\d3_datasets\AIGVDBench_all_opensource_1000\frames\fake\OpenSource_I2V_Pyramid-Flow__eENFTG4UQsI_3_337to522,D:\HaitongNi\MEngProject\d3_datasets\AIGVDBench_all_opensource_1000\frames\fake\OpenSource_I2V_Pyramid-Flow__eENFTG4UQsI_3_337to522\1.jpg,AI Video,1,16,"[1, 2, 3, 4, 5, 6, 7, 8, 9, 10, 11, 12, 13, 14, 15, 16]",eENFTG4UQsI_3_337to522.mp4,OpenSource_I2V_Pyramid-Flow,I2V,F:\MEngDatasets\AIGVDBench\videos\OpenSource\I2V\Pyramid-Flow\videos\eENFTG4UQsI_3_337to522.mp4,1,2.7815907,-2.7815907,1
D:\HaitongNi\MEngProject\d3_datasets\AIGVDBench_all_opensource_1000\frames\fake\OpenSource_T2V_Wan2.1__bG8EwSG8Hh4_1_0to149,D:\HaitongNi\MEngProject\d3_datasets\AIGVDBench_all_opensource_1000\frames\fake\OpenSource_T2V_Wan2.1__bG8EwSG8Hh4_1_0to149\1.jpg,AI Video,1,16,"[1, 2, 3, 4, 5, 6, 7, 8, 9, 10, 11, 12, 13, 14, 15, 16]",bG8EwSG8Hh4_1_0to149.mp4,OpenSource_T2V_Wan2.1,T2V,F:\MEngDatasets\AIGVDBench\videos\OpenSource\T2V\Wan2.1\videos\bG8EwSG8Hh4_1_0to149.mp4,1,2.4213743,-2.4213743,1
D:\HaitongNi\MEngProject\d3_datasets\AIGVDBench_all_opensource_1000\frames\fake\OpenSource_V2V_LTX__r03AuoH00eM_5_399to542,D:\HaitongNi\MEngProject\d3_datasets\AIGVDBench_all_opensource_1000\frames\fake\OpenSource_V2V_LTX__r03AuoH00eM_5_399to542\1.jpg,AI Video,1,16,"[1, 2, 3, 4, 5, 6, 7, 8, 9, 10, 11, 12, 13, 14, 15, 16]",r03AuoH00eM_5_399to542.mp4,OpenSource_V2V_LTX,V2V,F:\MEngDatasets\AIGVDBench\videos\OpenSource\V2V\LTX\videos\r03AuoH00eM_5_399to542.mp4,1,1.7348739,-1.7348739,1
D:\HaitongNi\MEngProject\d3_datasets\AIGVDBench_all_opensource_1000\frames\fake\OpenSource_I2V_Pyramid-Flow__0BPQnk47p6M_2_55to191,D:\HaitongNi\MEngProject\d3_datasets\AIGVDBench_all_opensource_1000\frames\fake\OpenSource_I2V_Pyramid-Flow__0BPQnk47p6M_2_55to191\1.jpg,AI Video,1,16,"[1, 2, 3, 4, 5, 6, 7, 8, 9, 10, 11, 12, 13, 14, 15, 16]",0BPQnk47p6M_2_55to191.mp4,OpenSource_I2V_Pyramid-Flow,I2V,F:\MEngDatasets\AIGVDBench\videos\OpenSource\I2V\Pyramid-Flow\videos\0BPQnk47p6M_2_55to191.mp4,1,0.3537251,-0.3537251,1
D:\HaitongNi\MEngProject\d3_datasets\AIGVDBench_all_opensource_1000\frames\fake\OpenSource_T2V_IPOC__NWYRv_MKaA8_10_24to132,D:\HaitongNi\MEngProject\d3_datasets\AIGVDBench_all_opensource_1000\frames\fake\OpenSource_T2V_IPOC__NWYRv_MKaA8_10_24to132\1.jpg,AI Video,1,16,"[1, 2, 3, 4, 5, 6, 7, 8, 9, 10, 11, 12, 13, 14, 15, 16]",NWYRv_MKaA8_10_24to132.mp4,OpenSource_T2V_IPOC,T2V,F:\MEngDatasets\AIGVDBench\videos\OpenSource\T2V\IPOC\videos\NWYRv_MKaA8_10_24to132.mp4,1,0.29263362,-0.29263362,1
D:\HaitongNi\MEngProject\d3_datasets\AIGVDBench_all_opensource_1000\frames\fake\OpenSource_I2V_EasyAnimate__7TCW9wOxAWk_48_0to214,D:\HaitongNi\MEngProject\d3_datasets\AIGVDBench_all_opensource_1000\frames\fake\OpenSource_I2V_EasyAnimate__7TCW9wOxAWk_48_0to214\1.jpg,AI Video,1,16,"[1, 2, 3, 4, 5, 6, 7, 8, 9, 10, 11, 12, 13, 14, 15, 16]",7TCW9wOxAWk_48_0to214.mp4,OpenSource_I2V_EasyAnimate,I2V,F:\MEngDatasets\AIGVDBench\videos\OpenSource\I2V\EasyAnimate\videos\7TCW9wOxAWk_48_0to214.mp4,1,4.455192,-4.455192,1
D:\HaitongNi\MEngProject\d3_datasets\AIGVDBench_all_opensource_1000\frames\fake\OpenSource_T2V_RepVideo__EHRI1gr4zik_3_323to481,D:\HaitongNi\MEngProject\d3_datasets\AIGVDBench_all_opensource_1000\frames\fake\OpenSource_T2V_RepVideo__EHRI1gr4zik_3_323to481\1.jpg,AI Video,1,16,"[1, 2, 3, 4, 5, 6, 7, 8, 9, 10, 11, 12, 13, 14, 15, 16]",EHRI1gr4zik_3_323to481.mp4,OpenSource_T2V_RepVideo,T2V,F:\MEngDatasets\AIGVDBench\videos\OpenSource\T2V\RepVideo\videos\EHRI1gr4zik_3_323to481.mp4,1,1.1106329,-1.1106329,1
D:\HaitongNi\MEngProject\d3_datasets\AIGVDBench_all_opensource_1000\frames\fake\OpenSource_I2V_Pyramid-Flow__y3vyO-025CI_3_0to339,D:\HaitongNi\MEngProject\d3_datasets\AIGVDBench_all_opensource_1000\frames\fake\OpenSource_I2V_Pyramid-Flow__y3vyO-025CI_3_0to339\1.jpg,AI Video,1,16,"[1, 2, 3, 4, 5, 6, 7, 8, 9, 10, 11, 12, 13, 14, 15, 16]",y3vyO-025CI_3_0to339.mp4,OpenSource_I2V_Pyramid-Flow,I2V,F:\MEngDatasets\AIGVDBench\videos\OpenSource\I2V\Pyramid-Flow\videos\y3vyO-025CI_3_0to339.mp4,1,1.2328843,-1.2328843,1
D:\HaitongNi\MEngProject\d3_datasets\AIGVDBench_all_opensource_1000\frames\fake\OpenSource_T2V_IPOC__HlRfdCWGMzI_22_114to219,D:\HaitongNi\MEngProject\d3_datasets\AIGVDBench_all_opensource_1000\frames\fake\OpenSource_T2V_IPOC__HlRfdCWGMzI_22_114to219\1.jpg,AI Video,1,16,"[1, 2, 3, 4, 5, 6, 7, 8, 9, 10, 11, 12, 13, 14, 15, 16]",HlRfdCWGMzI_22_114to219.mp4,OpenSource_T2V_IPOC,T2V,F:\MEngDatasets\AIGVDBench\videos\OpenSource\T2V\IPOC\videos\HlRfdCWGMzI_22_114to219.mp4,1,5.4370565,-5.4370565,0
D:\HaitongNi\MEngProject\d3_datasets\AIGVDBench_all_opensource_1000\frames\fake\OpenSource_I2V_SVD__NWYRv_MKaA8_10_24to132,D:\HaitongNi\MEngProject\d3_datasets\AIGVDBench_all_opensource_1000\frames\fake\OpenSource_I2V_SVD__NWYRv_MKaA8_10_24to132\1.jpg,AI Video,1,16,"[1, 2, 3, 4, 5, 6, 7, 8, 9, 10, 11, 12, 13, 14, 15, 16]",NWYRv_MKaA8_10_24to132.mp4,OpenSource_I2V_SVD,I2V,F:\MEngDatasets\AIGVDBench\videos\OpenSource\I2V\SVD\videos\NWYRv_MKaA8_10_24to132.mp4,1,2.0015008,-2.0015008,1
D:\HaitongNi\MEngProject\d3_datasets\AIGVDBench_all_opensource_1000\frames\fake\OpenSource_T2V_Open-Sora__eENFTG4UQsI_3_337to522,D:\HaitongNi\MEngProject\d3_datasets\AIGVDBench_all_opensource_1000\frames\fake\OpenSource_T2V_Open-Sora__eENFTG4UQsI_3_337to522\1.jpg,AI Video,1,16,"[1, 2, 3, 4, 5, 6, 7, 8, 9, 10, 11, 12, 13, 14, 15, 16]",eENFTG4UQsI_3_337to522.mp4,OpenSource_T2V_Open-Sora,T2V,F:\MEngDatasets\AIGVDBench\videos\OpenSource\T2V\Open-Sora\videos\eENFTG4UQsI_3_337to522.mp4,1,3.6887288,-3.6887288,1
D:\HaitongNi\MEngProject\d3_datasets\AIGVDBench_all_opensource_1000\frames\fake\OpenSource_V2V_LTX__90u26k64J9A_14_0to144,D:\HaitongNi\MEngProject\d3_datasets\AIGVDBench_all_opensource_1000\frames\fake\OpenSource_V2V_LTX__90u26k64J9A_14_0to144\1.jpg,AI Video,1,16,"[1, 2, 3, 4, 5, 6, 7, 8, 9, 10, 11, 12, 13, 14, 15, 16]",90u26k64J9A_14_0to144.mp4,OpenSource_V2V_LTX,V2V,F:\MEngDatasets\AIGVDBench\videos\OpenSource\V2V\LTX\videos\90u26k64J9A_14_0to144.mp4,1,2.8609743,-2.8609743,1
D:\HaitongNi\MEngProject\d3_datasets\AIGVDBench_all_opensource_1000\frames\fake\OpenSource_I2V_VideoCrafter__50KDhKUOrqI_57_294to582,D:\HaitongNi\MEngProject\d3_datasets\AIGVDBench_all_opensource_1000\frames\fake\OpenSource_I2V_VideoCrafter__50KDhKUOrqI_57_294to582\1.jpg,AI Video,1,16,"[1, 2, 3, 4, 5, 6, 7, 8, 9, 10, 11, 12, 13, 14, 15, 16]",50KDhKUOrqI_57_294to582.mp4,OpenSource_I2V_VideoCrafter,I2V,F:\MEngDatasets\AIGVDBench\videos\OpenSource\I2V\VideoCrafter\videos\50KDhKUOrqI_57_294to582.mp4,1,3.2219164,-3.2219164,1
D:\HaitongNi\MEngProject\d3_datasets\AIGVDBench_all_opensource_1000\frames\fake\OpenSource_T2V_LTX__xPcAfdYCj5k_136_0to424,D:\HaitongNi\MEngProject\d3_datasets\AIGVDBench_all_opensource_1000\frames\fake\OpenSource_T2V_LTX__xPcAfdYCj5k_136_0to424\1.jpg,AI Video,1,16,"[1, 2, 3, 4, 5, 6, 7, 8, 9, 10, 11, 12, 13, 14, 15, 16]",xPcAfdYCj5k_136_0to424.mp4,OpenSource_T2V_LTX,T2V,F:\MEngDatasets\AIGVDBench\videos\OpenSource\T2V\LTX\videos\xPcAfdYCj5k_136_0to424.mp4,1,2.8382885,-2.8382885,1
D:\HaitongNi\MEngProject\d3_datasets\AIGVDBench_all_opensource_1000\frames\fake\OpenSource_V2V_LTX__guL5esGDFbk_11_0to163,D:\HaitongNi\MEngProject\d3_datasets\AIGVDBench_all_opensource_1000\frames\fake\OpenSource_V2V_LTX__guL5esGDFbk_11_0to163\1.jpg,AI Video,1,16,"[1, 2, 3, 4, 5, 6, 7, 8, 9, 10, 11, 12, 13, 14, 15, 16]",guL5esGDFbk_11_0to163.mp4,OpenSource_V2V_LTX,V2V,F:\MEngDatasets\AIGVDBench\videos\OpenSource\V2V\LTX\videos\guL5esGDFbk_11_0to163.mp4,1,4.179961,-4.179961,1
D:\HaitongNi\MEngProject\d3_datasets\AIGVDBench_all_opensource_1000\frames\fake\OpenSource_I2V_EasyAnimate__Vh2cObLYHJ8_13_0to496,D:\HaitongNi\MEngProject\d3_datasets\AIGVDBench_all_opensource_1000\frames\fake\OpenSource_I2V_EasyAnimate__Vh2cObLYHJ8_13_0to496\1.jpg,AI Video,1,16,"[1, 2, 3, 4, 5, 6, 7, 8, 9, 10, 11, 12, 13, 14, 15, 16]",Vh2cObLYHJ8_13_0to496.mp4,OpenSource_I2V_EasyAnimate,I2V,F:\MEngDatasets\AIGVDBench\videos\OpenSource\I2V\EasyAnimate\videos\Vh2cObLYHJ8_13_0to496.mp4,1,3.037924,-3.037924,1
D:\HaitongNi\MEngProject\d3_datasets\AIGVDBench_all_opensource_1000\frames\fake\OpenSource_T2V_Open-Sora__jty7y2KedUE_23_0to259,D:\HaitongNi\MEngProject\d3_datasets\AIGVDBench_all_opensource_1000\frames\fake\OpenSource_T2V_Open-Sora__jty7y2KedUE_23_0to259\1.jpg,AI Video,1,16,"[1, 2, 3, 4, 5, 6, 7, 8, 9, 10, 11, 12, 13, 14, 15, 16]",jty7y2KedUE_23_0to259.mp4,OpenSource_T2V_Open-Sora,T2V,F:\MEngDatasets\AIGVDBench\videos\OpenSource\T2V\Open-Sora\videos\jty7y2KedUE_23_0to259.mp4,1,1.2149876,-1.2149876,1
D:\HaitongNi\MEngProject\d3_datasets\AIGVDBench_all_opensource_1000\frames\fake\OpenSource_I2V_Pyramid-Flow__gcgj6G8r-IQ_28_24to180,D:\HaitongNi\MEngProject\d3_datasets\AIGVDBench_all_opensource_1000\frames\fake\OpenSource_I2V_Pyramid-Flow__gcgj6G8r-IQ_28_24to180\1.jpg,AI Video,1,16,"[1, 2, 3, 4, 5, 6, 7, 8, 9, 10, 11, 12, 13, 14, 15, 16]",gcgj6G8r-IQ_28_24to180.mp4,OpenSource_I2V_Pyramid-Flow,I2V,F:\MEngDatasets\AIGVDBench\videos\OpenSource\I2V\Pyramid-Flow\videos\gcgj6G8r-IQ_28_24to180.mp4,1,2.263079,-2.263079,1
D:\HaitongNi\MEngProject\d3_datasets\AIGVDBench_all_opensource_1000\frames\fake\OpenSource_T2V_RepVideo__NWYRv_MKaA8_10_24to132,D:\HaitongNi\MEngProject\d3_datasets\AIGVDBench_all_opensource_1000\frames\fake\OpenSource_T2V_RepVideo__NWYRv_MKaA8_10_24to132\1.jpg,AI Video,1,16,"[1, 2, 3, 4, 5, 6, 7, 8, 9, 10, 11, 12, 13, 14, 15, 16]",NWYRv_MKaA8_10_24to132.mp4,OpenSource_T2V_RepVideo,T2V,F:\MEngDatasets\AIGVDBench\videos\OpenSource\T2V\RepVideo\videos\NWYRv_MKaA8_10_24to132.mp4,1,1.6045948,-1.6045948,1
D:\HaitongNi\MEngProject\d3_datasets\AIGVDBench_all_opensource_1000\frames\fake\OpenSource_I2V_Pyramid-Flow__bG8EwSG8Hh4_1_0to149,D:\HaitongNi\MEngProject\d3_datasets\AIGVDBench_all_opensource_1000\frames\fake\OpenSource_I2V_Pyramid-Flow__bG8EwSG8Hh4_1_0to149\1.jpg,AI Video,1,16,"[1, 2, 3, 4, 5, 6, 7, 8, 9, 10, 11, 12, 13, 14, 15, 16]",bG8EwSG8Hh4_1_0to149.mp4,OpenSource_I2V_Pyramid-Flow,I2V,F:\MEngDatasets\AIGVDBench\videos\OpenSource\I2V\Pyramid-Flow\videos\bG8EwSG8Hh4_1_0to149.mp4,1,3.0406713,-3.0406713,1
D:\HaitongNi\MEngProject\d3_datasets\AIGVDBench_all_opensource_1000\frames\fake\OpenSource_T2V_AnimateDiff__0BPQnk47p6M_2_55to191,D:\HaitongNi\MEngProject\d3_datasets\AIGVDBench_all_opensource_1000\frames\fake\OpenSource_T2V_AnimateDiff__0BPQnk47p6M_2_55to191\1.jpg,AI Video,1,16,"[1, 2, 3, 4, 5, 6, 7, 8, 9, 10, 11, 12, 13, 14, 15, 16]",0BPQnk47p6M_2_55to191.mp4,OpenSource_T2V_AnimateDiff,T2V,F:\MEngDatasets\AIGVDBench\videos\OpenSource\T2V\AnimateDiff\home\lma\Benchmark\bench\opensource\T2V\AnimateDiff\videos\0BPQnk47p6M_2_55to191.mp4,1,1.1846259,-1.1846259,1
D:\HaitongNi\MEngProject\d3_datasets\AIGVDBench_all_opensource_1000\frames\fake\OpenSource_T2V_IPOC__r03AuoH00eM_5_399to542,D:\HaitongNi\MEngProject\d3_datasets\AIGVDBench_all_opensource_1000\frames\fake\OpenSource_T2V_IPOC__r03AuoH00eM_5_399to542\1.jpg,AI Video,1,16,"[1, 2, 3, 4, 5, 6, 7, 8, 9, 10, 11, 12, 13, 14, 15, 16]",r03AuoH00eM_5_399to542.mp4,OpenSource_T2V_IPOC,T2V,F:\MEngDatasets\AIGVDBench\videos\OpenSource\T2V\IPOC\videos\r03AuoH00eM_5_399to542.mp4,1,1.5984391,-1.5984391,1
D:\HaitongNi\MEngProject\d3_datasets\AIGVDBench_all_opensource_1000\frames\fake\OpenSource_T2V_AnimateDiff__jet4_Hc5j8I_13_0to109,D:\HaitongNi\MEngProject\d3_datasets\AIGVDBench_all_opensource_1000\frames\fake\OpenSource_T2V_AnimateDiff__jet4_Hc5j8I_13_0to109\1.jpg,AI Video,1,16,"[1, 2, 3, 4, 5, 6, 7, 8, 9, 10, 11, 12, 13, 14, 15, 16]",jet4_Hc5j8I_13_0to109.mp4,OpenSource_T2V_AnimateDiff,T2V,F:\MEngDatasets\AIGVDBench\videos\OpenSource\T2V\AnimateDiff\home\lma\Benchmark\bench\opensource\T2V\AnimateDiff\videos\jet4_Hc5j8I_13_0to109.mp4,1,0.9944833,-0.9944833,1
D:\HaitongNi\MEngProject\d3_datasets\AIGVDBench_all_opensource_1000\frames\fake\OpenSource_T2V_AnimateDiff__jty7y2KedUE_23_0to259,D:\HaitongNi\MEngProject\d3_datasets\AIGVDBench_all_opensource_1000\frames\fake\OpenSource_T2V_AnimateDiff__jty7y2KedUE_23_0to259\1.jpg,AI Video,1,16,"[1, 2, 3, 4, 5, 6, 7, 8, 9, 10, 11, 12, 13, 14, 15, 16]",jty7y2KedUE_23_0to259.mp4,OpenSource_T2V_AnimateDiff,T2V,F:\MEngDatasets\AIGVDBench\videos\OpenSource\T2V\AnimateDiff\home\lma\Benchmark\bench\opensource\T2V\AnimateDiff\videos\jty7y2KedUE_23_0to259.mp4,1,0.4106765,-0.4106765,1
D:\HaitongNi\MEngProject\d3_datasets\AIGVDBench_all_opensource_1000\frames\fake\OpenSource_I2V_EasyAnimate__smJlYSVS9Ds_340_112to226,D:\HaitongNi\MEngProject\d3_datasets\AIGVDBench_all_opensource_1000\frames\fake\OpenSource_I2V_EasyAnimate__smJlYSVS9Ds_340_112to226\1.jpg,AI Video,1,16,"[1, 2, 3, 4, 5, 6, 7, 8, 9, 10, 11, 12, 13, 14, 15, 16]",smJlYSVS9Ds_340_112to226.mp4,OpenSource_I2V_EasyAnimate,I2V,F:\MEngDatasets\AIGVDBench\videos\OpenSource\I2V\EasyAnimate\videos\smJlYSVS9Ds_340_112to226.mp4,1,2.102887,-2.102887,1
D:\HaitongNi\MEngProject\d3_datasets\AIGVDBench_all_opensource_1000\frames\fake\OpenSource_I2V_Pyramid-Flow__smJlYSVS9Ds_340_112to226,D:\HaitongNi\MEngProject\d3_datasets\AIGVDBench_all_opensource_1000\frames\fake\OpenSource_I2V_Pyramid-Flow__smJlYSVS9Ds_340_112to226\1.jpg,AI Video,1,16,"[1, 2, 3, 4, 5, 6, 7, 8, 9, 10, 11, 12, 13, 14, 15, 16]",smJlYSVS9Ds_340_112to226.mp4,OpenSource_I2V_Pyramid-Flow,I2V,F:\MEngDatasets\AIGVDBench\videos\OpenSource\I2V\Pyramid-Flow\videos\smJlYSVS9Ds_340_112to226.mp4,1,1.9449527,-1.9449527,1
D:\HaitongNi\MEngProject\d3_datasets\AIGVDBench_all_opensource_1000\frames\fake\OpenSource_T2V_Pyramid-Flow__jty7y2KedUE_23_0to259,D:\HaitongNi\MEngProject\d3_datasets\AIGVDBench_all_opensource_1000\frames\fake\OpenSource_T2V_Pyramid-Flow__jty7y2KedUE_23_0to259\1.jpg,AI Video,1,16,"[1, 2, 3, 4, 5, 6, 7, 8, 9, 10, 11, 12, 13, 14, 15, 16]",jty7y2KedUE_23_0to259.mp4,OpenSource_T2V_Pyramid-Flow,T2V,F:\MEngDatasets\AIGVDBench\videos\OpenSource\T2V\Pyramid-Flow\videos\jty7y2KedUE_23_0to259.mp4,1,2.102518,-2.102518,1
D:\HaitongNi\MEngProject\d3_datasets\AIGVDBench_all_opensource_1000\frames\fake\OpenSource_T2V_EasyAnimate__EHRI1gr4zik_3_323to481,D:\HaitongNi\MEngProject\d3_datasets\AIGVDBench_all_opensource_1000\frames\fake\OpenSource_T2V_EasyAnimate__EHRI1gr4zik_3_323to481\1.jpg,AI Video,1,16,"[1, 2, 3, 4, 5, 6, 7, 8, 9, 10, 11, 12, 13, 14, 15, 16]",EHRI1gr4zik_3_323to481.mp4,OpenSource_T2V_EasyAnimate,T2V,F:\MEngDatasets\AIGVDBench\videos\OpenSource\T2V\EasyAnimate\videos\EHRI1gr4zik_3_323to481.mp4,1,0.80761254,-0.80761254,1
D:\HaitongNi\MEngProject\d3_datasets\AIGVDBench_all_opensource_1000\frames\fake\OpenSource_V2V_Cogvideox1.5__guL5esGDFbk_11_0to163,D:\HaitongNi\MEngProject\d3_datasets\AIGVDBench_all_opensource_1000\frames\fake\OpenSource_V2V_Cogvideox1.5__guL5esGDFbk_11_0to163\1.jpg,AI Video,1,16,"[1, 2, 3, 4, 5, 6, 7, 8, 9, 10, 11, 12, 13, 14, 15, 16]",guL5esGDFbk_11_0to163.mp4,OpenSource_V2V_Cogvideox1.5,V2V,F:\MEngDatasets\AIGVDBench\videos\OpenSource\V2V\Cogvideox1.5\videos\guL5esGDFbk_11_0to163.mp4,1,2.5409374,-2.5409374,1
D:\HaitongNi\MEngProject\d3_datasets\AIGVDBench_all_opensource_1000\frames\fake\OpenSource_T2V_LTX__guL5esGDFbk_11_0to163,D:\HaitongNi\MEngProject\d3_datasets\AIGVDBench_all_opensource_1000\frames\fake\OpenSource_T2V_LTX__guL5esGDFbk_11_0to163\1.jpg,AI Video,1,16,"[1, 2, 3, 4, 5, 6, 7, 8, 9, 10, 11, 12, 13, 14, 15, 16]",guL5esGDFbk_11_0to163.mp4,OpenSource_T2V_LTX,T2V,F:\MEngDatasets\AIGVDBench\videos\OpenSource\T2V\LTX\videos\guL5esGDFbk_11_0to163.mp4,1,3.2652435,-3.2652435,1
D:\HaitongNi\MEngProject\d3_datasets\AIGVDBench_all_opensource_1000\frames\fake\OpenSource_T2V_HunyuanVideo__vUVwNN47Uv0_7_1227to1461,D:\HaitongNi\MEngProject\d3_datasets\AIGVDBench_all_opensource_1000\frames\fake\OpenSource_T2V_HunyuanVideo__vUVwNN47Uv0_7_1227to1461\1.jpg,AI Video,1,16,"[1, 2, 3, 4, 5, 6, 7, 8, 9, 10, 11, 12, 13, 14, 15, 16]",vUVwNN47Uv0_7_1227to1461.mp4,OpenSource_T2V_HunyuanVideo,T2V,F:\MEngDatasets\AIGVDBench\videos\OpenSource\T2V\HunyuanVideo\videos\vUVwNN47Uv0_7_1227to1461.mp4,1,2.090167,-2.090167,1
D:\HaitongNi\MEngProject\d3_datasets\AIGVDBench_all_opensource_1000\frames\fake\OpenSource_T2V_AccVideo__0BPQnk47p6M_2_55to191,D:\HaitongNi\MEngProject\d3_datasets\AIGVDBench_all_opensource_1000\frames\fake\OpenSource_T2V_AccVideo__0BPQnk47p6M_2_55to191\1.jpg,AI Video,1,16,"[1, 2, 3, 4, 5, 6, 7, 8, 9, 10, 11, 12, 13, 14, 15, 16]",0BPQnk47p6M_2_55to191.mp4,OpenSource_T2V_AccVideo,T2V,F:\MEngDatasets\AIGVDBench\videos\OpenSource\T2V\AccVideo\videos\0BPQnk47p6M_2_55to191.mp4,1,2.388092,-2.388092,1
D:\HaitongNi\MEngProject\d3_datasets\AIGVDBench_all_opensource_1000\frames\fake\OpenSource_T2V_AccVideo__nhskgJQ5XMU_202_0to114,D:\HaitongNi\MEngProject\d3_datasets\AIGVDBench_all_opensource_1000\frames\fake\OpenSource_T2V_AccVideo__nhskgJQ5XMU_202_0to114\1.jpg,AI Video,1,16,"[1, 2, 3, 4, 5, 6, 7, 8, 9, 10, 11, 12, 13, 14, 15, 16]",nhskgJQ5XMU_202_0to114.mp4,OpenSource_T2V_AccVideo,T2V,F:\MEngDatasets\AIGVDBench\videos\OpenSource\T2V\AccVideo\videos\nhskgJQ5XMU_202_0to114.mp4,1,2.9027348,-2.9027348,1
D:\HaitongNi\MEngProject\d3_datasets\AIGVDBench_all_opensource_1000\frames\fake\OpenSource_T2V_Pyramid-Flow__50KDhKUOrqI_57_294to582,D:\HaitongNi\MEngProject\d3_datasets\AIGVDBench_all_opensource_1000\frames\fake\OpenSource_T2V_Pyramid-Flow__50KDhKUOrqI_57_294to582\1.jpg,AI Video,1,16,"[1, 2, 3, 4, 5, 6, 7, 8, 9, 10, 11, 12, 13, 14, 15, 16]",50KDhKUOrqI_57_294to582.mp4,OpenSource_T2V_Pyramid-Flow,T2V,F:\MEngDatasets\AIGVDBench\videos\OpenSource\T2V\Pyramid-Flow\videos\50KDhKUOrqI_57_294to582.mp4,1,2.7451665,-2.7451665,1
D:\HaitongNi\MEngProject\d3_datasets\AIGVDBench_all_opensource_1000\frames\fake\OpenSource_I2V_SVD__y3vyO-025CI_3_0to339,D:\HaitongNi\MEngProject\d3_datasets\AIGVDBench_all_opensource_1000\frames\fake\OpenSource_I2V_SVD__y3vyO-025CI_3_0to339\1.jpg,AI Video,1,16,"[1, 2, 3, 4, 5, 6, 7, 8, 9, 10, 11, 12, 13, 14, 15, 16]",y3vyO-025CI_3_0to339.mp4,OpenSource_I2V_SVD,I2V,F:\MEngDatasets\AIGVDBench\videos\OpenSource\I2V\SVD\videos\y3vyO-025CI_3_0to339.mp4,1,0.81288326,-0.81288326,1
D:\HaitongNi\MEngProject\d3_datasets\AIGVDBench_all_opensource_1000\frames\fake\OpenSource_T2V_Cogvideox1.5__NWYRv_MKaA8_10_24to132,D:\HaitongNi\MEngProject\d3_datasets\AIGVDBench_all_opensource_1000\frames\fake\OpenSource_T2V_Cogvideox1.5__NWYRv_MKaA8_10_24to132\1.jpg,AI Video,1,16,"[1, 2, 3, 4, 5, 6, 7, 8, 9, 10, 11, 12, 13, 14, 15, 16]",NWYRv_MKaA8_10_24to132.mp4,OpenSource_T2V_Cogvideox1.5,T2V,F:\MEngDatasets\AIGVDBench\videos\OpenSource\T2V\Cogvideox1.5\videos\NWYRv_MKaA8_10_24to132.mp4,1,1.2144811,-1.2144811,1
D:\HaitongNi\MEngProject\d3_datasets\AIGVDBench_all_opensource_1000\frames\fake\OpenSource_T2V_Pyramid-Flow__smJlYSVS9Ds_340_112to226,D:\HaitongNi\MEngProject\d3_datasets\AIGVDBench_all_opensource_1000\frames\fake\OpenSource_T2V_Pyramid-Flow__smJlYSVS9Ds_340_112to226\1.jpg,AI Video,1,16,"[1, 2, 3, 4, 5, 6, 7, 8, 9, 10, 11, 12, 13, 14, 15, 16]",smJlYSVS9Ds_340_112to226.mp4,OpenSource_T2V_Pyramid-Flow,T2V,F:\MEngDatasets\AIGVDBench\videos\OpenSource\T2V\Pyramid-Flow\videos\smJlYSVS9Ds_340_112to226.mp4,1,2.028315,-2.028315,1
