path,rel_path,label,label_name,pair,generator_id,benchmark,missing,content_path,target
F:\MEngDatasets\GenVidBench\GenVidBench\Pair1\vript\vript\-4-C3-Af7V8-Scene-001.mp4,Pair1\vript\vript\-4-C3-Af7V8-Scene-001.mp4,0,real,Pair1,vript,GenVidBench,False,D:\HaitongNi\MEngProject_SecondBench\02_D3\cache\frames\real\Pair1_vript_vript_-4-C3-Af7V8-Scene-001.mp4,0
F:\MEngDatasets\GenVidBench\GenVidBench\Pair2\hd_vg_130m\hd_vg_130m\10945___EP24CfRpQyU.11_3.mp4,Pair2\hd_vg_130m\hd_vg_130m\10945___EP24CfRpQyU.11_3.mp4,0,real,Pair2,hd_vg_130m,GenVidBench,False,D:\HaitongNi\MEngProject_SecondBench\02_D3\cache\frames\real\Pair2_hd_vg_130m_hd_vg_130m_10945__EP24CfRpQyU.11_3.mp4,0
F:\MEngDatasets\GenVidBench\GenVidBench\Pair2\hd_vg_130m\hd_vg_130m\01373___14ZZb-QvH5c.1_2.mp4,Pair2\hd_vg_130m\hd_vg_130m\01373___14ZZb-QvH5c.1_2.mp4,0,real,Pair2,hd_vg_130m,GenVidBench,False,D:\HaitongNi\MEngProject_SecondBench\02_D3\cache\frames\real\Pair2_hd_vg_130m_hd_vg_130m_01373__14ZZb-QvH5c.1_2.mp4,0
F:\MEngDatasets\GenVidBench\GenVidBench\Pair1\vript\vript\3C-vozLC-IM-Scene-038.mp4,Pair1\vript\vript\3C-vozLC-IM-Scene-038.mp4,0,real,Pair1,vript,GenVidBench,False,D:\HaitongNi\MEngProject_SecondBench\02_D3\cache\frames\real\Pair1_vript_vript_3C-vozLC-IM-Scene-038.mp4,0
F:\MEngDatasets\GenVidBench\GenVidBench\Pair1\vript\vript\-L_VVyillvU-Scene-033.mp4,Pair1\vript\vript\-L_VVyillvU-Scene-033.mp4,0,real,Pair1,vript,GenVidBench,False,D:\HaitongNi\MEngProject_SecondBench\02_D3\cache\frames\real\Pair1_vript_vript_-L_VVyillvU-Scene-033.mp4,0
F:\MEngDatasets\GenVidBench\GenVidBench\Pair2\hd_vg_130m\hd_vg_130m\02086___2u4ZjOVLTqk.3_1.mp4,Pair2\hd_vg_130m\hd_vg_130m\02086___2u4ZjOVLTqk.3_1.mp4,0,real,Pair2,hd_vg_130m,GenVidBench,False,D:\HaitongNi\MEngProject_SecondBench\02_D3\cache\frames\real\Pair2_hd_vg_130m_hd_vg_130m_02086__2u4ZjOVLTqk.3_1.mp4,0
F:\MEngDatasets\GenVidBench\GenVidBench\Pair1\vript\vript\-gdaWqydHzk-Scene-050.mp4,Pair1\vript\vript\-gdaWqydHzk-Scene-050.mp4,0,real,Pair1,vript,GenVidBench,False,D:\HaitongNi\MEngProject_SecondBench\02_D3\cache\frames\real\Pair1_vript_vript_-gdaWqydHzk-Scene-050.mp4,0
F:\MEngDatasets\GenVidBench\GenVidBench\Pair2\hd_vg_130m\hd_vg_130m\10833___Gsuz6Vs9azY.2_1.mp4,Pair2\hd_vg_130m\hd_vg_130m\10833___Gsuz6Vs9azY.2_1.mp4,0,real,Pair2,hd_vg_130m,GenVidBench,False,D:\HaitongNi\MEngProject_SecondBench\02_D3\cache\frames\real\Pair2_hd_vg_130m_hd_vg_130m_10833__Gsuz6Vs9azY.2_1.mp4,0
F:\MEngDatasets\GenVidBench\GenVidBench\Pair2\hd_vg_130m\hd_vg_130m\01407___-NIP2zgVsRY.0_3.mp4,Pair2\hd_vg_130m\hd_vg_130m\01407___-NIP2zgVsRY.0_3.mp4,0,real,Pair2,hd_vg_130m,GenVidBench,False,D:\HaitongNi\MEngProject_SecondBench\02_D3\cache\frames\real\Pair2_hd_vg_130m_hd_vg_130m_01407__-NIP2zgVsRY.0_3.mp4,0
F:\MEngDatasets\GenVidBench\GenVidBench\Pair2\hd_vg_130m\hd_vg_130m\12847___DY-FIDOx3Ks.0_2.mp4,Pair2\hd_vg_130m\hd_vg_130m\12847___DY-FIDOx3Ks.0_2.mp4,0,real,Pair2,hd_vg_130m,GenVidBench,False,D:\HaitongNi\MEngProject_SecondBench\02_D3\cache\frames\real\Pair2_hd_vg_130m_hd_vg_130m_12847__DY-FIDOx3Ks.0_2.mp4,0
F:\MEngDatasets\GenVidBench\GenVidBench\Pair1\vript\vript\3UHTQdotAzk-Scene-057.mp4,Pair1\vript\vript\3UHTQdotAzk-Scene-057.mp4,0,real,Pair1,vript,GenVidBench,False,D:\HaitongNi\MEngProject_SecondBench\02_D3\cache\frames\real\Pair1_vript_vript_3UHTQdotAzk-Scene-057.mp4,0
F:\MEngDatasets\GenVidBench\GenVidBench\Pair2\hd_vg_130m\hd_vg_130m\04154___44H2_zaW0sM.4_2.mp4,Pair2\hd_vg_130m\hd_vg_130m\04154___44H2_zaW0sM.4_2.mp4,0,real,Pair2,hd_vg_130m,GenVidBench,False,D:\HaitongNi\MEngProject_SecondBench\02_D3\cache\frames\real\Pair2_hd_vg_130m_hd_vg_130m_04154__44H2_zaW0sM.4_2.mp4,0
F:\MEngDatasets\GenVidBench\GenVidBench\Pair1\vript\vript\-qGozrMz4DM-Scene-073.mp4,Pair1\vript\vript\-qGozrMz4DM-Scene-073.mp4,0,real,Pair1,vript,GenVidBench,False,D:\HaitongNi\MEngProject_SecondBench\02_D3\cache\frames\real\Pair1_vript_vript_-qGozrMz4DM-Scene-073.mp4,0
F:\MEngDatasets\GenVidBench\GenVidBench\Pair1\vript\vript\-CLU35KDfkI-Scene-014.mp4,Pair1\vript\vript\-CLU35KDfkI-Scene-014.mp4,0,real,Pair1,vript,GenVidBench,False,D:\HaitongNi\MEngProject_SecondBench\02_D3\cache\frames\real\Pair1_vript_vript_-CLU35KDfkI-Scene-014.mp4,0
F:\MEngDatasets\GenVidBench\GenVidBench\Pair2\hd_vg_130m\hd_vg_130m\07440___6z-J6edJvcA.3_0.mp4,Pair2\hd_vg_130m\hd_vg_130m\07440___6z-J6edJvcA.3_0.mp4,0,real,Pair2,hd_vg_130m,GenVidBench,False,D:\HaitongNi\MEngProject_SecondBench\02_D3\cache\frames\real\Pair2_hd_vg_130m_hd_vg_130m_07440__6z-J6edJvcA.3_0.mp4,0
F:\MEngDatasets\GenVidBench\GenVidBench\Pair2\hd_vg_130m\hd_vg_130m\06836___B5OaRWCofOE.0_3.mp4,Pair2\hd_vg_130m\hd_vg_130m\06836___B5OaRWCofOE.0_3.mp4,0,real,Pair2,hd_vg_130m,GenVidBench,False,D:\HaitongNi\MEngProject_SecondBench\02_D3\cache\frames\real\Pair2_hd_vg_130m_hd_vg_130m_06836__B5OaRWCofOE.0_3.mp4,0
F:\MEngDatasets\GenVidBench\GenVidBench\Pair1\vript\vript\-Tznlx878UU-Scene-493.mp4,Pair1\vript\vript\-Tznlx878UU-Scene-493.mp4,0,real,Pair1,vript,GenVidBench,False,D:\HaitongNi\MEngProject_SecondBench\02_D3\cache\frames\real\Pair1_vript_vript_-Tznlx878UU-Scene-493.mp4,0
F:\MEngDatasets\GenVidBench\GenVidBench\Pair2\hd_vg_130m\hd_vg_130m\08321___9J7L4KG7JmI.2_0.mp4,Pair2\hd_vg_130m\hd_vg_130m\08321___9J7L4KG7JmI.2_0.mp4,0,real,Pair2,hd_vg_130m,GenVidBench,False,D:\HaitongNi\MEngProject_SecondBench\02_D3\cache\frames\real\Pair2_hd_vg_130m_hd_vg_130m_08321__9J7L4KG7JmI.2_0.mp4,0
F:\MEngDatasets\GenVidBench\GenVidBench\Pair1\vript\vript\-j8An5lGDt0-Scene-077.mp4,Pair1\vript\vript\-j8An5lGDt0-Scene-077.mp4,0,real,Pair1,vript,GenVidBench,False,D:\HaitongNi\MEngProject_SecondBench\02_D3\cache\frames\real\Pair1_vript_vript_-j8An5lGDt0-Scene-077.mp4,0
F:\MEngDatasets\GenVidBench\GenVidBench\Pair1\vript\vript\-7BKjOyJrk8-Scene-059.mp4,Pair1\vript\vript\-7BKjOyJrk8-Scene-059.mp4,0,real,Pair1,vript,GenVidBench,False,D:\HaitongNi\MEngProject_SecondBench\02_D3\cache\frames\real\Pair1_vript_vript_-7BKjOyJrk8-Scene-059.mp4,0
F:\MEngDatasets\GenVidBench\GenVidBench\Pair1\vript\vript\-8D05dM6q7U-Scene-028.mp4,Pair1\vript\vript\-8D05dM6q7U-Scene-028.mp4,0,real,Pair1,vript,GenVidBench,False,D:\HaitongNi\MEngProject_SecondBench\02_D3\cache\frames\real\Pair1_vript_vript_-8D05dM6q7U-Scene-028.mp4,0
F:\MEngDatasets\GenVidBench\GenVidBench\Pair1\vript\vript\-6iIC9iblj0-Scene-028.mp4,Pair1\vript\vript\-6iIC9iblj0-Scene-028.mp4,0,real,Pair1,vript,GenVidBench,False,D:\HaitongNi\MEngProject_SecondBench\02_D3\cache\frames\real\Pair1_vript_vript_-6iIC9iblj0-Scene-028.mp4,0
F:\MEngDatasets\GenVidBench\GenVidBench\Pair1\vript\vript\0MPSYshRlms-Scene-017.mp4,Pair1\vript\vript\0MPSYshRlms-Scene-017.mp4,0,real,Pair1,vript,GenVidBench,False,D:\HaitongNi\MEngProject_SecondBench\02_D3\cache\frames\real\Pair1_vript_vript_0MPSYshRlms-Scene-017.mp4,0
F:\MEngDatasets\GenVidBench\GenVidBench\Pair2\hd_vg_130m\hd_vg_130m\02822___4ZeNq6s_aX4.0_0.mp4,Pair2\hd_vg_130m\hd_vg_130m\02822___4ZeNq6s_aX4.0_0.mp4,0,real,Pair2,hd_vg_130m,GenVidBench,False,D:\HaitongNi\MEngProject_SecondBench\02_D3\cache\frames\real\Pair2_hd_vg_130m_hd_vg_130m_02822__4ZeNq6s_aX4.0_0.mp4,0
F:\MEngDatasets\GenVidBench\GenVidBench\Pair2\hd_vg_130m\hd_vg_130m\09660___HXdDdnHBNfg.7_1.mp4,Pair2\hd_vg_130m\hd_vg_130m\09660___HXdDdnHBNfg.7_1.mp4,0,real,Pair2,hd_vg_130m,GenVidBench,False,D:\HaitongNi\MEngProject_SecondBench\02_D3\cache\frames\real\Pair2_hd_vg_130m_hd_vg_130m_09660__HXdDdnHBNfg.7_1.mp4,0
F:\MEngDatasets\GenVidBench\GenVidBench\Pair2\hd_vg_130m\hd_vg_130m\06296___6VGXxUfYRVc.15_4.mp4,Pair2\hd_vg_130m\hd_vg_130m\06296___6VGXxUfYRVc.15_4.mp4,0,real,Pair2,hd_vg_130m,GenVidBench,False,D:\HaitongNi\MEngProject_SecondBench\02_D3\cache\frames\real\Pair2_hd_vg_130m_hd_vg_130m_06296__6VGXxUfYRVc.15_4.mp4,0
F:\MEngDatasets\GenVidBench\GenVidBench\Pair2\hd_vg_130m\hd_vg_130m\00462___37lDTC7pDtg.11_0.mp4,Pair2\hd_vg_130m\hd_vg_130m\00462___37lDTC7pDtg.11_0.mp4,0,real,Pair2,hd_vg_130m,GenVidBench,False,D:\HaitongNi\MEngProject_SecondBench\02_D3\cache\frames\real\Pair2_hd_vg_130m_hd_vg_130m_00462__37lDTC7pDtg.11_0.mp4,0
F:\MEngDatasets\GenVidBench\GenVidBench\Pair1\vript\vript\-hoUDV8bdpA-Scene-002.mp4,Pair1\vript\vript\-hoUDV8bdpA-Scene-002.mp4,0,real,Pair1,vript,GenVidBench,False,D:\HaitongNi\MEngProject_SecondBench\02_D3\cache\frames\real\Pair1_vript_vript_-hoUDV8bdpA-Scene-002.mp4,0
F:\MEngDatasets\GenVidBench\GenVidBench\Pair2\hd_vg_130m\hd_vg_130m\08345___B8v4LobEdFQ.10_2.mp4,Pair2\hd_vg_130m\hd_vg_130m\08345___B8v4LobEdFQ.10_2.mp4,0,real,Pair2,hd_vg_130m,GenVidBench,False,D:\HaitongNi\MEngProject_SecondBench\02_D3\cache\frames\real\Pair2_hd_vg_130m_hd_vg_130m_08345__B8v4LobEdFQ.10_2.mp4,0
F:\MEngDatasets\GenVidBench\GenVidBench\Pair2\hd_vg_130m\hd_vg_130m\08041___A17cnUV_AGI.13_0.mp4,Pair2\hd_vg_130m\hd_vg_130m\08041___A17cnUV_AGI.13_0.mp4,0,real,Pair2,hd_vg_130m,GenVidBench,False,D:\HaitongNi\MEngProject_SecondBench\02_D3\cache\frames\real\Pair2_hd_vg_130m_hd_vg_130m_08041__A17cnUV_AGI.13_0.mp4,0
F:\MEngDatasets\GenVidBench\GenVidBench\Pair2\hd_vg_130m\hd_vg_130m\01533___1T5KOtow1WU.0_2.mp4,Pair2\hd_vg_130m\hd_vg_130m\01533___1T5KOtow1WU.0_2.mp4,0,real,Pair2,hd_vg_130m,GenVidBench,False,D:\HaitongNi\MEngProject_SecondBench\02_D3\cache\frames\real\Pair2_hd_vg_130m_hd_vg_130m_01533__1T5KOtow1WU.0_2.mp4,0
F:\MEngDatasets\GenVidBench\GenVidBench\Pair2\hd_vg_130m\hd_vg_130m\09965___GfwQglHldVE.12_1.mp4,Pair2\hd_vg_130m\hd_vg_130m\09965___GfwQglHldVE.12_1.mp4,0,real,Pair2,hd_vg_130m,GenVidBench,False,D:\HaitongNi\MEngProject_SecondBench\02_D3\cache\frames\real\Pair2_hd_vg_130m_hd_vg_130m_09965__GfwQglHldVE.12_1.mp4,0
F:\MEngDatasets\GenVidBench\GenVidBench\Pair1\vript\vript\-Xl33P57QOs-Scene-056.mp4,Pair1\vript\vript\-Xl33P57QOs-Scene-056.mp4,0,real,Pair1,vript,GenVidBench,False,D:\HaitongNi\MEngProject_SecondBench\02_D3\cache\frames\real\Pair1_vript_vript_-Xl33P57QOs-Scene-056.mp4,0
F:\MEngDatasets\GenVidBench\GenVidBench\Pair1\vript\vript\04zSZBpj4vs-Scene-008.mp4,Pair1\vript\vript\04zSZBpj4vs-Scene-008.mp4,0,real,Pair1,vript,GenVidBench,False,D:\HaitongNi\MEngProject_SecondBench\02_D3\cache\frames\real\Pair1_vript_vript_04zSZBpj4vs-Scene-008.mp4,0
F:\MEngDatasets\GenVidBench\GenVidBench\Pair1\vript\vript\-GFt-X9J04U-Scene-006.mp4,Pair1\vript\vript\-GFt-X9J04U-Scene-006.mp4,0,real,Pair1,vript,GenVidBench,False,D:\HaitongNi\MEngProject_SecondBench\02_D3\cache\frames\real\Pair1_vript_vript_-GFt-X9J04U-Scene-006.mp4,0
F:\MEngDatasets\GenVidBench\GenVidBench\Pair2\hd_vg_130m\hd_vg_130m\07309___5w58rwwmKjg.0_1.mp4,Pair2\hd_vg_130m\hd_vg_130m\07309___5w58rwwmKjg.0_1.mp4,0,real,Pair2,hd_vg_130m,GenVidBench,False,D:\HaitongNi\MEngProject_SecondBench\02_D3\cache\frames\real\Pair2_hd_vg_130m_hd_vg_130m_07309__5w58rwwmKjg.0_1.mp4,0
F:\MEngDatasets\GenVidBench\GenVidBench\Pair1\vript\vript\--FQi0TgjRU-Scene-042.mp4,Pair1\vript\vript\--FQi0TgjRU-Scene-042.mp4,0,real,Pair1,vript,GenVidBench,False,D:\HaitongNi\MEngProject_SecondBench\02_D3\cache\frames\real\Pair1_vript_vript_--FQi0TgjRU-Scene-042.mp4,0
F:\MEngDatasets\GenVidBench\GenVidBench\Pair2\hd_vg_130m\hd_vg_130m\09822___Er7jN4fRi14.1_1.mp4,Pair2\hd_vg_130m\hd_vg_130m\09822___Er7jN4fRi14.1_1.mp4,0,real,Pair2,hd_vg_130m,GenVidBench,False,D:\HaitongNi\MEngProject_SecondBench\02_D3\cache\frames\real\Pair2_hd_vg_130m_hd_vg_130m_09822__Er7jN4fRi14.1_1.mp4,0
F:\MEngDatasets\GenVidBench\GenVidBench\Pair1\vript\vript\-H22U5yUnqM-Scene-052.mp4,Pair1\vript\vript\-H22U5yUnqM-Scene-052.mp4,0,real,Pair1,vript,GenVidBench,False,D:\HaitongNi\MEngProject_SecondBench\02_D3\cache\frames\real\Pair1_vript_vript_-H22U5yUnqM-Scene-052.mp4,0
F:\MEngDatasets\GenVidBench\GenVidBench\Pair2\hd_vg_130m\hd_vg_130m\10710___D2cX-yme0gI.5_1.mp4,Pair2\hd_vg_130m\hd_vg_130m\10710___D2cX-yme0gI.5_1.mp4,0,real,Pair2,hd_vg_130m,GenVidBench,False,D:\HaitongNi\MEngProject_SecondBench\02_D3\cache\frames\real\Pair2_hd_vg_130m_hd_vg_130m_10710__D2cX-yme0gI.5_1.mp4,0
F:\MEngDatasets\GenVidBench\GenVidBench\Pair1\vript\vript\0CnsW0ZK2Uo-Scene-010.mp4,Pair1\vript\vript\0CnsW0ZK2Uo-Scene-010.mp4,0,real,Pair1,vript,GenVidBench,False,D:\HaitongNi\MEngProject_SecondBench\02_D3\cache\frames\real\Pair1_vript_vript_0CnsW0ZK2Uo-Scene-010.mp4,0
F:\MEngDatasets\GenVidBench\GenVidBench\Pair1\vript\vript\-JuE-FDLxXE-Scene-002.mp4,Pair1\vript\vript\-JuE-FDLxXE-Scene-002.mp4,0,real,Pair1,vript,GenVidBench,False,D:\HaitongNi\MEngProject_SecondBench\02_D3\cache\frames\real\Pair1_vript_vript_-JuE-FDLxXE-Scene-002.mp4,0
F:\MEngDatasets\GenVidBench\GenVidBench\Pair1\vript\vript\-1RsCsSKt7A-Scene-104.mp4,Pair1\vript\vript\-1RsCsSKt7A-Scene-104.mp4,0,real,Pair1,vript,GenVidBench,False,D:\HaitongNi\MEngProject_SecondBench\02_D3\cache\frames\real\Pair1_vript_vript_-1RsCsSKt7A-Scene-104.mp4,0
F:\MEngDatasets\GenVidBench\GenVidBench\Pair1\vript\vript\-48qmeLbPcw-Scene-022.mp4,Pair1\vript\vript\-48qmeLbPcw-Scene-022.mp4,0,real,Pair1,vript,GenVidBench,False,D:\HaitongNi\MEngProject_SecondBench\02_D3\cache\frames\real\Pair1_vript_vript_-48qmeLbPcw-Scene-022.mp4,0
F:\MEngDatasets\GenVidBench\GenVidBench\Pair2\hd_vg_130m\hd_vg_130m\03363___4ABLs6ojxLU.1_0.mp4,Pair2\hd_vg_130m\hd_vg_130m\03363___4ABLs6ojxLU.1_0.mp4,0,real,Pair2,hd_vg_130m,GenVidBench,False,D:\HaitongNi\MEngProject_SecondBench\02_D3\cache\frames\real\Pair2_hd_vg_130m_hd_vg_130m_03363__4ABLs6ojxLU.1_0.mp4,0
F:\MEngDatasets\GenVidBench\GenVidBench\Pair1\vript\vript\-ubuwVaj9Ew-Scene-017.mp4,Pair1\vript\vript\-ubuwVaj9Ew-Scene-017.mp4,0,real,Pair1,vript,GenVidBench,False,D:\HaitongNi\MEngProject_SecondBench\02_D3\cache\frames\real\Pair1_vript_vript_-ubuwVaj9Ew-Scene-017.mp4,0
F:\MEngDatasets\GenVidBench\GenVidBench\Pair2\hd_vg_130m\hd_vg_130m\12066___CTATatgxb5U.3_0.mp4,Pair2\hd_vg_130m\hd_vg_130m\12066___CTATatgxb5U.3_0.mp4,0,real,Pair2,hd_vg_130m,GenVidBench,False,D:\HaitongNi\MEngProject_SecondBench\02_D3\cache\frames\real\Pair2_hd_vg_130m_hd_vg_130m_12066__CTATatgxb5U.3_0.mp4,0
F:\MEngDatasets\GenVidBench\GenVidBench\Pair2\hd_vg_130m\hd_vg_130m\08011___9xEOLs910lg.1_0.mp4,Pair2\hd_vg_130m\hd_vg_130m\08011___9xEOLs910lg.1_0.mp4,0,real,Pair2,hd_vg_130m,GenVidBench,False,D:\HaitongNi\MEngProject_SecondBench\02_D3\cache\frames\real\Pair2_hd_vg_130m_hd_vg_130m_08011__9xEOLs910lg.1_0.mp4,0
F:\MEngDatasets\GenVidBench\GenVidBench\Pair1\vript\vript\-9OLmLzDvSo-Scene-007.mp4,Pair1\vript\vript\-9OLmLzDvSo-Scene-007.mp4,0,real,Pair1,vript,GenVidBench,False,D:\HaitongNi\MEngProject_SecondBench\02_D3\cache\frames\real\Pair1_vript_vript_-9OLmLzDvSo-Scene-007.mp4,0
F:\MEngDatasets\GenVidBench\GenVidBench\Pair1\vript\vript\-ZBbU-LbO1Y-Scene-002.mp4,Pair1\vript\vript\-ZBbU-LbO1Y-Scene-002.mp4,0,real,Pair1,vript,GenVidBench,False,D:\HaitongNi\MEngProject_SecondBench\02_D3\cache\frames\real\Pair1_vript_vript_-ZBbU-LbO1Y-Scene-002.mp4,0
F:\MEngDatasets\GenVidBench\GenVidBench\Pair2\hd_vg_130m\hd_vg_130m\07449___8ScN3EXd7yE.10_1.mp4,Pair2\hd_vg_130m\hd_vg_130m\07449___8ScN3EXd7yE.10_1.mp4,0,real,Pair2,hd_vg_130m,GenVidBench,False,D:\HaitongNi\MEngProject_SecondBench\02_D3\cache\frames\real\Pair2_hd_vg_130m_hd_vg_130m_07449__8ScN3EXd7yE.10_1.mp4,0
F:\MEngDatasets\GenVidBench\GenVidBench\Pair2\hd_vg_130m\hd_vg_130m\13323___D6QL20dmmtQ.1_1.mp4,Pair2\hd_vg_130m\hd_vg_130m\13323___D6QL20dmmtQ.1_1.mp4,0,real,Pair2,hd_vg_130m,GenVidBench,False,D:\HaitongNi\MEngProject_SecondBench\02_D3\cache\frames\real\Pair2_hd_vg_130m_hd_vg_130m_13323__D6QL20dmmtQ.1_1.mp4,0
F:\MEngDatasets\GenVidBench\GenVidBench\Pair1\vript\vript\-FjYy8xXm3w-Scene-074.mp4,Pair1\vript\vript\-FjYy8xXm3w-Scene-074.mp4,0,real,Pair1,vript,GenVidBench,False,D:\HaitongNi\MEngProject_SecondBench\02_D3\cache\frames\real\Pair1_vript_vript_-FjYy8xXm3w-Scene-074.mp4,0
F:\MEngDatasets\GenVidBench\GenVidBench\Pair2\hd_vg_130m\hd_vg_130m\06545___8BJoT-j_6Ac.4_1.mp4,Pair2\hd_vg_130m\hd_vg_130m\06545___8BJoT-j_6Ac.4_1.mp4,0,real,Pair2,hd_vg_130m,GenVidBench,False,D:\HaitongNi\MEngProject_SecondBench\02_D3\cache\frames\real\Pair2_hd_vg_130m_hd_vg_130m_06545__8BJoT-j_6Ac.4_1.mp4,0
F:\MEngDatasets\GenVidBench\GenVidBench\Pair1\vript\vript\--CXWZW1Hjs-Scene-012.mp4,Pair1\vript\vript\--CXWZW1Hjs-Scene-012.mp4,0,real,Pair1,vript,GenVidBench,False,D:\HaitongNi\MEngProject_SecondBench\02_D3\cache\frames\real\Pair1_vript_vript_--CXWZW1Hjs-Scene-012.mp4,0
F:\MEngDatasets\GenVidBench\GenVidBench\Pair1\vript\vript\-3Ql-TiUSfk-Scene-031.mp4,Pair1\vript\vript\-3Ql-TiUSfk-Scene-031.mp4,0,real,Pair1,vript,GenVidBench,False,D:\HaitongNi\MEngProject_SecondBench\02_D3\cache\frames\real\Pair1_vript_vript_-3Ql-TiUSfk-Scene-031.mp4,0
F:\MEngDatasets\GenVidBench\GenVidBench\Pair1\vript\vript\4fb2THzyrT0-Scene-062.mp4,Pair1\vript\vript\4fb2THzyrT0-Scene-062.mp4,0,real,Pair1,vript,GenVidBench,False,D:\HaitongNi\MEngProject_SecondBench\02_D3\cache\frames\real\Pair1_vript_vript_4fb2THzyrT0-Scene-062.mp4,0
F:\MEngDatasets\GenVidBench\GenVidBench\Pair2\hd_vg_130m\hd_vg_130m\03993___4EnZuVca74Y.18_1.mp4,Pair2\hd_vg_130m\hd_vg_130m\03993___4EnZuVca74Y.18_1.mp4,0,real,Pair2,hd_vg_130m,GenVidBench,False,D:\HaitongNi\MEngProject_SecondBench\02_D3\cache\frames\real\Pair2_hd_vg_130m_hd_vg_130m_03993__4EnZuVca74Y.18_1.mp4,0
F:\MEngDatasets\GenVidBench\GenVidBench\Pair1\vript\vript\-Z3priQFMeE-Scene-054.mp4,Pair1\vript\vript\-Z3priQFMeE-Scene-054.mp4,0,real,Pair1,vript,GenVidBench,False,D:\HaitongNi\MEngProject_SecondBench\02_D3\cache\frames\real\Pair1_vript_vript_-Z3priQFMeE-Scene-054.mp4,0
F:\MEngDatasets\GenVidBench\GenVidBench\Pair1\vript\vript\-1xu0IP35FI-Scene-044.mp4,Pair1\vript\vript\-1xu0IP35FI-Scene-044.mp4,0,real,Pair1,vript,GenVidBench,False,D:\HaitongNi\MEngProject_SecondBench\02_D3\cache\frames\real\Pair1_vript_vript_-1xu0IP35FI-Scene-044.mp4,0
F:\MEngDatasets\GenVidBench\GenVidBench\Pair2\hd_vg_130m\hd_vg_130m\03271___3veDkO8Fxn4.3_3.mp4,Pair2\hd_vg_130m\hd_vg_130m\03271___3veDkO8Fxn4.3_3.mp4,0,real,Pair2,hd_vg_130m,GenVidBench,False,D:\HaitongNi\MEngProject_SecondBench\02_D3\cache\frames\real\Pair2_hd_vg_130m_hd_vg_130m_03271__3veDkO8Fxn4.3_3.mp4,0
F:\MEngDatasets\GenVidBench\GenVidBench\Pair2\hd_vg_130m\hd_vg_130m\08395___AtQDdQA7rMo.0_2.mp4,Pair2\hd_vg_130m\hd_vg_130m\08395___AtQDdQA7rMo.0_2.mp4,0,real,Pair2,hd_vg_130m,GenVidBench,False,D:\HaitongNi\MEngProject_SecondBench\02_D3\cache\frames\real\Pair2_hd_vg_130m_hd_vg_130m_08395__AtQDdQA7rMo.0_2.mp4,0
F:\MEngDatasets\GenVidBench\GenVidBench\Pair2\hd_vg_130m\hd_vg_130m\03427___0ZKKTxq8IGM.18_0.mp4,Pair2\hd_vg_130m\hd_vg_130m\03427___0ZKKTxq8IGM.18_0.mp4,0,real,Pair2,hd_vg_130m,GenVidBench,False,D:\HaitongNi\MEngProject_SecondBench\02_D3\cache\frames\real\Pair2_hd_vg_130m_hd_vg_130m_03427__0ZKKTxq8IGM.18_0.mp4,0
F:\MEngDatasets\GenVidBench\GenVidBench\Pair2\hd_vg_130m\hd_vg_130m\12514___CiiPykPGJGU.3_1.mp4,Pair2\hd_vg_130m\hd_vg_130m\12514___CiiPykPGJGU.3_1.mp4,0,real,Pair2,hd_vg_130m,GenVidBench,False,D:\HaitongNi\MEngProject_SecondBench\02_D3\cache\frames\real\Pair2_hd_vg_130m_hd_vg_130m_12514__CiiPykPGJGU.3_1.mp4,0
F:\MEngDatasets\GenVidBench\GenVidBench\Pair2\hd_vg_130m\hd_vg_130m\01564___-Zi3kyUC8cY.3_2.mp4,Pair2\hd_vg_130m\hd_vg_130m\01564___-Zi3kyUC8cY.3_2.mp4,0,real,Pair2,hd_vg_130m,GenVidBench,False,D:\HaitongNi\MEngProject_SecondBench\02_D3\cache\frames\real\Pair2_hd_vg_130m_hd_vg_130m_01564__-Zi3kyUC8cY.3_2.mp4,0
F:\MEngDatasets\GenVidBench\GenVidBench\Pair2\hd_vg_130m\hd_vg_130m\01723___22afd8zGhWU.11_2.mp4,Pair2\hd_vg_130m\hd_vg_130m\01723___22afd8zGhWU.11_2.mp4,0,real,Pair2,hd_vg_130m,GenVidBench,False,D:\HaitongNi\MEngProject_SecondBench\02_D3\cache\frames\real\Pair2_hd_vg_130m_hd_vg_130m_01723__22afd8zGhWU.11_2.mp4,0
F:\MEngDatasets\GenVidBench\GenVidBench\Pair2\hd_vg_130m\hd_vg_130m\12226___EMYlVPjbIIM.0_0.mp4,Pair2\hd_vg_130m\hd_vg_130m\12226___EMYlVPjbIIM.0_0.mp4,0,real,Pair2,hd_vg_130m,GenVidBench,False,D:\HaitongNi\MEngProject_SecondBench\02_D3\cache\frames\real\Pair2_hd_vg_130m_hd_vg_130m_12226__EMYlVPjbIIM.0_0.mp4,0
F:\MEngDatasets\GenVidBench\GenVidBench\Pair1\vript\vript\-Tznlx878UU-Scene-462.mp4,Pair1\vript\vript\-Tznlx878UU-Scene-462.mp4,0,real,Pair1,vript,GenVidBench,False,D:\HaitongNi\MEngProject_SecondBench\02_D3\cache\frames\real\Pair1_vript_vript_-Tznlx878UU-Scene-462.mp4,0
F:\MEngDatasets\GenVidBench\GenVidBench\Pair2\hd_vg_130m\hd_vg_130m\02539___1EgN0dChGv8.15_0.mp4,Pair2\hd_vg_130m\hd_vg_130m\02539___1EgN0dChGv8.15_0.mp4,0,real,Pair2,hd_vg_130m,GenVidBench,False,D:\HaitongNi\MEngProject_SecondBench\02_D3\cache\frames\real\Pair2_hd_vg_130m_hd_vg_130m_02539__1EgN0dChGv8.15_0.mp4,0
F:\MEngDatasets\GenVidBench\GenVidBench\Pair1\vript\vript\-10AyOGp5Zg-Scene-014.mp4,Pair1\vript\vript\-10AyOGp5Zg-Scene-014.mp4,0,real,Pair1,vript,GenVidBench,False,D:\HaitongNi\MEngProject_SecondBench\02_D3\cache\frames\real\Pair1_vript_vript_-10AyOGp5Zg-Scene-014.mp4,0
F:\MEngDatasets\GenVidBench\GenVidBench\Pair2\hd_vg_130m\hd_vg_130m\06779___AA1b6t7nWJw.0_0.mp4,Pair2\hd_vg_130m\hd_vg_130m\06779___AA1b6t7nWJw.0_0.mp4,0,real,Pair2,hd_vg_130m,GenVidBench,False,D:\HaitongNi\MEngProject_SecondBench\02_D3\cache\frames\real\Pair2_hd_vg_130m_hd_vg_130m_06779__AA1b6t7nWJw.0_0.mp4,0
F:\MEngDatasets\GenVidBench\GenVidBench\Pair1\vript\vript\-5kkT_RBHk8-Scene-068.mp4,Pair1\vript\vript\-5kkT_RBHk8-Scene-068.mp4,0,real,Pair1,vript,GenVidBench,False,D:\HaitongNi\MEngProject_SecondBench\02_D3\cache\frames\real\Pair1_vript_vript_-5kkT_RBHk8-Scene-068.mp4,0
F:\MEngDatasets\GenVidBench\GenVidBench\Pair1\vript\vript\-4exm90cQrw-Scene-008.mp4,Pair1\vript\vript\-4exm90cQrw-Scene-008.mp4,0,real,Pair1,vript,GenVidBench,False,D:\HaitongNi\MEngProject_SecondBench\02_D3\cache\frames\real\Pair1_vript_vript_-4exm90cQrw-Scene-008.mp4,0
F:\MEngDatasets\GenVidBench\GenVidBench\Pair1\vript\vript\-a_sh9HeAoE-Scene-002.mp4,Pair1\vript\vript\-a_sh9HeAoE-Scene-002.mp4,0,real,Pair1,vript,GenVidBench,False,D:\HaitongNi\MEngProject_SecondBench\02_D3\cache\frames\real\Pair1_vript_vript_-a_sh9HeAoE-Scene-002.mp4,0
F:\MEngDatasets\GenVidBench\GenVidBench\Pair2\hd_vg_130m\hd_vg_130m\07142___8PFqVKR1PVI.15_1.mp4,Pair2\hd_vg_130m\hd_vg_130m\07142___8PFqVKR1PVI.15_1.mp4,0,real,Pair2,hd_vg_130m,GenVidBench,False,D:\HaitongNi\MEngProject_SecondBench\02_D3\cache\frames\real\Pair2_hd_vg_130m_hd_vg_130m_07142__8PFqVKR1PVI.15_1.mp4,0
F:\MEngDatasets\GenVidBench\GenVidBench\Pair1\vript\vript\-A8LKuncijo-Scene-062.mp4,Pair1\vript\vript\-A8LKuncijo-Scene-062.mp4,0,real,Pair1,vript,GenVidBench,False,D:\HaitongNi\MEngProject_SecondBench\02_D3\cache\frames\real\Pair1_vript_vript_-A8LKuncijo-Scene-062.mp4,0
F:\MEngDatasets\GenVidBench\GenVidBench\Pair1\vript\vript\-Je5_YZjQbI-Scene-023.mp4,Pair1\vript\vript\-Je5_YZjQbI-Scene-023.mp4,0,real,Pair1,vript,GenVidBench,False,D:\HaitongNi\MEngProject_SecondBench\02_D3\cache\frames\real\Pair1_vript_vript_-Je5_YZjQbI-Scene-023.mp4,0
F:\MEngDatasets\GenVidBench\GenVidBench\Pair1\vript\vript\073BMGVWan0-Scene-200.mp4,Pair1\vript\vript\073BMGVWan0-Scene-200.mp4,0,real,Pair1,vript,GenVidBench,False,D:\HaitongNi\MEngProject_SecondBench\02_D3\cache\frames\real\Pair1_vript_vript_073BMGVWan0-Scene-200.mp4,0
F:\MEngDatasets\GenVidBench\GenVidBench\Pair1\vript\vript\0-Wxeo4JfWU-Scene-001.mp4,Pair1\vript\vript\0-Wxeo4JfWU-Scene-001.mp4,0,real,Pair1,vript,GenVidBench,False,D:\HaitongNi\MEngProject_SecondBench\02_D3\cache\frames\real\Pair1_vript_vript_0-Wxeo4JfWU-Scene-001.mp4,0
F:\MEngDatasets\GenVidBench\GenVidBench\Pair1\vript\vript\-jx2w2S0LMc-Scene-120.mp4,Pair1\vript\vript\-jx2w2S0LMc-Scene-120.mp4,0,real,Pair1,vript,GenVidBench,False,D:\HaitongNi\MEngProject_SecondBench\02_D3\cache\frames\real\Pair1_vript_vript_-jx2w2S0LMc-Scene-120.mp4,0
F:\MEngDatasets\GenVidBench\GenVidBench\Pair2\hd_vg_130m\hd_vg_130m\01110___133FVf0XYdI.0_1.mp4,Pair2\hd_vg_130m\hd_vg_130m\01110___133FVf0XYdI.0_1.mp4,0,real,Pair2,hd_vg_130m,GenVidBench,False,D:\HaitongNi\MEngProject_SecondBench\02_D3\cache\frames\real\Pair2_hd_vg_130m_hd_vg_130m_01110__133FVf0XYdI.0_1.mp4,0
F:\MEngDatasets\GenVidBench\GenVidBench\Pair1\vript\vript\-THy8MfI-aM-Scene-036.mp4,Pair1\vript\vript\-THy8MfI-aM-Scene-036.mp4,0,real,Pair1,vript,GenVidBench,False,D:\HaitongNi\MEngProject_SecondBench\02_D3\cache\frames\real\Pair1_vript_vript_-THy8MfI-aM-Scene-036.mp4,0
F:\MEngDatasets\GenVidBench\GenVidBench\Pair1\vript\vript\-Tznlx878UU-Scene-068.mp4,Pair1\vript\vript\-Tznlx878UU-Scene-068.mp4,0,real,Pair1,vript,GenVidBench,False,D:\HaitongNi\MEngProject_SecondBench\02_D3\cache\frames\real\Pair1_vript_vript_-Tznlx878UU-Scene-068.mp4,0
F:\MEngDatasets\GenVidBench\GenVidBench\Pair1\vript\vript\-3XbGflMtF8-Scene-069.mp4,Pair1\vript\vript\-3XbGflMtF8-Scene-069.mp4,0,real,Pair1,vript,GenVidBench,False,D:\HaitongNi\MEngProject_SecondBench\02_D3\cache\frames\real\Pair1_vript_vript_-3XbGflMtF8-Scene-069.mp4,0
F:\MEngDatasets\GenVidBench\GenVidBench\Pair1\vript\vript\-5kkT_RBHk8-Scene-123.mp4,Pair1\vript\vript\-5kkT_RBHk8-Scene-123.mp4,0,real,Pair1,vript,GenVidBench,False,D:\HaitongNi\MEngProject_SecondBench\02_D3\cache\frames\real\Pair1_vript_vript_-5kkT_RBHk8-Scene-123.mp4,0
F:\MEngDatasets\GenVidBench\GenVidBench\Pair1\vript\vript\-8D05dM6q7U-Scene-018.mp4,Pair1\vript\vript\-8D05dM6q7U-Scene-018.mp4,0,real,Pair1,vript,GenVidBench,False,D:\HaitongNi\MEngProject_SecondBench\02_D3\cache\frames\real\Pair1_vript_vript_-8D05dM6q7U-Scene-018.mp4,0
F:\MEngDatasets\GenVidBench\GenVidBench\Pair1\vript\vript\-fBRN_pUYzk-Scene-004.mp4,Pair1\vript\vript\-fBRN_pUYzk-Scene-004.mp4,0,real,Pair1,vript,GenVidBench,False,D:\HaitongNi\MEngProject_SecondBench\02_D3\cache\frames\real\Pair1_vript_vript_-fBRN_pUYzk-Scene-004.mp4,0
F:\MEngDatasets\GenVidBench\GenVidBench\Pair2\hd_vg_130m\hd_vg_130m\08176___9PqCYf4Jz0Q.8_0.mp4,Pair2\hd_vg_130m\hd_vg_130m\08176___9PqCYf4Jz0Q.8_0.mp4,0,real,Pair2,hd_vg_130m,GenVidBench,False,D:\HaitongNi\MEngProject_SecondBench\02_D3\cache\frames\real\Pair2_hd_vg_130m_hd_vg_130m_08176__9PqCYf4Jz0Q.8_0.mp4,0
F:\MEngDatasets\GenVidBench\GenVidBench\Pair1\vript\vript\-HFo_GBrXX8-Scene-024.mp4,Pair1\vript\vript\-HFo_GBrXX8-Scene-024.mp4,0,real,Pair1,vript,GenVidBench,False,D:\HaitongNi\MEngProject_SecondBench\02_D3\cache\frames\real\Pair1_vript_vript_-HFo_GBrXX8-Scene-024.mp4,0
F:\MEngDatasets\GenVidBench\GenVidBench\Pair1\vript\vript\-4mPZVP6HfA-Scene-012.mp4,Pair1\vript\vript\-4mPZVP6HfA-Scene-012.mp4,0,real,Pair1,vript,GenVidBench,False,D:\HaitongNi\MEngProject_SecondBench\02_D3\cache\frames\real\Pair1_vript_vript_-4mPZVP6HfA-Scene-012.mp4,0
F:\MEngDatasets\GenVidBench\GenVidBench\Pair2\hd_vg_130m\hd_vg_130m\12765___HbB9Xc_myZM.10_1.mp4,Pair2\hd_vg_130m\hd_vg_130m\12765___HbB9Xc_myZM.10_1.mp4,0,real,Pair2,hd_vg_130m,GenVidBench,False,D:\HaitongNi\MEngProject_SecondBench\02_D3\cache\frames\real\Pair2_hd_vg_130m_hd_vg_130m_12765__HbB9Xc_myZM.10_1.mp4,0
F:\MEngDatasets\GenVidBench\GenVidBench\Pair2\hd_vg_130m\hd_vg_130m\08298___BeGDFVrOQ_0.5_0.mp4,Pair2\hd_vg_130m\hd_vg_130m\08298___BeGDFVrOQ_0.5_0.mp4,0,real,Pair2,hd_vg_130m,GenVidBench,False,D:\HaitongNi\MEngProject_SecondBench\02_D3\cache\frames\real\Pair2_hd_vg_130m_hd_vg_130m_08298__BeGDFVrOQ_0.5_0.mp4,0
F:\MEngDatasets\GenVidBench\GenVidBench\Pair1\vript\vript\-L95YoZnq1U-Scene-020.mp4,Pair1\vript\vript\-L95YoZnq1U-Scene-020.mp4,0,real,Pair1,vript,GenVidBench,False,D:\HaitongNi\MEngProject_SecondBench\02_D3\cache\frames\real\Pair1_vript_vript_-L95YoZnq1U-Scene-020.mp4,0
F:\MEngDatasets\GenVidBench\GenVidBench\Pair1\vript\vript\-CVqAVX5aAc-Scene-001.mp4,Pair1\vript\vript\-CVqAVX5aAc-Scene-001.mp4,0,real,Pair1,vript,GenVidBench,False,D:\HaitongNi\MEngProject_SecondBench\02_D3\cache\frames\real\Pair1_vript_vript_-CVqAVX5aAc-Scene-001.mp4,0
F:\MEngDatasets\GenVidBench\GenVidBench\Pair2\hd_vg_130m\hd_vg_130m\09254___5xAruNOMYEQ.1_1.mp4,Pair2\hd_vg_130m\hd_vg_130m\09254___5xAruNOMYEQ.1_1.mp4,0,real,Pair2,hd_vg_130m,GenVidBench,False,D:\HaitongNi\MEngProject_SecondBench\02_D3\cache\frames\real\Pair2_hd_vg_130m_hd_vg_130m_09254__5xAruNOMYEQ.1_1.mp4,0
F:\MEngDatasets\GenVidBench\GenVidBench\Pair2\hd_vg_130m\hd_vg_130m\13332___ByHcjOTuPI8.2_0.mp4,Pair2\hd_vg_130m\hd_vg_130m\13332___ByHcjOTuPI8.2_0.mp4,0,real,Pair2,hd_vg_130m,GenVidBench,False,D:\HaitongNi\MEngProject_SecondBench\02_D3\cache\frames\real\Pair2_hd_vg_130m_hd_vg_130m_13332__ByHcjOTuPI8.2_0.mp4,0
F:\MEngDatasets\GenVidBench\GenVidBench\Pair2\hd_vg_130m\hd_vg_130m\09601___DgVQ4Pi5vo4.0_0.mp4,Pair2\hd_vg_130m\hd_vg_130m\09601___DgVQ4Pi5vo4.0_0.mp4,0,real,Pair2,hd_vg_130m,GenVidBench,False,D:\HaitongNi\MEngProject_SecondBench\02_D3\cache\frames\real\Pair2_hd_vg_130m_hd_vg_130m_09601__DgVQ4Pi5vo4.0_0.mp4,0
F:\MEngDatasets\GenVidBench\GenVidBench\Pair2\hd_vg_130m\hd_vg_130m\05596___7g5d90xgSTk.17_0.mp4,Pair2\hd_vg_130m\hd_vg_130m\05596___7g5d90xgSTk.17_0.mp4,0,real,Pair2,hd_vg_130m,GenVidBench,False,D:\HaitongNi\MEngProject_SecondBench\02_D3\cache\frames\real\Pair2_hd_vg_130m_hd_vg_130m_05596__7g5d90xgSTk.17_0.mp4,0
F:\MEngDatasets\GenVidBench\GenVidBench\Pair1\vript\vript\-HsVkwyi-mk-Scene-038.mp4,Pair1\vript\vript\-HsVkwyi-mk-Scene-038.mp4,0,real,Pair1,vript,GenVidBench,False,D:\HaitongNi\MEngProject_SecondBench\02_D3\cache\frames\real\Pair1_vript_vript_-HsVkwyi-mk-Scene-038.mp4,0
F:\MEngDatasets\GenVidBench\GenVidBench\Pair2\hd_vg_130m\hd_vg_130m\01810___3EojkH43qno.15_1.mp4,Pair2\hd_vg_130m\hd_vg_130m\01810___3EojkH43qno.15_1.mp4,0,real,Pair2,hd_vg_130m,GenVidBench,False,D:\HaitongNi\MEngProject_SecondBench\02_D3\cache\frames\real\Pair2_hd_vg_130m_hd_vg_130m_01810__3EojkH43qno.15_1.mp4,0
F:\MEngDatasets\GenVidBench\GenVidBench\Pair2\hd_vg_130m\hd_vg_130m\00417___-bZ2P98IoGg.3_0.mp4,Pair2\hd_vg_130m\hd_vg_130m\00417___-bZ2P98IoGg.3_0.mp4,0,real,Pair2,hd_vg_130m,GenVidBench,False,D:\HaitongNi\MEngProject_SecondBench\02_D3\cache\frames\real\Pair2_hd_vg_130m_hd_vg_130m_00417__-bZ2P98IoGg.3_0.mp4,0
F:\MEngDatasets\GenVidBench\GenVidBench\Pair1\vript\vript\-7TU0EcBQpQ-Scene-063.mp4,Pair1\vript\vript\-7TU0EcBQpQ-Scene-063.mp4,0,real,Pair1,vript,GenVidBench,False,D:\HaitongNi\MEngProject_SecondBench\02_D3\cache\frames\real\Pair1_vript_vript_-7TU0EcBQpQ-Scene-063.mp4,0
F:\MEngDatasets\GenVidBench\GenVidBench\Pair2\hd_vg_130m\hd_vg_130m\05675___6U_tv6BlIBA.3_0.mp4,Pair2\hd_vg_130m\hd_vg_130m\05675___6U_tv6BlIBA.3_0.mp4,0,real,Pair2,hd_vg_130m,GenVidBench,False,D:\HaitongNi\MEngProject_SecondBench\02_D3\cache\frames\real\Pair2_hd_vg_130m_hd_vg_130m_05675__6U_tv6BlIBA.3_0.mp4,0
F:\MEngDatasets\GenVidBench\GenVidBench\Pair1\vript\vript\-E2IPygbwJ4-Scene-050.mp4,Pair1\vript\vript\-E2IPygbwJ4-Scene-050.mp4,0,real,Pair1,vript,GenVidBench,False,D:\HaitongNi\MEngProject_SecondBench\02_D3\cache\frames\real\Pair1_vript_vript_-E2IPygbwJ4-Scene-050.mp4,0
F:\MEngDatasets\GenVidBench\GenVidBench\Pair2\hd_vg_130m\hd_vg_130m\01118___0mHpPl2zXgY.0_0.mp4,Pair2\hd_vg_130m\hd_vg_130m\01118___0mHpPl2zXgY.0_0.mp4,0,real,Pair2,hd_vg_130m,GenVidBench,False,D:\HaitongNi\MEngProject_SecondBench\02_D3\cache\frames\real\Pair2_hd_vg_130m_hd_vg_130m_01118__0mHpPl2zXgY.0_0.mp4,0
F:\MEngDatasets\GenVidBench\GenVidBench\Pair2\hd_vg_130m\hd_vg_130m\09027___9GKNYhd3LYY.1_0.mp4,Pair2\hd_vg_130m\hd_vg_130m\09027___9GKNYhd3LYY.1_0.mp4,0,real,Pair2,hd_vg_130m,GenVidBench,False,D:\HaitongNi\MEngProject_SecondBench\02_D3\cache\frames\real\Pair2_hd_vg_130m_hd_vg_130m_09027__9GKNYhd3LYY.1_0.mp4,0
F:\MEngDatasets\GenVidBench\GenVidBench\Pair1\vript\vript\-ZRyNa57YeA-Scene-004.mp4,Pair1\vript\vript\-ZRyNa57YeA-Scene-004.mp4,0,real,Pair1,vript,GenVidBench,False,D:\HaitongNi\MEngProject_SecondBench\02_D3\cache\frames\real\Pair1_vript_vript_-ZRyNa57YeA-Scene-004.mp4,0
F:\MEngDatasets\GenVidBench\GenVidBench\Pair1\vript\vript\-uyHPBbfN1Y-Scene-026.mp4,Pair1\vript\vript\-uyHPBbfN1Y-Scene-026.mp4,0,real,Pair1,vript,GenVidBench,False,D:\HaitongNi\MEngProject_SecondBench\02_D3\cache\frames\real\Pair1_vript_vript_-uyHPBbfN1Y-Scene-026.mp4,0
F:\MEngDatasets\GenVidBench\GenVidBench\Pair1\vript\vript\-NIP2zgVsRY-Scene-036.mp4,Pair1\vript\vript\-NIP2zgVsRY-Scene-036.mp4,0,real,Pair1,vript,GenVidBench,False,D:\HaitongNi\MEngProject_SecondBench\02_D3\cache\frames\real\Pair1_vript_vript_-NIP2zgVsRY-Scene-036.mp4,0
F:\MEngDatasets\GenVidBench\GenVidBench\Pair2\hd_vg_130m\hd_vg_130m\01616___2ORrNI7cop8.3_1.mp4,Pair2\hd_vg_130m\hd_vg_130m\01616___2ORrNI7cop8.3_1.mp4,0,real,Pair2,hd_vg_130m,GenVidBench,False,D:\HaitongNi\MEngProject_SecondBench\02_D3\cache\frames\real\Pair2_hd_vg_130m_hd_vg_130m_01616__2ORrNI7cop8.3_1.mp4,0
F:\MEngDatasets\GenVidBench\GenVidBench\Pair2\hd_vg_130m\hd_vg_130m\09506___FhSRTcjcp2U.2_0.mp4,Pair2\hd_vg_130m\hd_vg_130m\09506___FhSRTcjcp2U.2_0.mp4,0,real,Pair2,hd_vg_130m,GenVidBench,False,D:\HaitongNi\MEngProject_SecondBench\02_D3\cache\frames\real\Pair2_hd_vg_130m_hd_vg_130m_09506__FhSRTcjcp2U.2_0.mp4,0
F:\MEngDatasets\GenVidBench\GenVidBench\Pair2\hd_vg_130m\hd_vg_130m\03138___080W85QxpEU.12_0.mp4,Pair2\hd_vg_130m\hd_vg_130m\03138___080W85QxpEU.12_0.mp4,0,real,Pair2,hd_vg_130m,GenVidBench,False,D:\HaitongNi\MEngProject_SecondBench\02_D3\cache\frames\real\Pair2_hd_vg_130m_hd_vg_130m_03138__080W85QxpEU.12_0.mp4,0
F:\MEngDatasets\GenVidBench\GenVidBench\Pair2\hd_vg_130m\hd_vg_130m\02639___58EmJJ_f4as.15_0.mp4,Pair2\hd_vg_130m\hd_vg_130m\02639___58EmJJ_f4as.15_0.mp4,0,real,Pair2,hd_vg_130m,GenVidBench,False,D:\HaitongNi\MEngProject_SecondBench\02_D3\cache\frames\real\Pair2_hd_vg_130m_hd_vg_130m_02639__58EmJJ_f4as.15_0.mp4,0
F:\MEngDatasets\GenVidBench\GenVidBench\Pair1\vript\vript\-Qzhy9pr_Kk-Scene-006.mp4,Pair1\vript\vript\-Qzhy9pr_Kk-Scene-006.mp4,0,real,Pair1,vript,GenVidBench,False,D:\HaitongNi\MEngProject_SecondBench\02_D3\cache\frames\real\Pair1_vript_vript_-Qzhy9pr_Kk-Scene-006.mp4,0
F:\MEngDatasets\GenVidBench\GenVidBench\Pair2\hd_vg_130m\hd_vg_130m\10100___CfWdFTzqsnc.1_1.mp4,Pair2\hd_vg_130m\hd_vg_130m\10100___CfWdFTzqsnc.1_1.mp4,0,real,Pair2,hd_vg_130m,GenVidBench,False,D:\HaitongNi\MEngProject_SecondBench\02_D3\cache\frames\real\Pair2_hd_vg_130m_hd_vg_130m_10100__CfWdFTzqsnc.1_1.mp4,0
F:\MEngDatasets\GenVidBench\GenVidBench\Pair2\hd_vg_130m\hd_vg_130m\01177___1JU8cSIQ3ZI.3_2.mp4,Pair2\hd_vg_130m\hd_vg_130m\01177___1JU8cSIQ3ZI.3_2.mp4,0,real,Pair2,hd_vg_130m,GenVidBench,False,D:\HaitongNi\MEngProject_SecondBench\02_D3\cache\frames\real\Pair2_hd_vg_130m_hd_vg_130m_01177__1JU8cSIQ3ZI.3_2.mp4,0
F:\MEngDatasets\GenVidBench\GenVidBench\Pair1\vript\vript\-Tznlx878UU-Scene-557.mp4,Pair1\vript\vript\-Tznlx878UU-Scene-557.mp4,0,real,Pair1,vript,GenVidBench,False,D:\HaitongNi\MEngProject_SecondBench\02_D3\cache\frames\real\Pair1_vript_vript_-Tznlx878UU-Scene-557.mp4,0
F:\MEngDatasets\GenVidBench\GenVidBench\Pair2\hd_vg_130m\hd_vg_130m\02192___3eex1P_a1rs.10_2.mp4,Pair2\hd_vg_130m\hd_vg_130m\02192___3eex1P_a1rs.10_2.mp4,0,real,Pair2,hd_vg_130m,GenVidBench,False,D:\HaitongNi\MEngProject_SecondBench\02_D3\cache\frames\real\Pair2_hd_vg_130m_hd_vg_130m_02192__3eex1P_a1rs.10_2.mp4,0
F:\MEngDatasets\GenVidBench\GenVidBench\Pair1\vript\vript\-PRRcoxSb94-Scene-015.mp4,Pair1\vript\vript\-PRRcoxSb94-Scene-015.mp4,0,real,Pair1,vript,GenVidBench,False,D:\HaitongNi\MEngProject_SecondBench\02_D3\cache\frames\real\Pair1_vript_vript_-PRRcoxSb94-Scene-015.mp4,0
F:\MEngDatasets\GenVidBench\GenVidBench\Pair2\hd_vg_130m\hd_vg_130m\10474___DagFak3Vsnw.0_1.mp4,Pair2\hd_vg_130m\hd_vg_130m\10474___DagFak3Vsnw.0_1.mp4,0,real,Pair2,hd_vg_130m,GenVidBench,False,D:\HaitongNi\MEngProject_SecondBench\02_D3\cache\frames\real\Pair2_hd_vg_130m_hd_vg_130m_10474__DagFak3Vsnw.0_1.mp4,0
F:\MEngDatasets\GenVidBench\GenVidBench\Pair2\hd_vg_130m\hd_vg_130m\03722___19OgEsLAOO4.11_1.mp4,Pair2\hd_vg_130m\hd_vg_130m\03722___19OgEsLAOO4.11_1.mp4,0,real,Pair2,hd_vg_130m,GenVidBench,False,D:\HaitongNi\MEngProject_SecondBench\02_D3\cache\frames\real\Pair2_hd_vg_130m_hd_vg_130m_03722__19OgEsLAOO4.11_1.mp4,0
F:\MEngDatasets\GenVidBench\GenVidBench\Pair1\vript\vript\-AsjE601CYo-Scene-039.mp4,Pair1\vript\vript\-AsjE601CYo-Scene-039.mp4,0,real,Pair1,vript,GenVidBench,False,D:\HaitongNi\MEngProject_SecondBench\02_D3\cache\frames\real\Pair1_vript_vript_-AsjE601CYo-Scene-039.mp4,0
F:\MEngDatasets\GenVidBench\GenVidBench\Pair2\hd_vg_130m\hd_vg_130m\11042___H8OfNfdKEls.10_0.mp4,Pair2\hd_vg_130m\hd_vg_130m\11042___H8OfNfdKEls.10_0.mp4,0,real,Pair2,hd_vg_130m,GenVidBench,False,D:\HaitongNi\MEngProject_SecondBench\02_D3\cache\frames\real\Pair2_hd_vg_130m_hd_vg_130m_11042__H8OfNfdKEls.10_0.mp4,0
F:\MEngDatasets\GenVidBench\GenVidBench\Pair1\vript\vript\-NPDexE9me0-Scene-004.mp4,Pair1\vript\vript\-NPDexE9me0-Scene-004.mp4,0,real,Pair1,vript,GenVidBench,False,D:\HaitongNi\MEngProject_SecondBench\02_D3\cache\frames\real\Pair1_vript_vript_-NPDexE9me0-Scene-004.mp4,0
F:\MEngDatasets\GenVidBench\GenVidBench\Pair1\vript\vript\-DvrJYKZetE-Scene-022.mp4,Pair1\vript\vript\-DvrJYKZetE-Scene-022.mp4,0,real,Pair1,vript,GenVidBench,False,D:\HaitongNi\MEngProject_SecondBench\02_D3\cache\frames\real\Pair1_vript_vript_-DvrJYKZetE-Scene-022.mp4,0
F:\MEngDatasets\GenVidBench\GenVidBench\Pair2\hd_vg_130m\hd_vg_130m\00903___3NfrRXjNr40.0_5.mp4,Pair2\hd_vg_130m\hd_vg_130m\00903___3NfrRXjNr40.0_5.mp4,0,real,Pair2,hd_vg_130m,GenVidBench,False,D:\HaitongNi\MEngProject_SecondBench\02_D3\cache\frames\real\Pair2_hd_vg_130m_hd_vg_130m_00903__3NfrRXjNr40.0_5.mp4,0
F:\MEngDatasets\GenVidBench\GenVidBench\Pair1\vript\vript\-nLkf7UJhZo-Scene-010.mp4,Pair1\vript\vript\-nLkf7UJhZo-Scene-010.mp4,0,real,Pair1,vript,GenVidBench,False,D:\HaitongNi\MEngProject_SecondBench\02_D3\cache\frames\real\Pair1_vript_vript_-nLkf7UJhZo-Scene-010.mp4,0
F:\MEngDatasets\GenVidBench\GenVidBench\Pair2\hd_vg_130m\hd_vg_130m\08696___6qNJCfvMbyI.3_0.mp4,Pair2\hd_vg_130m\hd_vg_130m\08696___6qNJCfvMbyI.3_0.mp4,0,real,Pair2,hd_vg_130m,GenVidBench,False,D:\HaitongNi\MEngProject_SecondBench\02_D3\cache\frames\real\Pair2_hd_vg_130m_hd_vg_130m_08696__6qNJCfvMbyI.3_0.mp4,0
F:\MEngDatasets\GenVidBench\GenVidBench\Pair1\vript\vript\-B9cy8VnHSk-Scene-006.mp4,Pair1\vript\vript\-B9cy8VnHSk-Scene-006.mp4,0,real,Pair1,vript,GenVidBench,False,D:\HaitongNi\MEngProject_SecondBench\02_D3\cache\frames\real\Pair1_vript_vript_-B9cy8VnHSk-Scene-006.mp4,0
F:\MEngDatasets\GenVidBench\GenVidBench\Pair1\vript\vript\-6qN1b9ELQM-Scene-056.mp4,Pair1\vript\vript\-6qN1b9ELQM-Scene-056.mp4,0,real,Pair1,vript,GenVidBench,False,D:\HaitongNi\MEngProject_SecondBench\02_D3\cache\frames\real\Pair1_vript_vript_-6qN1b9ELQM-Scene-056.mp4,0
F:\MEngDatasets\GenVidBench\GenVidBench\Pair1\vript\vript\-SilAqrDTw8-Scene-041.mp4,Pair1\vript\vript\-SilAqrDTw8-Scene-041.mp4,0,real,Pair1,vript,GenVidBench,False,D:\HaitongNi\MEngProject_SecondBench\02_D3\cache\frames\real\Pair1_vript_vript_-SilAqrDTw8-Scene-041.mp4,0
F:\MEngDatasets\GenVidBench\GenVidBench\Pair1\vript\vript\-DXCtGr0DVI-Scene-014.mp4,Pair1\vript\vript\-DXCtGr0DVI-Scene-014.mp4,0,real,Pair1,vript,GenVidBench,False,D:\HaitongNi\MEngProject_SecondBench\02_D3\cache\frames\real\Pair1_vript_vript_-DXCtGr0DVI-Scene-014.mp4,0
F:\MEngDatasets\GenVidBench\GenVidBench\Pair1\vript\vript\-XmegTG3YdY-Scene-018.mp4,Pair1\vript\vript\-XmegTG3YdY-Scene-018.mp4,0,real,Pair1,vript,GenVidBench,False,D:\HaitongNi\MEngProject_SecondBench\02_D3\cache\frames\real\Pair1_vript_vript_-XmegTG3YdY-Scene-018.mp4,0
F:\MEngDatasets\GenVidBench\GenVidBench\Pair2\hd_vg_130m\hd_vg_130m\04481___1QXPTEC1ITc.12_2.mp4,Pair2\hd_vg_130m\hd_vg_130m\04481___1QXPTEC1ITc.12_2.mp4,0,real,Pair2,hd_vg_130m,GenVidBench,False,D:\HaitongNi\MEngProject_SecondBench\02_D3\cache\frames\real\Pair2_hd_vg_130m_hd_vg_130m_04481__1QXPTEC1ITc.12_2.mp4,0
F:\MEngDatasets\GenVidBench\GenVidBench\Pair1\vript\vript\-CgxuW203fk-Scene-033.mp4,Pair1\vript\vript\-CgxuW203fk-Scene-033.mp4,0,real,Pair1,vript,GenVidBench,False,D:\HaitongNi\MEngProject_SecondBench\02_D3\cache\frames\real\Pair1_vript_vript_-CgxuW203fk-Scene-033.mp4,0
F:\MEngDatasets\GenVidBench\GenVidBench\Pair2\hd_vg_130m\hd_vg_130m\12812___E4xoji0xGus.1_1.mp4,Pair2\hd_vg_130m\hd_vg_130m\12812___E4xoji0xGus.1_1.mp4,0,real,Pair2,hd_vg_130m,GenVidBench,False,D:\HaitongNi\MEngProject_SecondBench\02_D3\cache\frames\real\Pair2_hd_vg_130m_hd_vg_130m_12812__E4xoji0xGus.1_1.mp4,0
F:\MEngDatasets\GenVidBench\GenVidBench\Pair2\hd_vg_130m\hd_vg_130m\03632___3QWFk473SUI.7_1.mp4,Pair2\hd_vg_130m\hd_vg_130m\03632___3QWFk473SUI.7_1.mp4,0,real,Pair2,hd_vg_130m,GenVidBench,False,D:\HaitongNi\MEngProject_SecondBench\02_D3\cache\frames\real\Pair2_hd_vg_130m_hd_vg_130m_03632__3QWFk473SUI.7_1.mp4,0
F:\MEngDatasets\GenVidBench\GenVidBench\Pair2\hd_vg_130m\hd_vg_130m\06543___7xjYXaXhg6s.16_1.mp4,Pair2\hd_vg_130m\hd_vg_130m\06543___7xjYXaXhg6s.16_1.mp4,0,real,Pair2,hd_vg_130m,GenVidBench,False,D:\HaitongNi\MEngProject_SecondBench\02_D3\cache\frames\real\Pair2_hd_vg_130m_hd_vg_130m_06543__7xjYXaXhg6s.16_1.mp4,0
F:\MEngDatasets\GenVidBench\GenVidBench\Pair2\hd_vg_130m\hd_vg_130m\10508___EXeZyO9XCsE.6_5.mp4,Pair2\hd_vg_130m\hd_vg_130m\10508___EXeZyO9XCsE.6_5.mp4,0,real,Pair2,hd_vg_130m,GenVidBench,False,D:\HaitongNi\MEngProject_SecondBench\02_D3\cache\frames\real\Pair2_hd_vg_130m_hd_vg_130m_10508__EXeZyO9XCsE.6_5.mp4,0
F:\MEngDatasets\GenVidBench\GenVidBench\Pair1\vript\vript\-Z3priQFMeE-Scene-066.mp4,Pair1\vript\vript\-Z3priQFMeE-Scene-066.mp4,0,real,Pair1,vript,GenVidBench,False,D:\HaitongNi\MEngProject_SecondBench\02_D3\cache\frames\real\Pair1_vript_vript_-Z3priQFMeE-Scene-066.mp4,0
F:\MEngDatasets\GenVidBench\GenVidBench\Pair2\hd_vg_130m\hd_vg_130m\08790___B4-1towx-tw.0_2.mp4,Pair2\hd_vg_130m\hd_vg_130m\08790___B4-1towx-tw.0_2.mp4,0,real,Pair2,hd_vg_130m,GenVidBench,False,D:\HaitongNi\MEngProject_SecondBench\02_D3\cache\frames\real\Pair2_hd_vg_130m_hd_vg_130m_08790__B4-1towx-tw.0_2.mp4,0
F:\MEngDatasets\GenVidBench\GenVidBench\Pair1\vript\vript\-JzFLgHXyak-Scene-004.mp4,Pair1\vript\vript\-JzFLgHXyak-Scene-004.mp4,0,real,Pair1,vript,GenVidBench,False,D:\HaitongNi\MEngProject_SecondBench\02_D3\cache\frames\real\Pair1_vript_vript_-JzFLgHXyak-Scene-004.mp4,0
F:\MEngDatasets\GenVidBench\GenVidBench\Pair1\vript\vript\-KWuh6hzi8E-Scene-007.mp4,Pair1\vript\vript\-KWuh6hzi8E-Scene-007.mp4,0,real,Pair1,vript,GenVidBench,False,D:\HaitongNi\MEngProject_SecondBench\02_D3\cache\frames\real\Pair1_vript_vript_-KWuh6hzi8E-Scene-007.mp4,0
F:\MEngDatasets\GenVidBench\GenVidBench\Pair2\hd_vg_130m\hd_vg_130m\10779___EkiZT5v5c24.7_2.mp4,Pair2\hd_vg_130m\hd_vg_130m\10779___EkiZT5v5c24.7_2.mp4,0,real,Pair2,hd_vg_130m,GenVidBench,False,D:\HaitongNi\MEngProject_SecondBench\02_D3\cache\frames\real\Pair2_hd_vg_130m_hd_vg_130m_10779__EkiZT5v5c24.7_2.mp4,0
F:\MEngDatasets\GenVidBench\GenVidBench\Pair1\vript\vript\-uyHPBbfN1Y-Scene-097.mp4,Pair1\vript\vript\-uyHPBbfN1Y-Scene-097.mp4,0,real,Pair1,vript,GenVidBench,False,D:\HaitongNi\MEngProject_SecondBench\02_D3\cache\frames\real\Pair1_vript_vript_-uyHPBbfN1Y-Scene-097.mp4,0
F:\MEngDatasets\GenVidBench\GenVidBench\Pair1\vript\vript\-KMOH0xbUIs-Scene-012.mp4,Pair1\vript\vript\-KMOH0xbUIs-Scene-012.mp4,0,real,Pair1,vript,GenVidBench,False,D:\HaitongNi\MEngProject_SecondBench\02_D3\cache\frames\real\Pair1_vript_vript_-KMOH0xbUIs-Scene-012.mp4,0
F:\MEngDatasets\GenVidBench\GenVidBench\Pair1\vript\vript\-8JCVzvR560-Scene-089.mp4,Pair1\vript\vript\-8JCVzvR560-Scene-089.mp4,0,real,Pair1,vript,GenVidBench,False,D:\HaitongNi\MEngProject_SecondBench\02_D3\cache\frames\real\Pair1_vript_vript_-8JCVzvR560-Scene-089.mp4,0
F:\MEngDatasets\GenVidBench\GenVidBench\Pair1\vript\vript\-2NL1IFwtS8-Scene-062.mp4,Pair1\vript\vript\-2NL1IFwtS8-Scene-062.mp4,0,real,Pair1,vript,GenVidBench,False,D:\HaitongNi\MEngProject_SecondBench\02_D3\cache\frames\real\Pair1_vript_vript_-2NL1IFwtS8-Scene-062.mp4,0
F:\MEngDatasets\GenVidBench\GenVidBench\Pair2\hd_vg_130m\hd_vg_130m\02397___-PWE9sLkSLY.3_1.mp4,Pair2\hd_vg_130m\hd_vg_130m\02397___-PWE9sLkSLY.3_1.mp4,0,real,Pair2,hd_vg_130m,GenVidBench,False,D:\HaitongNi\MEngProject_SecondBench\02_D3\cache\frames\real\Pair2_hd_vg_130m_hd_vg_130m_02397__-PWE9sLkSLY.3_1.mp4,0
F:\MEngDatasets\GenVidBench\GenVidBench\Pair2\hd_vg_130m\hd_vg_130m\01071___1Dfwqzh5VME.35_0.mp4,Pair2\hd_vg_130m\hd_vg_130m\01071___1Dfwqzh5VME.35_0.mp4,0,real,Pair2,hd_vg_130m,GenVidBench,False,D:\HaitongNi\MEngProject_SecondBench\02_D3\cache\frames\real\Pair2_hd_vg_130m_hd_vg_130m_01071__1Dfwqzh5VME.35_0.mp4,0
F:\MEngDatasets\GenVidBench\GenVidBench\Pair1\vript\vript\-5ReoIc3C_o-Scene-073.mp4,Pair1\vript\vript\-5ReoIc3C_o-Scene-073.mp4,0,real,Pair1,vript,GenVidBench,False,D:\HaitongNi\MEngProject_SecondBench\02_D3\cache\frames\real\Pair1_vript_vript_-5ReoIc3C_o-Scene-073.mp4,0
F:\MEngDatasets\GenVidBench\GenVidBench\Pair1\vript\vript\-ELZ6vigbxo-Scene-005.mp4,Pair1\vript\vript\-ELZ6vigbxo-Scene-005.mp4,0,real,Pair1,vript,GenVidBench,False,D:\HaitongNi\MEngProject_SecondBench\02_D3\cache\frames\real\Pair1_vript_vript_-ELZ6vigbxo-Scene-005.mp4,0
F:\MEngDatasets\GenVidBench\GenVidBench\Pair1\vript\vript\-pbPgOKDy-Y-Scene-076.mp4,Pair1\vript\vript\-pbPgOKDy-Y-Scene-076.mp4,0,real,Pair1,vript,GenVidBench,False,D:\HaitongNi\MEngProject_SecondBench\02_D3\cache\frames\real\Pair1_vript_vript_-pbPgOKDy-Y-Scene-076.mp4,0
F:\MEngDatasets\GenVidBench\GenVidBench\Pair1\vript\vript\3O7icCqFfEo-Scene-002.mp4,Pair1\vript\vript\3O7icCqFfEo-Scene-002.mp4,0,real,Pair1,vript,GenVidBench,False,D:\HaitongNi\MEngProject_SecondBench\02_D3\cache\frames\real\Pair1_vript_vript_3O7icCqFfEo-Scene-002.mp4,0
F:\MEngDatasets\GenVidBench\GenVidBench\Pair1\vript\vript\-QtO4Z2zH2Y-Scene-002.mp4,Pair1\vript\vript\-QtO4Z2zH2Y-Scene-002.mp4,0,real,Pair1,vript,GenVidBench,False,D:\HaitongNi\MEngProject_SecondBench\02_D3\cache\frames\real\Pair1_vript_vript_-QtO4Z2zH2Y-Scene-002.mp4,0
F:\MEngDatasets\GenVidBench\GenVidBench\Pair1\vript\vript\-CFnpUuy9MM-Scene-018.mp4,Pair1\vript\vript\-CFnpUuy9MM-Scene-018.mp4,0,real,Pair1,vript,GenVidBench,False,D:\HaitongNi\MEngProject_SecondBench\02_D3\cache\frames\real\Pair1_vript_vript_-CFnpUuy9MM-Scene-018.mp4,0
F:\MEngDatasets\GenVidBench\GenVidBench\Pair2\hd_vg_130m\hd_vg_130m\05949___6NyRMkQmezM.1_0.mp4,Pair2\hd_vg_130m\hd_vg_130m\05949___6NyRMkQmezM.1_0.mp4,0,real,Pair2,hd_vg_130m,GenVidBench,False,D:\HaitongNi\MEngProject_SecondBench\02_D3\cache\frames\real\Pair2_hd_vg_130m_hd_vg_130m_05949__6NyRMkQmezM.1_0.mp4,0
F:\MEngDatasets\GenVidBench\GenVidBench\Pair1\vript\vript\-CDAG1CTjLo-Scene-078.mp4,Pair1\vript\vript\-CDAG1CTjLo-Scene-078.mp4,0,real,Pair1,vript,GenVidBench,False,D:\HaitongNi\MEngProject_SecondBench\02_D3\cache\frames\real\Pair1_vript_vript_-CDAG1CTjLo-Scene-078.mp4,0
F:\MEngDatasets\GenVidBench\GenVidBench\Pair2\hd_vg_130m\hd_vg_130m\10638___EhFCnA0EPFo.1_4.mp4,Pair2\hd_vg_130m\hd_vg_130m\10638___EhFCnA0EPFo.1_4.mp4,0,real,Pair2,hd_vg_130m,GenVidBench,False,D:\HaitongNi\MEngProject_SecondBench\02_D3\cache\frames\real\Pair2_hd_vg_130m_hd_vg_130m_10638__EhFCnA0EPFo.1_4.mp4,0
F:\MEngDatasets\GenVidBench\GenVidBench\Pair2\hd_vg_130m\hd_vg_130m\06925___B3E8wGfVk7w.4_0.mp4,Pair2\hd_vg_130m\hd_vg_130m\06925___B3E8wGfVk7w.4_0.mp4,0,real,Pair2,hd_vg_130m,GenVidBench,False,D:\HaitongNi\MEngProject_SecondBench\02_D3\cache\frames\real\Pair2_hd_vg_130m_hd_vg_130m_06925__B3E8wGfVk7w.4_0.mp4,0
F:\MEngDatasets\GenVidBench\GenVidBench\Pair2\hd_vg_130m\hd_vg_130m\00968___0EXb0-eUDDk.12_2.mp4,Pair2\hd_vg_130m\hd_vg_130m\00968___0EXb0-eUDDk.12_2.mp4,0,real,Pair2,hd_vg_130m,GenVidBench,False,D:\HaitongNi\MEngProject_SecondBench\02_D3\cache\frames\real\Pair2_hd_vg_130m_hd_vg_130m_00968__0EXb0-eUDDk.12_2.mp4,0
F:\MEngDatasets\GenVidBench\GenVidBench\Pair1\vript\vript\-1RsCsSKt7A-Scene-086.mp4,Pair1\vript\vript\-1RsCsSKt7A-Scene-086.mp4,0,real,Pair1,vript,GenVidBench,False,D:\HaitongNi\MEngProject_SecondBench\02_D3\cache\frames\real\Pair1_vript_vript_-1RsCsSKt7A-Scene-086.mp4,0
F:\MEngDatasets\GenVidBench\GenVidBench\Pair1\vript\vript\--amuSGpp94-Scene-011.mp4,Pair1\vript\vript\--amuSGpp94-Scene-011.mp4,0,real,Pair1,vript,GenVidBench,False,D:\HaitongNi\MEngProject_SecondBench\02_D3\cache\frames\real\Pair1_vript_vript_--amuSGpp94-Scene-011.mp4,0
F:\MEngDatasets\GenVidBench\GenVidBench\Pair1\vript\vript\-ZxpBUbhvQM-Scene-071.mp4,Pair1\vript\vript\-ZxpBUbhvQM-Scene-071.mp4,0,real,Pair1,vript,GenVidBench,False,D:\HaitongNi\MEngProject_SecondBench\02_D3\cache\frames\real\Pair1_vript_vript_-ZxpBUbhvQM-Scene-071.mp4,0
F:\MEngDatasets\GenVidBench\GenVidBench\Pair2\hd_vg_130m\hd_vg_130m\05213___9wA0Xe76aSk.28_1.mp4,Pair2\hd_vg_130m\hd_vg_130m\05213___9wA0Xe76aSk.28_1.mp4,0,real,Pair2,hd_vg_130m,GenVidBench,False,D:\HaitongNi\MEngProject_SecondBench\02_D3\cache\frames\real\Pair2_hd_vg_130m_hd_vg_130m_05213__9wA0Xe76aSk.28_1.mp4,0
F:\MEngDatasets\GenVidBench\GenVidBench\Pair1\vript\vript\-JYuGS4buzs-Scene-047.mp4,Pair1\vript\vript\-JYuGS4buzs-Scene-047.mp4,0,real,Pair1,vript,GenVidBench,False,D:\HaitongNi\MEngProject_SecondBench\02_D3\cache\frames\real\Pair1_vript_vript_-JYuGS4buzs-Scene-047.mp4,0
F:\MEngDatasets\GenVidBench\GenVidBench\Pair2\hd_vg_130m\hd_vg_130m\12797___CRdy1e-k-tk.9_0.mp4,Pair2\hd_vg_130m\hd_vg_130m\12797___CRdy1e-k-tk.9_0.mp4,0,real,Pair2,hd_vg_130m,GenVidBench,False,D:\HaitongNi\MEngProject_SecondBench\02_D3\cache\frames\real\Pair2_hd_vg_130m_hd_vg_130m_12797__CRdy1e-k-tk.9_0.mp4,0
F:\MEngDatasets\GenVidBench\GenVidBench\Pair1\vript\vript\-NmJouiMnaM-Scene-004.mp4,Pair1\vript\vript\-NmJouiMnaM-Scene-004.mp4,0,real,Pair1,vript,GenVidBench,False,D:\HaitongNi\MEngProject_SecondBench\02_D3\cache\frames\real\Pair1_vript_vript_-NmJouiMnaM-Scene-004.mp4,0
F:\MEngDatasets\GenVidBench\GenVidBench\Pair1\vript\vript\-OgDFzqzjpE-Scene-053.mp4,Pair1\vript\vript\-OgDFzqzjpE-Scene-053.mp4,0,real,Pair1,vript,GenVidBench,False,D:\HaitongNi\MEngProject_SecondBench\02_D3\cache\frames\real\Pair1_vript_vript_-OgDFzqzjpE-Scene-053.mp4,0
F:\MEngDatasets\GenVidBench\GenVidBench\Pair1\vript\vript\0JMLUdQG9FQ-Scene-098.mp4,Pair1\vript\vript\0JMLUdQG9FQ-Scene-098.mp4,0,real,Pair1,vript,GenVidBench,False,D:\HaitongNi\MEngProject_SecondBench\02_D3\cache\frames\real\Pair1_vript_vript_0JMLUdQG9FQ-Scene-098.mp4,0
F:\MEngDatasets\GenVidBench\GenVidBench\Pair2\hd_vg_130m\hd_vg_130m\09868___CaSTlTXG-90.26_0.mp4,Pair2\hd_vg_130m\hd_vg_130m\09868___CaSTlTXG-90.26_0.mp4,0,real,Pair2,hd_vg_130m,GenVidBench,False,D:\HaitongNi\MEngProject_SecondBench\02_D3\cache\frames\real\Pair2_hd_vg_130m_hd_vg_130m_09868__CaSTlTXG-90.26_0.mp4,0
F:\MEngDatasets\GenVidBench\GenVidBench\Pair2\hd_vg_130m\hd_vg_130m\09067___6uHjLgR68LA.1_0.mp4,Pair2\hd_vg_130m\hd_vg_130m\09067___6uHjLgR68LA.1_0.mp4,0,real,Pair2,hd_vg_130m,GenVidBench,False,D:\HaitongNi\MEngProject_SecondBench\02_D3\cache\frames\real\Pair2_hd_vg_130m_hd_vg_130m_09067__6uHjLgR68LA.1_0.mp4,0
F:\MEngDatasets\GenVidBench\GenVidBench\Pair1\vript\vript\-_Ch9H2JzIM-Scene-008.mp4,Pair1\vript\vript\-_Ch9H2JzIM-Scene-008.mp4,0,real,Pair1,vript,GenVidBench,False,D:\HaitongNi\MEngProject_SecondBench\02_D3\cache\frames\real\Pair1_vript_vript_-_Ch9H2JzIM-Scene-008.mp4,0
F:\MEngDatasets\GenVidBench\GenVidBench\Pair1\vript\vript\-8vE8JrxABo-Scene-064.mp4,Pair1\vript\vript\-8vE8JrxABo-Scene-064.mp4,0,real,Pair1,vript,GenVidBench,False,D:\HaitongNi\MEngProject_SecondBench\02_D3\cache\frames\real\Pair1_vript_vript_-8vE8JrxABo-Scene-064.mp4,0
F:\MEngDatasets\GenVidBench\GenVidBench\Pair2\hd_vg_130m\hd_vg_130m\11225___G0Mydde4QI8.10_1.mp4,Pair2\hd_vg_130m\hd_vg_130m\11225___G0Mydde4QI8.10_1.mp4,0,real,Pair2,hd_vg_130m,GenVidBench,False,D:\HaitongNi\MEngProject_SecondBench\02_D3\cache\frames\real\Pair2_hd_vg_130m_hd_vg_130m_11225__G0Mydde4QI8.10_1.mp4,0
F:\MEngDatasets\GenVidBench\GenVidBench\Pair2\hd_vg_130m\hd_vg_130m\11415___E0rMcADCSWw.4_0.mp4,Pair2\hd_vg_130m\hd_vg_130m\11415___E0rMcADCSWw.4_0.mp4,0,real,Pair2,hd_vg_130m,GenVidBench,False,D:\HaitongNi\MEngProject_SecondBench\02_D3\cache\frames\real\Pair2_hd_vg_130m_hd_vg_130m_11415__E0rMcADCSWw.4_0.mp4,0
F:\MEngDatasets\GenVidBench\GenVidBench\Pair1\vript\vript\-OdWi5yyDRg-Scene-005.mp4,Pair1\vript\vript\-OdWi5yyDRg-Scene-005.mp4,0,real,Pair1,vript,GenVidBench,False,D:\HaitongNi\MEngProject_SecondBench\02_D3\cache\frames\real\Pair1_vript_vript_-OdWi5yyDRg-Scene-005.mp4,0
F:\MEngDatasets\GenVidBench\GenVidBench\Pair2\hd_vg_130m\hd_vg_130m\06240___9wEQ4FwtsHQ.18_1.mp4,Pair2\hd_vg_130m\hd_vg_130m\06240___9wEQ4FwtsHQ.18_1.mp4,0,real,Pair2,hd_vg_130m,GenVidBench,False,D:\HaitongNi\MEngProject_SecondBench\02_D3\cache\frames\real\Pair2_hd_vg_130m_hd_vg_130m_06240__9wEQ4FwtsHQ.18_1.mp4,0
F:\MEngDatasets\GenVidBench\GenVidBench\Pair1\vript\vript\0ErVpaTWRFM-Scene-040.mp4,Pair1\vript\vript\0ErVpaTWRFM-Scene-040.mp4,0,real,Pair1,vript,GenVidBench,False,D:\HaitongNi\MEngProject_SecondBench\02_D3\cache\frames\real\Pair1_vript_vript_0ErVpaTWRFM-Scene-040.mp4,0
F:\MEngDatasets\GenVidBench\GenVidBench\Pair2\hd_vg_130m\hd_vg_130m\07012___8hN-ytS_zCw.8_0.mp4,Pair2\hd_vg_130m\hd_vg_130m\07012___8hN-ytS_zCw.8_0.mp4,0,real,Pair2,hd_vg_130m,GenVidBench,False,D:\HaitongNi\MEngProject_SecondBench\02_D3\cache\frames\real\Pair2_hd_vg_130m_hd_vg_130m_07012__8hN-ytS_zCw.8_0.mp4,0
F:\MEngDatasets\GenVidBench\GenVidBench\Pair1\vript\vript\-8DcaBhYbHI-Scene-068.mp4,Pair1\vript\vript\-8DcaBhYbHI-Scene-068.mp4,0,real,Pair1,vript,GenVidBench,False,D:\HaitongNi\MEngProject_SecondBench\02_D3\cache\frames\real\Pair1_vript_vript_-8DcaBhYbHI-Scene-068.mp4,0
F:\MEngDatasets\GenVidBench\GenVidBench\Pair1\vript\vript\-8QN_w1MhmM-Scene-071.mp4,Pair1\vript\vript\-8QN_w1MhmM-Scene-071.mp4,0,real,Pair1,vript,GenVidBench,False,D:\HaitongNi\MEngProject_SecondBench\02_D3\cache\frames\real\Pair1_vript_vript_-8QN_w1MhmM-Scene-071.mp4,0
F:\MEngDatasets\GenVidBench\GenVidBench\Pair1\vript\vript\-5ajPCpJl-c-Scene-028.mp4,Pair1\vript\vript\-5ajPCpJl-c-Scene-028.mp4,0,real,Pair1,vript,GenVidBench,False,D:\HaitongNi\MEngProject_SecondBench\02_D3\cache\frames\real\Pair1_vript_vript_-5ajPCpJl-c-Scene-028.mp4,0
F:\MEngDatasets\GenVidBench\GenVidBench\Pair2\hd_vg_130m\hd_vg_130m\09061___BV3p_aYvArQ.40_0.mp4,Pair2\hd_vg_130m\hd_vg_130m\09061___BV3p_aYvArQ.40_0.mp4,0,real,Pair2,hd_vg_130m,GenVidBench,False,D:\HaitongNi\MEngProject_SecondBench\02_D3\cache\frames\real\Pair2_hd_vg_130m_hd_vg_130m_09061__BV3p_aYvArQ.40_0.mp4,0
F:\MEngDatasets\GenVidBench\GenVidBench\Pair1\vript\vript\-YIl2latzhY-Scene-063.mp4,Pair1\vript\vript\-YIl2latzhY-Scene-063.mp4,0,real,Pair1,vript,GenVidBench,False,D:\HaitongNi\MEngProject_SecondBench\02_D3\cache\frames\real\Pair1_vript_vript_-YIl2latzhY-Scene-063.mp4,0
F:\MEngDatasets\GenVidBench\GenVidBench\Pair2\hd_vg_130m\hd_vg_130m\01780___4Ec0AKuS8ms.0_2.mp4,Pair2\hd_vg_130m\hd_vg_130m\01780___4Ec0AKuS8ms.0_2.mp4,0,real,Pair2,hd_vg_130m,GenVidBench,False,D:\HaitongNi\MEngProject_SecondBench\02_D3\cache\frames\real\Pair2_hd_vg_130m_hd_vg_130m_01780__4Ec0AKuS8ms.0_2.mp4,0
F:\MEngDatasets\GenVidBench\GenVidBench\Pair1\vript\vript\-KB3YUUz38c-Scene-082.mp4,Pair1\vript\vript\-KB3YUUz38c-Scene-082.mp4,0,real,Pair1,vript,GenVidBench,False,D:\HaitongNi\MEngProject_SecondBench\02_D3\cache\frames\real\Pair1_vript_vript_-KB3YUUz38c-Scene-082.mp4,0
F:\MEngDatasets\GenVidBench\GenVidBench\Pair2\hd_vg_130m\hd_vg_130m\11974___F7gDC_jUjKs.15_0.mp4,Pair2\hd_vg_130m\hd_vg_130m\11974___F7gDC_jUjKs.15_0.mp4,0,real,Pair2,hd_vg_130m,GenVidBench,False,D:\HaitongNi\MEngProject_SecondBench\02_D3\cache\frames\real\Pair2_hd_vg_130m_hd_vg_130m_11974__F7gDC_jUjKs.15_0.mp4,0
F:\MEngDatasets\GenVidBench\GenVidBench\Pair2\hd_vg_130m\hd_vg_130m\01582___02ZEJR8WDfk.13_3.mp4,Pair2\hd_vg_130m\hd_vg_130m\01582___02ZEJR8WDfk.13_3.mp4,0,real,Pair2,hd_vg_130m,GenVidBench,False,D:\HaitongNi\MEngProject_SecondBench\02_D3\cache\frames\real\Pair2_hd_vg_130m_hd_vg_130m_01582__02ZEJR8WDfk.13_3.mp4,0
F:\MEngDatasets\GenVidBench\GenVidBench\Pair2\hd_vg_130m\hd_vg_130m\10510___F1RuTpHgsAc.3_0.mp4,Pair2\hd_vg_130m\hd_vg_130m\10510___F1RuTpHgsAc.3_0.mp4,0,real,Pair2,hd_vg_130m,GenVidBench,False,D:\HaitongNi\MEngProject_SecondBench\02_D3\cache\frames\real\Pair2_hd_vg_130m_hd_vg_130m_10510__F1RuTpHgsAc.3_0.mp4,0
F:\MEngDatasets\GenVidBench\GenVidBench\Pair1\vript\vript\-0xMfZOYTcU-Scene-049.mp4,Pair1\vript\vript\-0xMfZOYTcU-Scene-049.mp4,0,real,Pair1,vript,GenVidBench,False,D:\HaitongNi\MEngProject_SecondBench\02_D3\cache\frames\real\Pair1_vript_vript_-0xMfZOYTcU-Scene-049.mp4,0
F:\MEngDatasets\GenVidBench\GenVidBench\Pair2\hd_vg_130m\hd_vg_130m\01832___06XJHOYANcQ.14_0.mp4,Pair2\hd_vg_130m\hd_vg_130m\01832___06XJHOYANcQ.14_0.mp4,0,real,Pair2,hd_vg_130m,GenVidBench,False,D:\HaitongNi\MEngProject_SecondBench\02_D3\cache\frames\real\Pair2_hd_vg_130m_hd_vg_130m_01832__06XJHOYANcQ.14_0.mp4,0
F:\MEngDatasets\GenVidBench\GenVidBench\Pair2\hd_vg_130m\hd_vg_130m\09964___GgwrKSMqlsg.1_6.mp4,Pair2\hd_vg_130m\hd_vg_130m\09964___GgwrKSMqlsg.1_6.mp4,0,real,Pair2,hd_vg_130m,GenVidBench,False,D:\HaitongNi\MEngProject_SecondBench\02_D3\cache\frames\real\Pair2_hd_vg_130m_hd_vg_130m_09964__GgwrKSMqlsg.1_6.mp4,0
F:\MEngDatasets\GenVidBench\GenVidBench\Pair2\hd_vg_130m\hd_vg_130m\11825___Di9Ch4_Xu9g.16_0.mp4,Pair2\hd_vg_130m\hd_vg_130m\11825___Di9Ch4_Xu9g.16_0.mp4,0,real,Pair2,hd_vg_130m,GenVidBench,False,D:\HaitongNi\MEngProject_SecondBench\02_D3\cache\frames\real\Pair2_hd_vg_130m_hd_vg_130m_11825__Di9Ch4_Xu9g.16_0.mp4,0
F:\MEngDatasets\GenVidBench\GenVidBench\Pair2\hd_vg_130m\hd_vg_130m\02485___0YOsJk4OKzU.23_0.mp4,Pair2\hd_vg_130m\hd_vg_130m\02485___0YOsJk4OKzU.23_0.mp4,0,real,Pair2,hd_vg_130m,GenVidBench,False,D:\HaitongNi\MEngProject_SecondBench\02_D3\cache\frames\real\Pair2_hd_vg_130m_hd_vg_130m_02485__0YOsJk4OKzU.23_0.mp4,0
F:\MEngDatasets\GenVidBench\GenVidBench\Pair1\vript\vript\-5_jTyh-3Ng-Scene-013.mp4,Pair1\vript\vript\-5_jTyh-3Ng-Scene-013.mp4,0,real,Pair1,vript,GenVidBench,False,D:\HaitongNi\MEngProject_SecondBench\02_D3\cache\frames\real\Pair1_vript_vript_-5_jTyh-3Ng-Scene-013.mp4,0
F:\MEngDatasets\GenVidBench\GenVidBench\Pair2\hd_vg_130m\hd_vg_130m\10934___ByyiUEpm3No.12_1.mp4,Pair2\hd_vg_130m\hd_vg_130m\10934___ByyiUEpm3No.12_1.mp4,0,real,Pair2,hd_vg_130m,GenVidBench,False,D:\HaitongNi\MEngProject_SecondBench\02_D3\cache\frames\real\Pair2_hd_vg_130m_hd_vg_130m_10934__ByyiUEpm3No.12_1.mp4,0
F:\MEngDatasets\GenVidBench\GenVidBench\Pair2\hd_vg_130m\hd_vg_130m\13764___HM5DFTU1GRg.0_7.mp4,Pair2\hd_vg_130m\hd_vg_130m\13764___HM5DFTU1GRg.0_7.mp4,0,real,Pair2,hd_vg_130m,GenVidBench,False,D:\HaitongNi\MEngProject_SecondBench\02_D3\cache\frames\real\Pair2_hd_vg_130m_hd_vg_130m_13764__HM5DFTU1GRg.0_7.mp4,0
F:\MEngDatasets\GenVidBench\GenVidBench\Pair2\hd_vg_130m\hd_vg_130m\04140___1APDfJVmf1M.14_3.mp4,Pair2\hd_vg_130m\hd_vg_130m\04140___1APDfJVmf1M.14_3.mp4,0,real,Pair2,hd_vg_130m,GenVidBench,False,D:\HaitongNi\MEngProject_SecondBench\02_D3\cache\frames\real\Pair2_hd_vg_130m_hd_vg_130m_04140__1APDfJVmf1M.14_3.mp4,0
F:\MEngDatasets\GenVidBench\GenVidBench\Pair2\hd_vg_130m\hd_vg_130m\08326___9KqISPT5NWk.0_3.mp4,Pair2\hd_vg_130m\hd_vg_130m\08326___9KqISPT5NWk.0_3.mp4,0,real,Pair2,hd_vg_130m,GenVidBench,False,D:\HaitongNi\MEngProject_SecondBench\02_D3\cache\frames\real\Pair2_hd_vg_130m_hd_vg_130m_08326__9KqISPT5NWk.0_3.mp4,0
F:\MEngDatasets\GenVidBench\GenVidBench\Pair2\hd_vg_130m\hd_vg_130m\12715___CsK4eNtTTMo.10_0.mp4,Pair2\hd_vg_130m\hd_vg_130m\12715___CsK4eNtTTMo.10_0.mp4,0,real,Pair2,hd_vg_130m,GenVidBench,False,D:\HaitongNi\MEngProject_SecondBench\02_D3\cache\frames\real\Pair2_hd_vg_130m_hd_vg_130m_12715__CsK4eNtTTMo.10_0.mp4,0
F:\MEngDatasets\GenVidBench\GenVidBench\Pair2\hd_vg_130m\hd_vg_130m\01664___-7UBuZqP-Bc.0_1.mp4,Pair2\hd_vg_130m\hd_vg_130m\01664___-7UBuZqP-Bc.0_1.mp4,0,real,Pair2,hd_vg_130m,GenVidBench,False,D:\HaitongNi\MEngProject_SecondBench\02_D3\cache\frames\real\Pair2_hd_vg_130m_hd_vg_130m_01664__-7UBuZqP-Bc.0_1.mp4,0
F:\MEngDatasets\GenVidBench\GenVidBench\Pair2\hd_vg_130m\hd_vg_130m\04179___5Cn8BGeAy-0.18_0.mp4,Pair2\hd_vg_130m\hd_vg_130m\04179___5Cn8BGeAy-0.18_0.mp4,0,real,Pair2,hd_vg_130m,GenVidBench,False,D:\HaitongNi\MEngProject_SecondBench\02_D3\cache\frames\real\Pair2_hd_vg_130m_hd_vg_130m_04179__5Cn8BGeAy-0.18_0.mp4,0
F:\MEngDatasets\GenVidBench\GenVidBench\Pair2\hd_vg_130m\hd_vg_130m\10774___DUa3AUBhD1k.1_1.mp4,Pair2\hd_vg_130m\hd_vg_130m\10774___DUa3AUBhD1k.1_1.mp4,0,real,Pair2,hd_vg_130m,GenVidBench,False,D:\HaitongNi\MEngProject_SecondBench\02_D3\cache\frames\real\Pair2_hd_vg_130m_hd_vg_130m_10774__DUa3AUBhD1k.1_1.mp4,0
F:\MEngDatasets\GenVidBench\GenVidBench\Pair2\hd_vg_130m\hd_vg_130m\09169___6aWOAgf_jZk.12_0.mp4,Pair2\hd_vg_130m\hd_vg_130m\09169___6aWOAgf_jZk.12_0.mp4,0,real,Pair2,hd_vg_130m,GenVidBench,False,D:\HaitongNi\MEngProject_SecondBench\02_D3\cache\frames\real\Pair2_hd_vg_130m_hd_vg_130m_09169__6aWOAgf_jZk.12_0.mp4,0
F:\MEngDatasets\GenVidBench\GenVidBench\Pair2\hd_vg_130m\hd_vg_130m\06335___7DxLWrzgfFk.103_3.mp4,Pair2\hd_vg_130m\hd_vg_130m\06335___7DxLWrzgfFk.103_3.mp4,0,real,Pair2,hd_vg_130m,GenVidBench,False,D:\HaitongNi\MEngProject_SecondBench\02_D3\cache\frames\real\Pair2_hd_vg_130m_hd_vg_130m_06335__7DxLWrzgfFk.103_3.mp4,0
F:\MEngDatasets\GenVidBench\GenVidBench\Pair1\vript\vript\-Nwg8U3jmlw-Scene-001.mp4,Pair1\vript\vript\-Nwg8U3jmlw-Scene-001.mp4,0,real,Pair1,vript,GenVidBench,False,D:\HaitongNi\MEngProject_SecondBench\02_D3\cache\frames\real\Pair1_vript_vript_-Nwg8U3jmlw-Scene-001.mp4,0
F:\MEngDatasets\GenVidBench\GenVidBench\Pair1\vript\vript\-fikrO9_aRc-Scene-039.mp4,Pair1\vript\vript\-fikrO9_aRc-Scene-039.mp4,0,real,Pair1,vript,GenVidBench,False,D:\HaitongNi\MEngProject_SecondBench\02_D3\cache\frames\real\Pair1_vript_vript_-fikrO9_aRc-Scene-039.mp4,0
F:\MEngDatasets\GenVidBench\GenVidBench\Pair2\hd_vg_130m\hd_vg_130m\01038___0WctBTVPyps.26_0.mp4,Pair2\hd_vg_130m\hd_vg_130m\01038___0WctBTVPyps.26_0.mp4,0,real,Pair2,hd_vg_130m,GenVidBench,False,D:\HaitongNi\MEngProject_SecondBench\02_D3\cache\frames\real\Pair2_hd_vg_130m_hd_vg_130m_01038__0WctBTVPyps.26_0.mp4,0
F:\MEngDatasets\GenVidBench\GenVidBench\Pair1\vript\vript\-c88ZCPF10M-Scene-167.mp4,Pair1\vript\vript\-c88ZCPF10M-Scene-167.mp4,0,real,Pair1,vript,GenVidBench,False,D:\HaitongNi\MEngProject_SecondBench\02_D3\cache\frames\real\Pair1_vript_vript_-c88ZCPF10M-Scene-167.mp4,0
F:\MEngDatasets\GenVidBench\GenVidBench\Pair1\vript\vript\-ClQTAGJ0yI-Scene-026.mp4,Pair1\vript\vript\-ClQTAGJ0yI-Scene-026.mp4,0,real,Pair1,vript,GenVidBench,False,D:\HaitongNi\MEngProject_SecondBench\02_D3\cache\frames\real\Pair1_vript_vript_-ClQTAGJ0yI-Scene-026.mp4,0
F:\MEngDatasets\GenVidBench\GenVidBench\Pair2\hd_vg_130m\hd_vg_130m\06565___BCI2hqvpqkA.1_2.mp4,Pair2\hd_vg_130m\hd_vg_130m\06565___BCI2hqvpqkA.1_2.mp4,0,real,Pair2,hd_vg_130m,GenVidBench,False,D:\HaitongNi\MEngProject_SecondBench\02_D3\cache\frames\real\Pair2_hd_vg_130m_hd_vg_130m_06565__BCI2hqvpqkA.1_2.mp4,0
F:\MEngDatasets\GenVidBench\GenVidBench\Pair1\vript\vript\-yQ34T8gXGg-Scene-015.mp4,Pair1\vript\vript\-yQ34T8gXGg-Scene-015.mp4,0,real,Pair1,vript,GenVidBench,False,D:\HaitongNi\MEngProject_SecondBench\02_D3\cache\frames\real\Pair1_vript_vript_-yQ34T8gXGg-Scene-015.mp4,0
F:\MEngDatasets\GenVidBench\GenVidBench\Pair1\vript\vript\-41qhay-Zzg-Scene-017.mp4,Pair1\vript\vript\-41qhay-Zzg-Scene-017.mp4,0,real,Pair1,vript,GenVidBench,False,D:\HaitongNi\MEngProject_SecondBench\02_D3\cache\frames\real\Pair1_vript_vript_-41qhay-Zzg-Scene-017.mp4,0
F:\MEngDatasets\GenVidBench\GenVidBench\Pair2\hd_vg_130m\hd_vg_130m\09732___C8kdm32B8XA.16_0.mp4,Pair2\hd_vg_130m\hd_vg_130m\09732___C8kdm32B8XA.16_0.mp4,0,real,Pair2,hd_vg_130m,GenVidBench,False,D:\HaitongNi\MEngProject_SecondBench\02_D3\cache\frames\real\Pair2_hd_vg_130m_hd_vg_130m_09732__C8kdm32B8XA.16_0.mp4,0
F:\MEngDatasets\GenVidBench\GenVidBench\Pair1\vript\vript\-Y7E_C3yd4Q-Scene-016.mp4,Pair1\vript\vript\-Y7E_C3yd4Q-Scene-016.mp4,0,real,Pair1,vript,GenVidBench,False,D:\HaitongNi\MEngProject_SecondBench\02_D3\cache\frames\real\Pair1_vript_vript_-Y7E_C3yd4Q-Scene-016.mp4,0
F:\MEngDatasets\GenVidBench\GenVidBench\Pair1\vript\vript\-X8FNyBD8O8-Scene-056.mp4,Pair1\vript\vript\-X8FNyBD8O8-Scene-056.mp4,0,real,Pair1,vript,GenVidBench,False,D:\HaitongNi\MEngProject_SecondBench\02_D3\cache\frames\real\Pair1_vript_vript_-X8FNyBD8O8-Scene-056.mp4,0
F:\MEngDatasets\GenVidBench\GenVidBench\Pair1\vript\vript\-L95YoZnq1U-Scene-016.mp4,Pair1\vript\vript\-L95YoZnq1U-Scene-016.mp4,0,real,Pair1,vript,GenVidBench,False,D:\HaitongNi\MEngProject_SecondBench\02_D3\cache\frames\real\Pair1_vript_vript_-L95YoZnq1U-Scene-016.mp4,0
F:\MEngDatasets\GenVidBench\GenVidBench\Pair2\hd_vg_130m\hd_vg_130m\06209___A9hVKgVCepM.4_2.mp4,Pair2\hd_vg_130m\hd_vg_130m\06209___A9hVKgVCepM.4_2.mp4,0,real,Pair2,hd_vg_130m,GenVidBench,False,D:\HaitongNi\MEngProject_SecondBench\02_D3\cache\frames\real\Pair2_hd_vg_130m_hd_vg_130m_06209__A9hVKgVCepM.4_2.mp4,0
F:\MEngDatasets\GenVidBench\GenVidBench\Pair2\hd_vg_130m\hd_vg_130m\02763___4PlWTGYtv2Y.3_0.mp4,Pair2\hd_vg_130m\hd_vg_130m\02763___4PlWTGYtv2Y.3_0.mp4,0,real,Pair2,hd_vg_130m,GenVidBench,False,D:\HaitongNi\MEngProject_SecondBench\02_D3\cache\frames\real\Pair2_hd_vg_130m_hd_vg_130m_02763__4PlWTGYtv2Y.3_0.mp4,0
F:\MEngDatasets\GenVidBench\GenVidBench\Pair1\vript\vript\-HsVkwyi-mk-Scene-044.mp4,Pair1\vript\vript\-HsVkwyi-mk-Scene-044.mp4,0,real,Pair1,vript,GenVidBench,False,D:\HaitongNi\MEngProject_SecondBench\02_D3\cache\frames\real\Pair1_vript_vript_-HsVkwyi-mk-Scene-044.mp4,0
F:\MEngDatasets\GenVidBench\GenVidBench\Pair1\vript\vript\-CgxuW203fk-Scene-064.mp4,Pair1\vript\vript\-CgxuW203fk-Scene-064.mp4,0,real,Pair1,vript,GenVidBench,False,D:\HaitongNi\MEngProject_SecondBench\02_D3\cache\frames\real\Pair1_vript_vript_-CgxuW203fk-Scene-064.mp4,0
F:\MEngDatasets\GenVidBench\GenVidBench\Pair1\vript\vript\-D3qsFC0E0E-Scene-005.mp4,Pair1\vript\vript\-D3qsFC0E0E-Scene-005.mp4,0,real,Pair1,vript,GenVidBench,False,D:\HaitongNi\MEngProject_SecondBench\02_D3\cache\frames\real\Pair1_vript_vript_-D3qsFC0E0E-Scene-005.mp4,0
F:\MEngDatasets\GenVidBench\GenVidBench\Pair1\vript\vript\-THy8MfI-aM-Scene-034.mp4,Pair1\vript\vript\-THy8MfI-aM-Scene-034.mp4,0,real,Pair1,vript,GenVidBench,False,D:\HaitongNi\MEngProject_SecondBench\02_D3\cache\frames\real\Pair1_vript_vript_-THy8MfI-aM-Scene-034.mp4,0
F:\MEngDatasets\GenVidBench\GenVidBench\Pair1\vript\vript\-liMa4Ve-_8-Scene-038.mp4,Pair1\vript\vript\-liMa4Ve-_8-Scene-038.mp4,0,real,Pair1,vript,GenVidBench,False,D:\HaitongNi\MEngProject_SecondBench\02_D3\cache\frames\real\Pair1_vript_vript_-liMa4Ve-_8-Scene-038.mp4,0
F:\MEngDatasets\GenVidBench\GenVidBench\Pair1\vript\vript\-Xe9ATwapx8-Scene-113.mp4,Pair1\vript\vript\-Xe9ATwapx8-Scene-113.mp4,0,real,Pair1,vript,GenVidBench,False,D:\HaitongNi\MEngProject_SecondBench\02_D3\cache\frames\real\Pair1_vript_vript_-Xe9ATwapx8-Scene-113.mp4,0
F:\MEngDatasets\GenVidBench\GenVidBench\Pair2\hd_vg_130m\hd_vg_130m\02384___0xRkyu_39UE.17_1.mp4,Pair2\hd_vg_130m\hd_vg_130m\02384___0xRkyu_39UE.17_1.mp4,0,real,Pair2,hd_vg_130m,GenVidBench,False,D:\HaitongNi\MEngProject_SecondBench\02_D3\cache\frames\real\Pair2_hd_vg_130m_hd_vg_130m_02384__0xRkyu_39UE.17_1.mp4,0
F:\MEngDatasets\GenVidBench\GenVidBench\Pair2\hd_vg_130m\hd_vg_130m\08363___6bUDjs73UZg.33_0.mp4,Pair2\hd_vg_130m\hd_vg_130m\08363___6bUDjs73UZg.33_0.mp4,0,real,Pair2,hd_vg_130m,GenVidBench,False,D:\HaitongNi\MEngProject_SecondBench\02_D3\cache\frames\real\Pair2_hd_vg_130m_hd_vg_130m_08363__6bUDjs73UZg.33_0.mp4,0
F:\MEngDatasets\GenVidBench\GenVidBench\Pair1\vript\vript\-7rMo-TJCbI-Scene-148.mp4,Pair1\vript\vript\-7rMo-TJCbI-Scene-148.mp4,0,real,Pair1,vript,GenVidBench,False,D:\HaitongNi\MEngProject_SecondBench\02_D3\cache\frames\real\Pair1_vript_vript_-7rMo-TJCbI-Scene-148.mp4,0
F:\MEngDatasets\GenVidBench\GenVidBench\Pair2\hd_vg_130m\hd_vg_130m\09333___C7qG7sRKa-0.0_0.mp4,Pair2\hd_vg_130m\hd_vg_130m\09333___C7qG7sRKa-0.0_0.mp4,0,real,Pair2,hd_vg_130m,GenVidBench,False,D:\HaitongNi\MEngProject_SecondBench\02_D3\cache\frames\real\Pair2_hd_vg_130m_hd_vg_130m_09333__C7qG7sRKa-0.0_0.mp4,0
F:\MEngDatasets\GenVidBench\GenVidBench\Pair2\hd_vg_130m\hd_vg_130m\13233___EflFM6MhhYQ.12_2.mp4,Pair2\hd_vg_130m\hd_vg_130m\13233___EflFM6MhhYQ.12_2.mp4,0,real,Pair2,hd_vg_130m,GenVidBench,False,D:\HaitongNi\MEngProject_SecondBench\02_D3\cache\frames\real\Pair2_hd_vg_130m_hd_vg_130m_13233__EflFM6MhhYQ.12_2.mp4,0
F:\MEngDatasets\GenVidBench\GenVidBench\Pair1\vript\vript\-TT_Igi7gME-Scene-018.mp4,Pair1\vript\vript\-TT_Igi7gME-Scene-018.mp4,0,real,Pair1,vript,GenVidBench,False,D:\HaitongNi\MEngProject_SecondBench\02_D3\cache\frames\real\Pair1_vript_vript_-TT_Igi7gME-Scene-018.mp4,0
F:\MEngDatasets\GenVidBench\GenVidBench\Pair2\hd_vg_130m\hd_vg_130m\00317___-NKrNpQ7ZeY.20_2.mp4,Pair2\hd_vg_130m\hd_vg_130m\00317___-NKrNpQ7ZeY.20_2.mp4,0,real,Pair2,hd_vg_130m,GenVidBench,False,D:\HaitongNi\MEngProject_SecondBench\02_D3\cache\frames\real\Pair2_hd_vg_130m_hd_vg_130m_00317__-NKrNpQ7ZeY.20_2.mp4,0
F:\MEngDatasets\GenVidBench\GenVidBench\Pair2\hd_vg_130m\hd_vg_130m\08798___BhHnVz4jDN8.1_5.mp4,Pair2\hd_vg_130m\hd_vg_130m\08798___BhHnVz4jDN8.1_5.mp4,0,real,Pair2,hd_vg_130m,GenVidBench,False,D:\HaitongNi\MEngProject_SecondBench\02_D3\cache\frames\real\Pair2_hd_vg_130m_hd_vg_130m_08798__BhHnVz4jDN8.1_5.mp4,0
F:\MEngDatasets\GenVidBench\GenVidBench\Pair1\vript\vript\-5kkT_RBHk8-Scene-111.mp4,Pair1\vript\vript\-5kkT_RBHk8-Scene-111.mp4,0,real,Pair1,vript,GenVidBench,False,D:\HaitongNi\MEngProject_SecondBench\02_D3\cache\frames\real\Pair1_vript_vript_-5kkT_RBHk8-Scene-111.mp4,0
F:\MEngDatasets\GenVidBench\GenVidBench\Pair1\vript\vript\04pOrJ3GnOM-Scene-018.mp4,Pair1\vript\vript\04pOrJ3GnOM-Scene-018.mp4,0,real,Pair1,vript,GenVidBench,False,D:\HaitongNi\MEngProject_SecondBench\02_D3\cache\frames\real\Pair1_vript_vript_04pOrJ3GnOM-Scene-018.mp4,0
F:\MEngDatasets\GenVidBench\GenVidBench\Pair2\hd_vg_130m\hd_vg_130m\06444___BC2fZVcB9ww.1_2.mp4,Pair2\hd_vg_130m\hd_vg_130m\06444___BC2fZVcB9ww.1_2.mp4,0,real,Pair2,hd_vg_130m,GenVidBench,False,D:\HaitongNi\MEngProject_SecondBench\02_D3\cache\frames\real\Pair2_hd_vg_130m_hd_vg_130m_06444__BC2fZVcB9ww.1_2.mp4,0
F:\MEngDatasets\GenVidBench\GenVidBench\Pair2\hd_vg_130m\hd_vg_130m\07553___6jhuSjAHRlI.16_0.mp4,Pair2\hd_vg_130m\hd_vg_130m\07553___6jhuSjAHRlI.16_0.mp4,0,real,Pair2,hd_vg_130m,GenVidBench,False,D:\HaitongNi\MEngProject_SecondBench\02_D3\cache\frames\real\Pair2_hd_vg_130m_hd_vg_130m_07553__6jhuSjAHRlI.16_0.mp4,0
F:\MEngDatasets\GenVidBench\GenVidBench\Pair1\vript\vript\-b9sTS7kcC4-Scene-017.mp4,Pair1\vript\vript\-b9sTS7kcC4-Scene-017.mp4,0,real,Pair1,vript,GenVidBench,False,D:\HaitongNi\MEngProject_SecondBench\02_D3\cache\frames\real\Pair1_vript_vript_-b9sTS7kcC4-Scene-017.mp4,0
F:\MEngDatasets\GenVidBench\GenVidBench\Pair2\hd_vg_130m\hd_vg_130m\02637___25yquwhDIzg.0_0.mp4,Pair2\hd_vg_130m\hd_vg_130m\02637___25yquwhDIzg.0_0.mp4,0,real,Pair2,hd_vg_130m,GenVidBench,False,D:\HaitongNi\MEngProject_SecondBench\02_D3\cache\frames\real\Pair2_hd_vg_130m_hd_vg_130m_02637__25yquwhDIzg.0_0.mp4,0
F:\MEngDatasets\GenVidBench\GenVidBench\Pair2\hd_vg_130m\hd_vg_130m\03026___-ZEGPQAOn7I.25_0.mp4,Pair2\hd_vg_130m\hd_vg_130m\03026___-ZEGPQAOn7I.25_0.mp4,0,real,Pair2,hd_vg_130m,GenVidBench,False,D:\HaitongNi\MEngProject_SecondBench\02_D3\cache\frames\real\Pair2_hd_vg_130m_hd_vg_130m_03026__-ZEGPQAOn7I.25_0.mp4,0
F:\MEngDatasets\GenVidBench\GenVidBench\Pair1\vript\vript\-F3jb9eoKS8-Scene-033.mp4,Pair1\vript\vript\-F3jb9eoKS8-Scene-033.mp4,0,real,Pair1,vript,GenVidBench,False,D:\HaitongNi\MEngProject_SecondBench\02_D3\cache\frames\real\Pair1_vript_vript_-F3jb9eoKS8-Scene-033.mp4,0
F:\MEngDatasets\GenVidBench\GenVidBench\Pair1\vript\vript\-6iIC9iblj0-Scene-026.mp4,Pair1\vript\vript\-6iIC9iblj0-Scene-026.mp4,0,real,Pair1,vript,GenVidBench,False,D:\HaitongNi\MEngProject_SecondBench\02_D3\cache\frames\real\Pair1_vript_vript_-6iIC9iblj0-Scene-026.mp4,0
F:\MEngDatasets\GenVidBench\GenVidBench\Pair1\vript\vript\-IBSPylJNR4-Scene-019.mp4,Pair1\vript\vript\-IBSPylJNR4-Scene-019.mp4,0,real,Pair1,vript,GenVidBench,False,D:\HaitongNi\MEngProject_SecondBench\02_D3\cache\frames\real\Pair1_vript_vript_-IBSPylJNR4-Scene-019.mp4,0
F:\MEngDatasets\GenVidBench\GenVidBench\Pair2\hd_vg_130m\hd_vg_130m\12625___GAKUeQsM_Vg.3_0.mp4,Pair2\hd_vg_130m\hd_vg_130m\12625___GAKUeQsM_Vg.3_0.mp4,0,real,Pair2,hd_vg_130m,GenVidBench,False,D:\HaitongNi\MEngProject_SecondBench\02_D3\cache\frames\real\Pair2_hd_vg_130m_hd_vg_130m_12625__GAKUeQsM_Vg.3_0.mp4,0
F:\MEngDatasets\GenVidBench\GenVidBench\Pair2\hd_vg_130m\hd_vg_130m\07413___BHNfCZFJ8hg.13_0.mp4,Pair2\hd_vg_130m\hd_vg_130m\07413___BHNfCZFJ8hg.13_0.mp4,0,real,Pair2,hd_vg_130m,GenVidBench,False,D:\HaitongNi\MEngProject_SecondBench\02_D3\cache\frames\real\Pair2_hd_vg_130m_hd_vg_130m_07413__BHNfCZFJ8hg.13_0.mp4,0
F:\MEngDatasets\GenVidBench\GenVidBench\Pair1\vript\vript\-8upat2I7as-Scene-003.mp4,Pair1\vript\vript\-8upat2I7as-Scene-003.mp4,0,real,Pair1,vript,GenVidBench,False,D:\HaitongNi\MEngProject_SecondBench\02_D3\cache\frames\real\Pair1_vript_vript_-8upat2I7as-Scene-003.mp4,0
F:\MEngDatasets\GenVidBench\GenVidBench\Pair2\hd_vg_130m\hd_vg_130m\00171___-ozYm2_O1mQ.1_0.mp4,Pair2\hd_vg_130m\hd_vg_130m\00171___-ozYm2_O1mQ.1_0.mp4,0,real,Pair2,hd_vg_130m,GenVidBench,False,D:\HaitongNi\MEngProject_SecondBench\02_D3\cache\frames\real\Pair2_hd_vg_130m_hd_vg_130m_00171__-ozYm2_O1mQ.1_0.mp4,0
F:\MEngDatasets\GenVidBench\GenVidBench\Pair2\hd_vg_130m\hd_vg_130m\02854___1xmHHboQDfg.19_2.mp4,Pair2\hd_vg_130m\hd_vg_130m\02854___1xmHHboQDfg.19_2.mp4,0,real,Pair2,hd_vg_130m,GenVidBench,False,D:\HaitongNi\MEngProject_SecondBench\02_D3\cache\frames\real\Pair2_hd_vg_130m_hd_vg_130m_02854__1xmHHboQDfg.19_2.mp4,0
F:\MEngDatasets\GenVidBench\GenVidBench\Pair1\vript\vript\-L7T3aHyVBY-Scene-028.mp4,Pair1\vript\vript\-L7T3aHyVBY-Scene-028.mp4,0,real,Pair1,vript,GenVidBench,False,D:\HaitongNi\MEngProject_SecondBench\02_D3\cache\frames\real\Pair1_vript_vript_-L7T3aHyVBY-Scene-028.mp4,0
F:\MEngDatasets\GenVidBench\GenVidBench\Pair2\hd_vg_130m\hd_vg_130m\02272___1CYJHlEMFD4.1_0.mp4,Pair2\hd_vg_130m\hd_vg_130m\02272___1CYJHlEMFD4.1_0.mp4,0,real,Pair2,hd_vg_130m,GenVidBench,False,D:\HaitongNi\MEngProject_SecondBench\02_D3\cache\frames\real\Pair2_hd_vg_130m_hd_vg_130m_02272__1CYJHlEMFD4.1_0.mp4,0
F:\MEngDatasets\GenVidBench\GenVidBench\Pair2\hd_vg_130m\hd_vg_130m\13727___GnIaOWhMfG8.0_0.mp4,Pair2\hd_vg_130m\hd_vg_130m\13727___GnIaOWhMfG8.0_0.mp4,0,real,Pair2,hd_vg_130m,GenVidBench,False,D:\HaitongNi\MEngProject_SecondBench\02_D3\cache\frames\real\Pair2_hd_vg_130m_hd_vg_130m_13727__GnIaOWhMfG8.0_0.mp4,0
F:\MEngDatasets\GenVidBench\GenVidBench\Pair1\vript\vript\0FSHBq27aWg-Scene-001.mp4,Pair1\vript\vript\0FSHBq27aWg-Scene-001.mp4,0,real,Pair1,vript,GenVidBench,False,D:\HaitongNi\MEngProject_SecondBench\02_D3\cache\frames\real\Pair1_vript_vript_0FSHBq27aWg-Scene-001.mp4,0
F:\MEngDatasets\GenVidBench\GenVidBench\Pair2\hd_vg_130m\hd_vg_130m\00500___4tHUGF2EEpI.26_0.mp4,Pair2\hd_vg_130m\hd_vg_130m\00500___4tHUGF2EEpI.26_0.mp4,0,real,Pair2,hd_vg_130m,GenVidBench,False,D:\HaitongNi\MEngProject_SecondBench\02_D3\cache\frames\real\Pair2_hd_vg_130m_hd_vg_130m_00500__4tHUGF2EEpI.26_0.mp4,0
F:\MEngDatasets\GenVidBench\GenVidBench\Pair1\vript\vript\-fcVoEd8_y4-Scene-015.mp4,Pair1\vript\vript\-fcVoEd8_y4-Scene-015.mp4,0,real,Pair1,vript,GenVidBench,False,D:\HaitongNi\MEngProject_SecondBench\02_D3\cache\frames\real\Pair1_vript_vript_-fcVoEd8_y4-Scene-015.mp4,0
F:\MEngDatasets\GenVidBench\GenVidBench\Pair2\hd_vg_130m\hd_vg_130m\00391___48JTh6ZStfI.18_0.mp4,Pair2\hd_vg_130m\hd_vg_130m\00391___48JTh6ZStfI.18_0.mp4,0,real,Pair2,hd_vg_130m,GenVidBench,False,D:\HaitongNi\MEngProject_SecondBench\02_D3\cache\frames\real\Pair2_hd_vg_130m_hd_vg_130m_00391__48JTh6ZStfI.18_0.mp4,0
F:\MEngDatasets\GenVidBench\GenVidBench\Pair1\vript\vript\-RY8EuEgedY-Scene-024.mp4,Pair1\vript\vript\-RY8EuEgedY-Scene-024.mp4,0,real,Pair1,vript,GenVidBench,False,D:\HaitongNi\MEngProject_SecondBench\02_D3\cache\frames\real\Pair1_vript_vript_-RY8EuEgedY-Scene-024.mp4,0
F:\MEngDatasets\GenVidBench\GenVidBench\Pair2\hd_vg_130m\hd_vg_130m\00548___3fioM7OJbHM.6_2.mp4,Pair2\hd_vg_130m\hd_vg_130m\00548___3fioM7OJbHM.6_2.mp4,0,real,Pair2,hd_vg_130m,GenVidBench,False,D:\HaitongNi\MEngProject_SecondBench\02_D3\cache\frames\real\Pair2_hd_vg_130m_hd_vg_130m_00548__3fioM7OJbHM.6_2.mp4,0
F:\MEngDatasets\GenVidBench\GenVidBench\Pair1\vript\vript\-wBRFI1bqXE-Scene-062.mp4,Pair1\vript\vript\-wBRFI1bqXE-Scene-062.mp4,0,real,Pair1,vript,GenVidBench,False,D:\HaitongNi\MEngProject_SecondBench\02_D3\cache\frames\real\Pair1_vript_vript_-wBRFI1bqXE-Scene-062.mp4,0
F:\MEngDatasets\GenVidBench\GenVidBench\Pair1\vript\vript\-SilAqrDTw8-Scene-062.mp4,Pair1\vript\vript\-SilAqrDTw8-Scene-062.mp4,0,real,Pair1,vript,GenVidBench,False,D:\HaitongNi\MEngProject_SecondBench\02_D3\cache\frames\real\Pair1_vript_vript_-SilAqrDTw8-Scene-062.mp4,0
F:\MEngDatasets\GenVidBench\GenVidBench\Pair2\hd_vg_130m\hd_vg_130m\11424___EZr_THYPtXU.1_1.mp4,Pair2\hd_vg_130m\hd_vg_130m\11424___EZr_THYPtXU.1_1.mp4,0,real,Pair2,hd_vg_130m,GenVidBench,False,D:\HaitongNi\MEngProject_SecondBench\02_D3\cache\frames\real\Pair2_hd_vg_130m_hd_vg_130m_11424__EZr_THYPtXU.1_1.mp4,0
F:\MEngDatasets\GenVidBench\GenVidBench\Pair1\vript\vript\-c88ZCPF10M-Scene-232.mp4,Pair1\vript\vript\-c88ZCPF10M-Scene-232.mp4,0,real,Pair1,vript,GenVidBench,False,D:\HaitongNi\MEngProject_SecondBench\02_D3\cache\frames\real\Pair1_vript_vript_-c88ZCPF10M-Scene-232.mp4,0
F:\MEngDatasets\GenVidBench\GenVidBench\Pair1\vript\vript\-TPF9fnqZXk-Scene-037.mp4,Pair1\vript\vript\-TPF9fnqZXk-Scene-037.mp4,0,real,Pair1,vript,GenVidBench,False,D:\HaitongNi\MEngProject_SecondBench\02_D3\cache\frames\real\Pair1_vript_vript_-TPF9fnqZXk-Scene-037.mp4,0
F:\MEngDatasets\GenVidBench\GenVidBench\Pair1\vript\vript\-8DcaBhYbHI-Scene-077.mp4,Pair1\vript\vript\-8DcaBhYbHI-Scene-077.mp4,0,real,Pair1,vript,GenVidBench,False,D:\HaitongNi\MEngProject_SecondBench\02_D3\cache\frames\real\Pair1_vript_vript_-8DcaBhYbHI-Scene-077.mp4,0
F:\MEngDatasets\GenVidBench\GenVidBench\Pair1\vript\vript\-9IXrnrORYU-Scene-039.mp4,Pair1\vript\vript\-9IXrnrORYU-Scene-039.mp4,0,real,Pair1,vript,GenVidBench,False,D:\HaitongNi\MEngProject_SecondBench\02_D3\cache\frames\real\Pair1_vript_vript_-9IXrnrORYU-Scene-039.mp4,0
F:\MEngDatasets\GenVidBench\GenVidBench\Pair2\hd_vg_130m\hd_vg_130m\03205___-oOTYyny5VI.21_1.mp4,Pair2\hd_vg_130m\hd_vg_130m\03205___-oOTYyny5VI.21_1.mp4,0,real,Pair2,hd_vg_130m,GenVidBench,False,D:\HaitongNi\MEngProject_SecondBench\02_D3\cache\frames\real\Pair2_hd_vg_130m_hd_vg_130m_03205__-oOTYyny5VI.21_1.mp4,0
F:\MEngDatasets\GenVidBench\GenVidBench\Pair1\vript\vript\-1RsCsSKt7A-Scene-067.mp4,Pair1\vript\vript\-1RsCsSKt7A-Scene-067.mp4,0,real,Pair1,vript,GenVidBench,False,D:\HaitongNi\MEngProject_SecondBench\02_D3\cache\frames\real\Pair1_vript_vript_-1RsCsSKt7A-Scene-067.mp4,0
F:\MEngDatasets\GenVidBench\GenVidBench\Pair2\hd_vg_130m\hd_vg_130m\11426___Hc6FBa0EWp8.4_0.mp4,Pair2\hd_vg_130m\hd_vg_130m\11426___Hc6FBa0EWp8.4_0.mp4,0,real,Pair2,hd_vg_130m,GenVidBench,False,D:\HaitongNi\MEngProject_SecondBench\02_D3\cache\frames\real\Pair2_hd_vg_130m_hd_vg_130m_11426__Hc6FBa0EWp8.4_0.mp4,0
F:\MEngDatasets\GenVidBench\GenVidBench\Pair2\hd_vg_130m\hd_vg_130m\08801___5afrtpsmz5M.16_1.mp4,Pair2\hd_vg_130m\hd_vg_130m\08801___5afrtpsmz5M.16_1.mp4,0,real,Pair2,hd_vg_130m,GenVidBench,False,D:\HaitongNi\MEngProject_SecondBench\02_D3\cache\frames\real\Pair2_hd_vg_130m_hd_vg_130m_08801__5afrtpsmz5M.16_1.mp4,0
F:\MEngDatasets\GenVidBench\GenVidBench\Pair2\hd_vg_130m\hd_vg_130m\13739___DfCaemLAfVE.18_1.mp4,Pair2\hd_vg_130m\hd_vg_130m\13739___DfCaemLAfVE.18_1.mp4,0,real,Pair2,hd_vg_130m,GenVidBench,False,D:\HaitongNi\MEngProject_SecondBench\02_D3\cache\frames\real\Pair2_hd_vg_130m_hd_vg_130m_13739__DfCaemLAfVE.18_1.mp4,0
F:\MEngDatasets\GenVidBench\GenVidBench\Pair1\vript\vript\-C1-SRVKuBg-Scene-005.mp4,Pair1\vript\vript\-C1-SRVKuBg-Scene-005.mp4,0,real,Pair1,vript,GenVidBench,False,D:\HaitongNi\MEngProject_SecondBench\02_D3\cache\frames\real\Pair1_vript_vript_-C1-SRVKuBg-Scene-005.mp4,0
F:\MEngDatasets\GenVidBench\GenVidBench\Pair1\vript\vript\-tD02vztV6g-Scene-061.mp4,Pair1\vript\vript\-tD02vztV6g-Scene-061.mp4,0,real,Pair1,vript,GenVidBench,False,D:\HaitongNi\MEngProject_SecondBench\02_D3\cache\frames\real\Pair1_vript_vript_-tD02vztV6g-Scene-061.mp4,0
F:\MEngDatasets\GenVidBench\GenVidBench\Pair1\vript\vript\-T8OEzoW-Aw-Scene-128.mp4,Pair1\vript\vript\-T8OEzoW-Aw-Scene-128.mp4,0,real,Pair1,vript,GenVidBench,False,D:\HaitongNi\MEngProject_SecondBench\02_D3\cache\frames\real\Pair1_vript_vript_-T8OEzoW-Aw-Scene-128.mp4,0
F:\MEngDatasets\GenVidBench\GenVidBench\Pair2\hd_vg_130m\hd_vg_130m\07235___A6wZq_PeD4Y.11_0.mp4,Pair2\hd_vg_130m\hd_vg_130m\07235___A6wZq_PeD4Y.11_0.mp4,0,real,Pair2,hd_vg_130m,GenVidBench,False,D:\HaitongNi\MEngProject_SecondBench\02_D3\cache\frames\real\Pair2_hd_vg_130m_hd_vg_130m_07235__A6wZq_PeD4Y.11_0.mp4,0
F:\MEngDatasets\GenVidBench\GenVidBench\Pair2\hd_vg_130m\hd_vg_130m\08731___6owe8huyFS0.0_0.mp4,Pair2\hd_vg_130m\hd_vg_130m\08731___6owe8huyFS0.0_0.mp4,0,real,Pair2,hd_vg_130m,GenVidBench,False,D:\HaitongNi\MEngProject_SecondBench\02_D3\cache\frames\real\Pair2_hd_vg_130m_hd_vg_130m_08731__6owe8huyFS0.0_0.mp4,0
F:\MEngDatasets\GenVidBench\GenVidBench\Pair2\hd_vg_130m\hd_vg_130m\03835___0UsIv4bnX5M.6_0.mp4,Pair2\hd_vg_130m\hd_vg_130m\03835___0UsIv4bnX5M.6_0.mp4,0,real,Pair2,hd_vg_130m,GenVidBench,False,D:\HaitongNi\MEngProject_SecondBench\02_D3\cache\frames\real\Pair2_hd_vg_130m_hd_vg_130m_03835__0UsIv4bnX5M.6_0.mp4,0
F:\MEngDatasets\GenVidBench\GenVidBench\Pair1\vript\vript\-Hpg214Kk_U-Scene-012.mp4,Pair1\vript\vript\-Hpg214Kk_U-Scene-012.mp4,0,real,Pair1,vript,GenVidBench,False,D:\HaitongNi\MEngProject_SecondBench\02_D3\cache\frames\real\Pair1_vript_vript_-Hpg214Kk_U-Scene-012.mp4,0
F:\MEngDatasets\GenVidBench\GenVidBench\Pair1\vript\vript\-8vE8JrxABo-Scene-035.mp4,Pair1\vript\vript\-8vE8JrxABo-Scene-035.mp4,0,real,Pair1,vript,GenVidBench,False,D:\HaitongNi\MEngProject_SecondBench\02_D3\cache\frames\real\Pair1_vript_vript_-8vE8JrxABo-Scene-035.mp4,0
F:\MEngDatasets\GenVidBench\GenVidBench\Pair2\hd_vg_130m\hd_vg_130m\06502___8_PcURNK_ss.19_0.mp4,Pair2\hd_vg_130m\hd_vg_130m\06502___8_PcURNK_ss.19_0.mp4,0,real,Pair2,hd_vg_130m,GenVidBench,False,D:\HaitongNi\MEngProject_SecondBench\02_D3\cache\frames\real\Pair2_hd_vg_130m_hd_vg_130m_06502__8_PcURNK_ss.19_0.mp4,0
F:\MEngDatasets\GenVidBench\GenVidBench\Pair2\hd_vg_130m\hd_vg_130m\03114___1Oupzn1YvAE.14_0.mp4,Pair2\hd_vg_130m\hd_vg_130m\03114___1Oupzn1YvAE.14_0.mp4,0,real,Pair2,hd_vg_130m,GenVidBench,False,D:\HaitongNi\MEngProject_SecondBench\02_D3\cache\frames\real\Pair2_hd_vg_130m_hd_vg_130m_03114__1Oupzn1YvAE.14_0.mp4,0
F:\MEngDatasets\GenVidBench\GenVidBench\Pair1\vript\vript\-P2rqYVqLhM-Scene-037.mp4,Pair1\vript\vript\-P2rqYVqLhM-Scene-037.mp4,0,real,Pair1,vript,GenVidBench,False,D:\HaitongNi\MEngProject_SecondBench\02_D3\cache\frames\real\Pair1_vript_vript_-P2rqYVqLhM-Scene-037.mp4,0
F:\MEngDatasets\GenVidBench\GenVidBench\Pair2\hd_vg_130m\hd_vg_130m\10898___EVfpBLsXM9g.4_0.mp4,Pair2\hd_vg_130m\hd_vg_130m\10898___EVfpBLsXM9g.4_0.mp4,0,real,Pair2,hd_vg_130m,GenVidBench,False,D:\HaitongNi\MEngProject_SecondBench\02_D3\cache\frames\real\Pair2_hd_vg_130m_hd_vg_130m_10898__EVfpBLsXM9g.4_0.mp4,0
F:\MEngDatasets\GenVidBench\GenVidBench\Pair1\vript\vript\-NRpuiOcclo-Scene-035.mp4,Pair1\vript\vript\-NRpuiOcclo-Scene-035.mp4,0,real,Pair1,vript,GenVidBench,False,D:\HaitongNi\MEngProject_SecondBench\02_D3\cache\frames\real\Pair1_vript_vript_-NRpuiOcclo-Scene-035.mp4,0
F:\MEngDatasets\GenVidBench\GenVidBench\Pair2\hd_vg_130m\hd_vg_130m\04974___AZD64PPFkn0.25_1.mp4,Pair2\hd_vg_130m\hd_vg_130m\04974___AZD64PPFkn0.25_1.mp4,0,real,Pair2,hd_vg_130m,GenVidBench,False,D:\HaitongNi\MEngProject_SecondBench\02_D3\cache\frames\real\Pair2_hd_vg_130m_hd_vg_130m_04974__AZD64PPFkn0.25_1.mp4,0
F:\MEngDatasets\GenVidBench\GenVidBench\Pair1\vript\vript\04pOrJ3GnOM-Scene-022.mp4,Pair1\vript\vript\04pOrJ3GnOM-Scene-022.mp4,0,real,Pair1,vript,GenVidBench,False,D:\HaitongNi\MEngProject_SecondBench\02_D3\cache\frames\real\Pair1_vript_vript_04pOrJ3GnOM-Scene-022.mp4,0
F:\MEngDatasets\GenVidBench\GenVidBench\Pair2\hd_vg_130m\hd_vg_130m\03457___4NGA1cLWqzQ.10_4.mp4,Pair2\hd_vg_130m\hd_vg_130m\03457___4NGA1cLWqzQ.10_4.mp4,0,real,Pair2,hd_vg_130m,GenVidBench,False,D:\HaitongNi\MEngProject_SecondBench\02_D3\cache\frames\real\Pair2_hd_vg_130m_hd_vg_130m_03457__4NGA1cLWqzQ.10_4.mp4,0
F:\MEngDatasets\GenVidBench\GenVidBench\Pair2\hd_vg_130m\hd_vg_130m\07076___6HJCB2sU69w.17_3.mp4,Pair2\hd_vg_130m\hd_vg_130m\07076___6HJCB2sU69w.17_3.mp4,0,real,Pair2,hd_vg_130m,GenVidBench,False,D:\HaitongNi\MEngProject_SecondBench\02_D3\cache\frames\real\Pair2_hd_vg_130m_hd_vg_130m_07076__6HJCB2sU69w.17_3.mp4,0
F:\MEngDatasets\GenVidBench\GenVidBench\Pair2\hd_vg_130m\hd_vg_130m\08531___Bf-DNUSv2NM.5_1.mp4,Pair2\hd_vg_130m\hd_vg_130m\08531___Bf-DNUSv2NM.5_1.mp4,0,real,Pair2,hd_vg_130m,GenVidBench,False,D:\HaitongNi\MEngProject_SecondBench\02_D3\cache\frames\real\Pair2_hd_vg_130m_hd_vg_130m_08531__Bf-DNUSv2NM.5_1.mp4,0
F:\MEngDatasets\GenVidBench\GenVidBench\Pair1\vript\vript\-Tznlx878UU-Scene-288.mp4,Pair1\vript\vript\-Tznlx878UU-Scene-288.mp4,0,real,Pair1,vript,GenVidBench,False,D:\HaitongNi\MEngProject_SecondBench\02_D3\cache\frames\real\Pair1_vript_vript_-Tznlx878UU-Scene-288.mp4,0
F:\MEngDatasets\GenVidBench\GenVidBench\Pair2\hd_vg_130m\hd_vg_130m\00065___2PCwnCC5Sw0.1_3.mp4,Pair2\hd_vg_130m\hd_vg_130m\00065___2PCwnCC5Sw0.1_3.mp4,0,real,Pair2,hd_vg_130m,GenVidBench,False,D:\HaitongNi\MEngProject_SecondBench\02_D3\cache\frames\real\Pair2_hd_vg_130m_hd_vg_130m_00065__2PCwnCC5Sw0.1_3.mp4,0
F:\MEngDatasets\GenVidBench\GenVidBench\Pair1\vript\vript\-gwzJWXvJuo-Scene-010.mp4,Pair1\vript\vript\-gwzJWXvJuo-Scene-010.mp4,0,real,Pair1,vript,GenVidBench,False,D:\HaitongNi\MEngProject_SecondBench\02_D3\cache\frames\real\Pair1_vript_vript_-gwzJWXvJuo-Scene-010.mp4,0
F:\MEngDatasets\GenVidBench\GenVidBench\Pair1\vript\vript\-9LBAHo_5Zc-Scene-020.mp4,Pair1\vript\vript\-9LBAHo_5Zc-Scene-020.mp4,0,real,Pair1,vript,GenVidBench,False,D:\HaitongNi\MEngProject_SecondBench\02_D3\cache\frames\real\Pair1_vript_vript_-9LBAHo_5Zc-Scene-020.mp4,0
F:\MEngDatasets\GenVidBench\GenVidBench\Pair2\hd_vg_130m\hd_vg_130m\07171___7h31FF5lbWw.1_1.mp4,Pair2\hd_vg_130m\hd_vg_130m\07171___7h31FF5lbWw.1_1.mp4,0,real,Pair2,hd_vg_130m,GenVidBench,False,D:\HaitongNi\MEngProject_SecondBench\02_D3\cache\frames\real\Pair2_hd_vg_130m_hd_vg_130m_07171__7h31FF5lbWw.1_1.mp4,0
F:\MEngDatasets\GenVidBench\GenVidBench\Pair1\vript\vript\-BDQmaMlb2g-Scene-014.mp4,Pair1\vript\vript\-BDQmaMlb2g-Scene-014.mp4,0,real,Pair1,vript,GenVidBench,False,D:\HaitongNi\MEngProject_SecondBench\02_D3\cache\frames\real\Pair1_vript_vript_-BDQmaMlb2g-Scene-014.mp4,0
F:\MEngDatasets\GenVidBench\GenVidBench\Pair2\hd_vg_130m\hd_vg_130m\00184___2-UK61Str2w.14_0.mp4,Pair2\hd_vg_130m\hd_vg_130m\00184___2-UK61Str2w.14_0.mp4,0,real,Pair2,hd_vg_130m,GenVidBench,False,D:\HaitongNi\MEngProject_SecondBench\02_D3\cache\frames\real\Pair2_hd_vg_130m_hd_vg_130m_00184__2-UK61Str2w.14_0.mp4,0
F:\MEngDatasets\GenVidBench\GenVidBench\Pair1\vript\vript\-bvYuskY0ZQ-Scene-014.mp4,Pair1\vript\vript\-bvYuskY0ZQ-Scene-014.mp4,0,real,Pair1,vript,GenVidBench,False,D:\HaitongNi\MEngProject_SecondBench\02_D3\cache\frames\real\Pair1_vript_vript_-bvYuskY0ZQ-Scene-014.mp4,0
F:\MEngDatasets\GenVidBench\GenVidBench\Pair1\vript\vript\-1o0lgzDaig-Scene-046.mp4,Pair1\vript\vript\-1o0lgzDaig-Scene-046.mp4,0,real,Pair1,vript,GenVidBench,False,D:\HaitongNi\MEngProject_SecondBench\02_D3\cache\frames\real\Pair1_vript_vript_-1o0lgzDaig-Scene-046.mp4,0
F:\MEngDatasets\GenVidBench\GenVidBench\Pair1\vript\vript\007EvOaWFOA-Scene-005.mp4,Pair1\vript\vript\007EvOaWFOA-Scene-005.mp4,0,real,Pair1,vript,GenVidBench,False,D:\HaitongNi\MEngProject_SecondBench\02_D3\cache\frames\real\Pair1_vript_vript_007EvOaWFOA-Scene-005.mp4,0
F:\MEngDatasets\GenVidBench\GenVidBench\Pair1\vript\vript\-3UrpyzrrB8-Scene-019.mp4,Pair1\vript\vript\-3UrpyzrrB8-Scene-019.mp4,0,real,Pair1,vript,GenVidBench,False,D:\HaitongNi\MEngProject_SecondBench\02_D3\cache\frames\real\Pair1_vript_vript_-3UrpyzrrB8-Scene-019.mp4,0
F:\MEngDatasets\GenVidBench\GenVidBench\Pair2\hd_vg_130m\hd_vg_130m\13026___CYYAIeG_DiY.0_1.mp4,Pair2\hd_vg_130m\hd_vg_130m\13026___CYYAIeG_DiY.0_1.mp4,0,real,Pair2,hd_vg_130m,GenVidBench,False,D:\HaitongNi\MEngProject_SecondBench\02_D3\cache\frames\real\Pair2_hd_vg_130m_hd_vg_130m_13026__CYYAIeG_DiY.0_1.mp4,0
F:\MEngDatasets\GenVidBench\GenVidBench\Pair2\hd_vg_130m\hd_vg_130m\11079___FU0gjrzvGbs.7_2.mp4,Pair2\hd_vg_130m\hd_vg_130m\11079___FU0gjrzvGbs.7_2.mp4,0,real,Pair2,hd_vg_130m,GenVidBench,False,D:\HaitongNi\MEngProject_SecondBench\02_D3\cache\frames\real\Pair2_hd_vg_130m_hd_vg_130m_11079__FU0gjrzvGbs.7_2.mp4,0
F:\MEngDatasets\GenVidBench\GenVidBench\Pair2\hd_vg_130m\hd_vg_130m\10869___EOIkR5KZnWc.14_0.mp4,Pair2\hd_vg_130m\hd_vg_130m\10869___EOIkR5KZnWc.14_0.mp4,0,real,Pair2,hd_vg_130m,GenVidBench,False,D:\HaitongNi\MEngProject_SecondBench\02_D3\cache\frames\real\Pair2_hd_vg_130m_hd_vg_130m_10869__EOIkR5KZnWc.14_0.mp4,0
F:\MEngDatasets\GenVidBench\GenVidBench\Pair1\vript\vript\073BMGVWan0-Scene-061.mp4,Pair1\vript\vript\073BMGVWan0-Scene-061.mp4,0,real,Pair1,vript,GenVidBench,False,D:\HaitongNi\MEngProject_SecondBench\02_D3\cache\frames\real\Pair1_vript_vript_073BMGVWan0-Scene-061.mp4,0
F:\MEngDatasets\GenVidBench\GenVidBench\Pair2\hd_vg_130m\hd_vg_130m\11161___ExP65Wf15AY.5_0.mp4,Pair2\hd_vg_130m\hd_vg_130m\11161___ExP65Wf15AY.5_0.mp4,0,real,Pair2,hd_vg_130m,GenVidBench,False,D:\HaitongNi\MEngProject_SecondBench\02_D3\cache\frames\real\Pair2_hd_vg_130m_hd_vg_130m_11161__ExP65Wf15AY.5_0.mp4,0
F:\MEngDatasets\GenVidBench\GenVidBench\Pair1\vript\vript\-c88ZCPF10M-Scene-023.mp4,Pair1\vript\vript\-c88ZCPF10M-Scene-023.mp4,0,real,Pair1,vript,GenVidBench,False,D:\HaitongNi\MEngProject_SecondBench\02_D3\cache\frames\real\Pair1_vript_vript_-c88ZCPF10M-Scene-023.mp4,0
F:\MEngDatasets\GenVidBench\GenVidBench\Pair1\vript\vript\-Tznlx878UU-Scene-388.mp4,Pair1\vript\vript\-Tznlx878UU-Scene-388.mp4,0,real,Pair1,vript,GenVidBench,False,D:\HaitongNi\MEngProject_SecondBench\02_D3\cache\frames\real\Pair1_vript_vript_-Tznlx878UU-Scene-388.mp4,0
F:\MEngDatasets\GenVidBench\GenVidBench\Pair1\vript\vript\047cdginMOo-Scene-010.mp4,Pair1\vript\vript\047cdginMOo-Scene-010.mp4,0,real,Pair1,vript,GenVidBench,False,D:\HaitongNi\MEngProject_SecondBench\02_D3\cache\frames\real\Pair1_vript_vript_047cdginMOo-Scene-010.mp4,0
F:\MEngDatasets\GenVidBench\GenVidBench\Pair2\hd_vg_130m\hd_vg_130m\03162___1ADYm5M9bUA.4_4.mp4,Pair2\hd_vg_130m\hd_vg_130m\03162___1ADYm5M9bUA.4_4.mp4,0,real,Pair2,hd_vg_130m,GenVidBench,False,D:\HaitongNi\MEngProject_SecondBench\02_D3\cache\frames\real\Pair2_hd_vg_130m_hd_vg_130m_03162__1ADYm5M9bUA.4_4.mp4,0
F:\MEngDatasets\GenVidBench\GenVidBench\Pair1\vript\vript\-gPTO0COLL4-Scene-030.mp4,Pair1\vript\vript\-gPTO0COLL4-Scene-030.mp4,0,real,Pair1,vript,GenVidBench,False,D:\HaitongNi\MEngProject_SecondBench\02_D3\cache\frames\real\Pair1_vript_vript_-gPTO0COLL4-Scene-030.mp4,0
F:\MEngDatasets\GenVidBench\GenVidBench\Pair2\hd_vg_130m\hd_vg_130m\04197___4M9BITr1zhg.0_1.mp4,Pair2\hd_vg_130m\hd_vg_130m\04197___4M9BITr1zhg.0_1.mp4,0,real,Pair2,hd_vg_130m,GenVidBench,False,D:\HaitongNi\MEngProject_SecondBench\02_D3\cache\frames\real\Pair2_hd_vg_130m_hd_vg_130m_04197__4M9BITr1zhg.0_1.mp4,0
F:\MEngDatasets\GenVidBench\GenVidBench\Pair2\hd_vg_130m\hd_vg_130m\00646___3UkkuZ_tl-M.1_3.mp4,Pair2\hd_vg_130m\hd_vg_130m\00646___3UkkuZ_tl-M.1_3.mp4,0,real,Pair2,hd_vg_130m,GenVidBench,False,D:\HaitongNi\MEngProject_SecondBench\02_D3\cache\frames\real\Pair2_hd_vg_130m_hd_vg_130m_00646__3UkkuZ_tl-M.1_3.mp4,0
F:\MEngDatasets\GenVidBench\GenVidBench\Pair2\hd_vg_130m\hd_vg_130m\08927___9TeGPKAhJNc.3_0.mp4,Pair2\hd_vg_130m\hd_vg_130m\08927___9TeGPKAhJNc.3_0.mp4,0,real,Pair2,hd_vg_130m,GenVidBench,False,D:\HaitongNi\MEngProject_SecondBench\02_D3\cache\frames\real\Pair2_hd_vg_130m_hd_vg_130m_08927__9TeGPKAhJNc.3_0.mp4,0
F:\MEngDatasets\GenVidBench\GenVidBench\Pair2\hd_vg_130m\hd_vg_130m\13793___ClZUa-Eo4CI.0_6.mp4,Pair2\hd_vg_130m\hd_vg_130m\13793___ClZUa-Eo4CI.0_6.mp4,0,real,Pair2,hd_vg_130m,GenVidBench,False,D:\HaitongNi\MEngProject_SecondBench\02_D3\cache\frames\real\Pair2_hd_vg_130m_hd_vg_130m_13793__ClZUa-Eo4CI.0_6.mp4,0
F:\MEngDatasets\GenVidBench\GenVidBench\Pair1\vript\vript\-H22U5yUnqM-Scene-046.mp4,Pair1\vript\vript\-H22U5yUnqM-Scene-046.mp4,0,real,Pair1,vript,GenVidBench,False,D:\HaitongNi\MEngProject_SecondBench\02_D3\cache\frames\real\Pair1_vript_vript_-H22U5yUnqM-Scene-046.mp4,0
F:\MEngDatasets\GenVidBench\GenVidBench\Pair2\hd_vg_130m\hd_vg_130m\06697___8l03LGSaOdQ.1_3.mp4,Pair2\hd_vg_130m\hd_vg_130m\06697___8l03LGSaOdQ.1_3.mp4,0,real,Pair2,hd_vg_130m,GenVidBench,False,D:\HaitongNi\MEngProject_SecondBench\02_D3\cache\frames\real\Pair2_hd_vg_130m_hd_vg_130m_06697__8l03LGSaOdQ.1_3.mp4,0
F:\MEngDatasets\GenVidBench\GenVidBench\Pair2\hd_vg_130m\hd_vg_130m\02576___3BMFb2gc6Ac.4_0.mp4,Pair2\hd_vg_130m\hd_vg_130m\02576___3BMFb2gc6Ac.4_0.mp4,0,real,Pair2,hd_vg_130m,GenVidBench,False,D:\HaitongNi\MEngProject_SecondBench\02_D3\cache\frames\real\Pair2_hd_vg_130m_hd_vg_130m_02576__3BMFb2gc6Ac.4_0.mp4,0
F:\MEngDatasets\GenVidBench\GenVidBench\Pair1\vript\vript\-kCIAWaqThs-Scene-036.mp4,Pair1\vript\vript\-kCIAWaqThs-Scene-036.mp4,0,real,Pair1,vript,GenVidBench,False,D:\HaitongNi\MEngProject_SecondBench\02_D3\cache\frames\real\Pair1_vript_vript_-kCIAWaqThs-Scene-036.mp4,0
F:\MEngDatasets\GenVidBench\GenVidBench\Pair1\vript\vript\-J74zMyUAno-Scene-005.mp4,Pair1\vript\vript\-J74zMyUAno-Scene-005.mp4,0,real,Pair1,vript,GenVidBench,False,D:\HaitongNi\MEngProject_SecondBench\02_D3\cache\frames\real\Pair1_vript_vript_-J74zMyUAno-Scene-005.mp4,0
F:\MEngDatasets\GenVidBench\GenVidBench\Pair2\hd_vg_130m\hd_vg_130m\13187___GqypISP-XEI.13_0.mp4,Pair2\hd_vg_130m\hd_vg_130m\13187___GqypISP-XEI.13_0.mp4,0,real,Pair2,hd_vg_130m,GenVidBench,False,D:\HaitongNi\MEngProject_SecondBench\02_D3\cache\frames\real\Pair2_hd_vg_130m_hd_vg_130m_13187__GqypISP-XEI.13_0.mp4,0
F:\MEngDatasets\GenVidBench\GenVidBench\Pair2\hd_vg_130m\hd_vg_130m\06344___B9fvzDMC3oQ.6_5.mp4,Pair2\hd_vg_130m\hd_vg_130m\06344___B9fvzDMC3oQ.6_5.mp4,0,real,Pair2,hd_vg_130m,GenVidBench,False,D:\HaitongNi\MEngProject_SecondBench\02_D3\cache\frames\real\Pair2_hd_vg_130m_hd_vg_130m_06344__B9fvzDMC3oQ.6_5.mp4,0
F:\MEngDatasets\GenVidBench\GenVidBench\Pair2\hd_vg_130m\hd_vg_130m\03982___3T_ONJvHlFo.12_0.mp4,Pair2\hd_vg_130m\hd_vg_130m\03982___3T_ONJvHlFo.12_0.mp4,0,real,Pair2,hd_vg_130m,GenVidBench,False,D:\HaitongNi\MEngProject_SecondBench\02_D3\cache\frames\real\Pair2_hd_vg_130m_hd_vg_130m_03982__3T_ONJvHlFo.12_0.mp4,0
F:\MEngDatasets\GenVidBench\GenVidBench\Pair1\vript\vript\-9SP-lyKWNQ-Scene-015.mp4,Pair1\vript\vript\-9SP-lyKWNQ-Scene-015.mp4,0,real,Pair1,vript,GenVidBench,False,D:\HaitongNi\MEngProject_SecondBench\02_D3\cache\frames\real\Pair1_vript_vript_-9SP-lyKWNQ-Scene-015.mp4,0
F:\MEngDatasets\GenVidBench\GenVidBench\Pair2\hd_vg_130m\hd_vg_130m\10149___BzApShlUaPI.1_4.mp4,Pair2\hd_vg_130m\hd_vg_130m\10149___BzApShlUaPI.1_4.mp4,0,real,Pair2,hd_vg_130m,GenVidBench,False,D:\HaitongNi\MEngProject_SecondBench\02_D3\cache\frames\real\Pair2_hd_vg_130m_hd_vg_130m_10149__BzApShlUaPI.1_4.mp4,0
F:\MEngDatasets\GenVidBench\GenVidBench\Pair2\hd_vg_130m\hd_vg_130m\08980___BRNIBbiFFXQ.7_0.mp4,Pair2\hd_vg_130m\hd_vg_130m\08980___BRNIBbiFFXQ.7_0.mp4,0,real,Pair2,hd_vg_130m,GenVidBench,False,D:\HaitongNi\MEngProject_SecondBench\02_D3\cache\frames\real\Pair2_hd_vg_130m_hd_vg_130m_08980__BRNIBbiFFXQ.7_0.mp4,0
F:\MEngDatasets\GenVidBench\GenVidBench\Pair2\hd_vg_130m\hd_vg_130m\10236___CpgJyaRq1GA.27_0.mp4,Pair2\hd_vg_130m\hd_vg_130m\10236___CpgJyaRq1GA.27_0.mp4,0,real,Pair2,hd_vg_130m,GenVidBench,False,D:\HaitongNi\MEngProject_SecondBench\02_D3\cache\frames\real\Pair2_hd_vg_130m_hd_vg_130m_10236__CpgJyaRq1GA.27_0.mp4,0
F:\MEngDatasets\GenVidBench\GenVidBench\Pair2\hd_vg_130m\hd_vg_130m\09500___GqXnQ4yAyLI.5_1.mp4,Pair2\hd_vg_130m\hd_vg_130m\09500___GqXnQ4yAyLI.5_1.mp4,0,real,Pair2,hd_vg_130m,GenVidBench,False,D:\HaitongNi\MEngProject_SecondBench\02_D3\cache\frames\real\Pair2_hd_vg_130m_hd_vg_130m_09500__GqXnQ4yAyLI.5_1.mp4,0
F:\MEngDatasets\GenVidBench\GenVidBench\Pair2\hd_vg_130m\hd_vg_130m\08796___9hYq1QuzB7c.21_0.mp4,Pair2\hd_vg_130m\hd_vg_130m\08796___9hYq1QuzB7c.21_0.mp4,0,real,Pair2,hd_vg_130m,GenVidBench,False,D:\HaitongNi\MEngProject_SecondBench\02_D3\cache\frames\real\Pair2_hd_vg_130m_hd_vg_130m_08796__9hYq1QuzB7c.21_0.mp4,0
F:\MEngDatasets\GenVidBench\GenVidBench\Pair1\vript\vript\-KOiDt2AOBU-Scene-073.mp4,Pair1\vript\vript\-KOiDt2AOBU-Scene-073.mp4,0,real,Pair1,vript,GenVidBench,False,D:\HaitongNi\MEngProject_SecondBench\02_D3\cache\frames\real\Pair1_vript_vript_-KOiDt2AOBU-Scene-073.mp4,0
F:\MEngDatasets\GenVidBench\GenVidBench\Pair1\vript\vript\-c88ZCPF10M-Scene-015.mp4,Pair1\vript\vript\-c88ZCPF10M-Scene-015.mp4,0,real,Pair1,vript,GenVidBench,False,D:\HaitongNi\MEngProject_SecondBench\02_D3\cache\frames\real\Pair1_vript_vript_-c88ZCPF10M-Scene-015.mp4,0
F:\MEngDatasets\GenVidBench\GenVidBench\Pair2\hd_vg_130m\hd_vg_130m\11034___DGt6AUCBG0k.3_0.mp4,Pair2\hd_vg_130m\hd_vg_130m\11034___DGt6AUCBG0k.3_0.mp4,0,real,Pair2,hd_vg_130m,GenVidBench,False,D:\HaitongNi\MEngProject_SecondBench\02_D3\cache\frames\real\Pair2_hd_vg_130m_hd_vg_130m_11034__DGt6AUCBG0k.3_0.mp4,0
F:\MEngDatasets\GenVidBench\GenVidBench\Pair2\hd_vg_130m\hd_vg_130m\03035___1zrpaSDJHgo.12_2.mp4,Pair2\hd_vg_130m\hd_vg_130m\03035___1zrpaSDJHgo.12_2.mp4,0,real,Pair2,hd_vg_130m,GenVidBench,False,D:\HaitongNi\MEngProject_SecondBench\02_D3\cache\frames\real\Pair2_hd_vg_130m_hd_vg_130m_03035__1zrpaSDJHgo.12_2.mp4,0
F:\MEngDatasets\GenVidBench\GenVidBench\Pair1\vript\vript\--tLYgJgFS4-Scene-004.mp4,Pair1\vript\vript\--tLYgJgFS4-Scene-004.mp4,0,real,Pair1,vript,GenVidBench,False,D:\HaitongNi\MEngProject_SecondBench\02_D3\cache\frames\real\Pair1_vript_vript_--tLYgJgFS4-Scene-004.mp4,0
F:\MEngDatasets\GenVidBench\GenVidBench\Pair1\vript\vript\-A8LKuncijo-Scene-086.mp4,Pair1\vript\vript\-A8LKuncijo-Scene-086.mp4,0,real,Pair1,vript,GenVidBench,False,D:\HaitongNi\MEngProject_SecondBench\02_D3\cache\frames\real\Pair1_vript_vript_-A8LKuncijo-Scene-086.mp4,0
F:\MEngDatasets\GenVidBench\GenVidBench\Pair2\hd_vg_130m\hd_vg_130m\01269___44pzE00hdPA.2_0.mp4,Pair2\hd_vg_130m\hd_vg_130m\01269___44pzE00hdPA.2_0.mp4,0,real,Pair2,hd_vg_130m,GenVidBench,False,D:\HaitongNi\MEngProject_SecondBench\02_D3\cache\frames\real\Pair2_hd_vg_130m_hd_vg_130m_01269__44pzE00hdPA.2_0.mp4,0
F:\MEngDatasets\GenVidBench\GenVidBench\Pair2\hd_vg_130m\hd_vg_130m\01025___2UVDYQfMC-E.1_1.mp4,Pair2\hd_vg_130m\hd_vg_130m\01025___2UVDYQfMC-E.1_1.mp4,0,real,Pair2,hd_vg_130m,GenVidBench,False,D:\HaitongNi\MEngProject_SecondBench\02_D3\cache\frames\real\Pair2_hd_vg_130m_hd_vg_130m_01025__2UVDYQfMC-E.1_1.mp4,0
F:\MEngDatasets\GenVidBench\GenVidBench\Pair1\vript\vript\-BDQmaMlb2g-Scene-090.mp4,Pair1\vript\vript\-BDQmaMlb2g-Scene-090.mp4,0,real,Pair1,vript,GenVidBench,False,D:\HaitongNi\MEngProject_SecondBench\02_D3\cache\frames\real\Pair1_vript_vript_-BDQmaMlb2g-Scene-090.mp4,0
F:\MEngDatasets\GenVidBench\GenVidBench\Pair1\vript\vript\-48qmeLbPcw-Scene-070.mp4,Pair1\vript\vript\-48qmeLbPcw-Scene-070.mp4,0,real,Pair1,vript,GenVidBench,False,D:\HaitongNi\MEngProject_SecondBench\02_D3\cache\frames\real\Pair1_vript_vript_-48qmeLbPcw-Scene-070.mp4,0
F:\MEngDatasets\GenVidBench\GenVidBench\Pair2\hd_vg_130m\hd_vg_130m\10459___Bs0bXbOv6L8.0_0.mp4,Pair2\hd_vg_130m\hd_vg_130m\10459___Bs0bXbOv6L8.0_0.mp4,0,real,Pair2,hd_vg_130m,GenVidBench,False,D:\HaitongNi\MEngProject_SecondBench\02_D3\cache\frames\real\Pair2_hd_vg_130m_hd_vg_130m_10459__Bs0bXbOv6L8.0_0.mp4,0
F:\MEngDatasets\GenVidBench\GenVidBench\Pair2\hd_vg_130m\hd_vg_130m\02937___2QgIQZprmiM.21_0.mp4,Pair2\hd_vg_130m\hd_vg_130m\02937___2QgIQZprmiM.21_0.mp4,0,real,Pair2,hd_vg_130m,GenVidBench,False,D:\HaitongNi\MEngProject_SecondBench\02_D3\cache\frames\real\Pair2_hd_vg_130m_hd_vg_130m_02937__2QgIQZprmiM.21_0.mp4,0
F:\MEngDatasets\GenVidBench\GenVidBench\Pair2\hd_vg_130m\hd_vg_130m\01199___55nMpX7dCac.13_0.mp4,Pair2\hd_vg_130m\hd_vg_130m\01199___55nMpX7dCac.13_0.mp4,0,real,Pair2,hd_vg_130m,GenVidBench,False,D:\HaitongNi\MEngProject_SecondBench\02_D3\cache\frames\real\Pair2_hd_vg_130m_hd_vg_130m_01199__55nMpX7dCac.13_0.mp4,0
F:\MEngDatasets\GenVidBench\GenVidBench\Pair2\hd_vg_130m\hd_vg_130m\01534___0uf1cWmJ5ig.15_1.mp4,Pair2\hd_vg_130m\hd_vg_130m\01534___0uf1cWmJ5ig.15_1.mp4,0,real,Pair2,hd_vg_130m,GenVidBench,False,D:\HaitongNi\MEngProject_SecondBench\02_D3\cache\frames\real\Pair2_hd_vg_130m_hd_vg_130m_01534__0uf1cWmJ5ig.15_1.mp4,0
F:\MEngDatasets\GenVidBench\GenVidBench\Pair2\hd_vg_130m\hd_vg_130m\00009___1xYC9nHL3q0.100_0.mp4,Pair2\hd_vg_130m\hd_vg_130m\00009___1xYC9nHL3q0.100_0.mp4,0,real,Pair2,hd_vg_130m,GenVidBench,False,D:\HaitongNi\MEngProject_SecondBench\02_D3\cache\frames\real\Pair2_hd_vg_130m_hd_vg_130m_00009__1xYC9nHL3q0.100_0.mp4,0
F:\MEngDatasets\GenVidBench\GenVidBench\Pair2\hd_vg_130m\hd_vg_130m\03574___4Bm0Xy6lFGc.17_0.mp4,Pair2\hd_vg_130m\hd_vg_130m\03574___4Bm0Xy6lFGc.17_0.mp4,0,real,Pair2,hd_vg_130m,GenVidBench,False,D:\HaitongNi\MEngProject_SecondBench\02_D3\cache\frames\real\Pair2_hd_vg_130m_hd_vg_130m_03574__4Bm0Xy6lFGc.17_0.mp4,0
F:\MEngDatasets\GenVidBench\GenVidBench\Pair1\vript\vript\1LerlDIC2bY-Scene-025.mp4,Pair1\vript\vript\1LerlDIC2bY-Scene-025.mp4,0,real,Pair1,vript,GenVidBench,False,D:\HaitongNi\MEngProject_SecondBench\02_D3\cache\frames\real\Pair1_vript_vript_1LerlDIC2bY-Scene-025.mp4,0
F:\MEngDatasets\GenVidBench\GenVidBench\Pair1\vript\vript\-NeUQWAPnMk-Scene-019.mp4,Pair1\vript\vript\-NeUQWAPnMk-Scene-019.mp4,0,real,Pair1,vript,GenVidBench,False,D:\HaitongNi\MEngProject_SecondBench\02_D3\cache\frames\real\Pair1_vript_vript_-NeUQWAPnMk-Scene-019.mp4,0
F:\MEngDatasets\GenVidBench\GenVidBench\Pair2\hd_vg_130m\hd_vg_130m\10170___EaZI2NWAu5w.3_0.mp4,Pair2\hd_vg_130m\hd_vg_130m\10170___EaZI2NWAu5w.3_0.mp4,0,real,Pair2,hd_vg_130m,GenVidBench,False,D:\HaitongNi\MEngProject_SecondBench\02_D3\cache\frames\real\Pair2_hd_vg_130m_hd_vg_130m_10170__EaZI2NWAu5w.3_0.mp4,0
F:\MEngDatasets\GenVidBench\GenVidBench\Pair2\hd_vg_130m\hd_vg_130m\05994___Af2N3HYHXcQ.28_0.mp4,Pair2\hd_vg_130m\hd_vg_130m\05994___Af2N3HYHXcQ.28_0.mp4,0,real,Pair2,hd_vg_130m,GenVidBench,False,D:\HaitongNi\MEngProject_SecondBench\02_D3\cache\frames\real\Pair2_hd_vg_130m_hd_vg_130m_05994__Af2N3HYHXcQ.28_0.mp4,0
F:\MEngDatasets\GenVidBench\GenVidBench\Pair2\hd_vg_130m\hd_vg_130m\01306___-k_O6wvEzZU.11_0.mp4,Pair2\hd_vg_130m\hd_vg_130m\01306___-k_O6wvEzZU.11_0.mp4,0,real,Pair2,hd_vg_130m,GenVidBench,False,D:\HaitongNi\MEngProject_SecondBench\02_D3\cache\frames\real\Pair2_hd_vg_130m_hd_vg_130m_01306__-k_O6wvEzZU.11_0.mp4,0
F:\MEngDatasets\GenVidBench\GenVidBench\Pair1\vript\vript\-HsVkwyi-mk-Scene-033.mp4,Pair1\vript\vript\-HsVkwyi-mk-Scene-033.mp4,0,real,Pair1,vript,GenVidBench,False,D:\HaitongNi\MEngProject_SecondBench\02_D3\cache\frames\real\Pair1_vript_vript_-HsVkwyi-mk-Scene-033.mp4,0
F:\MEngDatasets\GenVidBench\GenVidBench\Pair2\hd_vg_130m\hd_vg_130m\03431___4dQO4u3O2Fs.3_0.mp4,Pair2\hd_vg_130m\hd_vg_130m\03431___4dQO4u3O2Fs.3_0.mp4,0,real,Pair2,hd_vg_130m,GenVidBench,False,D:\HaitongNi\MEngProject_SecondBench\02_D3\cache\frames\real\Pair2_hd_vg_130m_hd_vg_130m_03431__4dQO4u3O2Fs.3_0.mp4,0
F:\MEngDatasets\GenVidBench\GenVidBench\Pair2\hd_vg_130m\hd_vg_130m\11504___CwjH9MX5i5s.5_0.mp4,Pair2\hd_vg_130m\hd_vg_130m\11504___CwjH9MX5i5s.5_0.mp4,0,real,Pair2,hd_vg_130m,GenVidBench,False,D:\HaitongNi\MEngProject_SecondBench\02_D3\cache\frames\real\Pair2_hd_vg_130m_hd_vg_130m_11504__CwjH9MX5i5s.5_0.mp4,0
F:\MEngDatasets\GenVidBench\GenVidBench\Pair2\hd_vg_130m\hd_vg_130m\08664___BB8-eufSEj8.14_2.mp4,Pair2\hd_vg_130m\hd_vg_130m\08664___BB8-eufSEj8.14_2.mp4,0,real,Pair2,hd_vg_130m,GenVidBench,False,D:\HaitongNi\MEngProject_SecondBench\02_D3\cache\frames\real\Pair2_hd_vg_130m_hd_vg_130m_08664__BB8-eufSEj8.14_2.mp4,0
F:\MEngDatasets\GenVidBench\GenVidBench\Pair1\vript\vript\04dXPkQov_k-Scene-088.mp4,Pair1\vript\vript\04dXPkQov_k-Scene-088.mp4,0,real,Pair1,vript,GenVidBench,False,D:\HaitongNi\MEngProject_SecondBench\02_D3\cache\frames\real\Pair1_vript_vript_04dXPkQov_k-Scene-088.mp4,0
F:\MEngDatasets\GenVidBench\GenVidBench\Pair1\vript\vript\-jx2w2S0LMc-Scene-073.mp4,Pair1\vript\vript\-jx2w2S0LMc-Scene-073.mp4,0,real,Pair1,vript,GenVidBench,False,D:\HaitongNi\MEngProject_SecondBench\02_D3\cache\frames\real\Pair1_vript_vript_-jx2w2S0LMc-Scene-073.mp4,0
F:\MEngDatasets\GenVidBench\GenVidBench\Pair1\vript\vript\-FMRUGGgHyI-Scene-003.mp4,Pair1\vript\vript\-FMRUGGgHyI-Scene-003.mp4,0,real,Pair1,vript,GenVidBench,False,D:\HaitongNi\MEngProject_SecondBench\02_D3\cache\frames\real\Pair1_vript_vript_-FMRUGGgHyI-Scene-003.mp4,0
F:\MEngDatasets\GenVidBench\GenVidBench\Pair1\vript\vript\-C09dP2d2mo-Scene-004.mp4,Pair1\vript\vript\-C09dP2d2mo-Scene-004.mp4,0,real,Pair1,vript,GenVidBench,False,D:\HaitongNi\MEngProject_SecondBench\02_D3\cache\frames\real\Pair1_vript_vript_-C09dP2d2mo-Scene-004.mp4,0
F:\MEngDatasets\GenVidBench\GenVidBench\Pair1\vript\vript\-EZSbbCQie0-Scene-001.mp4,Pair1\vript\vript\-EZSbbCQie0-Scene-001.mp4,0,real,Pair1,vript,GenVidBench,False,D:\HaitongNi\MEngProject_SecondBench\02_D3\cache\frames\real\Pair1_vript_vript_-EZSbbCQie0-Scene-001.mp4,0
F:\MEngDatasets\GenVidBench\GenVidBench\Pair1\vript\vript\-7ZsH3f29GM-Scene-006.mp4,Pair1\vript\vript\-7ZsH3f29GM-Scene-006.mp4,0,real,Pair1,vript,GenVidBench,False,D:\HaitongNi\MEngProject_SecondBench\02_D3\cache\frames\real\Pair1_vript_vript_-7ZsH3f29GM-Scene-006.mp4,0
F:\MEngDatasets\GenVidBench\GenVidBench\Pair2\hd_vg_130m\hd_vg_130m\08653___8iRz9sXynjQ.20_1.mp4,Pair2\hd_vg_130m\hd_vg_130m\08653___8iRz9sXynjQ.20_1.mp4,0,real,Pair2,hd_vg_130m,GenVidBench,False,D:\HaitongNi\MEngProject_SecondBench\02_D3\cache\frames\real\Pair2_hd_vg_130m_hd_vg_130m_08653__8iRz9sXynjQ.20_1.mp4,0
F:\MEngDatasets\GenVidBench\GenVidBench\Pair1\vript\vript\-Xl33P57QOs-Scene-088.mp4,Pair1\vript\vript\-Xl33P57QOs-Scene-088.mp4,0,real,Pair1,vript,GenVidBench,False,D:\HaitongNi\MEngProject_SecondBench\02_D3\cache\frames\real\Pair1_vript_vript_-Xl33P57QOs-Scene-088.mp4,0
F:\MEngDatasets\GenVidBench\GenVidBench\Pair2\hd_vg_130m\hd_vg_130m\03639___0MH8xf0k-rk.21_1.mp4,Pair2\hd_vg_130m\hd_vg_130m\03639___0MH8xf0k-rk.21_1.mp4,0,real,Pair2,hd_vg_130m,GenVidBench,False,D:\HaitongNi\MEngProject_SecondBench\02_D3\cache\frames\real\Pair2_hd_vg_130m_hd_vg_130m_03639__0MH8xf0k-rk.21_1.mp4,0
F:\MEngDatasets\GenVidBench\GenVidBench\Pair2\hd_vg_130m\hd_vg_130m\03556___0TSV6cnBYjs.2_0.mp4,Pair2\hd_vg_130m\hd_vg_130m\03556___0TSV6cnBYjs.2_0.mp4,0,real,Pair2,hd_vg_130m,GenVidBench,False,D:\HaitongNi\MEngProject_SecondBench\02_D3\cache\frames\real\Pair2_hd_vg_130m_hd_vg_130m_03556__0TSV6cnBYjs.2_0.mp4,0
F:\MEngDatasets\GenVidBench\GenVidBench\Pair1\vript\vript\--XjtHv9tM4-Scene-057.mp4,Pair1\vript\vript\--XjtHv9tM4-Scene-057.mp4,0,real,Pair1,vript,GenVidBench,False,D:\HaitongNi\MEngProject_SecondBench\02_D3\cache\frames\real\Pair1_vript_vript_--XjtHv9tM4-Scene-057.mp4,0
F:\MEngDatasets\GenVidBench\GenVidBench\Pair1\vript\vript\-13Asaa-7KE-Scene-041.mp4,Pair1\vript\vript\-13Asaa-7KE-Scene-041.mp4,0,real,Pair1,vript,GenVidBench,False,D:\HaitongNi\MEngProject_SecondBench\02_D3\cache\frames\real\Pair1_vript_vript_-13Asaa-7KE-Scene-041.mp4,0
F:\MEngDatasets\GenVidBench\GenVidBench\Pair1\vript\vript\-3CXhx0Mj-Y-Scene-037.mp4,Pair1\vript\vript\-3CXhx0Mj-Y-Scene-037.mp4,0,real,Pair1,vript,GenVidBench,False,D:\HaitongNi\MEngProject_SecondBench\02_D3\cache\frames\real\Pair1_vript_vript_-3CXhx0Mj-Y-Scene-037.mp4,0
F:\MEngDatasets\GenVidBench\GenVidBench\Pair2\hd_vg_130m\hd_vg_130m\05133___A9IwuLfLKjM.0_4.mp4,Pair2\hd_vg_130m\hd_vg_130m\05133___A9IwuLfLKjM.0_4.mp4,0,real,Pair2,hd_vg_130m,GenVidBench,False,D:\HaitongNi\MEngProject_SecondBench\02_D3\cache\frames\real\Pair2_hd_vg_130m_hd_vg_130m_05133__A9IwuLfLKjM.0_4.mp4,0
F:\MEngDatasets\GenVidBench\GenVidBench\Pair2\hd_vg_130m\hd_vg_130m\02330___1vARdf0tK1A.0_2.mp4,Pair2\hd_vg_130m\hd_vg_130m\02330___1vARdf0tK1A.0_2.mp4,0,real,Pair2,hd_vg_130m,GenVidBench,False,D:\HaitongNi\MEngProject_SecondBench\02_D3\cache\frames\real\Pair2_hd_vg_130m_hd_vg_130m_02330__1vARdf0tK1A.0_2.mp4,0
F:\MEngDatasets\GenVidBench\GenVidBench\Pair2\hd_vg_130m\hd_vg_130m\07002___9sCbm63-nqE.6_0.mp4,Pair2\hd_vg_130m\hd_vg_130m\07002___9sCbm63-nqE.6_0.mp4,0,real,Pair2,hd_vg_130m,GenVidBench,False,D:\HaitongNi\MEngProject_SecondBench\02_D3\cache\frames\real\Pair2_hd_vg_130m_hd_vg_130m_07002__9sCbm63-nqE.6_0.mp4,0
F:\MEngDatasets\GenVidBench\GenVidBench\Pair2\hd_vg_130m\hd_vg_130m\07294___8mxvVvgfxtA.6_1.mp4,Pair2\hd_vg_130m\hd_vg_130m\07294___8mxvVvgfxtA.6_1.mp4,0,real,Pair2,hd_vg_130m,GenVidBench,False,D:\HaitongNi\MEngProject_SecondBench\02_D3\cache\frames\real\Pair2_hd_vg_130m_hd_vg_130m_07294__8mxvVvgfxtA.6_1.mp4,0
F:\MEngDatasets\GenVidBench\GenVidBench\Pair1\vript\vript\-XmegTG3YdY-Scene-047.mp4,Pair1\vript\vript\-XmegTG3YdY-Scene-047.mp4,0,real,Pair1,vript,GenVidBench,False,D:\HaitongNi\MEngProject_SecondBench\02_D3\cache\frames\real\Pair1_vript_vript_-XmegTG3YdY-Scene-047.mp4,0
F:\MEngDatasets\GenVidBench\GenVidBench\Pair1\vript\vript\-bzVYVwBjs0-Scene-042.mp4,Pair1\vript\vript\-bzVYVwBjs0-Scene-042.mp4,0,real,Pair1,vript,GenVidBench,False,D:\HaitongNi\MEngProject_SecondBench\02_D3\cache\frames\real\Pair1_vript_vript_-bzVYVwBjs0-Scene-042.mp4,0
F:\MEngDatasets\GenVidBench\GenVidBench\Pair1\vript\vript\-6FvAU9H98w-Scene-034.mp4,Pair1\vript\vript\-6FvAU9H98w-Scene-034.mp4,0,real,Pair1,vript,GenVidBench,False,D:\HaitongNi\MEngProject_SecondBench\02_D3\cache\frames\real\Pair1_vript_vript_-6FvAU9H98w-Scene-034.mp4,0
F:\MEngDatasets\GenVidBench\GenVidBench\Pair2\hd_vg_130m\hd_vg_130m\09922___DbVYUMstNhk.1_3.mp4,Pair2\hd_vg_130m\hd_vg_130m\09922___DbVYUMstNhk.1_3.mp4,0,real,Pair2,hd_vg_130m,GenVidBench,False,D:\HaitongNi\MEngProject_SecondBench\02_D3\cache\frames\real\Pair2_hd_vg_130m_hd_vg_130m_09922__DbVYUMstNhk.1_3.mp4,0
F:\MEngDatasets\GenVidBench\GenVidBench\Pair2\hd_vg_130m\hd_vg_130m\05639___AdIGR5_R0hY.2_0.mp4,Pair2\hd_vg_130m\hd_vg_130m\05639___AdIGR5_R0hY.2_0.mp4,0,real,Pair2,hd_vg_130m,GenVidBench,False,D:\HaitongNi\MEngProject_SecondBench\02_D3\cache\frames\real\Pair2_hd_vg_130m_hd_vg_130m_05639__AdIGR5_R0hY.2_0.mp4,0
F:\MEngDatasets\GenVidBench\GenVidBench\Pair2\hd_vg_130m\hd_vg_130m\12152___DiEPboB_7OQ.12_1.mp4,Pair2\hd_vg_130m\hd_vg_130m\12152___DiEPboB_7OQ.12_1.mp4,0,real,Pair2,hd_vg_130m,GenVidBench,False,D:\HaitongNi\MEngProject_SecondBench\02_D3\cache\frames\real\Pair2_hd_vg_130m_hd_vg_130m_12152__DiEPboB_7OQ.12_1.mp4,0
F:\MEngDatasets\GenVidBench\GenVidBench\Pair1\vript\vript\-A8LKuncijo-Scene-121.mp4,Pair1\vript\vript\-A8LKuncijo-Scene-121.mp4,0,real,Pair1,vript,GenVidBench,False,D:\HaitongNi\MEngProject_SecondBench\02_D3\cache\frames\real\Pair1_vript_vript_-A8LKuncijo-Scene-121.mp4,0
F:\MEngDatasets\GenVidBench\GenVidBench\Pair2\hd_vg_130m\hd_vg_130m\06884___9h7DSJVeSG8.15_2.mp4,Pair2\hd_vg_130m\hd_vg_130m\06884___9h7DSJVeSG8.15_2.mp4,0,real,Pair2,hd_vg_130m,GenVidBench,False,D:\HaitongNi\MEngProject_SecondBench\02_D3\cache\frames\real\Pair2_hd_vg_130m_hd_vg_130m_06884__9h7DSJVeSG8.15_2.mp4,0
F:\MEngDatasets\GenVidBench\GenVidBench\Pair1\vript\vript\-y_mlO5P-d4-Scene-002.mp4,Pair1\vript\vript\-y_mlO5P-d4-Scene-002.mp4,0,real,Pair1,vript,GenVidBench,False,D:\HaitongNi\MEngProject_SecondBench\02_D3\cache\frames\real\Pair1_vript_vript_-y_mlO5P-d4-Scene-002.mp4,0
F:\MEngDatasets\GenVidBench\GenVidBench\Pair2\hd_vg_130m\hd_vg_130m\11279___CmsOOA4JuVg.12_0.mp4,Pair2\hd_vg_130m\hd_vg_130m\11279___CmsOOA4JuVg.12_0.mp4,0,real,Pair2,hd_vg_130m,GenVidBench,False,D:\HaitongNi\MEngProject_SecondBench\02_D3\cache\frames\real\Pair2_hd_vg_130m_hd_vg_130m_11279__CmsOOA4JuVg.12_0.mp4,0
F:\MEngDatasets\GenVidBench\GenVidBench\Pair1\vript\vript\-aid2jMEbXw-Scene-013.mp4,Pair1\vript\vript\-aid2jMEbXw-Scene-013.mp4,0,real,Pair1,vript,GenVidBench,False,D:\HaitongNi\MEngProject_SecondBench\02_D3\cache\frames\real\Pair1_vript_vript_-aid2jMEbXw-Scene-013.mp4,0
F:\MEngDatasets\GenVidBench\GenVidBench\Pair2\hd_vg_130m\hd_vg_130m\00406___-9az5_MIS9s.1_2.mp4,Pair2\hd_vg_130m\hd_vg_130m\00406___-9az5_MIS9s.1_2.mp4,0,real,Pair2,hd_vg_130m,GenVidBench,False,D:\HaitongNi\MEngProject_SecondBench\02_D3\cache\frames\real\Pair2_hd_vg_130m_hd_vg_130m_00406__-9az5_MIS9s.1_2.mp4,0
F:\MEngDatasets\GenVidBench\GenVidBench\Pair1\vript\vript\-J_y--NmhP8-Scene-028.mp4,Pair1\vript\vript\-J_y--NmhP8-Scene-028.mp4,0,real,Pair1,vript,GenVidBench,False,D:\HaitongNi\MEngProject_SecondBench\02_D3\cache\frames\real\Pair1_vript_vript_-J_y--NmhP8-Scene-028.mp4,0
F:\MEngDatasets\GenVidBench\GenVidBench\Pair1\vript\vript\-HVSYKb3UVw-Scene-003.mp4,Pair1\vript\vript\-HVSYKb3UVw-Scene-003.mp4,0,real,Pair1,vript,GenVidBench,False,D:\HaitongNi\MEngProject_SecondBench\02_D3\cache\frames\real\Pair1_vript_vript_-HVSYKb3UVw-Scene-003.mp4,0
F:\MEngDatasets\GenVidBench\GenVidBench\Pair1\vript\vript\-4ukRF34UFk-Scene-019.mp4,Pair1\vript\vript\-4ukRF34UFk-Scene-019.mp4,0,real,Pair1,vript,GenVidBench,False,D:\HaitongNi\MEngProject_SecondBench\02_D3\cache\frames\real\Pair1_vript_vript_-4ukRF34UFk-Scene-019.mp4,0
F:\MEngDatasets\GenVidBench\GenVidBench\Pair1\vript\vript\-On8a0PsDyY-Scene-001.mp4,Pair1\vript\vript\-On8a0PsDyY-Scene-001.mp4,0,real,Pair1,vript,GenVidBench,False,D:\HaitongNi\MEngProject_SecondBench\02_D3\cache\frames\real\Pair1_vript_vript_-On8a0PsDyY-Scene-001.mp4,0
F:\MEngDatasets\GenVidBench\GenVidBench\Pair2\hd_vg_130m\hd_vg_130m\11184___Gm2DfEeGoZ4.17_3.mp4,Pair2\hd_vg_130m\hd_vg_130m\11184___Gm2DfEeGoZ4.17_3.mp4,0,real,Pair2,hd_vg_130m,GenVidBench,False,D:\HaitongNi\MEngProject_SecondBench\02_D3\cache\frames\real\Pair2_hd_vg_130m_hd_vg_130m_11184__Gm2DfEeGoZ4.17_3.mp4,0
F:\MEngDatasets\GenVidBench\GenVidBench\Pair2\hd_vg_130m\hd_vg_130m\02260___35E2mS0s6Ho.14_2.mp4,Pair2\hd_vg_130m\hd_vg_130m\02260___35E2mS0s6Ho.14_2.mp4,0,real,Pair2,hd_vg_130m,GenVidBench,False,D:\HaitongNi\MEngProject_SecondBench\02_D3\cache\frames\real\Pair2_hd_vg_130m_hd_vg_130m_02260__35E2mS0s6Ho.14_2.mp4,0
F:\MEngDatasets\GenVidBench\GenVidBench\Pair1\vript\vript\-bNL86bJrD8-Scene-006.mp4,Pair1\vript\vript\-bNL86bJrD8-Scene-006.mp4,0,real,Pair1,vript,GenVidBench,False,D:\HaitongNi\MEngProject_SecondBench\02_D3\cache\frames\real\Pair1_vript_vript_-bNL86bJrD8-Scene-006.mp4,0
F:\MEngDatasets\GenVidBench\GenVidBench\Pair2\hd_vg_130m\hd_vg_130m\05640___Bmv5g5CvkHk.1_3.mp4,Pair2\hd_vg_130m\hd_vg_130m\05640___Bmv5g5CvkHk.1_3.mp4,0,real,Pair2,hd_vg_130m,GenVidBench,False,D:\HaitongNi\MEngProject_SecondBench\02_D3\cache\frames\real\Pair2_hd_vg_130m_hd_vg_130m_05640__Bmv5g5CvkHk.1_3.mp4,0
F:\MEngDatasets\GenVidBench\GenVidBench\Pair1\vript\vript\-10AyOGp5Zg-Scene-021.mp4,Pair1\vript\vript\-10AyOGp5Zg-Scene-021.mp4,0,real,Pair1,vript,GenVidBench,False,D:\HaitongNi\MEngProject_SecondBench\02_D3\cache\frames\real\Pair1_vript_vript_-10AyOGp5Zg-Scene-021.mp4,0
F:\MEngDatasets\GenVidBench\GenVidBench\Pair1\vript\vript\-dPloZL2_zE-Scene-030.mp4,Pair1\vript\vript\-dPloZL2_zE-Scene-030.mp4,0,real,Pair1,vript,GenVidBench,False,D:\HaitongNi\MEngProject_SecondBench\02_D3\cache\frames\real\Pair1_vript_vript_-dPloZL2_zE-Scene-030.mp4,0
F:\MEngDatasets\GenVidBench\GenVidBench\Pair1\vript\vript\-FioietmGSQ-Scene-019.mp4,Pair1\vript\vript\-FioietmGSQ-Scene-019.mp4,0,real,Pair1,vript,GenVidBench,False,D:\HaitongNi\MEngProject_SecondBench\02_D3\cache\frames\real\Pair1_vript_vript_-FioietmGSQ-Scene-019.mp4,0
F:\MEngDatasets\GenVidBench\GenVidBench\Pair1\vript\vript\-By0QtiVqcw-Scene-036.mp4,Pair1\vript\vript\-By0QtiVqcw-Scene-036.mp4,0,real,Pair1,vript,GenVidBench,False,D:\HaitongNi\MEngProject_SecondBench\02_D3\cache\frames\real\Pair1_vript_vript_-By0QtiVqcw-Scene-036.mp4,0
F:\MEngDatasets\GenVidBench\GenVidBench\Pair1\vript\vript\-jx2w2S0LMc-Scene-087.mp4,Pair1\vript\vript\-jx2w2S0LMc-Scene-087.mp4,0,real,Pair1,vript,GenVidBench,False,D:\HaitongNi\MEngProject_SecondBench\02_D3\cache\frames\real\Pair1_vript_vript_-jx2w2S0LMc-Scene-087.mp4,0
F:\MEngDatasets\GenVidBench\GenVidBench\Pair1\vript\vript\-8QN_w1MhmM-Scene-002.mp4,Pair1\vript\vript\-8QN_w1MhmM-Scene-002.mp4,0,real,Pair1,vript,GenVidBench,False,D:\HaitongNi\MEngProject_SecondBench\02_D3\cache\frames\real\Pair1_vript_vript_-8QN_w1MhmM-Scene-002.mp4,0
F:\MEngDatasets\GenVidBench\GenVidBench\Pair1\vript\vript\-3-5Y7u2xqI-Scene-025.mp4,Pair1\vript\vript\-3-5Y7u2xqI-Scene-025.mp4,0,real,Pair1,vript,GenVidBench,False,D:\HaitongNi\MEngProject_SecondBench\02_D3\cache\frames\real\Pair1_vript_vript_-3-5Y7u2xqI-Scene-025.mp4,0
F:\MEngDatasets\GenVidBench\GenVidBench\Pair2\hd_vg_130m\hd_vg_130m\04261___2ptkVx3IH5c.23_0.mp4,Pair2\hd_vg_130m\hd_vg_130m\04261___2ptkVx3IH5c.23_0.mp4,0,real,Pair2,hd_vg_130m,GenVidBench,False,D:\HaitongNi\MEngProject_SecondBench\02_D3\cache\frames\real\Pair2_hd_vg_130m_hd_vg_130m_04261__2ptkVx3IH5c.23_0.mp4,0
F:\MEngDatasets\GenVidBench\GenVidBench\Pair1\vript\vript\-BDQmaMlb2g-Scene-042.mp4,Pair1\vript\vript\-BDQmaMlb2g-Scene-042.mp4,0,real,Pair1,vript,GenVidBench,False,D:\HaitongNi\MEngProject_SecondBench\02_D3\cache\frames\real\Pair1_vript_vript_-BDQmaMlb2g-Scene-042.mp4,0
F:\MEngDatasets\GenVidBench\GenVidBench\Pair1\vript\vript\-AxBXLwxZNU-Scene-050.mp4,Pair1\vript\vript\-AxBXLwxZNU-Scene-050.mp4,0,real,Pair1,vript,GenVidBench,False,D:\HaitongNi\MEngProject_SecondBench\02_D3\cache\frames\real\Pair1_vript_vript_-AxBXLwxZNU-Scene-050.mp4,0
F:\MEngDatasets\GenVidBench\GenVidBench\Pair2\hd_vg_130m\hd_vg_130m\12574___CcJjPP-6vlg.10_0.mp4,Pair2\hd_vg_130m\hd_vg_130m\12574___CcJjPP-6vlg.10_0.mp4,0,real,Pair2,hd_vg_130m,GenVidBench,False,D:\HaitongNi\MEngProject_SecondBench\02_D3\cache\frames\real\Pair2_hd_vg_130m_hd_vg_130m_12574__CcJjPP-6vlg.10_0.mp4,0
F:\MEngDatasets\GenVidBench\GenVidBench\Pair2\hd_vg_130m\hd_vg_130m\09688___EFoYzBmcHhI.2_3.mp4,Pair2\hd_vg_130m\hd_vg_130m\09688___EFoYzBmcHhI.2_3.mp4,0,real,Pair2,hd_vg_130m,GenVidBench,False,D:\HaitongNi\MEngProject_SecondBench\02_D3\cache\frames\real\Pair2_hd_vg_130m_hd_vg_130m_09688__EFoYzBmcHhI.2_3.mp4,0
F:\MEngDatasets\GenVidBench\GenVidBench\Pair2\hd_vg_130m\hd_vg_130m\01142___2e9rD_36oQ4.0_6.mp4,Pair2\hd_vg_130m\hd_vg_130m\01142___2e9rD_36oQ4.0_6.mp4,0,real,Pair2,hd_vg_130m,GenVidBench,False,D:\HaitongNi\MEngProject_SecondBench\02_D3\cache\frames\real\Pair2_hd_vg_130m_hd_vg_130m_01142__2e9rD_36oQ4.0_6.mp4,0
F:\MEngDatasets\GenVidBench\GenVidBench\Pair2\hd_vg_130m\hd_vg_130m\07465___BdNQE-GAq1o.1_0.mp4,Pair2\hd_vg_130m\hd_vg_130m\07465___BdNQE-GAq1o.1_0.mp4,0,real,Pair2,hd_vg_130m,GenVidBench,False,D:\HaitongNi\MEngProject_SecondBench\02_D3\cache\frames\real\Pair2_hd_vg_130m_hd_vg_130m_07465__BdNQE-GAq1o.1_0.mp4,0
F:\MEngDatasets\GenVidBench\GenVidBench\Pair2\hd_vg_130m\hd_vg_130m\09471___E1_pYFlkBCw.16_0.mp4,Pair2\hd_vg_130m\hd_vg_130m\09471___E1_pYFlkBCw.16_0.mp4,0,real,Pair2,hd_vg_130m,GenVidBench,False,D:\HaitongNi\MEngProject_SecondBench\02_D3\cache\frames\real\Pair2_hd_vg_130m_hd_vg_130m_09471__E1_pYFlkBCw.16_0.mp4,0
F:\MEngDatasets\GenVidBench\GenVidBench\Pair2\hd_vg_130m\hd_vg_130m\01281___-M5YkXpMWUk.3_3.mp4,Pair2\hd_vg_130m\hd_vg_130m\01281___-M5YkXpMWUk.3_3.mp4,0,real,Pair2,hd_vg_130m,GenVidBench,False,D:\HaitongNi\MEngProject_SecondBench\02_D3\cache\frames\real\Pair2_hd_vg_130m_hd_vg_130m_01281__-M5YkXpMWUk.3_3.mp4,0
F:\MEngDatasets\GenVidBench\GenVidBench\Pair2\hd_vg_130m\hd_vg_130m\01067___3z6I_YK7fQ4.4_0.mp4,Pair2\hd_vg_130m\hd_vg_130m\01067___3z6I_YK7fQ4.4_0.mp4,0,real,Pair2,hd_vg_130m,GenVidBench,False,D:\HaitongNi\MEngProject_SecondBench\02_D3\cache\frames\real\Pair2_hd_vg_130m_hd_vg_130m_01067__3z6I_YK7fQ4.4_0.mp4,0
F:\MEngDatasets\GenVidBench\GenVidBench\Pair1\vript\vript\047cdginMOo-Scene-064.mp4,Pair1\vript\vript\047cdginMOo-Scene-064.mp4,0,real,Pair1,vript,GenVidBench,False,D:\HaitongNi\MEngProject_SecondBench\02_D3\cache\frames\real\Pair1_vript_vript_047cdginMOo-Scene-064.mp4,0
F:\MEngDatasets\GenVidBench\GenVidBench\Pair2\hd_vg_130m\hd_vg_130m\13118___GEPR55iId0o.6_0.mp4,Pair2\hd_vg_130m\hd_vg_130m\13118___GEPR55iId0o.6_0.mp4,0,real,Pair2,hd_vg_130m,GenVidBench,False,D:\HaitongNi\MEngProject_SecondBench\02_D3\cache\frames\real\Pair2_hd_vg_130m_hd_vg_130m_13118__GEPR55iId0o.6_0.mp4,0
F:\MEngDatasets\GenVidBench\GenVidBench\Pair1\vript\vript\-c88ZCPF10M-Scene-043.mp4,Pair1\vript\vript\-c88ZCPF10M-Scene-043.mp4,0,real,Pair1,vript,GenVidBench,False,D:\HaitongNi\MEngProject_SecondBench\02_D3\cache\frames\real\Pair1_vript_vript_-c88ZCPF10M-Scene-043.mp4,0
F:\MEngDatasets\GenVidBench\GenVidBench\Pair1\vript\vript\-c88ZCPF10M-Scene-034.mp4,Pair1\vript\vript\-c88ZCPF10M-Scene-034.mp4,0,real,Pair1,vript,GenVidBench,False,D:\HaitongNi\MEngProject_SecondBench\02_D3\cache\frames\real\Pair1_vript_vript_-c88ZCPF10M-Scene-034.mp4,0
F:\MEngDatasets\GenVidBench\GenVidBench\Pair2\hd_vg_130m\hd_vg_130m\12402___HrfR2DPmEbY.7_1.mp4,Pair2\hd_vg_130m\hd_vg_130m\12402___HrfR2DPmEbY.7_1.mp4,0,real,Pair2,hd_vg_130m,GenVidBench,False,D:\HaitongNi\MEngProject_SecondBench\02_D3\cache\frames\real\Pair2_hd_vg_130m_hd_vg_130m_12402__HrfR2DPmEbY.7_1.mp4,0
F:\MEngDatasets\GenVidBench\GenVidBench\Pair2\hd_vg_130m\hd_vg_130m\11163___EgcMERrT23M.17_0.mp4,Pair2\hd_vg_130m\hd_vg_130m\11163___EgcMERrT23M.17_0.mp4,0,real,Pair2,hd_vg_130m,GenVidBench,False,D:\HaitongNi\MEngProject_SecondBench\02_D3\cache\frames\real\Pair2_hd_vg_130m_hd_vg_130m_11163__EgcMERrT23M.17_0.mp4,0
F:\MEngDatasets\GenVidBench\GenVidBench\Pair2\hd_vg_130m\hd_vg_130m\06266___65OWmnuKLWo.7_1.mp4,Pair2\hd_vg_130m\hd_vg_130m\06266___65OWmnuKLWo.7_1.mp4,0,real,Pair2,hd_vg_130m,GenVidBench,False,D:\HaitongNi\MEngProject_SecondBench\02_D3\cache\frames\real\Pair2_hd_vg_130m_hd_vg_130m_06266__65OWmnuKLWo.7_1.mp4,0
F:\MEngDatasets\GenVidBench\GenVidBench\Pair1\vript\vript\-VZe8x1URyY-Scene-003.mp4,Pair1\vript\vript\-VZe8x1URyY-Scene-003.mp4,0,real,Pair1,vript,GenVidBench,False,D:\HaitongNi\MEngProject_SecondBench\02_D3\cache\frames\real\Pair1_vript_vript_-VZe8x1URyY-Scene-003.mp4,0
F:\MEngDatasets\GenVidBench\GenVidBench\Pair2\hd_vg_130m\hd_vg_130m\02812___1pNCoJnfZZY.16_0.mp4,Pair2\hd_vg_130m\hd_vg_130m\02812___1pNCoJnfZZY.16_0.mp4,0,real,Pair2,hd_vg_130m,GenVidBench,False,D:\HaitongNi\MEngProject_SecondBench\02_D3\cache\frames\real\Pair2_hd_vg_130m_hd_vg_130m_02812__1pNCoJnfZZY.16_0.mp4,0
F:\MEngDatasets\GenVidBench\GenVidBench\Pair2\hd_vg_130m\hd_vg_130m\07110___6BMoNyRos9M.10_1.mp4,Pair2\hd_vg_130m\hd_vg_130m\07110___6BMoNyRos9M.10_1.mp4,0,real,Pair2,hd_vg_130m,GenVidBench,False,D:\HaitongNi\MEngProject_SecondBench\02_D3\cache\frames\real\Pair2_hd_vg_130m_hd_vg_130m_07110__6BMoNyRos9M.10_1.mp4,0
F:\MEngDatasets\GenVidBench\GenVidBench\Pair2\hd_vg_130m\hd_vg_130m\06142___6lky0qZc9Vk.3_0.mp4,Pair2\hd_vg_130m\hd_vg_130m\06142___6lky0qZc9Vk.3_0.mp4,0,real,Pair2,hd_vg_130m,GenVidBench,False,D:\HaitongNi\MEngProject_SecondBench\02_D3\cache\frames\real\Pair2_hd_vg_130m_hd_vg_130m_06142__6lky0qZc9Vk.3_0.mp4,0
F:\MEngDatasets\GenVidBench\GenVidBench\Pair2\hd_vg_130m\hd_vg_130m\02628___0v1_kuQl74g.17_0.mp4,Pair2\hd_vg_130m\hd_vg_130m\02628___0v1_kuQl74g.17_0.mp4,0,real,Pair2,hd_vg_130m,GenVidBench,False,D:\HaitongNi\MEngProject_SecondBench\02_D3\cache\frames\real\Pair2_hd_vg_130m_hd_vg_130m_02628__0v1_kuQl74g.17_0.mp4,0
F:\MEngDatasets\GenVidBench\GenVidBench\Pair2\hd_vg_130m\hd_vg_130m\13441___Cl4Ekmzbq1E.11_1.mp4,Pair2\hd_vg_130m\hd_vg_130m\13441___Cl4Ekmzbq1E.11_1.mp4,0,real,Pair2,hd_vg_130m,GenVidBench,False,D:\HaitongNi\MEngProject_SecondBench\02_D3\cache\frames\real\Pair2_hd_vg_130m_hd_vg_130m_13441__Cl4Ekmzbq1E.11_1.mp4,0
F:\MEngDatasets\GenVidBench\GenVidBench\Pair2\hd_vg_130m\hd_vg_130m\08394___B3tJNHBUlCI.10_1.mp4,Pair2\hd_vg_130m\hd_vg_130m\08394___B3tJNHBUlCI.10_1.mp4,0,real,Pair2,hd_vg_130m,GenVidBench,False,D:\HaitongNi\MEngProject_SecondBench\02_D3\cache\frames\real\Pair2_hd_vg_130m_hd_vg_130m_08394__B3tJNHBUlCI.10_1.mp4,0
F:\MEngDatasets\GenVidBench\GenVidBench\Pair1\vript\vript\022hQ9mesig-Scene-034.mp4,Pair1\vript\vript\022hQ9mesig-Scene-034.mp4,0,real,Pair1,vript,GenVidBench,False,D:\HaitongNi\MEngProject_SecondBench\02_D3\cache\frames\real\Pair1_vript_vript_022hQ9mesig-Scene-034.mp4,0
F:\MEngDatasets\GenVidBench\GenVidBench\Pair1\vript\vript\-EIekauI_hc-Scene-009.mp4,Pair1\vript\vript\-EIekauI_hc-Scene-009.mp4,0,real,Pair1,vript,GenVidBench,False,D:\HaitongNi\MEngProject_SecondBench\02_D3\cache\frames\real\Pair1_vript_vript_-EIekauI_hc-Scene-009.mp4,0
F:\MEngDatasets\GenVidBench\GenVidBench\Pair1\vript\vript\-5ReoIc3C_o-Scene-096.mp4,Pair1\vript\vript\-5ReoIc3C_o-Scene-096.mp4,0,real,Pair1,vript,GenVidBench,False,D:\HaitongNi\MEngProject_SecondBench\02_D3\cache\frames\real\Pair1_vript_vript_-5ReoIc3C_o-Scene-096.mp4,0
F:\MEngDatasets\GenVidBench\GenVidBench\Pair1\vript\vript\-6_SVE43AL4-Scene-035.mp4,Pair1\vript\vript\-6_SVE43AL4-Scene-035.mp4,0,real,Pair1,vript,GenVidBench,False,D:\HaitongNi\MEngProject_SecondBench\02_D3\cache\frames\real\Pair1_vript_vript_-6_SVE43AL4-Scene-035.mp4,0
F:\MEngDatasets\GenVidBench\GenVidBench\Pair1\vript\vript\-3u2xpZF2h4-Scene-020.mp4,Pair1\vript\vript\-3u2xpZF2h4-Scene-020.mp4,0,real,Pair1,vript,GenVidBench,False,D:\HaitongNi\MEngProject_SecondBench\02_D3\cache\frames\real\Pair1_vript_vript_-3u2xpZF2h4-Scene-020.mp4,0
F:\MEngDatasets\GenVidBench\GenVidBench\Pair1\vript\vript\-DUQqI8FfQA-Scene-006.mp4,Pair1\vript\vript\-DUQqI8FfQA-Scene-006.mp4,0,real,Pair1,vript,GenVidBench,False,D:\HaitongNi\MEngProject_SecondBench\02_D3\cache\frames\real\Pair1_vript_vript_-DUQqI8FfQA-Scene-006.mp4,0
F:\MEngDatasets\GenVidBench\GenVidBench\Pair2\hd_vg_130m\hd_vg_130m\02881___32Si2qsL-L8.1_0.mp4,Pair2\hd_vg_130m\hd_vg_130m\02881___32Si2qsL-L8.1_0.mp4,0,real,Pair2,hd_vg_130m,GenVidBench,False,D:\HaitongNi\MEngProject_SecondBench\02_D3\cache\frames\real\Pair2_hd_vg_130m_hd_vg_130m_02881__32Si2qsL-L8.1_0.mp4,0
F:\MEngDatasets\GenVidBench\GenVidBench\Pair2\hd_vg_130m\hd_vg_130m\02552___4WNAs36-F6U.0_0.mp4,Pair2\hd_vg_130m\hd_vg_130m\02552___4WNAs36-F6U.0_0.mp4,0,real,Pair2,hd_vg_130m,GenVidBench,False,D:\HaitongNi\MEngProject_SecondBench\02_D3\cache\frames\real\Pair2_hd_vg_130m_hd_vg_130m_02552__4WNAs36-F6U.0_0.mp4,0
F:\MEngDatasets\GenVidBench\GenVidBench\Pair1\vript\vript\-MyRjBSFZPg-Scene-017.mp4,Pair1\vript\vript\-MyRjBSFZPg-Scene-017.mp4,0,real,Pair1,vript,GenVidBench,False,D:\HaitongNi\MEngProject_SecondBench\02_D3\cache\frames\real\Pair1_vript_vript_-MyRjBSFZPg-Scene-017.mp4,0
F:\MEngDatasets\GenVidBench\GenVidBench\Pair2\hd_vg_130m\hd_vg_130m\00961___4qktAEp7-X8.14_0.mp4,Pair2\hd_vg_130m\hd_vg_130m\00961___4qktAEp7-X8.14_0.mp4,0,real,Pair2,hd_vg_130m,GenVidBench,False,D:\HaitongNi\MEngProject_SecondBench\02_D3\cache\frames\real\Pair2_hd_vg_130m_hd_vg_130m_00961__4qktAEp7-X8.14_0.mp4,0
F:\MEngDatasets\GenVidBench\GenVidBench\Pair2\hd_vg_130m\hd_vg_130m\01149___4n4ZJPfdyPc.1_0.mp4,Pair2\hd_vg_130m\hd_vg_130m\01149___4n4ZJPfdyPc.1_0.mp4,0,real,Pair2,hd_vg_130m,GenVidBench,False,D:\HaitongNi\MEngProject_SecondBench\02_D3\cache\frames\real\Pair2_hd_vg_130m_hd_vg_130m_01149__4n4ZJPfdyPc.1_0.mp4,0
F:\MEngDatasets\GenVidBench\GenVidBench\Pair2\hd_vg_130m\hd_vg_130m\12231___E0wIS2N2y6M.0_5.mp4,Pair2\hd_vg_130m\hd_vg_130m\12231___E0wIS2N2y6M.0_5.mp4,0,real,Pair2,hd_vg_130m,GenVidBench,False,D:\HaitongNi\MEngProject_SecondBench\02_D3\cache\frames\real\Pair2_hd_vg_130m_hd_vg_130m_12231__E0wIS2N2y6M.0_5.mp4,0
F:\MEngDatasets\GenVidBench\GenVidBench\Pair2\hd_vg_130m\hd_vg_130m\06973___84i_zViaQxg.1_1.mp4,Pair2\hd_vg_130m\hd_vg_130m\06973___84i_zViaQxg.1_1.mp4,0,real,Pair2,hd_vg_130m,GenVidBench,False,D:\HaitongNi\MEngProject_SecondBench\02_D3\cache\frames\real\Pair2_hd_vg_130m_hd_vg_130m_06973__84i_zViaQxg.1_1.mp4,0
F:\MEngDatasets\GenVidBench\GenVidBench\Pair2\hd_vg_130m\hd_vg_130m\02442___45O-obZTk1c.30_1.mp4,Pair2\hd_vg_130m\hd_vg_130m\02442___45O-obZTk1c.30_1.mp4,0,real,Pair2,hd_vg_130m,GenVidBench,False,D:\HaitongNi\MEngProject_SecondBench\02_D3\cache\frames\real\Pair2_hd_vg_130m_hd_vg_130m_02442__45O-obZTk1c.30_1.mp4,0
F:\MEngDatasets\GenVidBench\GenVidBench\Pair1\vript\vript\-GAtUjgJpEA-Scene-007.mp4,Pair1\vript\vript\-GAtUjgJpEA-Scene-007.mp4,0,real,Pair1,vript,GenVidBench,False,D:\HaitongNi\MEngProject_SecondBench\02_D3\cache\frames\real\Pair1_vript_vript_-GAtUjgJpEA-Scene-007.mp4,0
F:\MEngDatasets\GenVidBench\GenVidBench\Pair1\vript\vript\-OlWvcbV0Ro-Scene-012.mp4,Pair1\vript\vript\-OlWvcbV0Ro-Scene-012.mp4,0,real,Pair1,vript,GenVidBench,False,D:\HaitongNi\MEngProject_SecondBench\02_D3\cache\frames\real\Pair1_vript_vript_-OlWvcbV0Ro-Scene-012.mp4,0
F:\MEngDatasets\GenVidBench\GenVidBench\Pair2\hd_vg_130m\hd_vg_130m\06115___8srcm5bBgNo.1_2.mp4,Pair2\hd_vg_130m\hd_vg_130m\06115___8srcm5bBgNo.1_2.mp4,0,real,Pair2,hd_vg_130m,GenVidBench,False,D:\HaitongNi\MEngProject_SecondBench\02_D3\cache\frames\real\Pair2_hd_vg_130m_hd_vg_130m_06115__8srcm5bBgNo.1_2.mp4,0
F:\MEngDatasets\GenVidBench\GenVidBench\Pair2\hd_vg_130m\hd_vg_130m\07750___6RCY4t-Qhsw.3_0.mp4,Pair2\hd_vg_130m\hd_vg_130m\07750___6RCY4t-Qhsw.3_0.mp4,0,real,Pair2,hd_vg_130m,GenVidBench,False,D:\HaitongNi\MEngProject_SecondBench\02_D3\cache\frames\real\Pair2_hd_vg_130m_hd_vg_130m_07750__6RCY4t-Qhsw.3_0.mp4,0
F:\MEngDatasets\GenVidBench\GenVidBench\Pair2\hd_vg_130m\hd_vg_130m\03194___3JzwZ4wUNzo.0_3.mp4,Pair2\hd_vg_130m\hd_vg_130m\03194___3JzwZ4wUNzo.0_3.mp4,0,real,Pair2,hd_vg_130m,GenVidBench,False,D:\HaitongNi\MEngProject_SecondBench\02_D3\cache\frames\real\Pair2_hd_vg_130m_hd_vg_130m_03194__3JzwZ4wUNzo.0_3.mp4,0
F:\MEngDatasets\GenVidBench\GenVidBench\Pair1\vript\vript\-ZCBEZBmHIQ-Scene-034.mp4,Pair1\vript\vript\-ZCBEZBmHIQ-Scene-034.mp4,0,real,Pair1,vript,GenVidBench,False,D:\HaitongNi\MEngProject_SecondBench\02_D3\cache\frames\real\Pair1_vript_vript_-ZCBEZBmHIQ-Scene-034.mp4,0
F:\MEngDatasets\GenVidBench\GenVidBench\Pair1\vript\vript\-NIP2zgVsRY-Scene-028.mp4,Pair1\vript\vript\-NIP2zgVsRY-Scene-028.mp4,0,real,Pair1,vript,GenVidBench,False,D:\HaitongNi\MEngProject_SecondBench\02_D3\cache\frames\real\Pair1_vript_vript_-NIP2zgVsRY-Scene-028.mp4,0
F:\MEngDatasets\GenVidBench\GenVidBench\Pair1\vript\vript\-k1wvoMPlWw-Scene-107.mp4,Pair1\vript\vript\-k1wvoMPlWw-Scene-107.mp4,0,real,Pair1,vript,GenVidBench,False,D:\HaitongNi\MEngProject_SecondBench\02_D3\cache\frames\real\Pair1_vript_vript_-k1wvoMPlWw-Scene-107.mp4,0
F:\MEngDatasets\GenVidBench\GenVidBench\Pair1\vript\vript\-bNL86bJrD8-Scene-143.mp4,Pair1\vript\vript\-bNL86bJrD8-Scene-143.mp4,0,real,Pair1,vript,GenVidBench,False,D:\HaitongNi\MEngProject_SecondBench\02_D3\cache\frames\real\Pair1_vript_vript_-bNL86bJrD8-Scene-143.mp4,0
F:\MEngDatasets\GenVidBench\GenVidBench\Pair1\vript\vript\-UWQuj6J8tQ-Scene-101.mp4,Pair1\vript\vript\-UWQuj6J8tQ-Scene-101.mp4,0,real,Pair1,vript,GenVidBench,False,D:\HaitongNi\MEngProject_SecondBench\02_D3\cache\frames\real\Pair1_vript_vript_-UWQuj6J8tQ-Scene-101.mp4,0
F:\MEngDatasets\GenVidBench\GenVidBench\Pair1\vript\vript\-4JeJ5Cm5Mw-Scene-047.mp4,Pair1\vript\vript\-4JeJ5Cm5Mw-Scene-047.mp4,0,real,Pair1,vript,GenVidBench,False,D:\HaitongNi\MEngProject_SecondBench\02_D3\cache\frames\real\Pair1_vript_vript_-4JeJ5Cm5Mw-Scene-047.mp4,0
F:\MEngDatasets\GenVidBench\GenVidBench\Pair2\hd_vg_130m\hd_vg_130m\05858___8M-SM1dp3Lg.3_0.mp4,Pair2\hd_vg_130m\hd_vg_130m\05858___8M-SM1dp3Lg.3_0.mp4,0,real,Pair2,hd_vg_130m,GenVidBench,False,D:\HaitongNi\MEngProject_SecondBench\02_D3\cache\frames\real\Pair2_hd_vg_130m_hd_vg_130m_05858__8M-SM1dp3Lg.3_0.mp4,0
F:\MEngDatasets\GenVidBench\GenVidBench\Pair2\hd_vg_130m\hd_vg_130m\10685___CMj9TK7HCdo.13_1.mp4,Pair2\hd_vg_130m\hd_vg_130m\10685___CMj9TK7HCdo.13_1.mp4,0,real,Pair2,hd_vg_130m,GenVidBench,False,D:\HaitongNi\MEngProject_SecondBench\02_D3\cache\frames\real\Pair2_hd_vg_130m_hd_vg_130m_10685__CMj9TK7HCdo.13_1.mp4,0
F:\MEngDatasets\GenVidBench\GenVidBench\Pair1\vript\vript\-W50LiPBXu0-Scene-028.mp4,Pair1\vript\vript\-W50LiPBXu0-Scene-028.mp4,0,real,Pair1,vript,GenVidBench,False,D:\HaitongNi\MEngProject_SecondBench\02_D3\cache\frames\real\Pair1_vript_vript_-W50LiPBXu0-Scene-028.mp4,0
F:\MEngDatasets\GenVidBench\GenVidBench\Pair1\vript\vript\-F3M2EGP_C4-Scene-011.mp4,Pair1\vript\vript\-F3M2EGP_C4-Scene-011.mp4,0,real,Pair1,vript,GenVidBench,False,D:\HaitongNi\MEngProject_SecondBench\02_D3\cache\frames\real\Pair1_vript_vript_-F3M2EGP_C4-Scene-011.mp4,0
F:\MEngDatasets\GenVidBench\GenVidBench\Pair2\hd_vg_130m\hd_vg_130m\05604___5Zso0z2ag-U.13_0.mp4,Pair2\hd_vg_130m\hd_vg_130m\05604___5Zso0z2ag-U.13_0.mp4,0,real,Pair2,hd_vg_130m,GenVidBench,False,D:\HaitongNi\MEngProject_SecondBench\02_D3\cache\frames\real\Pair2_hd_vg_130m_hd_vg_130m_05604__5Zso0z2ag-U.13_0.mp4,0
F:\MEngDatasets\GenVidBench\GenVidBench\Pair1\vript\vript\2xbkjGSOEJY-Scene-126.mp4,Pair1\vript\vript\2xbkjGSOEJY-Scene-126.mp4,0,real,Pair1,vript,GenVidBench,False,D:\HaitongNi\MEngProject_SecondBench\02_D3\cache\frames\real\Pair1_vript_vript_2xbkjGSOEJY-Scene-126.mp4,0
F:\MEngDatasets\GenVidBench\GenVidBench\Pair2\hd_vg_130m\hd_vg_130m\10990___FuiN4ytWTVg.10_0.mp4,Pair2\hd_vg_130m\hd_vg_130m\10990___FuiN4ytWTVg.10_0.mp4,0,real,Pair2,hd_vg_130m,GenVidBench,False,D:\HaitongNi\MEngProject_SecondBench\02_D3\cache\frames\real\Pair2_hd_vg_130m_hd_vg_130m_10990__FuiN4ytWTVg.10_0.mp4,0
F:\MEngDatasets\GenVidBench\GenVidBench\Pair2\hd_vg_130m\hd_vg_130m\04016___0Z-psrunei8.11_2.mp4,Pair2\hd_vg_130m\hd_vg_130m\04016___0Z-psrunei8.11_2.mp4,0,real,Pair2,hd_vg_130m,GenVidBench,False,D:\HaitongNi\MEngProject_SecondBench\02_D3\cache\frames\real\Pair2_hd_vg_130m_hd_vg_130m_04016__0Z-psrunei8.11_2.mp4,0
F:\MEngDatasets\GenVidBench\GenVidBench\Pair2\hd_vg_130m\hd_vg_130m\04418___4p4lpo8GrlI.2_5.mp4,Pair2\hd_vg_130m\hd_vg_130m\04418___4p4lpo8GrlI.2_5.mp4,0,real,Pair2,hd_vg_130m,GenVidBench,False,D:\HaitongNi\MEngProject_SecondBench\02_D3\cache\frames\real\Pair2_hd_vg_130m_hd_vg_130m_04418__4p4lpo8GrlI.2_5.mp4,0
F:\MEngDatasets\GenVidBench\GenVidBench\Pair2\hd_vg_130m\hd_vg_130m\05702___9JGGbudSDrA.0_0.mp4,Pair2\hd_vg_130m\hd_vg_130m\05702___9JGGbudSDrA.0_0.mp4,0,real,Pair2,hd_vg_130m,GenVidBench,False,D:\HaitongNi\MEngProject_SecondBench\02_D3\cache\frames\real\Pair2_hd_vg_130m_hd_vg_130m_05702__9JGGbudSDrA.0_0.mp4,0
F:\MEngDatasets\GenVidBench\GenVidBench\Pair1\vript\vript\-SQcOG-QvOw-Scene-009.mp4,Pair1\vript\vript\-SQcOG-QvOw-Scene-009.mp4,0,real,Pair1,vript,GenVidBench,False,D:\HaitongNi\MEngProject_SecondBench\02_D3\cache\frames\real\Pair1_vript_vript_-SQcOG-QvOw-Scene-009.mp4,0
F:\MEngDatasets\GenVidBench\GenVidBench\Pair1\vript\vript\-AEboTH-SR0-Scene-014.mp4,Pair1\vript\vript\-AEboTH-SR0-Scene-014.mp4,0,real,Pair1,vript,GenVidBench,False,D:\HaitongNi\MEngProject_SecondBench\02_D3\cache\frames\real\Pair1_vript_vript_-AEboTH-SR0-Scene-014.mp4,0
F:\MEngDatasets\GenVidBench\GenVidBench\Pair1\vript\vript\-t5fzGI1oWk-Scene-008.mp4,Pair1\vript\vript\-t5fzGI1oWk-Scene-008.mp4,0,real,Pair1,vript,GenVidBench,False,D:\HaitongNi\MEngProject_SecondBench\02_D3\cache\frames\real\Pair1_vript_vript_-t5fzGI1oWk-Scene-008.mp4,0
F:\MEngDatasets\GenVidBench\GenVidBench\Pair2\hd_vg_130m\hd_vg_130m\09774___Ggpn-6WPakQ.1_0.mp4,Pair2\hd_vg_130m\hd_vg_130m\09774___Ggpn-6WPakQ.1_0.mp4,0,real,Pair2,hd_vg_130m,GenVidBench,False,D:\HaitongNi\MEngProject_SecondBench\02_D3\cache\frames\real\Pair2_hd_vg_130m_hd_vg_130m_09774__Ggpn-6WPakQ.1_0.mp4,0
F:\MEngDatasets\GenVidBench\GenVidBench\Pair1\vript\vript\-dLPEvcnUYM-Scene-016.mp4,Pair1\vript\vript\-dLPEvcnUYM-Scene-016.mp4,0,real,Pair1,vript,GenVidBench,False,D:\HaitongNi\MEngProject_SecondBench\02_D3\cache\frames\real\Pair1_vript_vript_-dLPEvcnUYM-Scene-016.mp4,0
F:\MEngDatasets\GenVidBench\GenVidBench\Pair1\vript\vript\-6DJRy5VOfg-Scene-011.mp4,Pair1\vript\vript\-6DJRy5VOfg-Scene-011.mp4,0,real,Pair1,vript,GenVidBench,False,D:\HaitongNi\MEngProject_SecondBench\02_D3\cache\frames\real\Pair1_vript_vript_-6DJRy5VOfg-Scene-011.mp4,0
F:\MEngDatasets\GenVidBench\GenVidBench\Pair2\hd_vg_130m\hd_vg_130m\02626___4qVKo4ByO6c.0_2.mp4,Pair2\hd_vg_130m\hd_vg_130m\02626___4qVKo4ByO6c.0_2.mp4,0,real,Pair2,hd_vg_130m,GenVidBench,False,D:\HaitongNi\MEngProject_SecondBench\02_D3\cache\frames\real\Pair2_hd_vg_130m_hd_vg_130m_02626__4qVKo4ByO6c.0_2.mp4,0
F:\MEngDatasets\GenVidBench\GenVidBench\Pair2\hd_vg_130m\hd_vg_130m\05102___94IukpmqOg0.5_1.mp4,Pair2\hd_vg_130m\hd_vg_130m\05102___94IukpmqOg0.5_1.mp4,0,real,Pair2,hd_vg_130m,GenVidBench,False,D:\HaitongNi\MEngProject_SecondBench\02_D3\cache\frames\real\Pair2_hd_vg_130m_hd_vg_130m_05102__94IukpmqOg0.5_1.mp4,0
F:\MEngDatasets\GenVidBench\GenVidBench\Pair1\vript\vript\-f36JGmgiiw-Scene-002.mp4,Pair1\vript\vript\-f36JGmgiiw-Scene-002.mp4,0,real,Pair1,vript,GenVidBench,False,D:\HaitongNi\MEngProject_SecondBench\02_D3\cache\frames\real\Pair1_vript_vript_-f36JGmgiiw-Scene-002.mp4,0
F:\MEngDatasets\GenVidBench\GenVidBench\Pair1\vript\vript\5DqLEsXFy4s-Scene-013.mp4,Pair1\vript\vript\5DqLEsXFy4s-Scene-013.mp4,0,real,Pair1,vript,GenVidBench,False,D:\HaitongNi\MEngProject_SecondBench\02_D3\cache\frames\real\Pair1_vript_vript_5DqLEsXFy4s-Scene-013.mp4,0
F:\MEngDatasets\GenVidBench\GenVidBench\Pair1\vript\vript\-j8An5lGDt0-Scene-083.mp4,Pair1\vript\vript\-j8An5lGDt0-Scene-083.mp4,0,real,Pair1,vript,GenVidBench,False,D:\HaitongNi\MEngProject_SecondBench\02_D3\cache\frames\real\Pair1_vript_vript_-j8An5lGDt0-Scene-083.mp4,0
F:\MEngDatasets\GenVidBench\GenVidBench\Pair2\hd_vg_130m\hd_vg_130m\03102___-6HwAFo44QA.1_2.mp4,Pair2\hd_vg_130m\hd_vg_130m\03102___-6HwAFo44QA.1_2.mp4,0,real,Pair2,hd_vg_130m,GenVidBench,False,D:\HaitongNi\MEngProject_SecondBench\02_D3\cache\frames\real\Pair2_hd_vg_130m_hd_vg_130m_03102__-6HwAFo44QA.1_2.mp4,0
F:\MEngDatasets\GenVidBench\GenVidBench\Pair1\vript\vript\-CwJBYXS1-Q-Scene-018.mp4,Pair1\vript\vript\-CwJBYXS1-Q-Scene-018.mp4,0,real,Pair1,vript,GenVidBench,False,D:\HaitongNi\MEngProject_SecondBench\02_D3\cache\frames\real\Pair1_vript_vript_-CwJBYXS1-Q-Scene-018.mp4,0
F:\MEngDatasets\GenVidBench\GenVidBench\Pair2\hd_vg_130m\hd_vg_130m\05318___9qR4aLByAR0.5_0.mp4,Pair2\hd_vg_130m\hd_vg_130m\05318___9qR4aLByAR0.5_0.mp4,0,real,Pair2,hd_vg_130m,GenVidBench,False,D:\HaitongNi\MEngProject_SecondBench\02_D3\cache\frames\real\Pair2_hd_vg_130m_hd_vg_130m_05318__9qR4aLByAR0.5_0.mp4,0
F:\MEngDatasets\GenVidBench\GenVidBench\Pair2\hd_vg_130m\hd_vg_130m\10217___GsRYs-USdnk.19_0.mp4,Pair2\hd_vg_130m\hd_vg_130m\10217___GsRYs-USdnk.19_0.mp4,0,real,Pair2,hd_vg_130m,GenVidBench,False,D:\HaitongNi\MEngProject_SecondBench\02_D3\cache\frames\real\Pair2_hd_vg_130m_hd_vg_130m_10217__GsRYs-USdnk.19_0.mp4,0
F:\MEngDatasets\GenVidBench\GenVidBench\Pair1\vript\vript\-9leP3nbaXc-Scene-042.mp4,Pair1\vript\vript\-9leP3nbaXc-Scene-042.mp4,0,real,Pair1,vript,GenVidBench,False,D:\HaitongNi\MEngProject_SecondBench\02_D3\cache\frames\real\Pair1_vript_vript_-9leP3nbaXc-Scene-042.mp4,0
F:\MEngDatasets\GenVidBench\GenVidBench\Pair2\hd_vg_130m\hd_vg_130m\01791___4kq5DlZ6pnc.32_0.mp4,Pair2\hd_vg_130m\hd_vg_130m\01791___4kq5DlZ6pnc.32_0.mp4,0,real,Pair2,hd_vg_130m,GenVidBench,False,D:\HaitongNi\MEngProject_SecondBench\02_D3\cache\frames\real\Pair2_hd_vg_130m_hd_vg_130m_01791__4kq5DlZ6pnc.32_0.mp4,0
F:\MEngDatasets\GenVidBench\GenVidBench\Pair1\vript\vript\-Xl33P57QOs-Scene-018.mp4,Pair1\vript\vript\-Xl33P57QOs-Scene-018.mp4,0,real,Pair1,vript,GenVidBench,False,D:\HaitongNi\MEngProject_SecondBench\02_D3\cache\frames\real\Pair1_vript_vript_-Xl33P57QOs-Scene-018.mp4,0
F:\MEngDatasets\GenVidBench\GenVidBench\Pair1\vript\vript\073BMGVWan0-Scene-035.mp4,Pair1\vript\vript\073BMGVWan0-Scene-035.mp4,0,real,Pair1,vript,GenVidBench,False,D:\HaitongNi\MEngProject_SecondBench\02_D3\cache\frames\real\Pair1_vript_vript_073BMGVWan0-Scene-035.mp4,0
F:\MEngDatasets\GenVidBench\GenVidBench\Pair2\hd_vg_130m\hd_vg_130m\11347___GxBmX2-TYaQ.10_1.mp4,Pair2\hd_vg_130m\hd_vg_130m\11347___GxBmX2-TYaQ.10_1.mp4,0,real,Pair2,hd_vg_130m,GenVidBench,False,D:\HaitongNi\MEngProject_SecondBench\02_D3\cache\frames\real\Pair2_hd_vg_130m_hd_vg_130m_11347__GxBmX2-TYaQ.10_1.mp4,0
F:\MEngDatasets\GenVidBench\GenVidBench\Pair1\vript\vript\-3u2xpZF2h4-Scene-004.mp4,Pair1\vript\vript\-3u2xpZF2h4-Scene-004.mp4,0,real,Pair1,vript,GenVidBench,False,D:\HaitongNi\MEngProject_SecondBench\02_D3\cache\frames\real\Pair1_vript_vript_-3u2xpZF2h4-Scene-004.mp4,0
F:\MEngDatasets\GenVidBench\GenVidBench\Pair1\vript\vript\-N8FhPulgOk-Scene-007.mp4,Pair1\vript\vript\-N8FhPulgOk-Scene-007.mp4,0,real,Pair1,vript,GenVidBench,False,D:\HaitongNi\MEngProject_SecondBench\02_D3\cache\frames\real\Pair1_vript_vript_-N8FhPulgOk-Scene-007.mp4,0
F:\MEngDatasets\GenVidBench\GenVidBench\Pair2\hd_vg_130m\hd_vg_130m\05626___7V0gUR6BiLs.12_1.mp4,Pair2\hd_vg_130m\hd_vg_130m\05626___7V0gUR6BiLs.12_1.mp4,0,real,Pair2,hd_vg_130m,GenVidBench,False,D:\HaitongNi\MEngProject_SecondBench\02_D3\cache\frames\real\Pair2_hd_vg_130m_hd_vg_130m_05626__7V0gUR6BiLs.12_1.mp4,0
F:\MEngDatasets\GenVidBench\GenVidBench\Pair1\vript\vript\-Vv3pnGt9Dc-Scene-002.mp4,Pair1\vript\vript\-Vv3pnGt9Dc-Scene-002.mp4,0,real,Pair1,vript,GenVidBench,False,D:\HaitongNi\MEngProject_SecondBench\02_D3\cache\frames\real\Pair1_vript_vript_-Vv3pnGt9Dc-Scene-002.mp4,0
F:\MEngDatasets\GenVidBench\GenVidBench\Pair2\hd_vg_130m\hd_vg_130m\08624___8H7bPBivkK8.29_0.mp4,Pair2\hd_vg_130m\hd_vg_130m\08624___8H7bPBivkK8.29_0.mp4,0,real,Pair2,hd_vg_130m,GenVidBench,False,D:\HaitongNi\MEngProject_SecondBench\02_D3\cache\frames\real\Pair2_hd_vg_130m_hd_vg_130m_08624__8H7bPBivkK8.29_0.mp4,0
F:\MEngDatasets\GenVidBench\GenVidBench\Pair1\vript\vript\26IdxneZ1xQ-Scene-031.mp4,Pair1\vript\vript\26IdxneZ1xQ-Scene-031.mp4,0,real,Pair1,vript,GenVidBench,False,D:\HaitongNi\MEngProject_SecondBench\02_D3\cache\frames\real\Pair1_vript_vript_26IdxneZ1xQ-Scene-031.mp4,0
F:\MEngDatasets\GenVidBench\GenVidBench\Pair1\vript\vript\-YrzhjsISkE-Scene-008.mp4,Pair1\vript\vript\-YrzhjsISkE-Scene-008.mp4,0,real,Pair1,vript,GenVidBench,False,D:\HaitongNi\MEngProject_SecondBench\02_D3\cache\frames\real\Pair1_vript_vript_-YrzhjsISkE-Scene-008.mp4,0
F:\MEngDatasets\GenVidBench\GenVidBench\Pair1\vript\vript\-uyHPBbfN1Y-Scene-009.mp4,Pair1\vript\vript\-uyHPBbfN1Y-Scene-009.mp4,0,real,Pair1,vript,GenVidBench,False,D:\HaitongNi\MEngProject_SecondBench\02_D3\cache\frames\real\Pair1_vript_vript_-uyHPBbfN1Y-Scene-009.mp4,0
F:\MEngDatasets\GenVidBench\GenVidBench\Pair1\vript\vript\-HsVkwyi-mk-Scene-018.mp4,Pair1\vript\vript\-HsVkwyi-mk-Scene-018.mp4,0,real,Pair1,vript,GenVidBench,False,D:\HaitongNi\MEngProject_SecondBench\02_D3\cache\frames\real\Pair1_vript_vript_-HsVkwyi-mk-Scene-018.mp4,0
F:\MEngDatasets\GenVidBench\GenVidBench\Pair1\vript\vript\0Jr3IYhTLDw-Scene-131.mp4,Pair1\vript\vript\0Jr3IYhTLDw-Scene-131.mp4,0,real,Pair1,vript,GenVidBench,False,D:\HaitongNi\MEngProject_SecondBench\02_D3\cache\frames\real\Pair1_vript_vript_0Jr3IYhTLDw-Scene-131.mp4,0
F:\MEngDatasets\GenVidBench\GenVidBench\Pair2\hd_vg_130m\hd_vg_130m\06134___7LEeWeL0sNg.17_0.mp4,Pair2\hd_vg_130m\hd_vg_130m\06134___7LEeWeL0sNg.17_0.mp4,0,real,Pair2,hd_vg_130m,GenVidBench,False,D:\HaitongNi\MEngProject_SecondBench\02_D3\cache\frames\real\Pair2_hd_vg_130m_hd_vg_130m_06134__7LEeWeL0sNg.17_0.mp4,0
F:\MEngDatasets\GenVidBench\GenVidBench\Pair2\hd_vg_130m\hd_vg_130m\12372___DLRFNALhVok.7_1.mp4,Pair2\hd_vg_130m\hd_vg_130m\12372___DLRFNALhVok.7_1.mp4,0,real,Pair2,hd_vg_130m,GenVidBench,False,D:\HaitongNi\MEngProject_SecondBench\02_D3\cache\frames\real\Pair2_hd_vg_130m_hd_vg_130m_12372__DLRFNALhVok.7_1.mp4,0
F:\MEngDatasets\GenVidBench\GenVidBench\Pair1\vript\vript\-OpwdHZfCtU-Scene-018.mp4,Pair1\vript\vript\-OpwdHZfCtU-Scene-018.mp4,0,real,Pair1,vript,GenVidBench,False,D:\HaitongNi\MEngProject_SecondBench\02_D3\cache\frames\real\Pair1_vript_vript_-OpwdHZfCtU-Scene-018.mp4,0
F:\MEngDatasets\GenVidBench\GenVidBench\Pair2\hd_vg_130m\hd_vg_130m\12295___Fr5s3Ccj8YA.0_1.mp4,Pair2\hd_vg_130m\hd_vg_130m\12295___Fr5s3Ccj8YA.0_1.mp4,0,real,Pair2,hd_vg_130m,GenVidBench,False,D:\HaitongNi\MEngProject_SecondBench\02_D3\cache\frames\real\Pair2_hd_vg_130m_hd_vg_130m_12295__Fr5s3Ccj8YA.0_1.mp4,0
F:\MEngDatasets\GenVidBench\GenVidBench\Pair1\vript\vript\-EPekCveFHQ-Scene-006.mp4,Pair1\vript\vript\-EPekCveFHQ-Scene-006.mp4,0,real,Pair1,vript,GenVidBench,False,D:\HaitongNi\MEngProject_SecondBench\02_D3\cache\frames\real\Pair1_vript_vript_-EPekCveFHQ-Scene-006.mp4,0
F:\MEngDatasets\GenVidBench\GenVidBench\Pair1\vript\vript\06vbPIJlkZU-Scene-042.mp4,Pair1\vript\vript\06vbPIJlkZU-Scene-042.mp4,0,real,Pair1,vript,GenVidBench,False,D:\HaitongNi\MEngProject_SecondBench\02_D3\cache\frames\real\Pair1_vript_vript_06vbPIJlkZU-Scene-042.mp4,0
F:\MEngDatasets\GenVidBench\GenVidBench\Pair2\hd_vg_130m\hd_vg_130m\07604___6Z0ianECwPI.2_3.mp4,Pair2\hd_vg_130m\hd_vg_130m\07604___6Z0ianECwPI.2_3.mp4,0,real,Pair2,hd_vg_130m,GenVidBench,False,D:\HaitongNi\MEngProject_SecondBench\02_D3\cache\frames\real\Pair2_hd_vg_130m_hd_vg_130m_07604__6Z0ianECwPI.2_3.mp4,0
F:\MEngDatasets\GenVidBench\GenVidBench\Pair1\vript\vript\-velT2AhY_s-Scene-018.mp4,Pair1\vript\vript\-velT2AhY_s-Scene-018.mp4,0,real,Pair1,vript,GenVidBench,False,D:\HaitongNi\MEngProject_SecondBench\02_D3\cache\frames\real\Pair1_vript_vript_-velT2AhY_s-Scene-018.mp4,0
F:\MEngDatasets\GenVidBench\GenVidBench\Pair2\hd_vg_130m\hd_vg_130m\01042___0oE0qEgh66c.2_0.mp4,Pair2\hd_vg_130m\hd_vg_130m\01042___0oE0qEgh66c.2_0.mp4,0,real,Pair2,hd_vg_130m,GenVidBench,False,D:\HaitongNi\MEngProject_SecondBench\02_D3\cache\frames\real\Pair2_hd_vg_130m_hd_vg_130m_01042__0oE0qEgh66c.2_0.mp4,0
F:\MEngDatasets\GenVidBench\GenVidBench\Pair2\hd_vg_130m\hd_vg_130m\01759___-1aUbNddVj0.15_0.mp4,Pair2\hd_vg_130m\hd_vg_130m\01759___-1aUbNddVj0.15_0.mp4,0,real,Pair2,hd_vg_130m,GenVidBench,False,D:\HaitongNi\MEngProject_SecondBench\02_D3\cache\frames\real\Pair2_hd_vg_130m_hd_vg_130m_01759__-1aUbNddVj0.15_0.mp4,0
F:\MEngDatasets\GenVidBench\GenVidBench\Pair2\hd_vg_130m\hd_vg_130m\08505___83Hj1zfeKnw.10_2.mp4,Pair2\hd_vg_130m\hd_vg_130m\08505___83Hj1zfeKnw.10_2.mp4,0,real,Pair2,hd_vg_130m,GenVidBench,False,D:\HaitongNi\MEngProject_SecondBench\02_D3\cache\frames\real\Pair2_hd_vg_130m_hd_vg_130m_08505__83Hj1zfeKnw.10_2.mp4,0
F:\MEngDatasets\GenVidBench\GenVidBench\Pair2\hd_vg_130m\hd_vg_130m\10212___DaOVGPN98Ow.12_0.mp4,Pair2\hd_vg_130m\hd_vg_130m\10212___DaOVGPN98Ow.12_0.mp4,0,real,Pair2,hd_vg_130m,GenVidBench,False,D:\HaitongNi\MEngProject_SecondBench\02_D3\cache\frames\real\Pair2_hd_vg_130m_hd_vg_130m_10212__DaOVGPN98Ow.12_0.mp4,0
F:\MEngDatasets\GenVidBench\GenVidBench\Pair1\vript\vript\-6cAazniJAc-Scene-084.mp4,Pair1\vript\vript\-6cAazniJAc-Scene-084.mp4,0,real,Pair1,vript,GenVidBench,False,D:\HaitongNi\MEngProject_SecondBench\02_D3\cache\frames\real\Pair1_vript_vript_-6cAazniJAc-Scene-084.mp4,0
F:\MEngDatasets\GenVidBench\GenVidBench\Pair1\vript\vript\-6cAazniJAc-Scene-060.mp4,Pair1\vript\vript\-6cAazniJAc-Scene-060.mp4,0,real,Pair1,vript,GenVidBench,False,D:\HaitongNi\MEngProject_SecondBench\02_D3\cache\frames\real\Pair1_vript_vript_-6cAazniJAc-Scene-060.mp4,0
F:\MEngDatasets\GenVidBench\GenVidBench\Pair2\hd_vg_130m\hd_vg_130m\03689___-wsuV2-xmpo.10_2.mp4,Pair2\hd_vg_130m\hd_vg_130m\03689___-wsuV2-xmpo.10_2.mp4,0,real,Pair2,hd_vg_130m,GenVidBench,False,D:\HaitongNi\MEngProject_SecondBench\02_D3\cache\frames\real\Pair2_hd_vg_130m_hd_vg_130m_03689__-wsuV2-xmpo.10_2.mp4,0
