path,rel_path,label,label_name,pair,generator_id,benchmark,missing,content_path,target
F:\MEngDatasets\GenVidBench\GenVidBench\Pair2\cogvideo\cogvideo\01698___a screen shot of an image in adobe illustrator.mp4,Pair2\cogvideo\cogvideo\01698___a screen shot of an image in adobe illustrator.mp4,1,fake,Pair2,cogvideo,GenVidBench,False,F:\MEngDatasets\GenVidBench\GenVidBench\Pair2\cogvideo\cogvideo\01698___a screen shot of an image in adobe illustrator.mp4,1
F:\MEngDatasets\GenVidBench\GenVidBench\Pair2\musev\musev\10955___a news anchor is talking to a camera.mp4,Pair2\musev\musev\10955___a news anchor is talking to a camera.mp4,1,fake,Pair2,musev,GenVidBench,False,F:\MEngDatasets\GenVidBench\GenVidBench\Pair2\musev\musev\10955___a news anchor is talking to a camera.mp4,1
F:\MEngDatasets\GenVidBench\GenVidBench\Pair2\musev\musev\01479___a group of police officers standing next to each other.mp4,Pair2\musev\musev\01479___a group of police officers standing next to each other.mp4,1,fake,Pair2,musev,GenVidBench,False,F:\MEngDatasets\GenVidBench\GenVidBench\Pair2\musev\musev\01479___a group of police officers standing next to each other.mp4,1
F:\MEngDatasets\GenVidBench\GenVidBench\Pair1\ms\ms\ms-c9b2959a-0cce-5df3-90e3-e0a70895dd77.mp4,Pair1\ms\ms\ms-c9b2959a-0cce-5df3-90e3-e0a70895dd77.mp4,1,fake,Pair1,ms,GenVidBench,False,F:\MEngDatasets\GenVidBench\GenVidBench\Pair1\ms\ms\ms-c9b2959a-0cce-5df3-90e3-e0a70895dd77.mp4,1
F:\MEngDatasets\GenVidBench\GenVidBench\Pair1\ms\ms\ms-70d666ee-bd5d-5ade-b0d1-b5b9085d5ca5.mp4,Pair1\ms\ms\ms-70d666ee-bd5d-5ade-b0d1-b5b9085d5ca5.mp4,1,fake,Pair1,ms,GenVidBench,False,F:\MEngDatasets\GenVidBench\GenVidBench\Pair1\ms\ms\ms-70d666ee-bd5d-5ade-b0d1-b5b9085d5ca5.mp4,1
F:\MEngDatasets\GenVidBench\GenVidBench\Pair1\ms\ms\ms-fd1c0be6-3ea0-504d-a8eb-3124d364ce30.mp4,Pair1\ms\ms\ms-fd1c0be6-3ea0-504d-a8eb-3124d364ce30.mp4,1,fake,Pair1,ms,GenVidBench,False,F:\MEngDatasets\GenVidBench\GenVidBench\Pair1\ms\ms\ms-fd1c0be6-3ea0-504d-a8eb-3124d364ce30.mp4,1
F:\MEngDatasets\GenVidBench\GenVidBench\Pair2\cogvideo\cogvideo\03071___a shelf with a variety of metal items on it.mp4,Pair2\cogvideo\cogvideo\03071___a shelf with a variety of metal items on it.mp4,1,fake,Pair2,cogvideo,GenVidBench,False,F:\MEngDatasets\GenVidBench\GenVidBench\Pair2\cogvideo\cogvideo\03071___a shelf with a variety of metal items on it.mp4,1
F:\MEngDatasets\GenVidBench\GenVidBench\Pair2\svd\svd\12738___a stop sign with a street sign on top of it.mp4,Pair2\svd\svd\12738___a stop sign with a street sign on top of it.mp4,1,fake,Pair2,svd,GenVidBench,False,F:\MEngDatasets\GenVidBench\GenVidBench\Pair2\svd\svd\12738___a stop sign with a street sign on top of it.mp4,1
F:\MEngDatasets\GenVidBench\GenVidBench\Pair1\pika\pika\pika-12576125-3471-5ed6-9be2-055b7a86f8ce.mp4,Pair1\pika\pika\pika-12576125-3471-5ed6-9be2-055b7a86f8ce.mp4,1,fake,Pair1,pika,GenVidBench,False,F:\MEngDatasets\GenVidBench\GenVidBench\Pair1\pika\pika\pika-12576125-3471-5ed6-9be2-055b7a86f8ce.mp4,1
F:\MEngDatasets\GenVidBench\GenVidBench\Pair1\ms\ms\ms-38cf1d7c-c109-5d4c-aad6-d7638135a2b6.mp4,Pair1\ms\ms\ms-38cf1d7c-c109-5d4c-aad6-d7638135a2b6.mp4,1,fake,Pair1,ms,GenVidBench,False,F:\MEngDatasets\GenVidBench\GenVidBench\Pair1\ms\ms\ms-38cf1d7c-c109-5d4c-aad6-d7638135a2b6.mp4,1
F:\MEngDatasets\GenVidBench\GenVidBench\Pair1\vc2\vc2\vc-ba73da46-9e5c-5739-abef-c90fe2406aea.mp4,Pair1\vc2\vc2\vc-ba73da46-9e5c-5739-abef-c90fe2406aea.mp4,1,fake,Pair1,vc2,GenVidBench,False,F:\MEngDatasets\GenVidBench\GenVidBench\Pair1\vc2\vc2\vc-ba73da46-9e5c-5739-abef-c90fe2406aea.mp4,1
F:\MEngDatasets\GenVidBench\GenVidBench\Pair1\vc2\vc2\vc-fd1c0be6-3ea0-504d-a8eb-3124d364ce30.mp4,Pair1\vc2\vc2\vc-fd1c0be6-3ea0-504d-a8eb-3124d364ce30.mp4,1,fake,Pair1,vc2,GenVidBench,False,F:\MEngDatasets\GenVidBench\GenVidBench\Pair1\vc2\vc2\vc-fd1c0be6-3ea0-504d-a8eb-3124d364ce30.mp4,1
F:\MEngDatasets\GenVidBench\GenVidBench\Pair1\t2vz\t2vz\t2vz-560931d1-903d-56e8-87ac-149535967748.mp4,Pair1\t2vz\t2vz\t2vz-560931d1-903d-56e8-87ac-149535967748.mp4,1,fake,Pair1,t2vz,GenVidBench,False,F:\MEngDatasets\GenVidBench\GenVidBench\Pair1\t2vz\t2vz\t2vz-560931d1-903d-56e8-87ac-149535967748.mp4,1
F:\MEngDatasets\GenVidBench\GenVidBench\Pair1\t2vz\t2vz\t2vz-10f4cf37-bc88-59ab-a946-4fd0f3368410.mp4,Pair1\t2vz\t2vz\t2vz-10f4cf37-bc88-59ab-a946-4fd0f3368410.mp4,1,fake,Pair1,t2vz,GenVidBench,False,F:\MEngDatasets\GenVidBench\GenVidBench\Pair1\t2vz\t2vz\t2vz-10f4cf37-bc88-59ab-a946-4fd0f3368410.mp4,1
F:\MEngDatasets\GenVidBench\GenVidBench\Pair1\pika\pika\pika-07de788b-da8a-5eba-b85c-7a3bb267ea0b.mp4,Pair1\pika\pika\pika-07de788b-da8a-5eba-b85c-7a3bb267ea0b.mp4,1,fake,Pair1,pika,GenVidBench,False,F:\MEngDatasets\GenVidBench\GenVidBench\Pair1\pika\pika\pika-07de788b-da8a-5eba-b85c-7a3bb267ea0b.mp4,1
F:\MEngDatasets\GenVidBench\GenVidBench\Pair2\cogvideo\cogvideo\03657___a computer screen showing a page with a picture on it.mp4,Pair2\cogvideo\cogvideo\03657___a computer screen showing a page with a picture on it.mp4,1,fake,Pair2,cogvideo,GenVidBench,False,F:\MEngDatasets\GenVidBench\GenVidBench\Pair2\cogvideo\cogvideo\03657___a computer screen showing a page with a picture on it.mp4,1
F:\MEngDatasets\GenVidBench\GenVidBench\Pair2\cogvideo\cogvideo\07832___a white letter e on a purple background.mp4,Pair2\cogvideo\cogvideo\07832___a white letter e on a purple background.mp4,1,fake,Pair2,cogvideo,GenVidBench,False,F:\MEngDatasets\GenVidBench\GenVidBench\Pair2\cogvideo\cogvideo\07832___a white letter e on a purple background.mp4,1
F:\MEngDatasets\GenVidBench\GenVidBench\Pair1\vc2\vc2\vc-0a0e36af-7512-5f96-b85a-5221fc0c267e.mp4,Pair1\vc2\vc2\vc-0a0e36af-7512-5f96-b85a-5221fc0c267e.mp4,1,fake,Pair1,vc2,GenVidBench,False,F:\MEngDatasets\GenVidBench\GenVidBench\Pair1\vc2\vc2\vc-0a0e36af-7512-5f96-b85a-5221fc0c267e.mp4,1
F:\MEngDatasets\GenVidBench\GenVidBench\Pair1\t2vz\t2vz\t2vz-ed905ae2-ee34-529c-a804-3ce2d5e7e939.mp4,Pair1\t2vz\t2vz\t2vz-ed905ae2-ee34-529c-a804-3ce2d5e7e939.mp4,1,fake,Pair1,t2vz,GenVidBench,False,F:\MEngDatasets\GenVidBench\GenVidBench\Pair1\t2vz\t2vz\t2vz-ed905ae2-ee34-529c-a804-3ce2d5e7e939.mp4,1
F:\MEngDatasets\GenVidBench\GenVidBench\Pair1\vc2\vc2\vc-07de788b-da8a-5eba-b85c-7a3bb267ea0b.mp4,Pair1\vc2\vc2\vc-07de788b-da8a-5eba-b85c-7a3bb267ea0b.mp4,1,fake,Pair1,vc2,GenVidBench,False,F:\MEngDatasets\GenVidBench\GenVidBench\Pair1\vc2\vc2\vc-07de788b-da8a-5eba-b85c-7a3bb267ea0b.mp4,1
F:\MEngDatasets\GenVidBench\GenVidBench\Pair2\mora\mora\03015___a box of a toy ice cream maker for kids.mp4,Pair2\mora\mora\03015___a box of a toy ice cream maker for kids.mp4,1,fake,Pair2,mora,GenVidBench,False,F:\MEngDatasets\GenVidBench\GenVidBench\Pair2\mora\mora\03015___a box of a toy ice cream maker for kids.mp4,1
F:\MEngDatasets\GenVidBench\GenVidBench\Pair1\ms\ms\ms-25580f7b-c375-508d-9bb3-0cb7e318744a.mp4,Pair1\ms\ms\ms-25580f7b-c375-508d-9bb3-0cb7e318744a.mp4,1,fake,Pair1,ms,GenVidBench,False,F:\MEngDatasets\GenVidBench\GenVidBench\Pair1\ms\ms\ms-25580f7b-c375-508d-9bb3-0cb7e318744a.mp4,1
F:\MEngDatasets\GenVidBench\GenVidBench\Pair2\mora\mora\01698___a screen shot of an image in adobe illustrator.mp4,Pair2\mora\mora\01698___a screen shot of an image in adobe illustrator.mp4,1,fake,Pair2,mora,GenVidBench,False,F:\MEngDatasets\GenVidBench\GenVidBench\Pair2\mora\mora\01698___a screen shot of an image in adobe illustrator.mp4,1
F:\MEngDatasets\GenVidBench\GenVidBench\Pair1\t2vz\t2vz\t2vz-8eeeefe2-5303-5ec2-895d-394d73ded281.mp4,Pair1\t2vz\t2vz\t2vz-8eeeefe2-5303-5ec2-895d-394d73ded281.mp4,1,fake,Pair1,t2vz,GenVidBench,False,F:\MEngDatasets\GenVidBench\GenVidBench\Pair1\t2vz\t2vz\t2vz-8eeeefe2-5303-5ec2-895d-394d73ded281.mp4,1
F:\MEngDatasets\GenVidBench\GenVidBench\Pair1\vc2\vc2\vc-a48b75cf-0aba-57f5-99ec-7a8ca28edaee.mp4,Pair1\vc2\vc2\vc-a48b75cf-0aba-57f5-99ec-7a8ca28edaee.mp4,1,fake,Pair1,vc2,GenVidBench,False,F:\MEngDatasets\GenVidBench\GenVidBench\Pair1\vc2\vc2\vc-a48b75cf-0aba-57f5-99ec-7a8ca28edaee.mp4,1
F:\MEngDatasets\GenVidBench\GenVidBench\Pair1\t2vz\t2vz\t2vz-0a0e36af-7512-5f96-b85a-5221fc0c267e.mp4,Pair1\t2vz\t2vz\t2vz-0a0e36af-7512-5f96-b85a-5221fc0c267e.mp4,1,fake,Pair1,t2vz,GenVidBench,False,F:\MEngDatasets\GenVidBench\GenVidBench\Pair1\t2vz\t2vz\t2vz-0a0e36af-7512-5f96-b85a-5221fc0c267e.mp4,1
F:\MEngDatasets\GenVidBench\GenVidBench\Pair2\mora\mora\13433___a refrigerator filled with eggs and milk.mp4,Pair2\mora\mora\13433___a refrigerator filled with eggs and milk.mp4,1,fake,Pair2,mora,GenVidBench,False,F:\MEngDatasets\GenVidBench\GenVidBench\Pair2\mora\mora\13433___a refrigerator filled with eggs and milk.mp4,1
F:\MEngDatasets\GenVidBench\GenVidBench\Pair2\svd\svd\02120___a close up of the inside of a microwave.mp4,Pair2\svd\svd\02120___a close up of the inside of a microwave.mp4,1,fake,Pair2,svd,GenVidBench,False,F:\MEngDatasets\GenVidBench\GenVidBench\Pair2\svd\svd\02120___a close up of the inside of a microwave.mp4,1
F:\MEngDatasets\GenVidBench\GenVidBench\Pair2\mora\mora\04343___a screenshot of a video game.mp4,Pair2\mora\mora\04343___a screenshot of a video game.mp4,1,fake,Pair2,mora,GenVidBench,False,F:\MEngDatasets\GenVidBench\GenVidBench\Pair2\mora\mora\04343___a screenshot of a video game.mp4,1
F:\MEngDatasets\GenVidBench\GenVidBench\Pair1\t2vz\t2vz\t2vz-7b1711ba-3c30-539f-8ba7-5dff10e848c6.mp4,Pair1\t2vz\t2vz\t2vz-7b1711ba-3c30-539f-8ba7-5dff10e848c6.mp4,1,fake,Pair1,t2vz,GenVidBench,False,F:\MEngDatasets\GenVidBench\GenVidBench\Pair1\t2vz\t2vz\t2vz-7b1711ba-3c30-539f-8ba7-5dff10e848c6.mp4,1
F:\MEngDatasets\GenVidBench\GenVidBench\Pair2\mora\mora\07835___an iphone sitting on a table in a dark room.mp4,Pair2\mora\mora\07835___an iphone sitting on a table in a dark room.mp4,1,fake,Pair2,mora,GenVidBench,False,F:\MEngDatasets\GenVidBench\GenVidBench\Pair2\mora\mora\07835___an iphone sitting on a table in a dark room.mp4,1
F:\MEngDatasets\GenVidBench\GenVidBench\Pair2\mora\mora\08566___a close up of a metal cylinder with a gauge on it.mp4,Pair2\mora\mora\08566___a close up of a metal cylinder with a gauge on it.mp4,1,fake,Pair2,mora,GenVidBench,False,F:\MEngDatasets\GenVidBench\GenVidBench\Pair2\mora\mora\08566___a close up of a metal cylinder with a gauge on it.mp4,1
F:\MEngDatasets\GenVidBench\GenVidBench\Pair2\svd\svd\00797___a close up of a bathroom sink.mp4,Pair2\svd\svd\00797___a close up of a bathroom sink.mp4,1,fake,Pair2,svd,GenVidBench,False,F:\MEngDatasets\GenVidBench\GenVidBench\Pair2\svd\svd\00797___a close up of a bathroom sink.mp4,1
F:\MEngDatasets\GenVidBench\GenVidBench\Pair2\cogvideo\cogvideo\00400___a stone archway with a clock on it.mp4,Pair2\cogvideo\cogvideo\00400___a stone archway with a clock on it.mp4,1,fake,Pair2,cogvideo,GenVidBench,False,F:\MEngDatasets\GenVidBench\GenVidBench\Pair2\cogvideo\cogvideo\00400___a stone archway with a clock on it.mp4,1
F:\MEngDatasets\GenVidBench\GenVidBench\Pair2\mora\mora\09705___a screen shot of a character in a game.mp4,Pair2\mora\mora\09705___a screen shot of a character in a game.mp4,1,fake,Pair2,mora,GenVidBench,False,F:\MEngDatasets\GenVidBench\GenVidBench\Pair2\mora\mora\09705___a screen shot of a character in a game.mp4,1
F:\MEngDatasets\GenVidBench\GenVidBench\Pair2\musev\musev\03689___the reflection of a cat in the window of a car.mp4,Pair2\musev\musev\03689___the reflection of a cat in the window of a car.mp4,1,fake,Pair2,musev,GenVidBench,False,F:\MEngDatasets\GenVidBench\GenVidBench\Pair2\musev\musev\03689___the reflection of a cat in the window of a car.mp4,1
F:\MEngDatasets\GenVidBench\GenVidBench\Pair1\ms\ms\ms-a48b75cf-0aba-57f5-99ec-7a8ca28edaee.mp4,Pair1\ms\ms\ms-a48b75cf-0aba-57f5-99ec-7a8ca28edaee.mp4,1,fake,Pair1,ms,GenVidBench,False,F:\MEngDatasets\GenVidBench\GenVidBench\Pair1\ms\ms\ms-a48b75cf-0aba-57f5-99ec-7a8ca28edaee.mp4,1
F:\MEngDatasets\GenVidBench\GenVidBench\Pair2\svd\svd\10018___a black background with some logos on it.mp4,Pair2\svd\svd\10018___a black background with some logos on it.mp4,1,fake,Pair2,svd,GenVidBench,False,F:\MEngDatasets\GenVidBench\GenVidBench\Pair2\svd\svd\10018___a black background with some logos on it.mp4,1
F:\MEngDatasets\GenVidBench\GenVidBench\Pair2\cogvideo\cogvideo\04455___a green plant growing inside of a cage.mp4,Pair2\cogvideo\cogvideo\04455___a green plant growing inside of a cage.mp4,1,fake,Pair2,cogvideo,GenVidBench,False,F:\MEngDatasets\GenVidBench\GenVidBench\Pair2\cogvideo\cogvideo\04455___a green plant growing inside of a cage.mp4,1
F:\MEngDatasets\GenVidBench\GenVidBench\Pair2\mora\mora\07832___a white letter e on a purple background.mp4,Pair2\mora\mora\07832___a white letter e on a purple background.mp4,1,fake,Pair2,mora,GenVidBench,False,F:\MEngDatasets\GenVidBench\GenVidBench\Pair2\mora\mora\07832___a white letter e on a purple background.mp4,1
F:\MEngDatasets\GenVidBench\GenVidBench\Pair2\musev\musev\10018___a black background with some logos on it.mp4,Pair2\musev\musev\10018___a black background with some logos on it.mp4,1,fake,Pair2,musev,GenVidBench,False,F:\MEngDatasets\GenVidBench\GenVidBench\Pair2\musev\musev\10018___a black background with some logos on it.mp4,1
F:\MEngDatasets\GenVidBench\GenVidBench\Pair1\ms\ms\ms-ed905ae2-ee34-529c-a804-3ce2d5e7e939.mp4,Pair1\ms\ms\ms-ed905ae2-ee34-529c-a804-3ce2d5e7e939.mp4,1,fake,Pair1,ms,GenVidBench,False,F:\MEngDatasets\GenVidBench\GenVidBench\Pair1\ms\ms\ms-ed905ae2-ee34-529c-a804-3ce2d5e7e939.mp4,1
F:\MEngDatasets\GenVidBench\GenVidBench\Pair2\mora\mora\07294___four different colored dice with the words _playing the decks_.mp4,Pair2\mora\mora\07294___four different colored dice with the words _playing the decks_.mp4,1,fake,Pair2,mora,GenVidBench,False,F:\MEngDatasets\GenVidBench\GenVidBench\Pair2\mora\mora\07294___four different colored dice with the words _playing the decks_.mp4,1
F:\MEngDatasets\GenVidBench\GenVidBench\Pair1\ms\ms\ms-6836d5d3-0d92-5d85-a32b-b121f9ba9b04.mp4,Pair1\ms\ms\ms-6836d5d3-0d92-5d85-a32b-b121f9ba9b04.mp4,1,fake,Pair1,ms,GenVidBench,False,F:\MEngDatasets\GenVidBench\GenVidBench\Pair1\ms\ms\ms-6836d5d3-0d92-5d85-a32b-b121f9ba9b04.mp4,1
F:\MEngDatasets\GenVidBench\GenVidBench\Pair2\cogvideo\cogvideo\04924___a close up of a teddy bear sitting on a rock.mp4,Pair2\cogvideo\cogvideo\04924___a close up of a teddy bear sitting on a rock.mp4,1,fake,Pair2,cogvideo,GenVidBench,False,F:\MEngDatasets\GenVidBench\GenVidBench\Pair2\cogvideo\cogvideo\04924___a close up of a teddy bear sitting on a rock.mp4,1
F:\MEngDatasets\GenVidBench\GenVidBench\Pair1\vc2\vc2\vc-4aef9374-9f2b-51a9-89d3-5d4be1f88f1b.mp4,Pair1\vc2\vc2\vc-4aef9374-9f2b-51a9-89d3-5d4be1f88f1b.mp4,1,fake,Pair1,vc2,GenVidBench,False,F:\MEngDatasets\GenVidBench\GenVidBench\Pair1\vc2\vc2\vc-4aef9374-9f2b-51a9-89d3-5d4be1f88f1b.mp4,1
F:\MEngDatasets\GenVidBench\GenVidBench\Pair2\musev\musev\13435___a large animal standing in the snow on a foggy day.mp4,Pair2\musev\musev\13435___a large animal standing in the snow on a foggy day.mp4,1,fake,Pair2,musev,GenVidBench,False,F:\MEngDatasets\GenVidBench\GenVidBench\Pair2\musev\musev\13435___a large animal standing in the snow on a foggy day.mp4,1
F:\MEngDatasets\GenVidBench\GenVidBench\Pair1\pika\pika\pika-52085ef4-0f41-54af-a053-fa5dc9ede520.mp4,Pair1\pika\pika\pika-52085ef4-0f41-54af-a053-fa5dc9ede520.mp4,1,fake,Pair1,pika,GenVidBench,False,F:\MEngDatasets\GenVidBench\GenVidBench\Pair1\pika\pika\pika-52085ef4-0f41-54af-a053-fa5dc9ede520.mp4,1
F:\MEngDatasets\GenVidBench\GenVidBench\Pair2\cogvideo\cogvideo\03129___a picture of a window with rain drops on it.mp4,Pair2\cogvideo\cogvideo\03129___a picture of a window with rain drops on it.mp4,1,fake,Pair2,cogvideo,GenVidBench,False,F:\MEngDatasets\GenVidBench\GenVidBench\Pair2\cogvideo\cogvideo\03129___a picture of a window with rain drops on it.mp4,1
F:\MEngDatasets\GenVidBench\GenVidBench\Pair1\pika\pika\pika-ba73da46-9e5c-5739-abef-c90fe2406aea.mp4,Pair1\pika\pika\pika-ba73da46-9e5c-5739-abef-c90fe2406aea.mp4,1,fake,Pair1,pika,GenVidBench,False,F:\MEngDatasets\GenVidBench\GenVidBench\Pair1\pika\pika\pika-ba73da46-9e5c-5739-abef-c90fe2406aea.mp4,1
F:\MEngDatasets\GenVidBench\GenVidBench\Pair1\pika\pika\pika-3d912141-6b6e-5cfd-8c30-12bad1a64b89.mp4,Pair1\pika\pika\pika-3d912141-6b6e-5cfd-8c30-12bad1a64b89.mp4,1,fake,Pair1,pika,GenVidBench,False,F:\MEngDatasets\GenVidBench\GenVidBench\Pair1\pika\pika\pika-3d912141-6b6e-5cfd-8c30-12bad1a64b89.mp4,1
F:\MEngDatasets\GenVidBench\GenVidBench\Pair2\svd\svd\05471___a close up of a tree with leaves on it.mp4,Pair2\svd\svd\05471___a close up of a tree with leaves on it.mp4,1,fake,Pair2,svd,GenVidBench,False,F:\MEngDatasets\GenVidBench\GenVidBench\Pair2\svd\svd\05471___a close up of a tree with leaves on it.mp4,1
F:\MEngDatasets\GenVidBench\GenVidBench\Pair2\musev\musev\04325___a pink burner on top of a stove.mp4,Pair2\musev\musev\04325___a pink burner on top of a stove.mp4,1,fake,Pair2,musev,GenVidBench,False,F:\MEngDatasets\GenVidBench\GenVidBench\Pair2\musev\musev\04325___a pink burner on top of a stove.mp4,1
F:\MEngDatasets\GenVidBench\GenVidBench\Pair1\t2vz\t2vz\t2vz-4aef9374-9f2b-51a9-89d3-5d4be1f88f1b.mp4,Pair1\t2vz\t2vz\t2vz-4aef9374-9f2b-51a9-89d3-5d4be1f88f1b.mp4,1,fake,Pair1,t2vz,GenVidBench,False,F:\MEngDatasets\GenVidBench\GenVidBench\Pair1\t2vz\t2vz\t2vz-4aef9374-9f2b-51a9-89d3-5d4be1f88f1b.mp4,1
F:\MEngDatasets\GenVidBench\GenVidBench\Pair1\ms\ms\ms-07de788b-da8a-5eba-b85c-7a3bb267ea0b.mp4,Pair1\ms\ms\ms-07de788b-da8a-5eba-b85c-7a3bb267ea0b.mp4,1,fake,Pair1,ms,GenVidBench,False,F:\MEngDatasets\GenVidBench\GenVidBench\Pair1\ms\ms\ms-07de788b-da8a-5eba-b85c-7a3bb267ea0b.mp4,1
F:\MEngDatasets\GenVidBench\GenVidBench\Pair1\ms\ms\ms-807ec19f-d33e-5059-8aa2-877ca8f7c20f.mp4,Pair1\ms\ms\ms-807ec19f-d33e-5059-8aa2-877ca8f7c20f.mp4,1,fake,Pair1,ms,GenVidBench,False,F:\MEngDatasets\GenVidBench\GenVidBench\Pair1\ms\ms\ms-807ec19f-d33e-5059-8aa2-877ca8f7c20f.mp4,1
F:\MEngDatasets\GenVidBench\GenVidBench\Pair2\cogvideo\cogvideo\08566___a close up of a metal cylinder with a gauge on it.mp4,Pair2\cogvideo\cogvideo\08566___a close up of a metal cylinder with a gauge on it.mp4,1,fake,Pair2,cogvideo,GenVidBench,False,F:\MEngDatasets\GenVidBench\GenVidBench\Pair2\cogvideo\cogvideo\08566___a close up of a metal cylinder with a gauge on it.mp4,1
F:\MEngDatasets\GenVidBench\GenVidBench\Pair1\vc2\vc2\vc-3d22a760-43ce-5ddf-a6a6-2813cf54d6b7.mp4,Pair1\vc2\vc2\vc-3d22a760-43ce-5ddf-a6a6-2813cf54d6b7.mp4,1,fake,Pair1,vc2,GenVidBench,False,F:\MEngDatasets\GenVidBench\GenVidBench\Pair1\vc2\vc2\vc-3d22a760-43ce-5ddf-a6a6-2813cf54d6b7.mp4,1
F:\MEngDatasets\GenVidBench\GenVidBench\Pair1\t2vz\t2vz\t2vz-2de502f9-15f8-5091-b937-972cf561c94a.mp4,Pair1\t2vz\t2vz\t2vz-2de502f9-15f8-5091-b937-972cf561c94a.mp4,1,fake,Pair1,t2vz,GenVidBench,False,F:\MEngDatasets\GenVidBench\GenVidBench\Pair1\t2vz\t2vz\t2vz-2de502f9-15f8-5091-b937-972cf561c94a.mp4,1
F:\MEngDatasets\GenVidBench\GenVidBench\Pair2\cogvideo\cogvideo\02320___a speedometer with the word scotty written on it.mp4,Pair2\cogvideo\cogvideo\02320___a speedometer with the word scotty written on it.mp4,1,fake,Pair2,cogvideo,GenVidBench,False,F:\MEngDatasets\GenVidBench\GenVidBench\Pair2\cogvideo\cogvideo\02320___a speedometer with the word scotty written on it.mp4,1
F:\MEngDatasets\GenVidBench\GenVidBench\Pair2\svd\svd\03011___a car driving down a dark highway at night.mp4,Pair2\svd\svd\03011___a car driving down a dark highway at night.mp4,1,fake,Pair2,svd,GenVidBench,False,F:\MEngDatasets\GenVidBench\GenVidBench\Pair2\svd\svd\03011___a car driving down a dark highway at night.mp4,1
F:\MEngDatasets\GenVidBench\GenVidBench\Pair1\vc2\vc2\vc-ccb9b3b6-4648-507c-a041-71a022447232.mp4,Pair1\vc2\vc2\vc-ccb9b3b6-4648-507c-a041-71a022447232.mp4,1,fake,Pair1,vc2,GenVidBench,False,F:\MEngDatasets\GenVidBench\GenVidBench\Pair1\vc2\vc2\vc-ccb9b3b6-4648-507c-a041-71a022447232.mp4,1
F:\MEngDatasets\GenVidBench\GenVidBench\Pair2\svd\svd\05360___a car driving down a street with graffiti on a wall.mp4,Pair2\svd\svd\05360___a car driving down a street with graffiti on a wall.mp4,1,fake,Pair2,svd,GenVidBench,False,F:\MEngDatasets\GenVidBench\GenVidBench\Pair2\svd\svd\05360___a car driving down a street with graffiti on a wall.mp4,1
F:\MEngDatasets\GenVidBench\GenVidBench\Pair1\vc2\vc2\vc-ff2b6437-8e05-5974-948a-46e35895dc41.mp4,Pair1\vc2\vc2\vc-ff2b6437-8e05-5974-948a-46e35895dc41.mp4,1,fake,Pair1,vc2,GenVidBench,False,F:\MEngDatasets\GenVidBench\GenVidBench\Pair1\vc2\vc2\vc-ff2b6437-8e05-5974-948a-46e35895dc41.mp4,1
F:\MEngDatasets\GenVidBench\GenVidBench\Pair2\cogvideo\cogvideo\05197___a child is kneading dough on a table.mp4,Pair2\cogvideo\cogvideo\05197___a child is kneading dough on a table.mp4,1,fake,Pair2,cogvideo,GenVidBench,False,F:\MEngDatasets\GenVidBench\GenVidBench\Pair2\cogvideo\cogvideo\05197___a child is kneading dough on a table.mp4,1
F:\MEngDatasets\GenVidBench\GenVidBench\Pair1\t2vz\t2vz\t2vz-7aec879d-90c5-52e5-b196-bb3657575b82.mp4,Pair1\t2vz\t2vz\t2vz-7aec879d-90c5-52e5-b196-bb3657575b82.mp4,1,fake,Pair1,t2vz,GenVidBench,False,F:\MEngDatasets\GenVidBench\GenVidBench\Pair1\t2vz\t2vz\t2vz-7aec879d-90c5-52e5-b196-bb3657575b82.mp4,1
F:\MEngDatasets\GenVidBench\GenVidBench\Pair2\musev\musev\09456___a screen shot of a computer with a large wave in the background.mp4,Pair2\musev\musev\09456___a screen shot of a computer with a large wave in the background.mp4,1,fake,Pair2,musev,GenVidBench,False,F:\MEngDatasets\GenVidBench\GenVidBench\Pair2\musev\musev\09456___a screen shot of a computer with a large wave in the background.mp4,1
F:\MEngDatasets\GenVidBench\GenVidBench\Pair2\cogvideo\cogvideo\11555___a girl sitting on the ground looking at her cell phone.mp4,Pair2\cogvideo\cogvideo\11555___a girl sitting on the ground looking at her cell phone.mp4,1,fake,Pair2,cogvideo,GenVidBench,False,F:\MEngDatasets\GenVidBench\GenVidBench\Pair2\cogvideo\cogvideo\11555___a girl sitting on the ground looking at her cell phone.mp4,1
F:\MEngDatasets\GenVidBench\GenVidBench\Pair2\mora\mora\11890___a silver ford focus parked on the side of the road.mp4,Pair2\mora\mora\11890___a silver ford focus parked on the side of the road.mp4,1,fake,Pair2,mora,GenVidBench,False,F:\MEngDatasets\GenVidBench\GenVidBench\Pair2\mora\mora\11890___a silver ford focus parked on the side of the road.mp4,1
F:\MEngDatasets\GenVidBench\GenVidBench\Pair2\svd\svd\01843___a group of softball players talking to each other.mp4,Pair2\svd\svd\01843___a group of softball players talking to each other.mp4,1,fake,Pair2,svd,GenVidBench,False,F:\MEngDatasets\GenVidBench\GenVidBench\Pair2\svd\svd\01843___a group of softball players talking to each other.mp4,1
F:\MEngDatasets\GenVidBench\GenVidBench\Pair1\pika\pika\pika-0a0e36af-7512-5f96-b85a-5221fc0c267e.mp4,Pair1\pika\pika\pika-0a0e36af-7512-5f96-b85a-5221fc0c267e.mp4,1,fake,Pair1,pika,GenVidBench,False,F:\MEngDatasets\GenVidBench\GenVidBench\Pair1\pika\pika\pika-0a0e36af-7512-5f96-b85a-5221fc0c267e.mp4,1
F:\MEngDatasets\GenVidBench\GenVidBench\Pair2\mora\mora\07451___a cartoon peppa pig dressed in a top hat and coat.mp4,Pair2\mora\mora\07451___a cartoon peppa pig dressed in a top hat and coat.mp4,1,fake,Pair2,mora,GenVidBench,False,F:\MEngDatasets\GenVidBench\GenVidBench\Pair2\mora\mora\07451___a cartoon peppa pig dressed in a top hat and coat.mp4,1
F:\MEngDatasets\GenVidBench\GenVidBench\Pair2\svd\svd\02737___a sign that says district warren news.mp4,Pair2\svd\svd\02737___a sign that says district warren news.mp4,1,fake,Pair2,svd,GenVidBench,False,F:\MEngDatasets\GenVidBench\GenVidBench\Pair2\svd\svd\02737___a sign that says district warren news.mp4,1
F:\MEngDatasets\GenVidBench\GenVidBench\Pair1\vc2\vc2\vc-e35c583d-5dfe-5ba8-a937-5a1b5548a63f.mp4,Pair1\vc2\vc2\vc-e35c583d-5dfe-5ba8-a937-5a1b5548a63f.mp4,1,fake,Pair1,vc2,GenVidBench,False,F:\MEngDatasets\GenVidBench\GenVidBench\Pair1\vc2\vc2\vc-e35c583d-5dfe-5ba8-a937-5a1b5548a63f.mp4,1
F:\MEngDatasets\GenVidBench\GenVidBench\Pair2\cogvideo\cogvideo\13222___an image of a green screen with letters on it.mp4,Pair2\cogvideo\cogvideo\13222___an image of a green screen with letters on it.mp4,1,fake,Pair2,cogvideo,GenVidBench,False,F:\MEngDatasets\GenVidBench\GenVidBench\Pair2\cogvideo\cogvideo\13222___an image of a green screen with letters on it.mp4,1
F:\MEngDatasets\GenVidBench\GenVidBench\Pair2\musev\musev\03751___a sign with a picture of a plant in a greenhouse.mp4,Pair2\musev\musev\03751___a sign with a picture of a plant in a greenhouse.mp4,1,fake,Pair2,musev,GenVidBench,False,F:\MEngDatasets\GenVidBench\GenVidBench\Pair2\musev\musev\03751___a sign with a picture of a plant in a greenhouse.mp4,1
F:\MEngDatasets\GenVidBench\GenVidBench\Pair1\t2vz\t2vz\t2vz-27721ed0-d584-54e5-8d96-a411192695f6.mp4,Pair1\t2vz\t2vz\t2vz-27721ed0-d584-54e5-8d96-a411192695f6.mp4,1,fake,Pair1,t2vz,GenVidBench,False,F:\MEngDatasets\GenVidBench\GenVidBench\Pair1\t2vz\t2vz\t2vz-27721ed0-d584-54e5-8d96-a411192695f6.mp4,1
F:\MEngDatasets\GenVidBench\GenVidBench\Pair1\t2vz\t2vz\t2vz-08d9a859-f62c-59bc-9fe7-89464deaa706.mp4,Pair1\t2vz\t2vz\t2vz-08d9a859-f62c-59bc-9fe7-89464deaa706.mp4,1,fake,Pair1,t2vz,GenVidBench,False,F:\MEngDatasets\GenVidBench\GenVidBench\Pair1\t2vz\t2vz\t2vz-08d9a859-f62c-59bc-9fe7-89464deaa706.mp4,1
F:\MEngDatasets\GenVidBench\GenVidBench\Pair1\pika\pika\pika-3726faf1-874e-5a95-8b2f-87b7e04766a7.mp4,Pair1\pika\pika\pika-3726faf1-874e-5a95-8b2f-87b7e04766a7.mp4,1,fake,Pair1,pika,GenVidBench,False,F:\MEngDatasets\GenVidBench\GenVidBench\Pair1\pika\pika\pika-3726faf1-874e-5a95-8b2f-87b7e04766a7.mp4,1
F:\MEngDatasets\GenVidBench\GenVidBench\Pair2\svd\svd\03014___the inside of a pharmacy store with lots of shelves.mp4,Pair2\svd\svd\03014___the inside of a pharmacy store with lots of shelves.mp4,1,fake,Pair2,svd,GenVidBench,False,F:\MEngDatasets\GenVidBench\GenVidBench\Pair2\svd\svd\03014___the inside of a pharmacy store with lots of shelves.mp4,1
F:\MEngDatasets\GenVidBench\GenVidBench\Pair1\ms\ms\ms-27721ed0-d584-54e5-8d96-a411192695f6.mp4,Pair1\ms\ms\ms-27721ed0-d584-54e5-8d96-a411192695f6.mp4,1,fake,Pair1,ms,GenVidBench,False,F:\MEngDatasets\GenVidBench\GenVidBench\Pair1\ms\ms\ms-27721ed0-d584-54e5-8d96-a411192695f6.mp4,1
F:\MEngDatasets\GenVidBench\GenVidBench\Pair1\vc2\vc2\vc-d1418574-5192-5596-96da-d1d5a308670a.mp4,Pair1\vc2\vc2\vc-d1418574-5192-5596-96da-d1d5a308670a.mp4,1,fake,Pair1,vc2,GenVidBench,False,F:\MEngDatasets\GenVidBench\GenVidBench\Pair1\vc2\vc2\vc-d1418574-5192-5596-96da-d1d5a308670a.mp4,1
F:\MEngDatasets\GenVidBench\GenVidBench\Pair1\vc2\vc2\vc-7b1711ba-3c30-539f-8ba7-5dff10e848c6.mp4,Pair1\vc2\vc2\vc-7b1711ba-3c30-539f-8ba7-5dff10e848c6.mp4,1,fake,Pair1,vc2,GenVidBench,False,F:\MEngDatasets\GenVidBench\GenVidBench\Pair1\vc2\vc2\vc-7b1711ba-3c30-539f-8ba7-5dff10e848c6.mp4,1
F:\MEngDatasets\GenVidBench\GenVidBench\Pair2\musev\musev\03014___the inside of a pharmacy store with lots of shelves.mp4,Pair2\musev\musev\03014___the inside of a pharmacy store with lots of shelves.mp4,1,fake,Pair2,musev,GenVidBench,False,F:\MEngDatasets\GenVidBench\GenVidBench\Pair2\musev\musev\03014___the inside of a pharmacy store with lots of shelves.mp4,1
F:\MEngDatasets\GenVidBench\GenVidBench\Pair1\t2vz\t2vz\t2vz-ff2c8815-2aff-5fdb-8394-1917fb571f42.mp4,Pair1\t2vz\t2vz\t2vz-ff2c8815-2aff-5fdb-8394-1917fb571f42.mp4,1,fake,Pair1,t2vz,GenVidBench,False,F:\MEngDatasets\GenVidBench\GenVidBench\Pair1\t2vz\t2vz\t2vz-ff2c8815-2aff-5fdb-8394-1917fb571f42.mp4,1
F:\MEngDatasets\GenVidBench\GenVidBench\Pair2\mora\mora\00609___a couple of kids playing basketball on a court.mp4,Pair2\mora\mora\00609___a couple of kids playing basketball on a court.mp4,1,fake,Pair2,mora,GenVidBench,False,F:\MEngDatasets\GenVidBench\GenVidBench\Pair2\mora\mora\00609___a couple of kids playing basketball on a court.mp4,1
F:\MEngDatasets\GenVidBench\GenVidBench\Pair1\pika\pika\pika-bd8392d9-8352-5800-b3bf-60139ab3acbb.mp4,Pair1\pika\pika\pika-bd8392d9-8352-5800-b3bf-60139ab3acbb.mp4,1,fake,Pair1,pika,GenVidBench,False,F:\MEngDatasets\GenVidBench\GenVidBench\Pair1\pika\pika\pika-bd8392d9-8352-5800-b3bf-60139ab3acbb.mp4,1
F:\MEngDatasets\GenVidBench\GenVidBench\Pair1\ms\ms\ms-560931d1-903d-56e8-87ac-149535967748.mp4,Pair1\ms\ms\ms-560931d1-903d-56e8-87ac-149535967748.mp4,1,fake,Pair1,ms,GenVidBench,False,F:\MEngDatasets\GenVidBench\GenVidBench\Pair1\ms\ms\ms-560931d1-903d-56e8-87ac-149535967748.mp4,1
F:\MEngDatasets\GenVidBench\GenVidBench\Pair1\ms\ms\ms-d5614d82-b71b-59a9-997f-6410624cb493.mp4,Pair1\ms\ms\ms-d5614d82-b71b-59a9-997f-6410624cb493.mp4,1,fake,Pair1,ms,GenVidBench,False,F:\MEngDatasets\GenVidBench\GenVidBench\Pair1\ms\ms\ms-d5614d82-b71b-59a9-997f-6410624cb493.mp4,1
F:\MEngDatasets\GenVidBench\GenVidBench\Pair2\svd\svd\01479___a group of police officers standing next to each other.mp4,Pair2\svd\svd\01479___a group of police officers standing next to each other.mp4,1,fake,Pair2,svd,GenVidBench,False,F:\MEngDatasets\GenVidBench\GenVidBench\Pair2\svd\svd\01479___a group of police officers standing next to each other.mp4,1
F:\MEngDatasets\GenVidBench\GenVidBench\Pair1\ms\ms\ms-534de1b2-2307-5aaa-bc5b-cda0f4697261.mp4,Pair1\ms\ms\ms-534de1b2-2307-5aaa-bc5b-cda0f4697261.mp4,1,fake,Pair1,ms,GenVidBench,False,F:\MEngDatasets\GenVidBench\GenVidBench\Pair1\ms\ms\ms-534de1b2-2307-5aaa-bc5b-cda0f4697261.mp4,1
F:\MEngDatasets\GenVidBench\GenVidBench\Pair2\musev\musev\02082___a young boy standing on a tiled floor.mp4,Pair2\musev\musev\02082___a young boy standing on a tiled floor.mp4,1,fake,Pair2,musev,GenVidBench,False,F:\MEngDatasets\GenVidBench\GenVidBench\Pair2\musev\musev\02082___a young boy standing on a tiled floor.mp4,1
F:\MEngDatasets\GenVidBench\GenVidBench\Pair1\vc2\vc2\vc-20ae02c0-bf3c-51f6-8382-5e54799ede52.mp4,Pair1\vc2\vc2\vc-20ae02c0-bf3c-51f6-8382-5e54799ede52.mp4,1,fake,Pair1,vc2,GenVidBench,False,F:\MEngDatasets\GenVidBench\GenVidBench\Pair1\vc2\vc2\vc-20ae02c0-bf3c-51f6-8382-5e54799ede52.mp4,1
F:\MEngDatasets\GenVidBench\GenVidBench\Pair1\pika\pika\pika-2c48b7e5-b4e6-5152-83b8-287aa74afb8f.mp4,Pair1\pika\pika\pika-2c48b7e5-b4e6-5152-83b8-287aa74afb8f.mp4,1,fake,Pair1,pika,GenVidBench,False,F:\MEngDatasets\GenVidBench\GenVidBench\Pair1\pika\pika\pika-2c48b7e5-b4e6-5152-83b8-287aa74afb8f.mp4,1
F:\MEngDatasets\GenVidBench\GenVidBench\Pair1\ms\ms\ms-20ae02c0-bf3c-51f6-8382-5e54799ede52.mp4,Pair1\ms\ms\ms-20ae02c0-bf3c-51f6-8382-5e54799ede52.mp4,1,fake,Pair1,ms,GenVidBench,False,F:\MEngDatasets\GenVidBench\GenVidBench\Pair1\ms\ms\ms-20ae02c0-bf3c-51f6-8382-5e54799ede52.mp4,1
F:\MEngDatasets\GenVidBench\GenVidBench\Pair1\ms\ms\ms-e06925ad-b463-54de-b811-4986d1fe04fe.mp4,Pair1\ms\ms\ms-e06925ad-b463-54de-b811-4986d1fe04fe.mp4,1,fake,Pair1,ms,GenVidBench,False,F:\MEngDatasets\GenVidBench\GenVidBench\Pair1\ms\ms\ms-e06925ad-b463-54de-b811-4986d1fe04fe.mp4,1
F:\MEngDatasets\GenVidBench\GenVidBench\Pair2\cogvideo\cogvideo\07294___four different colored dice with the words _playing the decks_.mp4,Pair2\cogvideo\cogvideo\07294___four different colored dice with the words _playing the decks_.mp4,1,fake,Pair2,cogvideo,GenVidBench,False,F:\MEngDatasets\GenVidBench\GenVidBench\Pair2\cogvideo\cogvideo\07294___four different colored dice with the words _playing the decks_.mp4,1
F:\MEngDatasets\GenVidBench\GenVidBench\Pair2\svd\svd\07095___a blurry picture of some text on a screen.mp4,Pair2\svd\svd\07095___a blurry picture of some text on a screen.mp4,1,fake,Pair2,svd,GenVidBench,False,F:\MEngDatasets\GenVidBench\GenVidBench\Pair2\svd\svd\07095___a blurry picture of some text on a screen.mp4,1
F:\MEngDatasets\GenVidBench\GenVidBench\Pair1\vc2\vc2\vc-d878522c-5d22-5769-a99d-8a03bdecf654.mp4,Pair1\vc2\vc2\vc-d878522c-5d22-5769-a99d-8a03bdecf654.mp4,1,fake,Pair1,vc2,GenVidBench,False,F:\MEngDatasets\GenVidBench\GenVidBench\Pair1\vc2\vc2\vc-d878522c-5d22-5769-a99d-8a03bdecf654.mp4,1
F:\MEngDatasets\GenVidBench\GenVidBench\Pair2\musev\musev\08012___a sign for a restaurant that says chef kung.mp4,Pair2\musev\musev\08012___a sign for a restaurant that says chef kung.mp4,1,fake,Pair2,musev,GenVidBench,False,F:\MEngDatasets\GenVidBench\GenVidBench\Pair2\musev\musev\08012___a sign for a restaurant that says chef kung.mp4,1
F:\MEngDatasets\GenVidBench\GenVidBench\Pair1\vc2\vc2\vc-38cf1d7c-c109-5d4c-aad6-d7638135a2b6.mp4,Pair1\vc2\vc2\vc-38cf1d7c-c109-5d4c-aad6-d7638135a2b6.mp4,1,fake,Pair1,vc2,GenVidBench,False,F:\MEngDatasets\GenVidBench\GenVidBench\Pair1\vc2\vc2\vc-38cf1d7c-c109-5d4c-aad6-d7638135a2b6.mp4,1
F:\MEngDatasets\GenVidBench\GenVidBench\Pair2\svd\svd\05175___an amazon may enter home fitness biz.mp4,Pair2\svd\svd\05175___an amazon may enter home fitness biz.mp4,1,fake,Pair2,svd,GenVidBench,False,F:\MEngDatasets\GenVidBench\GenVidBench\Pair2\svd\svd\05175___an amazon may enter home fitness biz.mp4,1
F:\MEngDatasets\GenVidBench\GenVidBench\Pair1\ms\ms\ms-10ccb150-0997-5ceb-82f6-6705b4fd31aa.mp4,Pair1\ms\ms\ms-10ccb150-0997-5ceb-82f6-6705b4fd31aa.mp4,1,fake,Pair1,ms,GenVidBench,False,F:\MEngDatasets\GenVidBench\GenVidBench\Pair1\ms\ms\ms-10ccb150-0997-5ceb-82f6-6705b4fd31aa.mp4,1
F:\MEngDatasets\GenVidBench\GenVidBench\Pair2\mora\mora\05467___a map showing the locations of north korea and south korea.mp4,Pair2\mora\mora\05467___a map showing the locations of north korea and south korea.mp4,1,fake,Pair2,mora,GenVidBench,False,F:\MEngDatasets\GenVidBench\GenVidBench\Pair2\mora\mora\05467___a map showing the locations of north korea and south korea.mp4,1
F:\MEngDatasets\GenVidBench\GenVidBench\Pair2\cogvideo\cogvideo\12067___a cell phone with a cartoon game on it.mp4,Pair2\cogvideo\cogvideo\12067___a cell phone with a cartoon game on it.mp4,1,fake,Pair2,cogvideo,GenVidBench,False,F:\MEngDatasets\GenVidBench\GenVidBench\Pair2\cogvideo\cogvideo\12067___a cell phone with a cartoon game on it.mp4,1
F:\MEngDatasets\GenVidBench\GenVidBench\Pair2\musev\musev\00797___a close up of a bathroom sink.mp4,Pair2\musev\musev\00797___a close up of a bathroom sink.mp4,1,fake,Pair2,musev,GenVidBench,False,F:\MEngDatasets\GenVidBench\GenVidBench\Pair2\musev\musev\00797___a close up of a bathroom sink.mp4,1
F:\MEngDatasets\GenVidBench\GenVidBench\Pair2\cogvideo\cogvideo\13288___a small animal inside of a glass enclosure.mp4,Pair2\cogvideo\cogvideo\13288___a small animal inside of a glass enclosure.mp4,1,fake,Pair2,cogvideo,GenVidBench,False,F:\MEngDatasets\GenVidBench\GenVidBench\Pair2\cogvideo\cogvideo\13288___a small animal inside of a glass enclosure.mp4,1
F:\MEngDatasets\GenVidBench\GenVidBench\Pair2\svd\svd\12336___a close up of a bird in a cage.mp4,Pair2\svd\svd\12336___a close up of a bird in a cage.mp4,1,fake,Pair2,svd,GenVidBench,False,F:\MEngDatasets\GenVidBench\GenVidBench\Pair2\svd\svd\12336___a close up of a bird in a cage.mp4,1
F:\MEngDatasets\GenVidBench\GenVidBench\Pair2\mora\mora\00354___two pictures of a bird in a cage.mp4,Pair2\mora\mora\00354___two pictures of a bird in a cage.mp4,1,fake,Pair2,mora,GenVidBench,False,F:\MEngDatasets\GenVidBench\GenVidBench\Pair2\mora\mora\00354___two pictures of a bird in a cage.mp4,1
F:\MEngDatasets\GenVidBench\GenVidBench\Pair1\t2vz\t2vz\t2vz-534de1b2-2307-5aaa-bc5b-cda0f4697261.mp4,Pair1\t2vz\t2vz\t2vz-534de1b2-2307-5aaa-bc5b-cda0f4697261.mp4,1,fake,Pair1,t2vz,GenVidBench,False,F:\MEngDatasets\GenVidBench\GenVidBench\Pair1\t2vz\t2vz\t2vz-534de1b2-2307-5aaa-bc5b-cda0f4697261.mp4,1
F:\MEngDatasets\GenVidBench\GenVidBench\Pair2\svd\svd\10334___a large white building with several flags on it.mp4,Pair2\svd\svd\10334___a large white building with several flags on it.mp4,1,fake,Pair2,svd,GenVidBench,False,F:\MEngDatasets\GenVidBench\GenVidBench\Pair2\svd\svd\10334___a large white building with several flags on it.mp4,1
F:\MEngDatasets\GenVidBench\GenVidBench\Pair1\t2vz\t2vz\t2vz-70770d2b-1dab-5c0e-935c-12fc3779bf06.mp4,Pair1\t2vz\t2vz\t2vz-70770d2b-1dab-5c0e-935c-12fc3779bf06.mp4,1,fake,Pair1,t2vz,GenVidBench,False,F:\MEngDatasets\GenVidBench\GenVidBench\Pair1\t2vz\t2vz\t2vz-70770d2b-1dab-5c0e-935c-12fc3779bf06.mp4,1
F:\MEngDatasets\GenVidBench\GenVidBench\Pair2\svd\svd\09152___a yellow gun in a video game.mp4,Pair2\svd\svd\09152___a yellow gun in a video game.mp4,1,fake,Pair2,svd,GenVidBench,False,F:\MEngDatasets\GenVidBench\GenVidBench\Pair2\svd\svd\09152___a yellow gun in a video game.mp4,1
F:\MEngDatasets\GenVidBench\GenVidBench\Pair1\ms\ms\ms-1d8e9939-76eb-5dc8-aab3-a78612eceb41.mp4,Pair1\ms\ms\ms-1d8e9939-76eb-5dc8-aab3-a78612eceb41.mp4,1,fake,Pair1,ms,GenVidBench,False,F:\MEngDatasets\GenVidBench\GenVidBench\Pair1\ms\ms\ms-1d8e9939-76eb-5dc8-aab3-a78612eceb41.mp4,1
F:\MEngDatasets\GenVidBench\GenVidBench\Pair1\ms\ms\ms-08d9a859-f62c-59bc-9fe7-89464deaa706.mp4,Pair1\ms\ms\ms-08d9a859-f62c-59bc-9fe7-89464deaa706.mp4,1,fake,Pair1,ms,GenVidBench,False,F:\MEngDatasets\GenVidBench\GenVidBench\Pair1\ms\ms\ms-08d9a859-f62c-59bc-9fe7-89464deaa706.mp4,1
F:\MEngDatasets\GenVidBench\GenVidBench\Pair1\t2vz\t2vz\t2vz-828040e4-9aca-515d-a9bc-3dd881ef1ed7.mp4,Pair1\t2vz\t2vz\t2vz-828040e4-9aca-515d-a9bc-3dd881ef1ed7.mp4,1,fake,Pair1,t2vz,GenVidBench,False,F:\MEngDatasets\GenVidBench\GenVidBench\Pair1\t2vz\t2vz\t2vz-828040e4-9aca-515d-a9bc-3dd881ef1ed7.mp4,1
F:\MEngDatasets\GenVidBench\GenVidBench\Pair2\musev\musev\07170___a news anchor is standing in front of a plane.mp4,Pair2\musev\musev\07170___a news anchor is standing in front of a plane.mp4,1,fake,Pair2,musev,GenVidBench,False,F:\MEngDatasets\GenVidBench\GenVidBench\Pair2\musev\musev\07170___a news anchor is standing in front of a plane.mp4,1
F:\MEngDatasets\GenVidBench\GenVidBench\Pair2\musev\musev\12738___a stop sign with a street sign on top of it.mp4,Pair2\musev\musev\12738___a stop sign with a street sign on top of it.mp4,1,fake,Pair2,musev,GenVidBench,False,F:\MEngDatasets\GenVidBench\GenVidBench\Pair2\musev\musev\12738___a stop sign with a street sign on top of it.mp4,1
F:\MEngDatasets\GenVidBench\GenVidBench\Pair1\vc2\vc2\vc-a6aa3db8-6774-54ed-abf8-89bb1a29dc4d.mp4,Pair1\vc2\vc2\vc-a6aa3db8-6774-54ed-abf8-89bb1a29dc4d.mp4,1,fake,Pair1,vc2,GenVidBench,False,F:\MEngDatasets\GenVidBench\GenVidBench\Pair1\vc2\vc2\vc-a6aa3db8-6774-54ed-abf8-89bb1a29dc4d.mp4,1
F:\MEngDatasets\GenVidBench\GenVidBench\Pair1\t2vz\t2vz\t2vz-6dad3ece-d203-551b-b5f0-9b8a4fa19024.mp4,Pair1\t2vz\t2vz\t2vz-6dad3ece-d203-551b-b5f0-9b8a4fa19024.mp4,1,fake,Pair1,t2vz,GenVidBench,False,F:\MEngDatasets\GenVidBench\GenVidBench\Pair1\t2vz\t2vz\t2vz-6dad3ece-d203-551b-b5f0-9b8a4fa19024.mp4,1
F:\MEngDatasets\GenVidBench\GenVidBench\Pair2\cogvideo\cogvideo\10934___three newspapers sitting on top of a table.mp4,Pair2\cogvideo\cogvideo\10934___three newspapers sitting on top of a table.mp4,1,fake,Pair2,cogvideo,GenVidBench,False,F:\MEngDatasets\GenVidBench\GenVidBench\Pair2\cogvideo\cogvideo\10934___three newspapers sitting on top of a table.mp4,1
F:\MEngDatasets\GenVidBench\GenVidBench\Pair1\t2vz\t2vz\t2vz-a8e00099-b278-55d0-bfff-0011efad5914.mp4,Pair1\t2vz\t2vz\t2vz-a8e00099-b278-55d0-bfff-0011efad5914.mp4,1,fake,Pair1,t2vz,GenVidBench,False,F:\MEngDatasets\GenVidBench\GenVidBench\Pair1\t2vz\t2vz\t2vz-a8e00099-b278-55d0-bfff-0011efad5914.mp4,1
F:\MEngDatasets\GenVidBench\GenVidBench\Pair2\cogvideo\cogvideo\07451___a cartoon peppa pig dressed in a top hat and coat.mp4,Pair2\cogvideo\cogvideo\07451___a cartoon peppa pig dressed in a top hat and coat.mp4,1,fake,Pair2,cogvideo,GenVidBench,False,F:\MEngDatasets\GenVidBench\GenVidBench\Pair2\cogvideo\cogvideo\07451___a cartoon peppa pig dressed in a top hat and coat.mp4,1
F:\MEngDatasets\GenVidBench\GenVidBench\Pair1\vc2\vc2\vc-21a72913-48de-5e80-85bf-da10c639ab49.mp4,Pair1\vc2\vc2\vc-21a72913-48de-5e80-85bf-da10c639ab49.mp4,1,fake,Pair1,vc2,GenVidBench,False,F:\MEngDatasets\GenVidBench\GenVidBench\Pair1\vc2\vc2\vc-21a72913-48de-5e80-85bf-da10c639ab49.mp4,1
F:\MEngDatasets\GenVidBench\GenVidBench\Pair2\mora\mora\00469___a cartoon character standing next to a dog.mp4,Pair2\mora\mora\00469___a cartoon character standing next to a dog.mp4,1,fake,Pair2,mora,GenVidBench,False,F:\MEngDatasets\GenVidBench\GenVidBench\Pair2\mora\mora\00469___a cartoon character standing next to a dog.mp4,1
F:\MEngDatasets\GenVidBench\GenVidBench\Pair1\vc2\vc2\vc-8eeeefe2-5303-5ec2-895d-394d73ded281.mp4,Pair1\vc2\vc2\vc-8eeeefe2-5303-5ec2-895d-394d73ded281.mp4,1,fake,Pair1,vc2,GenVidBench,False,F:\MEngDatasets\GenVidBench\GenVidBench\Pair1\vc2\vc2\vc-8eeeefe2-5303-5ec2-895d-394d73ded281.mp4,1
F:\MEngDatasets\GenVidBench\GenVidBench\Pair2\cogvideo\cogvideo\03669___a screen shot of a website with a shopping cart.mp4,Pair2\cogvideo\cogvideo\03669___a screen shot of a website with a shopping cart.mp4,1,fake,Pair2,cogvideo,GenVidBench,False,F:\MEngDatasets\GenVidBench\GenVidBench\Pair2\cogvideo\cogvideo\03669___a screen shot of a website with a shopping cart.mp4,1
F:\MEngDatasets\GenVidBench\GenVidBench\Pair1\pika\pika\pika-ccb9b3b6-4648-507c-a041-71a022447232.mp4,Pair1\pika\pika\pika-ccb9b3b6-4648-507c-a041-71a022447232.mp4,1,fake,Pair1,pika,GenVidBench,False,F:\MEngDatasets\GenVidBench\GenVidBench\Pair1\pika\pika\pika-ccb9b3b6-4648-507c-a041-71a022447232.mp4,1
F:\MEngDatasets\GenVidBench\GenVidBench\Pair1\vc2\vc2\vc-6836d5d3-0d92-5d85-a32b-b121f9ba9b04.mp4,Pair1\vc2\vc2\vc-6836d5d3-0d92-5d85-a32b-b121f9ba9b04.mp4,1,fake,Pair1,vc2,GenVidBench,False,F:\MEngDatasets\GenVidBench\GenVidBench\Pair1\vc2\vc2\vc-6836d5d3-0d92-5d85-a32b-b121f9ba9b04.mp4,1
F:\MEngDatasets\GenVidBench\GenVidBench\Pair1\pika\pika\pika-a6aa3db8-6774-54ed-abf8-89bb1a29dc4d.mp4,Pair1\pika\pika\pika-a6aa3db8-6774-54ed-abf8-89bb1a29dc4d.mp4,1,fake,Pair1,pika,GenVidBench,False,F:\MEngDatasets\GenVidBench\GenVidBench\Pair1\pika\pika\pika-a6aa3db8-6774-54ed-abf8-89bb1a29dc4d.mp4,1
F:\MEngDatasets\GenVidBench\GenVidBench\Pair1\t2vz\t2vz\t2vz-807ec19f-d33e-5059-8aa2-877ca8f7c20f.mp4,Pair1\t2vz\t2vz\t2vz-807ec19f-d33e-5059-8aa2-877ca8f7c20f.mp4,1,fake,Pair1,t2vz,GenVidBench,False,F:\MEngDatasets\GenVidBench\GenVidBench\Pair1\t2vz\t2vz\t2vz-807ec19f-d33e-5059-8aa2-877ca8f7c20f.mp4,1
F:\MEngDatasets\GenVidBench\GenVidBench\Pair2\cogvideo\cogvideo\08843___four different types of iphone iphone iphone iphone iphone iphone iphone iphone iph.mp4,Pair2\cogvideo\cogvideo\08843___four different types of iphone iphone iphone iphone iphone iphone iphone iphone iph.mp4,1,fake,Pair2,cogvideo,GenVidBench,False,F:\MEngDatasets\GenVidBench\GenVidBench\Pair2\cogvideo\cogvideo\08843___four different types of iphone iphone iphone iphone iphone iphone iphone iphone iph.mp4,1
F:\MEngDatasets\GenVidBench\GenVidBench\Pair1\t2vz\t2vz\t2vz-ff2b6437-8e05-5974-948a-46e35895dc41.mp4,Pair1\t2vz\t2vz\t2vz-ff2b6437-8e05-5974-948a-46e35895dc41.mp4,1,fake,Pair1,t2vz,GenVidBench,False,F:\MEngDatasets\GenVidBench\GenVidBench\Pair1\t2vz\t2vz\t2vz-ff2b6437-8e05-5974-948a-46e35895dc41.mp4,1
F:\MEngDatasets\GenVidBench\GenVidBench\Pair1\t2vz\t2vz\t2vz-015b6972-c260-5220-9166-33f0d10c2ce8.mp4,Pair1\t2vz\t2vz\t2vz-015b6972-c260-5220-9166-33f0d10c2ce8.mp4,1,fake,Pair1,t2vz,GenVidBench,False,F:\MEngDatasets\GenVidBench\GenVidBench\Pair1\t2vz\t2vz\t2vz-015b6972-c260-5220-9166-33f0d10c2ce8.mp4,1
F:\MEngDatasets\GenVidBench\GenVidBench\Pair2\musev\musev\13364___a cartoon character wearing a yellow shirt and red tie.mp4,Pair2\musev\musev\13364___a cartoon character wearing a yellow shirt and red tie.mp4,1,fake,Pair2,musev,GenVidBench,False,F:\MEngDatasets\GenVidBench\GenVidBench\Pair2\musev\musev\13364___a cartoon character wearing a yellow shirt and red tie.mp4,1
F:\MEngDatasets\GenVidBench\GenVidBench\Pair2\svd\svd\01072___a baseball player wearing a chicago cubs uniform.mp4,Pair2\svd\svd\01072___a baseball player wearing a chicago cubs uniform.mp4,1,fake,Pair2,svd,GenVidBench,False,F:\MEngDatasets\GenVidBench\GenVidBench\Pair2\svd\svd\01072___a baseball player wearing a chicago cubs uniform.mp4,1
F:\MEngDatasets\GenVidBench\GenVidBench\Pair1\pika\pika\pika-015b6972-c260-5220-9166-33f0d10c2ce8.mp4,Pair1\pika\pika\pika-015b6972-c260-5220-9166-33f0d10c2ce8.mp4,1,fake,Pair1,pika,GenVidBench,False,F:\MEngDatasets\GenVidBench\GenVidBench\Pair1\pika\pika\pika-015b6972-c260-5220-9166-33f0d10c2ce8.mp4,1
F:\MEngDatasets\GenVidBench\GenVidBench\Pair1\ms\ms\ms-426d9667-3ab8-5792-9634-aa99a5c2be26.mp4,Pair1\ms\ms\ms-426d9667-3ab8-5792-9634-aa99a5c2be26.mp4,1,fake,Pair1,ms,GenVidBench,False,F:\MEngDatasets\GenVidBench\GenVidBench\Pair1\ms\ms\ms-426d9667-3ab8-5792-9634-aa99a5c2be26.mp4,1
F:\MEngDatasets\GenVidBench\GenVidBench\Pair1\t2vz\t2vz\t2vz-d5614d82-b71b-59a9-997f-6410624cb493.mp4,Pair1\t2vz\t2vz\t2vz-d5614d82-b71b-59a9-997f-6410624cb493.mp4,1,fake,Pair1,t2vz,GenVidBench,False,F:\MEngDatasets\GenVidBench\GenVidBench\Pair1\t2vz\t2vz\t2vz-d5614d82-b71b-59a9-997f-6410624cb493.mp4,1
F:\MEngDatasets\GenVidBench\GenVidBench\Pair2\cogvideo\cogvideo\08787___a yellow school bus driving down a street.mp4,Pair2\cogvideo\cogvideo\08787___a yellow school bus driving down a street.mp4,1,fake,Pair2,cogvideo,GenVidBench,False,F:\MEngDatasets\GenVidBench\GenVidBench\Pair2\cogvideo\cogvideo\08787___a yellow school bus driving down a street.mp4,1
F:\MEngDatasets\GenVidBench\GenVidBench\Pair2\mora\mora\10070___the back of a van filled with bags of drugs.mp4,Pair2\mora\mora\10070___the back of a van filled with bags of drugs.mp4,1,fake,Pair2,mora,GenVidBench,False,F:\MEngDatasets\GenVidBench\GenVidBench\Pair2\mora\mora\10070___the back of a van filled with bags of drugs.mp4,1
F:\MEngDatasets\GenVidBench\GenVidBench\Pair1\pika\pika\pika-828040e4-9aca-515d-a9bc-3dd881ef1ed7.mp4,Pair1\pika\pika\pika-828040e4-9aca-515d-a9bc-3dd881ef1ed7.mp4,1,fake,Pair1,pika,GenVidBench,False,F:\MEngDatasets\GenVidBench\GenVidBench\Pair1\pika\pika\pika-828040e4-9aca-515d-a9bc-3dd881ef1ed7.mp4,1
F:\MEngDatasets\GenVidBench\GenVidBench\Pair2\mora\mora\02778___a map of japan with a red face on it.mp4,Pair2\mora\mora\02778___a map of japan with a red face on it.mp4,1,fake,Pair2,mora,GenVidBench,False,F:\MEngDatasets\GenVidBench\GenVidBench\Pair2\mora\mora\02778___a map of japan with a red face on it.mp4,1
F:\MEngDatasets\GenVidBench\GenVidBench\Pair1\pika\pika\pika-b186afc4-3c50-566e-8091-11c41ac75c2b.mp4,Pair1\pika\pika\pika-b186afc4-3c50-566e-8091-11c41ac75c2b.mp4,1,fake,Pair1,pika,GenVidBench,False,F:\MEngDatasets\GenVidBench\GenVidBench\Pair1\pika\pika\pika-b186afc4-3c50-566e-8091-11c41ac75c2b.mp4,1
F:\MEngDatasets\GenVidBench\GenVidBench\Pair2\musev\musev\05668___a tractor driving down a dirt road.mp4,Pair2\musev\musev\05668___a tractor driving down a dirt road.mp4,1,fake,Pair2,musev,GenVidBench,False,F:\MEngDatasets\GenVidBench\GenVidBench\Pair2\musev\musev\05668___a tractor driving down a dirt road.mp4,1
F:\MEngDatasets\GenVidBench\GenVidBench\Pair1\vc2\vc2\vc-3d912141-6b6e-5cfd-8c30-12bad1a64b89.mp4,Pair1\vc2\vc2\vc-3d912141-6b6e-5cfd-8c30-12bad1a64b89.mp4,1,fake,Pair1,vc2,GenVidBench,False,F:\MEngDatasets\GenVidBench\GenVidBench\Pair1\vc2\vc2\vc-3d912141-6b6e-5cfd-8c30-12bad1a64b89.mp4,1
F:\MEngDatasets\GenVidBench\GenVidBench\Pair1\vc2\vc2\vc-ff2c8815-2aff-5fdb-8394-1917fb571f42.mp4,Pair1\vc2\vc2\vc-ff2c8815-2aff-5fdb-8394-1917fb571f42.mp4,1,fake,Pair1,vc2,GenVidBench,False,F:\MEngDatasets\GenVidBench\GenVidBench\Pair1\vc2\vc2\vc-ff2c8815-2aff-5fdb-8394-1917fb571f42.mp4,1
F:\MEngDatasets\GenVidBench\GenVidBench\Pair1\pika\pika\pika-e06925ad-b463-54de-b811-4986d1fe04fe.mp4,Pair1\pika\pika\pika-e06925ad-b463-54de-b811-4986d1fe04fe.mp4,1,fake,Pair1,pika,GenVidBench,False,F:\MEngDatasets\GenVidBench\GenVidBench\Pair1\pika\pika\pika-e06925ad-b463-54de-b811-4986d1fe04fe.mp4,1
F:\MEngDatasets\GenVidBench\GenVidBench\Pair2\cogvideo\cogvideo\05067___a lone skier in the middle of a snowy mountain.mp4,Pair2\cogvideo\cogvideo\05067___a lone skier in the middle of a snowy mountain.mp4,1,fake,Pair2,cogvideo,GenVidBench,False,F:\MEngDatasets\GenVidBench\GenVidBench\Pair2\cogvideo\cogvideo\05067___a lone skier in the middle of a snowy mountain.mp4,1
F:\MEngDatasets\GenVidBench\GenVidBench\Pair1\t2vz\t2vz\t2vz-12576125-3471-5ed6-9be2-055b7a86f8ce.mp4,Pair1\t2vz\t2vz\t2vz-12576125-3471-5ed6-9be2-055b7a86f8ce.mp4,1,fake,Pair1,t2vz,GenVidBench,False,F:\MEngDatasets\GenVidBench\GenVidBench\Pair1\t2vz\t2vz\t2vz-12576125-3471-5ed6-9be2-055b7a86f8ce.mp4,1
F:\MEngDatasets\GenVidBench\GenVidBench\Pair2\cogvideo\cogvideo\09705___a screen shot of a character in a game.mp4,Pair2\cogvideo\cogvideo\09705___a screen shot of a character in a game.mp4,1,fake,Pair2,cogvideo,GenVidBench,False,F:\MEngDatasets\GenVidBench\GenVidBench\Pair2\cogvideo\cogvideo\09705___a screen shot of a character in a game.mp4,1
F:\MEngDatasets\GenVidBench\GenVidBench\Pair1\pika\pika\pika-ed905ae2-ee34-529c-a804-3ce2d5e7e939.mp4,Pair1\pika\pika\pika-ed905ae2-ee34-529c-a804-3ce2d5e7e939.mp4,1,fake,Pair1,pika,GenVidBench,False,F:\MEngDatasets\GenVidBench\GenVidBench\Pair1\pika\pika\pika-ed905ae2-ee34-529c-a804-3ce2d5e7e939.mp4,1
F:\MEngDatasets\GenVidBench\GenVidBench\Pair1\vc2\vc2\vc-af7aa6cd-c500-5cc9-bb3a-27e557edeb6c.mp4,Pair1\vc2\vc2\vc-af7aa6cd-c500-5cc9-bb3a-27e557edeb6c.mp4,1,fake,Pair1,vc2,GenVidBench,False,F:\MEngDatasets\GenVidBench\GenVidBench\Pair1\vc2\vc2\vc-af7aa6cd-c500-5cc9-bb3a-27e557edeb6c.mp4,1
F:\MEngDatasets\GenVidBench\GenVidBench\Pair2\mora\mora\03071___a shelf with a variety of metal items on it.mp4,Pair2\mora\mora\03071___a shelf with a variety of metal items on it.mp4,1,fake,Pair2,mora,GenVidBench,False,F:\MEngDatasets\GenVidBench\GenVidBench\Pair2\mora\mora\03071___a shelf with a variety of metal items on it.mp4,1
F:\MEngDatasets\GenVidBench\GenVidBench\Pair1\t2vz\t2vz\t2vz-3726faf1-874e-5a95-8b2f-87b7e04766a7.mp4,Pair1\t2vz\t2vz\t2vz-3726faf1-874e-5a95-8b2f-87b7e04766a7.mp4,1,fake,Pair1,t2vz,GenVidBench,False,F:\MEngDatasets\GenVidBench\GenVidBench\Pair1\t2vz\t2vz\t2vz-3726faf1-874e-5a95-8b2f-87b7e04766a7.mp4,1
F:\MEngDatasets\GenVidBench\GenVidBench\Pair2\mora\mora\02141___a building with a fire hydrant on the side of it.mp4,Pair2\mora\mora\02141___a building with a fire hydrant on the side of it.mp4,1,fake,Pair2,mora,GenVidBench,False,F:\MEngDatasets\GenVidBench\GenVidBench\Pair2\mora\mora\02141___a building with a fire hydrant on the side of it.mp4,1
F:\MEngDatasets\GenVidBench\GenVidBench\Pair2\mora\mora\06848___a coach being carried on the shoulders of his players.mp4,Pair2\mora\mora\06848___a coach being carried on the shoulders of his players.mp4,1,fake,Pair2,mora,GenVidBench,False,F:\MEngDatasets\GenVidBench\GenVidBench\Pair2\mora\mora\06848___a coach being carried on the shoulders of his players.mp4,1
F:\MEngDatasets\GenVidBench\GenVidBench\Pair2\cogvideo\cogvideo\10264___two stuffed animals standing next to a desk.mp4,Pair2\cogvideo\cogvideo\10264___two stuffed animals standing next to a desk.mp4,1,fake,Pair2,cogvideo,GenVidBench,False,F:\MEngDatasets\GenVidBench\GenVidBench\Pair2\cogvideo\cogvideo\10264___two stuffed animals standing next to a desk.mp4,1
F:\MEngDatasets\GenVidBench\GenVidBench\Pair2\mora\mora\08595___a picture of a motorcycle with a light on it.mp4,Pair2\mora\mora\08595___a picture of a motorcycle with a light on it.mp4,1,fake,Pair2,mora,GenVidBench,False,F:\MEngDatasets\GenVidBench\GenVidBench\Pair2\mora\mora\08595___a picture of a motorcycle with a light on it.mp4,1
F:\MEngDatasets\GenVidBench\GenVidBench\Pair2\musev\musev\11382___a wooden chest of drawers sitting on top of a counter.mp4,Pair2\musev\musev\11382___a wooden chest of drawers sitting on top of a counter.mp4,1,fake,Pair2,musev,GenVidBench,False,F:\MEngDatasets\GenVidBench\GenVidBench\Pair2\musev\musev\11382___a wooden chest of drawers sitting on top of a counter.mp4,1
F:\MEngDatasets\GenVidBench\GenVidBench\Pair2\musev\musev\02476___a park that is flooded with water.mp4,Pair2\musev\musev\02476___a park that is flooded with water.mp4,1,fake,Pair2,musev,GenVidBench,False,F:\MEngDatasets\GenVidBench\GenVidBench\Pair2\musev\musev\02476___a park that is flooded with water.mp4,1
F:\MEngDatasets\GenVidBench\GenVidBench\Pair1\ms\ms\ms-15d13bf9-a053-5dfe-a244-32086ec1c77b.mp4,Pair1\ms\ms\ms-15d13bf9-a053-5dfe-a244-32086ec1c77b.mp4,1,fake,Pair1,ms,GenVidBench,False,F:\MEngDatasets\GenVidBench\GenVidBench\Pair1\ms\ms\ms-15d13bf9-a053-5dfe-a244-32086ec1c77b.mp4,1
F:\MEngDatasets\GenVidBench\GenVidBench\Pair1\pika\pika\pika-8eeeefe2-5303-5ec2-895d-394d73ded281.mp4,Pair1\pika\pika\pika-8eeeefe2-5303-5ec2-895d-394d73ded281.mp4,1,fake,Pair1,pika,GenVidBench,False,F:\MEngDatasets\GenVidBench\GenVidBench\Pair1\pika\pika\pika-8eeeefe2-5303-5ec2-895d-394d73ded281.mp4,1
F:\MEngDatasets\GenVidBench\GenVidBench\Pair2\cogvideo\cogvideo\06819___a table topped with ingredients for a cake.mp4,Pair2\cogvideo\cogvideo\06819___a table topped with ingredients for a cake.mp4,1,fake,Pair2,cogvideo,GenVidBench,False,F:\MEngDatasets\GenVidBench\GenVidBench\Pair2\cogvideo\cogvideo\06819___a table topped with ingredients for a cake.mp4,1
F:\MEngDatasets\GenVidBench\GenVidBench\Pair2\musev\musev\12336___a close up of a bird in a cage.mp4,Pair2\musev\musev\12336___a close up of a bird in a cage.mp4,1,fake,Pair2,musev,GenVidBench,False,F:\MEngDatasets\GenVidBench\GenVidBench\Pair2\musev\musev\12336___a close up of a bird in a cage.mp4,1
F:\MEngDatasets\GenVidBench\GenVidBench\Pair2\musev\musev\08003___an airplane flying through a clear blue sky.mp4,Pair2\musev\musev\08003___an airplane flying through a clear blue sky.mp4,1,fake,Pair2,musev,GenVidBench,False,F:\MEngDatasets\GenVidBench\GenVidBench\Pair2\musev\musev\08003___an airplane flying through a clear blue sky.mp4,1
F:\MEngDatasets\GenVidBench\GenVidBench\Pair2\musev\musev\06329___a brown and white bird sitting in a tree.mp4,Pair2\musev\musev\06329___a brown and white bird sitting in a tree.mp4,1,fake,Pair2,musev,GenVidBench,False,F:\MEngDatasets\GenVidBench\GenVidBench\Pair2\musev\musev\06329___a brown and white bird sitting in a tree.mp4,1
F:\MEngDatasets\GenVidBench\GenVidBench\Pair1\ms\ms\ms-7b1711ba-3c30-539f-8ba7-5dff10e848c6.mp4,Pair1\ms\ms\ms-7b1711ba-3c30-539f-8ba7-5dff10e848c6.mp4,1,fake,Pair1,ms,GenVidBench,False,F:\MEngDatasets\GenVidBench\GenVidBench\Pair1\ms\ms\ms-7b1711ba-3c30-539f-8ba7-5dff10e848c6.mp4,1
F:\MEngDatasets\GenVidBench\GenVidBench\Pair2\musev\musev\01857___a young boy sitting at a counter with a bowl of food.mp4,Pair2\musev\musev\01857___a young boy sitting at a counter with a bowl of food.mp4,1,fake,Pair2,musev,GenVidBench,False,F:\MEngDatasets\GenVidBench\GenVidBench\Pair2\musev\musev\01857___a young boy sitting at a counter with a bowl of food.mp4,1
F:\MEngDatasets\GenVidBench\GenVidBench\Pair2\cogvideo\cogvideo\06831___a weather map with snow on it.mp4,Pair2\cogvideo\cogvideo\06831___a weather map with snow on it.mp4,1,fake,Pair2,cogvideo,GenVidBench,False,F:\MEngDatasets\GenVidBench\GenVidBench\Pair2\cogvideo\cogvideo\06831___a weather map with snow on it.mp4,1
F:\MEngDatasets\GenVidBench\GenVidBench\Pair2\svd\svd\08583___a computer screen showing a drawing of a horse.mp4,Pair2\svd\svd\08583___a computer screen showing a drawing of a horse.mp4,1,fake,Pair2,svd,GenVidBench,False,F:\MEngDatasets\GenVidBench\GenVidBench\Pair2\svd\svd\08583___a computer screen showing a drawing of a horse.mp4,1
F:\MEngDatasets\GenVidBench\GenVidBench\Pair2\cogvideo\cogvideo\00609___a couple of kids playing basketball on a court.mp4,Pair2\cogvideo\cogvideo\00609___a couple of kids playing basketball on a court.mp4,1,fake,Pair2,cogvideo,GenVidBench,False,F:\MEngDatasets\GenVidBench\GenVidBench\Pair2\cogvideo\cogvideo\00609___a couple of kids playing basketball on a court.mp4,1
F:\MEngDatasets\GenVidBench\GenVidBench\Pair2\cogvideo\cogvideo\12577___the cbs logo on a blue background.mp4,Pair2\cogvideo\cogvideo\12577___the cbs logo on a blue background.mp4,1,fake,Pair2,cogvideo,GenVidBench,False,F:\MEngDatasets\GenVidBench\GenVidBench\Pair2\cogvideo\cogvideo\12577___the cbs logo on a blue background.mp4,1
F:\MEngDatasets\GenVidBench\GenVidBench\Pair1\t2vz\t2vz\t2vz-a91ce67d-d3cc-5c0b-a386-21036e392c74.mp4,Pair1\t2vz\t2vz\t2vz-a91ce67d-d3cc-5c0b-a386-21036e392c74.mp4,1,fake,Pair1,t2vz,GenVidBench,False,F:\MEngDatasets\GenVidBench\GenVidBench\Pair1\t2vz\t2vz\t2vz-a91ce67d-d3cc-5c0b-a386-21036e392c74.mp4,1
F:\MEngDatasets\GenVidBench\GenVidBench\Pair1\vc2\vc2\vc-52085ef4-0f41-54af-a053-fa5dc9ede520.mp4,Pair1\vc2\vc2\vc-52085ef4-0f41-54af-a053-fa5dc9ede520.mp4,1,fake,Pair1,vc2,GenVidBench,False,F:\MEngDatasets\GenVidBench\GenVidBench\Pair1\vc2\vc2\vc-52085ef4-0f41-54af-a053-fa5dc9ede520.mp4,1
F:\MEngDatasets\GenVidBench\GenVidBench\Pair1\t2vz\t2vz\t2vz-89ed5c66-7b9e-5447-ae61-2e8f9ce6a9a9.mp4,Pair1\t2vz\t2vz\t2vz-89ed5c66-7b9e-5447-ae61-2e8f9ce6a9a9.mp4,1,fake,Pair1,t2vz,GenVidBench,False,F:\MEngDatasets\GenVidBench\GenVidBench\Pair1\t2vz\t2vz\t2vz-89ed5c66-7b9e-5447-ae61-2e8f9ce6a9a9.mp4,1
F:\MEngDatasets\GenVidBench\GenVidBench\Pair2\mora\mora\03690___a row of bottles of milk sitting on a shelf.mp4,Pair2\mora\mora\03690___a row of bottles of milk sitting on a shelf.mp4,1,fake,Pair2,mora,GenVidBench,False,F:\MEngDatasets\GenVidBench\GenVidBench\Pair2\mora\mora\03690___a row of bottles of milk sitting on a shelf.mp4,1
F:\MEngDatasets\GenVidBench\GenVidBench\Pair1\pika\pika\pika-3d22a760-43ce-5ddf-a6a6-2813cf54d6b7.mp4,Pair1\pika\pika\pika-3d22a760-43ce-5ddf-a6a6-2813cf54d6b7.mp4,1,fake,Pair1,pika,GenVidBench,False,F:\MEngDatasets\GenVidBench\GenVidBench\Pair1\pika\pika\pika-3d22a760-43ce-5ddf-a6a6-2813cf54d6b7.mp4,1
F:\MEngDatasets\GenVidBench\GenVidBench\Pair2\svd\svd\12192___a close up of a doll laying on a bed.mp4,Pair2\svd\svd\12192___a close up of a doll laying on a bed.mp4,1,fake,Pair2,svd,GenVidBench,False,F:\MEngDatasets\GenVidBench\GenVidBench\Pair2\svd\svd\12192___a close up of a doll laying on a bed.mp4,1
F:\MEngDatasets\GenVidBench\GenVidBench\Pair2\musev\musev\06882___a group of basketball players posing for a picture.mp4,Pair2\musev\musev\06882___a group of basketball players posing for a picture.mp4,1,fake,Pair2,musev,GenVidBench,False,F:\MEngDatasets\GenVidBench\GenVidBench\Pair2\musev\musev\06882___a group of basketball players posing for a picture.mp4,1
F:\MEngDatasets\GenVidBench\GenVidBench\Pair2\musev\musev\09691___a group of geisha dolls sitting on a bamboo pole.mp4,Pair2\musev\musev\09691___a group of geisha dolls sitting on a bamboo pole.mp4,1,fake,Pair2,musev,GenVidBench,False,F:\MEngDatasets\GenVidBench\GenVidBench\Pair2\musev\musev\09691___a group of geisha dolls sitting on a bamboo pole.mp4,1
F:\MEngDatasets\GenVidBench\GenVidBench\Pair1\t2vz\t2vz\t2vz-c9b2959a-0cce-5df3-90e3-e0a70895dd77.mp4,Pair1\t2vz\t2vz\t2vz-c9b2959a-0cce-5df3-90e3-e0a70895dd77.mp4,1,fake,Pair1,t2vz,GenVidBench,False,F:\MEngDatasets\GenVidBench\GenVidBench\Pair1\t2vz\t2vz\t2vz-c9b2959a-0cce-5df3-90e3-e0a70895dd77.mp4,1
F:\MEngDatasets\GenVidBench\GenVidBench\Pair1\pika\pika\pika-25580f7b-c375-508d-9bb3-0cb7e318744a.mp4,Pair1\pika\pika\pika-25580f7b-c375-508d-9bb3-0cb7e318744a.mp4,1,fake,Pair1,pika,GenVidBench,False,F:\MEngDatasets\GenVidBench\GenVidBench\Pair1\pika\pika\pika-25580f7b-c375-508d-9bb3-0cb7e318744a.mp4,1
F:\MEngDatasets\GenVidBench\GenVidBench\Pair1\pika\pika\pika-ff2b6437-8e05-5974-948a-46e35895dc41.mp4,Pair1\pika\pika\pika-ff2b6437-8e05-5974-948a-46e35895dc41.mp4,1,fake,Pair1,pika,GenVidBench,False,F:\MEngDatasets\GenVidBench\GenVidBench\Pair1\pika\pika\pika-ff2b6437-8e05-5974-948a-46e35895dc41.mp4,1
F:\MEngDatasets\GenVidBench\GenVidBench\Pair1\t2vz\t2vz\t2vz-ccb9b3b6-4648-507c-a041-71a022447232.mp4,Pair1\t2vz\t2vz\t2vz-ccb9b3b6-4648-507c-a041-71a022447232.mp4,1,fake,Pair1,t2vz,GenVidBench,False,F:\MEngDatasets\GenVidBench\GenVidBench\Pair1\t2vz\t2vz\t2vz-ccb9b3b6-4648-507c-a041-71a022447232.mp4,1
F:\MEngDatasets\GenVidBench\GenVidBench\Pair2\cogvideo\cogvideo\12030___a young boy standing in the grass with a sign that says $ 200.mp4,Pair2\cogvideo\cogvideo\12030___a young boy standing in the grass with a sign that says $ 200.mp4,1,fake,Pair2,cogvideo,GenVidBench,False,F:\MEngDatasets\GenVidBench\GenVidBench\Pair2\cogvideo\cogvideo\12030___a young boy standing in the grass with a sign that says $ 200.mp4,1
F:\MEngDatasets\GenVidBench\GenVidBench\Pair1\vc2\vc2\vc-70d666ee-bd5d-5ade-b0d1-b5b9085d5ca5.mp4,Pair1\vc2\vc2\vc-70d666ee-bd5d-5ade-b0d1-b5b9085d5ca5.mp4,1,fake,Pair1,vc2,GenVidBench,False,F:\MEngDatasets\GenVidBench\GenVidBench\Pair1\vc2\vc2\vc-70d666ee-bd5d-5ade-b0d1-b5b9085d5ca5.mp4,1
F:\MEngDatasets\GenVidBench\GenVidBench\Pair1\pika\pika\pika-ed3a73af-7a1d-529c-9cd3-a6d5a43e06d1.mp4,Pair1\pika\pika\pika-ed3a73af-7a1d-529c-9cd3-a6d5a43e06d1.mp4,1,fake,Pair1,pika,GenVidBench,False,F:\MEngDatasets\GenVidBench\GenVidBench\Pair1\pika\pika\pika-ed3a73af-7a1d-529c-9cd3-a6d5a43e06d1.mp4,1
F:\MEngDatasets\GenVidBench\GenVidBench\Pair2\musev\musev\13849___a tree branch with ants crawling on it.mp4,Pair2\musev\musev\13849___a tree branch with ants crawling on it.mp4,1,fake,Pair2,musev,GenVidBench,False,F:\MEngDatasets\GenVidBench\GenVidBench\Pair2\musev\musev\13849___a tree branch with ants crawling on it.mp4,1
F:\MEngDatasets\GenVidBench\GenVidBench\Pair2\mora\mora\01040___a close up of a pair of scissors.mp4,Pair2\mora\mora\01040___a close up of a pair of scissors.mp4,1,fake,Pair2,mora,GenVidBench,False,F:\MEngDatasets\GenVidBench\GenVidBench\Pair2\mora\mora\01040___a close up of a pair of scissors.mp4,1
F:\MEngDatasets\GenVidBench\GenVidBench\Pair1\pika\pika\pika-426d9667-3ab8-5792-9634-aa99a5c2be26.mp4,Pair1\pika\pika\pika-426d9667-3ab8-5792-9634-aa99a5c2be26.mp4,1,fake,Pair1,pika,GenVidBench,False,F:\MEngDatasets\GenVidBench\GenVidBench\Pair1\pika\pika\pika-426d9667-3ab8-5792-9634-aa99a5c2be26.mp4,1
F:\MEngDatasets\GenVidBench\GenVidBench\Pair1\vc2\vc2\vc-12576125-3471-5ed6-9be2-055b7a86f8ce.mp4,Pair1\vc2\vc2\vc-12576125-3471-5ed6-9be2-055b7a86f8ce.mp4,1,fake,Pair1,vc2,GenVidBench,False,F:\MEngDatasets\GenVidBench\GenVidBench\Pair1\vc2\vc2\vc-12576125-3471-5ed6-9be2-055b7a86f8ce.mp4,1
F:\MEngDatasets\GenVidBench\GenVidBench\Pair2\cogvideo\cogvideo\11137___a clock with the words amazon's uniform design for echo echo echo echo echo echo echo echo echo echo echo echo echo echo echo echo echo echo echo.mp4,Pair2\cogvideo\cogvideo\11137___a clock with the words amazon's uniform design for echo echo echo echo echo echo echo echo echo echo echo echo echo echo echo echo echo echo echo.mp4,1,fake,Pair2,cogvideo,GenVidBench,False,F:\MEngDatasets\GenVidBench\GenVidBench\Pair2\cogvideo\cogvideo\11137___a clock with the words amazon's uniform design for echo echo echo echo echo echo echo echo echo echo echo echo echo echo echo echo echo echo echo.mp4,1
F:\MEngDatasets\GenVidBench\GenVidBench\Pair2\cogvideo\cogvideo\06848___a coach being carried on the shoulders of his players.mp4,Pair2\cogvideo\cogvideo\06848___a coach being carried on the shoulders of his players.mp4,1,fake,Pair2,cogvideo,GenVidBench,False,F:\MEngDatasets\GenVidBench\GenVidBench\Pair2\cogvideo\cogvideo\06848___a coach being carried on the shoulders of his players.mp4,1
F:\MEngDatasets\GenVidBench\GenVidBench\Pair2\mora\mora\05529___a boat floating in the middle of a body of water.mp4,Pair2\mora\mora\05529___a boat floating in the middle of a body of water.mp4,1,fake,Pair2,mora,GenVidBench,False,F:\MEngDatasets\GenVidBench\GenVidBench\Pair2\mora\mora\05529___a boat floating in the middle of a body of water.mp4,1
F:\MEngDatasets\GenVidBench\GenVidBench\Pair2\musev\musev\04273___a red rectangle with a white background.mp4,Pair2\musev\musev\04273___a red rectangle with a white background.mp4,1,fake,Pair2,musev,GenVidBench,False,F:\MEngDatasets\GenVidBench\GenVidBench\Pair2\musev\musev\04273___a red rectangle with a white background.mp4,1
F:\MEngDatasets\GenVidBench\GenVidBench\Pair1\t2vz\t2vz\t2vz-2c48b7e5-b4e6-5152-83b8-287aa74afb8f.mp4,Pair1\t2vz\t2vz\t2vz-2c48b7e5-b4e6-5152-83b8-287aa74afb8f.mp4,1,fake,Pair1,t2vz,GenVidBench,False,F:\MEngDatasets\GenVidBench\GenVidBench\Pair1\t2vz\t2vz\t2vz-2c48b7e5-b4e6-5152-83b8-287aa74afb8f.mp4,1
F:\MEngDatasets\GenVidBench\GenVidBench\Pair2\cogvideo\cogvideo\04343___a screenshot of a video game.mp4,Pair2\cogvideo\cogvideo\04343___a screenshot of a video game.mp4,1,fake,Pair2,cogvideo,GenVidBench,False,F:\MEngDatasets\GenVidBench\GenVidBench\Pair2\cogvideo\cogvideo\04343___a screenshot of a video game.mp4,1
F:\MEngDatasets\GenVidBench\GenVidBench\Pair2\cogvideo\cogvideo\07591___a picture of an egg on a blue background.mp4,Pair2\cogvideo\cogvideo\07591___a picture of an egg on a blue background.mp4,1,fake,Pair2,cogvideo,GenVidBench,False,F:\MEngDatasets\GenVidBench\GenVidBench\Pair2\cogvideo\cogvideo\07591___a picture of an egg on a blue background.mp4,1
F:\MEngDatasets\GenVidBench\GenVidBench\Pair1\t2vz\t2vz\t2vz-e06925ad-b463-54de-b811-4986d1fe04fe.mp4,Pair1\t2vz\t2vz\t2vz-e06925ad-b463-54de-b811-4986d1fe04fe.mp4,1,fake,Pair1,t2vz,GenVidBench,False,F:\MEngDatasets\GenVidBench\GenVidBench\Pair1\t2vz\t2vz\t2vz-e06925ad-b463-54de-b811-4986d1fe04fe.mp4,1
F:\MEngDatasets\GenVidBench\GenVidBench\Pair1\pika\pika\pika-1d8e9939-76eb-5dc8-aab3-a78612eceb41.mp4,Pair1\pika\pika\pika-1d8e9939-76eb-5dc8-aab3-a78612eceb41.mp4,1,fake,Pair1,pika,GenVidBench,False,F:\MEngDatasets\GenVidBench\GenVidBench\Pair1\pika\pika\pika-1d8e9939-76eb-5dc8-aab3-a78612eceb41.mp4,1
F:\MEngDatasets\GenVidBench\GenVidBench\Pair2\svd\svd\03689___the reflection of a cat in the window of a car.mp4,Pair2\svd\svd\03689___the reflection of a cat in the window of a car.mp4,1,fake,Pair2,svd,GenVidBench,False,F:\MEngDatasets\GenVidBench\GenVidBench\Pair2\svd\svd\03689___the reflection of a cat in the window of a car.mp4,1
F:\MEngDatasets\GenVidBench\GenVidBench\Pair2\musev\musev\00321___a piece of paper sitting on top of a wooden table.mp4,Pair2\musev\musev\00321___a piece of paper sitting on top of a wooden table.mp4,1,fake,Pair2,musev,GenVidBench,False,F:\MEngDatasets\GenVidBench\GenVidBench\Pair2\musev\musev\00321___a piece of paper sitting on top of a wooden table.mp4,1
F:\MEngDatasets\GenVidBench\GenVidBench\Pair1\ms\ms\ms-21a72913-48de-5e80-85bf-da10c639ab49.mp4,Pair1\ms\ms\ms-21a72913-48de-5e80-85bf-da10c639ab49.mp4,1,fake,Pair1,ms,GenVidBench,False,F:\MEngDatasets\GenVidBench\GenVidBench\Pair1\ms\ms\ms-21a72913-48de-5e80-85bf-da10c639ab49.mp4,1
F:\MEngDatasets\GenVidBench\GenVidBench\Pair2\svd\svd\11382___a wooden chest of drawers sitting on top of a counter.mp4,Pair2\svd\svd\11382___a wooden chest of drawers sitting on top of a counter.mp4,1,fake,Pair2,svd,GenVidBench,False,F:\MEngDatasets\GenVidBench\GenVidBench\Pair2\svd\svd\11382___a wooden chest of drawers sitting on top of a counter.mp4,1
F:\MEngDatasets\GenVidBench\GenVidBench\Pair2\cogvideo\cogvideo\08595___a picture of a motorcycle with a light on it.mp4,Pair2\cogvideo\cogvideo\08595___a picture of a motorcycle with a light on it.mp4,1,fake,Pair2,cogvideo,GenVidBench,False,F:\MEngDatasets\GenVidBench\GenVidBench\Pair2\cogvideo\cogvideo\08595___a picture of a motorcycle with a light on it.mp4,1
F:\MEngDatasets\GenVidBench\GenVidBench\Pair2\musev\musev\01482___a long hallway with numbers on the walls.mp4,Pair2\musev\musev\01482___a long hallway with numbers on the walls.mp4,1,fake,Pair2,musev,GenVidBench,False,F:\MEngDatasets\GenVidBench\GenVidBench\Pair2\musev\musev\01482___a long hallway with numbers on the walls.mp4,1
F:\MEngDatasets\GenVidBench\GenVidBench\Pair2\mora\mora\01784___president barack obama giving a speech in front of an american flag.mp4,Pair2\mora\mora\01784___president barack obama giving a speech in front of an american flag.mp4,1,fake,Pair2,mora,GenVidBench,False,F:\MEngDatasets\GenVidBench\GenVidBench\Pair2\mora\mora\01784___president barack obama giving a speech in front of an american flag.mp4,1
F:\MEngDatasets\GenVidBench\GenVidBench\Pair1\ms\ms\ms-3d912141-6b6e-5cfd-8c30-12bad1a64b89.mp4,Pair1\ms\ms\ms-3d912141-6b6e-5cfd-8c30-12bad1a64b89.mp4,1,fake,Pair1,ms,GenVidBench,False,F:\MEngDatasets\GenVidBench\GenVidBench\Pair1\ms\ms\ms-3d912141-6b6e-5cfd-8c30-12bad1a64b89.mp4,1
F:\MEngDatasets\GenVidBench\GenVidBench\Pair1\t2vz\t2vz\t2vz-426d9667-3ab8-5792-9634-aa99a5c2be26.mp4,Pair1\t2vz\t2vz\t2vz-426d9667-3ab8-5792-9634-aa99a5c2be26.mp4,1,fake,Pair1,t2vz,GenVidBench,False,F:\MEngDatasets\GenVidBench\GenVidBench\Pair1\t2vz\t2vz\t2vz-426d9667-3ab8-5792-9634-aa99a5c2be26.mp4,1
F:\MEngDatasets\GenVidBench\GenVidBench\Pair2\mora\mora\12577___the cbs logo on a blue background.mp4,Pair2\mora\mora\12577___the cbs logo on a blue background.mp4,1,fake,Pair2,mora,GenVidBench,False,F:\MEngDatasets\GenVidBench\GenVidBench\Pair2\mora\mora\12577___the cbs logo on a blue background.mp4,1
F:\MEngDatasets\GenVidBench\GenVidBench\Pair2\mora\mora\11461___a potted plant with a bottle of liquid next to it.mp4,Pair2\mora\mora\11461___a potted plant with a bottle of liquid next to it.mp4,1,fake,Pair2,mora,GenVidBench,False,F:\MEngDatasets\GenVidBench\GenVidBench\Pair2\mora\mora\11461___a potted plant with a bottle of liquid next to it.mp4,1
F:\MEngDatasets\GenVidBench\GenVidBench\Pair1\vc2\vc2\vc-e1653180-f281-52be-b6ff-1fd19ded0d5b.mp4,Pair1\vc2\vc2\vc-e1653180-f281-52be-b6ff-1fd19ded0d5b.mp4,1,fake,Pair1,vc2,GenVidBench,False,F:\MEngDatasets\GenVidBench\GenVidBench\Pair1\vc2\vc2\vc-e1653180-f281-52be-b6ff-1fd19ded0d5b.mp4,1
F:\MEngDatasets\GenVidBench\GenVidBench\Pair1\ms\ms\ms-a91ce67d-d3cc-5c0b-a386-21036e392c74.mp4,Pair1\ms\ms\ms-a91ce67d-d3cc-5c0b-a386-21036e392c74.mp4,1,fake,Pair1,ms,GenVidBench,False,F:\MEngDatasets\GenVidBench\GenVidBench\Pair1\ms\ms\ms-a91ce67d-d3cc-5c0b-a386-21036e392c74.mp4,1
F:\MEngDatasets\GenVidBench\GenVidBench\Pair2\cogvideo\cogvideo\00901___two cars are parked in front of a house.mp4,Pair2\cogvideo\cogvideo\00901___two cars are parked in front of a house.mp4,1,fake,Pair2,cogvideo,GenVidBench,False,F:\MEngDatasets\GenVidBench\GenVidBench\Pair2\cogvideo\cogvideo\00901___two cars are parked in front of a house.mp4,1
F:\MEngDatasets\GenVidBench\GenVidBench\Pair2\mora\mora\08843___four different types of iphone iphone iphone iphone iphone iphone iphone iphone iph.mp4,Pair2\mora\mora\08843___four different types of iphone iphone iphone iphone iphone iphone iphone iphone iph.mp4,1,fake,Pair2,mora,GenVidBench,False,F:\MEngDatasets\GenVidBench\GenVidBench\Pair2\mora\mora\08843___four different types of iphone iphone iphone iphone iphone iphone iphone iphone iph.mp4,1
F:\MEngDatasets\GenVidBench\GenVidBench\Pair1\ms\ms\ms-10f4cf37-bc88-59ab-a946-4fd0f3368410.mp4,Pair1\ms\ms\ms-10f4cf37-bc88-59ab-a946-4fd0f3368410.mp4,1,fake,Pair1,ms,GenVidBench,False,F:\MEngDatasets\GenVidBench\GenVidBench\Pair1\ms\ms\ms-10f4cf37-bc88-59ab-a946-4fd0f3368410.mp4,1
F:\MEngDatasets\GenVidBench\GenVidBench\Pair1\ms\ms\ms-d1418574-5192-5596-96da-d1d5a308670a.mp4,Pair1\ms\ms\ms-d1418574-5192-5596-96da-d1d5a308670a.mp4,1,fake,Pair1,ms,GenVidBench,False,F:\MEngDatasets\GenVidBench\GenVidBench\Pair1\ms\ms\ms-d1418574-5192-5596-96da-d1d5a308670a.mp4,1
F:\MEngDatasets\GenVidBench\GenVidBench\Pair1\ms\ms\ms-ccb9b3b6-4648-507c-a041-71a022447232.mp4,Pair1\ms\ms\ms-ccb9b3b6-4648-507c-a041-71a022447232.mp4,1,fake,Pair1,ms,GenVidBench,False,F:\MEngDatasets\GenVidBench\GenVidBench\Pair1\ms\ms\ms-ccb9b3b6-4648-507c-a041-71a022447232.mp4,1
F:\MEngDatasets\GenVidBench\GenVidBench\Pair2\mora\mora\03129___a picture of a window with rain drops on it.mp4,Pair2\mora\mora\03129___a picture of a window with rain drops on it.mp4,1,fake,Pair2,mora,GenVidBench,False,F:\MEngDatasets\GenVidBench\GenVidBench\Pair2\mora\mora\03129___a picture of a window with rain drops on it.mp4,1
F:\MEngDatasets\GenVidBench\GenVidBench\Pair2\svd\svd\04212___a view of the interior of an auditorium.mp4,Pair2\svd\svd\04212___a view of the interior of an auditorium.mp4,1,fake,Pair2,svd,GenVidBench,False,F:\MEngDatasets\GenVidBench\GenVidBench\Pair2\svd\svd\04212___a view of the interior of an auditorium.mp4,1
F:\MEngDatasets\GenVidBench\GenVidBench\Pair1\ms\ms\ms-ff2c8815-2aff-5fdb-8394-1917fb571f42.mp4,Pair1\ms\ms\ms-ff2c8815-2aff-5fdb-8394-1917fb571f42.mp4,1,fake,Pair1,ms,GenVidBench,False,F:\MEngDatasets\GenVidBench\GenVidBench\Pair1\ms\ms\ms-ff2c8815-2aff-5fdb-8394-1917fb571f42.mp4,1
F:\MEngDatasets\GenVidBench\GenVidBench\Pair1\t2vz\t2vz\t2vz-07de788b-da8a-5eba-b85c-7a3bb267ea0b.mp4,Pair1\t2vz\t2vz\t2vz-07de788b-da8a-5eba-b85c-7a3bb267ea0b.mp4,1,fake,Pair1,t2vz,GenVidBench,False,F:\MEngDatasets\GenVidBench\GenVidBench\Pair1\t2vz\t2vz\t2vz-07de788b-da8a-5eba-b85c-7a3bb267ea0b.mp4,1
F:\MEngDatasets\GenVidBench\GenVidBench\Pair1\ms\ms\ms-f2af67e1-56fb-530e-9719-0dc5887becd9.mp4,Pair1\ms\ms\ms-f2af67e1-56fb-530e-9719-0dc5887becd9.mp4,1,fake,Pair1,ms,GenVidBench,False,F:\MEngDatasets\GenVidBench\GenVidBench\Pair1\ms\ms\ms-f2af67e1-56fb-530e-9719-0dc5887becd9.mp4,1
F:\MEngDatasets\GenVidBench\GenVidBench\Pair2\mora\mora\12067___a cell phone with a cartoon game on it.mp4,Pair2\mora\mora\12067___a cell phone with a cartoon game on it.mp4,1,fake,Pair2,mora,GenVidBench,False,F:\MEngDatasets\GenVidBench\GenVidBench\Pair2\mora\mora\12067___a cell phone with a cartoon game on it.mp4,1
F:\MEngDatasets\GenVidBench\GenVidBench\Pair1\vc2\vc2\vc-560931d1-903d-56e8-87ac-149535967748.mp4,Pair1\vc2\vc2\vc-560931d1-903d-56e8-87ac-149535967748.mp4,1,fake,Pair1,vc2,GenVidBench,False,F:\MEngDatasets\GenVidBench\GenVidBench\Pair1\vc2\vc2\vc-560931d1-903d-56e8-87ac-149535967748.mp4,1
F:\MEngDatasets\GenVidBench\GenVidBench\Pair2\cogvideo\cogvideo\01040___a close up of a pair of scissors.mp4,Pair2\cogvideo\cogvideo\01040___a close up of a pair of scissors.mp4,1,fake,Pair2,cogvideo,GenVidBench,False,F:\MEngDatasets\GenVidBench\GenVidBench\Pair2\cogvideo\cogvideo\01040___a close up of a pair of scissors.mp4,1
F:\MEngDatasets\GenVidBench\GenVidBench\Pair1\t2vz\t2vz\t2vz-4b8e1b54-4f2b-59ec-ad4e-f60c6d6639ce.mp4,Pair1\t2vz\t2vz\t2vz-4b8e1b54-4f2b-59ec-ad4e-f60c6d6639ce.mp4,1,fake,Pair1,t2vz,GenVidBench,False,F:\MEngDatasets\GenVidBench\GenVidBench\Pair1\t2vz\t2vz\t2vz-4b8e1b54-4f2b-59ec-ad4e-f60c6d6639ce.mp4,1
F:\MEngDatasets\GenVidBench\GenVidBench\Pair1\vc2\vc2\vc-2c48b7e5-b4e6-5152-83b8-287aa74afb8f.mp4,Pair1\vc2\vc2\vc-2c48b7e5-b4e6-5152-83b8-287aa74afb8f.mp4,1,fake,Pair1,vc2,GenVidBench,False,F:\MEngDatasets\GenVidBench\GenVidBench\Pair1\vc2\vc2\vc-2c48b7e5-b4e6-5152-83b8-287aa74afb8f.mp4,1
F:\MEngDatasets\GenVidBench\GenVidBench\Pair1\t2vz\t2vz\t2vz-b186afc4-3c50-566e-8091-11c41ac75c2b.mp4,Pair1\t2vz\t2vz\t2vz-b186afc4-3c50-566e-8091-11c41ac75c2b.mp4,1,fake,Pair1,t2vz,GenVidBench,False,F:\MEngDatasets\GenVidBench\GenVidBench\Pair1\t2vz\t2vz\t2vz-b186afc4-3c50-566e-8091-11c41ac75c2b.mp4,1
F:\MEngDatasets\GenVidBench\GenVidBench\Pair1\t2vz\t2vz\t2vz-e35c583d-5dfe-5ba8-a937-5a1b5548a63f.mp4,Pair1\t2vz\t2vz\t2vz-e35c583d-5dfe-5ba8-a937-5a1b5548a63f.mp4,1,fake,Pair1,t2vz,GenVidBench,False,F:\MEngDatasets\GenVidBench\GenVidBench\Pair1\t2vz\t2vz\t2vz-e35c583d-5dfe-5ba8-a937-5a1b5548a63f.mp4,1
F:\MEngDatasets\GenVidBench\GenVidBench\Pair2\mora\mora\00400___a stone archway with a clock on it.mp4,Pair2\mora\mora\00400___a stone archway with a clock on it.mp4,1,fake,Pair2,mora,GenVidBench,False,F:\MEngDatasets\GenVidBench\GenVidBench\Pair2\mora\mora\00400___a stone archway with a clock on it.mp4,1
F:\MEngDatasets\GenVidBench\GenVidBench\Pair2\mora\mora\10264___two stuffed animals standing next to a desk.mp4,Pair2\mora\mora\10264___two stuffed animals standing next to a desk.mp4,1,fake,Pair2,mora,GenVidBench,False,F:\MEngDatasets\GenVidBench\GenVidBench\Pair2\mora\mora\10264___two stuffed animals standing next to a desk.mp4,1
F:\MEngDatasets\GenVidBench\GenVidBench\Pair2\mora\mora\04924___a close up of a teddy bear sitting on a rock.mp4,Pair2\mora\mora\04924___a close up of a teddy bear sitting on a rock.mp4,1,fake,Pair2,mora,GenVidBench,False,F:\MEngDatasets\GenVidBench\GenVidBench\Pair2\mora\mora\04924___a close up of a teddy bear sitting on a rock.mp4,1
F:\MEngDatasets\GenVidBench\GenVidBench\Pair2\cogvideo\cogvideo\00354___two pictures of a bird in a cage.mp4,Pair2\cogvideo\cogvideo\00354___two pictures of a bird in a cage.mp4,1,fake,Pair2,cogvideo,GenVidBench,False,F:\MEngDatasets\GenVidBench\GenVidBench\Pair2\cogvideo\cogvideo\00354___two pictures of a bird in a cage.mp4,1
F:\MEngDatasets\GenVidBench\GenVidBench\Pair1\t2vz\t2vz\t2vz-fd1c0be6-3ea0-504d-a8eb-3124d364ce30.mp4,Pair1\t2vz\t2vz\t2vz-fd1c0be6-3ea0-504d-a8eb-3124d364ce30.mp4,1,fake,Pair1,t2vz,GenVidBench,False,F:\MEngDatasets\GenVidBench\GenVidBench\Pair1\t2vz\t2vz\t2vz-fd1c0be6-3ea0-504d-a8eb-3124d364ce30.mp4,1
F:\MEngDatasets\GenVidBench\GenVidBench\Pair2\mora\mora\05197___a child is kneading dough on a table.mp4,Pair2\mora\mora\05197___a child is kneading dough on a table.mp4,1,fake,Pair2,mora,GenVidBench,False,F:\MEngDatasets\GenVidBench\GenVidBench\Pair2\mora\mora\05197___a child is kneading dough on a table.mp4,1
F:\MEngDatasets\GenVidBench\GenVidBench\Pair1\pika\pika\pika-d878522c-5d22-5769-a99d-8a03bdecf654.mp4,Pair1\pika\pika\pika-d878522c-5d22-5769-a99d-8a03bdecf654.mp4,1,fake,Pair1,pika,GenVidBench,False,F:\MEngDatasets\GenVidBench\GenVidBench\Pair1\pika\pika\pika-d878522c-5d22-5769-a99d-8a03bdecf654.mp4,1
F:\MEngDatasets\GenVidBench\GenVidBench\Pair2\svd\svd\09691___a group of geisha dolls sitting on a bamboo pole.mp4,Pair2\svd\svd\09691___a group of geisha dolls sitting on a bamboo pole.mp4,1,fake,Pair2,svd,GenVidBench,False,F:\MEngDatasets\GenVidBench\GenVidBench\Pair2\svd\svd\09691___a group of geisha dolls sitting on a bamboo pole.mp4,1
F:\MEngDatasets\GenVidBench\GenVidBench\Pair1\t2vz\t2vz\t2vz-7510c4f9-8079-571a-b400-71e6e82a225b.mp4,Pair1\t2vz\t2vz\t2vz-7510c4f9-8079-571a-b400-71e6e82a225b.mp4,1,fake,Pair1,t2vz,GenVidBench,False,F:\MEngDatasets\GenVidBench\GenVidBench\Pair1\t2vz\t2vz\t2vz-7510c4f9-8079-571a-b400-71e6e82a225b.mp4,1
F:\MEngDatasets\GenVidBench\GenVidBench\Pair1\ms\ms\ms-4b8e1b54-4f2b-59ec-ad4e-f60c6d6639ce.mp4,Pair1\ms\ms\ms-4b8e1b54-4f2b-59ec-ad4e-f60c6d6639ce.mp4,1,fake,Pair1,ms,GenVidBench,False,F:\MEngDatasets\GenVidBench\GenVidBench\Pair1\ms\ms\ms-4b8e1b54-4f2b-59ec-ad4e-f60c6d6639ce.mp4,1
F:\MEngDatasets\GenVidBench\GenVidBench\Pair1\t2vz\t2vz\t2vz-ba73da46-9e5c-5739-abef-c90fe2406aea.mp4,Pair1\t2vz\t2vz\t2vz-ba73da46-9e5c-5739-abef-c90fe2406aea.mp4,1,fake,Pair1,t2vz,GenVidBench,False,F:\MEngDatasets\GenVidBench\GenVidBench\Pair1\t2vz\t2vz\t2vz-ba73da46-9e5c-5739-abef-c90fe2406aea.mp4,1
F:\MEngDatasets\GenVidBench\GenVidBench\Pair1\pika\pika\pika-2de502f9-15f8-5091-b937-972cf561c94a.mp4,Pair1\pika\pika\pika-2de502f9-15f8-5091-b937-972cf561c94a.mp4,1,fake,Pair1,pika,GenVidBench,False,F:\MEngDatasets\GenVidBench\GenVidBench\Pair1\pika\pika\pika-2de502f9-15f8-5091-b937-972cf561c94a.mp4,1
F:\MEngDatasets\GenVidBench\GenVidBench\Pair1\vc2\vc2\vc-ed3a73af-7a1d-529c-9cd3-a6d5a43e06d1.mp4,Pair1\vc2\vc2\vc-ed3a73af-7a1d-529c-9cd3-a6d5a43e06d1.mp4,1,fake,Pair1,vc2,GenVidBench,False,F:\MEngDatasets\GenVidBench\GenVidBench\Pair1\vc2\vc2\vc-ed3a73af-7a1d-529c-9cd3-a6d5a43e06d1.mp4,1
F:\MEngDatasets\GenVidBench\GenVidBench\Pair1\ms\ms\ms-3726faf1-874e-5a95-8b2f-87b7e04766a7.mp4,Pair1\ms\ms\ms-3726faf1-874e-5a95-8b2f-87b7e04766a7.mp4,1,fake,Pair1,ms,GenVidBench,False,F:\MEngDatasets\GenVidBench\GenVidBench\Pair1\ms\ms\ms-3726faf1-874e-5a95-8b2f-87b7e04766a7.mp4,1
F:\MEngDatasets\GenVidBench\GenVidBench\Pair1\vc2\vc2\vc-807ec19f-d33e-5059-8aa2-877ca8f7c20f.mp4,Pair1\vc2\vc2\vc-807ec19f-d33e-5059-8aa2-877ca8f7c20f.mp4,1,fake,Pair1,vc2,GenVidBench,False,F:\MEngDatasets\GenVidBench\GenVidBench\Pair1\vc2\vc2\vc-807ec19f-d33e-5059-8aa2-877ca8f7c20f.mp4,1
F:\MEngDatasets\GenVidBench\GenVidBench\Pair2\musev\musev\01415___a news anchor is standing in front of a set of stairs.mp4,Pair2\musev\musev\01415___a news anchor is standing in front of a set of stairs.mp4,1,fake,Pair2,musev,GenVidBench,False,F:\MEngDatasets\GenVidBench\GenVidBench\Pair2\musev\musev\01415___a news anchor is standing in front of a set of stairs.mp4,1
F:\MEngDatasets\GenVidBench\GenVidBench\Pair2\cogvideo\cogvideo\13433___a refrigerator filled with eggs and milk.mp4,Pair2\cogvideo\cogvideo\13433___a refrigerator filled with eggs and milk.mp4,1,fake,Pair2,cogvideo,GenVidBench,False,F:\MEngDatasets\GenVidBench\GenVidBench\Pair2\cogvideo\cogvideo\13433___a refrigerator filled with eggs and milk.mp4,1
F:\MEngDatasets\GenVidBench\GenVidBench\Pair1\pika\pika\pika-7510c4f9-8079-571a-b400-71e6e82a225b.mp4,Pair1\pika\pika\pika-7510c4f9-8079-571a-b400-71e6e82a225b.mp4,1,fake,Pair1,pika,GenVidBench,False,F:\MEngDatasets\GenVidBench\GenVidBench\Pair1\pika\pika\pika-7510c4f9-8079-571a-b400-71e6e82a225b.mp4,1
F:\MEngDatasets\GenVidBench\GenVidBench\Pair1\vc2\vc2\vc-b186afc4-3c50-566e-8091-11c41ac75c2b.mp4,Pair1\vc2\vc2\vc-b186afc4-3c50-566e-8091-11c41ac75c2b.mp4,1,fake,Pair1,vc2,GenVidBench,False,F:\MEngDatasets\GenVidBench\GenVidBench\Pair1\vc2\vc2\vc-b186afc4-3c50-566e-8091-11c41ac75c2b.mp4,1
F:\MEngDatasets\GenVidBench\GenVidBench\Pair1\ms\ms\ms-ff2b6437-8e05-5974-948a-46e35895dc41.mp4,Pair1\ms\ms\ms-ff2b6437-8e05-5974-948a-46e35895dc41.mp4,1,fake,Pair1,ms,GenVidBench,False,F:\MEngDatasets\GenVidBench\GenVidBench\Pair1\ms\ms\ms-ff2b6437-8e05-5974-948a-46e35895dc41.mp4,1
F:\MEngDatasets\GenVidBench\GenVidBench\Pair2\svd\svd\07648___a fire pit that is on the ground.mp4,Pair2\svd\svd\07648___a fire pit that is on the ground.mp4,1,fake,Pair2,svd,GenVidBench,False,F:\MEngDatasets\GenVidBench\GenVidBench\Pair2\svd\svd\07648___a fire pit that is on the ground.mp4,1
F:\MEngDatasets\GenVidBench\GenVidBench\Pair2\cogvideo\cogvideo\12970___a close up of a bunch of craft supplies.mp4,Pair2\cogvideo\cogvideo\12970___a close up of a bunch of craft supplies.mp4,1,fake,Pair2,cogvideo,GenVidBench,False,F:\MEngDatasets\GenVidBench\GenVidBench\Pair2\cogvideo\cogvideo\12970___a close up of a bunch of craft supplies.mp4,1
F:\MEngDatasets\GenVidBench\GenVidBench\Pair2\svd\svd\07170___a news anchor is standing in front of a plane.mp4,Pair2\svd\svd\07170___a news anchor is standing in front of a plane.mp4,1,fake,Pair2,svd,GenVidBench,False,F:\MEngDatasets\GenVidBench\GenVidBench\Pair2\svd\svd\07170___a news anchor is standing in front of a plane.mp4,1
F:\MEngDatasets\GenVidBench\GenVidBench\Pair1\ms\ms\ms-d878522c-5d22-5769-a99d-8a03bdecf654.mp4,Pair1\ms\ms\ms-d878522c-5d22-5769-a99d-8a03bdecf654.mp4,1,fake,Pair1,ms,GenVidBench,False,F:\MEngDatasets\GenVidBench\GenVidBench\Pair1\ms\ms\ms-d878522c-5d22-5769-a99d-8a03bdecf654.mp4,1
F:\MEngDatasets\GenVidBench\GenVidBench\Pair2\cogvideo\cogvideo\03015___a box of a toy ice cream maker for kids.mp4,Pair2\cogvideo\cogvideo\03015___a box of a toy ice cream maker for kids.mp4,1,fake,Pair2,cogvideo,GenVidBench,False,F:\MEngDatasets\GenVidBench\GenVidBench\Pair2\cogvideo\cogvideo\03015___a box of a toy ice cream maker for kids.mp4,1
F:\MEngDatasets\GenVidBench\GenVidBench\Pair2\mora\mora\11555___a girl sitting on the ground looking at her cell phone.mp4,Pair2\mora\mora\11555___a girl sitting on the ground looking at her cell phone.mp4,1,fake,Pair2,mora,GenVidBench,False,F:\MEngDatasets\GenVidBench\GenVidBench\Pair2\mora\mora\11555___a girl sitting on the ground looking at her cell phone.mp4,1
F:\MEngDatasets\GenVidBench\GenVidBench\Pair2\svd\svd\07924___a large group of fish swimming in a blue ocean.mp4,Pair2\svd\svd\07924___a large group of fish swimming in a blue ocean.mp4,1,fake,Pair2,svd,GenVidBench,False,F:\MEngDatasets\GenVidBench\GenVidBench\Pair2\svd\svd\07924___a large group of fish swimming in a blue ocean.mp4,1
F:\MEngDatasets\GenVidBench\GenVidBench\Pair2\musev\musev\08151___a picture of a tall building with a blue sky in the background.mp4,Pair2\musev\musev\08151___a picture of a tall building with a blue sky in the background.mp4,1,fake,Pair2,musev,GenVidBench,False,F:\MEngDatasets\GenVidBench\GenVidBench\Pair2\musev\musev\08151___a picture of a tall building with a blue sky in the background.mp4,1
F:\MEngDatasets\GenVidBench\GenVidBench\Pair1\vc2\vc2\vc-426d9667-3ab8-5792-9634-aa99a5c2be26.mp4,Pair1\vc2\vc2\vc-426d9667-3ab8-5792-9634-aa99a5c2be26.mp4,1,fake,Pair1,vc2,GenVidBench,False,F:\MEngDatasets\GenVidBench\GenVidBench\Pair1\vc2\vc2\vc-426d9667-3ab8-5792-9634-aa99a5c2be26.mp4,1
F:\MEngDatasets\GenVidBench\GenVidBench\Pair2\cogvideo\cogvideo\00469___a cartoon character standing next to a dog.mp4,Pair2\cogvideo\cogvideo\00469___a cartoon character standing next to a dog.mp4,1,fake,Pair2,cogvideo,GenVidBench,False,F:\MEngDatasets\GenVidBench\GenVidBench\Pair2\cogvideo\cogvideo\00469___a cartoon character standing next to a dog.mp4,1
F:\MEngDatasets\GenVidBench\GenVidBench\Pair2\svd\svd\08954___a news story about a church in north austin.mp4,Pair2\svd\svd\08954___a news story about a church in north austin.mp4,1,fake,Pair2,svd,GenVidBench,False,F:\MEngDatasets\GenVidBench\GenVidBench\Pair2\svd\svd\08954___a news story about a church in north austin.mp4,1
F:\MEngDatasets\GenVidBench\GenVidBench\Pair2\mora\mora\02320___a speedometer with the word scotty written on it.mp4,Pair2\mora\mora\02320___a speedometer with the word scotty written on it.mp4,1,fake,Pair2,mora,GenVidBench,False,F:\MEngDatasets\GenVidBench\GenVidBench\Pair2\mora\mora\02320___a speedometer with the word scotty written on it.mp4,1
F:\MEngDatasets\GenVidBench\GenVidBench\Pair2\musev\musev\07001___a close up of a white umbrella.mp4,Pair2\musev\musev\07001___a close up of a white umbrella.mp4,1,fake,Pair2,musev,GenVidBench,False,F:\MEngDatasets\GenVidBench\GenVidBench\Pair2\musev\musev\07001___a close up of a white umbrella.mp4,1
F:\MEngDatasets\GenVidBench\GenVidBench\Pair2\svd\svd\03042___a couple of speed boats in the ocean.mp4,Pair2\svd\svd\03042___a couple of speed boats in the ocean.mp4,1,fake,Pair2,svd,GenVidBench,False,F:\MEngDatasets\GenVidBench\GenVidBench\Pair2\svd\svd\03042___a couple of speed boats in the ocean.mp4,1
F:\MEngDatasets\GenVidBench\GenVidBench\Pair1\t2vz\t2vz\t2vz-a48b75cf-0aba-57f5-99ec-7a8ca28edaee.mp4,Pair1\t2vz\t2vz\t2vz-a48b75cf-0aba-57f5-99ec-7a8ca28edaee.mp4,1,fake,Pair1,t2vz,GenVidBench,False,F:\MEngDatasets\GenVidBench\GenVidBench\Pair1\t2vz\t2vz\t2vz-a48b75cf-0aba-57f5-99ec-7a8ca28edaee.mp4,1
F:\MEngDatasets\GenVidBench\GenVidBench\Pair1\vc2\vc2\vc-25580f7b-c375-508d-9bb3-0cb7e318744a.mp4,Pair1\vc2\vc2\vc-25580f7b-c375-508d-9bb3-0cb7e318744a.mp4,1,fake,Pair1,vc2,GenVidBench,False,F:\MEngDatasets\GenVidBench\GenVidBench\Pair1\vc2\vc2\vc-25580f7b-c375-508d-9bb3-0cb7e318744a.mp4,1
F:\MEngDatasets\GenVidBench\GenVidBench\Pair2\svd\svd\07585___a doll sitting on a chair in a room.mp4,Pair2\svd\svd\07585___a doll sitting on a chair in a room.mp4,1,fake,Pair2,svd,GenVidBench,False,F:\MEngDatasets\GenVidBench\GenVidBench\Pair2\svd\svd\07585___a doll sitting on a chair in a room.mp4,1
F:\MEngDatasets\GenVidBench\GenVidBench\Pair2\musev\musev\07648___a fire pit that is on the ground.mp4,Pair2\musev\musev\07648___a fire pit that is on the ground.mp4,1,fake,Pair2,musev,GenVidBench,False,F:\MEngDatasets\GenVidBench\GenVidBench\Pair2\musev\musev\07648___a fire pit that is on the ground.mp4,1
F:\MEngDatasets\GenVidBench\GenVidBench\Pair1\ms\ms\ms-70770d2b-1dab-5c0e-935c-12fc3779bf06.mp4,Pair1\ms\ms\ms-70770d2b-1dab-5c0e-935c-12fc3779bf06.mp4,1,fake,Pair1,ms,GenVidBench,False,F:\MEngDatasets\GenVidBench\GenVidBench\Pair1\ms\ms\ms-70770d2b-1dab-5c0e-935c-12fc3779bf06.mp4,1
F:\MEngDatasets\GenVidBench\GenVidBench\Pair1\vc2\vc2\vc-a8e00099-b278-55d0-bfff-0011efad5914.mp4,Pair1\vc2\vc2\vc-a8e00099-b278-55d0-bfff-0011efad5914.mp4,1,fake,Pair1,vc2,GenVidBench,False,F:\MEngDatasets\GenVidBench\GenVidBench\Pair1\vc2\vc2\vc-a8e00099-b278-55d0-bfff-0011efad5914.mp4,1
F:\MEngDatasets\GenVidBench\GenVidBench\Pair1\pika\pika\pika-c9b2959a-0cce-5df3-90e3-e0a70895dd77.mp4,Pair1\pika\pika\pika-c9b2959a-0cce-5df3-90e3-e0a70895dd77.mp4,1,fake,Pair1,pika,GenVidBench,False,F:\MEngDatasets\GenVidBench\GenVidBench\Pair1\pika\pika\pika-c9b2959a-0cce-5df3-90e3-e0a70895dd77.mp4,1
F:\MEngDatasets\GenVidBench\GenVidBench\Pair1\t2vz\t2vz\t2vz-20ae02c0-bf3c-51f6-8382-5e54799ede52.mp4,Pair1\t2vz\t2vz\t2vz-20ae02c0-bf3c-51f6-8382-5e54799ede52.mp4,1,fake,Pair1,t2vz,GenVidBench,False,F:\MEngDatasets\GenVidBench\GenVidBench\Pair1\t2vz\t2vz\t2vz-20ae02c0-bf3c-51f6-8382-5e54799ede52.mp4,1
F:\MEngDatasets\GenVidBench\GenVidBench\Pair2\mora\mora\12332___an empty aquarium with three lights on it.mp4,Pair2\mora\mora\12332___an empty aquarium with three lights on it.mp4,1,fake,Pair2,mora,GenVidBench,False,F:\MEngDatasets\GenVidBench\GenVidBench\Pair2\mora\mora\12332___an empty aquarium with three lights on it.mp4,1
F:\MEngDatasets\GenVidBench\GenVidBench\Pair1\pika\pika\pika-e35c583d-5dfe-5ba8-a937-5a1b5548a63f.mp4,Pair1\pika\pika\pika-e35c583d-5dfe-5ba8-a937-5a1b5548a63f.mp4,1,fake,Pair1,pika,GenVidBench,False,F:\MEngDatasets\GenVidBench\GenVidBench\Pair1\pika\pika\pika-e35c583d-5dfe-5ba8-a937-5a1b5548a63f.mp4,1
F:\MEngDatasets\GenVidBench\GenVidBench\Pair1\pika\pika\pika-08d9a859-f62c-59bc-9fe7-89464deaa706.mp4,Pair1\pika\pika\pika-08d9a859-f62c-59bc-9fe7-89464deaa706.mp4,1,fake,Pair1,pika,GenVidBench,False,F:\MEngDatasets\GenVidBench\GenVidBench\Pair1\pika\pika\pika-08d9a859-f62c-59bc-9fe7-89464deaa706.mp4,1
F:\MEngDatasets\GenVidBench\GenVidBench\Pair1\pika\pika\pika-21a72913-48de-5e80-85bf-da10c639ab49.mp4,Pair1\pika\pika\pika-21a72913-48de-5e80-85bf-da10c639ab49.mp4,1,fake,Pair1,pika,GenVidBench,False,F:\MEngDatasets\GenVidBench\GenVidBench\Pair1\pika\pika\pika-21a72913-48de-5e80-85bf-da10c639ab49.mp4,1
F:\MEngDatasets\GenVidBench\GenVidBench\Pair2\cogvideo\cogvideo\11771___a close up of the front wheel of a silver car.mp4,Pair2\cogvideo\cogvideo\11771___a close up of the front wheel of a silver car.mp4,1,fake,Pair2,cogvideo,GenVidBench,False,F:\MEngDatasets\GenVidBench\GenVidBench\Pair2\cogvideo\cogvideo\11771___a close up of the front wheel of a silver car.mp4,1
F:\MEngDatasets\GenVidBench\GenVidBench\Pair2\mora\mora\13288___a small animal inside of a glass enclosure.mp4,Pair2\mora\mora\13288___a small animal inside of a glass enclosure.mp4,1,fake,Pair2,mora,GenVidBench,False,F:\MEngDatasets\GenVidBench\GenVidBench\Pair2\mora\mora\13288___a small animal inside of a glass enclosure.mp4,1
F:\MEngDatasets\GenVidBench\GenVidBench\Pair2\svd\svd\08003___an airplane flying through a clear blue sky.mp4,Pair2\svd\svd\08003___an airplane flying through a clear blue sky.mp4,1,fake,Pair2,svd,GenVidBench,False,F:\MEngDatasets\GenVidBench\GenVidBench\Pair2\svd\svd\08003___an airplane flying through a clear blue sky.mp4,1
F:\MEngDatasets\GenVidBench\GenVidBench\Pair1\ms\ms\ms-2de502f9-15f8-5091-b937-972cf561c94a.mp4,Pair1\ms\ms\ms-2de502f9-15f8-5091-b937-972cf561c94a.mp4,1,fake,Pair1,ms,GenVidBench,False,F:\MEngDatasets\GenVidBench\GenVidBench\Pair1\ms\ms\ms-2de502f9-15f8-5091-b937-972cf561c94a.mp4,1
F:\MEngDatasets\GenVidBench\GenVidBench\Pair1\pika\pika\pika-15d13bf9-a053-5dfe-a244-32086ec1c77b.mp4,Pair1\pika\pika\pika-15d13bf9-a053-5dfe-a244-32086ec1c77b.mp4,1,fake,Pair1,pika,GenVidBench,False,F:\MEngDatasets\GenVidBench\GenVidBench\Pair1\pika\pika\pika-15d13bf9-a053-5dfe-a244-32086ec1c77b.mp4,1
F:\MEngDatasets\GenVidBench\GenVidBench\Pair2\svd\svd\13629___a sign on top of a pile of wood.mp4,Pair2\svd\svd\13629___a sign on top of a pile of wood.mp4,1,fake,Pair2,svd,GenVidBench,False,F:\MEngDatasets\GenVidBench\GenVidBench\Pair2\svd\svd\13629___a sign on top of a pile of wood.mp4,1
F:\MEngDatasets\GenVidBench\GenVidBench\Pair2\mora\mora\11137___a clock with the words amazon's uniform design for echo echo echo echo echo echo echo echo echo echo echo echo echo echo echo echo echo echo echo.mp4,Pair2\mora\mora\11137___a clock with the words amazon's uniform design for echo echo echo echo echo echo echo echo echo echo echo echo echo echo echo echo echo echo echo.mp4,1,fake,Pair2,mora,GenVidBench,False,F:\MEngDatasets\GenVidBench\GenVidBench\Pair2\mora\mora\11137___a clock with the words amazon's uniform design for echo echo echo echo echo echo echo echo echo echo echo echo echo echo echo echo echo echo echo.mp4,1
F:\MEngDatasets\GenVidBench\GenVidBench\Pair2\mora\mora\06819___a table topped with ingredients for a cake.mp4,Pair2\mora\mora\06819___a table topped with ingredients for a cake.mp4,1,fake,Pair2,mora,GenVidBench,False,F:\MEngDatasets\GenVidBench\GenVidBench\Pair2\mora\mora\06819___a table topped with ingredients for a cake.mp4,1
F:\MEngDatasets\GenVidBench\GenVidBench\Pair2\musev\musev\01072___a baseball player wearing a chicago cubs uniform.mp4,Pair2\musev\musev\01072___a baseball player wearing a chicago cubs uniform.mp4,1,fake,Pair2,musev,GenVidBench,False,F:\MEngDatasets\GenVidBench\GenVidBench\Pair2\musev\musev\01072___a baseball player wearing a chicago cubs uniform.mp4,1
F:\MEngDatasets\GenVidBench\GenVidBench\Pair1\ms\ms\ms-828040e4-9aca-515d-a9bc-3dd881ef1ed7.mp4,Pair1\ms\ms\ms-828040e4-9aca-515d-a9bc-3dd881ef1ed7.mp4,1,fake,Pair1,ms,GenVidBench,False,F:\MEngDatasets\GenVidBench\GenVidBench\Pair1\ms\ms\ms-828040e4-9aca-515d-a9bc-3dd881ef1ed7.mp4,1
F:\MEngDatasets\GenVidBench\GenVidBench\Pair1\vc2\vc2\vc-ed905ae2-ee34-529c-a804-3ce2d5e7e939.mp4,Pair1\vc2\vc2\vc-ed905ae2-ee34-529c-a804-3ce2d5e7e939.mp4,1,fake,Pair1,vc2,GenVidBench,False,F:\MEngDatasets\GenVidBench\GenVidBench\Pair1\vc2\vc2\vc-ed905ae2-ee34-529c-a804-3ce2d5e7e939.mp4,1
F:\MEngDatasets\GenVidBench\GenVidBench\Pair2\mora\mora\02929___a group of football players standing together on a field.mp4,Pair2\mora\mora\02929___a group of football players standing together on a field.mp4,1,fake,Pair2,mora,GenVidBench,False,F:\MEngDatasets\GenVidBench\GenVidBench\Pair2\mora\mora\02929___a group of football players standing together on a field.mp4,1
F:\MEngDatasets\GenVidBench\GenVidBench\Pair2\mora\mora\04455___a green plant growing inside of a cage.mp4,Pair2\mora\mora\04455___a green plant growing inside of a cage.mp4,1,fake,Pair2,mora,GenVidBench,False,F:\MEngDatasets\GenVidBench\GenVidBench\Pair2\mora\mora\04455___a green plant growing inside of a cage.mp4,1
F:\MEngDatasets\GenVidBench\GenVidBench\Pair1\pika\pika\pika-10f4cf37-bc88-59ab-a946-4fd0f3368410.mp4,Pair1\pika\pika\pika-10f4cf37-bc88-59ab-a946-4fd0f3368410.mp4,1,fake,Pair1,pika,GenVidBench,False,F:\MEngDatasets\GenVidBench\GenVidBench\Pair1\pika\pika\pika-10f4cf37-bc88-59ab-a946-4fd0f3368410.mp4,1
F:\MEngDatasets\GenVidBench\GenVidBench\Pair2\musev\musev\02120___a close up of the inside of a microwave.mp4,Pair2\musev\musev\02120___a close up of the inside of a microwave.mp4,1,fake,Pair2,musev,GenVidBench,False,F:\MEngDatasets\GenVidBench\GenVidBench\Pair2\musev\musev\02120___a close up of the inside of a microwave.mp4,1
F:\MEngDatasets\GenVidBench\GenVidBench\Pair2\musev\musev\10737___a bedroom with a bed and a lamp next to it.mp4,Pair2\musev\musev\10737___a bedroom with a bed and a lamp next to it.mp4,1,fake,Pair2,musev,GenVidBench,False,F:\MEngDatasets\GenVidBench\GenVidBench\Pair2\musev\musev\10737___a bedroom with a bed and a lamp next to it.mp4,1
F:\MEngDatasets\GenVidBench\GenVidBench\Pair1\ms\ms\ms-12576125-3471-5ed6-9be2-055b7a86f8ce.mp4,Pair1\ms\ms\ms-12576125-3471-5ed6-9be2-055b7a86f8ce.mp4,1,fake,Pair1,ms,GenVidBench,False,F:\MEngDatasets\GenVidBench\GenVidBench\Pair1\ms\ms\ms-12576125-3471-5ed6-9be2-055b7a86f8ce.mp4,1
F:\MEngDatasets\GenVidBench\GenVidBench\Pair1\vc2\vc2\vc-2de502f9-15f8-5091-b937-972cf561c94a.mp4,Pair1\vc2\vc2\vc-2de502f9-15f8-5091-b937-972cf561c94a.mp4,1,fake,Pair1,vc2,GenVidBench,False,F:\MEngDatasets\GenVidBench\GenVidBench\Pair1\vc2\vc2\vc-2de502f9-15f8-5091-b937-972cf561c94a.mp4,1
F:\MEngDatasets\GenVidBench\GenVidBench\Pair2\cogvideo\cogvideo\03690___a row of bottles of milk sitting on a shelf.mp4,Pair2\cogvideo\cogvideo\03690___a row of bottles of milk sitting on a shelf.mp4,1,fake,Pair2,cogvideo,GenVidBench,False,F:\MEngDatasets\GenVidBench\GenVidBench\Pair2\cogvideo\cogvideo\03690___a row of bottles of milk sitting on a shelf.mp4,1
F:\MEngDatasets\GenVidBench\GenVidBench\Pair1\vc2\vc2\vc-015b6972-c260-5220-9166-33f0d10c2ce8.mp4,Pair1\vc2\vc2\vc-015b6972-c260-5220-9166-33f0d10c2ce8.mp4,1,fake,Pair1,vc2,GenVidBench,False,F:\MEngDatasets\GenVidBench\GenVidBench\Pair1\vc2\vc2\vc-015b6972-c260-5220-9166-33f0d10c2ce8.mp4,1
F:\MEngDatasets\GenVidBench\GenVidBench\Pair1\t2vz\t2vz\t2vz-583bc44d-675d-5eec-bd37-21f879d7269a.mp4,Pair1\t2vz\t2vz\t2vz-583bc44d-675d-5eec-bd37-21f879d7269a.mp4,1,fake,Pair1,t2vz,GenVidBench,False,F:\MEngDatasets\GenVidBench\GenVidBench\Pair1\t2vz\t2vz\t2vz-583bc44d-675d-5eec-bd37-21f879d7269a.mp4,1
F:\MEngDatasets\GenVidBench\GenVidBench\Pair2\svd\svd\13407___three bars of soap sitting on a wire rack.mp4,Pair2\svd\svd\13407___three bars of soap sitting on a wire rack.mp4,1,fake,Pair2,svd,GenVidBench,False,F:\MEngDatasets\GenVidBench\GenVidBench\Pair2\svd\svd\13407___three bars of soap sitting on a wire rack.mp4,1
F:\MEngDatasets\GenVidBench\GenVidBench\Pair2\cogvideo\cogvideo\12708___a cat sitting on top of a flat screen tv.mp4,Pair2\cogvideo\cogvideo\12708___a cat sitting on top of a flat screen tv.mp4,1,fake,Pair2,cogvideo,GenVidBench,False,F:\MEngDatasets\GenVidBench\GenVidBench\Pair2\cogvideo\cogvideo\12708___a cat sitting on top of a flat screen tv.mp4,1
F:\MEngDatasets\GenVidBench\GenVidBench\Pair1\vc2\vc2\vc-583bc44d-675d-5eec-bd37-21f879d7269a.mp4,Pair1\vc2\vc2\vc-583bc44d-675d-5eec-bd37-21f879d7269a.mp4,1,fake,Pair1,vc2,GenVidBench,False,F:\MEngDatasets\GenVidBench\GenVidBench\Pair1\vc2\vc2\vc-583bc44d-675d-5eec-bd37-21f879d7269a.mp4,1
F:\MEngDatasets\GenVidBench\GenVidBench\Pair1\vc2\vc2\vc-15d13bf9-a053-5dfe-a244-32086ec1c77b.mp4,Pair1\vc2\vc2\vc-15d13bf9-a053-5dfe-a244-32086ec1c77b.mp4,1,fake,Pair1,vc2,GenVidBench,False,F:\MEngDatasets\GenVidBench\GenVidBench\Pair1\vc2\vc2\vc-15d13bf9-a053-5dfe-a244-32086ec1c77b.mp4,1
F:\MEngDatasets\GenVidBench\GenVidBench\Pair2\cogvideo\cogvideo\07835___an iphone sitting on a table in a dark room.mp4,Pair2\cogvideo\cogvideo\07835___an iphone sitting on a table in a dark room.mp4,1,fake,Pair2,cogvideo,GenVidBench,False,F:\MEngDatasets\GenVidBench\GenVidBench\Pair2\cogvideo\cogvideo\07835___an iphone sitting on a table in a dark room.mp4,1
F:\MEngDatasets\GenVidBench\GenVidBench\Pair1\vc2\vc2\vc-f36b292c-0950-50ea-bbf7-dd0a5d5e63fe.mp4,Pair1\vc2\vc2\vc-f36b292c-0950-50ea-bbf7-dd0a5d5e63fe.mp4,1,fake,Pair1,vc2,GenVidBench,False,F:\MEngDatasets\GenVidBench\GenVidBench\Pair1\vc2\vc2\vc-f36b292c-0950-50ea-bbf7-dd0a5d5e63fe.mp4,1
F:\MEngDatasets\GenVidBench\GenVidBench\Pair2\musev\musev\02942___cars driving down a busy street in the city.mp4,Pair2\musev\musev\02942___cars driving down a busy street in the city.mp4,1,fake,Pair2,musev,GenVidBench,False,F:\MEngDatasets\GenVidBench\GenVidBench\Pair2\musev\musev\02942___cars driving down a busy street in the city.mp4,1
F:\MEngDatasets\GenVidBench\GenVidBench\Pair1\t2vz\t2vz\t2vz-52085ef4-0f41-54af-a053-fa5dc9ede520.mp4,Pair1\t2vz\t2vz\t2vz-52085ef4-0f41-54af-a053-fa5dc9ede520.mp4,1,fake,Pair1,t2vz,GenVidBench,False,F:\MEngDatasets\GenVidBench\GenVidBench\Pair1\t2vz\t2vz\t2vz-52085ef4-0f41-54af-a053-fa5dc9ede520.mp4,1
F:\MEngDatasets\GenVidBench\GenVidBench\Pair1\vc2\vc2\vc-7aec879d-90c5-52e5-b196-bb3657575b82.mp4,Pair1\vc2\vc2\vc-7aec879d-90c5-52e5-b196-bb3657575b82.mp4,1,fake,Pair1,vc2,GenVidBench,False,F:\MEngDatasets\GenVidBench\GenVidBench\Pair1\vc2\vc2\vc-7aec879d-90c5-52e5-b196-bb3657575b82.mp4,1
F:\MEngDatasets\GenVidBench\GenVidBench\Pair1\vc2\vc2\vc-ac7cdff6-76a4-5c2a-ba41-3033afcea9b6.mp4,Pair1\vc2\vc2\vc-ac7cdff6-76a4-5c2a-ba41-3033afcea9b6.mp4,1,fake,Pair1,vc2,GenVidBench,False,F:\MEngDatasets\GenVidBench\GenVidBench\Pair1\vc2\vc2\vc-ac7cdff6-76a4-5c2a-ba41-3033afcea9b6.mp4,1
F:\MEngDatasets\GenVidBench\GenVidBench\Pair1\vc2\vc2\vc-a91ce67d-d3cc-5c0b-a386-21036e392c74.mp4,Pair1\vc2\vc2\vc-a91ce67d-d3cc-5c0b-a386-21036e392c74.mp4,1,fake,Pair1,vc2,GenVidBench,False,F:\MEngDatasets\GenVidBench\GenVidBench\Pair1\vc2\vc2\vc-a91ce67d-d3cc-5c0b-a386-21036e392c74.mp4,1
F:\MEngDatasets\GenVidBench\GenVidBench\Pair1\vc2\vc2\vc-1d8e9939-76eb-5dc8-aab3-a78612eceb41.mp4,Pair1\vc2\vc2\vc-1d8e9939-76eb-5dc8-aab3-a78612eceb41.mp4,1,fake,Pair1,vc2,GenVidBench,False,F:\MEngDatasets\GenVidBench\GenVidBench\Pair1\vc2\vc2\vc-1d8e9939-76eb-5dc8-aab3-a78612eceb41.mp4,1
F:\MEngDatasets\GenVidBench\GenVidBench\Pair2\svd\svd\02837___a close up of a nigerian id card.mp4,Pair2\svd\svd\02837___a close up of a nigerian id card.mp4,1,fake,Pair2,svd,GenVidBench,False,F:\MEngDatasets\GenVidBench\GenVidBench\Pair2\svd\svd\02837___a close up of a nigerian id card.mp4,1
F:\MEngDatasets\GenVidBench\GenVidBench\Pair2\musev\musev\05175___an amazon may enter home fitness biz.mp4,Pair2\musev\musev\05175___an amazon may enter home fitness biz.mp4,1,fake,Pair2,musev,GenVidBench,False,F:\MEngDatasets\GenVidBench\GenVidBench\Pair2\musev\musev\05175___an amazon may enter home fitness biz.mp4,1
F:\MEngDatasets\GenVidBench\GenVidBench\Pair2\svd\svd\04325___a pink burner on top of a stove.mp4,Pair2\svd\svd\04325___a pink burner on top of a stove.mp4,1,fake,Pair2,svd,GenVidBench,False,F:\MEngDatasets\GenVidBench\GenVidBench\Pair2\svd\svd\04325___a pink burner on top of a stove.mp4,1
F:\MEngDatasets\GenVidBench\GenVidBench\Pair2\svd\svd\07576___a red tractor in the middle of a lush green field.mp4,Pair2\svd\svd\07576___a red tractor in the middle of a lush green field.mp4,1,fake,Pair2,svd,GenVidBench,False,F:\MEngDatasets\GenVidBench\GenVidBench\Pair2\svd\svd\07576___a red tractor in the middle of a lush green field.mp4,1
F:\MEngDatasets\GenVidBench\GenVidBench\Pair2\svd\svd\07899___a baby and a doll sitting on the floor.mp4,Pair2\svd\svd\07899___a baby and a doll sitting on the floor.mp4,1,fake,Pair2,svd,GenVidBench,False,F:\MEngDatasets\GenVidBench\GenVidBench\Pair2\svd\svd\07899___a baby and a doll sitting on the floor.mp4,1
F:\MEngDatasets\GenVidBench\GenVidBench\Pair2\cogvideo\cogvideo\01612___a weather screen showing the 7 day forecast.mp4,Pair2\cogvideo\cogvideo\01612___a weather screen showing the 7 day forecast.mp4,1,fake,Pair2,cogvideo,GenVidBench,False,F:\MEngDatasets\GenVidBench\GenVidBench\Pair2\cogvideo\cogvideo\01612___a weather screen showing the 7 day forecast.mp4,1
F:\MEngDatasets\GenVidBench\GenVidBench\Pair1\vc2\vc2\vc-828040e4-9aca-515d-a9bc-3dd881ef1ed7.mp4,Pair1\vc2\vc2\vc-828040e4-9aca-515d-a9bc-3dd881ef1ed7.mp4,1,fake,Pair1,vc2,GenVidBench,False,F:\MEngDatasets\GenVidBench\GenVidBench\Pair1\vc2\vc2\vc-828040e4-9aca-515d-a9bc-3dd881ef1ed7.mp4,1
F:\MEngDatasets\GenVidBench\GenVidBench\Pair2\svd\svd\06882___a group of basketball players posing for a picture.mp4,Pair2\svd\svd\06882___a group of basketball players posing for a picture.mp4,1,fake,Pair2,svd,GenVidBench,False,F:\MEngDatasets\GenVidBench\GenVidBench\Pair2\svd\svd\06882___a group of basketball players posing for a picture.mp4,1
F:\MEngDatasets\GenVidBench\GenVidBench\Pair2\mora\mora\07591___a picture of an egg on a blue background.mp4,Pair2\mora\mora\07591___a picture of an egg on a blue background.mp4,1,fake,Pair2,mora,GenVidBench,False,F:\MEngDatasets\GenVidBench\GenVidBench\Pair2\mora\mora\07591___a picture of an egg on a blue background.mp4,1
F:\MEngDatasets\GenVidBench\GenVidBench\Pair1\vc2\vc2\vc-10ccb150-0997-5ceb-82f6-6705b4fd31aa.mp4,Pair1\vc2\vc2\vc-10ccb150-0997-5ceb-82f6-6705b4fd31aa.mp4,1,fake,Pair1,vc2,GenVidBench,False,F:\MEngDatasets\GenVidBench\GenVidBench\Pair1\vc2\vc2\vc-10ccb150-0997-5ceb-82f6-6705b4fd31aa.mp4,1
F:\MEngDatasets\GenVidBench\GenVidBench\Pair1\t2vz\t2vz\t2vz-e1653180-f281-52be-b6ff-1fd19ded0d5b.mp4,Pair1\t2vz\t2vz\t2vz-e1653180-f281-52be-b6ff-1fd19ded0d5b.mp4,1,fake,Pair1,t2vz,GenVidBench,False,F:\MEngDatasets\GenVidBench\GenVidBench\Pair1\t2vz\t2vz\t2vz-e1653180-f281-52be-b6ff-1fd19ded0d5b.mp4,1
F:\MEngDatasets\GenVidBench\GenVidBench\Pair1\pika\pika\pika-70770d2b-1dab-5c0e-935c-12fc3779bf06.mp4,Pair1\pika\pika\pika-70770d2b-1dab-5c0e-935c-12fc3779bf06.mp4,1,fake,Pair1,pika,GenVidBench,False,F:\MEngDatasets\GenVidBench\GenVidBench\Pair1\pika\pika\pika-70770d2b-1dab-5c0e-935c-12fc3779bf06.mp4,1
F:\MEngDatasets\GenVidBench\GenVidBench\Pair1\vc2\vc2\vc-59c0e702-22bd-5c63-9579-6ed5a4344d4c.mp4,Pair1\vc2\vc2\vc-59c0e702-22bd-5c63-9579-6ed5a4344d4c.mp4,1,fake,Pair1,vc2,GenVidBench,False,F:\MEngDatasets\GenVidBench\GenVidBench\Pair1\vc2\vc2\vc-59c0e702-22bd-5c63-9579-6ed5a4344d4c.mp4,1
F:\MEngDatasets\GenVidBench\GenVidBench\Pair1\pika\pika\pika-7b1711ba-3c30-539f-8ba7-5dff10e848c6.mp4,Pair1\pika\pika\pika-7b1711ba-3c30-539f-8ba7-5dff10e848c6.mp4,1,fake,Pair1,pika,GenVidBench,False,F:\MEngDatasets\GenVidBench\GenVidBench\Pair1\pika\pika\pika-7b1711ba-3c30-539f-8ba7-5dff10e848c6.mp4,1
F:\MEngDatasets\GenVidBench\GenVidBench\Pair1\ms\ms\ms-b3731741-7cdc-5075-869b-e5557825a304.mp4,Pair1\ms\ms\ms-b3731741-7cdc-5075-869b-e5557825a304.mp4,1,fake,Pair1,ms,GenVidBench,False,F:\MEngDatasets\GenVidBench\GenVidBench\Pair1\ms\ms\ms-b3731741-7cdc-5075-869b-e5557825a304.mp4,1
F:\MEngDatasets\GenVidBench\GenVidBench\Pair2\musev\musev\05351___a video game character standing in front of a screen.mp4,Pair2\musev\musev\05351___a video game character standing in front of a screen.mp4,1,fake,Pair2,musev,GenVidBench,False,F:\MEngDatasets\GenVidBench\GenVidBench\Pair2\musev\musev\05351___a video game character standing in front of a screen.mp4,1
F:\MEngDatasets\GenVidBench\GenVidBench\Pair2\mora\mora\08787___a yellow school bus driving down a street.mp4,Pair2\mora\mora\08787___a yellow school bus driving down a street.mp4,1,fake,Pair2,mora,GenVidBench,False,F:\MEngDatasets\GenVidBench\GenVidBench\Pair2\mora\mora\08787___a yellow school bus driving down a street.mp4,1
F:\MEngDatasets\GenVidBench\GenVidBench\Pair1\pika\pika\pika-a8e00099-b278-55d0-bfff-0011efad5914.mp4,Pair1\pika\pika\pika-a8e00099-b278-55d0-bfff-0011efad5914.mp4,1,fake,Pair1,pika,GenVidBench,False,F:\MEngDatasets\GenVidBench\GenVidBench\Pair1\pika\pika\pika-a8e00099-b278-55d0-bfff-0011efad5914.mp4,1
F:\MEngDatasets\GenVidBench\GenVidBench\Pair1\ms\ms\ms-015b6972-c260-5220-9166-33f0d10c2ce8.mp4,Pair1\ms\ms\ms-015b6972-c260-5220-9166-33f0d10c2ce8.mp4,1,fake,Pair1,ms,GenVidBench,False,F:\MEngDatasets\GenVidBench\GenVidBench\Pair1\ms\ms\ms-015b6972-c260-5220-9166-33f0d10c2ce8.mp4,1
F:\MEngDatasets\GenVidBench\GenVidBench\Pair1\vc2\vc2\vc-10f4cf37-bc88-59ab-a946-4fd0f3368410.mp4,Pair1\vc2\vc2\vc-10f4cf37-bc88-59ab-a946-4fd0f3368410.mp4,1,fake,Pair1,vc2,GenVidBench,False,F:\MEngDatasets\GenVidBench\GenVidBench\Pair1\vc2\vc2\vc-10f4cf37-bc88-59ab-a946-4fd0f3368410.mp4,1
F:\MEngDatasets\GenVidBench\GenVidBench\Pair1\ms\ms\ms-e1653180-f281-52be-b6ff-1fd19ded0d5b.mp4,Pair1\ms\ms\ms-e1653180-f281-52be-b6ff-1fd19ded0d5b.mp4,1,fake,Pair1,ms,GenVidBench,False,F:\MEngDatasets\GenVidBench\GenVidBench\Pair1\ms\ms\ms-e1653180-f281-52be-b6ff-1fd19ded0d5b.mp4,1
F:\MEngDatasets\GenVidBench\GenVidBench\Pair2\svd\svd\02942___cars driving down a busy street in the city.mp4,Pair2\svd\svd\02942___cars driving down a busy street in the city.mp4,1,fake,Pair2,svd,GenVidBench,False,F:\MEngDatasets\GenVidBench\GenVidBench\Pair2\svd\svd\02942___cars driving down a busy street in the city.mp4,1
F:\MEngDatasets\GenVidBench\GenVidBench\Pair1\pika\pika\pika-38cf1d7c-c109-5d4c-aad6-d7638135a2b6.mp4,Pair1\pika\pika\pika-38cf1d7c-c109-5d4c-aad6-d7638135a2b6.mp4,1,fake,Pair1,pika,GenVidBench,False,F:\MEngDatasets\GenVidBench\GenVidBench\Pair1\pika\pika\pika-38cf1d7c-c109-5d4c-aad6-d7638135a2b6.mp4,1
F:\MEngDatasets\GenVidBench\GenVidBench\Pair1\pika\pika\pika-59c0e702-22bd-5c63-9579-6ed5a4344d4c.mp4,Pair1\pika\pika\pika-59c0e702-22bd-5c63-9579-6ed5a4344d4c.mp4,1,fake,Pair1,pika,GenVidBench,False,F:\MEngDatasets\GenVidBench\GenVidBench\Pair1\pika\pika\pika-59c0e702-22bd-5c63-9579-6ed5a4344d4c.mp4,1
F:\MEngDatasets\GenVidBench\GenVidBench\Pair1\ms\ms\ms-8eeeefe2-5303-5ec2-895d-394d73ded281.mp4,Pair1\ms\ms\ms-8eeeefe2-5303-5ec2-895d-394d73ded281.mp4,1,fake,Pair1,ms,GenVidBench,False,F:\MEngDatasets\GenVidBench\GenVidBench\Pair1\ms\ms\ms-8eeeefe2-5303-5ec2-895d-394d73ded281.mp4,1
F:\MEngDatasets\GenVidBench\GenVidBench\Pair2\musev\musev\11975___a bunk bed in a room with wooden walls.mp4,Pair2\musev\musev\11975___a bunk bed in a room with wooden walls.mp4,1,fake,Pair2,musev,GenVidBench,False,F:\MEngDatasets\GenVidBench\GenVidBench\Pair2\musev\musev\11975___a bunk bed in a room with wooden walls.mp4,1
F:\MEngDatasets\GenVidBench\GenVidBench\Pair2\mora\mora\07277___a close up of the exhaust pipe on a red car.mp4,Pair2\mora\mora\07277___a close up of the exhaust pipe on a red car.mp4,1,fake,Pair2,mora,GenVidBench,False,F:\MEngDatasets\GenVidBench\GenVidBench\Pair2\mora\mora\07277___a close up of the exhaust pipe on a red car.mp4,1
F:\MEngDatasets\GenVidBench\GenVidBench\Pair2\mora\mora\11925___a green background with a clock on it.mp4,Pair2\mora\mora\11925___a green background with a clock on it.mp4,1,fake,Pair2,mora,GenVidBench,False,F:\MEngDatasets\GenVidBench\GenVidBench\Pair2\mora\mora\11925___a green background with a clock on it.mp4,1
F:\MEngDatasets\GenVidBench\GenVidBench\Pair2\musev\musev\13425___a news screen with a picture of a child abuse scandal.mp4,Pair2\musev\musev\13425___a news screen with a picture of a child abuse scandal.mp4,1,fake,Pair2,musev,GenVidBench,False,F:\MEngDatasets\GenVidBench\GenVidBench\Pair2\musev\musev\13425___a news screen with a picture of a child abuse scandal.mp4,1
F:\MEngDatasets\GenVidBench\GenVidBench\Pair1\t2vz\t2vz\t2vz-bd8392d9-8352-5800-b3bf-60139ab3acbb.mp4,Pair1\t2vz\t2vz\t2vz-bd8392d9-8352-5800-b3bf-60139ab3acbb.mp4,1,fake,Pair1,t2vz,GenVidBench,False,F:\MEngDatasets\GenVidBench\GenVidBench\Pair1\t2vz\t2vz\t2vz-bd8392d9-8352-5800-b3bf-60139ab3acbb.mp4,1
F:\MEngDatasets\GenVidBench\GenVidBench\Pair2\mora\mora\06831___a weather map with snow on it.mp4,Pair2\mora\mora\06831___a weather map with snow on it.mp4,1,fake,Pair2,mora,GenVidBench,False,F:\MEngDatasets\GenVidBench\GenVidBench\Pair2\mora\mora\06831___a weather map with snow on it.mp4,1
F:\MEngDatasets\GenVidBench\GenVidBench\Pair1\pika\pika\pika-a48b75cf-0aba-57f5-99ec-7a8ca28edaee.mp4,Pair1\pika\pika\pika-a48b75cf-0aba-57f5-99ec-7a8ca28edaee.mp4,1,fake,Pair1,pika,GenVidBench,False,F:\MEngDatasets\GenVidBench\GenVidBench\Pair1\pika\pika\pika-a48b75cf-0aba-57f5-99ec-7a8ca28edaee.mp4,1
F:\MEngDatasets\GenVidBench\GenVidBench\Pair1\ms\ms\ms-f36b292c-0950-50ea-bbf7-dd0a5d5e63fe.mp4,Pair1\ms\ms\ms-f36b292c-0950-50ea-bbf7-dd0a5d5e63fe.mp4,1,fake,Pair1,ms,GenVidBench,False,F:\MEngDatasets\GenVidBench\GenVidBench\Pair1\ms\ms\ms-f36b292c-0950-50ea-bbf7-dd0a5d5e63fe.mp4,1
F:\MEngDatasets\GenVidBench\GenVidBench\Pair1\t2vz\t2vz\t2vz-ac7cdff6-76a4-5c2a-ba41-3033afcea9b6.mp4,Pair1\t2vz\t2vz\t2vz-ac7cdff6-76a4-5c2a-ba41-3033afcea9b6.mp4,1,fake,Pair1,t2vz,GenVidBench,False,F:\MEngDatasets\GenVidBench\GenVidBench\Pair1\t2vz\t2vz\t2vz-ac7cdff6-76a4-5c2a-ba41-3033afcea9b6.mp4,1
F:\MEngDatasets\GenVidBench\GenVidBench\Pair2\cogvideo\cogvideo\05467___a map showing the locations of north korea and south korea.mp4,Pair2\cogvideo\cogvideo\05467___a map showing the locations of north korea and south korea.mp4,1,fake,Pair2,cogvideo,GenVidBench,False,F:\MEngDatasets\GenVidBench\GenVidBench\Pair2\cogvideo\cogvideo\05467___a map showing the locations of north korea and south korea.mp4,1
F:\MEngDatasets\GenVidBench\GenVidBench\Pair1\t2vz\t2vz\t2vz-38cf1d7c-c109-5d4c-aad6-d7638135a2b6.mp4,Pair1\t2vz\t2vz\t2vz-38cf1d7c-c109-5d4c-aad6-d7638135a2b6.mp4,1,fake,Pair1,t2vz,GenVidBench,False,F:\MEngDatasets\GenVidBench\GenVidBench\Pair1\t2vz\t2vz\t2vz-38cf1d7c-c109-5d4c-aad6-d7638135a2b6.mp4,1
F:\MEngDatasets\GenVidBench\GenVidBench\Pair2\musev\musev\07095___a blurry picture of some text on a screen.mp4,Pair2\musev\musev\07095___a blurry picture of some text on a screen.mp4,1,fake,Pair2,musev,GenVidBench,False,F:\MEngDatasets\GenVidBench\GenVidBench\Pair2\musev\musev\07095___a blurry picture of some text on a screen.mp4,1
F:\MEngDatasets\GenVidBench\GenVidBench\Pair1\t2vz\t2vz\t2vz-59c0e702-22bd-5c63-9579-6ed5a4344d4c.mp4,Pair1\t2vz\t2vz\t2vz-59c0e702-22bd-5c63-9579-6ed5a4344d4c.mp4,1,fake,Pair1,t2vz,GenVidBench,False,F:\MEngDatasets\GenVidBench\GenVidBench\Pair1\t2vz\t2vz\t2vz-59c0e702-22bd-5c63-9579-6ed5a4344d4c.mp4,1
F:\MEngDatasets\GenVidBench\GenVidBench\Pair2\musev\musev\07899___a baby and a doll sitting on the floor.mp4,Pair2\musev\musev\07899___a baby and a doll sitting on the floor.mp4,1,fake,Pair2,musev,GenVidBench,False,F:\MEngDatasets\GenVidBench\GenVidBench\Pair2\musev\musev\07899___a baby and a doll sitting on the floor.mp4,1
F:\MEngDatasets\GenVidBench\GenVidBench\Pair1\ms\ms\ms-583bc44d-675d-5eec-bd37-21f879d7269a.mp4,Pair1\ms\ms\ms-583bc44d-675d-5eec-bd37-21f879d7269a.mp4,1,fake,Pair1,ms,GenVidBench,False,F:\MEngDatasets\GenVidBench\GenVidBench\Pair1\ms\ms\ms-583bc44d-675d-5eec-bd37-21f879d7269a.mp4,1
F:\MEngDatasets\GenVidBench\GenVidBench\Pair2\svd\svd\02476___a park that is flooded with water.mp4,Pair2\svd\svd\02476___a park that is flooded with water.mp4,1,fake,Pair2,svd,GenVidBench,False,F:\MEngDatasets\GenVidBench\GenVidBench\Pair2\svd\svd\02476___a park that is flooded with water.mp4,1
F:\MEngDatasets\GenVidBench\GenVidBench\Pair2\mora\mora\00901___two cars are parked in front of a house.mp4,Pair2\mora\mora\00901___two cars are parked in front of a house.mp4,1,fake,Pair2,mora,GenVidBench,False,F:\MEngDatasets\GenVidBench\GenVidBench\Pair2\mora\mora\00901___two cars are parked in front of a house.mp4,1
F:\MEngDatasets\GenVidBench\GenVidBench\Pair1\vc2\vc2\vc-6dad3ece-d203-551b-b5f0-9b8a4fa19024.mp4,Pair1\vc2\vc2\vc-6dad3ece-d203-551b-b5f0-9b8a4fa19024.mp4,1,fake,Pair1,vc2,GenVidBench,False,F:\MEngDatasets\GenVidBench\GenVidBench\Pair1\vc2\vc2\vc-6dad3ece-d203-551b-b5f0-9b8a4fa19024.mp4,1
F:\MEngDatasets\GenVidBench\GenVidBench\Pair2\mora\mora\10686___the front door of a house with a sign on it.mp4,Pair2\mora\mora\10686___the front door of a house with a sign on it.mp4,1,fake,Pair2,mora,GenVidBench,False,F:\MEngDatasets\GenVidBench\GenVidBench\Pair2\mora\mora\10686___the front door of a house with a sign on it.mp4,1
F:\MEngDatasets\GenVidBench\GenVidBench\Pair1\t2vz\t2vz\t2vz-21a72913-48de-5e80-85bf-da10c639ab49.mp4,Pair1\t2vz\t2vz\t2vz-21a72913-48de-5e80-85bf-da10c639ab49.mp4,1,fake,Pair1,t2vz,GenVidBench,False,F:\MEngDatasets\GenVidBench\GenVidBench\Pair1\t2vz\t2vz\t2vz-21a72913-48de-5e80-85bf-da10c639ab49.mp4,1
F:\MEngDatasets\GenVidBench\GenVidBench\Pair1\pika\pika\pika-ac7cdff6-76a4-5c2a-ba41-3033afcea9b6.mp4,Pair1\pika\pika\pika-ac7cdff6-76a4-5c2a-ba41-3033afcea9b6.mp4,1,fake,Pair1,pika,GenVidBench,False,F:\MEngDatasets\GenVidBench\GenVidBench\Pair1\pika\pika\pika-ac7cdff6-76a4-5c2a-ba41-3033afcea9b6.mp4,1
F:\MEngDatasets\GenVidBench\GenVidBench\Pair1\t2vz\t2vz\t2vz-10ccb150-0997-5ceb-82f6-6705b4fd31aa.mp4,Pair1\t2vz\t2vz\t2vz-10ccb150-0997-5ceb-82f6-6705b4fd31aa.mp4,1,fake,Pair1,t2vz,GenVidBench,False,F:\MEngDatasets\GenVidBench\GenVidBench\Pair1\t2vz\t2vz\t2vz-10ccb150-0997-5ceb-82f6-6705b4fd31aa.mp4,1
F:\MEngDatasets\GenVidBench\GenVidBench\Pair2\svd\svd\00321___a piece of paper sitting on top of a wooden table.mp4,Pair2\svd\svd\00321___a piece of paper sitting on top of a wooden table.mp4,1,fake,Pair2,svd,GenVidBench,False,F:\MEngDatasets\GenVidBench\GenVidBench\Pair2\svd\svd\00321___a piece of paper sitting on top of a wooden table.mp4,1
F:\MEngDatasets\GenVidBench\GenVidBench\Pair1\t2vz\t2vz\t2vz-af7aa6cd-c500-5cc9-bb3a-27e557edeb6c.mp4,Pair1\t2vz\t2vz\t2vz-af7aa6cd-c500-5cc9-bb3a-27e557edeb6c.mp4,1,fake,Pair1,t2vz,GenVidBench,False,F:\MEngDatasets\GenVidBench\GenVidBench\Pair1\t2vz\t2vz\t2vz-af7aa6cd-c500-5cc9-bb3a-27e557edeb6c.mp4,1
F:\MEngDatasets\GenVidBench\GenVidBench\Pair1\ms\ms\ms-af7aa6cd-c500-5cc9-bb3a-27e557edeb6c.mp4,Pair1\ms\ms\ms-af7aa6cd-c500-5cc9-bb3a-27e557edeb6c.mp4,1,fake,Pair1,ms,GenVidBench,False,F:\MEngDatasets\GenVidBench\GenVidBench\Pair1\ms\ms\ms-af7aa6cd-c500-5cc9-bb3a-27e557edeb6c.mp4,1
F:\MEngDatasets\GenVidBench\GenVidBench\Pair1\pika\pika\pika-e1653180-f281-52be-b6ff-1fd19ded0d5b.mp4,Pair1\pika\pika\pika-e1653180-f281-52be-b6ff-1fd19ded0d5b.mp4,1,fake,Pair1,pika,GenVidBench,False,F:\MEngDatasets\GenVidBench\GenVidBench\Pair1\pika\pika\pika-e1653180-f281-52be-b6ff-1fd19ded0d5b.mp4,1
F:\MEngDatasets\GenVidBench\GenVidBench\Pair1\pika\pika\pika-807ec19f-d33e-5059-8aa2-877ca8f7c20f.mp4,Pair1\pika\pika\pika-807ec19f-d33e-5059-8aa2-877ca8f7c20f.mp4,1,fake,Pair1,pika,GenVidBench,False,F:\MEngDatasets\GenVidBench\GenVidBench\Pair1\pika\pika\pika-807ec19f-d33e-5059-8aa2-877ca8f7c20f.mp4,1
F:\MEngDatasets\GenVidBench\GenVidBench\Pair2\musev\musev\13818___a black leather case laying on a bed.mp4,Pair2\musev\musev\13818___a black leather case laying on a bed.mp4,1,fake,Pair2,musev,GenVidBench,False,F:\MEngDatasets\GenVidBench\GenVidBench\Pair2\musev\musev\13818___a black leather case laying on a bed.mp4,1
F:\MEngDatasets\GenVidBench\GenVidBench\Pair1\t2vz\t2vz\t2vz-a6aa3db8-6774-54ed-abf8-89bb1a29dc4d.mp4,Pair1\t2vz\t2vz\t2vz-a6aa3db8-6774-54ed-abf8-89bb1a29dc4d.mp4,1,fake,Pair1,t2vz,GenVidBench,False,F:\MEngDatasets\GenVidBench\GenVidBench\Pair1\t2vz\t2vz\t2vz-a6aa3db8-6774-54ed-abf8-89bb1a29dc4d.mp4,1
F:\MEngDatasets\GenVidBench\GenVidBench\Pair1\ms\ms\ms-bd8392d9-8352-5800-b3bf-60139ab3acbb.mp4,Pair1\ms\ms\ms-bd8392d9-8352-5800-b3bf-60139ab3acbb.mp4,1,fake,Pair1,ms,GenVidBench,False,F:\MEngDatasets\GenVidBench\GenVidBench\Pair1\ms\ms\ms-bd8392d9-8352-5800-b3bf-60139ab3acbb.mp4,1
F:\MEngDatasets\GenVidBench\GenVidBench\Pair1\t2vz\t2vz\t2vz-d1418574-5192-5596-96da-d1d5a308670a.mp4,Pair1\t2vz\t2vz\t2vz-d1418574-5192-5596-96da-d1d5a308670a.mp4,1,fake,Pair1,t2vz,GenVidBench,False,F:\MEngDatasets\GenVidBench\GenVidBench\Pair1\t2vz\t2vz\t2vz-d1418574-5192-5596-96da-d1d5a308670a.mp4,1
F:\MEngDatasets\GenVidBench\GenVidBench\Pair1\pika\pika\pika-fd1c0be6-3ea0-504d-a8eb-3124d364ce30.mp4,Pair1\pika\pika\pika-fd1c0be6-3ea0-504d-a8eb-3124d364ce30.mp4,1,fake,Pair1,pika,GenVidBench,False,F:\MEngDatasets\GenVidBench\GenVidBench\Pair1\pika\pika\pika-fd1c0be6-3ea0-504d-a8eb-3124d364ce30.mp4,1
F:\MEngDatasets\GenVidBench\GenVidBench\Pair1\pika\pika\pika-4b8e1b54-4f2b-59ec-ad4e-f60c6d6639ce.mp4,Pair1\pika\pika\pika-4b8e1b54-4f2b-59ec-ad4e-f60c6d6639ce.mp4,1,fake,Pair1,pika,GenVidBench,False,F:\MEngDatasets\GenVidBench\GenVidBench\Pair1\pika\pika\pika-4b8e1b54-4f2b-59ec-ad4e-f60c6d6639ce.mp4,1
F:\MEngDatasets\GenVidBench\GenVidBench\Pair1\t2vz\t2vz\t2vz-f2af67e1-56fb-530e-9719-0dc5887becd9.mp4,Pair1\t2vz\t2vz\t2vz-f2af67e1-56fb-530e-9719-0dc5887becd9.mp4,1,fake,Pair1,t2vz,GenVidBench,False,F:\MEngDatasets\GenVidBench\GenVidBench\Pair1\t2vz\t2vz\t2vz-f2af67e1-56fb-530e-9719-0dc5887becd9.mp4,1
F:\MEngDatasets\GenVidBench\GenVidBench\Pair2\mora\mora\13565___a close up of a piece of broccoli.mp4,Pair2\mora\mora\13565___a close up of a piece of broccoli.mp4,1,fake,Pair2,mora,GenVidBench,False,F:\MEngDatasets\GenVidBench\GenVidBench\Pair2\mora\mora\13565___a close up of a piece of broccoli.mp4,1
F:\MEngDatasets\GenVidBench\GenVidBench\Pair2\svd\svd\08012___a sign for a restaurant that says chef kung.mp4,Pair2\svd\svd\08012___a sign for a restaurant that says chef kung.mp4,1,fake,Pair2,svd,GenVidBench,False,F:\MEngDatasets\GenVidBench\GenVidBench\Pair2\svd\svd\08012___a sign for a restaurant that says chef kung.mp4,1
F:\MEngDatasets\GenVidBench\GenVidBench\Pair1\pika\pika\pika-ff2c8815-2aff-5fdb-8394-1917fb571f42.mp4,Pair1\pika\pika\pika-ff2c8815-2aff-5fdb-8394-1917fb571f42.mp4,1,fake,Pair1,pika,GenVidBench,False,F:\MEngDatasets\GenVidBench\GenVidBench\Pair1\pika\pika\pika-ff2c8815-2aff-5fdb-8394-1917fb571f42.mp4,1
F:\MEngDatasets\GenVidBench\GenVidBench\Pair1\vc2\vc2\vc-c9b2959a-0cce-5df3-90e3-e0a70895dd77.mp4,Pair1\vc2\vc2\vc-c9b2959a-0cce-5df3-90e3-e0a70895dd77.mp4,1,fake,Pair1,vc2,GenVidBench,False,F:\MEngDatasets\GenVidBench\GenVidBench\Pair1\vc2\vc2\vc-c9b2959a-0cce-5df3-90e3-e0a70895dd77.mp4,1
F:\MEngDatasets\GenVidBench\GenVidBench\Pair2\cogvideo\cogvideo\11461___a potted plant with a bottle of liquid next to it.mp4,Pair2\cogvideo\cogvideo\11461___a potted plant with a bottle of liquid next to it.mp4,1,fake,Pair2,cogvideo,GenVidBench,False,F:\MEngDatasets\GenVidBench\GenVidBench\Pair2\cogvideo\cogvideo\11461___a potted plant with a bottle of liquid next to it.mp4,1
F:\MEngDatasets\GenVidBench\GenVidBench\Pair2\svd\svd\04273___a red rectangle with a white background.mp4,Pair2\svd\svd\04273___a red rectangle with a white background.mp4,1,fake,Pair2,svd,GenVidBench,False,F:\MEngDatasets\GenVidBench\GenVidBench\Pair2\svd\svd\04273___a red rectangle with a white background.mp4,1
F:\MEngDatasets\GenVidBench\GenVidBench\Pair2\musev\musev\05360___a car driving down a street with graffiti on a wall.mp4,Pair2\musev\musev\05360___a car driving down a street with graffiti on a wall.mp4,1,fake,Pair2,musev,GenVidBench,False,F:\MEngDatasets\GenVidBench\GenVidBench\Pair2\musev\musev\05360___a car driving down a street with graffiti on a wall.mp4,1
F:\MEngDatasets\GenVidBench\GenVidBench\Pair2\svd\svd\10255___a close up of a laptop computer screen.mp4,Pair2\svd\svd\10255___a close up of a laptop computer screen.mp4,1,fake,Pair2,svd,GenVidBench,False,F:\MEngDatasets\GenVidBench\GenVidBench\Pair2\svd\svd\10255___a close up of a laptop computer screen.mp4,1
F:\MEngDatasets\GenVidBench\GenVidBench\Pair2\mora\mora\10934___three newspapers sitting on top of a table.mp4,Pair2\mora\mora\10934___three newspapers sitting on top of a table.mp4,1,fake,Pair2,mora,GenVidBench,False,F:\MEngDatasets\GenVidBench\GenVidBench\Pair2\mora\mora\10934___three newspapers sitting on top of a table.mp4,1
F:\MEngDatasets\GenVidBench\GenVidBench\Pair1\ms\ms\ms-b186afc4-3c50-566e-8091-11c41ac75c2b.mp4,Pair1\ms\ms\ms-b186afc4-3c50-566e-8091-11c41ac75c2b.mp4,1,fake,Pair1,ms,GenVidBench,False,F:\MEngDatasets\GenVidBench\GenVidBench\Pair1\ms\ms\ms-b186afc4-3c50-566e-8091-11c41ac75c2b.mp4,1
F:\MEngDatasets\GenVidBench\GenVidBench\Pair1\vc2\vc2\vc-f2af67e1-56fb-530e-9719-0dc5887becd9.mp4,Pair1\vc2\vc2\vc-f2af67e1-56fb-530e-9719-0dc5887becd9.mp4,1,fake,Pair1,vc2,GenVidBench,False,F:\MEngDatasets\GenVidBench\GenVidBench\Pair1\vc2\vc2\vc-f2af67e1-56fb-530e-9719-0dc5887becd9.mp4,1
F:\MEngDatasets\GenVidBench\GenVidBench\Pair2\svd\svd\05668___a tractor driving down a dirt road.mp4,Pair2\svd\svd\05668___a tractor driving down a dirt road.mp4,1,fake,Pair2,svd,GenVidBench,False,F:\MEngDatasets\GenVidBench\GenVidBench\Pair2\svd\svd\05668___a tractor driving down a dirt road.mp4,1
F:\MEngDatasets\GenVidBench\GenVidBench\Pair1\pika\pika\pika-583bc44d-675d-5eec-bd37-21f879d7269a.mp4,Pair1\pika\pika\pika-583bc44d-675d-5eec-bd37-21f879d7269a.mp4,1,fake,Pair1,pika,GenVidBench,False,F:\MEngDatasets\GenVidBench\GenVidBench\Pair1\pika\pika\pika-583bc44d-675d-5eec-bd37-21f879d7269a.mp4,1
F:\MEngDatasets\GenVidBench\GenVidBench\Pair1\ms\ms\ms-2c48b7e5-b4e6-5152-83b8-287aa74afb8f.mp4,Pair1\ms\ms\ms-2c48b7e5-b4e6-5152-83b8-287aa74afb8f.mp4,1,fake,Pair1,ms,GenVidBench,False,F:\MEngDatasets\GenVidBench\GenVidBench\Pair1\ms\ms\ms-2c48b7e5-b4e6-5152-83b8-287aa74afb8f.mp4,1
F:\MEngDatasets\GenVidBench\GenVidBench\Pair1\ms\ms\ms-ed3a73af-7a1d-529c-9cd3-a6d5a43e06d1.mp4,Pair1\ms\ms\ms-ed3a73af-7a1d-529c-9cd3-a6d5a43e06d1.mp4,1,fake,Pair1,ms,GenVidBench,False,F:\MEngDatasets\GenVidBench\GenVidBench\Pair1\ms\ms\ms-ed3a73af-7a1d-529c-9cd3-a6d5a43e06d1.mp4,1
F:\MEngDatasets\GenVidBench\GenVidBench\Pair1\t2vz\t2vz\t2vz-ed3a73af-7a1d-529c-9cd3-a6d5a43e06d1.mp4,Pair1\t2vz\t2vz\t2vz-ed3a73af-7a1d-529c-9cd3-a6d5a43e06d1.mp4,1,fake,Pair1,t2vz,GenVidBench,False,F:\MEngDatasets\GenVidBench\GenVidBench\Pair1\t2vz\t2vz\t2vz-ed3a73af-7a1d-529c-9cd3-a6d5a43e06d1.mp4,1
F:\MEngDatasets\GenVidBench\GenVidBench\Pair2\musev\musev\07585___a doll sitting on a chair in a room.mp4,Pair2\musev\musev\07585___a doll sitting on a chair in a room.mp4,1,fake,Pair2,musev,GenVidBench,False,F:\MEngDatasets\GenVidBench\GenVidBench\Pair2\musev\musev\07585___a doll sitting on a chair in a room.mp4,1
F:\MEngDatasets\GenVidBench\GenVidBench\Pair2\musev\musev\10255___a close up of a laptop computer screen.mp4,Pair2\musev\musev\10255___a close up of a laptop computer screen.mp4,1,fake,Pair2,musev,GenVidBench,False,F:\MEngDatasets\GenVidBench\GenVidBench\Pair2\musev\musev\10255___a close up of a laptop computer screen.mp4,1
F:\MEngDatasets\GenVidBench\GenVidBench\Pair1\ms\ms\ms-52085ef4-0f41-54af-a053-fa5dc9ede520.mp4,Pair1\ms\ms\ms-52085ef4-0f41-54af-a053-fa5dc9ede520.mp4,1,fake,Pair1,ms,GenVidBench,False,F:\MEngDatasets\GenVidBench\GenVidBench\Pair1\ms\ms\ms-52085ef4-0f41-54af-a053-fa5dc9ede520.mp4,1
F:\MEngDatasets\GenVidBench\GenVidBench\Pair1\ms\ms\ms-7510c4f9-8079-571a-b400-71e6e82a225b.mp4,Pair1\ms\ms\ms-7510c4f9-8079-571a-b400-71e6e82a225b.mp4,1,fake,Pair1,ms,GenVidBench,False,F:\MEngDatasets\GenVidBench\GenVidBench\Pair1\ms\ms\ms-7510c4f9-8079-571a-b400-71e6e82a225b.mp4,1
F:\MEngDatasets\GenVidBench\GenVidBench\Pair1\vc2\vc2\vc-bd8392d9-8352-5800-b3bf-60139ab3acbb.mp4,Pair1\vc2\vc2\vc-bd8392d9-8352-5800-b3bf-60139ab3acbb.mp4,1,fake,Pair1,vc2,GenVidBench,False,F:\MEngDatasets\GenVidBench\GenVidBench\Pair1\vc2\vc2\vc-bd8392d9-8352-5800-b3bf-60139ab3acbb.mp4,1
F:\MEngDatasets\GenVidBench\GenVidBench\Pair2\svd\svd\02082___a young boy standing on a tiled floor.mp4,Pair2\svd\svd\02082___a young boy standing on a tiled floor.mp4,1,fake,Pair2,svd,GenVidBench,False,F:\MEngDatasets\GenVidBench\GenVidBench\Pair2\svd\svd\02082___a young boy standing on a tiled floor.mp4,1
F:\MEngDatasets\GenVidBench\GenVidBench\Pair2\cogvideo\cogvideo\01784___president barack obama giving a speech in front of an american flag.mp4,Pair2\cogvideo\cogvideo\01784___president barack obama giving a speech in front of an american flag.mp4,1,fake,Pair2,cogvideo,GenVidBench,False,F:\MEngDatasets\GenVidBench\GenVidBench\Pair2\cogvideo\cogvideo\01784___president barack obama giving a speech in front of an american flag.mp4,1
F:\MEngDatasets\GenVidBench\GenVidBench\Pair1\ms\ms\ms-ac7cdff6-76a4-5c2a-ba41-3033afcea9b6.mp4,Pair1\ms\ms\ms-ac7cdff6-76a4-5c2a-ba41-3033afcea9b6.mp4,1,fake,Pair1,ms,GenVidBench,False,F:\MEngDatasets\GenVidBench\GenVidBench\Pair1\ms\ms\ms-ac7cdff6-76a4-5c2a-ba41-3033afcea9b6.mp4,1
F:\MEngDatasets\GenVidBench\GenVidBench\Pair1\vc2\vc2\vc-70770d2b-1dab-5c0e-935c-12fc3779bf06.mp4,Pair1\vc2\vc2\vc-70770d2b-1dab-5c0e-935c-12fc3779bf06.mp4,1,fake,Pair1,vc2,GenVidBench,False,F:\MEngDatasets\GenVidBench\GenVidBench\Pair1\vc2\vc2\vc-70770d2b-1dab-5c0e-935c-12fc3779bf06.mp4,1
F:\MEngDatasets\GenVidBench\GenVidBench\Pair1\t2vz\t2vz\t2vz-70d666ee-bd5d-5ade-b0d1-b5b9085d5ca5.mp4,Pair1\t2vz\t2vz\t2vz-70d666ee-bd5d-5ade-b0d1-b5b9085d5ca5.mp4,1,fake,Pair1,t2vz,GenVidBench,False,F:\MEngDatasets\GenVidBench\GenVidBench\Pair1\t2vz\t2vz\t2vz-70d666ee-bd5d-5ade-b0d1-b5b9085d5ca5.mp4,1
F:\MEngDatasets\GenVidBench\GenVidBench\Pair1\t2vz\t2vz\t2vz-1d8e9939-76eb-5dc8-aab3-a78612eceb41.mp4,Pair1\t2vz\t2vz\t2vz-1d8e9939-76eb-5dc8-aab3-a78612eceb41.mp4,1,fake,Pair1,t2vz,GenVidBench,False,F:\MEngDatasets\GenVidBench\GenVidBench\Pair1\t2vz\t2vz\t2vz-1d8e9939-76eb-5dc8-aab3-a78612eceb41.mp4,1
F:\MEngDatasets\GenVidBench\GenVidBench\Pair2\mora\mora\13790___a building with a kite flying in the sky.mp4,Pair2\mora\mora\13790___a building with a kite flying in the sky.mp4,1,fake,Pair2,mora,GenVidBench,False,F:\MEngDatasets\GenVidBench\GenVidBench\Pair2\mora\mora\13790___a building with a kite flying in the sky.mp4,1
F:\MEngDatasets\GenVidBench\GenVidBench\Pair2\svd\svd\08151___a picture of a tall building with a blue sky in the background.mp4,Pair2\svd\svd\08151___a picture of a tall building with a blue sky in the background.mp4,1,fake,Pair2,svd,GenVidBench,False,F:\MEngDatasets\GenVidBench\GenVidBench\Pair2\svd\svd\08151___a picture of a tall building with a blue sky in the background.mp4,1
F:\MEngDatasets\GenVidBench\GenVidBench\Pair1\pika\pika\pika-20ae02c0-bf3c-51f6-8382-5e54799ede52.mp4,Pair1\pika\pika\pika-20ae02c0-bf3c-51f6-8382-5e54799ede52.mp4,1,fake,Pair1,pika,GenVidBench,False,F:\MEngDatasets\GenVidBench\GenVidBench\Pair1\pika\pika\pika-20ae02c0-bf3c-51f6-8382-5e54799ede52.mp4,1
F:\MEngDatasets\GenVidBench\GenVidBench\Pair1\ms\ms\ms-89ed5c66-7b9e-5447-ae61-2e8f9ce6a9a9.mp4,Pair1\ms\ms\ms-89ed5c66-7b9e-5447-ae61-2e8f9ce6a9a9.mp4,1,fake,Pair1,ms,GenVidBench,False,F:\MEngDatasets\GenVidBench\GenVidBench\Pair1\ms\ms\ms-89ed5c66-7b9e-5447-ae61-2e8f9ce6a9a9.mp4,1
F:\MEngDatasets\GenVidBench\GenVidBench\Pair2\svd\svd\03751___a sign with a picture of a plant in a greenhouse.mp4,Pair2\svd\svd\03751___a sign with a picture of a plant in a greenhouse.mp4,1,fake,Pair2,svd,GenVidBench,False,F:\MEngDatasets\GenVidBench\GenVidBench\Pair2\svd\svd\03751___a sign with a picture of a plant in a greenhouse.mp4,1
F:\MEngDatasets\GenVidBench\GenVidBench\Pair2\cogvideo\cogvideo\13790___a building with a kite flying in the sky.mp4,Pair2\cogvideo\cogvideo\13790___a building with a kite flying in the sky.mp4,1,fake,Pair2,cogvideo,GenVidBench,False,F:\MEngDatasets\GenVidBench\GenVidBench\Pair2\cogvideo\cogvideo\13790___a building with a kite flying in the sky.mp4,1
F:\MEngDatasets\GenVidBench\GenVidBench\Pair1\vc2\vc2\vc-89ed5c66-7b9e-5447-ae61-2e8f9ce6a9a9.mp4,Pair1\vc2\vc2\vc-89ed5c66-7b9e-5447-ae61-2e8f9ce6a9a9.mp4,1,fake,Pair1,vc2,GenVidBench,False,F:\MEngDatasets\GenVidBench\GenVidBench\Pair1\vc2\vc2\vc-89ed5c66-7b9e-5447-ae61-2e8f9ce6a9a9.mp4,1
F:\MEngDatasets\GenVidBench\GenVidBench\Pair2\mora\mora\03669___a screen shot of a website with a shopping cart.mp4,Pair2\mora\mora\03669___a screen shot of a website with a shopping cart.mp4,1,fake,Pair2,mora,GenVidBench,False,F:\MEngDatasets\GenVidBench\GenVidBench\Pair2\mora\mora\03669___a screen shot of a website with a shopping cart.mp4,1
F:\MEngDatasets\GenVidBench\GenVidBench\Pair1\pika\pika\pika-f2af67e1-56fb-530e-9719-0dc5887becd9.mp4,Pair1\pika\pika\pika-f2af67e1-56fb-530e-9719-0dc5887becd9.mp4,1,fake,Pair1,pika,GenVidBench,False,F:\MEngDatasets\GenVidBench\GenVidBench\Pair1\pika\pika\pika-f2af67e1-56fb-530e-9719-0dc5887becd9.mp4,1
F:\MEngDatasets\GenVidBench\GenVidBench\Pair2\musev\musev\03011___a car driving down a dark highway at night.mp4,Pair2\musev\musev\03011___a car driving down a dark highway at night.mp4,1,fake,Pair2,musev,GenVidBench,False,F:\MEngDatasets\GenVidBench\GenVidBench\Pair2\musev\musev\03011___a car driving down a dark highway at night.mp4,1
F:\MEngDatasets\GenVidBench\GenVidBench\Pair2\cogvideo\cogvideo\02778___a map of japan with a red face on it.mp4,Pair2\cogvideo\cogvideo\02778___a map of japan with a red face on it.mp4,1,fake,Pair2,cogvideo,GenVidBench,False,F:\MEngDatasets\GenVidBench\GenVidBench\Pair2\cogvideo\cogvideo\02778___a map of japan with a red face on it.mp4,1
F:\MEngDatasets\GenVidBench\GenVidBench\Pair2\cogvideo\cogvideo\10070___the back of a van filled with bags of drugs.mp4,Pair2\cogvideo\cogvideo\10070___the back of a van filled with bags of drugs.mp4,1,fake,Pair2,cogvideo,GenVidBench,False,F:\MEngDatasets\GenVidBench\GenVidBench\Pair2\cogvideo\cogvideo\10070___the back of a van filled with bags of drugs.mp4,1
F:\MEngDatasets\GenVidBench\GenVidBench\Pair1\ms\ms\ms-a8e00099-b278-55d0-bfff-0011efad5914.mp4,Pair1\ms\ms\ms-a8e00099-b278-55d0-bfff-0011efad5914.mp4,1,fake,Pair1,ms,GenVidBench,False,F:\MEngDatasets\GenVidBench\GenVidBench\Pair1\ms\ms\ms-a8e00099-b278-55d0-bfff-0011efad5914.mp4,1
F:\MEngDatasets\GenVidBench\GenVidBench\Pair1\t2vz\t2vz\t2vz-f36b292c-0950-50ea-bbf7-dd0a5d5e63fe.mp4,Pair1\t2vz\t2vz\t2vz-f36b292c-0950-50ea-bbf7-dd0a5d5e63fe.mp4,1,fake,Pair1,t2vz,GenVidBench,False,F:\MEngDatasets\GenVidBench\GenVidBench\Pair1\t2vz\t2vz\t2vz-f36b292c-0950-50ea-bbf7-dd0a5d5e63fe.mp4,1
F:\MEngDatasets\GenVidBench\GenVidBench\Pair2\svd\svd\13425___a news screen with a picture of a child abuse scandal.mp4,Pair2\svd\svd\13425___a news screen with a picture of a child abuse scandal.mp4,1,fake,Pair2,svd,GenVidBench,False,F:\MEngDatasets\GenVidBench\GenVidBench\Pair2\svd\svd\13425___a news screen with a picture of a child abuse scandal.mp4,1
F:\MEngDatasets\GenVidBench\GenVidBench\Pair2\svd\svd\06329___a brown and white bird sitting in a tree.mp4,Pair2\svd\svd\06329___a brown and white bird sitting in a tree.mp4,1,fake,Pair2,svd,GenVidBench,False,F:\MEngDatasets\GenVidBench\GenVidBench\Pair2\svd\svd\06329___a brown and white bird sitting in a tree.mp4,1
F:\MEngDatasets\GenVidBench\GenVidBench\Pair1\vc2\vc2\vc-7510c4f9-8079-571a-b400-71e6e82a225b.mp4,Pair1\vc2\vc2\vc-7510c4f9-8079-571a-b400-71e6e82a225b.mp4,1,fake,Pair1,vc2,GenVidBench,False,F:\MEngDatasets\GenVidBench\GenVidBench\Pair1\vc2\vc2\vc-7510c4f9-8079-571a-b400-71e6e82a225b.mp4,1
F:\MEngDatasets\GenVidBench\GenVidBench\Pair2\musev\musev\13629___a sign on top of a pile of wood.mp4,Pair2\musev\musev\13629___a sign on top of a pile of wood.mp4,1,fake,Pair2,musev,GenVidBench,False,F:\MEngDatasets\GenVidBench\GenVidBench\Pair2\musev\musev\13629___a sign on top of a pile of wood.mp4,1
F:\MEngDatasets\GenVidBench\GenVidBench\Pair2\mora\mora\12030___a young boy standing in the grass with a sign that says $ 200.mp4,Pair2\mora\mora\12030___a young boy standing in the grass with a sign that says $ 200.mp4,1,fake,Pair2,mora,GenVidBench,False,F:\MEngDatasets\GenVidBench\GenVidBench\Pair2\mora\mora\12030___a young boy standing in the grass with a sign that says $ 200.mp4,1
F:\MEngDatasets\GenVidBench\GenVidBench\Pair2\musev\musev\01843___a group of softball players talking to each other.mp4,Pair2\musev\musev\01843___a group of softball players talking to each other.mp4,1,fake,Pair2,musev,GenVidBench,False,F:\MEngDatasets\GenVidBench\GenVidBench\Pair2\musev\musev\01843___a group of softball players talking to each other.mp4,1
F:\MEngDatasets\GenVidBench\GenVidBench\Pair2\mora\mora\12708___a cat sitting on top of a flat screen tv.mp4,Pair2\mora\mora\12708___a cat sitting on top of a flat screen tv.mp4,1,fake,Pair2,mora,GenVidBench,False,F:\MEngDatasets\GenVidBench\GenVidBench\Pair2\mora\mora\12708___a cat sitting on top of a flat screen tv.mp4,1
F:\MEngDatasets\GenVidBench\GenVidBench\Pair2\musev\musev\13725___a close up of a vehicle's undercarriage.mp4,Pair2\musev\musev\13725___a close up of a vehicle's undercarriage.mp4,1,fake,Pair2,musev,GenVidBench,False,F:\MEngDatasets\GenVidBench\GenVidBench\Pair2\musev\musev\13725___a close up of a vehicle's undercarriage.mp4,1
F:\MEngDatasets\GenVidBench\GenVidBench\Pair2\cogvideo\cogvideo\02929___a group of football players standing together on a field.mp4,Pair2\cogvideo\cogvideo\02929___a group of football players standing together on a field.mp4,1,fake,Pair2,cogvideo,GenVidBench,False,F:\MEngDatasets\GenVidBench\GenVidBench\Pair2\cogvideo\cogvideo\02929___a group of football players standing together on a field.mp4,1
F:\MEngDatasets\GenVidBench\GenVidBench\Pair1\t2vz\t2vz\t2vz-3d912141-6b6e-5cfd-8c30-12bad1a64b89.mp4,Pair1\t2vz\t2vz\t2vz-3d912141-6b6e-5cfd-8c30-12bad1a64b89.mp4,1,fake,Pair1,t2vz,GenVidBench,False,F:\MEngDatasets\GenVidBench\GenVidBench\Pair1\t2vz\t2vz\t2vz-3d912141-6b6e-5cfd-8c30-12bad1a64b89.mp4,1
F:\MEngDatasets\GenVidBench\GenVidBench\Pair1\pika\pika\pika-534de1b2-2307-5aaa-bc5b-cda0f4697261.mp4,Pair1\pika\pika\pika-534de1b2-2307-5aaa-bc5b-cda0f4697261.mp4,1,fake,Pair1,pika,GenVidBench,False,F:\MEngDatasets\GenVidBench\GenVidBench\Pair1\pika\pika\pika-534de1b2-2307-5aaa-bc5b-cda0f4697261.mp4,1
F:\MEngDatasets\GenVidBench\GenVidBench\Pair1\pika\pika\pika-f36b292c-0950-50ea-bbf7-dd0a5d5e63fe.mp4,Pair1\pika\pika\pika-f36b292c-0950-50ea-bbf7-dd0a5d5e63fe.mp4,1,fake,Pair1,pika,GenVidBench,False,F:\MEngDatasets\GenVidBench\GenVidBench\Pair1\pika\pika\pika-f36b292c-0950-50ea-bbf7-dd0a5d5e63fe.mp4,1
F:\MEngDatasets\GenVidBench\GenVidBench\Pair2\svd\svd\10737___a bedroom with a bed and a lamp next to it.mp4,Pair2\svd\svd\10737___a bedroom with a bed and a lamp next to it.mp4,1,fake,Pair2,svd,GenVidBench,False,F:\MEngDatasets\GenVidBench\GenVidBench\Pair2\svd\svd\10737___a bedroom with a bed and a lamp next to it.mp4,1
F:\MEngDatasets\GenVidBench\GenVidBench\Pair1\pika\pika\pika-7aec879d-90c5-52e5-b196-bb3657575b82.mp4,Pair1\pika\pika\pika-7aec879d-90c5-52e5-b196-bb3657575b82.mp4,1,fake,Pair1,pika,GenVidBench,False,F:\MEngDatasets\GenVidBench\GenVidBench\Pair1\pika\pika\pika-7aec879d-90c5-52e5-b196-bb3657575b82.mp4,1
F:\MEngDatasets\GenVidBench\GenVidBench\Pair1\ms\ms\ms-7aec879d-90c5-52e5-b196-bb3657575b82.mp4,Pair1\ms\ms\ms-7aec879d-90c5-52e5-b196-bb3657575b82.mp4,1,fake,Pair1,ms,GenVidBench,False,F:\MEngDatasets\GenVidBench\GenVidBench\Pair1\ms\ms\ms-7aec879d-90c5-52e5-b196-bb3657575b82.mp4,1
F:\MEngDatasets\GenVidBench\GenVidBench\Pair1\t2vz\t2vz\t2vz-6836d5d3-0d92-5d85-a32b-b121f9ba9b04.mp4,Pair1\t2vz\t2vz\t2vz-6836d5d3-0d92-5d85-a32b-b121f9ba9b04.mp4,1,fake,Pair1,t2vz,GenVidBench,False,F:\MEngDatasets\GenVidBench\GenVidBench\Pair1\t2vz\t2vz\t2vz-6836d5d3-0d92-5d85-a32b-b121f9ba9b04.mp4,1
F:\MEngDatasets\GenVidBench\GenVidBench\Pair2\mora\mora\03657___a computer screen showing a page with a picture on it.mp4,Pair2\mora\mora\03657___a computer screen showing a page with a picture on it.mp4,1,fake,Pair2,mora,GenVidBench,False,F:\MEngDatasets\GenVidBench\GenVidBench\Pair2\mora\mora\03657___a computer screen showing a page with a picture on it.mp4,1
F:\MEngDatasets\GenVidBench\GenVidBench\Pair2\musev\musev\03042___a couple of speed boats in the ocean.mp4,Pair2\musev\musev\03042___a couple of speed boats in the ocean.mp4,1,fake,Pair2,musev,GenVidBench,False,F:\MEngDatasets\GenVidBench\GenVidBench\Pair2\musev\musev\03042___a couple of speed boats in the ocean.mp4,1
F:\MEngDatasets\GenVidBench\GenVidBench\Pair2\cogvideo\cogvideo\10686___the front door of a house with a sign on it.mp4,Pair2\cogvideo\cogvideo\10686___the front door of a house with a sign on it.mp4,1,fake,Pair2,cogvideo,GenVidBench,False,F:\MEngDatasets\GenVidBench\GenVidBench\Pair2\cogvideo\cogvideo\10686___the front door of a house with a sign on it.mp4,1
F:\MEngDatasets\GenVidBench\GenVidBench\Pair2\musev\musev\02837___a close up of a nigerian id card.mp4,Pair2\musev\musev\02837___a close up of a nigerian id card.mp4,1,fake,Pair2,musev,GenVidBench,False,F:\MEngDatasets\GenVidBench\GenVidBench\Pair2\musev\musev\02837___a close up of a nigerian id card.mp4,1
F:\MEngDatasets\GenVidBench\GenVidBench\Pair1\ms\ms\ms-e35c583d-5dfe-5ba8-a937-5a1b5548a63f.mp4,Pair1\ms\ms\ms-e35c583d-5dfe-5ba8-a937-5a1b5548a63f.mp4,1,fake,Pair1,ms,GenVidBench,False,F:\MEngDatasets\GenVidBench\GenVidBench\Pair1\ms\ms\ms-e35c583d-5dfe-5ba8-a937-5a1b5548a63f.mp4,1
F:\MEngDatasets\GenVidBench\GenVidBench\Pair1\pika\pika\pika-70d666ee-bd5d-5ade-b0d1-b5b9085d5ca5.mp4,Pair1\pika\pika\pika-70d666ee-bd5d-5ade-b0d1-b5b9085d5ca5.mp4,1,fake,Pair1,pika,GenVidBench,False,F:\MEngDatasets\GenVidBench\GenVidBench\Pair1\pika\pika\pika-70d666ee-bd5d-5ade-b0d1-b5b9085d5ca5.mp4,1
F:\MEngDatasets\GenVidBench\GenVidBench\Pair2\musev\musev\12192___a close up of a doll laying on a bed.mp4,Pair2\musev\musev\12192___a close up of a doll laying on a bed.mp4,1,fake,Pair2,musev,GenVidBench,False,F:\MEngDatasets\GenVidBench\GenVidBench\Pair2\musev\musev\12192___a close up of a doll laying on a bed.mp4,1
F:\MEngDatasets\GenVidBench\GenVidBench\Pair2\mora\mora\06904___a picture of a machine that is making something.mp4,Pair2\mora\mora\06904___a picture of a machine that is making something.mp4,1,fake,Pair2,mora,GenVidBench,False,F:\MEngDatasets\GenVidBench\GenVidBench\Pair2\mora\mora\06904___a picture of a machine that is making something.mp4,1
F:\MEngDatasets\GenVidBench\GenVidBench\Pair2\cogvideo\cogvideo\10095___a young boy sitting at a table eating a piece of pizza.mp4,Pair2\cogvideo\cogvideo\10095___a young boy sitting at a table eating a piece of pizza.mp4,1,fake,Pair2,cogvideo,GenVidBench,False,F:\MEngDatasets\GenVidBench\GenVidBench\Pair2\cogvideo\cogvideo\10095___a young boy sitting at a table eating a piece of pizza.mp4,1
F:\MEngDatasets\GenVidBench\GenVidBench\Pair1\pika\pika\pika-a91ce67d-d3cc-5c0b-a386-21036e392c74.mp4,Pair1\pika\pika\pika-a91ce67d-d3cc-5c0b-a386-21036e392c74.mp4,1,fake,Pair1,pika,GenVidBench,False,F:\MEngDatasets\GenVidBench\GenVidBench\Pair1\pika\pika\pika-a91ce67d-d3cc-5c0b-a386-21036e392c74.mp4,1
F:\MEngDatasets\GenVidBench\GenVidBench\Pair2\svd\svd\13435___a large animal standing in the snow on a foggy day.mp4,Pair2\svd\svd\13435___a large animal standing in the snow on a foggy day.mp4,1,fake,Pair2,svd,GenVidBench,False,F:\MEngDatasets\GenVidBench\GenVidBench\Pair2\svd\svd\13435___a large animal standing in the snow on a foggy day.mp4,1
F:\MEngDatasets\GenVidBench\GenVidBench\Pair1\t2vz\t2vz\t2vz-d878522c-5d22-5769-a99d-8a03bdecf654.mp4,Pair1\t2vz\t2vz\t2vz-d878522c-5d22-5769-a99d-8a03bdecf654.mp4,1,fake,Pair1,t2vz,GenVidBench,False,F:\MEngDatasets\GenVidBench\GenVidBench\Pair1\t2vz\t2vz\t2vz-d878522c-5d22-5769-a99d-8a03bdecf654.mp4,1
F:\MEngDatasets\GenVidBench\GenVidBench\Pair1\pika\pika\pika-6dad3ece-d203-551b-b5f0-9b8a4fa19024.mp4,Pair1\pika\pika\pika-6dad3ece-d203-551b-b5f0-9b8a4fa19024.mp4,1,fake,Pair1,pika,GenVidBench,False,F:\MEngDatasets\GenVidBench\GenVidBench\Pair1\pika\pika\pika-6dad3ece-d203-551b-b5f0-9b8a4fa19024.mp4,1
F:\MEngDatasets\GenVidBench\GenVidBench\Pair1\ms\ms\ms-0a0e36af-7512-5f96-b85a-5221fc0c267e.mp4,Pair1\ms\ms\ms-0a0e36af-7512-5f96-b85a-5221fc0c267e.mp4,1,fake,Pair1,ms,GenVidBench,False,F:\MEngDatasets\GenVidBench\GenVidBench\Pair1\ms\ms\ms-0a0e36af-7512-5f96-b85a-5221fc0c267e.mp4,1
F:\MEngDatasets\GenVidBench\GenVidBench\Pair2\mora\mora\13222___an image of a green screen with letters on it.mp4,Pair2\mora\mora\13222___an image of a green screen with letters on it.mp4,1,fake,Pair2,mora,GenVidBench,False,F:\MEngDatasets\GenVidBench\GenVidBench\Pair2\mora\mora\13222___an image of a green screen with letters on it.mp4,1
F:\MEngDatasets\GenVidBench\GenVidBench\Pair1\ms\ms\ms-3d22a760-43ce-5ddf-a6a6-2813cf54d6b7.mp4,Pair1\ms\ms\ms-3d22a760-43ce-5ddf-a6a6-2813cf54d6b7.mp4,1,fake,Pair1,ms,GenVidBench,False,F:\MEngDatasets\GenVidBench\GenVidBench\Pair1\ms\ms\ms-3d22a760-43ce-5ddf-a6a6-2813cf54d6b7.mp4,1
F:\MEngDatasets\GenVidBench\GenVidBench\Pair1\vc2\vc2\vc-08d9a859-f62c-59bc-9fe7-89464deaa706.mp4,Pair1\vc2\vc2\vc-08d9a859-f62c-59bc-9fe7-89464deaa706.mp4,1,fake,Pair1,vc2,GenVidBench,False,F:\MEngDatasets\GenVidBench\GenVidBench\Pair1\vc2\vc2\vc-08d9a859-f62c-59bc-9fe7-89464deaa706.mp4,1
F:\MEngDatasets\GenVidBench\GenVidBench\Pair2\cogvideo\cogvideo\11890___a silver ford focus parked on the side of the road.mp4,Pair2\cogvideo\cogvideo\11890___a silver ford focus parked on the side of the road.mp4,1,fake,Pair2,cogvideo,GenVidBench,False,F:\MEngDatasets\GenVidBench\GenVidBench\Pair2\cogvideo\cogvideo\11890___a silver ford focus parked on the side of the road.mp4,1
F:\MEngDatasets\GenVidBench\GenVidBench\Pair2\svd\svd\09456___a screen shot of a computer with a large wave in the background.mp4,Pair2\svd\svd\09456___a screen shot of a computer with a large wave in the background.mp4,1,fake,Pair2,svd,GenVidBench,False,F:\MEngDatasets\GenVidBench\GenVidBench\Pair2\svd\svd\09456___a screen shot of a computer with a large wave in the background.mp4,1
F:\MEngDatasets\GenVidBench\GenVidBench\Pair1\vc2\vc2\vc-d5614d82-b71b-59a9-997f-6410624cb493.mp4,Pair1\vc2\vc2\vc-d5614d82-b71b-59a9-997f-6410624cb493.mp4,1,fake,Pair1,vc2,GenVidBench,False,F:\MEngDatasets\GenVidBench\GenVidBench\Pair1\vc2\vc2\vc-d5614d82-b71b-59a9-997f-6410624cb493.mp4,1
F:\MEngDatasets\GenVidBench\GenVidBench\Pair1\pika\pika\pika-4aef9374-9f2b-51a9-89d3-5d4be1f88f1b.mp4,Pair1\pika\pika\pika-4aef9374-9f2b-51a9-89d3-5d4be1f88f1b.mp4,1,fake,Pair1,pika,GenVidBench,False,F:\MEngDatasets\GenVidBench\GenVidBench\Pair1\pika\pika\pika-4aef9374-9f2b-51a9-89d3-5d4be1f88f1b.mp4,1
F:\MEngDatasets\GenVidBench\GenVidBench\Pair1\pika\pika\pika-af7aa6cd-c500-5cc9-bb3a-27e557edeb6c.mp4,Pair1\pika\pika\pika-af7aa6cd-c500-5cc9-bb3a-27e557edeb6c.mp4,1,fake,Pair1,pika,GenVidBench,False,F:\MEngDatasets\GenVidBench\GenVidBench\Pair1\pika\pika\pika-af7aa6cd-c500-5cc9-bb3a-27e557edeb6c.mp4,1
F:\MEngDatasets\GenVidBench\GenVidBench\Pair1\pika\pika\pika-d1418574-5192-5596-96da-d1d5a308670a.mp4,Pair1\pika\pika\pika-d1418574-5192-5596-96da-d1d5a308670a.mp4,1,fake,Pair1,pika,GenVidBench,False,F:\MEngDatasets\GenVidBench\GenVidBench\Pair1\pika\pika\pika-d1418574-5192-5596-96da-d1d5a308670a.mp4,1
F:\MEngDatasets\GenVidBench\GenVidBench\Pair1\t2vz\t2vz\t2vz-15d13bf9-a053-5dfe-a244-32086ec1c77b.mp4,Pair1\t2vz\t2vz\t2vz-15d13bf9-a053-5dfe-a244-32086ec1c77b.mp4,1,fake,Pair1,t2vz,GenVidBench,False,F:\MEngDatasets\GenVidBench\GenVidBench\Pair1\t2vz\t2vz\t2vz-15d13bf9-a053-5dfe-a244-32086ec1c77b.mp4,1
F:\MEngDatasets\GenVidBench\GenVidBench\Pair2\musev\musev\04212___a view of the interior of an auditorium.mp4,Pair2\musev\musev\04212___a view of the interior of an auditorium.mp4,1,fake,Pair2,musev,GenVidBench,False,F:\MEngDatasets\GenVidBench\GenVidBench\Pair2\musev\musev\04212___a view of the interior of an auditorium.mp4,1
F:\MEngDatasets\GenVidBench\GenVidBench\Pair2\musev\musev\07924___a large group of fish swimming in a blue ocean.mp4,Pair2\musev\musev\07924___a large group of fish swimming in a blue ocean.mp4,1,fake,Pair2,musev,GenVidBench,False,F:\MEngDatasets\GenVidBench\GenVidBench\Pair2\musev\musev\07924___a large group of fish swimming in a blue ocean.mp4,1
F:\MEngDatasets\GenVidBench\GenVidBench\Pair2\musev\musev\02737___a sign that says district warren news.mp4,Pair2\musev\musev\02737___a sign that says district warren news.mp4,1,fake,Pair2,musev,GenVidBench,False,F:\MEngDatasets\GenVidBench\GenVidBench\Pair2\musev\musev\02737___a sign that says district warren news.mp4,1
F:\MEngDatasets\GenVidBench\GenVidBench\Pair2\musev\musev\05471___a close up of a tree with leaves on it.mp4,Pair2\musev\musev\05471___a close up of a tree with leaves on it.mp4,1,fake,Pair2,musev,GenVidBench,False,F:\MEngDatasets\GenVidBench\GenVidBench\Pair2\musev\musev\05471___a close up of a tree with leaves on it.mp4,1
F:\MEngDatasets\GenVidBench\GenVidBench\Pair2\musev\musev\13407___three bars of soap sitting on a wire rack.mp4,Pair2\musev\musev\13407___three bars of soap sitting on a wire rack.mp4,1,fake,Pair2,musev,GenVidBench,False,F:\MEngDatasets\GenVidBench\GenVidBench\Pair2\musev\musev\13407___three bars of soap sitting on a wire rack.mp4,1
F:\MEngDatasets\GenVidBench\GenVidBench\Pair1\vc2\vc2\vc-3726faf1-874e-5a95-8b2f-87b7e04766a7.mp4,Pair1\vc2\vc2\vc-3726faf1-874e-5a95-8b2f-87b7e04766a7.mp4,1,fake,Pair1,vc2,GenVidBench,False,F:\MEngDatasets\GenVidBench\GenVidBench\Pair1\vc2\vc2\vc-3726faf1-874e-5a95-8b2f-87b7e04766a7.mp4,1
F:\MEngDatasets\GenVidBench\GenVidBench\Pair2\svd\svd\13725___a close up of a vehicle's undercarriage.mp4,Pair2\svd\svd\13725___a close up of a vehicle's undercarriage.mp4,1,fake,Pair2,svd,GenVidBench,False,F:\MEngDatasets\GenVidBench\GenVidBench\Pair2\svd\svd\13725___a close up of a vehicle's undercarriage.mp4,1
F:\MEngDatasets\GenVidBench\GenVidBench\Pair2\svd\svd\10955___a news anchor is talking to a camera.mp4,Pair2\svd\svd\10955___a news anchor is talking to a camera.mp4,1,fake,Pair2,svd,GenVidBench,False,F:\MEngDatasets\GenVidBench\GenVidBench\Pair2\svd\svd\10955___a news anchor is talking to a camera.mp4,1
F:\MEngDatasets\GenVidBench\GenVidBench\Pair2\cogvideo\cogvideo\05529___a boat floating in the middle of a body of water.mp4,Pair2\cogvideo\cogvideo\05529___a boat floating in the middle of a body of water.mp4,1,fake,Pair2,cogvideo,GenVidBench,False,F:\MEngDatasets\GenVidBench\GenVidBench\Pair2\cogvideo\cogvideo\05529___a boat floating in the middle of a body of water.mp4,1
F:\MEngDatasets\GenVidBench\GenVidBench\Pair2\musev\musev\07576___a red tractor in the middle of a lush green field.mp4,Pair2\musev\musev\07576___a red tractor in the middle of a lush green field.mp4,1,fake,Pair2,musev,GenVidBench,False,F:\MEngDatasets\GenVidBench\GenVidBench\Pair2\musev\musev\07576___a red tractor in the middle of a lush green field.mp4,1
F:\MEngDatasets\GenVidBench\GenVidBench\Pair2\musev\musev\09152___a yellow gun in a video game.mp4,Pair2\musev\musev\09152___a yellow gun in a video game.mp4,1,fake,Pair2,musev,GenVidBench,False,F:\MEngDatasets\GenVidBench\GenVidBench\Pair2\musev\musev\09152___a yellow gun in a video game.mp4,1
F:\MEngDatasets\GenVidBench\GenVidBench\Pair2\svd\svd\13849___a tree branch with ants crawling on it.mp4,Pair2\svd\svd\13849___a tree branch with ants crawling on it.mp4,1,fake,Pair2,svd,GenVidBench,False,F:\MEngDatasets\GenVidBench\GenVidBench\Pair2\svd\svd\13849___a tree branch with ants crawling on it.mp4,1
F:\MEngDatasets\GenVidBench\GenVidBench\Pair1\pika\pika\pika-89ed5c66-7b9e-5447-ae61-2e8f9ce6a9a9.mp4,Pair1\pika\pika\pika-89ed5c66-7b9e-5447-ae61-2e8f9ce6a9a9.mp4,1,fake,Pair1,pika,GenVidBench,False,F:\MEngDatasets\GenVidBench\GenVidBench\Pair1\pika\pika\pika-89ed5c66-7b9e-5447-ae61-2e8f9ce6a9a9.mp4,1
F:\MEngDatasets\GenVidBench\GenVidBench\Pair2\mora\mora\10095___a young boy sitting at a table eating a piece of pizza.mp4,Pair2\mora\mora\10095___a young boy sitting at a table eating a piece of pizza.mp4,1,fake,Pair2,mora,GenVidBench,False,F:\MEngDatasets\GenVidBench\GenVidBench\Pair2\mora\mora\10095___a young boy sitting at a table eating a piece of pizza.mp4,1
F:\MEngDatasets\GenVidBench\GenVidBench\Pair1\t2vz\t2vz\t2vz-25580f7b-c375-508d-9bb3-0cb7e318744a.mp4,Pair1\t2vz\t2vz\t2vz-25580f7b-c375-508d-9bb3-0cb7e318744a.mp4,1,fake,Pair1,t2vz,GenVidBench,False,F:\MEngDatasets\GenVidBench\GenVidBench\Pair1\t2vz\t2vz\t2vz-25580f7b-c375-508d-9bb3-0cb7e318744a.mp4,1
F:\MEngDatasets\GenVidBench\GenVidBench\Pair1\vc2\vc2\vc-e06925ad-b463-54de-b811-4986d1fe04fe.mp4,Pair1\vc2\vc2\vc-e06925ad-b463-54de-b811-4986d1fe04fe.mp4,1,fake,Pair1,vc2,GenVidBench,False,F:\MEngDatasets\GenVidBench\GenVidBench\Pair1\vc2\vc2\vc-e06925ad-b463-54de-b811-4986d1fe04fe.mp4,1
F:\MEngDatasets\GenVidBench\GenVidBench\Pair2\cogvideo\cogvideo\13565___a close up of a piece of broccoli.mp4,Pair2\cogvideo\cogvideo\13565___a close up of a piece of broccoli.mp4,1,fake,Pair2,cogvideo,GenVidBench,False,F:\MEngDatasets\GenVidBench\GenVidBench\Pair2\cogvideo\cogvideo\13565___a close up of a piece of broccoli.mp4,1
F:\MEngDatasets\GenVidBench\GenVidBench\Pair1\pika\pika\pika-560931d1-903d-56e8-87ac-149535967748.mp4,Pair1\pika\pika\pika-560931d1-903d-56e8-87ac-149535967748.mp4,1,fake,Pair1,pika,GenVidBench,False,F:\MEngDatasets\GenVidBench\GenVidBench\Pair1\pika\pika\pika-560931d1-903d-56e8-87ac-149535967748.mp4,1
F:\MEngDatasets\GenVidBench\GenVidBench\Pair2\cogvideo\cogvideo\07277___a close up of the exhaust pipe on a red car.mp4,Pair2\cogvideo\cogvideo\07277___a close up of the exhaust pipe on a red car.mp4,1,fake,Pair2,cogvideo,GenVidBench,False,F:\MEngDatasets\GenVidBench\GenVidBench\Pair2\cogvideo\cogvideo\07277___a close up of the exhaust pipe on a red car.mp4,1
F:\MEngDatasets\GenVidBench\GenVidBench\Pair1\t2vz\t2vz\t2vz-3d22a760-43ce-5ddf-a6a6-2813cf54d6b7.mp4,Pair1\t2vz\t2vz\t2vz-3d22a760-43ce-5ddf-a6a6-2813cf54d6b7.mp4,1,fake,Pair1,t2vz,GenVidBench,False,F:\MEngDatasets\GenVidBench\GenVidBench\Pair1\t2vz\t2vz\t2vz-3d22a760-43ce-5ddf-a6a6-2813cf54d6b7.mp4,1
F:\MEngDatasets\GenVidBench\GenVidBench\Pair2\mora\mora\05067___a lone skier in the middle of a snowy mountain.mp4,Pair2\mora\mora\05067___a lone skier in the middle of a snowy mountain.mp4,1,fake,Pair2,mora,GenVidBench,False,F:\MEngDatasets\GenVidBench\GenVidBench\Pair2\mora\mora\05067___a lone skier in the middle of a snowy mountain.mp4,1
F:\MEngDatasets\GenVidBench\GenVidBench\Pair1\pika\pika\pika-d5614d82-b71b-59a9-997f-6410624cb493.mp4,Pair1\pika\pika\pika-d5614d82-b71b-59a9-997f-6410624cb493.mp4,1,fake,Pair1,pika,GenVidBench,False,F:\MEngDatasets\GenVidBench\GenVidBench\Pair1\pika\pika\pika-d5614d82-b71b-59a9-997f-6410624cb493.mp4,1
F:\MEngDatasets\GenVidBench\GenVidBench\Pair2\mora\mora\11771___a close up of the front wheel of a silver car.mp4,Pair2\mora\mora\11771___a close up of the front wheel of a silver car.mp4,1,fake,Pair2,mora,GenVidBench,False,F:\MEngDatasets\GenVidBench\GenVidBench\Pair2\mora\mora\11771___a close up of the front wheel of a silver car.mp4,1
F:\MEngDatasets\GenVidBench\GenVidBench\Pair2\svd\svd\01482___a long hallway with numbers on the walls.mp4,Pair2\svd\svd\01482___a long hallway with numbers on the walls.mp4,1,fake,Pair2,svd,GenVidBench,False,F:\MEngDatasets\GenVidBench\GenVidBench\Pair2\svd\svd\01482___a long hallway with numbers on the walls.mp4,1
F:\MEngDatasets\GenVidBench\GenVidBench\Pair1\vc2\vc2\vc-4b8e1b54-4f2b-59ec-ad4e-f60c6d6639ce.mp4,Pair1\vc2\vc2\vc-4b8e1b54-4f2b-59ec-ad4e-f60c6d6639ce.mp4,1,fake,Pair1,vc2,GenVidBench,False,F:\MEngDatasets\GenVidBench\GenVidBench\Pair1\vc2\vc2\vc-4b8e1b54-4f2b-59ec-ad4e-f60c6d6639ce.mp4,1
F:\MEngDatasets\GenVidBench\GenVidBench\Pair1\ms\ms\ms-6dad3ece-d203-551b-b5f0-9b8a4fa19024.mp4,Pair1\ms\ms\ms-6dad3ece-d203-551b-b5f0-9b8a4fa19024.mp4,1,fake,Pair1,ms,GenVidBench,False,F:\MEngDatasets\GenVidBench\GenVidBench\Pair1\ms\ms\ms-6dad3ece-d203-551b-b5f0-9b8a4fa19024.mp4,1
F:\MEngDatasets\GenVidBench\GenVidBench\Pair2\svd\svd\07001___a close up of a white umbrella.mp4,Pair2\svd\svd\07001___a close up of a white umbrella.mp4,1,fake,Pair2,svd,GenVidBench,False,F:\MEngDatasets\GenVidBench\GenVidBench\Pair2\svd\svd\07001___a close up of a white umbrella.mp4,1
F:\MEngDatasets\GenVidBench\GenVidBench\Pair1\vc2\vc2\vc-534de1b2-2307-5aaa-bc5b-cda0f4697261.mp4,Pair1\vc2\vc2\vc-534de1b2-2307-5aaa-bc5b-cda0f4697261.mp4,1,fake,Pair1,vc2,GenVidBench,False,F:\MEngDatasets\GenVidBench\GenVidBench\Pair1\vc2\vc2\vc-534de1b2-2307-5aaa-bc5b-cda0f4697261.mp4,1
F:\MEngDatasets\GenVidBench\GenVidBench\Pair2\cogvideo\cogvideo\02141___a building with a fire hydrant on the side of it.mp4,Pair2\cogvideo\cogvideo\02141___a building with a fire hydrant on the side of it.mp4,1,fake,Pair2,cogvideo,GenVidBench,False,F:\MEngDatasets\GenVidBench\GenVidBench\Pair2\cogvideo\cogvideo\02141___a building with a fire hydrant on the side of it.mp4,1
F:\MEngDatasets\GenVidBench\GenVidBench\Pair2\svd\svd\01857___a young boy sitting at a counter with a bowl of food.mp4,Pair2\svd\svd\01857___a young boy sitting at a counter with a bowl of food.mp4,1,fake,Pair2,svd,GenVidBench,False,F:\MEngDatasets\GenVidBench\GenVidBench\Pair2\svd\svd\01857___a young boy sitting at a counter with a bowl of food.mp4,1
F:\MEngDatasets\GenVidBench\GenVidBench\Pair2\mora\mora\01612___a weather screen showing the 7 day forecast.mp4,Pair2\mora\mora\01612___a weather screen showing the 7 day forecast.mp4,1,fake,Pair2,mora,GenVidBench,False,F:\MEngDatasets\GenVidBench\GenVidBench\Pair2\mora\mora\01612___a weather screen showing the 7 day forecast.mp4,1
F:\MEngDatasets\GenVidBench\GenVidBench\Pair2\svd\svd\05351___a video game character standing in front of a screen.mp4,Pair2\svd\svd\05351___a video game character standing in front of a screen.mp4,1,fake,Pair2,svd,GenVidBench,False,F:\MEngDatasets\GenVidBench\GenVidBench\Pair2\svd\svd\05351___a video game character standing in front of a screen.mp4,1
F:\MEngDatasets\GenVidBench\GenVidBench\Pair2\cogvideo\cogvideo\12332___an empty aquarium with three lights on it.mp4,Pair2\cogvideo\cogvideo\12332___an empty aquarium with three lights on it.mp4,1,fake,Pair2,cogvideo,GenVidBench,False,F:\MEngDatasets\GenVidBench\GenVidBench\Pair2\cogvideo\cogvideo\12332___an empty aquarium with three lights on it.mp4,1
F:\MEngDatasets\GenVidBench\GenVidBench\Pair1\ms\ms\ms-4aef9374-9f2b-51a9-89d3-5d4be1f88f1b.mp4,Pair1\ms\ms\ms-4aef9374-9f2b-51a9-89d3-5d4be1f88f1b.mp4,1,fake,Pair1,ms,GenVidBench,False,F:\MEngDatasets\GenVidBench\GenVidBench\Pair1\ms\ms\ms-4aef9374-9f2b-51a9-89d3-5d4be1f88f1b.mp4,1
F:\MEngDatasets\GenVidBench\GenVidBench\Pair1\pika\pika\pika-10ccb150-0997-5ceb-82f6-6705b4fd31aa.mp4,Pair1\pika\pika\pika-10ccb150-0997-5ceb-82f6-6705b4fd31aa.mp4,1,fake,Pair1,pika,GenVidBench,False,F:\MEngDatasets\GenVidBench\GenVidBench\Pair1\pika\pika\pika-10ccb150-0997-5ceb-82f6-6705b4fd31aa.mp4,1
F:\MEngDatasets\GenVidBench\GenVidBench\Pair2\musev\musev\10334___a large white building with several flags on it.mp4,Pair2\musev\musev\10334___a large white building with several flags on it.mp4,1,fake,Pair2,musev,GenVidBench,False,F:\MEngDatasets\GenVidBench\GenVidBench\Pair2\musev\musev\10334___a large white building with several flags on it.mp4,1
F:\MEngDatasets\GenVidBench\GenVidBench\Pair1\ms\ms\ms-59c0e702-22bd-5c63-9579-6ed5a4344d4c.mp4,Pair1\ms\ms\ms-59c0e702-22bd-5c63-9579-6ed5a4344d4c.mp4,1,fake,Pair1,ms,GenVidBench,False,F:\MEngDatasets\GenVidBench\GenVidBench\Pair1\ms\ms\ms-59c0e702-22bd-5c63-9579-6ed5a4344d4c.mp4,1
F:\MEngDatasets\GenVidBench\GenVidBench\Pair2\cogvideo\cogvideo\06904___a picture of a machine that is making something.mp4,Pair2\cogvideo\cogvideo\06904___a picture of a machine that is making something.mp4,1,fake,Pair2,cogvideo,GenVidBench,False,F:\MEngDatasets\GenVidBench\GenVidBench\Pair2\cogvideo\cogvideo\06904___a picture of a machine that is making something.mp4,1
F:\MEngDatasets\GenVidBench\GenVidBench\Pair2\cogvideo\cogvideo\11925___a green background with a clock on it.mp4,Pair2\cogvideo\cogvideo\11925___a green background with a clock on it.mp4,1,fake,Pair2,cogvideo,GenVidBench,False,F:\MEngDatasets\GenVidBench\GenVidBench\Pair2\cogvideo\cogvideo\11925___a green background with a clock on it.mp4,1
F:\MEngDatasets\GenVidBench\GenVidBench\Pair2\svd\svd\13364___a cartoon character wearing a yellow shirt and red tie.mp4,Pair2\svd\svd\13364___a cartoon character wearing a yellow shirt and red tie.mp4,1,fake,Pair2,svd,GenVidBench,False,F:\MEngDatasets\GenVidBench\GenVidBench\Pair2\svd\svd\13364___a cartoon character wearing a yellow shirt and red tie.mp4,1
F:\MEngDatasets\GenVidBench\GenVidBench\Pair2\musev\musev\08583___a computer screen showing a drawing of a horse.mp4,Pair2\musev\musev\08583___a computer screen showing a drawing of a horse.mp4,1,fake,Pair2,musev,GenVidBench,False,F:\MEngDatasets\GenVidBench\GenVidBench\Pair2\musev\musev\08583___a computer screen showing a drawing of a horse.mp4,1
F:\MEngDatasets\GenVidBench\GenVidBench\Pair1\vc2\vc2\vc-27721ed0-d584-54e5-8d96-a411192695f6.mp4,Pair1\vc2\vc2\vc-27721ed0-d584-54e5-8d96-a411192695f6.mp4,1,fake,Pair1,vc2,GenVidBench,False,F:\MEngDatasets\GenVidBench\GenVidBench\Pair1\vc2\vc2\vc-27721ed0-d584-54e5-8d96-a411192695f6.mp4,1
F:\MEngDatasets\GenVidBench\GenVidBench\Pair1\pika\pika\pika-6836d5d3-0d92-5d85-a32b-b121f9ba9b04.mp4,Pair1\pika\pika\pika-6836d5d3-0d92-5d85-a32b-b121f9ba9b04.mp4,1,fake,Pair1,pika,GenVidBench,False,F:\MEngDatasets\GenVidBench\GenVidBench\Pair1\pika\pika\pika-6836d5d3-0d92-5d85-a32b-b121f9ba9b04.mp4,1
F:\MEngDatasets\GenVidBench\GenVidBench\Pair1\pika\pika\pika-27721ed0-d584-54e5-8d96-a411192695f6.mp4,Pair1\pika\pika\pika-27721ed0-d584-54e5-8d96-a411192695f6.mp4,1,fake,Pair1,pika,GenVidBench,False,F:\MEngDatasets\GenVidBench\GenVidBench\Pair1\pika\pika\pika-27721ed0-d584-54e5-8d96-a411192695f6.mp4,1
F:\MEngDatasets\GenVidBench\GenVidBench\Pair1\ms\ms\ms-ba73da46-9e5c-5739-abef-c90fe2406aea.mp4,Pair1\ms\ms\ms-ba73da46-9e5c-5739-abef-c90fe2406aea.mp4,1,fake,Pair1,ms,GenVidBench,False,F:\MEngDatasets\GenVidBench\GenVidBench\Pair1\ms\ms\ms-ba73da46-9e5c-5739-abef-c90fe2406aea.mp4,1
F:\MEngDatasets\GenVidBench\GenVidBench\Pair1\ms\ms\ms-a6aa3db8-6774-54ed-abf8-89bb1a29dc4d.mp4,Pair1\ms\ms\ms-a6aa3db8-6774-54ed-abf8-89bb1a29dc4d.mp4,1,fake,Pair1,ms,GenVidBench,False,F:\MEngDatasets\GenVidBench\GenVidBench\Pair1\ms\ms\ms-a6aa3db8-6774-54ed-abf8-89bb1a29dc4d.mp4,1
F:\MEngDatasets\GenVidBench\GenVidBench\Pair2\svd\svd\11975___a bunk bed in a room with wooden walls.mp4,Pair2\svd\svd\11975___a bunk bed in a room with wooden walls.mp4,1,fake,Pair2,svd,GenVidBench,False,F:\MEngDatasets\GenVidBench\GenVidBench\Pair2\svd\svd\11975___a bunk bed in a room with wooden walls.mp4,1
F:\MEngDatasets\GenVidBench\GenVidBench\Pair2\mora\mora\12970___a close up of a bunch of craft supplies.mp4,Pair2\mora\mora\12970___a close up of a bunch of craft supplies.mp4,1,fake,Pair2,mora,GenVidBench,False,F:\MEngDatasets\GenVidBench\GenVidBench\Pair2\mora\mora\12970___a close up of a bunch of craft supplies.mp4,1
F:\MEngDatasets\GenVidBench\GenVidBench\Pair2\musev\musev\08954___a news story about a church in north austin.mp4,Pair2\musev\musev\08954___a news story about a church in north austin.mp4,1,fake,Pair2,musev,GenVidBench,False,F:\MEngDatasets\GenVidBench\GenVidBench\Pair2\musev\musev\08954___a news story about a church in north austin.mp4,1
F:\MEngDatasets\GenVidBench\GenVidBench\Pair2\svd\svd\13818___a black leather case laying on a bed.mp4,Pair2\svd\svd\13818___a black leather case laying on a bed.mp4,1,fake,Pair2,svd,GenVidBench,False,F:\MEngDatasets\GenVidBench\GenVidBench\Pair2\svd\svd\13818___a black leather case laying on a bed.mp4,1
