video_id,path,label,label_name,source_type,task_type,generator_id,logit,prob_fake,error
50KDhKUOrqI_57_294to582.mp4,F:\MEngDatasets\AIGVDBench\videos\OpenSource\I2V\EasyAnimate\videos\50KDhKUOrqI_57_294to582.mp4,1,fake,OpenSource,I2V,OpenSource_I2V_EasyAnimate,6.963030566974562,0.9990546698668354,
bG8EwSG8Hh4_1_0to149.mp4,F:\MEngDatasets\AIGVDBench\videos\OpenSource\T2V\EasyAnimate\videos\bG8EwSG8Hh4_1_0to149.mp4,1,fake,OpenSource,T2V,OpenSource_T2V_EasyAnimate,0.2424674967722017,0.5603216351667886,
eENFTG4UQsI_3_337to522.mp4,F:\MEngDatasets\AIGVDBench\videos\OpenSource\T2V\EasyAnimate\videos\eENFTG4UQsI_3_337to522.mp4,1,fake,OpenSource,T2V,OpenSource_T2V_EasyAnimate,1.9448230950903072,0.8748810549969264,
smJlYSVS9Ds_340_112to226.mp4,F:\MEngDatasets\AIGVDBench\videos\OpenSource\T2V\AccVideo\videos\smJlYSVS9Ds_340_112to226.mp4,1,fake,OpenSource,T2V,OpenSource_T2V_AccVideo,7.389099554582075,0.999382429493778,
5Pthjtsl5fA_5_0to109.mp4,F:\MEngDatasets\AIGVDBench\videos\Real\Real\videos\5Pthjtsl5fA_5_0to109.mp4,0,real,Real,,Real,-3.407764910694656,0.0320536714097868,
4cvgTuAaMDM_1_0to181.mp4,F:\MEngDatasets\AIGVDBench\videos\OpenSource\T2V\AnimateDiff\home\lma\Benchmark\bench\opensource\T2V\AnimateDiff\videos\4cvgTuAaMDM_1_0to181.mp4,1,fake,OpenSource,T2V,OpenSource_T2V_AnimateDiff,2.093639789149165,0.8902834613192308,
HlRfdCWGMzI_22_114to219.mp4,F:\MEngDatasets\AIGVDBench\videos\OpenSource\I2V\VideoCrafter\videos\HlRfdCWGMzI_22_114to219.mp4,1,fake,OpenSource,I2V,OpenSource_I2V_VideoCrafter,10.30434262752533,0.9999665137655098,
nhskgJQ5XMU_202_0to114.mp4,F:\MEngDatasets\AIGVDBench\videos\OpenSource\I2V\EasyAnimate\videos\nhskgJQ5XMU_202_0to114.mp4,1,fake,OpenSource,I2V,OpenSource_I2V_EasyAnimate,-3.443145739788912,0.030973926783438934,
W5R52mgaBgk_13_85to215.mp4,F:\MEngDatasets\AIGVDBench\videos\OpenSource\T2V\Pyramid-Flow\videos\W5R52mgaBgk_13_85to215.mp4,1,fake,OpenSource,T2V,OpenSource_T2V_Pyramid-Flow,9.12634351280298,0.9998912492802293,
3fb8Akzz59s_21_170to294.mp4,F:\MEngDatasets\AIGVDBench\videos\Real\Real\videos\3fb8Akzz59s_21_170to294.mp4,0,real,Real,,Real,-9.093622934471057,0.0001123675561705002,
0BPQnk47p6M_2_55to191.mp4,F:\MEngDatasets\AIGVDBench\videos\OpenSource\T2V\LTX\videos\0BPQnk47p6M_2_55to191.mp4,1,fake,OpenSource,T2V,OpenSource_T2V_LTX,9.692482269916338,0.9999382578683937,
TikS17iZ8cM_57_0to383.mp4,F:\MEngDatasets\AIGVDBench\videos\Real\Real\videos\TikS17iZ8cM_57_0to383.mp4,0,real,Real,,Real,-8.826429246922386,0.00014677994909709287,
0BPQnk47p6M_2_55to191.mp4,F:\MEngDatasets\AIGVDBench\videos\OpenSource\I2V\VideoCrafter\videos\0BPQnk47p6M_2_55to191.mp4,1,fake,OpenSource,I2V,OpenSource_I2V_VideoCrafter,7.052969813346863,0.9991359105602831,
QRYsvqSzYuE_43_455to1014.mp4,F:\MEngDatasets\AIGVDBench\videos\OpenSource\V2V\Cogvideox1.5\videos\QRYsvqSzYuE_43_455to1014.mp4,1,fake,OpenSource,V2V,OpenSource_V2V_Cogvideox1.5,4.137948243593683,0.9842950267075926,
nhskgJQ5XMU_202_0to114.mp4,F:\MEngDatasets\AIGVDBench\videos\OpenSource\T2V\Wan2.1\videos\nhskgJQ5XMU_202_0to114.mp4,1,fake,OpenSource,T2V,OpenSource_T2V_Wan2.1,10.423089180463625,0.9999702630125381,
jet4_Hc5j8I_13_0to109.mp4,F:\MEngDatasets\AIGVDBench\videos\OpenSource\T2V\RepVideo\videos\jet4_Hc5j8I_13_0to109.mp4,1,fake,OpenSource,T2V,OpenSource_T2V_RepVideo,8.79909358705793,0.9998491529948077,
leGtOV0Z2lo_361_87to299.mp4,F:\MEngDatasets\AIGVDBench\videos\Real\Real\videos\leGtOV0Z2lo_361_87to299.mp4,0,real,Real,,Real,-5.338824849166171,0.004778565564716858,
7TCW9wOxAWk_48_0to214.mp4,F:\MEngDatasets\AIGVDBench\videos\OpenSource\T2V\RepVideo\videos\7TCW9wOxAWk_48_0to214.mp4,1,fake,OpenSource,T2V,OpenSource_T2V_RepVideo,10.36024724220743,0.9999683343768373,
0BPQnk47p6M_2_55to191.mp4,F:\MEngDatasets\AIGVDBench\videos\OpenSource\T2V\HunyuanVideo\videos\0BPQnk47p6M_2_55to191.mp4,1,fake,OpenSource,T2V,OpenSource_T2V_HunyuanVideo,7.509811397754785,0.999452615420504,
m3bEGpvIUVI_9_0to199.mp4,F:\MEngDatasets\AIGVDBench\videos\Real\Real\videos\m3bEGpvIUVI_9_0to199.mp4,0,real,Real,,Real,-8.821372892389345,0.00014752389030027503,
jet4_Hc5j8I_13_0to109.mp4,F:\MEngDatasets\AIGVDBench\videos\OpenSource\I2V\LTX\videos\jet4_Hc5j8I_13_0to109.mp4,1,fake,OpenSource,I2V,OpenSource_I2V_LTX,8.06866385985394,0.9996868965817645,
XvtyLeB6Fps_10_0to523.mp4,F:\MEngDatasets\AIGVDBench\videos\Real\Real\videos\XvtyLeB6Fps_10_0to523.mp4,0,real,Real,,Real,-9.62203560977343,6.62482267035766e-05,
AkvMMfpXzzc_15_0to470.mp4,F:\MEngDatasets\AIGVDBench\videos\Real\Real\videos\AkvMMfpXzzc_15_0to470.mp4,0,real,Real,,Real,-8.658977682793394,0.00017353153288007746,
o82SKvbybvY_14_104to700.mp4,F:\MEngDatasets\AIGVDBench\videos\OpenSource\I2V\LTX\videos\o82SKvbybvY_14_104to700.mp4,1,fake,OpenSource,I2V,OpenSource_I2V_LTX,10.261349249859245,0.9999650427337846,
QvMiA9c88_c_19_0to295.mp4,F:\MEngDatasets\AIGVDBench\videos\Real\Real\videos\QvMiA9c88_c_19_0to295.mp4,0,real,Real,,Real,-9.486929820755782,7.583082736994499e-05,
fXGmXiDv528_23_0to216.mp4,F:\MEngDatasets\AIGVDBench\videos\Real\Real\videos\fXGmXiDv528_23_0to216.mp4,0,real,Real,,Real,4.486850306667663,0.9888692470996194,
03vWwqYPf60_76_117to407.mp4,F:\MEngDatasets\AIGVDBench\videos\Real\Real\videos\03vWwqYPf60_76_117to407.mp4,0,real,Real,,Real,-4.620295111350906,0.009753814826636736,
0BPQnk47p6M_2_55to191.mp4,F:\MEngDatasets\AIGVDBench\videos\OpenSource\V2V\LTX\videos\0BPQnk47p6M_2_55to191.mp4,1,fake,OpenSource,V2V,OpenSource_V2V_LTX,8.598336239250338,0.999815621645033,
o82SKvbybvY_14_104to700.mp4,F:\MEngDatasets\AIGVDBench\videos\OpenSource\T2V\VideoCrafter\videos\o82SKvbybvY_14_104to700.mp4,1,fake,OpenSource,T2V,OpenSource_T2V_VideoCrafter,9.978373050689697,0.9999536096661252,
EHRI1gr4zik_3_323to481.mp4,F:\MEngDatasets\AIGVDBench\videos\OpenSource\T2V\Wan2.1\videos\EHRI1gr4zik_3_323to481.mp4,1,fake,OpenSource,T2V,OpenSource_T2V_Wan2.1,10.79620161174256,0.9999795232833132,
XD_lwLkd6ls_12_32to416.mp4,F:\MEngDatasets\AIGVDBench\videos\Real\Real\videos\XD_lwLkd6ls_12_32to416.mp4,0,real,Real,,Real,-5.143785893917084,0.005801698914283492,
tmjVEZcnVxI_21_0to144.mp4,F:\MEngDatasets\AIGVDBench\videos\Real\Real\videos\tmjVEZcnVxI_21_0to144.mp4,0,real,Real,,Real,-8.428271101580727,0.00021855132438729344,
50KDhKUOrqI_57_294to582.mp4,F:\MEngDatasets\AIGVDBench\videos\OpenSource\I2V\SVD\videos\50KDhKUOrqI_57_294to582.mp4,1,fake,OpenSource,I2V,OpenSource_I2V_SVD,9.695395410060883,0.9999384374590894,
XpzM5ZpZNzs_39_0to127.mp4,F:\MEngDatasets\AIGVDBench\videos\Real\Real\videos\XpzM5ZpZNzs_39_0to127.mp4,0,real,Real,,Real,-9.906989281571756,4.982273731453127e-05,
8eVGlETNN0M_25_0to332.mp4,F:\MEngDatasets\AIGVDBench\videos\Real\Real\videos\8eVGlETNN0M_25_0to332.mp4,0,real,Real,,Real,0.664015456453437,0.6601618273596793,
DqRGHhsKBlQ_15_0to174.mp4,F:\MEngDatasets\AIGVDBench\videos\Real\Real\videos\DqRGHhsKBlQ_15_0to174.mp4,0,real,Real,,Real,-8.886897731101376,0.00013816859587555076,
bG8EwSG8Hh4_1_0to149.mp4,F:\MEngDatasets\AIGVDBench\videos\OpenSource\T2V\AnimateDiff\home\lma\Benchmark\bench\opensource\T2V\AnimateDiff\videos\bG8EwSG8Hh4_1_0to149.mp4,1,fake,OpenSource,T2V,OpenSource_T2V_AnimateDiff,7.801325350999832,0.9995909750738308,
W5R52mgaBgk_13_85to215.mp4,F:\MEngDatasets\AIGVDBench\videos\OpenSource\I2V\SEINE\videos\W5R52mgaBgk_13_85to215.mp4,1,fake,OpenSource,I2V,OpenSource_I2V_SEINE,3.4249249678105116,0.9684744864695591,
HlRfdCWGMzI_22_114to219.mp4,F:\MEngDatasets\AIGVDBench\videos\OpenSource\T2V\VideoCrafter\videos\HlRfdCWGMzI_22_114to219.mp4,1,fake,OpenSource,T2V,OpenSource_T2V_VideoCrafter,8.929914593696594,0.999867648190098,
FKiVUq9dwpk_43_0to203.mp4,F:\MEngDatasets\AIGVDBench\videos\Real\Real\videos\FKiVUq9dwpk_43_0to203.mp4,0,real,Real,,Real,-2.1545452812052037,0.10390724699562916,
wKnfWUW27ns_3_0to416.mp4,F:\MEngDatasets\AIGVDBench\videos\Real\Real\videos\wKnfWUW27ns_3_0to416.mp4,0,real,Real,,Real,-7.186808056269701,0.0007559281165425209,
WPPARIBNRU8_25_0to170.mp4,F:\MEngDatasets\AIGVDBench\videos\Real\Real\videos\WPPARIBNRU8_25_0to170.mp4,0,real,Real,,Real,0.8882454699377857,0.7085279664955557,
bhZmvvGsTiY_8_0to185.mp4,F:\MEngDatasets\AIGVDBench\videos\Real\Real\videos\bhZmvvGsTiY_8_0to185.mp4,0,real,Real,,Real,-7.788671452290303,0.0004142314139042435,
jet4_Hc5j8I_13_0to109.mp4,F:\MEngDatasets\AIGVDBench\videos\OpenSource\V2V\Cogvideox1.5\videos\jet4_Hc5j8I_13_0to109.mp4,1,fake,OpenSource,V2V,OpenSource_V2V_Cogvideox1.5,7.312350506685218,0.9993331980822314,
7pxFZkYiZKA_6_0to115.mp4,F:\MEngDatasets\AIGVDBench\videos\Real\Real\videos\7pxFZkYiZKA_6_0to115.mp4,0,real,Real,,Real,-7.5993396676105,0.0005005313497698047,
gW8RvUtToZ0_7_18to240.mp4,F:\MEngDatasets\AIGVDBench\videos\Real\Real\videos\gW8RvUtToZ0_7_18to240.mp4,0,real,Real,,Real,-8.80849838256836,0.00014943518132025973,
jet4_Hc5j8I_13_0to109.mp4,F:\MEngDatasets\AIGVDBench\videos\OpenSource\T2V\VideoCrafter\videos\jet4_Hc5j8I_13_0to109.mp4,1,fake,OpenSource,T2V,OpenSource_T2V_VideoCrafter,8.141771882772446,0.9997089638178724,
HlRfdCWGMzI_22_114to219.mp4,F:\MEngDatasets\AIGVDBench\videos\OpenSource\I2V\SVD\videos\HlRfdCWGMzI_22_114to219.mp4,1,fake,OpenSource,I2V,OpenSource_I2V_SVD,8.96536934375763,0.9998722578902538,
enNgq6wSUkw_16_0to270.mp4,F:\MEngDatasets\AIGVDBench\videos\Real\Real\videos\enNgq6wSUkw_16_0to270.mp4,0,real,Real,,Real,-7.705400189095073,0.0004501856628753372,
bG8EwSG8Hh4_1_0to149.mp4,F:\MEngDatasets\AIGVDBench\videos\OpenSource\T2V\Open-Sora\videos\bG8EwSG8Hh4_1_0to149.mp4,1,fake,OpenSource,T2V,OpenSource_T2V_Open-Sora,-0.1576893206786465,0.4606591565937677,
02M4tj70Ju0_20_0to116.mp4,F:\MEngDatasets\AIGVDBench\videos\OpenSource\I2V\Pyramid-Flow\videos\02M4tj70Ju0_20_0to116.mp4,1,fake,OpenSource,I2V,OpenSource_I2V_Pyramid-Flow,4.071849886620982,0.9832398638947293,
Vh2cObLYHJ8_13_0to496.mp4,F:\MEngDatasets\AIGVDBench\videos\OpenSource\T2V\RepVideo\videos\Vh2cObLYHJ8_13_0to496.mp4,1,fake,OpenSource,T2V,OpenSource_T2V_RepVideo,6.755645265384596,0.9988370656739163,
MM1788iVsF8_1_0to148.mp4,F:\MEngDatasets\AIGVDBench\videos\Real\Real\videos\MM1788iVsF8_1_0to148.mp4,0,real,Real,,Real,-7.023186918851492,0.0008901883364460259,
4cvgTuAaMDM_1_0to181.mp4,F:\MEngDatasets\AIGVDBench\videos\OpenSource\I2V\SEINE\videos\4cvgTuAaMDM_1_0to181.mp4,1,fake,OpenSource,I2V,OpenSource_I2V_SEINE,2.0753484275192022,0.888483986755782,
QRYsvqSzYuE_43_455to1014.mp4,F:\MEngDatasets\AIGVDBench\videos\Real\Real\videos\QRYsvqSzYuE_43_455to1014.mp4,0,real,Real,,Real,-7.978053500882755,0.00034278869563541127,
FlGiwUwMdEo_5_0to619.mp4,F:\MEngDatasets\AIGVDBench\videos\Real\Real\videos\FlGiwUwMdEo_5_0to619.mp4,0,real,Real,,Real,-3.8729456746333626,0.020373313692006293,
90u26k64J9A_14_0to144.mp4,F:\MEngDatasets\AIGVDBench\videos\OpenSource\I2V\SVD\videos\90u26k64J9A_14_0to144.mp4,1,fake,OpenSource,I2V,OpenSource_I2V_SVD,7.976243704557419,0.9996565905781619,
smJlYSVS9Ds_340_112to226.mp4,F:\MEngDatasets\AIGVDBench\videos\Real\Real\videos\smJlYSVS9Ds_340_112to226.mp4,0,real,Real,,Real,-9.16017573366883,0.00010513336482528071,
ljIFtQKRX6I_1_0to102.mp4,F:\MEngDatasets\AIGVDBench\videos\Real\Real\videos\ljIFtQKRX6I_1_0to102.mp4,0,real,Real,,Real,-9.008558698728972,0.00012234311418257972,
02M4tj70Ju0_20_0to116.mp4,F:\MEngDatasets\AIGVDBench\videos\OpenSource\T2V\LTX\videos\02M4tj70Ju0_20_0to116.mp4,1,fake,OpenSource,T2V,OpenSource_T2V_LTX,5.193480888592828,0.9944780166157428,
D4iNNhBSODA_4_0to115.mp4,F:\MEngDatasets\AIGVDBench\videos\Real\Real\videos\D4iNNhBSODA_4_0to115.mp4,0,real,Real,,Real,-5.144155793050502,0.0057995657115617084,
2OvJnvfYp34_7_46to173.mp4,F:\MEngDatasets\AIGVDBench\videos\Real\Real\videos\2OvJnvfYp34_7_46to173.mp4,0,real,Real,,Real,-5.581265427031607,0.0037536516431375456,
90u26k64J9A_14_0to144.mp4,F:\MEngDatasets\AIGVDBench\videos\OpenSource\I2V\LTX\videos\90u26k64J9A_14_0to144.mp4,1,fake,OpenSource,I2V,OpenSource_I2V_LTX,7.074883731044069,0.9991546243424365,
Rxbcg4_nUbU_2_73to196.mp4,F:\MEngDatasets\AIGVDBench\videos\Real\Real\videos\Rxbcg4_nUbU_2_73to196.mp4,0,real,Real,,Real,-7.059645599009944,0.0008583451104556311,
Vh2cObLYHJ8_13_0to496.mp4,F:\MEngDatasets\AIGVDBench\videos\OpenSource\I2V\SVD\videos\Vh2cObLYHJ8_13_0to496.mp4,1,fake,OpenSource,I2V,OpenSource_I2V_SVD,8.131021082401276,0.9997058189920246,
90u26k64J9A_14_0to144.mp4,F:\MEngDatasets\AIGVDBench\videos\OpenSource\T2V\AnimateDiff\home\lma\Benchmark\bench\opensource\T2V\AnimateDiff\videos\90u26k64J9A_14_0to144.mp4,1,fake,OpenSource,T2V,OpenSource_T2V_AnimateDiff,4.960129842162132,0.9930368086999983,
bG8EwSG8Hh4_1_0to149.mp4,F:\MEngDatasets\AIGVDBench\videos\OpenSource\T2V\AccVideo\videos\bG8EwSG8Hh4_1_0to149.mp4,1,fake,OpenSource,T2V,OpenSource_T2V_AccVideo,8.196498639655836,0.9997244590271354,
gcgj6G8r-IQ_28_24to180.mp4,F:\MEngDatasets\AIGVDBench\videos\OpenSource\T2V\Pyramid-Flow\videos\gcgj6G8r-IQ_28_24to180.mp4,1,fake,OpenSource,T2V,OpenSource_T2V_Pyramid-Flow,-0.24066239109869753,0.4401231213215708,
MVAJfvbmNpg_8_0to104.mp4,F:\MEngDatasets\AIGVDBench\videos\Real\Real\videos\MVAJfvbmNpg_8_0to104.mp4,0,real,Real,,Real,-8.329436485583965,0.00024124977160492166,
xPcAfdYCj5k_136_0to424.mp4,F:\MEngDatasets\AIGVDBench\videos\OpenSource\I2V\LTX\videos\xPcAfdYCj5k_136_0to424.mp4,1,fake,OpenSource,I2V,OpenSource_I2V_LTX,7.233995822011208,0.9992788887935156,
68BXnGOdJ34_53_93to260.mp4,F:\MEngDatasets\AIGVDBench\videos\Real\Real\videos\68BXnGOdJ34_53_93to260.mp4,0,real,Real,,Real,-10.521653018585623,2.6945884935356e-05,
_TR4npFh6K8_83_0to438.mp4,F:\MEngDatasets\AIGVDBench\videos\Real\Real\videos\_TR4npFh6K8_83_0to438.mp4,0,real,Real,,Real,-8.40186659984937,0.00022439761277204728,
eENFTG4UQsI_3_337to522.mp4,F:\MEngDatasets\AIGVDBench\videos\OpenSource\I2V\SEINE\videos\eENFTG4UQsI_3_337to522.mp4,1,fake,OpenSource,I2V,OpenSource_I2V_SEINE,0.92867068387568,0.7168055182655939,
gcgj6G8r-IQ_28_24to180.mp4,F:\MEngDatasets\AIGVDBench\videos\OpenSource\T2V\EasyAnimate\videos\gcgj6G8r-IQ_28_24to180.mp4,1,fake,OpenSource,T2V,OpenSource_T2V_EasyAnimate,3.6383605803153953,0.9743783150390627,
jqcy6k033fI_23_0to113.mp4,F:\MEngDatasets\AIGVDBench\videos\Real\Real\videos\jqcy6k033fI_23_0to113.mp4,0,real,Real,,Real,-4.788682116924421,0.008254712020012562,
9YUwzwQ8mCY_0_778to912.mp4,F:\MEngDatasets\AIGVDBench\videos\Real\Real\videos\9YUwzwQ8mCY_0_778to912.mp4,0,real,Real,,Real,-3.499249282004559,0.02933359849777795,
o82SKvbybvY_14_104to700.mp4,F:\MEngDatasets\AIGVDBench\videos\OpenSource\T2V\AccVideo\videos\o82SKvbybvY_14_104to700.mp4,1,fake,OpenSource,T2V,OpenSource_T2V_AccVideo,9.851656306873668,0.9999473428731298,
IMGYRIBZ-gk_90_0to109.mp4,F:\MEngDatasets\AIGVDBench\videos\Real\Real\videos\IMGYRIBZ-gk_90_0to109.mp4,0,real,Real,,Real,-7.463019681633066,0.0005735912992309218,
y3vyO-025CI_3_0to339.mp4,F:\MEngDatasets\AIGVDBench\videos\OpenSource\I2V\SEINE\videos\y3vyO-025CI_3_0to339.mp4,1,fake,OpenSource,I2V,OpenSource_I2V_SEINE,3.489951739087701,0.9704005096367465,
LFMFJLMI9jU_2_19to695.mp4,F:\MEngDatasets\AIGVDBench\videos\Real\Real\videos\LFMFJLMI9jU_2_19to695.mp4,0,real,Real,,Real,-7.39263031064099,0.0006153951997770065,
Vh2cObLYHJ8_13_0to496.mp4,F:\MEngDatasets\AIGVDBench\videos\OpenSource\T2V\AnimateDiff\home\lma\Benchmark\bench\opensource\T2V\AnimateDiff\videos\Vh2cObLYHJ8_13_0to496.mp4,1,fake,OpenSource,T2V,OpenSource_T2V_AnimateDiff,5.4002984166145325,0.9955050623712518,
ifrtA4XyoXU_10_0to267.mp4,F:\MEngDatasets\AIGVDBench\videos\Real\Real\videos\ifrtA4XyoXU_10_0to267.mp4,0,real,Real,,Real,-8.45810954745223,0.00021212778663415972,
GQPjdCtGHZg_11_0to132.mp4,F:\MEngDatasets\AIGVDBench\videos\Real\Real\videos\GQPjdCtGHZg_11_0to132.mp4,0,real,Real,,Real,-10.156194437731493,3.883326738948526e-05,
klsbV5XLDc8_37_16to286.mp4,F:\MEngDatasets\AIGVDBench\videos\Real\Real\videos\klsbV5XLDc8_37_16to286.mp4,0,real,Real,,Real,-7.777043635586658,0.00041907410272846876,
o87SsbCZwFM_40_60to239.mp4,F:\MEngDatasets\AIGVDBench\videos\Real\Real\videos\o87SsbCZwFM_40_60to239.mp4,0,real,Real,,Real,-7.837654617768299,0.00039443778606763755,
QRYsvqSzYuE_43_455to1014.mp4,F:\MEngDatasets\AIGVDBench\videos\OpenSource\I2V\LTX\videos\QRYsvqSzYuE_43_455to1014.mp4,1,fake,OpenSource,I2V,OpenSource_I2V_LTX,10.22222986026686,0.9999636481773203,
QRYsvqSzYuE_43_455to1014.mp4,F:\MEngDatasets\AIGVDBench\videos\OpenSource\V2V\LTX\videos\QRYsvqSzYuE_43_455to1014.mp4,1,fake,OpenSource,V2V,OpenSource_V2V_LTX,5.169782524206201,0.9943463403974487,
y3vyO-025CI_3_0to339.mp4,F:\MEngDatasets\AIGVDBench\videos\OpenSource\T2V\Cogvideox1.5\videos\y3vyO-025CI_3_0to339.mp4,1,fake,OpenSource,T2V,OpenSource_T2V_Cogvideox1.5,4.265343124216253,0.9861475397282794,
4cvgTuAaMDM_1_0to181.mp4,F:\MEngDatasets\AIGVDBench\videos\OpenSource\T2V\HunyuanVideo\videos\4cvgTuAaMDM_1_0to181.mp4,1,fake,OpenSource,T2V,OpenSource_T2V_HunyuanVideo,2.4839925662416853,0.9230119926304782,
r8Y26Uq07Kw_0_0to167.mp4,F:\MEngDatasets\AIGVDBench\videos\Real\Real\videos\r8Y26Uq07Kw_0_0to167.mp4,0,real,Real,,Real,-8.697974881726111,0.00016689564997371642,
eCHK3-pWxIg_31_18to130.mp4,F:\MEngDatasets\AIGVDBench\videos\Real\Real\videos\eCHK3-pWxIg_31_18to130.mp4,0,real,Real,,Real,-8.533736150343339,0.0001966799342693372,
FYnm8Wwz514_10_0to103.mp4,F:\MEngDatasets\AIGVDBench\videos\Real\Real\videos\FYnm8Wwz514_10_0to103.mp4,0,real,Real,,Real,-8.376679020020568,0.00023012011030956929,
EHRI1gr4zik_3_323to481.mp4,F:\MEngDatasets\AIGVDBench\videos\OpenSource\I2V\EasyAnimate\videos\EHRI1gr4zik_3_323to481.mp4,1,fake,OpenSource,I2V,OpenSource_I2V_EasyAnimate,3.268801207445106,0.9633428617997887,
nz5H6BBlDeE_26_0to129.mp4,F:\MEngDatasets\AIGVDBench\videos\Real\Real\videos\nz5H6BBlDeE_26_0to129.mp4,0,real,Real,,Real,-2.058588612333749,0.1131874222376779,
bG8EwSG8Hh4_1_0to149.mp4,F:\MEngDatasets\AIGVDBench\videos\OpenSource\T2V\IPOC\videos\bG8EwSG8Hh4_1_0to149.mp4,1,fake,OpenSource,T2V,OpenSource_T2V_IPOC,8.553902898515974,0.999807245976417,
iGZMt8h2DUM_1_0to239.mp4,F:\MEngDatasets\AIGVDBench\videos\Real\Real\videos\iGZMt8h2DUM_1_0to239.mp4,0,real,Real,,Real,-9.1871058771301,0.00010234017725741948,
y3vyO-025CI_3_0to339.mp4,F:\MEngDatasets\AIGVDBench\videos\OpenSource\T2V\HunyuanVideo\videos\y3vyO-025CI_3_0to339.mp4,1,fake,OpenSource,T2V,OpenSource_T2V_HunyuanVideo,6.175799165453229,0.9979251701957234,
v-zRpfsZ7hc_65_0to154.mp4,F:\MEngDatasets\AIGVDBench\videos\Real\Real\videos\v-zRpfsZ7hc_65_0to154.mp4,0,real,Real,,Real,-8.273746871328973,0.00025506249450105807,
4onNa-MUai0_1_0to132.mp4,F:\MEngDatasets\AIGVDBench\videos\Real\Real\videos\4onNa-MUai0_1_0to132.mp4,0,real,Real,,Real,-5.915075200976747,0.002691194791570837,
HlRfdCWGMzI_22_114to219.mp4,F:\MEngDatasets\AIGVDBench\videos\OpenSource\T2V\Open-Sora\videos\HlRfdCWGMzI_22_114to219.mp4,1,fake,OpenSource,T2V,OpenSource_T2V_Open-Sora,5.5288684432571,0.9960452229897233,
gcgj6G8r-IQ_28_24to180.mp4,F:\MEngDatasets\AIGVDBench\videos\OpenSource\T2V\Cogvideox1.5\videos\gcgj6G8r-IQ_28_24to180.mp4,1,fake,OpenSource,T2V,OpenSource_T2V_Cogvideox1.5,3.75964905276443,0.9772382514965712,
UZ1-1DrWesQ_15_679to830.mp4,F:\MEngDatasets\AIGVDBench\videos\Real\Real\videos\UZ1-1DrWesQ_15_679to830.mp4,0,real,Real,,Real,-3.0571346521377563,0.044910447704805595,
0BPQnk47p6M_2_55to191.mp4,F:\MEngDatasets\AIGVDBench\videos\OpenSource\T2V\Wan2.1\videos\0BPQnk47p6M_2_55to191.mp4,1,fake,OpenSource,T2V,OpenSource_T2V_Wan2.1,10.360067673671393,0.9999683286903573,
Pm8YbDi80Kg_0_927to1111.mp4,F:\MEngDatasets\AIGVDBench\videos\Real\Real\videos\Pm8YbDi80Kg_0_927to1111.mp4,0,real,Real,,Real,-7.302517623257783,0.0006733864073869195,
smJlYSVS9Ds_340_112to226.mp4,F:\MEngDatasets\AIGVDBench\videos\OpenSource\I2V\VideoCrafter\videos\smJlYSVS9Ds_340_112to226.mp4,1,fake,OpenSource,I2V,OpenSource_I2V_VideoCrafter,8.63124293088913,0.9998215891208126,
vUVwNN47Uv0_7_1227to1461.mp4,F:\MEngDatasets\AIGVDBench\videos\OpenSource\I2V\VideoCrafter\videos\vUVwNN47Uv0_7_1227to1461.mp4,1,fake,OpenSource,I2V,OpenSource_I2V_VideoCrafter,7.73814682662487,0.9995643113216928,
Vh2cObLYHJ8_13_0to496.mp4,F:\MEngDatasets\AIGVDBench\videos\OpenSource\I2V\Pyramid-Flow\videos\Vh2cObLYHJ8_13_0to496.mp4,1,fake,OpenSource,I2V,OpenSource_I2V_Pyramid-Flow,4.097041934393765,0.9836499949985239,
W5R52mgaBgk_13_85to215.mp4,F:\MEngDatasets\AIGVDBench\videos\OpenSource\V2V\Cogvideox1.5\videos\W5R52mgaBgk_13_85to215.mp4,1,fake,OpenSource,V2V,OpenSource_V2V_Cogvideox1.5,-2.987069800191996,0.048013446633964646,
SzBj0CNP3pA_9_0to197.mp4,F:\MEngDatasets\AIGVDBench\videos\Real\Real\videos\SzBj0CNP3pA_9_0to197.mp4,0,real,Real,,Real,-6.028426825092529,0.0024034905349944544,
90u26k64J9A_14_0to144.mp4,F:\MEngDatasets\AIGVDBench\videos\OpenSource\T2V\VideoCrafter\videos\90u26k64J9A_14_0to144.mp4,1,fake,OpenSource,T2V,OpenSource_T2V_VideoCrafter,9.488901972770691,0.9999243185638713,
4cvgTuAaMDM_1_0to181.mp4,F:\MEngDatasets\AIGVDBench\videos\OpenSource\I2V\LTX\videos\4cvgTuAaMDM_1_0to181.mp4,1,fake,OpenSource,I2V,OpenSource_I2V_LTX,7.851822901745232,0.99961110915904,
QRYsvqSzYuE_43_455to1014.mp4,F:\MEngDatasets\AIGVDBench\videos\OpenSource\T2V\LTX\videos\QRYsvqSzYuE_43_455to1014.mp4,1,fake,OpenSource,T2V,OpenSource_T2V_LTX,4.416558682304068,0.9880683657990827,
smJlYSVS9Ds_340_112to226.mp4,F:\MEngDatasets\AIGVDBench\videos\OpenSource\V2V\LTX\videos\smJlYSVS9Ds_340_112to226.mp4,1,fake,OpenSource,V2V,OpenSource_V2V_LTX,6.465634623960573,0.998446413916594,
gcgj6G8r-IQ_28_24to180.mp4,F:\MEngDatasets\AIGVDBench\videos\OpenSource\T2V\LTX\videos\gcgj6G8r-IQ_28_24to180.mp4,1,fake,OpenSource,T2V,OpenSource_T2V_LTX,7.054559842827394,0.9991372822118819,
vNQR3ixE8AE_123_159to312.mp4,F:\MEngDatasets\AIGVDBench\videos\Real\Real\videos\vNQR3ixE8AE_123_159to312.mp4,0,real,Real,,Real,-9.022895527608467,0.00012060182553169962,
Zo80l_TCe0Q_4_560to698.mp4,F:\MEngDatasets\AIGVDBench\videos\Real\Real\videos\Zo80l_TCe0Q_4_560to698.mp4,0,real,Real,,Real,-1.478281652308109,0.18568710586732745,
1wVS8h33ttU_39_0to112.mp4,F:\MEngDatasets\AIGVDBench\videos\Real\Real\videos\1wVS8h33ttU_39_0to112.mp4,0,real,Real,,Real,-4.51254755127561,0.010851431319971341,
4cvgTuAaMDM_1_0to181.mp4,F:\MEngDatasets\AIGVDBench\videos\OpenSource\V2V\LTX\videos\4cvgTuAaMDM_1_0to181.mp4,1,fake,OpenSource,V2V,OpenSource_V2V_LTX,5.794281357405137,0.9969643255310996,
W5R52mgaBgk_13_85to215.mp4,F:\MEngDatasets\AIGVDBench\videos\OpenSource\I2V\LTX\videos\W5R52mgaBgk_13_85to215.mp4,1,fake,OpenSource,I2V,OpenSource_I2V_LTX,4.586825890200479,0.9899175552103117,
PB0z_PlnXcc_3_29to178.mp4,F:\MEngDatasets\AIGVDBench\videos\Real\Real\videos\PB0z_PlnXcc_3_29to178.mp4,0,real,Real,,Real,-6.955443708226085,0.0009525226375381433,
90u26k64J9A_14_0to144.mp4,F:\MEngDatasets\AIGVDBench\videos\OpenSource\T2V\RepVideo\videos\90u26k64J9A_14_0to144.mp4,1,fake,OpenSource,T2V,OpenSource_T2V_RepVideo,4.406503935249484,0.9879492440934435,
ehC6Qe9oXuA_9_22to155.mp4,F:\MEngDatasets\AIGVDBench\videos\Real\Real\videos\ehC6Qe9oXuA_9_22to155.mp4,0,real,Real,,Real,-2.2531436157545874,0.09507864778621322,
nhskgJQ5XMU_202_0to114.mp4,F:\MEngDatasets\AIGVDBench\videos\OpenSource\T2V\Cogvideox1.5\videos\nhskgJQ5XMU_202_0to114.mp4,1,fake,OpenSource,T2V,OpenSource_T2V_Cogvideox1.5,2.328531790863384,0.911212624185936,
Lf3oF-8fWfQ_35_0to137.mp4,F:\MEngDatasets\AIGVDBench\videos\Real\Real\videos\Lf3oF-8fWfQ_35_0to137.mp4,0,real,Real,,Real,-8.782593125844524,0.0001533563140839292,
n9vQahQYFgI_8_0to129.mp4,F:\MEngDatasets\AIGVDBench\videos\Real\Real\videos\n9vQahQYFgI_8_0to129.mp4,0,real,Real,,Real,-6.910048226977503,0.0009967152463535055,
W5R52mgaBgk_13_85to215.mp4,F:\MEngDatasets\AIGVDBench\videos\OpenSource\I2V\Pyramid-Flow\videos\W5R52mgaBgk_13_85to215.mp4,1,fake,OpenSource,I2V,OpenSource_I2V_Pyramid-Flow,-6.870097342501865,0.0010372988753417718,
7TCW9wOxAWk_48_0to214.mp4,F:\MEngDatasets\AIGVDBench\videos\OpenSource\I2V\SEINE\videos\7TCW9wOxAWk_48_0to214.mp4,1,fake,OpenSource,I2V,OpenSource_I2V_SEINE,-0.7860714495182037,0.3130128272075586,
6rWfZUMp8fA_11_0to181.mp4,F:\MEngDatasets\AIGVDBench\videos\Real\Real\videos\6rWfZUMp8fA_11_0to181.mp4,0,real,Real,,Real,-5.809910167811325,0.002988740006150226,
90u26k64J9A_14_0to144.mp4,F:\MEngDatasets\AIGVDBench\videos\OpenSource\T2V\Pyramid-Flow\videos\90u26k64J9A_14_0to144.mp4,1,fake,OpenSource,T2V,OpenSource_T2V_Pyramid-Flow,9.055686216675833,0.9998832882029723,
NWYRv_MKaA8_10_24to132.mp4,F:\MEngDatasets\AIGVDBench\videos\OpenSource\T2V\LTX\videos\NWYRv_MKaA8_10_24to132.mp4,1,fake,OpenSource,T2V,OpenSource_T2V_LTX,5.1110444010533005,0.9940063582309011,
jet4_Hc5j8I_13_0to109.mp4,F:\MEngDatasets\AIGVDBench\videos\OpenSource\I2V\SEINE\videos\jet4_Hc5j8I_13_0to109.mp4,1,fake,OpenSource,I2V,OpenSource_I2V_SEINE,6.797657087445259,0.998884857246737,
jet4_Hc5j8I_13_0to109.mp4,F:\MEngDatasets\AIGVDBench\videos\OpenSource\T2V\Open-Sora\videos\jet4_Hc5j8I_13_0to109.mp4,1,fake,OpenSource,T2V,OpenSource_T2V_Open-Sora,3.276914928410504,0.9636283101219157,
RsW5mXGVSTw_33_0to117.mp4,F:\MEngDatasets\AIGVDBench\videos\Real\Real\videos\RsW5mXGVSTw_33_0to117.mp4,0,real,Real,,Real,-3.6288748261256094,0.02585956749503154,
02M4tj70Ju0_20_0to116.mp4,F:\MEngDatasets\AIGVDBench\videos\OpenSource\V2V\LTX\videos\02M4tj70Ju0_20_0to116.mp4,1,fake,OpenSource,V2V,OpenSource_V2V_LTX,3.063361986872873,0.9553559087602156,
Vh2cObLYHJ8_13_0to496.mp4,F:\MEngDatasets\AIGVDBench\videos\OpenSource\I2V\LTX\videos\Vh2cObLYHJ8_13_0to496.mp4,1,fake,OpenSource,I2V,OpenSource_I2V_LTX,9.505347855237066,0.9999255529411809,
zHrMHdpfL-k_3_0to922.mp4,F:\MEngDatasets\AIGVDBench\videos\Real\Real\videos\zHrMHdpfL-k_3_0to922.mp4,0,real,Real,,Real,-9.648902483267936,6.449215448178438e-05,
_icmM8z-QeM_16_0to230.mp4,F:\MEngDatasets\AIGVDBench\videos\Real\Real\videos\_icmM8z-QeM_16_0to230.mp4,0,real,Real,,Real,-9.701328523991782,6.119838704595691e-05,
0udRm5E8Ft0_1_0to136.mp4,F:\MEngDatasets\AIGVDBench\videos\Real\Real\videos\0udRm5E8Ft0_1_0to136.mp4,0,real,Real,,Real,-5.47726302988389,0.004163350703007855,
ZF44B91CSwU_10_20to167.mp4,F:\MEngDatasets\AIGVDBench\videos\Real\Real\videos\ZF44B91CSwU_10_20to167.mp4,0,real,Real,,Real,-3.4962547508923945,0.029418982475391584,
xrmweOOHFvc_23_0to1140.mp4,F:\MEngDatasets\AIGVDBench\videos\Real\Real\videos\xrmweOOHFvc_23_0to1140.mp4,0,real,Real,,Real,-4.358267234761182,0.012638765653552072,
loOVcFRvCeE_32_45to195.mp4,F:\MEngDatasets\AIGVDBench\videos\Real\Real\videos\loOVcFRvCeE_32_45to195.mp4,0,real,Real,,Real,-10.184694378875022,3.774218506778558e-05,
9j-LJj-OUDU_1_0to440.mp4,F:\MEngDatasets\AIGVDBench\videos\Real\Real\videos\9j-LJj-OUDU_1_0to440.mp4,0,real,Real,,Real,-9.384635679288344,8.399782262070702e-05,
50KDhKUOrqI_57_294to582.mp4,F:\MEngDatasets\AIGVDBench\videos\OpenSource\T2V\Cogvideox1.5\videos\50KDhKUOrqI_57_294to582.mp4,1,fake,OpenSource,T2V,OpenSource_T2V_Cogvideox1.5,6.173270196625681,0.9979199273035804,
F1JDI5MSpjE_13_0to188.mp4,F:\MEngDatasets\AIGVDBench\videos\Real\Real\videos\F1JDI5MSpjE_13_0to188.mp4,0,real,Real,,Real,-3.748823624342046,0.02300379367478922,
xPcAfdYCj5k_136_0to424.mp4,F:\MEngDatasets\AIGVDBench\videos\OpenSource\T2V\RepVideo\videos\xPcAfdYCj5k_136_0to424.mp4,1,fake,OpenSource,T2V,OpenSource_T2V_RepVideo,10.187783358048419,0.9999623742154972,
y3vyO-025CI_3_0to339.mp4,F:\MEngDatasets\AIGVDBench\videos\OpenSource\T2V\VideoCrafter\videos\y3vyO-025CI_3_0to339.mp4,1,fake,OpenSource,T2V,OpenSource_T2V_VideoCrafter,9.039783418178558,0.9998814175439434,
smJlYSVS9Ds_340_112to226.mp4,F:\MEngDatasets\AIGVDBench\videos\OpenSource\T2V\LTX\videos\smJlYSVS9Ds_340_112to226.mp4,1,fake,OpenSource,T2V,OpenSource_T2V_LTX,9.576526484538599,0.9999306674329745,
2F3iNVTXozM_35_0to624.mp4,F:\MEngDatasets\AIGVDBench\videos\Real\Real\videos\2F3iNVTXozM_35_0to624.mp4,0,real,Real,,Real,-8.235489103274467,0.0002650070455260915,
EHRI1gr4zik_3_323to481.mp4,F:\MEngDatasets\AIGVDBench\videos\OpenSource\T2V\LTX\videos\EHRI1gr4zik_3_323to481.mp4,1,fake,OpenSource,T2V,OpenSource_T2V_LTX,9.929098153851696,0.999951266646641,
bVl9O8Qo3ug_72_0to139.mp4,F:\MEngDatasets\AIGVDBench\videos\Real\Real\videos\bVl9O8Qo3ug_72_0to139.mp4,0,real,Real,,Real,-7.213517014500049,0.000736019970724883,
xPcAfdYCj5k_136_0to424.mp4,F:\MEngDatasets\AIGVDBench\videos\OpenSource\I2V\VideoCrafter\videos\xPcAfdYCj5k_136_0to424.mp4,1,fake,OpenSource,I2V,OpenSource_I2V_VideoCrafter,7.203654080629349,0.9992566902185309,
LXwI6j6eYRc_375_0to109.mp4,F:\MEngDatasets\AIGVDBench\videos\Real\Real\videos\LXwI6j6eYRc_375_0to109.mp4,0,real,Real,,Real,-3.1519217240889,0.04101562366196611,
o82SKvbybvY_14_104to700.mp4,F:\MEngDatasets\AIGVDBench\videos\OpenSource\V2V\LTX\videos\o82SKvbybvY_14_104to700.mp4,1,fake,OpenSource,V2V,OpenSource_V2V_LTX,9.2274217216336,0.999901703292244,
9iTPbbb8Rkw_67_156to400.mp4,F:\MEngDatasets\AIGVDBench\videos\Real\Real\videos\9iTPbbb8Rkw_67_156to400.mp4,0,real,Real,,Real,-9.957812980686068,4.73539492766427e-05,
gcgj6G8r-IQ_28_24to180.mp4,F:\MEngDatasets\AIGVDBench\videos\OpenSource\T2V\Wan2.1\videos\gcgj6G8r-IQ_28_24to180.mp4,1,fake,OpenSource,T2V,OpenSource_T2V_Wan2.1,9.19934492788197,0.9998989046096954,
01ECJXvPQlQ_70_0to556.mp4,F:\MEngDatasets\AIGVDBench\videos\Real\Real\videos\01ECJXvPQlQ_70_0to556.mp4,0,real,Real,,Real,-5.931366449678055,0.002647822212193444,
5Z5BRmlwpAc_88_0to121.mp4,F:\MEngDatasets\AIGVDBench\videos\Real\Real\videos\5Z5BRmlwpAc_88_0to121.mp4,0,real,Real,,Real,-1.7868700082600117,0.14345689848348167,
EHRI1gr4zik_3_323to481.mp4,F:\MEngDatasets\AIGVDBench\videos\OpenSource\T2V\AnimateDiff\home\lma\Benchmark\bench\opensource\T2V\AnimateDiff\videos\EHRI1gr4zik_3_323to481.mp4,1,fake,OpenSource,T2V,OpenSource_T2V_AnimateDiff,-1.3509464738890529,0.20571567797935358,
cclTlIvBJCI_53_49to264.mp4,F:\MEngDatasets\AIGVDBench\videos\Real\Real\videos\cclTlIvBJCI_53_49to264.mp4,0,real,Real,,Real,-5.965778573272154,0.002558484121516624,
W5R52mgaBgk_13_85to215.mp4,F:\MEngDatasets\AIGVDBench\videos\OpenSource\T2V\RepVideo\videos\W5R52mgaBgk_13_85to215.mp4,1,fake,OpenSource,T2V,OpenSource_T2V_RepVideo,10.04017179839465,0.9999563896220572,
02M4tj70Ju0_20_0to116.mp4,F:\MEngDatasets\AIGVDBench\videos\OpenSource\I2V\SEINE\videos\02M4tj70Ju0_20_0to116.mp4,1,fake,OpenSource,I2V,OpenSource_I2V_SEINE,0.3224945515394211,0.5799320728848962,
90u26k64J9A_14_0to144.mp4,F:\MEngDatasets\AIGVDBench\videos\OpenSource\T2V\HunyuanVideo\videos\90u26k64J9A_14_0to144.mp4,1,fake,OpenSource,T2V,OpenSource_T2V_HunyuanVideo,7.384817253459584,0.9993797808440414,
jet4_Hc5j8I_13_0to109.mp4,F:\MEngDatasets\AIGVDBench\videos\OpenSource\I2V\VideoCrafter\videos\jet4_Hc5j8I_13_0to109.mp4,1,fake,OpenSource,I2V,OpenSource_I2V_VideoCrafter,7.08429092168808,0.9991625330347536,
NWYRv_MKaA8_10_24to132.mp4,F:\MEngDatasets\AIGVDBench\videos\OpenSource\T2V\AccVideo\videos\NWYRv_MKaA8_10_24to132.mp4,1,fake,OpenSource,T2V,OpenSource_T2V_AccVideo,7.6276728023182265,0.9995134444482285,
eENFTG4UQsI_3_337to522.mp4,F:\MEngDatasets\AIGVDBench\videos\OpenSource\T2V\Pyramid-Flow\videos\eENFTG4UQsI_3_337to522.mp4,1,fake,OpenSource,T2V,OpenSource_T2V_Pyramid-Flow,9.184746694029048,0.9998974181232986,
xPcAfdYCj5k_136_0to424.mp4,F:\MEngDatasets\AIGVDBench\videos\OpenSource\T2V\AccVideo\videos\xPcAfdYCj5k_136_0to424.mp4,1,fake,OpenSource,T2V,OpenSource_T2V_AccVideo,6.93839844790372,0.9990311180687809,
vRCA5Rf-Isc_1_0to109.mp4,F:\MEngDatasets\AIGVDBench\videos\Real\Real\videos\vRCA5Rf-Isc_1_0to109.mp4,0,real,Real,,Real,-5.936152404874837,0.0026352134446519086,
y3vyO-025CI_3_0to339.mp4,F:\MEngDatasets\AIGVDBench\videos\OpenSource\T2V\AnimateDiff\home\lma\Benchmark\bench\opensource\T2V\AnimateDiff\videos\y3vyO-025CI_3_0to339.mp4,1,fake,OpenSource,T2V,OpenSource_T2V_AnimateDiff,5.591020569205284,0.99628265227982,
L58nCKZFfwM_15_0to221.mp4,F:\MEngDatasets\AIGVDBench\videos\Real\Real\videos\L58nCKZFfwM_15_0to221.mp4,0,real,Real,,Real,-7.987213044144989,0.0003396643050610682,
68hpMUdn5ZE_0_0to115.mp4,F:\MEngDatasets\AIGVDBench\videos\Real\Real\videos\68hpMUdn5ZE_0_0to115.mp4,0,real,Real,,Real,-9.041208632096,0.00011841359106539339,
TUWLm9fR2qY_17_0to102.mp4,F:\MEngDatasets\AIGVDBench\videos\Real\Real\videos\TUWLm9fR2qY_17_0to102.mp4,0,real,Real,,Real,-4.269921302206486,0.013790058746762911,
FVvUiMTYXJA_93_0to109.mp4,F:\MEngDatasets\AIGVDBench\videos\Real\Real\videos\FVvUiMTYXJA_93_0to109.mp4,0,real,Real,,Real,-3.48822400971837,0.02964915690971114,
_t3Y3Xp3-6w_18_0to134.mp4,F:\MEngDatasets\AIGVDBench\videos\Real\Real\videos\_t3Y3Xp3-6w_18_0to134.mp4,0,real,Real,,Real,-5.329760978248582,0.004821864953700996,
y3vyO-025CI_3_0to339.mp4,F:\MEngDatasets\AIGVDBench\videos\OpenSource\V2V\LTX\videos\y3vyO-025CI_3_0to339.mp4,1,fake,OpenSource,V2V,OpenSource_V2V_LTX,10.204792081093302,0.9999630087467912,
r-DzbTILA-k_15_0to173.mp4,F:\MEngDatasets\AIGVDBench\videos\Real\Real\videos\r-DzbTILA-k_15_0to173.mp4,0,real,Real,,Real,-6.611023137443944,0.0013436470432635931,
bWfMuy56LmU_4_54to261.mp4,F:\MEngDatasets\AIGVDBench\videos\Real\Real\videos\bWfMuy56LmU_4_54to261.mp4,0,real,Real,,Real,-9.981122683453304,4.626295859179233e-05,
XdQO4o-tdBI_8_29to266.mp4,F:\MEngDatasets\AIGVDBench\videos\Real\Real\videos\XdQO4o-tdBI_8_29to266.mp4,0,real,Real,,Real,-8.035974771888167,0.0003235042429093672,
RiwfiO6Wh1I_4_0to117.mp4,F:\MEngDatasets\AIGVDBench\videos\Real\Real\videos\RiwfiO6Wh1I_4_0to117.mp4,0,real,Real,,Real,-3.161157273583942,0.040653894563558335,
o82SKvbybvY_14_104to700.mp4,F:\MEngDatasets\AIGVDBench\videos\OpenSource\T2V\LTX\videos\o82SKvbybvY_14_104to700.mp4,1,fake,OpenSource,T2V,OpenSource_T2V_LTX,10.73268884481843,0.9999781805910283,
o82SKvbybvY_14_104to700.mp4,F:\MEngDatasets\AIGVDBench\videos\OpenSource\T2V\AnimateDiff\home\lma\Benchmark\bench\opensource\T2V\AnimateDiff\videos\o82SKvbybvY_14_104to700.mp4,1,fake,OpenSource,T2V,OpenSource_T2V_AnimateDiff,0.6151204090856481,0.6491079499313885,
OXDxv3c5j1w_10_118to897.mp4,F:\MEngDatasets\AIGVDBench\videos\Real\Real\videos\OXDxv3c5j1w_10_118to897.mp4,0,real,Real,,Real,-0.2149259174874952,0.44647440515879555,
02M4tj70Ju0_20_0to116.mp4,F:\MEngDatasets\AIGVDBench\videos\OpenSource\T2V\AccVideo\videos\02M4tj70Ju0_20_0to116.mp4,1,fake,OpenSource,T2V,OpenSource_T2V_AccVideo,6.785567139134263,0.9988713087100013,
Kx0UQf8-4Uc_7_0to195.mp4,F:\MEngDatasets\AIGVDBench\videos\Real\Real\videos\Kx0UQf8-4Uc_7_0to195.mp4,0,real,Real,,Real,-2.0102607693427648,0.11812980941662879,
HlRfdCWGMzI_22_114to219.mp4,F:\MEngDatasets\AIGVDBench\videos\OpenSource\I2V\LTX\videos\HlRfdCWGMzI_22_114to219.mp4,1,fake,OpenSource,I2V,OpenSource_I2V_LTX,10.134539643112493,0.999960316668791,
02M4tj70Ju0_20_0to116.mp4,F:\MEngDatasets\AIGVDBench\videos\OpenSource\T2V\Open-Sora\videos\02M4tj70Ju0_20_0to116.mp4,1,fake,OpenSource,T2V,OpenSource_T2V_Open-Sora,0.8406361667942759,0.6985991831634454,
nHoa0XBBQfA_5_0to185.mp4,F:\MEngDatasets\AIGVDBench\videos\Real\Real\videos\nHoa0XBBQfA_5_0to185.mp4,0,real,Real,,Real,-2.400018491293933,0.08317128645118925,
5vTxKv9YCzA_85_58to274.mp4,F:\MEngDatasets\AIGVDBench\videos\Real\Real\videos\5vTxKv9YCzA_85_58to274.mp4,0,real,Real,,Real,-6.800866839824579,0.001111573131712197,
d7ifb-aEW7Q_56_0to140.mp4,F:\MEngDatasets\AIGVDBench\videos\Real\Real\videos\d7ifb-aEW7Q_56_0to140.mp4,0,real,Real,,Real,-7.824596231324332,0.0003996202121928123,
90u26k64J9A_14_0to144.mp4,F:\MEngDatasets\AIGVDBench\videos\OpenSource\T2V\Wan2.1\videos\90u26k64J9A_14_0to144.mp4,1,fake,OpenSource,T2V,OpenSource_T2V_Wan2.1,10.72385134520354,0.9999779869116946,
jet4_Hc5j8I_13_0to109.mp4,F:\MEngDatasets\AIGVDBench\videos\OpenSource\T2V\EasyAnimate\videos\jet4_Hc5j8I_13_0to109.mp4,1,fake,OpenSource,T2V,OpenSource_T2V_EasyAnimate,5.449527011842144,0.9957200593557466,
QRYsvqSzYuE_43_455to1014.mp4,F:\MEngDatasets\AIGVDBench\videos\OpenSource\T2V\Wan2.1\videos\QRYsvqSzYuE_43_455to1014.mp4,1,fake,OpenSource,T2V,OpenSource_T2V_Wan2.1,8.514914159421567,0.9997995838484931,
Vh2cObLYHJ8_13_0to496.mp4,F:\MEngDatasets\AIGVDBench\videos\OpenSource\T2V\Open-Sora\videos\Vh2cObLYHJ8_13_0to496.mp4,1,fake,OpenSource,T2V,OpenSource_T2V_Open-Sora,-1.5958816338632558,0.1685580006537671,
jty7y2KedUE_23_0to259.mp4,F:\MEngDatasets\AIGVDBench\videos\OpenSource\T2V\AccVideo\videos\jty7y2KedUE_23_0to259.mp4,1,fake,OpenSource,T2V,OpenSource_T2V_AccVideo,-2.2136159927556007,0.09853441463380974,
4HLv8_TO5IE_13_0to174.mp4,F:\MEngDatasets\AIGVDBench\videos\Real\Real\videos\4HLv8_TO5IE_13_0to174.mp4,0,real,Real,,Real,-4.807144946836192,0.008104928875615952,
r8u-6wQdM-A_26_0to234.mp4,F:\MEngDatasets\AIGVDBench\videos\Real\Real\videos\r8u-6wQdM-A_26_0to234.mp4,0,real,Real,,Real,-5.066863632989793,0.006262686625721931,
dgAFkFpHtFU_31_0to127.mp4,F:\MEngDatasets\AIGVDBench\videos\Real\Real\videos\dgAFkFpHtFU_31_0to127.mp4,0,real,Real,,Real,-8.863803086318368,0.00014139622636145493,
oTZsxZFAp70_2_133to366.mp4,F:\MEngDatasets\AIGVDBench\videos\Real\Real\videos\oTZsxZFAp70_2_133to366.mp4,0,real,Real,,Real,-6.056210791164974,0.0023377851540482054,
Am7nVGuKnS4_2_0to168.mp4,F:\MEngDatasets\AIGVDBench\videos\Real\Real\videos\Am7nVGuKnS4_2_0to168.mp4,0,real,Real,,Real,-8.692515211800734,0.000167809183754877,
nhskgJQ5XMU_202_0to114.mp4,F:\MEngDatasets\AIGVDBench\videos\OpenSource\I2V\SVD\videos\nhskgJQ5XMU_202_0to114.mp4,1,fake,OpenSource,I2V,OpenSource_I2V_SVD,5.0860892459750175,0.9938558346092009,
ssZ-df_jhQ0_44_0to157.mp4,F:\MEngDatasets\AIGVDBench\videos\Real\Real\videos\ssZ-df_jhQ0_44_0to157.mp4,0,real,Real,,Real,-6.9434508639536086,0.0009640037891641398,
hzudjZ1dC7U_10_0to620.mp4,F:\MEngDatasets\AIGVDBench\videos\Real\Real\videos\hzudjZ1dC7U_10_0to620.mp4,0,real,Real,,Real,-7.9594594982362565,0.0003492198892111458,
smJlYSVS9Ds_340_112to226.mp4,F:\MEngDatasets\AIGVDBench\videos\OpenSource\I2V\LTX\videos\smJlYSVS9Ds_340_112to226.mp4,1,fake,OpenSource,I2V,OpenSource_I2V_LTX,4.581246454496773,0.9898617155484541,
02M4tj70Ju0_20_0to116.mp4,F:\MEngDatasets\AIGVDBench\videos\OpenSource\T2V\AnimateDiff\home\lma\Benchmark\bench\opensource\T2V\AnimateDiff\videos\02M4tj70Ju0_20_0to116.mp4,1,fake,OpenSource,T2V,OpenSource_T2V_AnimateDiff,7.238133907318115,0.9992818645091444,
r03AuoH00eM_5_399to542.mp4,F:\MEngDatasets\AIGVDBench\videos\OpenSource\I2V\Pyramid-Flow\videos\r03AuoH00eM_5_399to542.mp4,1,fake,OpenSource,I2V,OpenSource_I2V_Pyramid-Flow,4.644153327754374,0.9904739491788251,
0BPQnk47p6M_2_55to191.mp4,F:\MEngDatasets\AIGVDBench\videos\OpenSource\T2V\Open-Sora\videos\0BPQnk47p6M_2_55to191.mp4,1,fake,OpenSource,T2V,OpenSource_T2V_Open-Sora,0.3446165717936851,0.5853115057340195,
50KDhKUOrqI_57_294to582.mp4,F:\MEngDatasets\AIGVDBench\videos\OpenSource\I2V\SEINE\videos\50KDhKUOrqI_57_294to582.mp4,1,fake,OpenSource,I2V,OpenSource_I2V_SEINE,5.757299393415451,0.996850318824132,
Jgegx5BH5xM_41_0to121.mp4,F:\MEngDatasets\AIGVDBench\videos\Real\Real\videos\Jgegx5BH5xM_41_0to121.mp4,0,real,Real,,Real,-6.718454698885768,0.0012069456420399551,
xPcAfdYCj5k_136_0to424.mp4,F:\MEngDatasets\AIGVDBench\videos\OpenSource\T2V\VideoCrafter\videos\xPcAfdYCj5k_136_0to424.mp4,1,fake,OpenSource,T2V,OpenSource_T2V_VideoCrafter,9.666876316070557,0.9999366565887092,
dXQSmGV-y4I_2_0to132.mp4,F:\MEngDatasets\AIGVDBench\videos\Real\Real\videos\dXQSmGV-y4I_2_0to132.mp4,0,real,Real,,Real,-8.570144534111023,0.00018964925818063368,
jet4_Hc5j8I_13_0to109.mp4,F:\MEngDatasets\AIGVDBench\videos\OpenSource\T2V\LTX\videos\jet4_Hc5j8I_13_0to109.mp4,1,fake,OpenSource,T2V,OpenSource_T2V_LTX,8.574671064455485,0.999811207093259,
HNad9oDp0uY_230_0to141.mp4,F:\MEngDatasets\AIGVDBench\videos\Real\Real\videos\HNad9oDp0uY_230_0to141.mp4,0,real,Real,,Real,-6.75209208879065,0.0011670689558378581,
IFLdH8tEzF0_0_0to813.mp4,F:\MEngDatasets\AIGVDBench\videos\Real\Real\videos\IFLdH8tEzF0_0_0to813.mp4,0,real,Real,,Real,-7.757674209892676,0.0004272669484135077,
NWYRv_MKaA8_10_24to132.mp4,F:\MEngDatasets\AIGVDBench\videos\OpenSource\T2V\Wan2.1\videos\NWYRv_MKaA8_10_24to132.mp4,1,fake,OpenSource,T2V,OpenSource_T2V_Wan2.1,9.942367659674751,0.9999519090116993,
o82SKvbybvY_14_104to700.mp4,F:\MEngDatasets\AIGVDBench\videos\OpenSource\T2V\Open-Sora\videos\o82SKvbybvY_14_104to700.mp4,1,fake,OpenSource,T2V,OpenSource_T2V_Open-Sora,-1.5110508505557034,0.1807831093690979,
guL5esGDFbk_11_0to163.mp4,F:\MEngDatasets\AIGVDBench\videos\OpenSource\T2V\AccVideo\videos\guL5esGDFbk_11_0to163.mp4,1,fake,OpenSource,T2V,OpenSource_T2V_AccVideo,9.623741178801566,0.9999338646604515,
GyhPEjXw1yA_5_0to107.mp4,F:\MEngDatasets\AIGVDBench\videos\Real\Real\videos\GyhPEjXw1yA_5_0to107.mp4,0,real,Real,,Real,-6.816195349360621,0.0010946828068681442,
y3vyO-025CI_3_0to339.mp4,F:\MEngDatasets\AIGVDBench\videos\OpenSource\T2V\AccVideo\videos\y3vyO-025CI_3_0to339.mp4,1,fake,OpenSource,T2V,OpenSource_T2V_AccVideo,7.36952323624582,0.9993702283132976,
V_9LGoLDPyY_10_0to595.mp4,F:\MEngDatasets\AIGVDBench\videos\Real\Real\videos\V_9LGoLDPyY_10_0to595.mp4,0,real,Real,,Real,-5.026307102487477,0.006520210214179844,
r03AuoH00eM_5_399to542.mp4,F:\MEngDatasets\AIGVDBench\videos\OpenSource\T2V\VideoCrafter\videos\r03AuoH00eM_5_399to542.mp4,1,fake,OpenSource,T2V,OpenSource_T2V_VideoCrafter,8.774057239294052,0.9998453292543479,
7TCW9wOxAWk_48_0to214.mp4,F:\MEngDatasets\AIGVDBench\videos\OpenSource\T2V\Cogvideox1.5\videos\7TCW9wOxAWk_48_0to214.mp4,1,fake,OpenSource,T2V,OpenSource_T2V_Cogvideox1.5,6.950845675034956,0.9990430917478855,
b8SNtHukYiA_7_0to231.mp4,F:\MEngDatasets\AIGVDBench\videos\Real\Real\videos\b8SNtHukYiA_7_0to231.mp4,0,real,Real,,Real,-2.0775687397171407,0.11129621396469609,
W5R52mgaBgk_13_85to215.mp4,F:\MEngDatasets\AIGVDBench\videos\OpenSource\T2V\EasyAnimate\videos\W5R52mgaBgk_13_85to215.mp4,1,fake,OpenSource,T2V,OpenSource_T2V_EasyAnimate,1.5264014294561075,0.8214791901565419,
NWYRv_MKaA8_10_24to132.mp4,F:\MEngDatasets\AIGVDBench\videos\OpenSource\V2V\LTX\videos\NWYRv_MKaA8_10_24to132.mp4,1,fake,OpenSource,V2V,OpenSource_V2V_LTX,5.992164113083664,0.9975079740114949,
LtXvZgnorTs_56_0to104.mp4,F:\MEngDatasets\AIGVDBench\videos\Real\Real\videos\LtXvZgnorTs_56_0to104.mp4,0,real,Real,,Real,-7.9333271859930115,0.00035846278421281164,
50KDhKUOrqI_57_294to582.mp4,F:\MEngDatasets\AIGVDBench\videos\OpenSource\T2V\RepVideo\videos\50KDhKUOrqI_57_294to582.mp4,1,fake,OpenSource,T2V,OpenSource_T2V_RepVideo,9.563410291866381,0.9999297521280127,
o82SKvbybvY_14_104to700.mp4,F:\MEngDatasets\AIGVDBench\videos\Real\Real\videos\o82SKvbybvY_14_104to700.mp4,0,real,Real,,Real,-7.834013110036436,0.00039587618307669744,
vUVwNN47Uv0_7_1227to1461.mp4,F:\MEngDatasets\AIGVDBench\videos\OpenSource\I2V\LTX\videos\vUVwNN47Uv0_7_1227to1461.mp4,1,fake,OpenSource,I2V,OpenSource_I2V_LTX,8.172735329793424,0.999717834713079,
F_uI_R233XI_28_104to333.mp4,F:\MEngDatasets\AIGVDBench\videos\Real\Real\videos\F_uI_R233XI_28_104to333.mp4,0,real,Real,,Real,-8.88856164079446,0.00013793891865582648,
Vh2cObLYHJ8_13_0to496.mp4,F:\MEngDatasets\AIGVDBench\videos\OpenSource\T2V\VideoCrafter\videos\Vh2cObLYHJ8_13_0to496.mp4,1,fake,OpenSource,T2V,OpenSource_T2V_VideoCrafter,9.97651195526123,0.9999535232529131,
0BPQnk47p6M_2_55to191.mp4,F:\MEngDatasets\AIGVDBench\videos\OpenSource\I2V\LTX\videos\0BPQnk47p6M_2_55to191.mp4,1,fake,OpenSource,I2V,OpenSource_I2V_LTX,8.618880072418523,0.9998193701627026,
aIGHTfekBqE_169_0to103.mp4,F:\MEngDatasets\AIGVDBench\videos\Real\Real\videos\aIGHTfekBqE_169_0to103.mp4,0,real,Real,,Real,-7.024201703303069,0.0008892862482892507,
vUVwNN47Uv0_7_1227to1461.mp4,F:\MEngDatasets\AIGVDBench\videos\OpenSource\V2V\LTX\videos\vUVwNN47Uv0_7_1227to1461.mp4,1,fake,OpenSource,V2V,OpenSource_V2V_LTX,6.207738734021479,0.9979902611587873,
2MhlyrpXayw_82_245to468.mp4,F:\MEngDatasets\AIGVDBench\videos\Real\Real\videos\2MhlyrpXayw_82_245to468.mp4,0,real,Real,,Real,-8.815782414804591,0.0001483508062268151,
NWYRv_MKaA8_10_24to132.mp4,F:\MEngDatasets\AIGVDBench\videos\OpenSource\I2V\SEINE\videos\NWYRv_MKaA8_10_24to132.mp4,1,fake,OpenSource,I2V,OpenSource_I2V_SEINE,2.4997733840718865,0.9241259318329099,
YVxnWyjgdrU_1_0to104.mp4,F:\MEngDatasets\AIGVDBench\videos\Real\Real\videos\YVxnWyjgdrU_1_0to104.mp4,0,real,Real,,Real,-8.421826601028442,0.00021996401586501398,
Mkioc1jHbfE_0_0to242.mp4,F:\MEngDatasets\AIGVDBench\videos\Real\Real\videos\Mkioc1jHbfE_0_0to242.mp4,0,real,Real,,Real,-4.074857873118614,0.0167106387776751,
OcPIcSqetew_4_33to275.mp4,F:\MEngDatasets\AIGVDBench\videos\Real\Real\videos\OcPIcSqetew_4_33to275.mp4,0,real,Real,,Real,-3.135998437307539,0.041646537479215776,
nhskgJQ5XMU_202_0to114.mp4,F:\MEngDatasets\AIGVDBench\videos\OpenSource\V2V\Cogvideox1.5\videos\nhskgJQ5XMU_202_0to114.mp4,1,fake,OpenSource,V2V,OpenSource_V2V_Cogvideox1.5,6.336810958628752,0.9982331894937698,
pmUgNlHem8A_11_0to133.mp4,F:\MEngDatasets\AIGVDBench\videos\Real\Real\videos\pmUgNlHem8A_11_0to133.mp4,0,real,Real,,Real,-4.961435432048669,0.006954169339489155,
gUeQlJzk1KI_18_0to182.mp4,F:\MEngDatasets\AIGVDBench\videos\Real\Real\videos\gUeQlJzk1KI_18_0to182.mp4,0,real,Real,,Real,-9.128946233239974,0.00010846807073918646,
4cvgTuAaMDM_1_0to181.mp4,F:\MEngDatasets\AIGVDBench\videos\Real\Real\videos\4cvgTuAaMDM_1_0to181.mp4,0,real,Real,,Real,-5.091429714998488,0.006111640132790949,
PHbEXJGZBEA_4_0to299.mp4,F:\MEngDatasets\AIGVDBench\videos\Real\Real\videos\PHbEXJGZBEA_4_0to299.mp4,0,real,Real,,Real,-6.817120052899007,0.0010936721242434744,
y3vyO-025CI_3_0to339.mp4,F:\MEngDatasets\AIGVDBench\videos\OpenSource\I2V\EasyAnimate\videos\y3vyO-025CI_3_0to339.mp4,1,fake,OpenSource,I2V,OpenSource_I2V_EasyAnimate,1.1176375381800594,0.7535502411411101,
jet4_Hc5j8I_13_0to109.mp4,F:\MEngDatasets\AIGVDBench\videos\OpenSource\T2V\IPOC\videos\jet4_Hc5j8I_13_0to109.mp4,1,fake,OpenSource,T2V,OpenSource_T2V_IPOC,8.633131815462697,0.9998219257403416,
K-yJX0ekkc4_18_0to171.mp4,F:\MEngDatasets\AIGVDBench\videos\Real\Real\videos\K-yJX0ekkc4_18_0to171.mp4,0,real,Real,,Real,-9.36692754567018,8.549838699865063e-05,
m9ZSeb0n_1g_37_0to142.mp4,F:\MEngDatasets\AIGVDBench\videos\Real\Real\videos\m9ZSeb0n_1g_37_0to142.mp4,0,real,Real,,Real,-2.7811249642514846,0.05835271065557114,
UzC6wrrVAm4_20_30to430.mp4,F:\MEngDatasets\AIGVDBench\videos\Real\Real\videos\UzC6wrrVAm4_20_30to430.mp4,0,real,Real,,Real,2.773120661058505,0.9412059135778914,
xLkHEZTSeoU_22_18to143.mp4,F:\MEngDatasets\AIGVDBench\videos\Real\Real\videos\xLkHEZTSeoU_22_18to143.mp4,0,real,Real,,Real,0.15516185015439987,0.5387128254349759,
pY5vMP2zC98_0_0to181.mp4,F:\MEngDatasets\AIGVDBench\videos\Real\Real\videos\pY5vMP2zC98_0_0to181.mp4,0,real,Real,,Real,-1.620052870589396,0.16519757881926742,
-SUfEy_6Q2k_23_96to594.mp4,F:\MEngDatasets\AIGVDBench\videos\Real\Real\videos\-SUfEy_6Q2k_23_96to594.mp4,0,real,Real,,Real,-6.2347757084689555,0.0019562344377868136,
dAoeNx2Qdh0_10_66to170.mp4,F:\MEngDatasets\AIGVDBench\videos\Real\Real\videos\dAoeNx2Qdh0_10_66to170.mp4,0,real,Real,,Real,-8.688958598906735,0.00016840697798200442,
gcgj6G8r-IQ_28_24to180.mp4,F:\MEngDatasets\AIGVDBench\videos\OpenSource\V2V\LTX\videos\gcgj6G8r-IQ_28_24to180.mp4,1,fake,OpenSource,V2V,OpenSource_V2V_LTX,-1.9319215915641006,0.12653804151368792,
y3vyO-025CI_3_0to339.mp4,F:\MEngDatasets\AIGVDBench\videos\OpenSource\T2V\IPOC\videos\y3vyO-025CI_3_0to339.mp4,1,fake,OpenSource,T2V,OpenSource_T2V_IPOC,8.408722040604571,0.9997771351291115,
vUVwNN47Uv0_7_1227to1461.mp4,F:\MEngDatasets\AIGVDBench\videos\OpenSource\T2V\RepVideo\videos\vUVwNN47Uv0_7_1227to1461.mp4,1,fake,OpenSource,T2V,OpenSource_T2V_RepVideo,10.468108274498764,0.9999715720204648,
etvI7eOGcBQ_4_0to577.mp4,F:\MEngDatasets\AIGVDBench\videos\Real\Real\videos\etvI7eOGcBQ_4_0to577.mp4,0,real,Real,,Real,-8.837288359943912,0.0001451949021444597,
q7bO_JMnLuk_28_0to136.mp4,F:\MEngDatasets\AIGVDBench\videos\Real\Real\videos\q7bO_JMnLuk_28_0to136.mp4,0,real,Real,,Real,-9.867464787819806,5.1831285675364656e-05,
vUVwNN47Uv0_7_1227to1461.mp4,F:\MEngDatasets\AIGVDBench\videos\OpenSource\I2V\EasyAnimate\videos\vUVwNN47Uv0_7_1227to1461.mp4,1,fake,OpenSource,I2V,OpenSource_I2V_EasyAnimate,5.693437414205804,0.9966433094678274,
gcgj6G8r-IQ_28_24to180.mp4,F:\MEngDatasets\AIGVDBench\videos\OpenSource\T2V\VideoCrafter\videos\gcgj6G8r-IQ_28_24to180.mp4,1,fake,OpenSource,T2V,OpenSource_T2V_VideoCrafter,7.909313768148422,0.9996328283129812,
EHRI1gr4zik_3_323to481.mp4,F:\MEngDatasets\AIGVDBench\videos\OpenSource\T2V\VideoCrafter\videos\EHRI1gr4zik_3_323to481.mp4,1,fake,OpenSource,T2V,OpenSource_T2V_VideoCrafter,9.473256409168243,0.9999231252656041,
guL5esGDFbk_11_0to163.mp4,F:\MEngDatasets\AIGVDBench\videos\Real\Real\videos\guL5esGDFbk_11_0to163.mp4,0,real,Real,,Real,-7.844752472602517,0.00039164912885587247,
jty7y2KedUE_23_0to259.mp4,F:\MEngDatasets\AIGVDBench\videos\OpenSource\T2V\EasyAnimate\videos\jty7y2KedUE_23_0to259.mp4,1,fake,OpenSource,T2V,OpenSource_T2V_EasyAnimate,3.193919743810381,0.9606048241888614,
Nd8y0oRy0e4_14_59to168.mp4,F:\MEngDatasets\AIGVDBench\videos\Real\Real\videos\Nd8y0oRy0e4_14_59to168.mp4,0,real,Real,,Real,3.39899163489992,0.9676730065370439,
t2e1xOcGpDc_47_24to178.mp4,F:\MEngDatasets\AIGVDBench\videos\Real\Real\videos\t2e1xOcGpDc_47_24to178.mp4,0,real,Real,,Real,-9.205459454902133,0.0001004791877336288,
VpmmpSW8sBA_9_352to461.mp4,F:\MEngDatasets\AIGVDBench\videos\Real\Real\videos\VpmmpSW8sBA_9_352to461.mp4,0,real,Real,,Real,-9.174246284094723,0.00010366459132157291,
DowgTXvI580_7_0to138.mp4,F:\MEngDatasets\AIGVDBench\videos\Real\Real\videos\DowgTXvI580_7_0to138.mp4,0,real,Real,,Real,-3.7332463919097543,0.023356499613307262,
xPcAfdYCj5k_136_0to424.mp4,F:\MEngDatasets\AIGVDBench\videos\OpenSource\T2V\Pyramid-Flow\videos\xPcAfdYCj5k_136_0to424.mp4,1,fake,OpenSource,T2V,OpenSource_T2V_Pyramid-Flow,6.051674084716968,0.9976516098699887,
QRYsvqSzYuE_43_455to1014.mp4,F:\MEngDatasets\AIGVDBench\videos\OpenSource\T2V\IPOC\videos\QRYsvqSzYuE_43_455to1014.mp4,1,fake,OpenSource,T2V,OpenSource_T2V_IPOC,9.591405887993014,0.9999316913531908,
bJ-ISoSXxD0_5_35to137.mp4,F:\MEngDatasets\AIGVDBench\videos\Real\Real\videos\bJ-ISoSXxD0_5_35to137.mp4,0,real,Real,,Real,-6.327071548979959,0.001784071416870264,
jty7y2KedUE_23_0to259.mp4,F:\MEngDatasets\AIGVDBench\videos\OpenSource\I2V\VideoCrafter\videos\jty7y2KedUE_23_0to259.mp4,1,fake,OpenSource,I2V,OpenSource_I2V_VideoCrafter,8.825668573379517,0.9998531083732098,
rnS-H_4fjMk_53_0to131.mp4,F:\MEngDatasets\AIGVDBench\videos\Real\Real\videos\rnS-H_4fjMk_53_0to131.mp4,0,real,Real,,Real,-6.7277466600591485,0.0011957960417674327,
dNBxy8VuvC4_17_0to108.mp4,F:\MEngDatasets\AIGVDBench\videos\Real\Real\videos\dNBxy8VuvC4_17_0to108.mp4,0,real,Real,,Real,-5.997703693378931,0.0024782934939807837,
IGOCCo_tTsQ_1_18to311.mp4,F:\MEngDatasets\AIGVDBench\videos\Real\Real\videos\IGOCCo_tTsQ_1_18to311.mp4,0,real,Real,,Real,-3.692978913841002,0.024292885742559465,
NWYRv_MKaA8_10_24to132.mp4,F:\MEngDatasets\AIGVDBench\videos\OpenSource\T2V\VideoCrafter\videos\NWYRv_MKaA8_10_24to132.mp4,1,fake,OpenSource,T2V,OpenSource_T2V_VideoCrafter,7.10889533162117,0.9991828703581156,
Gf5_NXL7ZUk_82_16to138.mp4,F:\MEngDatasets\AIGVDBench\videos\Real\Real\videos\Gf5_NXL7ZUk_82_16to138.mp4,0,real,Real,,Real,-10.11705780973529,4.0383139723151177e-05,
QRYsvqSzYuE_43_455to1014.mp4,F:\MEngDatasets\AIGVDBench\videos\OpenSource\I2V\EasyAnimate\videos\QRYsvqSzYuE_43_455to1014.mp4,1,fake,OpenSource,I2V,OpenSource_I2V_EasyAnimate,3.9061624006349214,0.9802791785007962,
W5R52mgaBgk_13_85to215.mp4,F:\MEngDatasets\AIGVDBench\videos\Real\Real\videos\W5R52mgaBgk_13_85to215.mp4,0,real,Real,,Real,-8.060681119971319,0.0003156120520956581,
6TQAiymtBQg_9_27to154.mp4,F:\MEngDatasets\AIGVDBench\videos\Real\Real\videos\6TQAiymtBQg_9_27to154.mp4,0,real,Real,,Real,4.63637394809498,0.9904002675910257,
4cvgTuAaMDM_1_0to181.mp4,F:\MEngDatasets\AIGVDBench\videos\OpenSource\I2V\SVD\videos\4cvgTuAaMDM_1_0to181.mp4,1,fake,OpenSource,I2V,OpenSource_I2V_SVD,2.033673208206892,0.8842874630196862,
ochW9SHXtso_41_0to228.mp4,F:\MEngDatasets\AIGVDBench\videos\Real\Real\videos\ochW9SHXtso_41_0to228.mp4,0,real,Real,,Real,-6.288291050676714,0.0018544868364938126,
7TCW9wOxAWk_48_0to214.mp4,F:\MEngDatasets\AIGVDBench\videos\OpenSource\T2V\IPOC\videos\7TCW9wOxAWk_48_0to214.mp4,1,fake,OpenSource,T2V,OpenSource_T2V_IPOC,9.997132982526507,0.9999544717939902,
bG8EwSG8Hh4_1_0to149.mp4,F:\MEngDatasets\AIGVDBench\videos\OpenSource\I2V\SEINE\videos\bG8EwSG8Hh4_1_0to149.mp4,1,fake,OpenSource,I2V,OpenSource_I2V_SEINE,4.528551084920764,0.9893190076016755,
EHRI1gr4zik_3_323to481.mp4,F:\MEngDatasets\AIGVDBench\videos\OpenSource\T2V\IPOC\videos\EHRI1gr4zik_3_323to481.mp4,1,fake,OpenSource,T2V,OpenSource_T2V_IPOC,9.795171182982775,0.9999442830919503,
dUDS7EiZf7k_21_143to343.mp4,F:\MEngDatasets\AIGVDBench\videos\Real\Real\videos\dUDS7EiZf7k_21_143to343.mp4,0,real,Real,,Real,-3.6399699149851026,0.02558153823417497,
XX2qUA41HME_42_0to183.mp4,F:\MEngDatasets\AIGVDBench\videos\Real\Real\videos\XX2qUA41HME_42_0to183.mp4,0,real,Real,,Real,-5.363107771821361,0.004664460290855293,
m_uowp9xlpY_6_0to628.mp4,F:\MEngDatasets\AIGVDBench\videos\Real\Real\videos\m_uowp9xlpY_6_0to628.mp4,0,real,Real,,Real,-2.6293679429025385,0.06727209915331019,
90u26k64J9A_14_0to144.mp4,F:\MEngDatasets\AIGVDBench\videos\OpenSource\T2V\Cogvideox1.5\videos\90u26k64J9A_14_0to144.mp4,1,fake,OpenSource,T2V,OpenSource_T2V_Cogvideox1.5,7.35553130236539,0.9993613603215132,
jaO9L0MTRbU_17_45to170.mp4,F:\MEngDatasets\AIGVDBench\videos\Real\Real\videos\jaO9L0MTRbU_17_45to170.mp4,0,real,Real,,Real,-7.124068312920057,0.0008048348379765402,
VDEJIm93giE_6_0to276.mp4,F:\MEngDatasets\AIGVDBench\videos\Real\Real\videos\VDEJIm93giE_6_0to276.mp4,0,real,Real,,Real,-6.472583343153414,0.001542844668406178,
SCxn-lNP3KQ_24_17to216.mp4,F:\MEngDatasets\AIGVDBench\videos\Real\Real\videos\SCxn-lNP3KQ_24_17to216.mp4,0,real,Real,,Real,-5.632536815793327,0.003566716308530503,
NWYRv_MKaA8_10_24to132.mp4,F:\MEngDatasets\AIGVDBench\videos\OpenSource\V2V\Cogvideox1.5\videos\NWYRv_MKaA8_10_24to132.mp4,1,fake,OpenSource,V2V,OpenSource_V2V_Cogvideox1.5,-2.951077633366293,0.049685604304107796,
50KDhKUOrqI_57_294to582.mp4,F:\MEngDatasets\AIGVDBench\videos\OpenSource\T2V\Wan2.1\videos\50KDhKUOrqI_57_294to582.mp4,1,fake,OpenSource,T2V,OpenSource_T2V_Wan2.1,9.627831718068064,0.9999341346193212,
50KDhKUOrqI_57_294to582.mp4,F:\MEngDatasets\AIGVDBench\videos\OpenSource\T2V\IPOC\videos\50KDhKUOrqI_57_294to582.mp4,1,fake,OpenSource,T2V,OpenSource_T2V_IPOC,10.190239264040578,0.9999624665040461,
HlRfdCWGMzI_22_114to219.mp4,F:\MEngDatasets\AIGVDBench\videos\OpenSource\I2V\EasyAnimate\videos\HlRfdCWGMzI_22_114to219.mp4,1,fake,OpenSource,I2V,OpenSource_I2V_EasyAnimate,4.836225168437374,0.9921255409974332,
IX-R6dEYWCs_17_0to517.mp4,F:\MEngDatasets\AIGVDBench\videos\Real\Real\videos\IX-R6dEYWCs_17_0to517.mp4,0,real,Real,,Real,-7.727674638279632,0.0004402732467439196,
oSz7b9vRxxg_43_257to492.mp4,F:\MEngDatasets\AIGVDBench\videos\Real\Real\videos\oSz7b9vRxxg_43_257to492.mp4,0,real,Real,,Real,-4.3267302680934705,0.013038425932737666,
4xSKhrsm3AM_9_170to456.mp4,F:\MEngDatasets\AIGVDBench\videos\Real\Real\videos\4xSKhrsm3AM_9_170to456.mp4,0,real,Real,,Real,-5.582952662571421,0.0037473474016014273,
smJlYSVS9Ds_340_112to226.mp4,F:\MEngDatasets\AIGVDBench\videos\OpenSource\T2V\Wan2.1\videos\smJlYSVS9Ds_340_112to226.mp4,1,fake,OpenSource,T2V,OpenSource_T2V_Wan2.1,9.690529634923111,0.999938137198231,
abWRJCy3IPA_34_0to463.mp4,F:\MEngDatasets\AIGVDBench\videos\Real\Real\videos\abWRJCy3IPA_34_0to463.mp4,0,real,Real,,Real,-5.642481702482469,0.003531546156465032,
r03AuoH00eM_5_399to542.mp4,F:\MEngDatasets\AIGVDBench\videos\Real\Real\videos\r03AuoH00eM_5_399to542.mp4,0,real,Real,,Real,-7.94423433405454,0.00035457560144864527,
OpamzmJN6Jk_17_0to345.mp4,F:\MEngDatasets\AIGVDBench\videos\Real\Real\videos\OpamzmJN6Jk_17_0to345.mp4,0,real,Real,,Real,-6.554367228054706,0.0014218590138861578,
gcgj6G8r-IQ_28_24to180.mp4,F:\MEngDatasets\AIGVDBench\videos\OpenSource\I2V\LTX\videos\gcgj6G8r-IQ_28_24to180.mp4,1,fake,OpenSource,I2V,OpenSource_I2V_LTX,-1.4418538249268824,0.19125843729685155,
27BG9R9vrZI_43_0to283.mp4,F:\MEngDatasets\AIGVDBench\videos\Real\Real\videos\27BG9R9vrZI_43_0to283.mp4,0,real,Real,,Real,-5.076158504393413,0.006205104984969077,
NBELKvAWHsU_37_41to227.mp4,F:\MEngDatasets\AIGVDBench\videos\Real\Real\videos\NBELKvAWHsU_37_41to227.mp4,0,real,Real,,Real,-8.386535225492535,0.00022786365435286312,
IQlOhYM7uY4_4_0to242.mp4,F:\MEngDatasets\AIGVDBench\videos\Real\Real\videos\IQlOhYM7uY4_4_0to242.mp4,0,real,Real,,Real,-5.172806508408105,0.005636685071544294,
4cvgTuAaMDM_1_0to181.mp4,F:\MEngDatasets\AIGVDBench\videos\OpenSource\T2V\IPOC\videos\4cvgTuAaMDM_1_0to181.mp4,1,fake,OpenSource,T2V,OpenSource_T2V_IPOC,8.902282598067304,0.9998639405542696,
jet4_Hc5j8I_13_0to109.mp4,F:\MEngDatasets\AIGVDBench\videos\OpenSource\T2V\Wan2.1\videos\jet4_Hc5j8I_13_0to109.mp4,1,fake,OpenSource,T2V,OpenSource_T2V_Wan2.1,10.027080630078729,0.9999558149833456,
GoKXJNYNtuc_26_0to127.mp4,F:\MEngDatasets\AIGVDBench\videos\Real\Real\videos\GoKXJNYNtuc_26_0to127.mp4,0,real,Real,,Real,0.2542155081127572,0.5632138076884188,
HlRfdCWGMzI_22_114to219.mp4,F:\MEngDatasets\AIGVDBench\videos\OpenSource\I2V\SEINE\videos\HlRfdCWGMzI_22_114to219.mp4,1,fake,OpenSource,I2V,OpenSource_I2V_SEINE,7.422029584646225,0.9994024229570585,
W5R52mgaBgk_13_85to215.mp4,F:\MEngDatasets\AIGVDBench\videos\OpenSource\T2V\Wan2.1\videos\W5R52mgaBgk_13_85to215.mp4,1,fake,OpenSource,T2V,OpenSource_T2V_Wan2.1,11.106447902726538,0.99998498503095,
90u26k64J9A_14_0to144.mp4,F:\MEngDatasets\AIGVDBench\videos\OpenSource\I2V\Pyramid-Flow\videos\90u26k64J9A_14_0to144.mp4,1,fake,OpenSource,I2V,OpenSource_I2V_Pyramid-Flow,-4.833638178498558,0.007894695489291646,
vUVwNN47Uv0_7_1227to1461.mp4,F:\MEngDatasets\AIGVDBench\videos\OpenSource\I2V\SEINE\videos\vUVwNN47Uv0_7_1227to1461.mp4,1,fake,OpenSource,I2V,OpenSource_I2V_SEINE,5.621440650895238,0.9963936299526626,
guL5esGDFbk_11_0to163.mp4,F:\MEngDatasets\AIGVDBench\videos\OpenSource\I2V\LTX\videos\guL5esGDFbk_11_0to163.mp4,1,fake,OpenSource,I2V,OpenSource_I2V_LTX,9.527265334615903,0.9999271667641472,
jty7y2KedUE_23_0to259.mp4,F:\MEngDatasets\AIGVDBench\videos\OpenSource\I2V\SEINE\videos\jty7y2KedUE_23_0to259.mp4,1,fake,OpenSource,I2V,OpenSource_I2V_SEINE,4.873743017204106,0.9924133005863369,
r03AuoH00eM_5_399to542.mp4,F:\MEngDatasets\AIGVDBench\videos\OpenSource\T2V\Cogvideox1.5\videos\r03AuoH00eM_5_399to542.mp4,1,fake,OpenSource,T2V,OpenSource_T2V_Cogvideox1.5,0.8180781295805266,0.6938282281396747,
-rXf8vEMpFI_16_456to659.mp4,F:\MEngDatasets\AIGVDBench\videos\Real\Real\videos\-rXf8vEMpFI_16_456to659.mp4,0,real,Real,,Real,-1.935611784248357,0.1261307404488812,
JwYPVbnqU-s_8_0to798.mp4,F:\MEngDatasets\AIGVDBench\videos\Real\Real\videos\JwYPVbnqU-s_8_0to798.mp4,0,real,Real,,Real,-9.087862676845159,0.00011301661667418927,
FQDZEktkqvc_35_0to116.mp4,F:\MEngDatasets\AIGVDBench\videos\Real\Real\videos\FQDZEktkqvc_35_0to116.mp4,0,real,Real,,Real,-9.838749022232859,5.334115612495747e-05,
1MCMHvAcrZg_26_0to135.mp4,F:\MEngDatasets\AIGVDBench\videos\Real\Real\videos\1MCMHvAcrZg_26_0to135.mp4,0,real,Real,,Real,-3.436543072524824,0.03117271771976447,
4cvgTuAaMDM_1_0to181.mp4,F:\MEngDatasets\AIGVDBench\videos\OpenSource\T2V\EasyAnimate\videos\4cvgTuAaMDM_1_0to181.mp4,1,fake,OpenSource,T2V,OpenSource_T2V_EasyAnimate,3.812367414941593,0.978381863136082,
IDUim1Cqloo_7_0to162.mp4,F:\MEngDatasets\AIGVDBench\videos\Real\Real\videos\IDUim1Cqloo_7_0to162.mp4,0,real,Real,,Real,-7.219500738897441,0.0007316321929984992,
v1EPNGKcbJQ_24_19to133.mp4,F:\MEngDatasets\AIGVDBench\videos\Real\Real\videos\v1EPNGKcbJQ_24_19to133.mp4,0,real,Real,,Real,-8.588407813861807,0.00018621771669324465,
Q0gOJn0jekU_59_357to589.mp4,F:\MEngDatasets\AIGVDBench\videos\Real\Real\videos\Q0gOJn0jekU_59_357to589.mp4,0,real,Real,,Real,-7.260646289558772,0.0007021603953837319,
0qBtDxT6Wow_7_0to123.mp4,F:\MEngDatasets\AIGVDBench\videos\Real\Real\videos\0qBtDxT6Wow_7_0to123.mp4,0,real,Real,,Real,-8.645987127341476,0.00017580011071999135,
4cvgTuAaMDM_1_0to181.mp4,F:\MEngDatasets\AIGVDBench\videos\OpenSource\I2V\VideoCrafter\videos\4cvgTuAaMDM_1_0to181.mp4,1,fake,OpenSource,I2V,OpenSource_I2V_VideoCrafter,7.530060797929764,0.9994635822733087,
o82SKvbybvY_14_104to700.mp4,F:\MEngDatasets\AIGVDBench\videos\OpenSource\T2V\IPOC\videos\o82SKvbybvY_14_104to700.mp4,1,fake,OpenSource,T2V,OpenSource_T2V_IPOC,10.223359283135862,0.999963689209234,
jty7y2KedUE_23_0to259.mp4,F:\MEngDatasets\AIGVDBench\videos\OpenSource\I2V\EasyAnimate\videos\jty7y2KedUE_23_0to259.mp4,1,fake,OpenSource,I2V,OpenSource_I2V_EasyAnimate,1.7538759854375099,0.8524410104008351,
gpPbugLgG2Q_19_0to338.mp4,F:\MEngDatasets\AIGVDBench\videos\Real\Real\videos\gpPbugLgG2Q_19_0to338.mp4,0,real,Real,,Real,-6.866618307031823,0.0010409101968010398,
UNDddGy_NZ4_19_0to125.mp4,F:\MEngDatasets\AIGVDBench\videos\Real\Real\videos\UNDddGy_NZ4_19_0to125.mp4,0,real,Real,,Real,-9.436141445086552,7.978131493704378e-05,
0BPQnk47p6M_2_55to191.mp4,F:\MEngDatasets\AIGVDBench\videos\OpenSource\T2V\Cogvideox1.5\videos\0BPQnk47p6M_2_55to191.mp4,1,fake,OpenSource,T2V,OpenSource_T2V_Cogvideox1.5,10.20012448050759,0.9999628356892454,
nuy5PIjuQ6k_95_0to203.mp4,F:\MEngDatasets\AIGVDBench\videos\Real\Real\videos\nuy5PIjuQ6k_95_0to203.mp4,0,real,Real,,Real,-5.967117406978396,0.0025550697749661044,
4cvgTuAaMDM_1_0to181.mp4,F:\MEngDatasets\AIGVDBench\videos\OpenSource\T2V\Cogvideox1.5\videos\4cvgTuAaMDM_1_0to181.mp4,1,fake,OpenSource,T2V,OpenSource_T2V_Cogvideox1.5,-3.1870030842044135,0.03965775982140174,
jQ-ljwdpAEE_18_0to718.mp4,F:\MEngDatasets\AIGVDBench\videos\Real\Real\videos\jQ-ljwdpAEE_18_0to718.mp4,0,real,Real,,Real,-4.389624970659619,0.012253372972959722,
EHRI1gr4zik_3_323to481.mp4,F:\MEngDatasets\AIGVDBench\videos\OpenSource\T2V\Cogvideox1.5\videos\EHRI1gr4zik_3_323to481.mp4,1,fake,OpenSource,T2V,OpenSource_T2V_Cogvideox1.5,10.407754464582963,0.9999698035038409,
Vh2cObLYHJ8_13_0to496.mp4,F:\MEngDatasets\AIGVDBench\videos\OpenSource\I2V\VideoCrafter\videos\Vh2cObLYHJ8_13_0to496.mp4,1,fake,OpenSource,I2V,OpenSource_I2V_VideoCrafter,8.977308005094528,0.9998737737011558,
NWYRv_MKaA8_10_24to132.mp4,F:\MEngDatasets\AIGVDBench\videos\Real\Real\videos\NWYRv_MKaA8_10_24to132.mp4,0,real,Real,,Real,-2.4047479805932648,0.08281135504361349,
ABp98mmiX8g_24_0to185.mp4,F:\MEngDatasets\AIGVDBench\videos\Real\Real\videos\ABp98mmiX8g_24_0to185.mp4,0,real,Real,,Real,-6.401239817851298,0.0016567491485458834,
jty7y2KedUE_23_0to259.mp4,F:\MEngDatasets\AIGVDBench\videos\OpenSource\T2V\Cogvideox1.5\videos\jty7y2KedUE_23_0to259.mp4,1,fake,OpenSource,T2V,OpenSource_T2V_Cogvideox1.5,-0.006847677808819395,0.4982880872371877,
EHRI1gr4zik_3_323to481.mp4,F:\MEngDatasets\AIGVDBench\videos\OpenSource\I2V\LTX\videos\EHRI1gr4zik_3_323to481.mp4,1,fake,OpenSource,I2V,OpenSource_I2V_LTX,7.723247639986933,0.9995577742075122,
EHRI1gr4zik_3_323to481.mp4,F:\MEngDatasets\AIGVDBench\videos\OpenSource\T2V\Pyramid-Flow\videos\EHRI1gr4zik_3_323to481.mp4,1,fake,OpenSource,T2V,OpenSource_T2V_Pyramid-Flow,9.719459324740292,0.9999399011244003,
r03AuoH00eM_5_399to542.mp4,F:\MEngDatasets\AIGVDBench\videos\OpenSource\I2V\LTX\videos\r03AuoH00eM_5_399to542.mp4,1,fake,OpenSource,I2V,OpenSource_I2V_LTX,9.526155773474246,0.9999270859122646,
Z92LMTR0fhw_27_0to371.mp4,F:\MEngDatasets\AIGVDBench\videos\Real\Real\videos\Z92LMTR0fhw_27_0to371.mp4,0,real,Real,,Real,-6.972468798292294,0.0009364581776486105,
wnPqGM9wqWg_10_0to172.mp4,F:\MEngDatasets\AIGVDBench\videos\Real\Real\videos\wnPqGM9wqWg_10_0to172.mp4,0,real,Real,,Real,-2.450549129136773,0.07939840170494375,
KR62f4KtLdo_40_0to371.mp4,F:\MEngDatasets\AIGVDBench\videos\Real\Real\videos\KR62f4KtLdo_40_0to371.mp4,0,real,Real,,Real,-8.90439564327024,0.00013577228850076607,
RNFbU-LRIgg_13_0to134.mp4,F:\MEngDatasets\AIGVDBench\videos\Real\Real\videos\RNFbU-LRIgg_13_0to134.mp4,0,real,Real,,Real,-2.079135531920995,0.11114133789403546,
qwQDOBqaXrU_60_54to254.mp4,F:\MEngDatasets\AIGVDBench\videos\Real\Real\videos\qwQDOBqaXrU_60_54to254.mp4,0,real,Real,,Real,-8.97921666086719,0.00012598563638688384,
3sN2lrkabII_75_0to194.mp4,F:\MEngDatasets\AIGVDBench\videos\Real\Real\videos\3sN2lrkabII_75_0to194.mp4,0,real,Real,,Real,2.6301920195830237,0.9327795903912546,
o82SKvbybvY_14_104to700.mp4,F:\MEngDatasets\AIGVDBench\videos\OpenSource\I2V\Pyramid-Flow\videos\o82SKvbybvY_14_104to700.mp4,1,fake,OpenSource,I2V,OpenSource_I2V_Pyramid-Flow,-0.10581232531367686,0.4735715723410799,
4cvgTuAaMDM_1_0to181.mp4,F:\MEngDatasets\AIGVDBench\videos\OpenSource\T2V\VideoCrafter\videos\4cvgTuAaMDM_1_0to181.mp4,1,fake,OpenSource,T2V,OpenSource_T2V_VideoCrafter,9.606453239917755,0.9999327114541188,
5wWRP-YvHOo_18_99to221.mp4,F:\MEngDatasets\AIGVDBench\videos\Real\Real\videos\5wWRP-YvHOo_18_99to221.mp4,0,real,Real,,Real,-4.266633809498041,0.01383483983420314,
y3vyO-025CI_3_0to339.mp4,F:\MEngDatasets\AIGVDBench\videos\OpenSource\T2V\Wan2.1\videos\y3vyO-025CI_3_0to339.mp4,1,fake,OpenSource,T2V,OpenSource_T2V_Wan2.1,8.184155599570568,0.9997210378924488,
X1lI_SIFsBI_12_87to238.mp4,F:\MEngDatasets\AIGVDBench\videos\Real\Real\videos\X1lI_SIFsBI_12_87to238.mp4,0,real,Real,,Real,-5.810452182247088,0.0029871253425116885,
GOTo1I2YK4o_22_0to124.mp4,F:\MEngDatasets\AIGVDBench\videos\Real\Real\videos\GOTo1I2YK4o_22_0to124.mp4,0,real,Real,,Real,-9.07139225929014,0.00011489324568402988,
02M4tj70Ju0_20_0to116.mp4,F:\MEngDatasets\AIGVDBench\videos\OpenSource\T2V\RepVideo\videos\02M4tj70Ju0_20_0to116.mp4,1,fake,OpenSource,T2V,OpenSource_T2V_RepVideo,9.388286512725207,0.9999163082547149,
a2cOE_CBbX4_37_0to138.mp4,F:\MEngDatasets\AIGVDBench\videos\Real\Real\videos\a2cOE_CBbX4_37_0to138.mp4,0,real,Real,,Real,-8.763958768568177,0.0001562403515824704,
Xp7Xpe5K4fw_143_0to138.mp4,F:\MEngDatasets\AIGVDBench\videos\Real\Real\videos\Xp7Xpe5K4fw_143_0to138.mp4,0,real,Real,,Real,-0.21162343052202376,0.4472907088644512,
JiMnA1Jos38_54_426to551.mp4,F:\MEngDatasets\AIGVDBench\videos\Real\Real\videos\JiMnA1Jos38_54_426to551.mp4,0,real,Real,,Real,-10.53739137832935,2.6525131820327217e-05,
8E_EqVsYfKk_13_28to160.mp4,F:\MEngDatasets\AIGVDBench\videos\Real\Real\videos\8E_EqVsYfKk_13_28to160.mp4,0,real,Real,,Real,-9.039168705811372,0.00011865536391602447,
cVXOomRcwbc_23_0to706.mp4,F:\MEngDatasets\AIGVDBench\videos\Real\Real\videos\cVXOomRcwbc_23_0to706.mp4,0,real,Real,,Real,-0.5985518779252132,0.3546750711220618,
3ZMZsIn4B_U_2_0to109.mp4,F:\MEngDatasets\AIGVDBench\videos\Real\Real\videos\3ZMZsIn4B_U_2_0to109.mp4,0,real,Real,,Real,-4.329995584928176,0.01299647319235184,
s9R1LAyD1Xc_37_0to323.mp4,F:\MEngDatasets\AIGVDBench\videos\Real\Real\videos\s9R1LAyD1Xc_37_0to323.mp4,0,real,Real,,Real,-4.389857003378794,0.012250564945902919,
gecJ4L9Iz0Q_19_0to110.mp4,F:\MEngDatasets\AIGVDBench\videos\Real\Real\videos\gecJ4L9Iz0Q_19_0to110.mp4,0,real,Real,,Real,-5.7983038923957135,0.003023524735459264,
guL5esGDFbk_11_0to163.mp4,F:\MEngDatasets\AIGVDBench\videos\OpenSource\I2V\SEINE\videos\guL5esGDFbk_11_0to163.mp4,1,fake,OpenSource,I2V,OpenSource_I2V_SEINE,-1.2913193255662918,0.21562958499843995,
8h2VzhXzW78_8_0to136.mp4,F:\MEngDatasets\AIGVDBench\videos\Real\Real\videos\8h2VzhXzW78_8_0to136.mp4,0,real,Real,,Real,-9.069227621835822,0.00011514218860915239,
_jybBErIEz0_0_0to158.mp4,F:\MEngDatasets\AIGVDBench\videos\Real\Real\videos\_jybBErIEz0_0_0to158.mp4,0,real,Real,,Real,-8.265820629989044,0.0002570916929649694,
nfn4QVJ7d24_12_49to303.mp4,F:\MEngDatasets\AIGVDBench\videos\Real\Real\videos\nfn4QVJ7d24_12_49to303.mp4,0,real,Real,,Real,-6.450880542461452,0.0015766413410893314,
59rVyli9rss_31_101to216.mp4,F:\MEngDatasets\AIGVDBench\videos\Real\Real\videos\59rVyli9rss_31_101to216.mp4,0,real,Real,,Real,-7.7422542622748844,0.00043390356023416415,
QRYsvqSzYuE_43_455to1014.mp4,F:\MEngDatasets\AIGVDBench\videos\OpenSource\T2V\HunyuanVideo\videos\QRYsvqSzYuE_43_455to1014.mp4,1,fake,OpenSource,T2V,OpenSource_T2V_HunyuanVideo,7.65724719300562,0.9995276166349601,
9aMid-fqDDI_15_0to201.mp4,F:\MEngDatasets\AIGVDBench\videos\Real\Real\videos\9aMid-fqDDI_15_0to201.mp4,0,real,Real,,Real,-8.572634637652344,0.00018917768860189809,
AVyiv6eJWq0_11_0to104.mp4,F:\MEngDatasets\AIGVDBench\videos\Real\Real\videos\AVyiv6eJWq0_11_0to104.mp4,0,real,Real,,Real,-8.519845468452178,0.00019943046698405609,
o82SKvbybvY_14_104to700.mp4,F:\MEngDatasets\AIGVDBench\videos\OpenSource\T2V\Pyramid-Flow\videos\o82SKvbybvY_14_104to700.mp4,1,fake,OpenSource,T2V,OpenSource_T2V_Pyramid-Flow,9.972584370816692,0.9999533403611551,
a743JFvmp9k_2_26to157.mp4,F:\MEngDatasets\AIGVDBench\videos\Real\Real\videos\a743JFvmp9k_2_26to157.mp4,0,real,Real,,Real,-9.019297331029719,0.00012103650364370535,
guL5esGDFbk_11_0to163.mp4,F:\MEngDatasets\AIGVDBench\videos\OpenSource\T2V\Cogvideox1.5\videos\guL5esGDFbk_11_0to163.mp4,1,fake,OpenSource,T2V,OpenSource_T2V_Cogvideox1.5,9.263907620401094,0.9999052247634004,
vO3lAoKlsxY_43_0to200.mp4,F:\MEngDatasets\AIGVDBench\videos\Real\Real\videos\vO3lAoKlsxY_43_0to200.mp4,0,real,Real,,Real,-6.360575224757195,0.0017253901070293915,
cWn5vARbHB0_28_46to166.mp4,F:\MEngDatasets\AIGVDBench\videos\Real\Real\videos\cWn5vARbHB0_28_46to166.mp4,0,real,Real,,Real,-8.973412725660536,0.0001267188819956967,
jty7y2KedUE_23_0to259.mp4,F:\MEngDatasets\AIGVDBench\videos\Real\Real\videos\jty7y2KedUE_23_0to259.mp4,0,real,Real,,Real,-3.2459434808991037,0.037472926533947466,
02M4tj70Ju0_20_0to116.mp4,F:\MEngDatasets\AIGVDBench\videos\OpenSource\T2V\EasyAnimate\videos\02M4tj70Ju0_20_0to116.mp4,1,fake,OpenSource,T2V,OpenSource_T2V_EasyAnimate,4.484811923941788,0.9888467885356362,
hU-KE7VvDfM_21_67to381.mp4,F:\MEngDatasets\AIGVDBench\videos\Real\Real\videos\hU-KE7VvDfM_21_67to381.mp4,0,real,Real,,Real,-6.291334450346618,0.001848861890562864,
p8ib7bXxYwc_4_655to814.mp4,F:\MEngDatasets\AIGVDBench\videos\Real\Real\videos\p8ib7bXxYwc_4_655to814.mp4,0,real,Real,,Real,-8.43974530869636,0.00021605849202379457,
smJlYSVS9Ds_340_112to226.mp4,F:\MEngDatasets\AIGVDBench\videos\OpenSource\T2V\VideoCrafter\videos\smJlYSVS9Ds_340_112to226.mp4,1,fake,OpenSource,T2V,OpenSource_T2V_VideoCrafter,8.8471839427948,0.9998562345949603,
nhskgJQ5XMU_202_0to114.mp4,F:\MEngDatasets\AIGVDBench\videos\OpenSource\T2V\LTX\videos\nhskgJQ5XMU_202_0to114.mp4,1,fake,OpenSource,T2V,OpenSource_T2V_LTX,10.24240856563922,0.9999643743328288,
VtXuGg0Qkro_82_0to197.mp4,F:\MEngDatasets\AIGVDBench\videos\Real\Real\videos\VtXuGg0Qkro_82_0to197.mp4,0,real,Real,,Real,-8.7009289318865,0.00016640344125461287,
8nieamUmSEA_256_0to102.mp4,F:\MEngDatasets\AIGVDBench\videos\Real\Real\videos\8nieamUmSEA_256_0to102.mp4,0,real,Real,,Real,-1.3954462961238974,0.19853970993584177,
90u26k64J9A_14_0to144.mp4,F:\MEngDatasets\AIGVDBench\videos\OpenSource\T2V\IPOC\videos\90u26k64J9A_14_0to144.mp4,1,fake,OpenSource,T2V,OpenSource_T2V_IPOC,10.634631059607681,0.9999759326673152,
axKP6KBH49c_4_0to185.mp4,F:\MEngDatasets\AIGVDBench\videos\Real\Real\videos\axKP6KBH49c_4_0to185.mp4,0,real,Real,,Real,-8.780963956987536,0.00015360632263511717,
iWdkJPc7TV8_24_0to115.mp4,F:\MEngDatasets\AIGVDBench\videos\Real\Real\videos\iWdkJPc7TV8_24_0to115.mp4,0,real,Real,,Real,-2.9299172036025833,0.05069430930966854,
QRYsvqSzYuE_43_455to1014.mp4,F:\MEngDatasets\AIGVDBench\videos\OpenSource\T2V\VideoCrafter\videos\QRYsvqSzYuE_43_455to1014.mp4,1,fake,OpenSource,T2V,OpenSource_T2V_VideoCrafter,7.851838082075119,0.9996111150601905,
NWYRv_MKaA8_10_24to132.mp4,F:\MEngDatasets\AIGVDBench\videos\OpenSource\I2V\EasyAnimate\videos\NWYRv_MKaA8_10_24to132.mp4,1,fake,OpenSource,I2V,OpenSource_I2V_EasyAnimate,-0.12184534266553058,0.469576294946101,
o2LQGDTAF0A_25_0to126.mp4,F:\MEngDatasets\AIGVDBench\videos\Real\Real\videos\o2LQGDTAF0A_25_0to126.mp4,0,real,Real,,Real,-5.937644746568468,0.0026312940789301113,
eENFTG4UQsI_3_337to522.mp4,F:\MEngDatasets\AIGVDBench\videos\OpenSource\V2V\LTX\videos\eENFTG4UQsI_3_337to522.mp4,1,fake,OpenSource,V2V,OpenSource_V2V_LTX,0.8156177164340506,0.6933053119408484,
jet4_Hc5j8I_13_0to109.mp4,F:\MEngDatasets\AIGVDBench\videos\OpenSource\T2V\HunyuanVideo\videos\jet4_Hc5j8I_13_0to109.mp4,1,fake,OpenSource,T2V,OpenSource_T2V_HunyuanVideo,7.601652752269398,0.9995006245061424,
33aJsPSvRSk_56_74to478.mp4,F:\MEngDatasets\AIGVDBench\videos\Real\Real\videos\33aJsPSvRSk_56_74to478.mp4,0,real,Real,,Real,-9.100584621529045,0.00011158809204147073,
0K-NUNgaM6Y_35_0to253.mp4,F:\MEngDatasets\AIGVDBench\videos\Real\Real\videos\0K-NUNgaM6Y_35_0to253.mp4,0,real,Real,,Real,-9.08893223525036,0.00011289581706114073,
50KDhKUOrqI_57_294to582.mp4,F:\MEngDatasets\AIGVDBench\videos\OpenSource\T2V\AnimateDiff\home\lma\Benchmark\bench\opensource\T2V\AnimateDiff\videos\50KDhKUOrqI_57_294to582.mp4,1,fake,OpenSource,T2V,OpenSource_T2V_AnimateDiff,6.337283939123154,0.9982340234876613,
15jukZlAd-A_31_36to137.mp4,F:\MEngDatasets\AIGVDBench\videos\Real\Real\videos\15jukZlAd-A_31_36to137.mp4,0,real,Real,,Real,-5.659945821762085,0.00347061843775285,
nhskgJQ5XMU_202_0to114.mp4,F:\MEngDatasets\AIGVDBench\videos\OpenSource\I2V\SEINE\videos\nhskgJQ5XMU_202_0to114.mp4,1,fake,OpenSource,I2V,OpenSource_I2V_SEINE,1.4971622060984373,0.817150847807287,
jcfvZocnrV8_29_55to259.mp4,F:\MEngDatasets\AIGVDBench\videos\Real\Real\videos\jcfvZocnrV8_29_55to259.mp4,0,real,Real,,Real,-9.05497123895447,0.00011679526345087816,
lePRQNJP0BU_29_0to1128.mp4,F:\MEngDatasets\AIGVDBench\videos\Real\Real\videos\lePRQNJP0BU_29_0to1128.mp4,0,real,Real,,Real,-5.913491284170894,0.0026954492990330626,
RlUIPfb_a7Y_2_0to1223.mp4,F:\MEngDatasets\AIGVDBench\videos\Real\Real\videos\RlUIPfb_a7Y_2_0to1223.mp4,0,real,Real,,Real,-6.702181433032793,0.0012267229798298106,
r03AuoH00eM_5_399to542.mp4,F:\MEngDatasets\AIGVDBench\videos\OpenSource\T2V\HunyuanVideo\videos\r03AuoH00eM_5_399to542.mp4,1,fake,OpenSource,T2V,OpenSource_T2V_HunyuanVideo,5.470321214560307,0.9958077691213889,
EHRI1gr4zik_3_323to481.mp4,F:\MEngDatasets\AIGVDBench\videos\OpenSource\V2V\LTX\videos\EHRI1gr4zik_3_323to481.mp4,1,fake,OpenSource,V2V,OpenSource_V2V_LTX,8.75247504759808,0.9998419553713035,
jet4_Hc5j8I_13_0to109.mp4,F:\MEngDatasets\AIGVDBench\videos\Real\Real\videos\jet4_Hc5j8I_13_0to109.mp4,0,real,Real,,Real,-9.23754454096523,9.730678363136632e-05,
EFaSEk3e5f4_46_19to358.mp4,F:\MEngDatasets\AIGVDBench\videos\Real\Real\videos\EFaSEk3e5f4_46_19to358.mp4,0,real,Real,,Real,-8.839191546230197,0.00014491887199543374,
y3vyO-025CI_3_0to339.mp4,F:\MEngDatasets\AIGVDBench\videos\OpenSource\I2V\LTX\videos\y3vyO-025CI_3_0to339.mp4,1,fake,OpenSource,I2V,OpenSource_I2V_LTX,10.073335997912348,0.9999578121455107,
jty7y2KedUE_23_0to259.mp4,F:\MEngDatasets\AIGVDBench\videos\OpenSource\I2V\LTX\videos\jty7y2KedUE_23_0to259.mp4,1,fake,OpenSource,I2V,OpenSource_I2V_LTX,6.797005899098455,0.9988841316528554,
xPcAfdYCj5k_136_0to424.mp4,F:\MEngDatasets\AIGVDBench\videos\OpenSource\I2V\SVD\videos\xPcAfdYCj5k_136_0to424.mp4,1,fake,OpenSource,I2V,OpenSource_I2V_SVD,8.34248897433281,0.9997618779319372,
vUVwNN47Uv0_7_1227to1461.mp4,F:\MEngDatasets\AIGVDBench\videos\OpenSource\T2V\AnimateDiff\home\lma\Benchmark\bench\opensource\T2V\AnimateDiff\videos\vUVwNN47Uv0_7_1227to1461.mp4,1,fake,OpenSource,T2V,OpenSource_T2V_AnimateDiff,6.215516358613968,0.9980058004738894,
HlRfdCWGMzI_22_114to219.mp4,F:\MEngDatasets\AIGVDBench\videos\OpenSource\T2V\Wan2.1\videos\HlRfdCWGMzI_22_114to219.mp4,1,fake,OpenSource,T2V,OpenSource_T2V_Wan2.1,10.16192978988459,0.9999613888090226,
tdeP8cJicXA_14_0to136.mp4,F:\MEngDatasets\AIGVDBench\videos\Real\Real\videos\tdeP8cJicXA_14_0to136.mp4,0,real,Real,,Real,-8.695333277477937,0.00016733703117800027,
R-cKZCZctnM_21_411to660.mp4,F:\MEngDatasets\AIGVDBench\videos\Real\Real\videos\R-cKZCZctnM_21_411to660.mp4,0,real,Real,,Real,-9.726942867563482,5.9650828499467565e-05,
r03AuoH00eM_5_399to542.mp4,F:\MEngDatasets\AIGVDBench\videos\OpenSource\I2V\EasyAnimate\videos\r03AuoH00eM_5_399to542.mp4,1,fake,OpenSource,I2V,OpenSource_I2V_EasyAnimate,3.711404633765318,0.9761400473193431,
gcgj6G8r-IQ_28_24to180.mp4,F:\MEngDatasets\AIGVDBench\videos\OpenSource\I2V\EasyAnimate\videos\gcgj6G8r-IQ_28_24to180.mp4,1,fake,OpenSource,I2V,OpenSource_I2V_EasyAnimate,1.6565706267648814,0.8397771131886492,
02M4tj70Ju0_20_0to116.mp4,F:\MEngDatasets\AIGVDBench\videos\OpenSource\T2V\VideoCrafter\videos\02M4tj70Ju0_20_0to116.mp4,1,fake,OpenSource,T2V,OpenSource_T2V_VideoCrafter,9.774638295173645,0.9999431273027535,
jty7y2KedUE_23_0to259.mp4,F:\MEngDatasets\AIGVDBench\videos\OpenSource\T2V\IPOC\videos\jty7y2KedUE_23_0to259.mp4,1,fake,OpenSource,T2V,OpenSource_T2V_IPOC,5.4145364518068275,0.9955683263820112,
Avh9ayHAH_U_3_17to131.mp4,F:\MEngDatasets\AIGVDBench\videos\Real\Real\videos\Avh9ayHAH_U_3_17to131.mp4,0,real,Real,,Real,0.9516799746341603,0.7214529089570788,
90u26k64J9A_14_0to144.mp4,F:\MEngDatasets\AIGVDBench\videos\OpenSource\T2V\LTX\videos\90u26k64J9A_14_0to144.mp4,1,fake,OpenSource,T2V,OpenSource_T2V_LTX,8.154546324739751,0.9997126569354202,
smJlYSVS9Ds_340_112to226.mp4,F:\MEngDatasets\AIGVDBench\videos\OpenSource\T2V\Cogvideox1.5\videos\smJlYSVS9Ds_340_112to226.mp4,1,fake,OpenSource,T2V,OpenSource_T2V_Cogvideox1.5,6.081871285583034,0.9977213054830216,
r03AuoH00eM_5_399to542.mp4,F:\MEngDatasets\AIGVDBench\videos\OpenSource\T2V\AnimateDiff\home\lma\Benchmark\bench\opensource\T2V\AnimateDiff\videos\r03AuoH00eM_5_399to542.mp4,1,fake,OpenSource,T2V,OpenSource_T2V_AnimateDiff,0.055951873800950125,0.5139843203502761,
r03AuoH00eM_5_399to542.mp4,F:\MEngDatasets\AIGVDBench\videos\OpenSource\T2V\Open-Sora\videos\r03AuoH00eM_5_399to542.mp4,1,fake,OpenSource,T2V,OpenSource_T2V_Open-Sora,-4.838341107239595,0.007857945534215462,
xPcAfdYCj5k_136_0to424.mp4,F:\MEngDatasets\AIGVDBench\videos\OpenSource\I2V\EasyAnimate\videos\xPcAfdYCj5k_136_0to424.mp4,1,fake,OpenSource,I2V,OpenSource_I2V_EasyAnimate,1.9654673839710197,0.8771234317176789,
zGeGtUCzNZU_1_58to390.mp4,F:\MEngDatasets\AIGVDBench\videos\Real\Real\videos\zGeGtUCzNZU_1_58to390.mp4,0,real,Real,,Real,-9.20122766494751,0.00010090525251783219,
xPcAfdYCj5k_136_0to424.mp4,F:\MEngDatasets\AIGVDBench\videos\Real\Real\videos\xPcAfdYCj5k_136_0to424.mp4,0,real,Real,,Real,-7.893374535272706,0.00037306881165293735,
eENFTG4UQsI_3_337to522.mp4,F:\MEngDatasets\AIGVDBench\videos\OpenSource\T2V\Cogvideox1.5\videos\eENFTG4UQsI_3_337to522.mp4,1,fake,OpenSource,T2V,OpenSource_T2V_Cogvideox1.5,7.758494218190511,0.9995730831209044,
trqDnLNRuSc_17_17to156.mp4,F:\MEngDatasets\AIGVDBench\videos\Real\Real\videos\trqDnLNRuSc_17_17to156.mp4,0,real,Real,,Real,-7.695160890029649,0.0004548168214421183,
xPcAfdYCj5k_136_0to424.mp4,F:\MEngDatasets\AIGVDBench\videos\OpenSource\I2V\Pyramid-Flow\videos\xPcAfdYCj5k_136_0to424.mp4,1,fake,OpenSource,I2V,OpenSource_I2V_Pyramid-Flow,-1.2044885458131687,0.2306776917384768,
HMMCE4hivA4_56_102to217.mp4,F:\MEngDatasets\AIGVDBench\videos\Real\Real\videos\HMMCE4hivA4_56_102to217.mp4,0,real,Real,,Real,-8.693842639314367,0.0001675866143130797,
j57D2cpkKI0_8_24to215.mp4,F:\MEngDatasets\AIGVDBench\videos\Real\Real\videos\j57D2cpkKI0_8_24to215.mp4,0,real,Real,,Real,-6.069137245066026,0.002307829649293734,
oACmLZHF-qA_3_0to113.mp4,F:\MEngDatasets\AIGVDBench\videos\Real\Real\videos\oACmLZHF-qA_3_0to113.mp4,0,real,Real,,Real,-6.34640190453656,0.0017499756364554029,
AZPjrvFAbww_29_0to106.mp4,F:\MEngDatasets\AIGVDBench\videos\Real\Real\videos\AZPjrvFAbww_29_0to106.mp4,0,real,Real,,Real,-9.520755183021977,7.330890315252022e-05,
nhskgJQ5XMU_202_0to114.mp4,F:\MEngDatasets\AIGVDBench\videos\OpenSource\I2V\VideoCrafter\videos\nhskgJQ5XMU_202_0to114.mp4,1,fake,OpenSource,I2V,OpenSource_I2V_VideoCrafter,7.5601567029953,0.9994794774572542,
sQJdH2V_kdk_23_0to105.mp4,F:\MEngDatasets\AIGVDBench\videos\Real\Real\videos\sQJdH2V_kdk_23_0to105.mp4,0,real,Real,,Real,-7.704089419047038,0.0004507758734907007,
O_mFIGbNCyc_49_63to299.mp4,F:\MEngDatasets\AIGVDBench\videos\Real\Real\videos\O_mFIGbNCyc_49_63to299.mp4,0,real,Real,,Real,-2.409863518416167,0.08242363963956022,
Yn47rqiN76I_49_85to327.mp4,F:\MEngDatasets\AIGVDBench\videos\Real\Real\videos\Yn47rqiN76I_49_85to327.mp4,0,real,Real,,Real,-8.340370998123653,0.00023862681892596475,
xFOZpCz5f_E_10_0to223.mp4,F:\MEngDatasets\AIGVDBench\videos\Real\Real\videos\xFOZpCz5f_E_10_0to223.mp4,0,real,Real,,Real,-6.961106534496016,0.0009471490055492578,
h1MwFGecnGA_41_0to104.mp4,F:\MEngDatasets\AIGVDBench\videos\Real\Real\videos\h1MwFGecnGA_41_0to104.mp4,0,real,Real,,Real,-8.858194497915415,0.0001421913745795337,
ESHGxyt9GOE_18_0to125.mp4,F:\MEngDatasets\AIGVDBench\videos\Real\Real\videos\ESHGxyt9GOE_18_0to125.mp4,0,real,Real,,Real,-4.368319686889649,0.012513933455499742,
bG8EwSG8Hh4_1_0to149.mp4,F:\MEngDatasets\AIGVDBench\videos\Real\Real\videos\bG8EwSG8Hh4_1_0to149.mp4,0,real,Real,,Real,-4.803337682038546,0.008135593778690033,
oEPyjAe0huc_1_568to1226.mp4,F:\MEngDatasets\AIGVDBench\videos\Real\Real\videos\oEPyjAe0huc_1_568to1226.mp4,0,real,Real,,Real,-7.497105640369457,0.0005543800064718504,
ONjRr1-mjfY_32_42to223.mp4,F:\MEngDatasets\AIGVDBench\videos\Real\Real\videos\ONjRr1-mjfY_32_42to223.mp4,0,real,Real,,Real,-8.179447434842587,0.00028027823482993324,
jty7y2KedUE_23_0to259.mp4,F:\MEngDatasets\AIGVDBench\videos\OpenSource\T2V\RepVideo\videos\jty7y2KedUE_23_0to259.mp4,1,fake,OpenSource,T2V,OpenSource_T2V_RepVideo,8.007900724605639,0.9996672880615001,
eENFTG4UQsI_3_337to522.mp4,F:\MEngDatasets\AIGVDBench\videos\OpenSource\I2V\SVD\videos\eENFTG4UQsI_3_337to522.mp4,1,fake,OpenSource,I2V,OpenSource_I2V_SVD,3.358220599591732,0.9663730008855308,
_WiwgIe4F1Q_9_94to267.mp4,F:\MEngDatasets\AIGVDBench\videos\Real\Real\videos\_WiwgIe4F1Q_9_94to267.mp4,0,real,Real,,Real,-5.0387571763835455,0.0064400558991759265,
EHRI1gr4zik_3_323to481.mp4,F:\MEngDatasets\AIGVDBench\videos\OpenSource\I2V\Pyramid-Flow\videos\EHRI1gr4zik_3_323to481.mp4,1,fake,OpenSource,I2V,OpenSource_I2V_Pyramid-Flow,2.2604415669639626,0.9055474056110174,
02M4tj70Ju0_20_0to116.mp4,F:\MEngDatasets\AIGVDBench\videos\OpenSource\V2V\Cogvideox1.5\videos\02M4tj70Ju0_20_0to116.mp4,1,fake,OpenSource,V2V,OpenSource_V2V_Cogvideox1.5,4.976161757294013,0.9931467929610448,
4cvgTuAaMDM_1_0to181.mp4,F:\MEngDatasets\AIGVDBench\videos\OpenSource\T2V\AccVideo\videos\4cvgTuAaMDM_1_0to181.mp4,1,fake,OpenSource,T2V,OpenSource_T2V_AccVideo,3.5527726872400804,0.972152586571283,
02M4tj70Ju0_20_0to116.mp4,F:\MEngDatasets\AIGVDBench\videos\OpenSource\I2V\LTX\videos\02M4tj70Ju0_20_0to116.mp4,1,fake,OpenSource,I2V,OpenSource_I2V_LTX,4.432040412216542,0.988249511715318,
r03AuoH00eM_5_399to542.mp4,F:\MEngDatasets\AIGVDBench\videos\OpenSource\I2V\SEINE\videos\r03AuoH00eM_5_399to542.mp4,1,fake,OpenSource,I2V,OpenSource_I2V_SEINE,0.516501983627677,0.6263294499683391,
7TCW9wOxAWk_48_0to214.mp4,F:\MEngDatasets\AIGVDBench\videos\OpenSource\I2V\VideoCrafter\videos\7TCW9wOxAWk_48_0to214.mp4,1,fake,OpenSource,I2V,OpenSource_I2V_VideoCrafter,0.4688418209552765,0.6151095943368988,
Sj28-ffTyO0_28_0to136.mp4,F:\MEngDatasets\AIGVDBench\videos\Real\Real\videos\Sj28-ffTyO0_28_0to136.mp4,0,real,Real,,Real,0.02356818373150685,0.5058917732153903,
eENFTG4UQsI_3_337to522.mp4,F:\MEngDatasets\AIGVDBench\videos\OpenSource\T2V\AccVideo\videos\eENFTG4UQsI_3_337to522.mp4,1,fake,OpenSource,T2V,OpenSource_T2V_AccVideo,8.159657406084465,0.99971412140365,
QRYsvqSzYuE_43_455to1014.mp4,F:\MEngDatasets\AIGVDBench\videos\OpenSource\T2V\AccVideo\videos\QRYsvqSzYuE_43_455to1014.mp4,1,fake,OpenSource,T2V,OpenSource_T2V_AccVideo,8.895871855995871,0.9998630656302369,
smJlYSVS9Ds_340_112to226.mp4,F:\MEngDatasets\AIGVDBench\videos\OpenSource\I2V\SEINE\videos\smJlYSVS9Ds_340_112to226.mp4,1,fake,OpenSource,I2V,OpenSource_I2V_SEINE,-0.24775177240371704,0.43837694168231733,
QRYsvqSzYuE_43_455to1014.mp4,F:\MEngDatasets\AIGVDBench\videos\OpenSource\T2V\Pyramid-Flow\videos\QRYsvqSzYuE_43_455to1014.mp4,1,fake,OpenSource,T2V,OpenSource_T2V_Pyramid-Flow,7.500254604253876,0.9994473620071856,
Kuxxw41aRmk_46_0to235.mp4,F:\MEngDatasets\AIGVDBench\videos\Real\Real\videos\Kuxxw41aRmk_46_0to235.mp4,0,real,Real,,Real,-8.403875921127645,0.00022394727943249895,
aFBLBdZQHlo_3_0to160.mp4,F:\MEngDatasets\AIGVDBench\videos\Real\Real\videos\aFBLBdZQHlo_3_0to160.mp4,0,real,Real,,Real,-8.946589976549149,0.0001301633772604413,
e2JMpgN21w8_66_0to130.mp4,F:\MEngDatasets\AIGVDBench\videos\Real\Real\videos\e2JMpgN21w8_66_0to130.mp4,0,real,Real,,Real,-5.3780898172921,0.004595416774920841,
W5R52mgaBgk_13_85to215.mp4,F:\MEngDatasets\AIGVDBench\videos\OpenSource\I2V\VideoCrafter\videos\W5R52mgaBgk_13_85to215.mp4,1,fake,OpenSource,I2V,OpenSource_I2V_VideoCrafter,7.386521548032761,0.999380836326023,
smJlYSVS9Ds_340_112to226.mp4,F:\MEngDatasets\AIGVDBench\videos\OpenSource\T2V\RepVideo\videos\smJlYSVS9Ds_340_112to226.mp4,1,fake,OpenSource,T2V,OpenSource_T2V_RepVideo,9.723972884976135,0.999940171756849,
vUVwNN47Uv0_7_1227to1461.mp4,F:\MEngDatasets\AIGVDBench\videos\OpenSource\T2V\AccVideo\videos\vUVwNN47Uv0_7_1227to1461.mp4,1,fake,OpenSource,T2V,OpenSource_T2V_AccVideo,6.358755299539277,0.9982714723855723,
NscwPqLwLYo_76_0to115.mp4,F:\MEngDatasets\AIGVDBench\videos\Real\Real\videos\NscwPqLwLYo_76_0to115.mp4,0,real,Real,,Real,-8.3086647451558,0.00024631210969444466,
Lh0GNbIB_c8_39_0to186.mp4,F:\MEngDatasets\AIGVDBench\videos\Real\Real\videos\Lh0GNbIB_c8_39_0to186.mp4,0,real,Real,,Real,7.763931805087674,0.9995753972355589,
1ihtBI15Jpc_10_0to249.mp4,F:\MEngDatasets\AIGVDBench\videos\Real\Real\videos\1ihtBI15Jpc_10_0to249.mp4,0,real,Real,,Real,-5.341857286342177,0.00476416574525496,
QFCHkqBOTNg_6_92to212.mp4,F:\MEngDatasets\AIGVDBench\videos\Real\Real\videos\QFCHkqBOTNg_6_92to212.mp4,0,real,Real,,Real,-8.475151377645405,0.00020854411768201072,
QRYsvqSzYuE_43_455to1014.mp4,F:\MEngDatasets\AIGVDBench\videos\OpenSource\I2V\SEINE\videos\QRYsvqSzYuE_43_455to1014.mp4,1,fake,OpenSource,I2V,OpenSource_I2V_SEINE,2.936651634052396,0.9496288021925074,
0BPQnk47p6M_2_55to191.mp4,F:\MEngDatasets\AIGVDBench\videos\OpenSource\V2V\Cogvideox1.5\videos\0BPQnk47p6M_2_55to191.mp4,1,fake,OpenSource,V2V,OpenSource_V2V_Cogvideox1.5,8.672986740968666,0.9998288821185043,
t6vZbYAw0SU_17_162to270.mp4,F:\MEngDatasets\AIGVDBench\videos\Real\Real\videos\t6vZbYAw0SU_17_162to270.mp4,0,real,Real,,Real,-7.828794314943511,0.00039794675584970345,
HxOEbss9p_k_10_250to417.mp4,F:\MEngDatasets\AIGVDBench\videos\Real\Real\videos\HxOEbss9p_k_10_250to417.mp4,0,real,Real,,Real,-3.9213888133837753,0.019428608426760023,
9sFgt4rkLBg_29_0to526.mp4,F:\MEngDatasets\AIGVDBench\videos\Real\Real\videos\9sFgt4rkLBg_29_0to526.mp4,0,real,Real,,Real,-10.127791870682865,3.9952000037788674e-05,
1NAWrgZeMn8_2_0to387.mp4,F:\MEngDatasets\AIGVDBench\videos\Real\Real\videos\1NAWrgZeMn8_2_0to387.mp4,0,real,Real,,Real,-8.294807550034236,0.0002497482045548387,
NWYRv_MKaA8_10_24to132.mp4,F:\MEngDatasets\AIGVDBench\videos\OpenSource\I2V\LTX\videos\NWYRv_MKaA8_10_24to132.mp4,1,fake,OpenSource,I2V,OpenSource_I2V_LTX,5.999438206760251,0.9975259907877431,
3Ay4Sk7NRCY_22_0to156.mp4,F:\MEngDatasets\AIGVDBench\videos\Real\Real\videos\3Ay4Sk7NRCY_22_0to156.mp4,0,real,Real,,Real,-6.037171220168089,0.00238261494500609,
RRXZGS60mqk_58_38to210.mp4,F:\MEngDatasets\AIGVDBench\videos\Real\Real\videos\RRXZGS60mqk_58_38to210.mp4,0,real,Real,,Real,-6.027638146419399,0.0024053823030222273,
Ug-RhOvj8pI_0_0to1461.mp4,F:\MEngDatasets\AIGVDBench\videos\Real\Real\videos\Ug-RhOvj8pI_0_0to1461.mp4,0,real,Real,,Real,-9.544194718569129,7.161068009285463e-05,
guL5esGDFbk_11_0to163.mp4,F:\MEngDatasets\AIGVDBench\videos\OpenSource\T2V\Wan2.1\videos\guL5esGDFbk_11_0to163.mp4,1,fake,OpenSource,T2V,OpenSource_T2V_Wan2.1,9.986132986751603,0.9999539682425149,
Z7Z_qbVIbsc_1_19to140.mp4,F:\MEngDatasets\AIGVDBench\videos\Real\Real\videos\Z7Z_qbVIbsc_1_19to140.mp4,0,real,Real,,Real,-9.09637701511383,0.00011205854725091695,
tIfCwcRs_vE_34_0to264.mp4,F:\MEngDatasets\AIGVDBench\videos\Real\Real\videos\tIfCwcRs_vE_34_0to264.mp4,0,real,Real,,Real,-7.718763606047925,0.0004442123175910975,
nhskgJQ5XMU_202_0to114.mp4,F:\MEngDatasets\AIGVDBench\videos\OpenSource\V2V\LTX\videos\nhskgJQ5XMU_202_0to114.mp4,1,fake,OpenSource,V2V,OpenSource_V2V_LTX,1.7777791376016578,0.8554224177102933,
50KDhKUOrqI_57_294to582.mp4,F:\MEngDatasets\AIGVDBench\videos\OpenSource\T2V\VideoCrafter\videos\50KDhKUOrqI_57_294to582.mp4,1,fake,OpenSource,T2V,OpenSource_T2V_VideoCrafter,7.824660301208496,0.999600405380377,
7TCW9wOxAWk_48_0to214.mp4,F:\MEngDatasets\AIGVDBench\videos\OpenSource\T2V\Wan2.1\videos\7TCW9wOxAWk_48_0to214.mp4,1,fake,OpenSource,T2V,OpenSource_T2V_Wan2.1,10.480191784140505,0.9999719134535721,
guL5esGDFbk_11_0to163.mp4,F:\MEngDatasets\AIGVDBench\videos\OpenSource\I2V\SVD\videos\guL5esGDFbk_11_0to163.mp4,1,fake,OpenSource,I2V,OpenSource_I2V_SVD,8.813067436218262,0.9998512459372558,
xPcAfdYCj5k_136_0to424.mp4,F:\MEngDatasets\AIGVDBench\videos\OpenSource\I2V\SEINE\videos\xPcAfdYCj5k_136_0to424.mp4,1,fake,OpenSource,I2V,OpenSource_I2V_SEINE,3.292025598755572,0.9641542263976435,
0BPQnk47p6M_2_55to191.mp4,F:\MEngDatasets\AIGVDBench\videos\OpenSource\I2V\SVD\videos\0BPQnk47p6M_2_55to191.mp4,1,fake,OpenSource,I2V,OpenSource_I2V_SVD,8.425273954868317,0.9997807928064396,
NhHxwA3zLIM_39_0to744.mp4,F:\MEngDatasets\AIGVDBench\videos\Real\Real\videos\NhHxwA3zLIM_39_0to744.mp4,0,real,Real,,Real,-7.289114321391749,0.0006824665651180434,
0BPQnk47p6M_2_55to191.mp4,F:\MEngDatasets\AIGVDBench\videos\Real\Real\videos\0BPQnk47p6M_2_55to191.mp4,0,real,Real,,Real,-8.619175736800484,0.00018057644902483888,
ANAekpD8mDQ_28_55to547.mp4,F:\MEngDatasets\AIGVDBench\videos\Real\Real\videos\ANAekpD8mDQ_28_55to547.mp4,0,real,Real,,Real,-3.2740141991723624,0.03647349376877086,
7TCW9wOxAWk_48_0to214.mp4,F:\MEngDatasets\AIGVDBench\videos\OpenSource\I2V\LTX\videos\7TCW9wOxAWk_48_0to214.mp4,1,fake,OpenSource,I2V,OpenSource_I2V_LTX,5.236651247253223,0.9947100960610908,
CFXfSBR5Q9w_6_49to247.mp4,F:\MEngDatasets\AIGVDBench\videos\Real\Real\videos\CFXfSBR5Q9w_6_49to247.mp4,0,real,Real,,Real,-2.484706987095418,0.07693725535332918,
7fy-TO_tOd8_5_65to601.mp4,F:\MEngDatasets\AIGVDBench\videos\Real\Real\videos\7fy-TO_tOd8_5_65to601.mp4,0,real,Real,,Real,-7.101978486313404,0.0008227965266908563,
t1TrCs897CI_58_0to246.mp4,F:\MEngDatasets\AIGVDBench\videos\Real\Real\videos\t1TrCs897CI_58_0to246.mp4,0,real,Real,,Real,-9.212304334330366,9.979383669202645e-05,
WkM86Qbl-r8_3_0to111.mp4,F:\MEngDatasets\AIGVDBench\videos\Real\Real\videos\WkM86Qbl-r8_3_0to111.mp4,0,real,Real,,Real,-4.672261152181539,0.009264468358100394,
S3aByfnJbGE_61_0to164.mp4,F:\MEngDatasets\AIGVDBench\videos\Real\Real\videos\S3aByfnJbGE_61_0to164.mp4,0,real,Real,,Real,-9.92279699953591,4.904138413497307e-05,
HlRfdCWGMzI_22_114to219.mp4,F:\MEngDatasets\AIGVDBench\videos\OpenSource\T2V\RepVideo\videos\HlRfdCWGMzI_22_114to219.mp4,1,fake,OpenSource,T2V,OpenSource_T2V_RepVideo,10.366745403834752,0.99996853947161,
EHRI1gr4zik_3_323to481.mp4,F:\MEngDatasets\AIGVDBench\videos\OpenSource\I2V\SEINE\videos\EHRI1gr4zik_3_323to481.mp4,1,fake,OpenSource,I2V,OpenSource_I2V_SEINE,6.101698270067573,0.9977659402413218,
jty7y2KedUE_23_0to259.mp4,F:\MEngDatasets\AIGVDBench\videos\OpenSource\T2V\HunyuanVideo\videos\jty7y2KedUE_23_0to259.mp4,1,fake,OpenSource,T2V,OpenSource_T2V_HunyuanVideo,4.424295396515817,0.9881592324443755,
RNH667QhwMU_14_0to144.mp4,F:\MEngDatasets\AIGVDBench\videos\Real\Real\videos\RNH667QhwMU_14_0to144.mp4,0,real,Real,,Real,-6.290492507500377,0.0018504163004509236,
dfu2UfqnXk4_1_94to284.mp4,F:\MEngDatasets\AIGVDBench\videos\Real\Real\videos\dfu2UfqnXk4_1_94to284.mp4,0,real,Real,,Real,-8.450969870979264,0.00021364740516471113,
a86X32mBO0o_104_0to103.mp4,F:\MEngDatasets\AIGVDBench\videos\Real\Real\videos\a86X32mBO0o_104_0to103.mp4,0,real,Real,,Real,-5.944599596620764,0.0026131049682427423,
SNG9ILDuAyk_1_0to1374.mp4,F:\MEngDatasets\AIGVDBench\videos\Real\Real\videos\SNG9ILDuAyk_1_0to1374.mp4,0,real,Real,,Real,-9.561103380663425,7.041010323434917e-05,
jmHXwoFzFJw_25_32to156.mp4,F:\MEngDatasets\AIGVDBench\videos\Real\Real\videos\jmHXwoFzFJw_25_32to156.mp4,0,real,Real,,Real,-2.8155414519867707,0.056490100215975364,
02M4tj70Ju0_20_0to116.mp4,F:\MEngDatasets\AIGVDBench\videos\OpenSource\T2V\Pyramid-Flow\videos\02M4tj70Ju0_20_0to116.mp4,1,fake,OpenSource,T2V,OpenSource_T2V_Pyramid-Flow,3.12293820058027,0.9578290693309502,
r03AuoH00eM_5_399to542.mp4,F:\MEngDatasets\AIGVDBench\videos\OpenSource\T2V\RepVideo\videos\r03AuoH00eM_5_399to542.mp4,1,fake,OpenSource,T2V,OpenSource_T2V_RepVideo,9.67693669455392,0.9999372906128304,
guL5esGDFbk_11_0to163.mp4,F:\MEngDatasets\AIGVDBench\videos\OpenSource\T2V\AnimateDiff\home\lma\Benchmark\bench\opensource\T2V\AnimateDiff\videos\guL5esGDFbk_11_0to163.mp4,1,fake,OpenSource,T2V,OpenSource_T2V_AnimateDiff,5.637406826019287,0.9964505499051688,
ntBZJZo4Pt0_18_16to194.mp4,F:\MEngDatasets\AIGVDBench\videos\Real\Real\videos\ntBZJZo4Pt0_18_16to194.mp4,0,real,Real,,Real,-9.688309549146398,6.20002865376394e-05,
lmwZughLY00_3_0to154.mp4,F:\MEngDatasets\AIGVDBench\videos\Real\Real\videos\lmwZughLY00_3_0to154.mp4,0,real,Real,,Real,-9.776987490715918,5.673925654072896e-05,
0BPQnk47p6M_2_55to191.mp4,F:\MEngDatasets\AIGVDBench\videos\OpenSource\T2V\VideoCrafter\videos\0BPQnk47p6M_2_55to191.mp4,1,fake,OpenSource,T2V,OpenSource_T2V_VideoCrafter,9.795295298099518,0.9999442900064464,
xPcAfdYCj5k_136_0to424.mp4,F:\MEngDatasets\AIGVDBench\videos\OpenSource\T2V\IPOC\videos\xPcAfdYCj5k_136_0to424.mp4,1,fake,OpenSource,T2V,OpenSource_T2V_IPOC,10.41197479014494,0.9999699306705222,
smJlYSVS9Ds_340_112to226.mp4,F:\MEngDatasets\AIGVDBench\videos\OpenSource\V2V\Cogvideox1.5\videos\smJlYSVS9Ds_340_112to226.mp4,1,fake,OpenSource,V2V,OpenSource_V2V_Cogvideox1.5,3.5542218478358523,0.9721917913209996,
W5R52mgaBgk_13_85to215.mp4,F:\MEngDatasets\AIGVDBench\videos\OpenSource\T2V\AnimateDiff\home\lma\Benchmark\bench\opensource\T2V\AnimateDiff\videos\W5R52mgaBgk_13_85to215.mp4,1,fake,OpenSource,T2V,OpenSource_T2V_AnimateDiff,4.400089733302593,0.9878726400935132,
D1CtTAPbHG0_2_0to1512.mp4,F:\MEngDatasets\AIGVDBench\videos\Real\Real\videos\D1CtTAPbHG0_2_0to1512.mp4,0,real,Real,,Real,-7.826166388790216,0.000398993488044791,
jty7y2KedUE_23_0to259.mp4,F:\MEngDatasets\AIGVDBench\videos\OpenSource\V2V\Cogvideox1.5\videos\jty7y2KedUE_23_0to259.mp4,1,fake,OpenSource,V2V,OpenSource_V2V_Cogvideox1.5,7.469408930564414,0.9994300597534751,
HlRfdCWGMzI_22_114to219.mp4,F:\MEngDatasets\AIGVDBench\videos\OpenSource\T2V\HunyuanVideo\videos\HlRfdCWGMzI_22_114to219.mp4,1,fake,OpenSource,T2V,OpenSource_T2V_HunyuanVideo,9.49885232520826,0.9999250678304902,
X3faHvP6oeM_78_0to154.mp4,F:\MEngDatasets\AIGVDBench\videos\Real\Real\videos\X3faHvP6oeM_78_0to154.mp4,0,real,Real,,Real,-9.81463647508002,5.464290819416176e-05,
nhskgJQ5XMU_202_0to114.mp4,F:\MEngDatasets\AIGVDBench\videos\OpenSource\I2V\LTX\videos\nhskgJQ5XMU_202_0to114.mp4,1,fake,OpenSource,I2V,OpenSource_I2V_LTX,6.796127368601001,0.9988831519930871,
YUganaCXzlA_16_50to159.mp4,F:\MEngDatasets\AIGVDBench\videos\Real\Real\videos\YUganaCXzlA_16_50to159.mp4,0,real,Real,,Real,-1.9215624749723992,0.1276874313564992,
eENFTG4UQsI_3_337to522.mp4,F:\MEngDatasets\AIGVDBench\videos\Real\Real\videos\eENFTG4UQsI_3_337to522.mp4,0,real,Real,,Real,-8.314649765084429,0.00024484268939332975,
mhC1bh5GnYY_58_38to276.mp4,F:\MEngDatasets\AIGVDBench\videos\Real\Real\videos\mhC1bh5GnYY_58_38to276.mp4,0,real,Real,,Real,-9.4363280617147,7.976642899369051e-05,
7TCW9wOxAWk_48_0to214.mp4,F:\MEngDatasets\AIGVDBench\videos\OpenSource\T2V\HunyuanVideo\videos\7TCW9wOxAWk_48_0to214.mp4,1,fake,OpenSource,T2V,OpenSource_T2V_HunyuanVideo,5.851231213771936,0.9971318941238192,
d0rEhcaKlSs_2_0to118.mp4,F:\MEngDatasets\AIGVDBench\videos\Real\Real\videos\d0rEhcaKlSs_2_0to118.mp4,0,real,Real,,Real,-5.420130111507533,0.004407062489056847,
NDznxcukiUM_64_0to161.mp4,F:\MEngDatasets\AIGVDBench\videos\Real\Real\videos\NDznxcukiUM_64_0to161.mp4,0,real,Real,,Real,-8.64567318318053,0.00017585530109543666,
7TCW9wOxAWk_48_0to214.mp4,F:\MEngDatasets\AIGVDBench\videos\OpenSource\V2V\LTX\videos\7TCW9wOxAWk_48_0to214.mp4,1,fake,OpenSource,V2V,OpenSource_V2V_LTX,6.293068168418748,0.9981543348267008,
EHRI1gr4zik_3_323to481.mp4,F:\MEngDatasets\AIGVDBench\videos\Real\Real\videos\EHRI1gr4zik_3_323to481.mp4,0,real,Real,,Real,-4.76405875091135,0.008458753281489581,
XKoYGXadgl0_25_0to126.mp4,F:\MEngDatasets\AIGVDBench\videos\Real\Real\videos\XKoYGXadgl0_25_0to126.mp4,0,real,Real,,Real,-7.675083542627002,0.0004640363414722091,
gcgj6G8r-IQ_28_24to180.mp4,F:\MEngDatasets\AIGVDBench\videos\OpenSource\T2V\AccVideo\videos\gcgj6G8r-IQ_28_24to180.mp4,1,fake,OpenSource,T2V,OpenSource_T2V_AccVideo,7.3093533299186015,0.9993311978996792,
0BPQnk47p6M_2_55to191.mp4,F:\MEngDatasets\AIGVDBench\videos\OpenSource\T2V\Pyramid-Flow\videos\0BPQnk47p6M_2_55to191.mp4,1,fake,OpenSource,T2V,OpenSource_T2V_Pyramid-Flow,10.290071358841457,0.9999660324644736,
vP4LHRkhu-U_1_0to156.mp4,F:\MEngDatasets\AIGVDBench\videos\Real\Real\videos\vP4LHRkhu-U_1_0to156.mp4,0,real,Real,,Real,-4.853988836973142,0.007736887458362033,
7DoM11yV_Qw_3_0to123.mp4,F:\MEngDatasets\AIGVDBench\videos\Real\Real\videos\7DoM11yV_Qw_3_0to123.mp4,0,real,Real,,Real,-4.272412381189711,0.013756221340008081,
HlRfdCWGMzI_22_114to219.mp4,F:\MEngDatasets\AIGVDBench\videos\OpenSource\I2V\Pyramid-Flow\videos\HlRfdCWGMzI_22_114to219.mp4,1,fake,OpenSource,I2V,OpenSource_I2V_Pyramid-Flow,6.743993571635043,0.9988234523063204,
7TCW9wOxAWk_48_0to214.mp4,F:\MEngDatasets\AIGVDBench\videos\OpenSource\T2V\Open-Sora\videos\7TCW9wOxAWk_48_0to214.mp4,1,fake,OpenSource,T2V,OpenSource_T2V_Open-Sora,0.33733895864035635,0.583543979707701,
x96KZ2Gd2JY_21_0to126.mp4,F:\MEngDatasets\AIGVDBench\videos\Real\Real\videos\x96KZ2Gd2JY_21_0to126.mp4,0,real,Real,,Real,-3.7339823075703213,0.023339718547688983,
guL5esGDFbk_11_0to163.mp4,F:\MEngDatasets\AIGVDBench\videos\OpenSource\I2V\VideoCrafter\videos\guL5esGDFbk_11_0to163.mp4,1,fake,OpenSource,I2V,OpenSource_I2V_VideoCrafter,4.055873513221741,0.982974542752592,
iFo7QhNnAmA_27_0to338.mp4,F:\MEngDatasets\AIGVDBench\videos\Real\Real\videos\iFo7QhNnAmA_27_0to338.mp4,0,real,Real,,Real,-5.141507013574154,0.00581485840020799,
7TCW9wOxAWk_48_0to214.mp4,F:\MEngDatasets\AIGVDBench\videos\OpenSource\I2V\Pyramid-Flow\videos\7TCW9wOxAWk_48_0to214.mp4,1,fake,OpenSource,I2V,OpenSource_I2V_Pyramid-Flow,-6.179252772518758,0.0020676913076270935,
lofR-R_rFJ0_6_0to212.mp4,F:\MEngDatasets\AIGVDBench\videos\Real\Real\videos\lofR-R_rFJ0_6_0to212.mp4,0,real,Real,,Real,-10.330469201372557,3.2622712014098065e-05,
EHRI1gr4zik_3_323to481.mp4,F:\MEngDatasets\AIGVDBench\videos\OpenSource\I2V\SVD\videos\EHRI1gr4zik_3_323to481.mp4,1,fake,OpenSource,I2V,OpenSource_I2V_SVD,6.433216869831085,0.9983953070541122,
fJC-CDOx98M_39_55to350.mp4,F:\MEngDatasets\AIGVDBench\videos\Real\Real\videos\fJC-CDOx98M_39_55to350.mp4,0,real,Real,,Real,-8.731191155684256,0.00016144393736036838,
vUVwNN47Uv0_7_1227to1461.mp4,F:\MEngDatasets\AIGVDBench\videos\OpenSource\T2V\Open-Sora\videos\vUVwNN47Uv0_7_1227to1461.mp4,1,fake,OpenSource,T2V,OpenSource_T2V_Open-Sora,-2.779316852221618,0.058452141575243484,
HXCmwiBewAs_63_0to212.mp4,F:\MEngDatasets\AIGVDBench\videos\Real\Real\videos\HXCmwiBewAs_63_0to212.mp4,0,real,Real,,Real,1.8629493414652798,0.8656403475800635,
RLnAOn-rxTk_39_0to115.mp4,F:\MEngDatasets\AIGVDBench\videos\Real\Real\videos\RLnAOn-rxTk_39_0to115.mp4,0,real,Real,,Real,-7.414013497725777,0.0006023836261596682,
b_ZbXBgbuRA_15_41to155.mp4,F:\MEngDatasets\AIGVDBench\videos\Real\Real\videos\b_ZbXBgbuRA_15_41to155.mp4,0,real,Real,,Real,-4.978240391259552,0.006839073848704379,
guL5esGDFbk_11_0to163.mp4,F:\MEngDatasets\AIGVDBench\videos\OpenSource\T2V\EasyAnimate\videos\guL5esGDFbk_11_0to163.mp4,1,fake,OpenSource,T2V,OpenSource_T2V_EasyAnimate,2.6878893582188352,0.9363082291206182,
Q5XrVBAu_OA_5_87to205.mp4,F:\MEngDatasets\AIGVDBench\videos\Real\Real\videos\Q5XrVBAu_OA_5_87to205.mp4,0,real,Real,,Real,-5.115876156030242,0.00596492413786011,
JZIEfgYvQio_37_106to215.mp4,F:\MEngDatasets\AIGVDBench\videos\Real\Real\videos\JZIEfgYvQio_37_106to215.mp4,0,real,Real,,Real,-6.8769177875735545,0.0010302553714515886,
g-XIIG-_jsY_60_0to139.mp4,F:\MEngDatasets\AIGVDBench\videos\Real\Real\videos\g-XIIG-_jsY_60_0to139.mp4,0,real,Real,,Real,-8.874225073581119,0.000139930454293286,
Amfrm2V_KO0_52_0to155.mp4,F:\MEngDatasets\AIGVDBench\videos\Real\Real\videos\Amfrm2V_KO0_52_0to155.mp4,0,real,Real,,Real,-5.353607433457529,0.004708775750061172,
UghRV0LelPA_0_0to1092.mp4,F:\MEngDatasets\AIGVDBench\videos\Real\Real\videos\UghRV0LelPA_0_0to1092.mp4,0,real,Real,,Real,-7.697040919391882,0.000453962943542265,
5q6XOGXMrJA_34_90to339.mp4,F:\MEngDatasets\AIGVDBench\videos\Real\Real\videos\5q6XOGXMrJA_34_90to339.mp4,0,real,Real,,Real,-8.086759960965106,0.0003074901516449304,
xPcAfdYCj5k_136_0to424.mp4,F:\MEngDatasets\AIGVDBench\videos\OpenSource\T2V\Wan2.1\videos\xPcAfdYCj5k_136_0to424.mp4,1,fake,OpenSource,T2V,OpenSource_T2V_Wan2.1,10.607504044050051,0.9999752708728806,
bG8EwSG8Hh4_1_0to149.mp4,F:\MEngDatasets\AIGVDBench\videos\OpenSource\I2V\EasyAnimate\videos\bG8EwSG8Hh4_1_0to149.mp4,1,fake,OpenSource,I2V,OpenSource_I2V_EasyAnimate,2.7404580386925717,0.9393721881911676,
NWYRv_MKaA8_10_24to132.mp4,F:\MEngDatasets\AIGVDBench\videos\OpenSource\T2V\Open-Sora\videos\NWYRv_MKaA8_10_24to132.mp4,1,fake,OpenSource,T2V,OpenSource_T2V_Open-Sora,5.691181685473468,0.9966357546402679,
gcgj6G8r-IQ_28_24to180.mp4,F:\MEngDatasets\AIGVDBench\videos\OpenSource\I2V\SEINE\videos\gcgj6G8r-IQ_28_24to180.mp4,1,fake,OpenSource,I2V,OpenSource_I2V_SEINE,3.0002993382513523,0.9525876480928943,
pv97fCP13SE_21_0to136.mp4,F:\MEngDatasets\AIGVDBench\videos\Real\Real\videos\pv97fCP13SE_21_0to136.mp4,0,real,Real,,Real,-9.033258434604196,0.0001193586418268772,
--5Uy5YZMjA_54_104to259.mp4,F:\MEngDatasets\AIGVDBench\videos\Real\Real\videos\--5Uy5YZMjA_54_104to259.mp4,0,real,Real,,Real,-6.079883331683145,0.002283218609140951,
4j-MnvZg6rw_8_0to311.mp4,F:\MEngDatasets\AIGVDBench\videos\Real\Real\videos\4j-MnvZg6rw_8_0to311.mp4,0,real,Real,,Real,-9.32705058468883,8.897638459843484e-05,
xPcAfdYCj5k_136_0to424.mp4,F:\MEngDatasets\AIGVDBench\videos\OpenSource\T2V\AnimateDiff\home\lma\Benchmark\bench\opensource\T2V\AnimateDiff\videos\xPcAfdYCj5k_136_0to424.mp4,1,fake,OpenSource,T2V,OpenSource_T2V_AnimateDiff,0.014972453936934471,0.5037430435599567,
Cz3nSPKFNLM_81_26to293.mp4,F:\MEngDatasets\AIGVDBench\videos\Real\Real\videos\Cz3nSPKFNLM_81_26to293.mp4,0,real,Real,,Real,-6.761226910885757,0.001156468806579162,
nhskgJQ5XMU_202_0to114.mp4,F:\MEngDatasets\AIGVDBench\videos\OpenSource\T2V\Pyramid-Flow\videos\nhskgJQ5XMU_202_0to114.mp4,1,fake,OpenSource,T2V,OpenSource_T2V_Pyramid-Flow,8.373771806781212,0.9997692100626662,
bG8EwSG8Hh4_1_0to149.mp4,F:\MEngDatasets\AIGVDBench\videos\OpenSource\T2V\VideoCrafter\videos\bG8EwSG8Hh4_1_0to149.mp4,1,fake,OpenSource,T2V,OpenSource_T2V_VideoCrafter,10.022040247917175,0.9999555917216766,
Ql565KLE5Og_21_0to118.mp4,F:\MEngDatasets\AIGVDBench\videos\Real\Real\videos\Ql565KLE5Og_21_0to118.mp4,0,real,Real,,Real,-7.308509751901788,0.0006693661472981387,
yB5f_KE0lWk_20_0to705.mp4,F:\MEngDatasets\AIGVDBench\videos\Real\Real\videos\yB5f_KE0lWk_20_0to705.mp4,0,real,Real,,Real,-9.477084102360068,7.658106642651532e-05,
UImljzWeGh0_15_0to106.mp4,F:\MEngDatasets\AIGVDBench\videos\Real\Real\videos\UImljzWeGh0_15_0to106.mp4,0,real,Real,,Real,-4.855497588830835,0.007725313326395725,
7u67Buew2tg_0_0to376.mp4,F:\MEngDatasets\AIGVDBench\videos\Real\Real\videos\7u67Buew2tg_0_0to376.mp4,0,real,Real,,Real,-9.613552802420678,6.68125502414176e-05,
WeSUDLaxMhU_15_0to728.mp4,F:\MEngDatasets\AIGVDBench\videos\Real\Real\videos\WeSUDLaxMhU_15_0to728.mp4,0,real,Real,,Real,-8.4734037593534,0.00020890881564238423,
jet4_Hc5j8I_13_0to109.mp4,F:\MEngDatasets\AIGVDBench\videos\OpenSource\V2V\LTX\videos\jet4_Hc5j8I_13_0to109.mp4,1,fake,OpenSource,V2V,OpenSource_V2V_LTX,9.529674792776303,0.9999273420288,
W5R52mgaBgk_13_85to215.mp4,F:\MEngDatasets\AIGVDBench\videos\OpenSource\T2V\Open-Sora\videos\W5R52mgaBgk_13_85to215.mp4,1,fake,OpenSource,T2V,OpenSource_T2V_Open-Sora,-0.059844028708097095,0.48504345622210865,
0BPQnk47p6M_2_55to191.mp4,F:\MEngDatasets\AIGVDBench\videos\OpenSource\T2V\EasyAnimate\videos\0BPQnk47p6M_2_55to191.mp4,1,fake,OpenSource,T2V,OpenSource_T2V_EasyAnimate,6.883959964830048,0.9989769669867316,
GDr_-UnTtJk_166_0to116.mp4,F:\MEngDatasets\AIGVDBench\videos\Real\Real\videos\GDr_-UnTtJk_166_0to116.mp4,0,real,Real,,Real,-8.325505080975985,0.0002421998587188367,
kN__dhihmTE_44_0to109.mp4,F:\MEngDatasets\AIGVDBench\videos\Real\Real\videos\kN__dhihmTE_44_0to109.mp4,0,real,Real,,Real,-8.605006992270093,0.00018315273023091928,
NWYRv_MKaA8_10_24to132.mp4,F:\MEngDatasets\AIGVDBench\videos\OpenSource\T2V\AnimateDiff\home\lma\Benchmark\bench\opensource\T2V\AnimateDiff\videos\NWYRv_MKaA8_10_24to132.mp4,1,fake,OpenSource,T2V,OpenSource_T2V_AnimateDiff,1.9624622539267875,0.8767991778259283,
xHAnQq4NZQQ_8_21to284.mp4,F:\MEngDatasets\AIGVDBench\videos\Real\Real\videos\xHAnQq4NZQQ_8_21to284.mp4,0,real,Real,,Real,-8.193385664096548,0.0002763998241943283,
6ezWis4TNn8_139_77to244.mp4,F:\MEngDatasets\AIGVDBench\videos\Real\Real\videos\6ezWis4TNn8_139_77to244.mp4,0,real,Real,,Real,-6.694211006164551,0.0012365274163418645,
gcgj6G8r-IQ_28_24to180.mp4,F:\MEngDatasets\AIGVDBench\videos\OpenSource\V2V\Cogvideox1.5\videos\gcgj6G8r-IQ_28_24to180.mp4,1,fake,OpenSource,V2V,OpenSource_V2V_Cogvideox1.5,-1.7476818044574893,0.14833982886440214,
4sa460KtMbM_2_0to1077.mp4,F:\MEngDatasets\AIGVDBench\videos\Real\Real\videos\4sa460KtMbM_2_0to1077.mp4,0,real,Real,,Real,-6.183886769311563,0.002058151474127722,
HPoXMfaRYwQ_26_0to580.mp4,F:\MEngDatasets\AIGVDBench\videos\Real\Real\videos\HPoXMfaRYwQ_26_0to580.mp4,0,real,Real,,Real,-5.528942900329049,0.0039544837245208166,
0BPQnk47p6M_2_55to191.mp4,F:\MEngDatasets\AIGVDBench\videos\OpenSource\T2V\IPOC\videos\0BPQnk47p6M_2_55to191.mp4,1,fake,OpenSource,T2V,OpenSource_T2V_IPOC,10.030275481087822,0.9999559559164234,
Ghcjnzv4ZjM_5_39to275.mp4,F:\MEngDatasets\AIGVDBench\videos\Real\Real\videos\Ghcjnzv4ZjM_5_39to275.mp4,0,real,Real,,Real,-2.270502864690714,0.09359554278262104,
Q66yzo2mBBI_1_109to281.mp4,F:\MEngDatasets\AIGVDBench\videos\Real\Real\videos\Q66yzo2mBBI_1_109to281.mp4,0,real,Real,,Real,-6.380075819444972,0.001692126293557344,
o82SKvbybvY_14_104to700.mp4,F:\MEngDatasets\AIGVDBench\videos\OpenSource\T2V\Wan2.1\videos\o82SKvbybvY_14_104to700.mp4,1,fake,OpenSource,T2V,OpenSource_T2V_Wan2.1,10.549878332349989,0.9999738040182865,
tFMtl2JgxIo_31_0to166.mp4,F:\MEngDatasets\AIGVDBench\videos\Real\Real\videos\tFMtl2JgxIo_31_0to166.mp4,0,real,Real,,Real,-3.366419160850795,0.03336159312065418,
B_Dh5QxGkrg_10_27to348.mp4,F:\MEngDatasets\AIGVDBench\videos\Real\Real\videos\B_Dh5QxGkrg_10_27to348.mp4,0,real,Real,,Real,0.8527889892458915,0.7011518691536248,
_z-VHQyqbrw_7_160to373.mp4,F:\MEngDatasets\AIGVDBench\videos\Real\Real\videos\_z-VHQyqbrw_7_160to373.mp4,0,real,Real,,Real,-7.11642229060332,0.0008110071992805801,
NWYRv_MKaA8_10_24to132.mp4,F:\MEngDatasets\AIGVDBench\videos\OpenSource\I2V\VideoCrafter\videos\NWYRv_MKaA8_10_24to132.mp4,1,fake,OpenSource,I2V,OpenSource_I2V_VideoCrafter,7.585235685110092,0.9994923627555758,
HHuq1U0XgS8_36_0to136.mp4,F:\MEngDatasets\AIGVDBench\videos\Real\Real\videos\HHuq1U0XgS8_36_0to136.mp4,0,real,Real,,Real,-6.123914700220613,0.002185081453918159,
vUVwNN47Uv0_7_1227to1461.mp4,F:\MEngDatasets\AIGVDBench\videos\Real\Real\videos\vUVwNN47Uv0_7_1227to1461.mp4,0,real,Real,,Real,-6.660256354321896,0.0012791795888449533,
W5R52mgaBgk_13_85to215.mp4,F:\MEngDatasets\AIGVDBench\videos\OpenSource\T2V\LTX\videos\W5R52mgaBgk_13_85to215.mp4,1,fake,OpenSource,T2V,OpenSource_T2V_LTX,9.654968419025854,0.9999358978416654,
eENFTG4UQsI_3_337to522.mp4,F:\MEngDatasets\AIGVDBench\videos\OpenSource\T2V\IPOC\videos\eENFTG4UQsI_3_337to522.mp4,1,fake,OpenSource,T2V,OpenSource_T2V_IPOC,9.128935152170609,0.9998915307274423,
7TCW9wOxAWk_48_0to214.mp4,F:\MEngDatasets\AIGVDBench\videos\OpenSource\T2V\LTX\videos\7TCW9wOxAWk_48_0to214.mp4,1,fake,OpenSource,T2V,OpenSource_T2V_LTX,10.08959035775096,0.999958492310814,
WXecl5wx3l8_1_93to475.mp4,F:\MEngDatasets\AIGVDBench\videos\Real\Real\videos\WXecl5wx3l8_1_93to475.mp4,0,real,Real,,Real,-7.099193630126044,0.0008250891970013478,
bG8EwSG8Hh4_1_0to149.mp4,F:\MEngDatasets\AIGVDBench\videos\OpenSource\I2V\LTX\videos\bG8EwSG8Hh4_1_0to149.mp4,1,fake,OpenSource,I2V,OpenSource_I2V_LTX,8.11683438262161,0.9997016170442607,
02M4tj70Ju0_20_0to116.mp4,F:\MEngDatasets\AIGVDBench\videos\OpenSource\I2V\SVD\videos\02M4tj70Ju0_20_0to116.mp4,1,fake,OpenSource,I2V,OpenSource_I2V_SVD,0.4169007334858179,0.6027413852701535,
5A1hsAWgyp4_9_0to273.mp4,F:\MEngDatasets\AIGVDBench\videos\Real\Real\videos\5A1hsAWgyp4_9_0to273.mp4,0,real,Real,,Real,-8.336065777928837,0.0002396561278281536,
hSGYpeH1Kgs_19_58to420.mp4,F:\MEngDatasets\AIGVDBench\videos\Real\Real\videos\hSGYpeH1Kgs_19_58to420.mp4,0,real,Real,,Real,-1.1987845437926217,0.2316915099703839,
8KWGPcdr-a0_16_0to592.mp4,F:\MEngDatasets\AIGVDBench\videos\Real\Real\videos\8KWGPcdr-a0_16_0to592.mp4,0,real,Real,,Real,-7.913236879008037,0.0003657345794197451,
4cvgTuAaMDM_1_0to181.mp4,F:\MEngDatasets\AIGVDBench\videos\OpenSource\T2V\Open-Sora\videos\4cvgTuAaMDM_1_0to181.mp4,1,fake,OpenSource,T2V,OpenSource_T2V_Open-Sora,-4.573844368393357,0.010212838074900409,
90u26k64J9A_14_0to144.mp4,F:\MEngDatasets\AIGVDBench\videos\OpenSource\T2V\AccVideo\videos\90u26k64J9A_14_0to144.mp4,1,fake,OpenSource,T2V,OpenSource_T2V_AccVideo,7.761179158181855,0.9995742273422956,
Vh2cObLYHJ8_13_0to496.mp4,F:\MEngDatasets\AIGVDBench\videos\OpenSource\T2V\HunyuanVideo\videos\Vh2cObLYHJ8_13_0to496.mp4,1,fake,OpenSource,T2V,OpenSource_T2V_HunyuanVideo,8.481735359538686,0.9997928241393175,
7TCW9wOxAWk_48_0to214.mp4,F:\MEngDatasets\AIGVDBench\videos\OpenSource\T2V\Pyramid-Flow\videos\7TCW9wOxAWk_48_0to214.mp4,1,fake,OpenSource,T2V,OpenSource_T2V_Pyramid-Flow,5.97918487532755,0.9974755007846118,
6KKaJWOOTbc_11_0to193.mp4,F:\MEngDatasets\AIGVDBench\videos\Real\Real\videos\6KKaJWOOTbc_11_0to193.mp4,0,real,Real,,Real,-8.879975075548794,0.00013912827432679153,
zd-EAPpZI_A_56_0to111.mp4,F:\MEngDatasets\AIGVDBench\videos\Real\Real\videos\zd-EAPpZI_A_56_0to111.mp4,0,real,Real,,Real,-6.325336048194954,0.001787164824221543,
o82SKvbybvY_14_104to700.mp4,F:\MEngDatasets\AIGVDBench\videos\OpenSource\I2V\SVD\videos\o82SKvbybvY_14_104to700.mp4,1,fake,OpenSource,I2V,OpenSource_I2V_SVD,9.238728702068329,0.9999028083638878,
vUVwNN47Uv0_7_1227to1461.mp4,F:\MEngDatasets\AIGVDBench\videos\OpenSource\I2V\Pyramid-Flow\videos\vUVwNN47Uv0_7_1227to1461.mp4,1,fake,OpenSource,I2V,OpenSource_I2V_Pyramid-Flow,6.551156044006348,0.9985735743196976,
xPcAfdYCj5k_136_0to424.mp4,F:\MEngDatasets\AIGVDBench\videos\OpenSource\T2V\EasyAnimate\videos\xPcAfdYCj5k_136_0to424.mp4,1,fake,OpenSource,T2V,OpenSource_T2V_EasyAnimate,4.143921074818592,0.9843870901089816,
90u26k64J9A_14_0to144.mp4,F:\MEngDatasets\AIGVDBench\videos\Real\Real\videos\90u26k64J9A_14_0to144.mp4,0,real,Real,,Real,-7.971850352558663,0.00034492093779901306,
e22MWfddMOk_40_492to713.mp4,F:\MEngDatasets\AIGVDBench\videos\Real\Real\videos\e22MWfddMOk_40_492to713.mp4,0,real,Real,,Real,-5.9851278305053714,0.0025095782620656276,
QWSRMwWSuFs_13_0to106.mp4,F:\MEngDatasets\AIGVDBench\videos\Real\Real\videos\QWSRMwWSuFs_13_0to106.mp4,0,real,Real,,Real,-9.424758969612842,8.069453802806688e-05,
Yucbqr3ANi0_19_0to209.mp4,F:\MEngDatasets\AIGVDBench\videos\Real\Real\videos\Yucbqr3ANi0_19_0to209.mp4,0,real,Real,,Real,-9.742248877383876,5.8744817363133663e-05,
r03AuoH00eM_5_399to542.mp4,F:\MEngDatasets\AIGVDBench\videos\OpenSource\T2V\AccVideo\videos\r03AuoH00eM_5_399to542.mp4,1,fake,OpenSource,T2V,OpenSource_T2V_AccVideo,6.235330393820098,0.9980448482349754,
y3vyO-025CI_3_0to339.mp4,F:\MEngDatasets\AIGVDBench\videos\OpenSource\V2V\Cogvideox1.5\videos\y3vyO-025CI_3_0to339.mp4,1,fake,OpenSource,V2V,OpenSource_V2V_Cogvideox1.5,6.7410496740925065,0.9988199876603101,
CmpJjeyTpfU_16_114to217.mp4,F:\MEngDatasets\AIGVDBench\videos\Real\Real\videos\CmpJjeyTpfU_16_114to217.mp4,0,real,Real,,Real,-6.582494410072885,0.0013824778527181966,
rd-zarq6T8Q_17_0to1180.mp4,F:\MEngDatasets\AIGVDBench\videos\Real\Real\videos\rd-zarq6T8Q_17_0to1180.mp4,0,real,Real,,Real,-8.021265573016668,0.0003282963264133529,
gcgj6G8r-IQ_28_24to180.mp4,F:\MEngDatasets\AIGVDBench\videos\OpenSource\I2V\SVD\videos\gcgj6G8r-IQ_28_24to180.mp4,1,fake,OpenSource,I2V,OpenSource_I2V_SVD,-6.201400727033615,0.002022491187609026,
jty7y2KedUE_23_0to259.mp4,F:\MEngDatasets\AIGVDBench\videos\OpenSource\I2V\SVD\videos\jty7y2KedUE_23_0to259.mp4,1,fake,OpenSource,I2V,OpenSource_I2V_SVD,9.76560515165329,0.9999426112657908,
8YLy4kHzkdY_72_25to149.mp4,F:\MEngDatasets\AIGVDBench\videos\Real\Real\videos\8YLy4kHzkdY_72_25to149.mp4,0,real,Real,,Real,-5.6868316872606,0.003378862141646049,
Hb9-kcCKO1s_39_0to111.mp4,F:\MEngDatasets\AIGVDBench\videos\Real\Real\videos\Hb9-kcCKO1s_39_0to111.mp4,0,real,Real,,Real,-6.435976765177271,0.0016002773446795065,
W5R52mgaBgk_13_85to215.mp4,F:\MEngDatasets\AIGVDBench\videos\OpenSource\T2V\HunyuanVideo\videos\W5R52mgaBgk_13_85to215.mp4,1,fake,OpenSource,T2V,OpenSource_T2V_HunyuanVideo,10.226782740968646,0.9999638133006646,
bG8EwSG8Hh4_1_0to149.mp4,F:\MEngDatasets\AIGVDBench\videos\OpenSource\T2V\Cogvideox1.5\videos\bG8EwSG8Hh4_1_0to149.mp4,1,fake,OpenSource,T2V,OpenSource_T2V_Cogvideox1.5,8.500901727965385,0.9997967563377946,
QRYsvqSzYuE_43_455to1014.mp4,F:\MEngDatasets\AIGVDBench\videos\OpenSource\T2V\Cogvideox1.5\videos\QRYsvqSzYuE_43_455to1014.mp4,1,fake,OpenSource,T2V,OpenSource_T2V_Cogvideox1.5,3.221999497124643,0.9616538155630434,
smJlYSVS9Ds_340_112to226.mp4,F:\MEngDatasets\AIGVDBench\videos\OpenSource\T2V\AnimateDiff\home\lma\Benchmark\bench\opensource\T2V\AnimateDiff\videos\smJlYSVS9Ds_340_112to226.mp4,1,fake,OpenSource,T2V,OpenSource_T2V_AnimateDiff,4.822777733206749,0.9920197852772288,
Vh2cObLYHJ8_13_0to496.mp4,F:\MEngDatasets\AIGVDBench\videos\OpenSource\V2V\LTX\videos\Vh2cObLYHJ8_13_0to496.mp4,1,fake,OpenSource,V2V,OpenSource_V2V_LTX,9.486734954678283,0.9999241543954551,
90u26k64J9A_14_0to144.mp4,F:\MEngDatasets\AIGVDBench\videos\OpenSource\I2V\EasyAnimate\videos\90u26k64J9A_14_0to144.mp4,1,fake,OpenSource,I2V,OpenSource_I2V_EasyAnimate,-1.1708900609186716,0.23669413926113528,
W5R52mgaBgk_13_85to215.mp4,F:\MEngDatasets\AIGVDBench\videos\OpenSource\V2V\LTX\videos\W5R52mgaBgk_13_85to215.mp4,1,fake,OpenSource,V2V,OpenSource_V2V_LTX,4.567106721352558,0.9897188289360918,
LCj92toBBBE_3_0to145.mp4,F:\MEngDatasets\AIGVDBench\videos\Real\Real\videos\LCj92toBBBE_3_0to145.mp4,0,real,Real,,Real,-7.497498833208248,0.0005541621918430231,
W5R52mgaBgk_13_85to215.mp4,F:\MEngDatasets\AIGVDBench\videos\OpenSource\T2V\VideoCrafter\videos\W5R52mgaBgk_13_85to215.mp4,1,fake,OpenSource,T2V,OpenSource_T2V_VideoCrafter,8.097047120332718,0.9996956558762582,
XQR-c1MFjEE_14_0to280.mp4,F:\MEngDatasets\AIGVDBench\videos\Real\Real\videos\XQR-c1MFjEE_14_0to280.mp4,0,real,Real,,Real,-1.0221206619761818,0.26461452717672107,
HlRfdCWGMzI_22_114to219.mp4,F:\MEngDatasets\AIGVDBench\videos\OpenSource\T2V\Pyramid-Flow\videos\HlRfdCWGMzI_22_114to219.mp4,1,fake,OpenSource,T2V,OpenSource_T2V_Pyramid-Flow,6.037263125516056,0.9976176034983258,
XfKW1oVWluY_4_0to131.mp4,F:\MEngDatasets\AIGVDBench\videos\Real\Real\videos\XfKW1oVWluY_4_0to131.mp4,0,real,Real,,Real,-3.956507605905751,0.018770726227218208,
gcgj6G8r-IQ_28_24to180.mp4,F:\MEngDatasets\AIGVDBench\videos\Real\Real\videos\gcgj6G8r-IQ_28_24to180.mp4,0,real,Real,,Real,-7.203835639247188,0.0007431749397083789,
0BPQnk47p6M_2_55to191.mp4,F:\MEngDatasets\AIGVDBench\videos\OpenSource\I2V\EasyAnimate\videos\0BPQnk47p6M_2_55to191.mp4,1,fake,OpenSource,I2V,OpenSource_I2V_EasyAnimate,2.1106312755419285,0.891932196409631,
w-NUjFCZsKM_6_0to101.mp4,F:\MEngDatasets\AIGVDBench\videos\Real\Real\videos\w-NUjFCZsKM_6_0to101.mp4,0,real,Real,,Real,-7.701258876536152,0.0004520530436603225,
50KDhKUOrqI_57_294to582.mp4,F:\MEngDatasets\AIGVDBench\videos\OpenSource\V2V\Cogvideox1.5\videos\50KDhKUOrqI_57_294to582.mp4,1,fake,OpenSource,V2V,OpenSource_V2V_Cogvideox1.5,10.065949459465182,0.9999574993828511,
eENFTG4UQsI_3_337to522.mp4,F:\MEngDatasets\AIGVDBench\videos\OpenSource\T2V\Wan2.1\videos\eENFTG4UQsI_3_337to522.mp4,1,fake,OpenSource,T2V,OpenSource_T2V_Wan2.1,8.483498907383577,0.9997931891063856,
eENFTG4UQsI_3_337to522.mp4,F:\MEngDatasets\AIGVDBench\videos\OpenSource\I2V\EasyAnimate\videos\eENFTG4UQsI_3_337to522.mp4,1,fake,OpenSource,I2V,OpenSource_I2V_EasyAnimate,-0.5210280129495932,0.372611881314278,
o82SKvbybvY_14_104to700.mp4,F:\MEngDatasets\AIGVDBench\videos\OpenSource\V2V\Cogvideox1.5\videos\o82SKvbybvY_14_104to700.mp4,1,fake,OpenSource,V2V,OpenSource_V2V_Cogvideox1.5,6.616965113853921,0.9986643025700733,
urWboswP8pU_13_26to163.mp4,F:\MEngDatasets\AIGVDBench\videos\Real\Real\videos\urWboswP8pU_13_26to163.mp4,0,real,Real,,Real,-8.488810759423108,0.00020571548264195356,
DqGAK7Vi5Jc_28_0to306.mp4,F:\MEngDatasets\AIGVDBench\videos\Real\Real\videos\DqGAK7Vi5Jc_28_0to306.mp4,0,real,Real,,Real,-7.299177395670037,0.0006756379097259136,
xPcAfdYCj5k_136_0to424.mp4,F:\MEngDatasets\AIGVDBench\videos\OpenSource\T2V\Cogvideox1.5\videos\xPcAfdYCj5k_136_0to424.mp4,1,fake,OpenSource,T2V,OpenSource_T2V_Cogvideox1.5,3.8459755739930905,0.9790813898455704,
o82SKvbybvY_14_104to700.mp4,F:\MEngDatasets\AIGVDBench\videos\OpenSource\T2V\RepVideo\videos\o82SKvbybvY_14_104to700.mp4,1,fake,OpenSource,T2V,OpenSource_T2V_RepVideo,9.32945409113047,0.99991123719496,
8ujniyn3tjg_15_0to235.mp4,F:\MEngDatasets\AIGVDBench\videos\Real\Real\videos\8ujniyn3tjg_15_0to235.mp4,0,real,Real,,Real,-3.2103894772562893,0.03877661487068507,
WG-gUJfXJrE_43_100to638.mp4,F:\MEngDatasets\AIGVDBench\videos\Real\Real\videos\WG-gUJfXJrE_43_100to638.mp4,0,real,Real,,Real,-3.893315917429491,0.019970706896249985,
Vh2cObLYHJ8_13_0to496.mp4,F:\MEngDatasets\AIGVDBench\videos\OpenSource\V2V\Cogvideox1.5\videos\Vh2cObLYHJ8_13_0to496.mp4,1,fake,OpenSource,V2V,OpenSource_V2V_Cogvideox1.5,6.5445966866551615,0.9985642006087391,
peZbzdef1Hs_8_0to315.mp4,F:\MEngDatasets\AIGVDBench\videos\Real\Real\videos\peZbzdef1Hs_8_0to315.mp4,0,real,Real,,Real,-7.839702033672203,0.00039363135159453053,
HlRfdCWGMzI_22_114to219.mp4,F:\MEngDatasets\AIGVDBench\videos\OpenSource\V2V\Cogvideox1.5\videos\HlRfdCWGMzI_22_114to219.mp4,1,fake,OpenSource,V2V,OpenSource_V2V_Cogvideox1.5,7.528511679902369,0.9994627511017529,
cgexTg6KRsQ_179_29to182.mp4,F:\MEngDatasets\AIGVDBench\videos\Real\Real\videos\cgexTg6KRsQ_179_29to182.mp4,0,real,Real,,Real,-0.24094166002716078,0.44005430648690746,
0yt-RZwC4o4_157_25to153.mp4,F:\MEngDatasets\AIGVDBench\videos\Real\Real\videos\0yt-RZwC4o4_157_25to153.mp4,0,real,Real,,Real,-4.697585225383812,0.009034893154861496,
5xn-IIkZ3fA_28_0to254.mp4,F:\MEngDatasets\AIGVDBench\videos\Real\Real\videos\5xn-IIkZ3fA_28_0to254.mp4,0,real,Real,,Real,-8.559054249853599,0.00019176382292185852,
eENFTG4UQsI_3_337to522.mp4,F:\MEngDatasets\AIGVDBench\videos\OpenSource\V2V\Cogvideox1.5\videos\eENFTG4UQsI_3_337to522.mp4,1,fake,OpenSource,V2V,OpenSource_V2V_Cogvideox1.5,0.4720904322303071,0.6158784141722675,
0ojwJ00IxOM_5_96to472.mp4,F:\MEngDatasets\AIGVDBench\videos\Real\Real\videos\0ojwJ00IxOM_5_96to472.mp4,0,real,Real,,Real,-1.2246865651921146,0.22711275390876862,
uUoQuaVcXu4_89_48to151.mp4,F:\MEngDatasets\AIGVDBench\videos\Real\Real\videos\uUoQuaVcXu4_89_48to151.mp4,0,real,Real,,Real,-6.956047551661003,0.0009519481839906715,
90u26k64J9A_14_0to144.mp4,F:\MEngDatasets\AIGVDBench\videos\OpenSource\V2V\Cogvideox1.5\videos\90u26k64J9A_14_0to144.mp4,1,fake,OpenSource,V2V,OpenSource_V2V_Cogvideox1.5,7.400807823453631,0.9993896136228763,
NWYRv_MKaA8_10_24to132.mp4,F:\MEngDatasets\AIGVDBench\videos\OpenSource\T2V\Pyramid-Flow\videos\NWYRv_MKaA8_10_24to132.mp4,1,fake,OpenSource,T2V,OpenSource_T2V_Pyramid-Flow,6.7508995693721126,0.9988315400887706,
Vh2cObLYHJ8_13_0to496.mp4,F:\MEngDatasets\AIGVDBench\videos\OpenSource\T2V\Cogvideox1.5\videos\Vh2cObLYHJ8_13_0to496.mp4,1,fake,OpenSource,T2V,OpenSource_T2V_Cogvideox1.5,4.709796544277307,0.9910737850926863,
gcgj6G8r-IQ_28_24to180.mp4,F:\MEngDatasets\AIGVDBench\videos\OpenSource\T2V\Open-Sora\videos\gcgj6G8r-IQ_28_24to180.mp4,1,fake,OpenSource,T2V,OpenSource_T2V_Open-Sora,1.3765225321859926,0.7984319229541579,
FQZcloAq5bo_11_27to169.mp4,F:\MEngDatasets\AIGVDBench\videos\Real\Real\videos\FQZcloAq5bo_11_27to169.mp4,0,real,Real,,Real,-7.858871657001085,0.00038616033777201205,
Vh2cObLYHJ8_13_0to496.mp4,F:\MEngDatasets\AIGVDBench\videos\OpenSource\T2V\Pyramid-Flow\videos\Vh2cObLYHJ8_13_0to496.mp4,1,fake,OpenSource,T2V,OpenSource_T2V_Pyramid-Flow,4.500085282861517,0.9890139840339248,
y3vyO-025CI_3_0to339.mp4,F:\MEngDatasets\AIGVDBench\videos\OpenSource\T2V\Pyramid-Flow\videos\y3vyO-025CI_3_0to339.mp4,1,fake,OpenSource,T2V,OpenSource_T2V_Pyramid-Flow,2.775989377347941,0.9413644599318031,
4cvgTuAaMDM_1_0to181.mp4,F:\MEngDatasets\AIGVDBench\videos\OpenSource\I2V\EasyAnimate\videos\4cvgTuAaMDM_1_0to181.mp4,1,fake,OpenSource,I2V,OpenSource_I2V_EasyAnimate,-3.4006317440344365,0.03227572697099981,
vUVwNN47Uv0_7_1227to1461.mp4,F:\MEngDatasets\AIGVDBench\videos\OpenSource\V2V\Cogvideox1.5\videos\vUVwNN47Uv0_7_1227to1461.mp4,1,fake,OpenSource,V2V,OpenSource_V2V_Cogvideox1.5,3.3686143841062273,0.9667091272772875,
guL5esGDFbk_11_0to163.mp4,F:\MEngDatasets\AIGVDBench\videos\OpenSource\T2V\Open-Sora\videos\guL5esGDFbk_11_0to163.mp4,1,fake,OpenSource,T2V,OpenSource_T2V_Open-Sora,0.9542622447668297,0.7219715415024456,
Vh2cObLYHJ8_13_0to496.mp4,F:\MEngDatasets\AIGVDBench\videos\OpenSource\I2V\SEINE\videos\Vh2cObLYHJ8_13_0to496.mp4,1,fake,OpenSource,I2V,OpenSource_I2V_SEINE,2.677626619115472,0.9356934619904667,
xPcAfdYCj5k_136_0to424.mp4,F:\MEngDatasets\AIGVDBench\videos\OpenSource\V2V\Cogvideox1.5\videos\xPcAfdYCj5k_136_0to424.mp4,1,fake,OpenSource,V2V,OpenSource_V2V_Cogvideox1.5,-1.8944158563105276,0.1307417956903816,
49t2UhE8UfA_415_0to131.mp4,F:\MEngDatasets\AIGVDBench\videos\Real\Real\videos\49t2UhE8UfA_415_0to131.mp4,0,real,Real,,Real,-8.09626170697103,0.00030458318074374455,
7TCW9wOxAWk_48_0to214.mp4,F:\MEngDatasets\AIGVDBench\videos\OpenSource\T2V\VideoCrafter\videos\7TCW9wOxAWk_48_0to214.mp4,1,fake,OpenSource,T2V,OpenSource_T2V_VideoCrafter,6.333697587251663,0.9982276899489023,
FcQuhewq7_c_10_565to788.mp4,F:\MEngDatasets\AIGVDBench\videos\Real\Real\videos\FcQuhewq7_c_10_565to788.mp4,0,real,Real,,Real,-2.6380862107887717,0.06672711727205417,
HlRfdCWGMzI_22_114to219.mp4,F:\MEngDatasets\AIGVDBench\videos\OpenSource\T2V\LTX\videos\HlRfdCWGMzI_22_114to219.mp4,1,fake,OpenSource,T2V,OpenSource_T2V_LTX,9.685132596910615,0.9999378024405672,
xPcAfdYCj5k_136_0to424.mp4,F:\MEngDatasets\AIGVDBench\videos\OpenSource\V2V\LTX\videos\xPcAfdYCj5k_136_0to424.mp4,1,fake,OpenSource,V2V,OpenSource_V2V_LTX,6.55771372269611,0.9985828845451298,
guL5esGDFbk_11_0to163.mp4,F:\MEngDatasets\AIGVDBench\videos\OpenSource\T2V\HunyuanVideo\videos\guL5esGDFbk_11_0to163.mp4,1,fake,OpenSource,T2V,OpenSource_T2V_HunyuanVideo,9.62825870513916,0.9999341627351327,
9WeoZZ5CcY8_35_0to439.mp4,F:\MEngDatasets\AIGVDBench\videos\Real\Real\videos\9WeoZZ5CcY8_35_0to439.mp4,0,real,Real,,Real,-8.652295323873707,0.00017469481268841757,
2B9BLASX3YQ_27_0to157.mp4,F:\MEngDatasets\AIGVDBench\videos\Real\Real\videos\2B9BLASX3YQ_27_0to157.mp4,0,real,Real,,Real,-8.653544581988278,0.00017447674809155253,
nhskgJQ5XMU_202_0to114.mp4,F:\MEngDatasets\AIGVDBench\videos\OpenSource\T2V\AnimateDiff\home\lma\Benchmark\bench\opensource\T2V\AnimateDiff\videos\nhskgJQ5XMU_202_0to114.mp4,1,fake,OpenSource,T2V,OpenSource_T2V_AnimateDiff,7.381801873445511,0.9993779089902697,
LV3MODQ0IRs_9_22to142.mp4,F:\MEngDatasets\AIGVDBench\videos\Real\Real\videos\LV3MODQ0IRs_9_22to142.mp4,0,real,Real,,Real,-2.9291996507331577,0.05072885224351256,
R076_ORzIgM_1_0to303.mp4,F:\MEngDatasets\AIGVDBench\videos\Real\Real\videos\R076_ORzIgM_1_0to303.mp4,0,real,Real,,Real,-7.307426709153078,0.0006700910061219774,
7TxVWght5yw_4_0to296.mp4,F:\MEngDatasets\AIGVDBench\videos\Real\Real\videos\7TxVWght5yw_4_0to296.mp4,0,real,Real,,Real,-9.346552958054977,8.725809516216932e-05,
NWYRv_MKaA8_10_24to132.mp4,F:\MEngDatasets\AIGVDBench\videos\OpenSource\T2V\HunyuanVideo\videos\NWYRv_MKaA8_10_24to132.mp4,1,fake,OpenSource,T2V,OpenSource_T2V_HunyuanVideo,8.845998452634227,0.9998560640859702,
0BPQnk47p6M_2_55to191.mp4,F:\MEngDatasets\AIGVDBench\videos\OpenSource\I2V\SEINE\videos\0BPQnk47p6M_2_55to191.mp4,1,fake,OpenSource,I2V,OpenSource_I2V_SEINE,5.707526661455631,0.9966901156691644,
guL5esGDFbk_11_0to163.mp4,F:\MEngDatasets\AIGVDBench\videos\OpenSource\T2V\IPOC\videos\guL5esGDFbk_11_0to163.mp4,1,fake,OpenSource,T2V,OpenSource_T2V_IPOC,9.760998180934362,0.9999423462829,
EHRI1gr4zik_3_323to481.mp4,F:\MEngDatasets\AIGVDBench\videos\OpenSource\T2V\AccVideo\videos\EHRI1gr4zik_3_323to481.mp4,1,fake,OpenSource,T2V,OpenSource_T2V_AccVideo,8.012443947069572,0.9996687957178075,
PF7NpKG_S8g_2_56to408.mp4,F:\MEngDatasets\AIGVDBench\videos\Real\Real\videos\PF7NpKG_S8g_2_56to408.mp4,0,real,Real,,Real,-8.216224759727087,0.00027016033103507563,
UgUXeOJEmjQ_2_66to213.mp4,F:\MEngDatasets\AIGVDBench\videos\Real\Real\videos\UgUXeOJEmjQ_2_66to213.mp4,0,real,Real,,Real,-8.62941841473655,0.00017873663161701992,
ZVJ5oLS74mc_81_120to282.mp4,F:\MEngDatasets\AIGVDBench\videos\Real\Real\videos\ZVJ5oLS74mc_81_120to282.mp4,0,real,Real,,Real,-1.1655658599755443,0.23765741090028866,
wyQ6oYCe4uA_27_0to175.mp4,F:\MEngDatasets\AIGVDBench\videos\Real\Real\videos\wyQ6oYCe4uA_27_0to175.mp4,0,real,Real,,Real,-7.746667584010533,0.0004319936490956231,
02M4tj70Ju0_20_0to116.mp4,F:\MEngDatasets\AIGVDBench\videos\OpenSource\T2V\Wan2.1\videos\02M4tj70Ju0_20_0to116.mp4,1,fake,OpenSource,T2V,OpenSource_T2V_Wan2.1,9.887625658953631,0.9999492031623897,
RidX1TOSQDg_19_21to218.mp4,F:\MEngDatasets\AIGVDBench\videos\Real\Real\videos\RidX1TOSQDg_19_21to218.mp4,0,real,Real,,Real,-7.425920762799003,0.0005952576638325398,
7TCW9wOxAWk_48_0to214.mp4,F:\MEngDatasets\AIGVDBench\videos\OpenSource\T2V\AccVideo\videos\7TCW9wOxAWk_48_0to214.mp4,1,fake,OpenSource,T2V,OpenSource_T2V_AccVideo,7.304403247255268,0.9993278812971746,
xPcAfdYCj5k_136_0to424.mp4,F:\MEngDatasets\AIGVDBench\videos\OpenSource\T2V\Open-Sora\videos\xPcAfdYCj5k_136_0to424.mp4,1,fake,OpenSource,T2V,OpenSource_T2V_Open-Sora,-3.3778897177528693,0.03299365720007722,
bG8EwSG8Hh4_1_0to149.mp4,F:\MEngDatasets\AIGVDBench\videos\OpenSource\T2V\HunyuanVideo\videos\bG8EwSG8Hh4_1_0to149.mp4,1,fake,OpenSource,T2V,OpenSource_T2V_HunyuanVideo,7.844497709563284,0.9996082511198037,
7TCW9wOxAWk_48_0to214.mp4,F:\MEngDatasets\AIGVDBench\videos\Real\Real\videos\7TCW9wOxAWk_48_0to214.mp4,0,real,Real,,Real,-7.554519261155173,0.0005234637047725177,
r03AuoH00eM_5_399to542.mp4,F:\MEngDatasets\AIGVDBench\videos\OpenSource\T2V\LTX\videos\r03AuoH00eM_5_399to542.mp4,1,fake,OpenSource,T2V,OpenSource_T2V_LTX,8.545224927135349,0.9998055663102422,
rgdTYAO41ZM_25_0to285.mp4,F:\MEngDatasets\AIGVDBench\videos\Real\Real\videos\rgdTYAO41ZM_25_0to285.mp4,0,real,Real,,Real,-9.214124912964671,9.961233752981091e-05,
zBKLvi7AnQQ_145_0to106.mp4,F:\MEngDatasets\AIGVDBench\videos\Real\Real\videos\zBKLvi7AnQQ_145_0to106.mp4,0,real,Real,,Real,-5.109001805197518,0.006005823266821706,
HlRfdCWGMzI_22_114to219.mp4,F:\MEngDatasets\AIGVDBench\videos\OpenSource\T2V\AccVideo\videos\HlRfdCWGMzI_22_114to219.mp4,1,fake,OpenSource,T2V,OpenSource_T2V_AccVideo,9.540280891187264,0.9999281085190711,
gi3DWHw_Ufs_9_0to127.mp4,F:\MEngDatasets\AIGVDBench\videos\Real\Real\videos\gi3DWHw_Ufs_9_0to127.mp4,0,real,Real,,Real,-4.529137865764889,0.01067479371862069,
l83gNISH_wE_26_46to148.mp4,F:\MEngDatasets\AIGVDBench\videos\Real\Real\videos\l83gNISH_wE_26_46to148.mp4,0,real,Real,,Real,-6.7617864461592685,0.0011558226501952717,
50KDhKUOrqI_57_294to582.mp4,F:\MEngDatasets\AIGVDBench\videos\OpenSource\T2V\EasyAnimate\videos\50KDhKUOrqI_57_294to582.mp4,1,fake,OpenSource,T2V,OpenSource_T2V_EasyAnimate,7.284379268179134,0.9993142964777074,
50KDhKUOrqI_57_294to582.mp4,F:\MEngDatasets\AIGVDBench\videos\OpenSource\I2V\Pyramid-Flow\videos\50KDhKUOrqI_57_294to582.mp4,1,fake,OpenSource,I2V,OpenSource_I2V_Pyramid-Flow,6.659185157733017,0.9987194511797916,
QRYsvqSzYuE_43_455to1014.mp4,F:\MEngDatasets\AIGVDBench\videos\OpenSource\I2V\SVD\videos\QRYsvqSzYuE_43_455to1014.mp4,1,fake,OpenSource,I2V,OpenSource_I2V_SVD,8.07978841662407,0.9996903593434391,
r03AuoH00eM_5_399to542.mp4,F:\MEngDatasets\AIGVDBench\videos\OpenSource\T2V\EasyAnimate\videos\r03AuoH00eM_5_399to542.mp4,1,fake,OpenSource,T2V,OpenSource_T2V_EasyAnimate,0.6843324996987168,0.6647049794580684,
gcgj6G8r-IQ_28_24to180.mp4,F:\MEngDatasets\AIGVDBench\videos\OpenSource\T2V\RepVideo\videos\gcgj6G8r-IQ_28_24to180.mp4,1,fake,OpenSource,T2V,OpenSource_T2V_RepVideo,6.730052965027945,0.9988069553643126,
31XudeRs0cI_66_0to150.mp4,F:\MEngDatasets\AIGVDBench\videos\Real\Real\videos\31XudeRs0cI_66_0to150.mp4,0,real,Real,,Real,-4.057974903980891,0.016990324900408582,
smJlYSVS9Ds_340_112to226.mp4,F:\MEngDatasets\AIGVDBench\videos\OpenSource\I2V\SVD\videos\smJlYSVS9Ds_340_112to226.mp4,1,fake,OpenSource,I2V,OpenSource_I2V_SVD,2.284242130815983,0.90756354336924,
WRQ-RSNImIM_3_0to123.mp4,F:\MEngDatasets\AIGVDBench\videos\Real\Real\videos\WRQ-RSNImIM_3_0to123.mp4,0,real,Real,,Real,-3.220071790421881,0.03841733337198569,
9XyuVIYcDvg_77_0to148.mp4,F:\MEngDatasets\AIGVDBench\videos\Real\Real\videos\9XyuVIYcDvg_77_0to148.mp4,0,real,Real,,Real,-6.149067952994287,0.0021309206825593776,
OFGnDcLXfo0_4_0to137.mp4,F:\MEngDatasets\AIGVDBench\videos\Real\Real\videos\OFGnDcLXfo0_4_0to137.mp4,0,real,Real,,Real,-5.874376189969752,0.002802669860062942,
nhskgJQ5XMU_202_0to114.mp4,F:\MEngDatasets\AIGVDBench\videos\OpenSource\T2V\IPOC\videos\nhskgJQ5XMU_202_0to114.mp4,1,fake,OpenSource,T2V,OpenSource_T2V_IPOC,8.886963075521042,0.9998618404311289,
eENFTG4UQsI_3_337to522.mp4,F:\MEngDatasets\AIGVDBench\videos\OpenSource\I2V\VideoCrafter\videos\eENFTG4UQsI_3_337to522.mp4,1,fake,OpenSource,I2V,OpenSource_I2V_VideoCrafter,6.782192766666412,0.9988674979726552,
y3vyO-025CI_3_0to339.mp4,F:\MEngDatasets\AIGVDBench\videos\OpenSource\T2V\RepVideo\videos\y3vyO-025CI_3_0to339.mp4,1,fake,OpenSource,T2V,OpenSource_T2V_RepVideo,9.147312670946121,0.9998935057080441,
NWYRv_MKaA8_10_24to132.mp4,F:\MEngDatasets\AIGVDBench\videos\OpenSource\I2V\Pyramid-Flow\videos\NWYRv_MKaA8_10_24to132.mp4,1,fake,OpenSource,I2V,OpenSource_I2V_Pyramid-Flow,-2.3429140537307505,0.08763065166310577,
0BPQnk47p6M_2_55to191.mp4,F:\MEngDatasets\AIGVDBench\videos\OpenSource\T2V\RepVideo\videos\0BPQnk47p6M_2_55to191.mp4,1,fake,OpenSource,T2V,OpenSource_T2V_RepVideo,10.22804491860526,0.9999638589442454,
26oLlN0r43Y_23_0to113.mp4,F:\MEngDatasets\AIGVDBench\videos\Real\Real\videos\26oLlN0r43Y_23_0to113.mp4,0,real,Real,,Real,-9.884193129244103,5.09714899553673e-05,
Twqwaglkj0w_18_129to303.mp4,F:\MEngDatasets\AIGVDBench\videos\Real\Real\videos\Twqwaglkj0w_18_129to303.mp4,0,real,Real,,Real,-8.249717346203873,0.0002612641366746416,
Rl9aNRRRLes_0_0to270.mp4,F:\MEngDatasets\AIGVDBench\videos\Real\Real\videos\Rl9aNRRRLes_0_0to270.mp4,0,real,Real,,Real,-7.942017647072121,0.0003553621767335019,
02M4tj70Ju0_20_0to116.mp4,F:\MEngDatasets\AIGVDBench\videos\OpenSource\T2V\Cogvideox1.5\videos\02M4tj70Ju0_20_0to116.mp4,1,fake,OpenSource,T2V,OpenSource_T2V_Cogvideox1.5,8.207971832968973,0.9997276014396159,
jty7y2KedUE_23_0to259.mp4,F:\MEngDatasets\AIGVDBench\videos\OpenSource\T2V\Wan2.1\videos\jty7y2KedUE_23_0to259.mp4,1,fake,OpenSource,T2V,OpenSource_T2V_Wan2.1,9.249076254573868,0.9999038087778619,
y3vyO-025CI_3_0to339.mp4,F:\MEngDatasets\AIGVDBench\videos\OpenSource\T2V\EasyAnimate\videos\y3vyO-025CI_3_0to339.mp4,1,fake,OpenSource,T2V,OpenSource_T2V_EasyAnimate,6.151572929961341,0.9978743992125201,
W5R52mgaBgk_13_85to215.mp4,F:\MEngDatasets\AIGVDBench\videos\OpenSource\T2V\AccVideo\videos\W5R52mgaBgk_13_85to215.mp4,1,fake,OpenSource,T2V,OpenSource_T2V_AccVideo,7.019463264580929,0.9991064936980621,
lf6pex8dvzY_4_59to474.mp4,F:\MEngDatasets\AIGVDBench\videos\Real\Real\videos\lf6pex8dvzY_4_59to474.mp4,0,real,Real,,Real,-5.986551632130812,0.0025060166109531594,
0xqq0sCP5zw_31_0to146.mp4,F:\MEngDatasets\AIGVDBench\videos\Real\Real\videos\0xqq0sCP5zw_31_0to146.mp4,0,real,Real,,Real,-8.77528887252285,0.0001544803946958451,
m7V1i3jhomo_105_0to194.mp4,F:\MEngDatasets\AIGVDBench\videos\Real\Real\videos\m7V1i3jhomo_105_0to194.mp4,0,real,Real,,Real,-6.324446446348712,0.0017887525515912967,
3dD02kCEhsc_18_107to226.mp4,F:\MEngDatasets\AIGVDBench\videos\Real\Real\videos\3dD02kCEhsc_18_107to226.mp4,0,real,Real,,Real,-0.14287173352204263,0.46434270004911476,
Nkbw67bFRXo_10_30to345.mp4,F:\MEngDatasets\AIGVDBench\videos\Real\Real\videos\Nkbw67bFRXo_10_30to345.mp4,0,real,Real,,Real,-3.466071167545786,0.03029318018127038,
4cvgTuAaMDM_1_0to181.mp4,F:\MEngDatasets\AIGVDBench\videos\OpenSource\T2V\Pyramid-Flow\videos\4cvgTuAaMDM_1_0to181.mp4,1,fake,OpenSource,T2V,OpenSource_T2V_Pyramid-Flow,8.637281514285656,0.9998226630330143,
7TCW9wOxAWk_48_0to214.mp4,F:\MEngDatasets\AIGVDBench\videos\OpenSource\I2V\SVD\videos\7TCW9wOxAWk_48_0to214.mp4,1,fake,OpenSource,I2V,OpenSource_I2V_SVD,8.484206020832062,0.9997933352632467,
Y7qCpUrDv1Y_45_0to163.mp4,F:\MEngDatasets\AIGVDBench\videos\Real\Real\videos\Y7qCpUrDv1Y_45_0to163.mp4,0,real,Real,,Real,-3.606494189567969,0.026429377551360538,
7TCW9wOxAWk_48_0to214.mp4,F:\MEngDatasets\AIGVDBench\videos\OpenSource\V2V\Cogvideox1.5\videos\7TCW9wOxAWk_48_0to214.mp4,1,fake,OpenSource,V2V,OpenSource_V2V_Cogvideox1.5,2.342569727384086,0.9123418150127376,
vMZFya23iKw_5_24to304.mp4,F:\MEngDatasets\AIGVDBench\videos\Real\Real\videos\vMZFya23iKw_5_24to304.mp4,0,real,Real,,Real,-7.068651643498984,0.0008506560679258847,
W5R52mgaBgk_13_85to215.mp4,F:\MEngDatasets\AIGVDBench\videos\OpenSource\I2V\SVD\videos\W5R52mgaBgk_13_85to215.mp4,1,fake,OpenSource,I2V,OpenSource_I2V_SVD,4.994134102016687,0.9932680391937893,
2v8cSbtddZA_5_0to128.mp4,F:\MEngDatasets\AIGVDBench\videos\Real\Real\videos\2v8cSbtddZA_5_0to128.mp4,0,real,Real,,Real,-10.002950474619865,4.526412690386012e-05,
lQeVwW6IUH0_81_0to110.mp4,F:\MEngDatasets\AIGVDBench\videos\Real\Real\videos\lQeVwW6IUH0_81_0to110.mp4,0,real,Real,,Real,-7.966694513234225,0.000346703268929984,
e-cj2KueU0w_57_249to386.mp4,F:\MEngDatasets\AIGVDBench\videos\Real\Real\videos\e-cj2KueU0w_57_249to386.mp4,0,real,Real,,Real,-6.459564996176753,0.0015630296642967713,
csvw7Azxbf4_13_0to151.mp4,F:\MEngDatasets\AIGVDBench\videos\Real\Real\videos\csvw7Azxbf4_13_0to151.mp4,0,real,Real,,Real,-4.944052341758021,0.0070752483164720015,
y_4S3juFS3I_61_0to115.mp4,F:\MEngDatasets\AIGVDBench\videos\Real\Real\videos\y_4S3juFS3I_61_0to115.mp4,0,real,Real,,Real,-6.396179812887441,0.0016651395581869903,
3NzWDC2xIx8_8_0to140.mp4,F:\MEngDatasets\AIGVDBench\videos\Real\Real\videos\3NzWDC2xIx8_8_0to140.mp4,0,real,Real,,Real,-4.715329590014049,0.008877399373062917,
tAyqv7qX1BA_109_0to153.mp4,F:\MEngDatasets\AIGVDBench\videos\Real\Real\videos\tAyqv7qX1BA_109_0to153.mp4,0,real,Real,,Real,-5.770771436052384,0.0031076640667968983,
hgpqnWcv7uw_71_19to447.mp4,F:\MEngDatasets\AIGVDBench\videos\Real\Real\videos\hgpqnWcv7uw_71_19to447.mp4,0,real,Real,,Real,-8.696074781019506,0.00016721301690889677,
J1lBHGzqoQA_13_0to102.mp4,F:\MEngDatasets\AIGVDBench\videos\Real\Real\videos\J1lBHGzqoQA_13_0to102.mp4,0,real,Real,,Real,-0.12544215893642247,0.4686805190872133,
r03AuoH00eM_5_399to542.mp4,F:\MEngDatasets\AIGVDBench\videos\OpenSource\T2V\Wan2.1\videos\r03AuoH00eM_5_399to542.mp4,1,fake,OpenSource,T2V,OpenSource_T2V_Wan2.1,9.936187755914382,0.9999516109082243,
eENFTG4UQsI_3_337to522.mp4,F:\MEngDatasets\AIGVDBench\videos\OpenSource\T2V\HunyuanVideo\videos\eENFTG4UQsI_3_337to522.mp4,1,fake,OpenSource,T2V,OpenSource_T2V_HunyuanVideo,1.9839366177717845,0.8791001826513053,
jty7y2KedUE_23_0to259.mp4,F:\MEngDatasets\AIGVDBench\videos\OpenSource\T2V\VideoCrafter\videos\jty7y2KedUE_23_0to259.mp4,1,fake,OpenSource,T2V,OpenSource_T2V_VideoCrafter,9.332512617111206,0.9999115082395714,
smJlYSVS9Ds_340_112to226.mp4,F:\MEngDatasets\AIGVDBench\videos\OpenSource\T2V\Open-Sora\videos\smJlYSVS9Ds_340_112to226.mp4,1,fake,OpenSource,T2V,OpenSource_T2V_Open-Sora,-4.459924140492001,0.01143106033681622,
bG8EwSG8Hh4_1_0to149.mp4,F:\MEngDatasets\AIGVDBench\videos\OpenSource\T2V\RepVideo\videos\bG8EwSG8Hh4_1_0to149.mp4,1,fake,OpenSource,T2V,OpenSource_T2V_RepVideo,9.049032211303711,0.999882509104102,
ENIw1quFhGc_24_29to136.mp4,F:\MEngDatasets\AIGVDBench\videos\Real\Real\videos\ENIw1quFhGc_24_29to136.mp4,0,real,Real,,Real,-0.8094025713250821,0.3080178187367354,
bG8EwSG8Hh4_1_0to149.mp4,F:\MEngDatasets\AIGVDBench\videos\OpenSource\I2V\VideoCrafter\videos\bG8EwSG8Hh4_1_0to149.mp4,1,fake,OpenSource,I2V,OpenSource_I2V_VideoCrafter,7.452409505844116,0.9994202939423223,
lK9ytBrA5Bs_11_0to281.mp4,F:\MEngDatasets\AIGVDBench\videos\Real\Real\videos\lK9ytBrA5Bs_11_0to281.mp4,0,real,Real,,Real,-6.872526422722988,0.0010347848551038154,
W5R52mgaBgk_13_85to215.mp4,F:\MEngDatasets\AIGVDBench\videos\OpenSource\T2V\IPOC\videos\W5R52mgaBgk_13_85to215.mp4,1,fake,OpenSource,T2V,OpenSource_T2V_IPOC,10.58928158818459,0.9999748161281017,
02M4tj70Ju0_20_0to116.mp4,F:\MEngDatasets\AIGVDBench\videos\OpenSource\T2V\HunyuanVideo\videos\02M4tj70Ju0_20_0to116.mp4,1,fake,OpenSource,T2V,OpenSource_T2V_HunyuanVideo,8.182661605603768,0.999720620929787,
smJlYSVS9Ds_340_112to226.mp4,F:\MEngDatasets\AIGVDBench\videos\OpenSource\T2V\EasyAnimate\videos\smJlYSVS9Ds_340_112to226.mp4,1,fake,OpenSource,T2V,OpenSource_T2V_EasyAnimate,6.080886906507064,0.9977190663983058,
nhskgJQ5XMU_202_0to114.mp4,F:\MEngDatasets\AIGVDBench\videos\OpenSource\T2V\VideoCrafter\videos\nhskgJQ5XMU_202_0to114.mp4,1,fake,OpenSource,T2V,OpenSource_T2V_VideoCrafter,10.5070840716362,0.9999726586790814,
r_nOiEVkhGM_6_64to735.mp4,F:\MEngDatasets\AIGVDBench\videos\Real\Real\videos\r_nOiEVkhGM_6_64to735.mp4,0,real,Real,,Real,-8.030592806843611,0.000325249457277145,
gcgj6G8r-IQ_28_24to180.mp4,F:\MEngDatasets\AIGVDBench\videos\OpenSource\I2V\VideoCrafter\videos\gcgj6G8r-IQ_28_24to180.mp4,1,fake,OpenSource,I2V,OpenSource_I2V_VideoCrafter,-0.911489786580205,0.28669507759747215,
eENFTG4UQsI_3_337to522.mp4,F:\MEngDatasets\AIGVDBench\videos\OpenSource\T2V\VideoCrafter\videos\eENFTG4UQsI_3_337to522.mp4,1,fake,OpenSource,T2V,OpenSource_T2V_VideoCrafter,9.220516204833984,0.9999010222209943,
o82SKvbybvY_14_104to700.mp4,F:\MEngDatasets\AIGVDBench\videos\OpenSource\T2V\HunyuanVideo\videos\o82SKvbybvY_14_104to700.mp4,1,fake,OpenSource,T2V,OpenSource_T2V_HunyuanVideo,7.02726708758961,0.9991134331688589,
jty7y2KedUE_23_0to259.mp4,F:\MEngDatasets\AIGVDBench\videos\OpenSource\T2V\LTX\videos\jty7y2KedUE_23_0to259.mp4,1,fake,OpenSource,T2V,OpenSource_T2V_LTX,4.502009535265952,0.9890348719969063,
vUVwNN47Uv0_7_1227to1461.mp4,F:\MEngDatasets\AIGVDBench\videos\OpenSource\T2V\VideoCrafter\videos\vUVwNN47Uv0_7_1227to1461.mp4,1,fake,OpenSource,T2V,OpenSource_T2V_VideoCrafter,8.93183434009552,0.9998679019947465,
jet4_Hc5j8I_13_0to109.mp4,F:\MEngDatasets\AIGVDBench\videos\OpenSource\I2V\SVD\videos\jet4_Hc5j8I_13_0to109.mp4,1,fake,OpenSource,I2V,OpenSource_I2V_SVD,9.74398809671402,0.9999413572579757,
jet4_Hc5j8I_13_0to109.mp4,F:\MEngDatasets\AIGVDBench\videos\OpenSource\T2V\Pyramid-Flow\videos\jet4_Hc5j8I_13_0to109.mp4,1,fake,OpenSource,T2V,OpenSource_T2V_Pyramid-Flow,8.255790388985966,0.9997403173126094,
smJlYSVS9Ds_340_112to226.mp4,F:\MEngDatasets\AIGVDBench\videos\OpenSource\T2V\HunyuanVideo\videos\smJlYSVS9Ds_340_112to226.mp4,1,fake,OpenSource,T2V,OpenSource_T2V_HunyuanVideo,8.656583208026309,0.9998260525247382,
nDbgFCWpnNk_3_43to204.mp4,F:\MEngDatasets\AIGVDBench\videos\Real\Real\videos\nDbgFCWpnNk_3_43to204.mp4,0,real,Real,,Real,-4.889581464330798,0.0074683748001304895,
EHRI1gr4zik_3_323to481.mp4,F:\MEngDatasets\AIGVDBench\videos\OpenSource\V2V\Cogvideox1.5\videos\EHRI1gr4zik_3_323to481.mp4,1,fake,OpenSource,V2V,OpenSource_V2V_Cogvideox1.5,6.123224832573715,0.9978134139062366,
W5R52mgaBgk_13_85to215.mp4,F:\MEngDatasets\AIGVDBench\videos\OpenSource\I2V\EasyAnimate\videos\W5R52mgaBgk_13_85to215.mp4,1,fake,OpenSource,I2V,OpenSource_I2V_EasyAnimate,-2.4648021456538416,0.07836281322400329,
wylDl_NBMMk_3_0to262.mp4,F:\MEngDatasets\AIGVDBench\videos\Real\Real\videos\wylDl_NBMMk_3_0to262.mp4,0,real,Real,,Real,-2.6605366087084965,0.06534255352848288,
vUVwNN47Uv0_7_1227to1461.mp4,F:\MEngDatasets\AIGVDBench\videos\OpenSource\T2V\LTX\videos\vUVwNN47Uv0_7_1227to1461.mp4,1,fake,OpenSource,T2V,OpenSource_T2V_LTX,9.896474621959568,0.9999496506562462,
NPg_pFZLago_38_0to177.mp4,F:\MEngDatasets\AIGVDBench\videos\Real\Real\videos\NPg_pFZLago_38_0to177.mp4,0,real,Real,,Real,-9.89656682203045,5.034470198853394e-05,
a5tU973I35w_0_0to109.mp4,F:\MEngDatasets\AIGVDBench\videos\Real\Real\videos\a5tU973I35w_0_0to109.mp4,0,real,Real,,Real,-6.168890480054628,0.0020891837298521922,
zkWV9iWp4-c_8_0to311.mp4,F:\MEngDatasets\AIGVDBench\videos\Real\Real\videos\zkWV9iWp4-c_8_0to311.mp4,0,real,Real,,Real,-6.600169183931933,0.0013582904422863595,
gcgj6G8r-IQ_28_24to180.mp4,F:\MEngDatasets\AIGVDBench\videos\OpenSource\T2V\AnimateDiff\home\lma\Benchmark\bench\opensource\T2V\AnimateDiff\videos\gcgj6G8r-IQ_28_24to180.mp4,1,fake,OpenSource,T2V,OpenSource_T2V_AnimateDiff,4.182832378894091,0.9849739876855677,
W4AOdOhERY0_9_0to388.mp4,F:\MEngDatasets\AIGVDBench\videos\Real\Real\videos\W4AOdOhERY0_9_0to388.mp4,0,real,Real,,Real,-6.693487480743644,0.0012374212916228665,
vUVwNN47Uv0_7_1227to1461.mp4,F:\MEngDatasets\AIGVDBench\videos\OpenSource\T2V\Pyramid-Flow\videos\vUVwNN47Uv0_7_1227to1461.mp4,1,fake,OpenSource,T2V,OpenSource_T2V_Pyramid-Flow,8.438548013065638,0.9997836827231559,
r03AuoH00eM_5_399to542.mp4,F:\MEngDatasets\AIGVDBench\videos\OpenSource\I2V\SVD\videos\r03AuoH00eM_5_399to542.mp4,1,fake,OpenSource,I2V,OpenSource_I2V_SVD,8.847761511802673,0.999856317593501,
50KDhKUOrqI_57_294to582.mp4,F:\MEngDatasets\AIGVDBench\videos\OpenSource\T2V\AccVideo\videos\50KDhKUOrqI_57_294to582.mp4,1,fake,OpenSource,T2V,OpenSource_T2V_AccVideo,8.363224332982844,0.9997667634997579,
nnyRZotnPSU_29_0to256.mp4,F:\MEngDatasets\AIGVDBench\videos\Real\Real\videos\nnyRZotnPSU_29_0to256.mp4,0,real,Real,,Real,-4.289261692669243,0.013529489884213581,
jty7y2KedUE_23_0to259.mp4,F:\MEngDatasets\AIGVDBench\videos\OpenSource\V2V\LTX\videos\jty7y2KedUE_23_0to259.mp4,1,fake,OpenSource,V2V,OpenSource_V2V_LTX,8.827689044329585,0.9998534048203843,
90u26k64J9A_14_0to144.mp4,F:\MEngDatasets\AIGVDBench\videos\OpenSource\T2V\Open-Sora\videos\90u26k64J9A_14_0to144.mp4,1,fake,OpenSource,T2V,OpenSource_T2V_Open-Sora,-2.637842524696041,0.06674229433057811,
4fsKk2b4leY_3_0to131.mp4,F:\MEngDatasets\AIGVDBench\videos\Real\Real\videos\4fsKk2b4leY_3_0to131.mp4,0,real,Real,,Real,-8.183410935729514,0.0002791698598961615,
smJlYSVS9Ds_340_112to226.mp4,F:\MEngDatasets\AIGVDBench\videos\OpenSource\T2V\IPOC\videos\smJlYSVS9Ds_340_112to226.mp4,1,fake,OpenSource,T2V,OpenSource_T2V_IPOC,8.967741090424207,0.9998725604646094,
HlRfdCWGMzI_22_114to219.mp4,F:\MEngDatasets\AIGVDBench\videos\OpenSource\T2V\AnimateDiff\home\lma\Benchmark\bench\opensource\T2V\AnimateDiff\videos\HlRfdCWGMzI_22_114to219.mp4,1,fake,OpenSource,T2V,OpenSource_T2V_AnimateDiff,8.491873323917389,0.999794913441531,
_ax0ZLp5mJw_220_0to111.mp4,F:\MEngDatasets\AIGVDBench\videos\Real\Real\videos\_ax0ZLp5mJw_220_0to111.mp4,0,real,Real,,Real,-8.520584428632581,0.00019928317960524818,
QRYsvqSzYuE_43_455to1014.mp4,F:\MEngDatasets\AIGVDBench\videos\OpenSource\I2V\VideoCrafter\videos\QRYsvqSzYuE_43_455to1014.mp4,1,fake,OpenSource,I2V,OpenSource_I2V_VideoCrafter,8.509037762880325,0.9997984028946614,
Lz6KoxGDNjQ_5_125to244.mp4,F:\MEngDatasets\AIGVDBench\videos\Real\Real\videos\Lz6KoxGDNjQ_5_125to244.mp4,0,real,Real,,Real,-6.872028492239057,0.0010352997007563897,
QRYsvqSzYuE_43_455to1014.mp4,F:\MEngDatasets\AIGVDBench\videos\OpenSource\T2V\RepVideo\videos\QRYsvqSzYuE_43_455to1014.mp4,1,fake,OpenSource,T2V,OpenSource_T2V_RepVideo,9.402033718264832,0.999917450815859,
W5R52mgaBgk_13_85to215.mp4,F:\MEngDatasets\AIGVDBench\videos\OpenSource\T2V\Cogvideox1.5\videos\W5R52mgaBgk_13_85to215.mp4,1,fake,OpenSource,T2V,OpenSource_T2V_Cogvideox1.5,-3.4307467404640084,0.031348249136287865,
_AwZc_Mglvg_5_0to124.mp4,F:\MEngDatasets\AIGVDBench\videos\Real\Real\videos\_AwZc_Mglvg_5_0to124.mp4,0,real,Real,,Real,-6.607476241165592,0.0013484148441659277,
QWwT3zUM8CM_38_20to122.mp4,F:\MEngDatasets\AIGVDBench\videos\Real\Real\videos\QWwT3zUM8CM_38_20to122.mp4,0,real,Real,,Real,-7.740457422939348,0.00043468357688824247,
vUVwNN47Uv0_7_1227to1461.mp4,F:\MEngDatasets\AIGVDBench\videos\OpenSource\T2V\EasyAnimate\videos\vUVwNN47Uv0_7_1227to1461.mp4,1,fake,OpenSource,T2V,OpenSource_T2V_EasyAnimate,2.3436653991134797,0.9124294009336736,
o82SKvbybvY_14_104to700.mp4,F:\MEngDatasets\AIGVDBench\videos\OpenSource\I2V\VideoCrafter\videos\o82SKvbybvY_14_104to700.mp4,1,fake,OpenSource,I2V,OpenSource_I2V_VideoCrafter,9.287375271320343,0.9999074228172062,
r03AuoH00eM_5_399to542.mp4,F:\MEngDatasets\AIGVDBench\videos\OpenSource\I2V\VideoCrafter\videos\r03AuoH00eM_5_399to542.mp4,1,fake,OpenSource,I2V,OpenSource_I2V_VideoCrafter,5.947404645383358,0.9973941955743874,
906-6KTOWq8_1_23to209.mp4,F:\MEngDatasets\AIGVDBench\videos\Real\Real\videos\906-6KTOWq8_1_23to209.mp4,0,real,Real,,Real,-4.357267867389954,0.012651242862239103,
Hxc1AXTUzA4_19_0to264.mp4,F:\MEngDatasets\AIGVDBench\videos\Real\Real\videos\Hxc1AXTUzA4_19_0to264.mp4,0,real,Real,,Real,-7.852245543039206,0.0003887265782380499,
5lqsl8B5n8s_11_0to226.mp4,F:\MEngDatasets\AIGVDBench\videos\Real\Real\videos\5lqsl8B5n8s_11_0to226.mp4,0,real,Real,,Real,-9.16003955748023,0.00010514768095556943,
Ju4B2liOmoc_5_0to148.mp4,F:\MEngDatasets\AIGVDBench\videos\Real\Real\videos\Ju4B2liOmoc_5_0to148.mp4,0,real,Real,,Real,-4.723746641866259,0.00880364649051699,
4cvgTuAaMDM_1_0to181.mp4,F:\MEngDatasets\AIGVDBench\videos\OpenSource\V2V\Cogvideox1.5\videos\4cvgTuAaMDM_1_0to181.mp4,1,fake,OpenSource,V2V,OpenSource_V2V_Cogvideox1.5,3.8421088825074996,0.9790020491760019,
y3vyO-025CI_3_0to339.mp4,F:\MEngDatasets\AIGVDBench\videos\OpenSource\T2V\LTX\videos\y3vyO-025CI_3_0to339.mp4,1,fake,OpenSource,T2V,OpenSource_T2V_LTX,9.896015599830863,0.9999496275406424,
QKh-B4_yL2w_22_0to115.mp4,F:\MEngDatasets\AIGVDBench\videos\Real\Real\videos\QKh-B4_yL2w_22_0to115.mp4,0,real,Real,,Real,-9.385445495273755,8.392983308357222e-05,
aUo5thn2Ci4_41_0to222.mp4,F:\MEngDatasets\AIGVDBench\videos\Real\Real\videos\aUo5thn2Ci4_41_0to222.mp4,0,real,Real,,Real,-10.323402183549899,3.28540662563805e-05,
guL5esGDFbk_11_0to163.mp4,F:\MEngDatasets\AIGVDBench\videos\OpenSource\I2V\EasyAnimate\videos\guL5esGDFbk_11_0to163.mp4,1,fake,OpenSource,I2V,OpenSource_I2V_EasyAnimate,5.202208300026095,0.9945257368775033,
y3vyO-025CI_3_0to339.mp4,F:\MEngDatasets\AIGVDBench\videos\OpenSource\I2V\VideoCrafter\videos\y3vyO-025CI_3_0to339.mp4,1,fake,OpenSource,I2V,OpenSource_I2V_VideoCrafter,2.8867002800107002,0.9471850546994448,
bG8EwSG8Hh4_1_0to149.mp4,F:\MEngDatasets\AIGVDBench\videos\OpenSource\V2V\LTX\videos\bG8EwSG8Hh4_1_0to149.mp4,1,fake,OpenSource,V2V,OpenSource_V2V_LTX,5.724744307751558,0.996746432458666,
4cvgTuAaMDM_1_0to181.mp4,F:\MEngDatasets\AIGVDBench\videos\OpenSource\T2V\Wan2.1\videos\4cvgTuAaMDM_1_0to181.mp4,1,fake,OpenSource,T2V,OpenSource_T2V_Wan2.1,10.410763281363028,0.9999698942202869,
guL5esGDFbk_11_0to163.mp4,F:\MEngDatasets\AIGVDBench\videos\OpenSource\T2V\VideoCrafter\videos\guL5esGDFbk_11_0to163.mp4,1,fake,OpenSource,T2V,OpenSource_T2V_VideoCrafter,7.556470692157745,0.9994775562693236,
vUVwNN47Uv0_7_1227to1461.mp4,F:\MEngDatasets\AIGVDBench\videos\OpenSource\I2V\SVD\videos\vUVwNN47Uv0_7_1227to1461.mp4,1,fake,OpenSource,I2V,OpenSource_I2V_SVD,9.266419887542725,0.9999054625427959,
guL5esGDFbk_11_0to163.mp4,F:\MEngDatasets\AIGVDBench\videos\OpenSource\T2V\Pyramid-Flow\videos\guL5esGDFbk_11_0to163.mp4,1,fake,OpenSource,T2V,OpenSource_T2V_Pyramid-Flow,8.17125549745024,0.9997174169647334,
4cvgTuAaMDM_1_0to181.mp4,F:\MEngDatasets\AIGVDBench\videos\OpenSource\T2V\LTX\videos\4cvgTuAaMDM_1_0to181.mp4,1,fake,OpenSource,T2V,OpenSource_T2V_LTX,8.035555446270815,0.999676360118941,
02M4tj70Ju0_20_0to116.mp4,F:\MEngDatasets\AIGVDBench\videos\OpenSource\I2V\VideoCrafter\videos\02M4tj70Ju0_20_0to116.mp4,1,fake,OpenSource,I2V,OpenSource_I2V_VideoCrafter,8.432549476623535,0.9997823815197101,
50KDhKUOrqI_57_294to582.mp4,F:\MEngDatasets\AIGVDBench\videos\OpenSource\T2V\Open-Sora\videos\50KDhKUOrqI_57_294to582.mp4,1,fake,OpenSource,T2V,OpenSource_T2V_Open-Sora,2.256856427804844,0.9052403178321202,
jty7y2KedUE_23_0to259.mp4,F:\MEngDatasets\AIGVDBench\videos\OpenSource\I2V\Pyramid-Flow\videos\jty7y2KedUE_23_0to259.mp4,1,fake,OpenSource,I2V,OpenSource_I2V_Pyramid-Flow,5.197258631343001,0.9944987233513416,
r03AuoH00eM_5_399to542.mp4,F:\MEngDatasets\AIGVDBench\videos\OpenSource\V2V\Cogvideox1.5\videos\r03AuoH00eM_5_399to542.mp4,1,fake,OpenSource,V2V,OpenSource_V2V_Cogvideox1.5,4.590349445537645,0.9899526624327804,
o82SKvbybvY_14_104to700.mp4,F:\MEngDatasets\AIGVDBench\videos\OpenSource\I2V\SEINE\videos\o82SKvbybvY_14_104to700.mp4,1,fake,OpenSource,I2V,OpenSource_I2V_SEINE,4.137388061732054,0.9842863648834683,
02M4tj70Ju0_20_0to116.mp4,F:\MEngDatasets\AIGVDBench\videos\OpenSource\T2V\IPOC\videos\02M4tj70Ju0_20_0to116.mp4,1,fake,OpenSource,T2V,OpenSource_T2V_IPOC,10.561840796957211,0.9999741155118493,
2hD4C48zkgs_42_92to197.mp4,F:\MEngDatasets\AIGVDBench\videos\Real\Real\videos\2hD4C48zkgs_42_92to197.mp4,0,real,Real,,Real,-3.7329308475766863,0.023363698569418084,
Q7gVhxcSvrM_12_16to237.mp4,F:\MEngDatasets\AIGVDBench\videos\Real\Real\videos\Q7gVhxcSvrM_12_16to237.mp4,0,real,Real,,Real,-2.085144996792078,0.11054905507220146,
QRYsvqSzYuE_43_455to1014.mp4,F:\MEngDatasets\AIGVDBench\videos\OpenSource\T2V\AnimateDiff\home\lma\Benchmark\bench\opensource\T2V\AnimateDiff\videos\QRYsvqSzYuE_43_455to1014.mp4,1,fake,OpenSource,T2V,OpenSource_T2V_AnimateDiff,0.3760855970904231,0.5929286507095877,
xXtMJhCcm0E_61_0to105.mp4,F:\MEngDatasets\AIGVDBench\videos\Real\Real\videos\xXtMJhCcm0E_61_0to105.mp4,0,real,Real,,Real,-8.056439924240113,0.00031695304200933565,
jet4_Hc5j8I_13_0to109.mp4,F:\MEngDatasets\AIGVDBench\videos\OpenSource\I2V\EasyAnimate\videos\jet4_Hc5j8I_13_0to109.mp4,1,fake,OpenSource,I2V,OpenSource_I2V_EasyAnimate,-2.5368155499502105,0.07331723699472328,
d-slobcQTVs_28_92to241.mp4,F:\MEngDatasets\AIGVDBench\videos\Real\Real\videos\d-slobcQTVs_28_92to241.mp4,0,real,Real,,Real,-2.5446990642230958,0.0727834151022494,
eENFTG4UQsI_3_337to522.mp4,F:\MEngDatasets\AIGVDBench\videos\OpenSource\I2V\LTX\videos\eENFTG4UQsI_3_337to522.mp4,1,fake,OpenSource,I2V,OpenSource_I2V_LTX,0.06936125913444831,0.5173333661281103,
z2j45k0DrhQ_22_153to280.mp4,F:\MEngDatasets\AIGVDBench\videos\Real\Real\videos\z2j45k0DrhQ_22_153to280.mp4,0,real,Real,,Real,-10.034781168091971,4.3846089806883406e-05,
Vh2cObLYHJ8_13_0to496.mp4,F:\MEngDatasets\AIGVDBench\videos\OpenSource\T2V\AccVideo\videos\Vh2cObLYHJ8_13_0to496.mp4,1,fake,OpenSource,T2V,OpenSource_T2V_AccVideo,4.588025100303419,0.9899295172441347,
eENFTG4UQsI_3_337to522.mp4,F:\MEngDatasets\AIGVDBench\videos\OpenSource\T2V\RepVideo\videos\eENFTG4UQsI_3_337to522.mp4,1,fake,OpenSource,T2V,OpenSource_T2V_RepVideo,10.013475651643715,0.9999552097664256,
r03AuoH00eM_5_399to542.mp4,F:\MEngDatasets\AIGVDBench\videos\OpenSource\T2V\Pyramid-Flow\videos\r03AuoH00eM_5_399to542.mp4,1,fake,OpenSource,T2V,OpenSource_T2V_Pyramid-Flow,6.850197731109148,0.9989418745890802,
EHRI1gr4zik_3_323to481.mp4,F:\MEngDatasets\AIGVDBench\videos\OpenSource\T2V\Open-Sora\videos\EHRI1gr4zik_3_323to481.mp4,1,fake,OpenSource,T2V,OpenSource_T2V_Open-Sora,0.4329255446791649,0.6065720446757694,
vUVwNN47Uv0_7_1227to1461.mp4,F:\MEngDatasets\AIGVDBench\videos\OpenSource\T2V\Wan2.1\videos\vUVwNN47Uv0_7_1227to1461.mp4,1,fake,OpenSource,T2V,OpenSource_T2V_Wan2.1,8.771453298168417,0.9998449260385416,
7TCW9wOxAWk_48_0to214.mp4,F:\MEngDatasets\AIGVDBench\videos\OpenSource\T2V\EasyAnimate\videos\7TCW9wOxAWk_48_0to214.mp4,1,fake,OpenSource,T2V,OpenSource_T2V_EasyAnimate,3.291508427536001,0.9641363482273638,
7XUtfvFFwKg_3_0to110.mp4,F:\MEngDatasets\AIGVDBench\videos\Real\Real\videos\7XUtfvFFwKg_3_0to110.mp4,0,real,Real,,Real,-2.6314803616567093,0.06713967323522943,
nhskgJQ5XMU_202_0to114.mp4,F:\MEngDatasets\AIGVDBench\videos\OpenSource\I2V\Pyramid-Flow\videos\nhskgJQ5XMU_202_0to114.mp4,1,fake,OpenSource,I2V,OpenSource_I2V_Pyramid-Flow,-8.11073905430483,0.00030020670434680453,
UYqtFwLZXRc_2_0to1505.mp4,F:\MEngDatasets\AIGVDBench\videos\Real\Real\videos\UYqtFwLZXRc_2_0to1505.mp4,0,real,Real,,Real,-8.80821255702909,0.00014947789343080332,
90u26k64J9A_14_0to144.mp4,F:\MEngDatasets\AIGVDBench\videos\OpenSource\T2V\EasyAnimate\videos\90u26k64J9A_14_0to144.mp4,1,fake,OpenSource,T2V,OpenSource_T2V_EasyAnimate,2.8207394328652597,0.9437863089607507,
jet4_Hc5j8I_13_0to109.mp4,F:\MEngDatasets\AIGVDBench\videos\OpenSource\I2V\Pyramid-Flow\videos\jet4_Hc5j8I_13_0to109.mp4,1,fake,OpenSource,I2V,OpenSource_I2V_Pyramid-Flow,-0.4974285781048657,0.3781451525047157,
eENFTG4UQsI_3_337to522.mp4,F:\MEngDatasets\AIGVDBench\videos\OpenSource\T2V\AnimateDiff\home\lma\Benchmark\bench\opensource\T2V\AnimateDiff\videos\eENFTG4UQsI_3_337to522.mp4,1,fake,OpenSource,T2V,OpenSource_T2V_AnimateDiff,7.379754602909088,0.9993766348918182,
jKd6Edd0noc_72_24to205.mp4,F:\MEngDatasets\AIGVDBench\videos\Real\Real\videos\jKd6Edd0noc_72_24to205.mp4,0,real,Real,,Real,-8.230706906318664,0.0002662770582604738,
4cvgTuAaMDM_1_0to181.mp4,F:\MEngDatasets\AIGVDBench\videos\OpenSource\I2V\Pyramid-Flow\videos\4cvgTuAaMDM_1_0to181.mp4,1,fake,OpenSource,I2V,OpenSource_I2V_Pyramid-Flow,-1.8329588283648652,0.1378861696719342,
nhskgJQ5XMU_202_0to114.mp4,F:\MEngDatasets\AIGVDBench\videos\OpenSource\T2V\RepVideo\videos\nhskgJQ5XMU_202_0to114.mp4,1,fake,OpenSource,T2V,OpenSource_T2V_RepVideo,2.799198582464335,0.9426325016412601,
riCmfzb2kZI_4_16to174.mp4,F:\MEngDatasets\AIGVDBench\videos\Real\Real\videos\riCmfzb2kZI_4_16to174.mp4,0,real,Real,,Real,-9.450968655356526,7.860719953033908e-05,
hClEBob9veQ_9_133to340.mp4,F:\MEngDatasets\AIGVDBench\videos\Real\Real\videos\hClEBob9veQ_9_133to340.mp4,0,real,Real,,Real,-9.210918949496362,9.993217154537585e-05,
vUVwNN47Uv0_7_1227to1461.mp4,F:\MEngDatasets\AIGVDBench\videos\OpenSource\T2V\IPOC\videos\vUVwNN47Uv0_7_1227to1461.mp4,1,fake,OpenSource,T2V,OpenSource_T2V_IPOC,10.000913610263746,0.9999546435864354,
af8sNYbdBRo_15_0to187.mp4,F:\MEngDatasets\AIGVDBench\videos\Real\Real\videos\af8sNYbdBRo_15_0to187.mp4,0,real,Real,,Real,-0.15540697883794652,0.4612262603426503,
gcgj6G8r-IQ_28_24to180.mp4,F:\MEngDatasets\AIGVDBench\videos\OpenSource\T2V\HunyuanVideo\videos\gcgj6G8r-IQ_28_24to180.mp4,1,fake,OpenSource,T2V,OpenSource_T2V_HunyuanVideo,5.655606114503109,0.9965143399789491,
QRYsvqSzYuE_43_455to1014.mp4,F:\MEngDatasets\AIGVDBench\videos\OpenSource\T2V\Open-Sora\videos\QRYsvqSzYuE_43_455to1014.mp4,1,fake,OpenSource,T2V,OpenSource_T2V_Open-Sora,3.2297800424936653,0.9619397007261309,
7xalOoH4Wjg_4_0to162.mp4,F:\MEngDatasets\AIGVDBench\videos\Real\Real\videos\7xalOoH4Wjg_4_0to162.mp4,0,real,Real,,Real,-7.529066453745336,0.0005369510892662435,
Vh2cObLYHJ8_13_0to496.mp4,F:\MEngDatasets\AIGVDBench\videos\Real\Real\videos\Vh2cObLYHJ8_13_0to496.mp4,0,real,Real,,Real,-8.021779900657073,0.0003281275733442952,
xPcAfdYCj5k_136_0to424.mp4,F:\MEngDatasets\AIGVDBench\videos\OpenSource\T2V\HunyuanVideo\videos\xPcAfdYCj5k_136_0to424.mp4,1,fake,OpenSource,T2V,OpenSource_T2V_HunyuanVideo,7.795813603834673,0.9995887153372434,
90u26k64J9A_14_0to144.mp4,F:\MEngDatasets\AIGVDBench\videos\OpenSource\I2V\VideoCrafter\videos\90u26k64J9A_14_0to144.mp4,1,fake,OpenSource,I2V,OpenSource_I2V_VideoCrafter,7.369522243738174,0.9993702276886378,
Vh2cObLYHJ8_13_0to496.mp4,F:\MEngDatasets\AIGVDBench\videos\OpenSource\T2V\Wan2.1\videos\Vh2cObLYHJ8_13_0to496.mp4,1,fake,OpenSource,T2V,OpenSource_T2V_Wan2.1,10.693168133865168,0.9999773010260081,
bG8EwSG8Hh4_1_0to149.mp4,F:\MEngDatasets\AIGVDBench\videos\OpenSource\I2V\SVD\videos\bG8EwSG8Hh4_1_0to149.mp4,1,fake,OpenSource,I2V,OpenSource_I2V_SVD,9.155652105808258,0.9998943900239899,
nhskgJQ5XMU_202_0to114.mp4,F:\MEngDatasets\AIGVDBench\videos\OpenSource\T2V\EasyAnimate\videos\nhskgJQ5XMU_202_0to114.mp4,1,fake,OpenSource,T2V,OpenSource_T2V_EasyAnimate,1.887791479120449,0.8685035112840144,
50KDhKUOrqI_57_294to582.mp4,F:\MEngDatasets\AIGVDBench\videos\OpenSource\I2V\LTX\videos\50KDhKUOrqI_57_294to582.mp4,1,fake,OpenSource,I2V,OpenSource_I2V_LTX,10.445253411117864,0.9999709148405003,
NWYRv_MKaA8_10_24to132.mp4,F:\MEngDatasets\AIGVDBench\videos\OpenSource\T2V\EasyAnimate\videos\NWYRv_MKaA8_10_24to132.mp4,1,fake,OpenSource,T2V,OpenSource_T2V_EasyAnimate,4.6059706405717495,0.9901068536481145,
7TCW9wOxAWk_48_0to214.mp4,F:\MEngDatasets\AIGVDBench\videos\OpenSource\T2V\AnimateDiff\home\lma\Benchmark\bench\opensource\T2V\AnimateDiff\videos\7TCW9wOxAWk_48_0to214.mp4,1,fake,OpenSource,T2V,OpenSource_T2V_AnimateDiff,-0.34503570664674044,0.41458676467743255,
3-h1C9ak67E_2_0to1423.mp4,F:\MEngDatasets\AIGVDBench\videos\Real\Real\videos\3-h1C9ak67E_2_0to1423.mp4,0,real,Real,,Real,-9.36397527592834,8.575115258725528e-05,
Vh2cObLYHJ8_13_0to496.mp4,F:\MEngDatasets\AIGVDBench\videos\OpenSource\T2V\LTX\videos\Vh2cObLYHJ8_13_0to496.mp4,1,fake,OpenSource,T2V,OpenSource_T2V_LTX,8.71992035502011,0.9998367264661554,
o82SKvbybvY_14_104to700.mp4,F:\MEngDatasets\AIGVDBench\videos\OpenSource\T2V\EasyAnimate\videos\o82SKvbybvY_14_104to700.mp4,1,fake,OpenSource,T2V,OpenSource_T2V_EasyAnimate,3.0653541465194856,0.9554407993182084,
QRYsvqSzYuE_43_455to1014.mp4,F:\MEngDatasets\AIGVDBench\videos\OpenSource\I2V\Pyramid-Flow\videos\QRYsvqSzYuE_43_455to1014.mp4,1,fake,OpenSource,I2V,OpenSource_I2V_Pyramid-Flow,3.6699430982718306,0.9751550773009713,
1SsRvQvzN8Y_9_0to118.mp4,F:\MEngDatasets\AIGVDBench\videos\Real\Real\videos\1SsRvQvzN8Y_9_0to118.mp4,0,real,Real,,Real,-9.040818404343169,0.00011845980287709631,
o82SKvbybvY_14_104to700.mp4,F:\MEngDatasets\AIGVDBench\videos\OpenSource\I2V\EasyAnimate\videos\o82SKvbybvY_14_104to700.mp4,1,fake,OpenSource,I2V,OpenSource_I2V_EasyAnimate,-2.1590012652533397,0.10349307963834384,
-fW7LrHAyHg_35_120to303.mp4,F:\MEngDatasets\AIGVDBench\videos\Real\Real\videos\-fW7LrHAyHg_35_120to303.mp4,0,real,Real,,Real,-9.842641665611739,5.313393264459471e-05,
cpSjuQ_ZJvY_4_0to181.mp4,F:\MEngDatasets\AIGVDBench\videos\Real\Real\videos\cpSjuQ_ZJvY_4_0to181.mp4,0,real,Real,,Real,-4.997838329050422,0.006707237170688189,
Vh2cObLYHJ8_13_0to496.mp4,F:\MEngDatasets\AIGVDBench\videos\OpenSource\T2V\IPOC\videos\Vh2cObLYHJ8_13_0to496.mp4,1,fake,OpenSource,T2V,OpenSource_T2V_IPOC,7.922543554889913,0.9996376521762562,
y3vyO-025CI_3_0to339.mp4,F:\MEngDatasets\AIGVDBench\videos\OpenSource\T2V\Open-Sora\videos\y3vyO-025CI_3_0to339.mp4,1,fake,OpenSource,T2V,OpenSource_T2V_Open-Sora,-0.6232936229254749,0.34903273942493984,
HVXLuHNVdzk_43_94to205.mp4,F:\MEngDatasets\AIGVDBench\videos\Real\Real\videos\HVXLuHNVdzk_43_94to205.mp4,0,real,Real,,Real,-5.355483642220497,0.004699990870204424,
enNDRuuH1Dw_8_0to1541.mp4,F:\MEngDatasets\AIGVDBench\videos\Real\Real\videos\enNDRuuH1Dw_8_0to1541.mp4,0,real,Real,,Real,-4.79961823162911,0.008165662508773316,
hWFbU-uAnSU_2_0to1480.mp4,F:\MEngDatasets\AIGVDBench\videos\Real\Real\videos\hWFbU-uAnSU_2_0to1480.mp4,0,real,Real,,Real,-5.818004121462739,0.002964718347981097,
guL5esGDFbk_11_0to163.mp4,F:\MEngDatasets\AIGVDBench\videos\OpenSource\T2V\RepVideo\videos\guL5esGDFbk_11_0to163.mp4,1,fake,OpenSource,T2V,OpenSource_T2V_RepVideo,9.470160951419752,0.9999228869528086,
k2R_EtCkV8U_46_105to264.mp4,F:\MEngDatasets\AIGVDBench\videos\Real\Real\videos\k2R_EtCkV8U_46_105to264.mp4,0,real,Real,,Real,-8.020394605139028,0.00032858229253021967,
ZU7vDFnZ9d8_64_0to105.mp4,F:\MEngDatasets\AIGVDBench\videos\Real\Real\videos\ZU7vDFnZ9d8_64_0to105.mp4,0,real,Real,,Real,-6.05167578969683,0.0023483861354596965,
EHRI1gr4zik_3_323to481.mp4,F:\MEngDatasets\AIGVDBench\videos\OpenSource\T2V\HunyuanVideo\videos\EHRI1gr4zik_3_323to481.mp4,1,fake,OpenSource,T2V,OpenSource_T2V_HunyuanVideo,9.616550676750414,0.9999333874321349,
0G4XFfTqh3M_0_321to456.mp4,F:\MEngDatasets\AIGVDBench\videos\Real\Real\videos\0G4XFfTqh3M_0_321to456.mp4,0,real,Real,,Real,-7.949403053835819,0.00035274827254962106,
86-iDJ2LNxw_3_25to161.mp4,F:\MEngDatasets\AIGVDBench\videos\Real\Real\videos\86-iDJ2LNxw_3_25to161.mp4,0,real,Real,,Real,-6.0992023229599,0.002239630314294047,
lnLiNNgN980_27_0to137.mp4,F:\MEngDatasets\AIGVDBench\videos\Real\Real\videos\lnLiNNgN980_27_0to137.mp4,0,real,Real,,Real,-6.920244393557527,0.0009866141818860412,
jet4_Hc5j8I_13_0to109.mp4,F:\MEngDatasets\AIGVDBench\videos\OpenSource\T2V\AccVideo\videos\jet4_Hc5j8I_13_0to109.mp4,1,fake,OpenSource,T2V,OpenSource_T2V_AccVideo,9.584906722560074,0.9999312459888374,
NDOQWsDH-tQ_0_0to125.mp4,F:\MEngDatasets\AIGVDBench\videos\Real\Real\videos\NDOQWsDH-tQ_0_0to125.mp4,0,real,Real,,Real,-9.38187187576294,8.423027762665354e-05,
90u26k64J9A_14_0to144.mp4,F:\MEngDatasets\AIGVDBench\videos\OpenSource\I2V\SEINE\videos\90u26k64J9A_14_0to144.mp4,1,fake,OpenSource,I2V,OpenSource_I2V_SEINE,0.9277558718458749,0.7166197788357223,
8CLy3EPC5nI_22_114to246.mp4,F:\MEngDatasets\AIGVDBench\videos\Real\Real\videos\8CLy3EPC5nI_22_114to246.mp4,0,real,Real,,Real,-8.146835284190136,0.000289566699255829,
g4tld6ppv7Q_2_86to197.mp4,F:\MEngDatasets\AIGVDBench\videos\Real\Real\videos\g4tld6ppv7Q_2_86to197.mp4,0,real,Real,,Real,-6.2953857448365955,0.001841400523488689,
dPYYWy1mmpY_2_528to1275.mp4,F:\MEngDatasets\AIGVDBench\videos\Real\Real\videos\dPYYWy1mmpY_2_528to1275.mp4,0,real,Real,,Real,-9.536044364461556,7.219667514544167e-05,
qUNVSfQNbdk_73_119to300.mp4,F:\MEngDatasets\AIGVDBench\videos\Real\Real\videos\qUNVSfQNbdk_73_119to300.mp4,0,real,Real,,Real,-2.0884755278006195,0.11022199527197853,
EHRI1gr4zik_3_323to481.mp4,F:\MEngDatasets\AIGVDBench\videos\OpenSource\I2V\VideoCrafter\videos\EHRI1gr4zik_3_323to481.mp4,1,fake,OpenSource,I2V,OpenSource_I2V_VideoCrafter,6.104789808392525,0.997772820898881,
CX7_yAPGIgE_15_0to433.mp4,F:\MEngDatasets\AIGVDBench\videos\Real\Real\videos\CX7_yAPGIgE_15_0to433.mp4,0,real,Real,,Real,-7.849077095886301,0.0003899597100854207,
HlRfdCWGMzI_22_114to219.mp4,F:\MEngDatasets\AIGVDBench\videos\OpenSource\V2V\LTX\videos\HlRfdCWGMzI_22_114to219.mp4,1,fake,OpenSource,V2V,OpenSource_V2V_LTX,9.846394519416654,0.9999470650870019,
02M4tj70Ju0_20_0to116.mp4,F:\MEngDatasets\AIGVDBench\videos\OpenSource\I2V\EasyAnimate\videos\02M4tj70Ju0_20_0to116.mp4,1,fake,OpenSource,I2V,OpenSource_I2V_EasyAnimate,-0.6106405279466084,0.3519130986847705,
nhskgJQ5XMU_202_0to114.mp4,F:\MEngDatasets\AIGVDBench\videos\OpenSource\T2V\Open-Sora\videos\nhskgJQ5XMU_202_0to114.mp4,1,fake,OpenSource,T2V,OpenSource_T2V_Open-Sora,-0.5479422034192327,0.3663419651724728,
bG8EwSG8Hh4_1_0to149.mp4,F:\MEngDatasets\AIGVDBench\videos\OpenSource\V2V\Cogvideox1.5\videos\bG8EwSG8Hh4_1_0to149.mp4,1,fake,OpenSource,V2V,OpenSource_V2V_Cogvideox1.5,6.017514481836436,0.9975702022034354,
0BaVZOa_gi4_3_19to925.mp4,F:\MEngDatasets\AIGVDBench\videos\Real\Real\videos\0BaVZOa_gi4_3_19to925.mp4,0,real,Real,,Real,-7.260874230039995,0.0007020004751878703,
bG8EwSG8Hh4_1_0to149.mp4,F:\MEngDatasets\AIGVDBench\videos\OpenSource\T2V\LTX\videos\bG8EwSG8Hh4_1_0to149.mp4,1,fake,OpenSource,T2V,OpenSource_T2V_LTX,3.9964446254919483,0.9819508847655056,
y3vyO-025CI_3_0to339.mp4,F:\MEngDatasets\AIGVDBench\videos\Real\Real\videos\y3vyO-025CI_3_0to339.mp4,0,real,Real,,Real,-8.45020994359413,0.00021380978865726368,
36xeuI0F6Ro_0_0to221.mp4,F:\MEngDatasets\AIGVDBench\videos\Real\Real\videos\36xeuI0F6Ro_0_0to221.mp4,0,real,Real,,Real,-6.856015088331645,0.001051994243847099,
3ebhqmMWg14_0_0to199.mp4,F:\MEngDatasets\AIGVDBench\videos\Real\Real\videos\3ebhqmMWg14_0_0to199.mp4,0,real,Real,,Real,-6.291280082721806,0.0018489622256655158,
ZTvi-PzwLWo_9_92to197.mp4,F:\MEngDatasets\AIGVDBench\videos\Real\Real\videos\ZTvi-PzwLWo_9_92to197.mp4,0,real,Real,,Real,1.4753268763777756,0.8138656951339682,
lU3ymKSqYVU_19_0to232.mp4,F:\MEngDatasets\AIGVDBench\videos\Real\Real\videos\lU3ymKSqYVU_19_0to232.mp4,0,real,Real,,Real,-7.109350248657424,0.0008167583037704819,
tbM2MAepv0M_11_0to221.mp4,F:\MEngDatasets\AIGVDBench\videos\Real\Real\videos\tbM2MAepv0M_11_0to221.mp4,0,real,Real,,Real,-5.362643649168312,0.00466661556998819,
nhskgJQ5XMU_202_0to114.mp4,F:\MEngDatasets\AIGVDBench\videos\OpenSource\T2V\HunyuanVideo\videos\nhskgJQ5XMU_202_0to114.mp4,1,fake,OpenSource,T2V,OpenSource_T2V_HunyuanVideo,2.667446604280761,0.9350781945861721,
-tEvQoxGlYY_35_0to136.mp4,F:\MEngDatasets\AIGVDBench\videos\Real\Real\videos\-tEvQoxGlYY_35_0to136.mp4,0,real,Real,,Real,-4.403034087489633,0.012092136321219655,
gcgj6G8r-IQ_28_24to180.mp4,F:\MEngDatasets\AIGVDBench\videos\OpenSource\T2V\IPOC\videos\gcgj6G8r-IQ_28_24to180.mp4,1,fake,OpenSource,T2V,OpenSource_T2V_IPOC,7.999469922513378,0.999664472120517,
3j_xaxMEuzA_3_0to104.mp4,F:\MEngDatasets\AIGVDBench\videos\Real\Real\videos\3j_xaxMEuzA_3_0to104.mp4,0,real,Real,,Real,-5.0342271538922585,0.006469106520435477,
4cvgTuAaMDM_1_0to181.mp4,F:\MEngDatasets\AIGVDBench\videos\OpenSource\T2V\RepVideo\videos\4cvgTuAaMDM_1_0to181.mp4,1,fake,OpenSource,T2V,OpenSource_T2V_RepVideo,4.178232017828494,0.9849057491542779,
JFnvP9FAy20_38_0to164.mp4,F:\MEngDatasets\AIGVDBench\videos\Real\Real\videos\JFnvP9FAy20_38_0to164.mp4,0,real,Real,,Real,-4.070201744575326,0.016787317866317035,
QRYsvqSzYuE_43_455to1014.mp4,F:\MEngDatasets\AIGVDBench\videos\OpenSource\T2V\EasyAnimate\videos\QRYsvqSzYuE_43_455to1014.mp4,1,fake,OpenSource,T2V,OpenSource_T2V_EasyAnimate,5.792113712855747,0.996957758171356,
vUVwNN47Uv0_7_1227to1461.mp4,F:\MEngDatasets\AIGVDBench\videos\OpenSource\T2V\Cogvideox1.5\videos\vUVwNN47Uv0_7_1227to1461.mp4,1,fake,OpenSource,T2V,OpenSource_T2V_Cogvideox1.5,5.5246049608245045,0.9960283929814381,
jet4_Hc5j8I_13_0to109.mp4,F:\MEngDatasets\AIGVDBench\videos\OpenSource\T2V\Cogvideox1.5\videos\jet4_Hc5j8I_13_0to109.mp4,1,fake,OpenSource,T2V,OpenSource_T2V_Cogvideox1.5,-1.7335457386392537,0.1501346025899152,
Vclh_WXAFWo_30_0to188.mp4,F:\MEngDatasets\AIGVDBench\videos\Real\Real\videos\Vclh_WXAFWo_30_0to188.mp4,0,real,Real,,Real,-5.592393166469242,0.0037122677276136013,
HlRfdCWGMzI_22_114to219.mp4,F:\MEngDatasets\AIGVDBench\videos\OpenSource\T2V\Cogvideox1.5\videos\HlRfdCWGMzI_22_114to219.mp4,1,fake,OpenSource,T2V,OpenSource_T2V_Cogvideox1.5,9.929037354209207,0.9999512636837248,
IMlAZsNPvYw_16_0to166.mp4,F:\MEngDatasets\AIGVDBench\videos\Real\Real\videos\IMlAZsNPvYw_16_0to166.mp4,0,real,Real,,Real,-9.130571218858282,0.00010829197388780587,
HlRfdCWGMzI_22_114to219.mp4,F:\MEngDatasets\AIGVDBench\videos\OpenSource\T2V\EasyAnimate\videos\HlRfdCWGMzI_22_114to219.mp4,1,fake,OpenSource,T2V,OpenSource_T2V_EasyAnimate,8.863309685064822,0.999858534001221,
8WBd6K_CJXE_189_126to243.mp4,F:\MEngDatasets\AIGVDBench\videos\Real\Real\videos\8WBd6K_CJXE_189_126to243.mp4,0,real,Real,,Real,-7.913955802718799,0.000365471834712204,
36wnadZbpyo_0_26to163.mp4,F:\MEngDatasets\AIGVDBench\videos\Real\Real\videos\36wnadZbpyo_0_26to163.mp4,0,real,Real,,Real,-5.690555971244286,0.00336634398608254,
50KDhKUOrqI_57_294to582.mp4,F:\MEngDatasets\AIGVDBench\videos\OpenSource\V2V\LTX\videos\50KDhKUOrqI_57_294to582.mp4,1,fake,OpenSource,V2V,OpenSource_V2V_LTX,9.882086286739428,0.9999489210134289,
eENFTG4UQsI_3_337to522.mp4,F:\MEngDatasets\AIGVDBench\videos\OpenSource\T2V\LTX\videos\eENFTG4UQsI_3_337to522.mp4,1,fake,OpenSource,T2V,OpenSource_T2V_LTX,5.384221684686916,0.9954325471841959,
bG8EwSG8Hh4_1_0to149.mp4,F:\MEngDatasets\AIGVDBench\videos\OpenSource\T2V\Pyramid-Flow\videos\bG8EwSG8Hh4_1_0to149.mp4,1,fake,OpenSource,T2V,OpenSource_T2V_Pyramid-Flow,10.011160144645176,0.9999551059388221,
9DtKXbiWwtE_81_0to130.mp4,F:\MEngDatasets\AIGVDBench\videos\Real\Real\videos\9DtKXbiWwtE_81_0to130.mp4,0,real,Real,,Real,-8.854867803133452,0.0001426651219684635,
pv97fCP13SE_40_46to197.mp4,F:\MEngDatasets\AIGVDBench\videos\Real\Real\videos\pv97fCP13SE_40_46to197.mp4,0,real,Real,,Real,-8.171885266670813,0.0002824051794360676,
om5Jf1eMy6w_2_0to165.mp4,F:\MEngDatasets\AIGVDBench\videos\Real\Real\videos\om5Jf1eMy6w_2_0to165.mp4,0,real,Real,,Real,-8.351640551017992,0.00023595332871259827,
guL5esGDFbk_11_0to163.mp4,F:\MEngDatasets\AIGVDBench\videos\OpenSource\I2V\Pyramid-Flow\videos\guL5esGDFbk_11_0to163.mp4,1,fake,OpenSource,I2V,OpenSource_I2V_Pyramid-Flow,3.6112862004992667,0.973693645618905,
Vh2cObLYHJ8_13_0to496.mp4,F:\MEngDatasets\AIGVDBench\videos\OpenSource\T2V\EasyAnimate\videos\Vh2cObLYHJ8_13_0to496.mp4,1,fake,OpenSource,T2V,OpenSource_T2V_EasyAnimate,3.6065456563112686,0.9735719467002154,
_YJTbDMIVys_27_0to272.mp4,F:\MEngDatasets\AIGVDBench\videos\Real\Real\videos\_YJTbDMIVys_27_0to272.mp4,0,real,Real,,Real,-4.592356414205449,0.010027395093511755,
o82SKvbybvY_14_104to700.mp4,F:\MEngDatasets\AIGVDBench\videos\OpenSource\T2V\Cogvideox1.5\videos\o82SKvbybvY_14_104to700.mp4,1,fake,OpenSource,T2V,OpenSource_T2V_Cogvideox1.5,6.751378687945279,0.9988320991318546,
uNGXuJl297c_25_0to156.mp4,F:\MEngDatasets\AIGVDBench\videos\Real\Real\videos\uNGXuJl297c_25_0to156.mp4,0,real,Real,,Real,-5.90887938793271,0.002707875401480364,
50KDhKUOrqI_57_294to582.mp4,F:\MEngDatasets\AIGVDBench\videos\OpenSource\T2V\LTX\videos\50KDhKUOrqI_57_294to582.mp4,1,fake,OpenSource,T2V,OpenSource_T2V_LTX,10.907973781074446,0.9999816886979894,
50KDhKUOrqI_57_294to582.mp4,F:\MEngDatasets\AIGVDBench\videos\OpenSource\T2V\HunyuanVideo\videos\50KDhKUOrqI_57_294to582.mp4,1,fake,OpenSource,T2V,OpenSource_T2V_HunyuanVideo,9.088832754077334,0.99988709295264,
dX2S7MxxtN0_25_0to118.mp4,F:\MEngDatasets\AIGVDBench\videos\Real\Real\videos\dX2S7MxxtN0_25_0to118.mp4,0,real,Real,,Real,-9.684081275584335,6.226297936473998e-05,
eENFTG4UQsI_3_337to522.mp4,F:\MEngDatasets\AIGVDBench\videos\OpenSource\I2V\Pyramid-Flow\videos\eENFTG4UQsI_3_337to522.mp4,1,fake,OpenSource,I2V,OpenSource_I2V_Pyramid-Flow,-4.4216158421856635,0.011872160897215803,
hhwYTSuBuZY_13_0to1311.mp4,F:\MEngDatasets\AIGVDBench\videos\Real\Real\videos\hhwYTSuBuZY_13_0to1311.mp4,0,real,Real,,Real,-8.006174222009951,0.0003332866710719805,
HlRfdCWGMzI_22_114to219.mp4,F:\MEngDatasets\AIGVDBench\videos\Real\Real\videos\HlRfdCWGMzI_22_114to219.mp4,0,real,Real,,Real,-3.5740003106849536,0.027278464344268602,
bG8EwSG8Hh4_1_0to149.mp4,F:\MEngDatasets\AIGVDBench\videos\OpenSource\T2V\Wan2.1\videos\bG8EwSG8Hh4_1_0to149.mp4,1,fake,OpenSource,T2V,OpenSource_T2V_Wan2.1,10.238278436072079,0.9999642268952126,
r03AuoH00eM_5_399to542.mp4,F:\MEngDatasets\AIGVDBench\videos\OpenSource\V2V\LTX\videos\r03AuoH00eM_5_399to542.mp4,1,fake,OpenSource,V2V,OpenSource_V2V_LTX,4.718843868192361,0.9911534680167523,
0BPQnk47p6M_2_55to191.mp4,F:\MEngDatasets\AIGVDBench\videos\OpenSource\I2V\Pyramid-Flow\videos\0BPQnk47p6M_2_55to191.mp4,1,fake,OpenSource,I2V,OpenSource_I2V_Pyramid-Flow,0.7143837154916163,0.6713690761106084,
ofurWzQTGeI_94_342to615.mp4,F:\MEngDatasets\AIGVDBench\videos\Real\Real\videos\ofurWzQTGeI_94_342to615.mp4,0,real,Real,,Real,-9.677734581250993,6.265937527356426e-05,
JFuanBMh6ko_1_0to154.mp4,F:\MEngDatasets\AIGVDBench\videos\Real\Real\videos\JFuanBMh6ko_1_0to154.mp4,0,real,Real,,Real,-8.683053409898436,0.00016940422612046407,
549hAQCHF7c_2_0to990.mp4,F:\MEngDatasets\AIGVDBench\videos\Real\Real\videos\549hAQCHF7c_2_0to990.mp4,0,real,Real,,Real,-5.383856026586992,0.00456911561491235,
NWYRv_MKaA8_10_24to132.mp4,F:\MEngDatasets\AIGVDBench\videos\OpenSource\T2V\IPOC\videos\NWYRv_MKaA8_10_24to132.mp4,1,fake,OpenSource,T2V,OpenSource_T2V_IPOC,9.817243809602699,0.999945499370817,
7TCW9wOxAWk_48_0to214.mp4,F:\MEngDatasets\AIGVDBench\videos\OpenSource\I2V\EasyAnimate\videos\7TCW9wOxAWk_48_0to214.mp4,1,fake,OpenSource,I2V,OpenSource_I2V_EasyAnimate,-0.907558256874279,0.2874997531697195,
8Ie8de9eq3Y_10_0to111.mp4,F:\MEngDatasets\AIGVDBench\videos\Real\Real\videos\8Ie8de9eq3Y_10_0to111.mp4,0,real,Real,,Real,-0.9402514634368656,0.28084955093982006,
kKRh1p2XX3k_59_67to287.mp4,F:\MEngDatasets\AIGVDBench\videos\Real\Real\videos\kKRh1p2XX3k_59_67to287.mp4,0,real,Real,,Real,1.9154228571867897,0.8716271528298785,
o2Fgk14mBKs_12_85to262.mp4,F:\MEngDatasets\AIGVDBench\videos\Real\Real\videos\o2Fgk14mBKs_12_85to262.mp4,0,real,Real,,Real,-9.192225450124496,0.0001018176313431213,
IDKbioWJe0U_9_0to198.mp4,F:\MEngDatasets\AIGVDBench\videos\Real\Real\videos\IDKbioWJe0U_9_0to198.mp4,0,real,Real,,Real,-8.51021054370255,0.00020136086228508118,
JtpcTe859CU_16_0to107.mp4,F:\MEngDatasets\AIGVDBench\videos\Real\Real\videos\JtpcTe859CU_16_0to107.mp4,0,real,Real,,Real,-9.973743046555564,4.6605609280479535e-05,
EHRI1gr4zik_3_323to481.mp4,F:\MEngDatasets\AIGVDBench\videos\OpenSource\T2V\RepVideo\videos\EHRI1gr4zik_3_323to481.mp4,1,fake,OpenSource,T2V,OpenSource_T2V_RepVideo,10.651047609290298,0.9999763245351638,
y3vyO-025CI_3_0to339.mp4,F:\MEngDatasets\AIGVDBench\videos\OpenSource\I2V\Pyramid-Flow\videos\y3vyO-025CI_3_0to339.mp4,1,fake,OpenSource,I2V,OpenSource_I2V_Pyramid-Flow,7.130420947342776,0.9992002577019318,
KgrTKtOqcA0_6_66to318.mp4,F:\MEngDatasets\AIGVDBench\videos\Real\Real\videos\KgrTKtOqcA0_6_66to318.mp4,0,real,Real,,Real,-1.8456924232509133,0.1363794496007737,
HlRfdCWGMzI_22_114to219.mp4,F:\MEngDatasets\AIGVDBench\videos\OpenSource\T2V\IPOC\videos\HlRfdCWGMzI_22_114to219.mp4,1,fake,OpenSource,T2V,OpenSource_T2V_IPOC,10.232837073656977,0.9999640317172506,
DJRDbSDG1GU_53_0to148.mp4,F:\MEngDatasets\AIGVDBench\videos\Real\Real\videos\DJRDbSDG1GU_53_0to148.mp4,0,real,Real,,Real,-6.809039985811388,0.0011025350837720951,
nhskgJQ5XMU_202_0to114.mp4,F:\MEngDatasets\AIGVDBench\videos\Real\Real\videos\nhskgJQ5XMU_202_0to114.mp4,0,real,Real,,Real,-7.435867932804844,0.0005893693589222528,
rkP0vK1plbU_20_0to162.mp4,F:\MEngDatasets\AIGVDBench\videos\Real\Real\videos\rkP0vK1plbU_20_0to162.mp4,0,real,Real,,Real,-6.532335417506135,0.001453486738884348,
NWYRv_MKaA8_10_24to132.mp4,F:\MEngDatasets\AIGVDBench\videos\OpenSource\I2V\SVD\videos\NWYRv_MKaA8_10_24to132.mp4,1,fake,OpenSource,I2V,OpenSource_I2V_SVD,8.654297709465027,0.9998256545827712,
EfU4Nt-EUcU_16_0to104.mp4,F:\MEngDatasets\AIGVDBench\videos\Real\Real\videos\EfU4Nt-EUcU_16_0to104.mp4,0,real,Real,,Real,-3.8408493055747104,0.02102385962185208,
A7jwsYPnrSk_30_0to109.mp4,F:\MEngDatasets\AIGVDBench\videos\Real\Real\videos\A7jwsYPnrSk_30_0to109.mp4,0,real,Real,,Real,-9.251092727031184,9.599746922260516e-05,
0NIGyLAVV8M_209_27to290.mp4,F:\MEngDatasets\AIGVDBench\videos\Real\Real\videos\0NIGyLAVV8M_209_27to290.mp4,0,real,Real,,Real,-5.915299561398088,0.002690592686093734,
eENFTG4UQsI_3_337to522.mp4,F:\MEngDatasets\AIGVDBench\videos\OpenSource\T2V\Open-Sora\videos\eENFTG4UQsI_3_337to522.mp4,1,fake,OpenSource,T2V,OpenSource_T2V_Open-Sora,-4.4949302866652205,0.011042168094572424,
90u26k64J9A_14_0to144.mp4,F:\MEngDatasets\AIGVDBench\videos\OpenSource\V2V\LTX\videos\90u26k64J9A_14_0to144.mp4,1,fake,OpenSource,V2V,OpenSource_V2V_LTX,6.780297660705995,0.9988653521638816,
50KDhKUOrqI_57_294to582.mp4,F:\MEngDatasets\AIGVDBench\videos\OpenSource\I2V\VideoCrafter\videos\50KDhKUOrqI_57_294to582.mp4,1,fake,OpenSource,I2V,OpenSource_I2V_VideoCrafter,8.499427437782288,0.9997964565377065,
xPcAfdYCj5k_136_0to424.mp4,F:\MEngDatasets\AIGVDBench\videos\OpenSource\T2V\LTX\videos\xPcAfdYCj5k_136_0to424.mp4,1,fake,OpenSource,T2V,OpenSource_T2V_LTX,10.201805399865219,0.9999628981046647,
u9CMrLbY5S8_44_44to190.mp4,F:\MEngDatasets\AIGVDBench\videos\Real\Real\videos\u9CMrLbY5S8_44_44to190.mp4,0,real,Real,,Real,-2.2200243339538575,0.09796665390475813,
guL5esGDFbk_11_0to163.mp4,F:\MEngDatasets\AIGVDBench\videos\OpenSource\V2V\LTX\videos\guL5esGDFbk_11_0to163.mp4,1,fake,OpenSource,V2V,OpenSource_V2V_LTX,8.4664309949291,0.9997896297295717,
Vh2cObLYHJ8_13_0to496.mp4,F:\MEngDatasets\AIGVDBench\videos\OpenSource\I2V\EasyAnimate\videos\Vh2cObLYHJ8_13_0to496.mp4,1,fake,OpenSource,I2V,OpenSource_I2V_EasyAnimate,0.8949689706977533,0.7099145283290761,
jty7y2KedUE_23_0to259.mp4,F:\MEngDatasets\AIGVDBench\videos\OpenSource\T2V\Open-Sora\videos\jty7y2KedUE_23_0to259.mp4,1,fake,OpenSource,T2V,OpenSource_T2V_Open-Sora,1.7604529624049727,0.8532663814642433,
OPMa5Y-ABaA_14_0to154.mp4,F:\MEngDatasets\AIGVDBench\videos\Real\Real\videos\OPMa5Y-ABaA_14_0to154.mp4,0,real,Real,,Real,-9.093185811847835,0.00011241667978543044,
gcgj6G8r-IQ_28_24to180.mp4,F:\MEngDatasets\AIGVDBench\videos\OpenSource\I2V\Pyramid-Flow\videos\gcgj6G8r-IQ_28_24to180.mp4,1,fake,OpenSource,I2V,OpenSource_I2V_Pyramid-Flow,-4.011856281020668,0.017777988356571534,
NWYRv_MKaA8_10_24to132.mp4,F:\MEngDatasets\AIGVDBench\videos\OpenSource\T2V\RepVideo\videos\NWYRv_MKaA8_10_24to132.mp4,1,fake,OpenSource,T2V,OpenSource_T2V_RepVideo,9.194599599254374,0.9998984237876479,
bG8EwSG8Hh4_1_0to149.mp4,F:\MEngDatasets\AIGVDBench\videos\OpenSource\I2V\Pyramid-Flow\videos\bG8EwSG8Hh4_1_0to149.mp4,1,fake,OpenSource,I2V,OpenSource_I2V_Pyramid-Flow,7.156877253832442,0.9992211222334171,
0BPQnk47p6M_2_55to191.mp4,F:\MEngDatasets\AIGVDBench\videos\OpenSource\T2V\AnimateDiff\home\lma\Benchmark\bench\opensource\T2V\AnimateDiff\videos\0BPQnk47p6M_2_55to191.mp4,1,fake,OpenSource,T2V,OpenSource_T2V_AnimateDiff,7.618499904870987,0.9995089629930679,
MTV8_vY9VuU_7_0to204.mp4,F:\MEngDatasets\AIGVDBench\videos\Real\Real\videos\MTV8_vY9VuU_7_0to204.mp4,0,real,Real,,Real,-8.149304360151291,0.00028885282526561223,
r03AuoH00eM_5_399to542.mp4,F:\MEngDatasets\AIGVDBench\videos\OpenSource\T2V\IPOC\videos\r03AuoH00eM_5_399to542.mp4,1,fake,OpenSource,T2V,OpenSource_T2V_IPOC,9.468863253690758,0.9999227868261562,
jet4_Hc5j8I_13_0to109.mp4,F:\MEngDatasets\AIGVDBench\videos\OpenSource\T2V\AnimateDiff\home\lma\Benchmark\bench\opensource\T2V\AnimateDiff\videos\jet4_Hc5j8I_13_0to109.mp4,1,fake,OpenSource,T2V,OpenSource_T2V_AnimateDiff,3.879464341327548,0.9797563814793154,
wcY6nDp_HzM_58_22to134.mp4,F:\MEngDatasets\AIGVDBench\videos\Real\Real\videos\wcY6nDp_HzM_58_22to134.mp4,0,real,Real,,Real,-6.042628348528684,0.002369678849609854,
jty7y2KedUE_23_0to259.mp4,F:\MEngDatasets\AIGVDBench\videos\OpenSource\T2V\AnimateDiff\home\lma\Benchmark\bench\opensource\T2V\AnimateDiff\videos\jty7y2KedUE_23_0to259.mp4,1,fake,OpenSource,T2V,OpenSource_T2V_AnimateDiff,4.548663228750229,0.9895294526543422,
smJlYSVS9Ds_340_112to226.mp4,F:\MEngDatasets\AIGVDBench\videos\OpenSource\I2V\EasyAnimate\videos\smJlYSVS9Ds_340_112to226.mp4,1,fake,OpenSource,I2V,OpenSource_I2V_EasyAnimate,-0.8761885731804128,0.29396822232584724,
X2zqiX6yL3I_91_0to114.mp4,F:\MEngDatasets\AIGVDBench\videos\Real\Real\videos\X2zqiX6yL3I_91_0to114.mp4,0,real,Real,,Real,-1.4713866758985412,0.1867319375538637,
wSwpV85OXNs_139_0to124.mp4,F:\MEngDatasets\AIGVDBench\videos\Real\Real\videos\wSwpV85OXNs_139_0to124.mp4,0,real,Real,,Real,-6.5764824649499305,0.0013908026733198669,
smJlYSVS9Ds_340_112to226.mp4,F:\MEngDatasets\AIGVDBench\videos\OpenSource\I2V\Pyramid-Flow\videos\smJlYSVS9Ds_340_112to226.mp4,1,fake,OpenSource,I2V,OpenSource_I2V_Pyramid-Flow,-2.224962650557582,0.09753112444463545,
jty7y2KedUE_23_0to259.mp4,F:\MEngDatasets\AIGVDBench\videos\OpenSource\T2V\Pyramid-Flow\videos\jty7y2KedUE_23_0to259.mp4,1,fake,OpenSource,T2V,OpenSource_T2V_Pyramid-Flow,9.466056411185962,0.9999225698133011,
EHRI1gr4zik_3_323to481.mp4,F:\MEngDatasets\AIGVDBench\videos\OpenSource\T2V\EasyAnimate\videos\EHRI1gr4zik_3_323to481.mp4,1,fake,OpenSource,T2V,OpenSource_T2V_EasyAnimate,7.261088887039496,0.9992981500922057,
3-TF4iCcNbg_9_16to446.mp4,F:\MEngDatasets\AIGVDBench\videos\Real\Real\videos\3-TF4iCcNbg_9_16to446.mp4,0,real,Real,,Real,-9.363907619327088,8.575695391750938e-05,
50KDhKUOrqI_57_294to582.mp4,F:\MEngDatasets\AIGVDBench\videos\Real\Real\videos\50KDhKUOrqI_57_294to582.mp4,0,real,Real,,Real,-8.778504709179481,0.00015398448528604027,
SGKXbHR2Atg_7_0to104.mp4,F:\MEngDatasets\AIGVDBench\videos\Real\Real\videos\SGKXbHR2Atg_7_0to104.mp4,0,real,Real,,Real,-9.327532595898731,8.89335111313641e-05,
2zf8uvZBL44_0_0to1461.mp4,F:\MEngDatasets\AIGVDBench\videos\Real\Real\videos\2zf8uvZBL44_0_0to1461.mp4,0,real,Real,,Real,-9.57350391561572,6.954243192021154e-05,
mzInI2iwql0_1_0to155.mp4,F:\MEngDatasets\AIGVDBench\videos\Real\Real\videos\mzInI2iwql0_1_0to155.mp4,0,real,Real,,Real,-8.215895920030531,0.0002702491610721908,
ZsxlTeh1BIo_42_20to148.mp4,F:\MEngDatasets\AIGVDBench\videos\Real\Real\videos\ZsxlTeh1BIo_42_20to148.mp4,0,real,Real,,Real,-2.5332523982658564,0.07355969236117767,
guL5esGDFbk_11_0to163.mp4,F:\MEngDatasets\AIGVDBench\videos\OpenSource\V2V\Cogvideox1.5\videos\guL5esGDFbk_11_0to163.mp4,1,fake,OpenSource,V2V,OpenSource_V2V_Cogvideox1.5,8.168818444621806,0.9997167276504226,
FT7EyOI4OpU_7_0to381.mp4,F:\MEngDatasets\AIGVDBench\videos\Real\Real\videos\FT7EyOI4OpU_7_0to381.mp4,0,real,Real,,Real,-8.077372963034263,0.00031038925078253395,
uD1qsJjHi14_6_0to210.mp4,F:\MEngDatasets\AIGVDBench\videos\Real\Real\videos\uD1qsJjHi14_6_0to210.mp4,0,real,Real,,Real,-7.000360774993896,0.000910722868481479,
guL5esGDFbk_11_0to163.mp4,F:\MEngDatasets\AIGVDBench\videos\OpenSource\T2V\LTX\videos\guL5esGDFbk_11_0to163.mp4,1,fake,OpenSource,T2V,OpenSource_T2V_LTX,8.76713591015216,0.9998442551812186,
3Ym6Ip3M3fQ_39_45to225.mp4,F:\MEngDatasets\AIGVDBench\videos\Real\Real\videos\3Ym6Ip3M3fQ_39_45to225.mp4,0,real,Real,,Real,-10.045984879979548,4.3357613630987296e-05,
NwGuCTHwXaY_24_17to144.mp4,F:\MEngDatasets\AIGVDBench\videos\Real\Real\videos\NwGuCTHwXaY_24_17to144.mp4,0,real,Real,,Real,-8.46048762213509,0.00021162403688485408,
wcPaoCqMtMc_50_30to141.mp4,F:\MEngDatasets\AIGVDBench\videos\Real\Real\videos\wcPaoCqMtMc_50_30to141.mp4,0,real,Real,,Real,-6.149472328027089,0.0021300610007217694,
vUVwNN47Uv0_7_1227to1461.mp4,F:\MEngDatasets\AIGVDBench\videos\OpenSource\T2V\HunyuanVideo\videos\vUVwNN47Uv0_7_1227to1461.mp4,1,fake,OpenSource,T2V,OpenSource_T2V_HunyuanVideo,7.498771970922297,0.9994465424937891,
LJGo6Nla1L8_7_0to198.mp4,F:\MEngDatasets\AIGVDBench\videos\Real\Real\videos\LJGo6Nla1L8_7_0to198.mp4,0,real,Real,,Real,-5.5185418452246715,0.003995663970538876,
0BPQnk47p6M_2_55to191.mp4,F:\MEngDatasets\AIGVDBench\videos\OpenSource\T2V\AccVideo\videos\0BPQnk47p6M_2_55to191.mp4,1,fake,OpenSource,T2V,OpenSource_T2V_AccVideo,8.35802075357148,0.9997655469572116,
TzndBGp5IcI_359_0to171.mp4,F:\MEngDatasets\AIGVDBench\videos\Real\Real\videos\TzndBGp5IcI_359_0to171.mp4,0,real,Real,,Real,-7.781806415981716,0.00041708372092767943,
nhskgJQ5XMU_202_0to114.mp4,F:\MEngDatasets\AIGVDBench\videos\OpenSource\T2V\AccVideo\videos\nhskgJQ5XMU_202_0to114.mp4,1,fake,OpenSource,T2V,OpenSource_T2V_AccVideo,8.839604897932572,0.9998551410094128,
50KDhKUOrqI_57_294to582.mp4,F:\MEngDatasets\AIGVDBench\videos\OpenSource\T2V\Pyramid-Flow\videos\50KDhKUOrqI_57_294to582.mp4,1,fake,OpenSource,T2V,OpenSource_T2V_Pyramid-Flow,9.564911381582196,0.9999298574898758,
n6vXpIlCJAE_5_0to1336.mp4,F:\MEngDatasets\AIGVDBench\videos\Real\Real\videos\n6vXpIlCJAE_5_0to1336.mp4,0,real,Real,,Real,-9.40301083233542,8.246857021455398e-05,
nEFenj7hi4Y_5_0to637.mp4,F:\MEngDatasets\AIGVDBench\videos\Real\Real\videos\nEFenj7hi4Y_5_0to637.mp4,0,real,Real,,Real,-8.223522553583244,0.00026819646007899054,
J0htRZc7Vew_4_24to147.mp4,F:\MEngDatasets\AIGVDBench\videos\Real\Real\videos\J0htRZc7Vew_4_24to147.mp4,0,real,Real,,Real,-7.632171544374204,0.0004843726379501941,
8418w-jd_Fg_20_0to106.mp4,F:\MEngDatasets\AIGVDBench\videos\Real\Real\videos\8418w-jd_Fg_20_0to106.mp4,0,real,Real,,Real,-7.008369031942116,0.0009034652541948693,
Cwv7zcFgVzY_18_0to265.mp4,F:\MEngDatasets\AIGVDBench\videos\Real\Real\videos\Cwv7zcFgVzY_18_0to265.mp4,0,real,Real,,Real,-7.933809664564313,0.0003582899372681103,
Dbz52u3Ikcg_12_19to140.mp4,F:\MEngDatasets\AIGVDBench\videos\Real\Real\videos\Dbz52u3Ikcg_12_19to140.mp4,0,real,Real,,Real,-9.088834290504456,0.00011290687390625378,
c5AwstOsjtg_3_847to1518.mp4,F:\MEngDatasets\AIGVDBench\videos\Real\Real\videos\c5AwstOsjtg_3_847to1518.mp4,0,real,Real,,Real,-9.477487112925603,7.655021202793502e-05,
iUxEjC-H82E_12_19to211.mp4,F:\MEngDatasets\AIGVDBench\videos\Real\Real\videos\iUxEjC-H82E_12_19to211.mp4,0,real,Real,,Real,-2.1555976038056626,0.10380930551224717,
y3vyO-025CI_3_0to339.mp4,F:\MEngDatasets\AIGVDBench\videos\OpenSource\I2V\SVD\videos\y3vyO-025CI_3_0to339.mp4,1,fake,OpenSource,I2V,OpenSource_I2V_SVD,8.80933427810669,0.9998506896600459,
02M4tj70Ju0_20_0to116.mp4,F:\MEngDatasets\AIGVDBench\videos\Real\Real\videos\02M4tj70Ju0_20_0to116.mp4,0,real,Real,,Real,-4.734799501197092,0.008707719443618043,
NWYRv_MKaA8_10_24to132.mp4,F:\MEngDatasets\AIGVDBench\videos\OpenSource\T2V\Cogvideox1.5\videos\NWYRv_MKaA8_10_24to132.mp4,1,fake,OpenSource,T2V,OpenSource_T2V_Cogvideox1.5,8.63232135772705,0.9998217813859125,
wxKZ4N2rP-M_35_0to218.mp4,F:\MEngDatasets\AIGVDBench\videos\Real\Real\videos\wxKZ4N2rP-M_35_0to218.mp4,0,real,Real,,Real,-9.239597174005771,9.710727273932287e-05,
pmhn8wnIXD0_25_23to178.mp4,F:\MEngDatasets\AIGVDBench\videos\Real\Real\videos\pmhn8wnIXD0_25_23to178.mp4,0,real,Real,,Real,-8.037279189522586,0.0003230826696196232,
PNBoSIO7DS4_14_283to398.mp4,F:\MEngDatasets\AIGVDBench\videos\Real\Real\videos\PNBoSIO7DS4_14_283to398.mp4,0,real,Real,,Real,-6.357444156991675,0.0017307915217833632,
smJlYSVS9Ds_340_112to226.mp4,F:\MEngDatasets\AIGVDBench\videos\OpenSource\T2V\Pyramid-Flow\videos\smJlYSVS9Ds_340_112to226.mp4,1,fake,OpenSource,T2V,OpenSource_T2V_Pyramid-Flow,10.680081613947836,0.9999770020301239,
hrIO6_fBc6A_27_0to488.mp4,F:\MEngDatasets\AIGVDBench\videos\Real\Real\videos\hrIO6_fBc6A_27_0to488.mp4,0,real,Real,,Real,-7.038744565710181,0.0008764583192609099,
Bxu9BH_q-78_316_0to110.mp4,F:\MEngDatasets\AIGVDBench\videos\Real\Real\videos\Bxu9BH_q-78_316_0to110.mp4,0,real,Real,,Real,-10.02425656752153,4.4309968729597765e-05,
